id_equipamento,idade_dias,num_manutencoes,intervalo_medio_manut,num_falhas_historico,taxa_falhas_ano,minutos_falha_historico,taxa_minutos_falha_ano,dias_desde_ultima_falha,dias_desde_ultima_manut,limite_potencia,utilizacao_media,utilizacao_maxima,utilizacao_minima,utilizacao_desvio,taxa_sobrecargas_ano,p90_utilizacao,delta_utilizacao,utilizacao_tendencia_90d,dias_acima_80pct_limite,dias_com_dados_util,vai_falhar
F239CDD0-6ABC-4E85-8155-849BFED176DD,12731,11,93.2,16,0.45872280260780773,1206,34.57623124656351,12,105,741.0,222.54048254240746,385.9529,0.0,75.7531208951747,0.0,278.96332,25.78382886962956,0.22241227951644701,0,1044,1
140D7CE9-2398-4B37-BF23-E597E20E1234,6857,3,293.0,2,0.10646055126148461,495,26.34898643721744,816,450,487.0,119.83541857724722,519.6515,0.0,55.500904315183874,0.053230275630742306,169.12224,1.6907431062404328,0.824606665590436,0,1044,0
5680A0F5-83E4-4AB1-94D3-427C75B6CA33,10490,7,154.33333333333334,1,0.03479504289799809,5,0.17397521448999045,654,102,407.0,46.01483232803352,189.9586,0.0,32.1610062070147,0.0,90.85846199999999,-16.394802290170862,-0.09444083419988249,0,1044,0
111ADE95-8574-41F6-9BF9-2B67EF7A95C6,8406,7,170.16666666666666,2,0.08684273138234595,78,3.386866523911492,816,4,188.0,44.09245747675713,231.03,0.01036914,10.928897911815417,0.21710682845586488,59.682254,3.470046685573891,0.019303995595041697,0,1044,0
9ACC3111-44AF-4292-926E-4661533CEC10,12731,4,292.3333333333333,3,0.08601052548896394,155,4.443877150263138,382,146,266.0,149.40842020422707,236.9,-27.1,22.12074719752045,0.0,176.0,-5.427934093115965,0.21737899169066086,0,1044,0
AED1F5C4-0302-4541-886C-584F8D7BAFD4,2809,3,209.5,2,0.2598789604841581,1893,245.9754360982556,50,604,452.0,70.10804571622026,258.5451,-1.656494,40.715583195191876,0.0,126.5891,-7.430070673781991,-0.28652990679869444,0,1044,0
C8D59FD5-A8B0-4A8C-A957-F1CEEABA7EFC,12731,6,166.2,2,0.05734035032597597,958,27.46602780614249,796,188,324.0,169.77793875059118,304.0137,-370.0966,32.39415832230217,0.0,209.1797,-0.8372052529059886,-0.0776308905805042,0,1044,0
63C274E2-FF8F-48BE-9430-D0099841D0CE,3497,3,215.0,1,0.10437517872462111,53,5.5318844724049185,101,596,451.0,134.14144471153065,227.3683,0.04074871,19.027485831391104,0.0,158.25188,-3.3890465610677154,0.21601940022590624,0,1044,0
8023F211-A03E-4A6A-9DF7-3E088F3BD1BD,1192,5,169.25,1,0.3062080536912752,23,7.042785234899329,947,339,482.0,62.716158014083405,243.8531,0.0,34.739855866660804,0.0,107.3128,-17.355413555711493,0.16105527460493893,0,1044,0
78600FF0-ABFF-4154-87B9-47180890E6B9,2932,3,24.5,2,0.24897680763983632,332,41.330150068212824,9,965,490.0,84.28661246220199,196.2717,0.0,28.01207411590061,0.0,118.1117,2.5729324586313425,0.025650134646283938,0,1044,0
D05B54E3-8C01-490F-B9DB-B13A9F4BB8D7,12731,4,4.666666666666667,0,0.0,0,0.0,-1,996,200.0,43.506546266760814,357.1797,0.0,31.42213649316453,0.1433508758149399,85.0,-43.506546266760814,0.0,0,1044,0
8E4DB99F-E4AB-406B-9034-A5BF1E1665A1,9181,13,70.08333333333333,3,0.11926805358893368,653,25.960679664524562,164,165,259.0,45.36363421832181,106.5674,0.0,17.71613577592729,0.0,63.30322,14.298883021493005,0.030392858203633244,0,1044,0
E1B50D7E-9ECA-4DF4-890D-CFA2B6C970C1,821,9,28.75,4,1.7783191230207063,189,84.02557856272837,632,776,722.0,173.99803289674745,412.7343,0.0,59.01344786747848,0.0,242.8479399999999,-10.991749672982024,0.03870177245117884,0,1044,0
4CE784EE-65E4-4168-BDFE-8B64BD300EAA,12731,5,187.25,6,0.1720210509779279,587,16.829392820673945,140,259,489.0,126.65798818267201,379.0,-307.125,38.81829280594761,0.0,174.0,2.152891446957611,0.3345236380347645,0,1044,0
77BEE62F-612C-40BC-B8C7-5C4A547C2328,12731,5,156.75,1,0.028670175162987983,89,2.5516455895059305,940,378,266.0,114.91802874899254,206.6,0.0,22.157356511780705,0.0,142.8,-3.648206218128351,0.04192581502963997,0,1044,0
BAA8A8EF-F082-42DB-BCA0-CC851F318378,564,9,104.375,4,2.588652482269503,415,268.572695035461,320,169,678.0,151.83175717239405,378.2227,0.0,57.47931442456177,0.0,226.5625,-35.2739639625175,-0.05947264865815532,0,1044,0
14D77E1B-0EE7-473C-9AA3-62DDBF2A4431,12731,6,128.4,2,0.05734035032597597,90,2.5803157646689185,360,361,455.0,104.8330457627875,343.6523,0.0,60.68112116195838,0.0,187.5,1.6108217634470634,-0.5513343877903448,0,1044,0
4F8F1F3C-CC15-4CE4-83A8-0B21806528E4,12731,6,183.8,3,0.08601052548896394,21263,609.6139344906135,442,78,706.0,234.837323617777,538.7278,0.0,100.25630734721192,0.0,346.08223999999996,-201.1938513646906,-1.946338101880557,0,1044,0
4592F955-D4C0-425B-8D9F-27B64019C189,6362,5,73.5,0,0.0,0,0.0,-1,704,312.0,38.17861883605214,92.0,-347.9079,11.269390392196343,0.0,53.0,-1.005470687903987,0.05128833920965428,0,1044,1
4D6AA979-6948-44E5-8AE9-84055A94F4E6,9722,9,104.0,5,0.18771857642460402,381,14.304155523554826,68,191,151.0,18.872960007818513,239.0,0.0,13.314461016442847,0.0375437152849208,36.0,9.346330115638278,0.0006109579143003863,0,1044,0
A47D7EBD-BF11-450F-9725-C86375E38DEA,383,4,251.66666666666666,2,1.9060052219321149,70,66.71018276762402,175,236,226.0,37.1909835426006,168.0,-112.1648,18.635785388623358,0.0,58.0,-10.571616258649982,-0.09048527938980414,0,1044,0
E0991600-E200-4AC5-B956-72C797B539C3,12731,8,138.85714285714286,5,0.1433508758149399,11198,321.04862147513944,564,11,450.0,142.48477102719696,324.84,0.0,53.60146595321909,0.0,206.54,-37.039510996332766,-0.32499538408960316,0,1044,1
4D40A75C-4A61-40B3-B59F-455C13BF30E9,3086,4,243.66666666666666,0,0.0,0,0.0,-1,254,416.0,62.37591583137609,223.3955,-0.41,36.60137765313859,0.0,112.3081,26.864910857435632,0.45034092056951525,0,1044,0
E10035E9-3800-4DB9-874D-4EBDA6974EB4,2127,3,168.0,5,0.8580159849553362,437,74.99059708509638,401,650,451.8,57.029424554617094,235.05,0.0,22.204881326502306,0.0,87.858968,18.584158626864394,-0.06744916549467257,0,1044,0
8F95A664-DE6F-49FB-859A-3C27EF11F534,7072,9,58.625,2,0.1032239819004525,104,5.36764705882353,728,508,489.0,119.02109215497545,372.0,0.0,44.9671289319137,0.0,179.0,-15.918623019172983,0.13373724693940225,0,1044,0
0D22829A-A658-4CBB-94CF-DD30D0CE3D8F,5368,5,236.5,0,0.0,0,0.0,-1,29,753.0,191.3177917451587,481.925,0.0,65.8375991296609,0.0,264.6093,16.549443780304273,0.03370988877607646,0,1044,0
A7294F99-D0EE-49B8-90CF-85455254D4D6,12731,2,7.0,0,0.0,0,0.0,-1,973,309.0,46.07849658875486,224.6338,0.0,19.724558651529595,0.0,76.64795,-0.5499686828906647,0.012694813728676315,0,1044,0
79A2FFC8-C67F-40FC-978D-B76D38EACB5D,860,7,88.0,9,3.819767441860465,859,364.5755813953488,632,482,722.0,176.81568949069788,449.6615,0.0,62.86584581082297,0.0,247.9194,-13.663460283907767,0.034850571125453964,0,1044,0
A1A0482E-6F36-444C-A35C-F70EF4EBBEBD,4849,5,177.0,0,0.0,0,0.0,-1,262,251.0,46.95285513204203,114.8287,0.008167955,15.571915778891134,0.0,66.967284,-6.9219556216793805,0.08252508825595163,0,1044,0
EA32ACF8-6379-4AD9-BD8D-14D4F18CAFA3,4259,3,349.5,2,0.17140173749706505,70,5.999060812397277,102,271,151.0,44.22249201675915,374.6707,0.0,10.623851404310829,0.4285043437426626,58.0,-5.791473498240627,-0.06438197674156754,0,1044,0
035C52AA-9DBB-446B-988D-E23209B52E51,12731,5,161.5,1,0.028670175162987983,112,3.2110596182546542,816,322,269.0,93.35386630479528,181.32,-38.2,24.78943098933541,0.0,122.4,-2.547259127326143,0.10987842168892259,0,1044,0
ADEA2DFD-972E-4FDA-B7E4-6DCF28D53FAF,12731,4,230.66666666666666,14,0.4013824522818318,331,9.489827978949021,168,275,361.0,67.10510407854683,275.02,0.0,40.82602297716218,0.0,122.83,-8.88652151681844,-0.48609265261379836,0,1044,0
5A561BBF-6709-4B68-A7CB-FB2292AFBB33,12731,9,107.5,1,0.028670175162987983,117,3.354410494069594,816,104,269.0,82.23700198032333,234.4922,-38.4,31.97920059366007,0.0,110.64,8.004818155479143,0.11105395416206955,0,1044,0
C59A2686-32D0-485E-8B4A-857EBDFAA744,4585,2,28.0,1,0.07960741548527808,63,5.015267175572519,682,938,302.0,50.15258450938798,207.4882,0.01532496,33.00194975601178,0.0,97.32968199999999,26.254131487525598,0.13497525301207614,0,1044,0
309A1924-4FB3-4EC0-9F38-01BA96669D63,2659,8,76.0,1,0.1372696502444528,101,13.864234674689733,1015,443,452.0,121.73742565900871,369.0,0.0,43.74416337775707,0.0,180.0,-15.47855220221858,0.1281333886669983,0,1044,0
66E47D33-8F50-4FA8-96C8-4ECBD8B47802,6232,9,78.25,2,0.11713735558408216,150,8.785301668806161,301,335,258.0,98.14346950350037,230.4,-2.761532,17.338348666321508,0.0,119.9,-7.7076207380682575,-0.00337861784499704,0,1044,0
23808D82-D775-495E-B7BA-ADEA8CEB3FEC,12731,5,196.75,1,0.028670175162987983,3,0.08601052548896394,302,177,451.0,94.28171390782472,201.29,-55.23553,31.76857604596706,0.0,125.32,10.300080073656758,0.13021674429389726,0,1044,0
7AB01D09-68D9-4089-96D7-3F01B0328BCD,4866,1,0.0,0,0.0,0,0.0,-1,963,377.0,114.4657124083119,240.9536,0.0170373,25.08617039644745,0.0,146.64596,-13.340944551830418,0.287554150958194,0,1044,0
CCB3457B-F244-4A1E-803A-AC30C15C9135,2204,7,87.0,1,0.16560798548094374,333,55.14745916515427,816,433,301.0,53.40502455313421,176.3749,0.0,16.868285791085615,0.0,77.436588,-12.309964348504579,0.02149864986757205,0,1044,0
D298764B-043A-4443-8031-42DB085E61A3,12731,6,187.6,2,0.05734035032597597,215,6.164087660042417,816,20,269.0,100.15132108261672,229.0151,0.0,24.900593238615503,0.0,136.02,-11.48754808570314,-0.32035398537438087,0,1044,0
F19B40CD-A10F-4673-8DC8-69FA5F18182E,8070,5,230.75,1,0.045229244114002476,9,0.4070631970260223,240,32,1358.0,553.3766488373178,981.24,-543.22,142.18817342313085,0.0,718.564,-60.30020516447837,-1.5791612927755934,0,1044,0
C468DD2E-00CF-4027-89C2-EAAAB75DCED4,8076,7,154.33333333333334,3,0.13558692421991086,227,10.259410599306587,815,29,106.0,28.81469607760096,53.4,-0.3443916,4.309380062803157,0.0,34.1,-0.23594607760096054,0.026339305721302476,0,1044,0
A7B8CCE1-0118-44BA-9392-9B46CB15E59E,6614,10,95.55555555555556,0,0.0,0,0.0,-1,111,472.0,152.32986906996743,262.7563,0.0,30.67109846102952,0.0,191.6199,-1.3230499148748436,-0.39378297291234343,0,1044,0
BC3612ED-EC0E-4454-A9E6-597BD5A7AF56,12731,8,122.14285714285714,0,0.0,0,0.0,-1,96,315.0,77.86439189326371,240.0,0.0,28.412755083141562,0.0,110.23,28.586671767230115,0.18118590389064831,0,1044,1
1BFEC5F0-269D-4A77-A8FE-B324855362B3,12731,2,942.0,0,0.0,0,0.0,-1,11,314.0,85.4105189253099,199.03,-16.24106,25.80531254427729,0.0,118.44,-3.097380808025946,-0.6046183450861502,0,1044,0
5787E14C-7EE0-41B1-B1A5-59B80110213E,12731,4,307.3333333333333,5,0.1433508758149399,256,7.339564841724924,271,28,188.0,32.46086779859719,110.0,0.0,17.34720538276726,0.0,61.0,15.584656892760833,-0.0773666616363748,0,1044,0
3AA9BAE5-5478-4EAC-9B47-8ADF1CB0A257,2428,3,397.5,2,0.30065897858319607,36,5.411861614497529,78,156,250.0,50.63320473798851,163.0371,0.0,15.412105201518871,0.0,70.0,-4.724948565148999,-0.023124882815939517,0,1044,0
84D93928-D366-40B9-B0CD-38CC8B66D347,10077,3,408.0,2,0.07244219509774735,90,3.2598987793986307,149,135,416.0,151.4708010426338,293.4998,0.0,39.29792370817547,0.0,196.7072,8.248443678122356,-0.13097644841234848,0,1044,0
5E86FC79-E6CD-446E-9C63-AC9E1707FBDC,5437,4,231.33333333333334,1,0.06713260989516277,47,3.1552326650726505,256,256,126.0,47.94775348169883,126.0,-2.33007,14.798123979798191,0.0,67.5,-4.576457185402539,0.12539236668446627,0,1044,0
624B1859-E127-4462-BAA7-7CA58C3E877D,1066,8,72.85714285714286,0,0.0,0,0.0,-1,437,887.0,82.48000800738707,289.2185,-119.6904,50.81014313651268,0.0,151.86038,-11.497780138559904,-0.3237250632486336,0,1044,0
346D5839-3153-4B86-9E48-E483953CA857,3947,5,205.0,1,0.09247529769445148,6,0.5548517861667088,950,128,554.0,121.12301624065624,344.1686,0.0,50.64149319410292,0.0,186.82706,-29.31435744204512,0.2838101364599572,0,1044,0
35DD7336-6232-45C8-AC65-865B74AF82F7,6208,10,101.11111111111111,3,0.1763853092783505,75,4.409632731958762,393,34,215.0,56.32897842935774,121.8274,0.0,13.088256985868075,0.0,73.296386,-8.064792114876248,0.11674997395230614,0,1044,0
C2FAE1E4-0998-46CE-BDDF-ABFF133095CF,12731,9,109.875,6,0.1720210509779279,382,10.952006912261409,631,89,462.0,117.77619000868597,422.7,0.0,59.47131499988087,0.0,184.8,-12.255662020260061,0.65853098507639,0,1044,0
869E16C5-F63C-4408-BE22-07DD3864C3FD,2230,5,93.0,3,0.4910313901345291,452,73.98206278026905,397,643,1330.0,230.4908857581247,873.3069,0.0,121.5794040355157,0.0,424.51593999999994,-101.45351909685928,-0.28802661117241296,0,1044,0
80F8F1CB-814E-4E45-8D98-C829821FC6EF,12731,2,0.0,0,0.0,0,0.0,-1,941,99999.0,0.0,0.0,0.0,0.0,0.0,0.0,0.0,0.0,0,1044,0
00E09BD9-1407-4988-A183-D1FCB78D4E71,12731,9,100.25,0,0.0,0,0.0,-1,158,800.0,284.3289126792648,615.0879,0.0,71.19722468565952,0.0,380.383,2.6757706386363793,0.0714193986566283,0,1044,0
5BC608D4-1CB8-4A06-97D9-A52C66D8FE89,12731,6,180.2,2,0.05734035032597597,47,1.3474982326604352,393,34,208.0,64.58159325162464,134.9521,-26.27249,15.105744989247064,0.0,84.25087199999999,-9.198866575075265,0.15632559531046605,0,1044,0
B6E89437-3901-4A40-A9A0-2382B7C4A7CC,12731,2,76.0,5,0.1433508758149399,1516,43.463985547089784,557,860,99999.0,73.89899961331405,268.6962,0.0,47.19741729774126,0.0,130.83118,-73.88901226593751,0.00047089201444623966,0,1044,0
DDCA2D1C-96E4-44E8-B08C-07C0F868055F,12731,17,63.0,8,0.22936140130390387,176,5.045950828685885,22,20,200.0,54.749015115269074,559.48,0.0,32.02886862166016,0.08601052548896394,97.0,29.813562045224757,0.29786856402018186,0,1044,0
0D64E8E7-5C77-4B76-BCBB-E9DC376AFAD8,7139,3,213.5,5,0.2556380445440538,54103,2766.1570247933887,21,506,798.0,170.49076006006248,632.8123,0.0,69.16826065499748,0.0,254.5312,-22.86503686716125,0.004596597644511359,0,1044,0
9F341F7C-2641-4A78-ABBA-50A9DBFE3D8D,12731,13,58.5,6,0.1720210509779279,234,6.708820988139188,22,226,241.0,51.97626203894036,536.0,0.0,31.53468359538654,0.1433508758149399,94.0,29.967719442541124,0.29922612759684886,0,1044,0
50F9C677-6882-4699-91F9-DE04F0DAF557,12731,7,149.0,1,0.028670175162987983,4,0.11468070065195193,953,51,417.0,137.63371098785026,308.3862,0.0,35.01011922865781,0.0,174.7559,9.140758172643558,-0.013258361894385578,0,1044,0
0C5B0AA2-5077-4328-B167-81CC2F03E17A,6553,5,173.0,1,0.05569967953609034,141,7.853654814588738,876,236,435.0,157.47202689036573,313.2807,-35.96607,38.8463617613848,0.0,209.12418,-13.329902290057078,-0.03048140282422143,0,1044,0
98CC0281-EE7B-4AC2-A169-A459241C7670,12731,8,122.28571428571429,2,0.05734035032597597,140,4.013824522818318,383,70,470.0,130.4262911271124,1333.2,0.0,64.76771475938601,0.1433508758149399,208.1909,-23.00594220658769,0.614642339707501,0,1044,0
1276D2BF-363A-46A7-AF31-BD3C63815533,2883,3,4.0,6,0.7596253902185224,104,13.166840097121055,69,929,90.0,29.882152661986193,80.01047,-4.67,16.86534594548996,0.0,55.003218000000004,9.792679417566273,-0.006429075508045868,0,1044,0
1365214D-F4D9-4FFC-930F-32DC34064799,12731,5,221.25,3,0.08601052548896394,185,5.303982405152777,450,40,256.0,73.1333742842913,234.965,-2.938464,38.06818415660288,0.0,124.6753,25.12169757519942,0.2670166437918458,0,1044,1
08EB8303-7573-4051-A6DE-AD9898401BF8,12731,11,98.7,2,0.05734035032597597,1062,30.44772602309324,350,39,259.0,83.83027286743888,179.2,0.0,22.943333575544695,0.0,108.3,-4.6854060950623335,0.09538077588618085,0,1044,0
A90C95E3-C878-43A0-AFEA-D5352D3E0667,2962,9,95.125,0,0.0,0,0.0,-1,195,1180.0,133.3031629132002,801.8799,0.0,54.69924505232764,0.0,192.0166,38.74802247414547,0.1805561565372313,0,1044,1
6E8DBE3C-4A05-445A-8254-7FE5F2384A53,3020,8,81.42857142857143,14,1.6920529801324504,2331,281.726821192053,421,455,831.0,211.7540568605932,789.896,-7.859729,141.495711847171,0.0,384.45074,31.132117104684625,-1.2165226010089842,0,1044,0
527230AF-BDA0-4414-803F-A9AE9A58209E,7709,13,72.41666666666667,4,0.18938902581398365,330,15.62459462965365,301,77,251.0,96.53240603256576,233.4,-13.24505,17.652609387236343,0.0,118.1,-9.277552637504044,0.08523916418571109,0,1044,1
D9386093-6D65-4863-8CA4-A73B5947FFA1,463,10,72.66666666666667,0,0.0,0,0.0,-1,277,301.0,30.392416157813045,154.6127,0.0,36.06355679696749,0.0,80.791724,36.53586386610671,0.05577874453687123,0,1044,0
53EA041F-A40B-404B-B759-96E33C44F52C,2456,3,86.0,0,0.0,0,0.0,-1,749,602.0,191.49760401442077,525.3,0.002204452,37.40910929618162,0.0,238.37347999999997,-21.03846810778498,0.23816920559621635,0,1044,0
84AA2AB3-4D86-4C5D-A887-D03D6E04E384,1058,1,0.0,1,0.3449905482041588,18,6.209829867674858,414,922,452.0,68.41105399501754,283.7075,0.0,34.377179987606176,0.0,116.10491999999999,-13.387702480974333,-0.1777248141955722,0,1044,0
85BA9BE0-A063-41CF-8A8B-6F55EA4FBDF6,969,6,115.2,2,0.7533539731682147,69,25.990712074303406,929,351,151.0,35.489193182128766,126.8,0.0,11.553638475316111,0.0,49.3,-0.5855512065886401,0.10606205384595366,0,997,0
6C0776E3-8490-41EB-8FAA-A036FA96F525,4271,3,446.5,1,0.08546007960664949,416,35.551393116366185,816,22,542.0,122.08592542466278,413.91,0.004389791,70.09315215521167,0.0,216.18594000000002,-0.8483434383478823,-0.08938175080275616,0,1044,0
19C2D2FC-18E5-4CC8-AB00-42F530EF12CC,1418,2,185.0,2,0.5148095909732017,369,94.98236953455572,816,729,1040.0,192.78440117673702,524.9402,0.0,31.60369102828639,0.0,233.11821999999998,30.700488638077815,0.2368320533511447,0,1044,0
A127858E-B72A-4E34-AB5B-6F2983E83348,2171,7,98.33333333333333,2,0.3362505757715339,160,26.90004606172271,98,321,602.0,122.55883662780181,306.2753,0.0,46.28743720807199,0.0,179.93192,20.590042422352525,-0.012407438253260147,0,1044,0
6F9ECBF4-7CC7-4B22-AA2C-0468DCE1A12F,3327,8,122.42857142857143,1,0.10970844604749022,63,6.911632100991884,25,55,226.0,22.266409326277085,114.0279,0.0,12.90731361281524,0.0,39.5034,3.823117838846372,-0.03027914476572597,0,1044,0
5B009B1D-13C0-421B-8A3D-4D9D5387B8AE,12731,8,62.285714285714285,11,0.3153719267928678,4715,135.17987589348834,546,473,99999.0,12.46628599698522,77.47803,0.0,14.377746777184894,0.0,31.27441,-12.46628599698522,0.0,0,1044,0
5A6C3F9F-DB74-459D-82A8-BE84B7A0B5D2,9099,3,232.0,3,0.120342894823607,89,3.570172546433674,121,443,314.0,35.132686529751474,115.7,0.0,17.140526343983087,0.0,58.3,-5.108519863084812,-0.44748328554512923,0,1044,0
951A6CB6-9915-45B3-B842-22E5C6FAA977,12731,2,116.0,1,0.028670175162987983,91,2.6089859398319066,952,905,803.0,215.25298829374324,1996.49,-279.99,146.07747334375856,0.11468070065195193,386.0279399999999,-123.20275606635668,-4.0838557481949325,0,1044,0
FB912600-0A28-4998-A9DE-4B1CA9AFC007,12731,7,90.33333333333333,4,0.11468070065195193,1263,36.21043123085382,607,427,300.0,49.852035219827215,126.8921,-10.23551,18.27232583677519,0.0,75.57678,3.318628073382662,0.04952341052045442,0,1044,0
43F3B249-81CF-4520-BC73-572928C04E1C,5918,5,79.5,1,0.061676241973639745,4,0.24670496789455898,429,583,377.0,65.43266332981678,215.7935,0.0,30.425552284907454,0.0,108.04252,4.381199583994942,-0.10364303602080946,0,1044,0
CCA3F62C-3ECA-4F0D-9E13-740291ED19C3,8035,8,125.28571428571429,3,0.13627878033602986,37,1.6807716241443684,71,21,150.0,57.05811845584073,270.1449,-2.0,22.90727938815888,0.2725575606720597,87.0,-39.42193018423579,-0.46209357122282535,0,1044,1
AE11A6F6-9BAC-4F37-AF8B-E21BA0D249A7,6819,6,134.4,3,0.16058073031236253,35,1.8734418536442294,144,226,798.0,206.86836440087427,730.8465,0.0,108.29990738485765,0.0,342.1875,37.35258807937265,-0.2714131692621134,0,1044,0
091A9B8A-F32C-4375-99C0-780361B1ECE4,12731,16,61.6,4,0.11468070065195193,4142,118.75186552509622,71,36,440.0,126.47238951922307,332.7637,0.0,46.598201573744944,0.0,186.7676,-13.098828830480798,0.49297887603528556,0,1044,1
8D7F599A-E3D7-4794-BCCC-A88BAEA0921F,4815,6,154.8,2,0.15160955347871236,499,37.82658359293873,112,119,129.0,35.87160931484612,145.6951,0.006116094,8.497777053754744,0.3790238836967809,47.088954,7.021296548579805,0.03988538552709486,0,1044,0
04E69428-F9F6-451C-B02B-366623A29F1C,5165,4,215.66666666666666,0,0.0,0,0.0,-1,244,315.0,126.46894918199925,340.9546,0.0,40.98035425720833,0.3533397870280736,168.6949,-73.56995483740047,0.09211447619808903,0,1044,0
67B5A77C-FDB1-46DC-824D-F0C43CC85E65,12731,10,86.11111111111111,4,0.11468070065195193,421,12.07014374361794,70,111,251.0,105.73688124054969,195.3,0.0,26.80013727755209,0.0,140.6,-13.96670377141389,0.093553142134518,0,1044,0
DD6BB91B-D0E6-4032-8F4C-1D6C6471FE06,8897,4,140.0,3,0.12307519388557941,318,13.045970551871418,438,468,269.0,153.8633865227441,273.7,0.0,31.36600085668772,0.041025064628526474,193.0,-28.93167355978113,0.2869952851974217,0,1044,0
DD4C4138-5AB7-4FD7-84FA-07BC8DB4DC3B,10104,4,151.33333333333334,1,0.0361243072050673,79,2.853820269200317,173,580,489.0,123.43362435877623,282.0,0.0,36.29858594400337,0.0,170.0,-1.9175749760601803,0.16394662349707378,0,1044,0
BCB45581-9CC0-4607-8BB1-477B6E92CF1E,5680,3,312.0,1,0.06426056338028169,27,1.7350352112676057,891,263,131.0,28.399259853150998,76.5,-15.0,17.39709010629171,0.0,49.5,-0.14208390253371306,-0.011755737969508101,0,1044,0
B510BBF6-3B68-453D-B89A-D6DF249A471F,4417,3,397.0,0,0.0,0,0.0,-1,91,301.0,62.60053240198844,182.7204,0.0,33.36455763627608,0.0,106.15953999999999,15.747881678443669,-0.09958843892447869,0,1044,0
E9FC4B54-6AD5-434E-B3DF-E388AE5CE9E1,5647,2,0.0,1,0.0646360899592704,23,1.4866300690632195,891,884,131.0,28.01240260619342,116.1409,0.0,17.338595310535002,0.0,49.5,-0.12189332455761814,-0.012754832625111326,0,1044,0
AE6D1D2D-2D77-4C15-8E56-6C675A7A76FB,1616,1,0.0,1,0.2258663366336634,152,34.331683168316836,816,884,250.0,39.874548782963764,236.3501,0.0,8.893731317701025,0.0,49.54419,0.7355047579313023,0.03318109151160319,0,1044,0
7A814E4E-113F-4241-9E4E-A11CCB4B81A7,5900,2,14.0,12,0.7423728813559323,1509,93.35338983050848,103,869,264.0,111.69492846723108,833.48,0.0,24.568235459407557,0.3093220338983051,142.625,0.9066853444973191,-0.14894731465486924,0,1044,0
86F0B828-D353-4298-8E94-24D33B57D303,4190,3,325.5,0,0.0,0,0.0,-1,230,452.0,145.28137226674747,454.099,0.0,23.471283766869742,0.17422434367541764,167.8711,20.540907308869834,0.3468689746503591,0,1044,0
7A6F5E69-5A04-4CBF-91B9-93597B53F05B,4271,2,2.0,0,0.0,0,0.0,-1,881,151.0,24.004914437776016,331.7688,-11.9,5.334872315591044,0.34184031842659796,30.0,2.0122151918536133,0.03625653372842034,0,1044,0
B5BA0E46-F802-497F-8FB4-5A3B2AD78CAB,4234,11,88.2,6,0.5172413793103449,777,66.98275862068965,349,1,301.0,29.98658982207198,100.1875,0.0,14.658279225958024,0.0,49.39886599999999,-3.532413986963956,-0.01630309364676179,0,1044,0
87590A23-C0F5-4AC5-AD1B-19AA71EF7F7B,1182,3,65.5,1,0.30879864636209814,6,1.852791878172589,993,839,452.0,54.58289743944794,125.3336,-9.038255,18.68182912290368,0.0,81.602224,2.1832482233607067,0.13156266693585605,0,1044,0
4DB1A6C1-28BB-4FDE-8B25-1359372E6823,1014,2,56.0,11,3.9595660749506902,5007,1802.3224852071007,40,881,602.0,53.21637839759669,130.3286,0.0,22.71077676853628,0.0,83.49736,21.85975116104529,0.23436397658941255,0,1044,0
6A3BD889-72BA-4693-9A92-8AA1074FB370,71,13,71.91666666666667,3,15.422535211267606,14,71.97183098591549,268,13,452.0,113.13363603988604,270.0,0.0,41.33437255579727,0.0,155.0,0.0,0.05417692363884884,0,79,0
9E3215DE-B13D-45BE-8785-E7EFD7DF04B4,6962,5,162.5,3,0.15728239011778225,50,2.621373168629704,217,224,490.0,86.77292589279826,717.6804,0.0,37.853371501902,0.05242746337259408,135.64528,-5.507394586779725,0.19785397214189476,0,1044,0
F4E603C6-F513-47F8-BAB8-89A5EDEEA250,12731,18,51.529411764705884,10,0.2867017516298798,216,6.192757835205405,84,65,188.0,36.0130489518874,109.0,0.0,17.436466692993747,0.0,59.0,-3.3446847543565354,0.029157006123268013,0,1044,0
5892C982-419F-4265-98B7-6CD0D7C0F2CA,12731,3,197.0,3,0.08601052548896394,4855,139.19370041630665,546,480,99999.0,10.163204118189267,193.0,0.0,12.987522553833541,0.0,26.5625,-10.163204118189267,0.0,0,1044,0
4764B324-754C-4709-AB20-B507812E1F39,12731,3,192.0,5,0.1433508758149399,29949,858.6430759563272,520,532,300.0,31.081046646106294,133.1177,0.0,11.357056946656389,0.0,47.69897,-1.6161270280507338,0.027485772822291383,0,1044,0
0DA38EE8-2C8F-4957-9314-78C3CDCA156A,12731,2,120.0,3,0.08601052548896394,101,2.895687691461786,60,874,160.0,61.542622763393666,233.2578,0.0,13.948411711984006,0.1433508758149399,79.5,2.0819142736433704,0.005694976060086451,0,1044,0
36FB2CDE-4F84-4E29-831C-169E6A129F03,3247,2,1.0,2,0.22482291345857716,96,10.791499846011703,401,874,181.0,41.31937549848462,72.63777,-6.174105,9.634045248718278,0.0,53.778298,4.451945576901181,0.08091906864086466,0,1044,0
D986131B-4B84-4DE8-8BD6-C5782EFD6B64,910,2,75.0,3,1.2032967032967032,707,283.57692307692304,219,797,415.0,19.354999285298447,42.40417,-9.861,7.611805422973614,0.0,25.31433,1.3950676143929073,-0.0114155776639294,0,1044,0
A78368AF-8EC7-4A0F-864F-E56BE0BFDACE,12731,12,48.81818181818182,5,0.1433508758149399,7553,216.54583300604824,115,405,461.0,123.09663143343505,325.9888,0.0,45.80153466025127,0.0,182.8003,-1.8124909514906022,-0.15215335912962183,0,1044,1
58B94B72-5A8B-4265-859F-C8A42977D4A2,12731,5,126.25,2,0.05734035032597597,295,8.457701673081456,470,362,284.0,0.0,0.0,0.0,0.0,0.0,0.0,0.0,0.0,0,1044,1
1822C8E1-4D94-4AA7-BD98-62579A5C12A1,8628,4,77.33333333333333,4,0.16921650440426517,74,3.1305053314789055,32,636,739.0,266.9509565285391,556.2332,0.0,87.74446620276048,0.0,383.7742999999999,-96.5018053996811,0.17335567441861094,0,1044,0
9E7D8206-B9AA-4402-B6B1-BD01C6880C60,12731,5,150.0,6,0.1720210509779279,347,9.94855078155683,804,265,649.0,153.40457847122767,1009.0,0.0,45.71873050358487,0.1433508758149399,213.75,26.165410487105675,-0.00915832340658588,0,1044,0
3F8CB57D-232F-4AFA-8982-21F12C598ABA,4766,4,111.66666666666667,1,0.0765841376416282,9,0.6892572387746538,531,531,128.0,8.236874823116429,99.30642,0.0,8.185280914003453,0.0,19.5,-8.236874823116429,0.0,0,1044,0
F1983F15-7F51-4D7A-A3A0-712D2EB7DF30,6900,7,142.33333333333334,1,0.052898550724637686,2975,157.3731884057971,736,5,798.0,209.5652068673103,556.7811,0.0,103.50787266534931,0.0,344.56738,21.767485515196654,-1.3325812407342048,0,1044,0
47B23687-9630-4FD3-A667-184C83CB1869,12731,11,83.0,2,0.05734035032597597,12,0.3440421019558558,640,27,300.0,27.198897630805916,81.89392,0.0,13.529939572327516,0.0,45.3186,-8.00965267170098,0.028781808607470125,0,1044,0
34BE9C23-C440-41D2-B64E-FB877B82CC26,3698,5,28.25,0,0.0,0,0.0,-1,824,151.0,39.55440425772846,937.077,0.0,14.594254281763025,0.49351000540832884,57.5,3.839789415111049,0.06494536076695029,0,1044,0
A4C9F3F6-F74C-4B75-9891-FAE0F4BB135F,12731,5,85.5,2,0.05734035032597597,49,1.4048385829864112,44,514,803.0,266.3443689795973,1781.27,0.0,150.93874695069007,0.1433508758149399,508.392,122.01434884447679,2.304672221535998,0,1044,0
DF39C2B8-B194-4461-93CF-F8717023C467,9934,14,58.69230769230769,2,0.07348500100664385,1446,53.1296557278035,175,98,479.0,59.20495980070207,230.0,0.0,19.89745660140936,0.0,86.0,-13.26776844267738,-0.021790984712379485,0,1044,0
33919A4E-8F11-445E-BDDC-4A17FE681A9C,2334,3,38.0,3,0.4691516709511568,376,58.80034275921165,342,776,251.0,67.56350496527007,213.1302,0.0,25.41098306799379,0.0,100.6627,0.077634028248454,0.03152207401753132,0,1044,0
1D8017D7-E18F-40E9-8C24-00317FBD323F,12731,11,92.8,1,0.028670175162987983,750,21.502631372240987,89,93,1143.0,194.4970677549941,2998.323,0.0,95.81904095720323,0.08601052548896394,286.35614,52.05372243011391,-0.5308818122560552,0,1044,0
B9D48F63-C043-4173-A67E-F23A31D900DB,12731,38,18.0,6,0.1720210509779279,42,1.2041473568454952,256,165,1083.0,205.05224935807033,643.9819,0.0,100.37764196359254,0.0,339.1724,-19.133163840153657,0.3028800663740981,0,1044,0
28DA8065-B3BF-4CA2-916A-4BF7784FDD8B,322,5,185.5,7,7.934782608695651,661,749.2701863354037,243,105,226.0,45.74126349764977,113.0191,0.0,20.41654344511516,0.0,67.665348,5.953304121948996,0.0837526043206741,0,360,1
F0E862AB-F49F-485A-89DF-A6CF42B265E0,9322,2,1.0,0,0.0,0,0.0,-1,848,1245.0,568.294132234708,1079.55,-544.53,130.15214812513733,0.0,729.8439999999999,68.11343566652658,2.489540463385475,0,1044,0
056D6EC5-21CC-4C5B-B7CA-3D38576A0279,9908,13,69.91666666666667,4,0.14735567218409365,414,15.251312071053693,5,107,259.0,87.11242606166778,170.64,0.0,20.93612070567958,0.0,111.1,-5.992300300093703,0.09403091651053784,0,1044,0
AEA2D23E-9BE7-4555-B4E4-220F5AABFC92,12731,7,110.83333333333333,3,0.08601052548896394,183,5.2466420548268005,433,178,803.0,208.5857623266967,589.8285,0.0,62.52098041839031,0.0,286.7432,-5.377452549690531,0.1872738542919525,0,1044,0
30AA272A-2443-466C-8986-905EB5D3F7AD,1021,2,21.0,3,1.0724779627815866,45,16.0871694417238,675,846,301.0,35.146044741851895,140.1394,0.0,13.290765818743232,0.0,48.26355,-2.6605838498765877,0.07728616580004809,0,1044,0
EE4D2C52-4A10-45E0-B6F5-521EAEFDAD37,1282,2,721.0,2,0.5694227769110765,55,15.659126365054602,371,123,150.0,46.20534076092242,543.739,-60.68541,15.515015727430473,0.28471138845553823,65.721812,3.3550529301269663,0.008765409798373027,0,1044,0
25F29DF5-0E1A-4FE9-998F-5E7F27FF09E0,12731,3,29.0,1,0.028670175162987983,45,1.2901578823344593,817,785,452.0,58.44113351344527,223.8281,0.0,30.03132200753617,0.0,99.35303,-15.249927182426752,0.09296521823851887,0,1044,0
FC6B3965-A1E8-439C-BB1D-0672F06F6AD5,12731,4,124.66666666666667,0,0.0,0,0.0,-1,466,690.0,128.2379443864861,463.47,0.0,59.82314468682403,0.0,204.6,26.3180355517855,0.6093544882082955,0,1044,0
69C1837D-05FB-4DCE-9762-49EE62C325F2,12731,7,112.66666666666667,0,0.0,0,0.0,-1,164,555.0,82.54045120917621,300.6,-14.19146,49.86496643349979,0.0,150.0,-14.009478572602134,0.13307558695911928,0,1044,0
AD4CF9BC-FF28-484E-9298-0888B25E0C4F,9594,4,279.0,1,0.03804461121534292,380,14.456952261830311,816,0,193.0,23.038355819872503,139.0038,0.0,9.780449408367604,0.0,34.65604,2.0370349548188535,0.12488837842347211,0,1044,0
1303801B-9DB3-496F-8BB0-64867A2873B6,4457,1,0.0,2,0.16378730087502805,857,70.18285842494952,577,836,150.0,33.45339107181919,127.5189,-8.566734,12.617645911125418,0.0,50.0,2.3920564590450084,0.06322917095385948,0,1044,0
9FC1C01F-67B5-498C-9767-59A59BDAC33C,4457,1,0.0,1,0.08189365043751402,863,70.6742203275746,577,836,150.0,33.32037541548156,74.0,-17.0,12.56668129017942,0.0,50.0,2.3864147079752343,0.0628805339479183,0,1044,0
4BA78034-FD46-43EE-A492-91B02B6AA81C,3576,4,83.33333333333333,1,0.10206935123042506,5,0.5103467561521253,835,583,452.0,61.068031610369886,235.6567,0.0,32.95387361644475,0.0,107.0,-4.958155067160007,-0.4165553131845988,0,1044,0
BDE9DF47-1D5C-4BB5-A915-C6CF640FB6B3,4176,2,499.0,3,0.26221264367816094,283,24.735392720306514,89,335,753.0,300.6066034691029,483.7311,0.0,56.49943553801456,0.0,374.61422,-14.14625099749793,0.25714419310610614,0,1044,0
08B98F4E-B5D2-41BE-8170-FD13A74212B6,7648,5,76.25,1,0.047724895397489545,69,3.2930177824267783,8,553,251.0,86.03774183091116,235.5157,-10.10948,34.86969992587672,0.0,127.30545999999998,-0.39562754919819554,0.32661165219035915,0,1044,0
528A33E0-3710-44BB-ADBB-31CC96707FD7,1014,3,50.5,12,4.319526627218935,5373,1934.0680473372781,665,832,602.0,53.06628564288502,129.8239,-22.61637,22.66925494474062,0.0,83.29401999999999,21.747398887979188,0.2336198941546807,0,1044,0
71CC2757-211A-4D92-973D-6FE88DB85E16,8167,9,78.375,3,0.1340761601567283,2937,131.260560793437,433,203,803.0,75.39320365886216,348.1875,0.0,79.78930389071205,0.0,171.594,-73.96518397359982,-0.001061500787763959,0,1044,0
29C7EAB8-D7D7-4A3B-879E-1DD369918805,898,3,71.0,0,0.0,0,0.0,-1,734,602.0,101.2190682908937,296.8852,-941.73,57.41869980960619,0.0,170.3969,36.68023817230075,-0.030311523511095444,0,1044,0
8AE501DF-C350-4C40-81DC-A2C546FC5FD2,12731,3,61.0,1,0.028670175162987983,144,4.1285052234702695,816,706,269.0,39.64223895207924,513.5625,-1.84608,51.056025464124836,0.11468070065195193,114.0,-39.09811858170887,0.000984666602643602,0,1044,0
69B1356D-9B55-4313-A586-70B6E0AF1C7B,4724,11,61.4,2,0.15453005927180355,25,1.9316257408975444,254,218,490.0,86.75178052699249,233.9625,0.0,35.90756505181073,0.0,133.48615999999998,-7.19844444134435,0.20778414757462105,0,1044,0
1C735AAE-BF43-4FC0-A480-B058C93EA0BC,1945,6,160.6,8,1.5012853470437018,215,40.347043701799485,659,22,151.0,43.06809220612366,231.1351,-24.59,13.920560272668673,0.18766066838046272,58.439006,-0.1653550682626559,0.00994638771223908,0,1044,0
556A3991-C410-4811-B60B-4FF7A80A1ACB,5135,12,57.18181818181818,2,0.14216163583252192,28,1.9902629016553068,115,272,471.0,131.8152330060051,288.8838,-49.69661,50.70043134817146,0.0,196.7193,-1.5678484159935238,-0.16040822142254516,0,1044,1
8E05A8A5-DD1B-4B13-92EB-C31DC70FEDE3,12731,6,139.8,4,0.11468070065195193,117,3.354410494069594,255,118,497.0,42.44654948314827,283.0,0.0,35.76594013242521,0.0,86.0,31.522046195864085,-0.09841755726594636,0,1044,0
4CE9C71E-D028-4FF1-95B3-64E7F3D0B71C,4383,5,204.75,4,0.33310517910107235,328,27.31462468628793,383,76,624.0,107.2763454618994,264.7833,0.05165524,63.5696027876279,0.0,199.06862,-62.8912193783176,-0.4575502253409056,0,1044,0
6AED5992-7C51-4238-A9F6-C08E540DE9DF,6405,2,1.0,0,0.0,0,0.0,-1,815,485.0,74.19859018704499,328.2493,0.1116015,56.142630995841685,0.0,165.15194,-4.463568999923083,0.15248185124042793,0,1044,0
6EB5F12C-D18F-4C82-993A-D3CCA383645E,12731,6,103.2,6,0.1720210509779279,359,10.292592883512686,220,504,256.0,99.4766052231111,236.0945,0.0,26.330332732878304,0.0,130.98998,8.896140774574093,0.08332848223193094,0,1044,0
15BCC681-BAF8-4836-8374-8E8F76FAF496,12731,15,59.0,3,0.08601052548896394,79,2.2649438378760505,262,194,266.0,56.82109853167652,400.0,-2.660278,37.243562029752034,0.028670175162987983,102.3913,-56.82109853167652,0.0,0,1044,0
A349FD0E-894E-41AC-8DEF-BE606B973E11,1418,3,224.5,2,0.5148095909732017,411,105.79337094499296,442,489,301.0,39.22540144829644,163.8731,-12.16988,22.385586615038925,0.0,69.08724799999999,9.20334081559244,-0.0055529203731613285,0,1044,0
C3ECB37A-111B-4258-BA51-B70E4D7FD316,3051,7,38.833333333333336,2,0.23926581448705342,112,13.398885611274991,792,559,554.0,73.05239906878843,246.0,0.0,48.71937406037869,0.0,145.0,6.557631795409094,0.04799357945417795,0,1044,0
7D626F8A-1B14-4815-9BA8-A7E1C57ADBAC,9751,5,196.25,0,0.0,0,0.0,-1,6,151.0,8.587198710394517,34.0,0.0,3.498597638778323,0.0,12.0,-3.9188457949918476,0.000903891304423786,0,1044,0
EB09302D-6254-41C9-99E7-3B47FB47A1A5,5507,4,3.3333333333333335,1,0.06627928091519884,4,0.2651171236607954,305,782,450.0,162.30464220892978,345.0,0.0,44.36222899193311,0.0,220.0,-39.982882949670525,-0.23844507552385527,0,1044,1
8E7EEB14-88C7-4566-AB9C-B7652DCC1FF8,1651,2,179.0,1,0.2210781344639612,6,1.3264688067837673,136,790,678.0,70.41383303187301,149.0,0.0,14.215112807056126,0.0,90.0,8.555379931089945,0.14849952897698804,0,1044,0
C5C33F4D-06F6-4F27-877D-B9CEB5C8A18E,2112,5,164.25,3,0.5184659090909091,481,83.12736742424242,127,128,803.0,239.36222038041132,486.68,0.0,127.90817386242273,0.0,395.79,80.96582591588498,-2.169351700941993,0,1044,0
E25A9E4D-8B06-4CC8-BA96-6BCCD553FF0E,2032,6,99.6,3,0.5388779527559054,24,4.3110236220472435,84,286,661.0,148.6502375341894,421.0515,-28.4,41.32374559825344,0.0,206.67865999999998,12.196605439167087,0.263140028357192,0,1044,0
E9EA01A7-51FB-4007-89A4-3B90EFB7F30D,1418,1,0.0,1,0.25740479548660083,351,90.3490832157969,816,784,209.0,27.856023570549137,254.5073,0.0,7.65824241499472,1.2870239774330043,38.23294,8.208844338401473,0.0468945892142278,0,1044,0
CC7E70EA-3730-4F8E-A341-78672A20898A,4234,7,128.0,7,0.603448275862069,1190,102.58620689655173,284,14,301.0,30.20661185907265,129.4863,0.0,14.778411633166154,0.0,49.732533999999994,-3.4353608055232634,-0.004824554591013676,0,1044,0
FE545373-09C7-4B48-83D2-0F570115D144,4126,2,1.0,0,0.0,0,0.0,-1,780,452.0,117.41836711784023,430.8,0.0,29.542202241530227,0.0,155.0,8.769981647591862,-0.003143106373562394,0,1044,0
9D35A429-C049-4FF8-9B46-54C59CEF091E,12731,2,677.0,3,0.08601052548896394,253,7.2535543162359595,442,102,80.0,21.780770093334315,80.93059,0.0,3.938595314426245,0.028670175162987983,26.64652,0.8756756112181563,0.014283704396326228,0,1044,0
A4988DFE-12D9-4329-AC56-03D916CB9DDD,2764,6,87.4,1,0.13205499276410998,1078,142.35528219971056,837,340,301.0,67.71903027083737,125.5963,-13.2,18.33762414235904,0.0,90.56135799999998,-3.6898794807139126,0.15153067870513476,0,1044,0
1027E58E-BAC6-4764-A221-B5E9CD14F578,6437,13,52.166666666666664,1,0.056703433276370986,17,0.9639583656983067,628,149,472.0,115.82126981309159,335.083,0.0,49.76515467915607,0.0,186.8591,9.948819306507175,-0.1457932579600728,0,1044,1
9A16E6CC-35EA-4085-8F3B-26C879F429AF,7101,3,270.5,1,0.05140121109702859,18,0.9252217997465145,890,238,134.0,37.03465474399874,76.4,0.0,11.492809203069006,0.0,51.6,2.6817650134086577,0.024143835810053884,0,1044,0
E8041C3A-6723-4437-A50A-1372FD649736,3779,6,135.4,1,0.09658639851812649,84,8.113257475522625,643,97,452.0,107.47533959487765,289.6738,-1.440048,43.19896447493047,0.0,161.32222,-14.615616246652337,-0.11854884647674138,0,1044,0
300C9711-3ACB-4AEF-BB6F-34E20D5D9A0B,9728,5,76.75,1,0.037520559210526314,33,1.2381784539473684,8,532,251.0,99.27547839481967,272.0423,-4.266948,40.05668921853021,0.3001644736842105,146.78009999999998,1.8820241815607375,0.38052963746270446,0,1044,0
4EC99980-7AE9-4198-A8EE-8F5D45187CE4,12731,8,109.28571428571429,8,0.22936140130390387,633,18.148220878171394,12,265,741.0,235.04707473331916,403.9957,0.0,52.16828264514561,0.0,281.49846,16.069154357730213,0.2273495043224279,0,1044,0
2023419F-4043-4170-AEA7-05DBFA33862A,12731,4,249.0,2,0.05734035032597597,383,10.980677087424397,100,28,301.0,17.88815041421497,66.12592,0.0,8.423156544669036,0.0,26.37544,-3.070776806969599,-0.29976262409205645,0,1044,0
17BC69F2-B472-4E68-B3FF-ACA5DF03A22B,3451,2,203.0,1,0.10576644450883801,18,1.9037960011590842,766,776,151.0,18.956636048145906,135.0,0.0,8.801852720615313,0.0,31.0,-2.7503860481459057,-0.019820519680087047,0,1044,0
A36BFD2A-F7A3-4F18-89A2-9C3BBE26BE72,12731,12,83.0,0,0.0,0,0.0,-1,118,479.0,56.64430002435271,243.0,0.0,28.261830416174302,0.0,97.0,-8.381337061389743,0.23824363318741873,0,1044,0
1CA24DE5-6DBA-4B99-A85E-2EA01B6014B3,12731,9,67.625,0,0.0,0,0.0,-1,229,693.0,160.5718758829892,312.4,0.0,39.33722451751036,0.0,205.8,-4.135988537310169,-0.030029913386805166,0,1044,1
CA42DCD8-C723-4A4E-A419-075957FF3D66,3058,10,59.0,7,0.8355134074558536,141,16.82962720732505,73,237,717.0,165.29350229734,383.7634,0.006523287,45.65745083364212,0.0,224.98649999999998,-3.826495430002069,0.25527526680595886,0,1044,0
DF31F146-AF53-46F7-B6EA-C3E4CD17D847,12731,4,241.66666666666666,5,0.1433508758149399,551,15.79726651480638,29,137,259.0,77.69451060880837,195.511,0.0,24.207604032012547,0.0,104.05089999999998,33.26011573474102,0.5889361841747135,0,1044,0
2A5A656E-58E0-41C8-A030-B15FE0F53430,12731,11,63.1,5,0.1433508758149399,723,20.72853664284031,701,179,302.0,67.18759708684382,226.8677,0.0,33.2140785835823,0.0,105.18755999999998,-0.5213622465660421,0.04988005867830654,0,1044,0
02AD46F5-AA2C-477A-BAC0-9B37656EB37F,8602,5,95.0,1,0.0424319925598698,63,2.673215531271797,888,650,98.0,25.342515199852123,60.00026,0.0,9.446270169183753,0.0,35.97672,0.8410218056725682,0.06355063515781566,0,1044,0
37B802CD-A714-4468-8211-FC89C5384BB7,12731,5,202.0,0,0.0,0,0.0,-1,63,107.0,24.376724988554326,63.75095,-7.136641,5.557226376231388,0.0,30.567752,-1.3314248785509655,-0.000714672004171828,0,1044,0
038FF4AB-E23A-42A5-A516-276DEA942BB5,6649,2,115.0,2,0.10979094600691833,97,5.324860881335539,150,654,136.0,38.24628220880787,79.40333,0.0,13.770361345694782,0.0,55.400636,-0.6792291838773181,0.10977166380482246,0,1044,0
4D70620B-BFBC-4F9B-8011-D2C9B02C00FA,4126,2,7.0,0,0.0,0,0.0,-1,769,151.0,26.75645716096408,59.0,-44.25,7.272871383604995,0.0,36.0,0.6406879007643163,0.023702457550748415,0,1044,0
C3FD8C18-F21C-4F8D-AFB0-AE5BFA90FF98,12731,6,192.8,3,0.08601052548896394,1416,40.59696803079098,264,41,228.0,44.26636200070607,3261.424,0.0,20.931942002403975,0.028670175162987983,70.110902,-3.0842461422184186,0.03033778145103226,0,1044,0
AB54C437-ADC5-456C-A346-438A3B4BB50E,6969,3,346.0,3,0.1571244080929832,665,34.829243793944606,496,82,820.0,124.5389973582367,454.0,0.0,78.79523623295198,0.0,237.0,-44.91330291379225,-0.05249144841849455,0,1044,0
CD712F25-2578-4742-8566-6A43356A5998,5526,4,197.0,9,0.5944625407166123,1471,97.16159971045964,139,187,392.0,124.73747182617439,277.3879,-12.50327,32.69489524153648,0.0,156.10146,11.703573761788562,0.041860953736729045,0,1044,0
FA08B10A-47AA-4772-989C-E679E91CA2EE,12731,5,41.75,2,0.05734035032597597,369,10.579294635142565,30,755,107.0,36.407122488293254,97.9,-153.4085,6.800666629563435,0.0,45.0,0.4193898573857595,0.03601429989067101,0,1044,0
5EEB6A31-85AD-48E8-B1AC-6C5B174D7321,12731,5,140.0,0,0.0,0,0.0,-1,200,693.0,169.48188308249675,328.6,-4.096977,41.022375663150946,0.0,217.1,-4.3092904899041855,-0.025169259579535603,0,1044,0
DEA79AE6-198D-4E74-BD03-0DD4BD589EC7,12731,10,79.44444444444444,0,0.0,0,0.0,-1,40,800.0,301.879357289981,1010.925,0.0,91.16342690700151,0.028670175162987983,414.0015,0.006918774833820862,0.2068261058404008,0,1044,0
9DD19E83-FCEA-4D9E-9268-C0CAE7F360EF,12731,10,43.888888888888886,6,0.1720210509779279,369,10.579294635142565,768,624,739.0,108.74642273681617,446.06,0.0,59.18373206590354,0.0,181.86,44.88521229404803,0.585536526571515,0,1044,0
C4F3FAC7-F8EF-4BBA-B4C7-B428523D59D5,2386,6,120.0,9,1.3767812238055324,189,28.912405699916178,37,364,151.0,25.792025981118083,98.2241,0.0,10.043844160634801,0.0,39.28365,0.17336139498531367,0.029847385707545613,0,1044,0
3E35053E-1B5D-4BFA-8924-2C873EB506EB,5837,9,68.625,4,0.2501284906630118,356,22.26143566900805,398,204,256.0,75.24898858098145,249.6,-1.851,45.11444475758742,0.0,139.8,39.11271526415746,-0.2800018405378736,0,1044,0
0D71D5CD-14C2-40C4-9DC2-1A42AECB1007,5834,4,82.66666666666667,0,0.0,0,0.0,-1,755,251.0,88.49789423094113,286.0,0.0,43.36681294290287,0.250257113472746,152.0,-21.71594978649668,-0.08512927979227035,0,1044,0
A9441B94-9CE5-48A5-98C9-4C5026B2554B,6900,13,81.08333333333333,3,0.15869565217391304,15,0.7934782608695653,539,29,203.0,38.784862150046294,110.0,0.0,18.907322767309445,0.0,64.0,-3.9904948660956734,0.03178324484501169,0,1044,0
039F4325-748B-4AD3-856B-A4107D4F9B4A,4379,3,154.0,0,0.0,0,0.0,-1,445,554.0,118.91270420882317,337.3034,0.0,52.42207102446826,0.0,185.92132,-26.095415731354024,0.28594353586328947,0,1044,0
DD003CA7-B370-4F1C-A878-C9186208F1EE,9056,4,218.0,4,0.16121908127208479,155,6.247239399293286,118,100,792.0,242.88452750004996,974.68,-24.358,83.66029599859243,0.040304770318021196,348.4,-9.276851574124038,1.5044500795707056,0,1044,0
E50B28CD-CAA2-43B2-A05B-6EDC4F3DA836,1352,4,201.0,0,0.0,0,0.0,-1,149,887.0,97.40430246430023,236.667,0.0,31.575898959628468,0.0,136.53908,-1.9753840252570143,-0.17961029895619054,0,1044,0
FED111EB-CCDD-4817-8961-13BF305C41EA,8382,6,189.8,1,0.043545693151992367,14,0.6096397041278931,503,70,178.0,34.193128972111616,123.4269,0.01054682,14.553005524173887,0.0,54.94513799999999,-1.0458551515390866,0.11980702751565928,0,1044,0
1D8C85DB-215C-4A9B-95F8-CFAAF8B7FF81,12731,9,50.25,5,0.1433508758149399,495,14.191736705679052,497,485,99999.0,10.0245802083869,239.63,0.0,11.44834332110087,0.0,24.15771,-10.0245802083869,0.0,0,1044,0
78AC9471-AC70-4BEB-8641-A51A07FE0B39,6334,6,147.8,5,0.288127565519419,662,38.14808967477107,87,7,259.0,94.60802396184563,206.5869,0.0,24.344801266586643,0.0,125.8374,9.83691366238277,0.025142251506141924,0,1044,0
637B4840-C7EB-4E4D-A7FA-BA12322AF8DC,5491,5,111.75,1,0.06647240939719541,223,14.823347295574576,816,302,811.0,426.89128640597954,629.5574,0.0,33.68819482317875,0.0,463.55933999999996,14.402864334761205,0.1760818611689989,0,1044,0
15E752D2-5816-4ABC-9A94-9413FC7C5BF9,974,7,136.33333333333334,0,0.0,0,0.0,-1,136,802.0,106.53349150692415,346.5729,0.0,69.45820758495411,0.0,188.09965999999994,53.945354604186946,-1.1509017575228546,0,1044,0
78FE1262-E81F-4AA3-9E68-B4DF3DB9BDAD,1267,4,216.66666666666666,3,0.8642462509865825,253,72.88476716653513,429,122,452.0,103.33663185036669,196.1997,0.0,28.69727010551796,0.0,145.423,13.187665755343204,0.045356688738888144,0,1044,0
5ACB4C39-0501-4B0F-B92D-F4D32196BFA8,5889,4,77.0,3,0.1859398879266429,73,4.524537272881644,414,741,377.0,42.8365767083869,240.8213,0.0,30.488099258107017,0.0,84.0,-15.518289671349862,-0.041969344637911375,0,1044,0
22610DBA-9F12-4164-BCC2-BAF02CC3C38F,6992,4,201.0,1,0.052202517162471394,207,10.805921052631579,816,132,171.0,18.73681333589561,235.1959,0.0,4.8306524621823055,0.261012585812357,24.63925,2.558025207005624,0.03588296564537439,0,1044,0
A212072B-32B4-49B4-ABBC-CF03C659F7E3,3986,8,97.71428571428571,5,0.45785248369292525,661,60.528098344204714,104,254,1188.0,305.59522324431987,934.24,0.0,154.61446318253206,0.0,539.57,-146.07477185543098,0.2803362343543514,0,1044,0
53FACE0D-C0E1-4009-91C9-CA879B3F48F0,12731,6,73.6,1,0.028670175162987983,60,1.720210509779279,816,385,266.0,112.77582713303403,319.9,0.0,29.593715721098036,0.028670175162987983,148.5,-29.15346602184576,-0.09187808965867099,0,1044,0
063B9AB9-5AC9-4600-862E-B3FDC77392F0,12731,11,88.0,1,0.028670175162987983,189,5.418663105804729,669,16,887.0,235.0881805864368,558.0,0.0,112.54215653869862,0.0,368.0,-59.42166824075778,0.0889275310622026,0,1044,0
5976B219-558E-4D60-97C1-37CB026B0D81,5088,5,181.5,3,0.2152122641509434,426,30.56014150943396,82,6,357.0,40.457959580888186,140.0,-3.289,19.38656298426467,0.0,59.0,2.591500295655024,0.024906881507965568,0,1044,0
62F5BB0D-8F8B-4278-8C01-3DB60B53DEC9,12731,5,141.75,7,0.2006912261409159,2108,60.43672924357867,163,164,450.0,91.02432362799496,350.0,-10.07334,47.98907663163139,0.0,146.0,1.5046115571902305,0.10267642781679395,0,1044,0
D00320B6-6D62-4359-BB2E-76E9F7739537,12731,4,181.0,5,0.1433508758149399,1744,50.00078548425104,207,184,199.0,61.00848195327956,239.6283,0.0,20.41219342248685,0.1433508758149399,86.0,-0.2545467680943787,0.1794449360460099,0,1044,0
A98F3C84-3F34-48AE-9052-56A5E5934AC2,12731,14,68.23076923076923,3,0.08601052548896394,26,0.7454245542376875,297,64,887.0,277.74910376148193,576.0,0.0,81.2096174679457,0.0,368.0,-3.571194810864654,0.33322268295558266,0,1044,0
A78A0D46-2591-45E4-A2FF-82E5246E3094,12731,6,156.2,0,0.0,0,0.0,-1,194,1044.0,10.257464264256264,521.246,-728.1993,57.598690100754496,0.0,0.0,108.83909055827459,4.813103572623365,0,1044,0
5E761A88-76FE-4198-8E85-039CE77EDEF9,4066,2,143.0,4,0.35907525823905556,575,51.617068371864235,219,580,452.0,206.9947564019063,435.8955,0.0,43.35363608743525,0.0,262.63698,14.646868119698667,0.10250796305421156,0,1044,0
DF88F395-7D5B-4E72-AB84-030D8C44E9C9,7584,6,18.4,0,0.0,0,0.0,-1,707,440.0,185.745056501229,348.58,0.0,41.82760081823481,0.0,246.2931,34.342121739511754,-0.3466450139022663,0,1044,0
CD471C9E-4DB6-4A0B-A7BC-EDB6084321E5,4289,8,77.42857142857143,2,0.17020284448589415,209,17.786197248775938,438,178,301.0,77.89741807009285,504.8663,0.0,18.234412569589576,0.42550711121473533,101.56931999999999,-22.691477525339764,0.054811145608917256,0,1044,0
67283C11-F89A-4F7F-BAC7-026CCF896C40,12731,1,0.0,0,0.0,0,0.0,-1,720,188.0,29.288976001678574,78.2,-24.0,9.968585345193011,0.0,42.2,-2.653096369194003,0.0014054547449018026,0,1044,0
D28C46DC-BF3E-41DE-AD8D-98E577997D49,9868,6,127.0,2,0.07397648966355898,57,2.1083299554114308,351,82,489.0,75.18317554175557,1061.0,-112.125,43.30542804579761,0.03698824483177949,131.0,7.072506733614787,1.293367930030663,0,1044,1
C82E945E-0D25-461E-915C-B4C89B4C6015,8902,8,71.0,2,0.0820040440350483,89,3.6491799595596492,0,213,739.0,166.4067026339033,409.0731,-2.6,72.53437606534625,0.0,252.90031999999997,20.527865267331265,0.237752374549955,0,1044,1
D7226C0C-05E0-4A38-8ACE-0DF171DE1DF7,4350,2,174.0,5,0.41954022988505746,554,46.48505747126437,316,713,452.0,166.69493783470847,351.4146,-135.7022,60.84170341354345,0.0,247.83334,-62.93989423902946,0.010662516029543295,0,1044,0
1DB4A099-6EE9-476A-8F02-F2CBF243200B,9506,3,380.5,2,0.07679360403955396,133,5.106774668630338,25,20,489.0,153.35853796452335,310.0,0.0,29.47316035963483,0.0,189.0,1.2170969891803622,-0.035735626289172366,0,1044,0
03043F46-6D02-4C93-8520-5A32BB0B8D14,2959,3,317.0,0,0.0,0,0.0,-1,72,1246.0,184.64496326443611,491.9,0.0,49.520280615563685,0.0,249.1,-18.653080548386697,0.2426456055387156,0,1044,0
B8553E8A-AEDB-4CAE-AE4A-3F3CFC08026D,12731,6,111.8,1,0.028670175162987983,92,2.6376561149948943,734,174,314.0,61.6655151971331,188.0,0.0,20.505829853553607,0.0,88.0,-5.068833098367662,-0.11509051186023575,0,1044,0
580F42B9-F6B8-45AC-B957-36049DF0A63A,12731,5,150.75,2,0.05734035032597597,27,0.7740947294006756,736,132,377.0,157.08464730729406,333.7983,-483.7,40.78094462403945,0.0,210.67477999999997,33.092820948107175,0.03847431350160083,0,1044,1
1D49708A-644C-4562-9BDC-F363556740C4,887,7,85.16666666666667,17,6.9954904171364145,1190,489.68432919954904,64,196,60.0,5.248218872566664,27.062,-5.72205e-05,5.846716676613144,0.0,12.461,1.5698299700259284,0.007880423794884102,0,989,0
A307702A-865B-442F-A6F3-D9CFDD7DE0E8,922,7,66.66666666666667,1,0.3958785249457701,11,4.354663774403471,607,465,887.0,116.35324307095993,527.9236,-4.22,73.58758733512978,0.0,210.91307999999992,4.909355686987595,0.2567624833694137,0,1044,0
237A5DCE-58B2-45C6-BB33-140395E78921,7152,12,43.63636363636363,3,0.1531040268456376,58,2.9600111856823266,333,279,472.0,156.3029156817561,534.313,0.0,42.84040617228709,0.25517337807606266,201.9653,-8.643366349194366,0.09073622084845827,0,1044,0
0CA68153-851D-4968-A9DC-0C42009EFDE9,12731,11,72.2,0,0.0,0,0.0,-1,53,693.0,191.80535624198183,481.1312,0.0,87.74106469197098,0.0,310.62898,-44.892395744142306,0.238972769650218,0,1044,0
B09F4E36-28B7-431A-90DE-64AB1C2A7F8A,12731,8,47.857142857142854,1,0.028670175162987983,164,4.7019087267300295,816,489,269.0,136.3616637913233,261.9,0.0,21.749188445650383,0.0,161.8,-23.46417922342208,0.013954992157131921,0,1044,0
09531D9B-5C40-4E4C-9FF9-8F254CE91CDE,12731,10,90.11111111111111,2,0.05734035032597597,434,12.442856020736784,90,0,800.0,321.35332490776483,790.2831,-3.236415,80.81482090005149,0.0,415.192,22.573874228037653,0.010748195650246296,0,1044,0
730975BB-1E09-4FC7-A169-C4AD051BA7C3,3352,5,139.0,7,0.7622315035799522,454,49.43615751789976,430,343,416.0,78.29824103705799,265.6706,0.0,40.30156065012493,0.0,133.02757999999997,-12.247462432351199,-0.166630885521546,0,1044,0
8D49D287-FE99-40A8-B5DA-B98817B8B295,12731,7,134.66666666666666,1,0.028670175162987983,98,2.8096771659728224,12,13,271.0,76.90467492856051,162.4763,0.0,15.185613774345905,0.0,92.15466,5.843705010714189,0.01020027427583693,0,1044,0
3820730B-D446-4C90-947C-92FE4D813F7A,12731,7,115.16666666666667,3,0.08601052548896394,278,7.970308695310659,12,36,271.0,78.41370574969592,172.9087,0.0,13.867683561254069,0.0,92.806174,4.904877148745442,0.03296220307884573,0,1044,0
2FB42A0F-3126-4CA4-850B-AFED58E6F1BD,4511,2,1.0,4,0.3236532919530038,658,53.24096652626912,219,697,901.0,149.59899944054033,491.0889,-67.0,64.98856271018202,0.0,228.8818,9.768795882762134,0.6381180586325121,0,1044,0
322348D6-CAA9-48CF-801B-69047E083E89,1028,3,132.0,1,0.3550583657587549,4,1.4202334630350195,129,697,452.0,81.99648962140056,293.8461,0.0,44.958022174350006,0.0,144.7201,5.924642962704368,0.09125264488348747,0,1044,0
9DED6C01-5F39-4D14-ACAD-AAB508EEB6BA,4346,3,118.0,2,0.1679705476300046,169530,14238.02346985734,21,696,887.0,147.77796664970325,356.5359,0.0,72.70763370020472,0.0,233.89302,-5.222711610351382,-0.00022661462848809822,0,1044,0
BAC94273-4572-4578-8CA3-1DBFB8291294,12731,18,38.23529411764706,4,0.11468070065195193,184,5.2753122299897885,400,378,269.0,73.69054657170928,514.576,-74.02341,21.048543758232377,0.1433508758149399,100.16998,-2.4340470701660593,0.16443704785335395,0,1044,0
1B963941-733C-4279-AA9A-F207BD0D1F18,12731,20,42.73684210526316,3,0.08601052548896394,47,1.3474982326604352,391,90,452.0,101.94107016371672,772.1361,0.0,44.589716325215726,0.028670175162987983,153.50063999999998,-2.032732298747561,0.09753805001351401,0,1044,0
1A17FB4A-5F58-4C7D-BF39-6C6911CEFE88,4371,8,92.85714285714286,1,0.08350491878288721,60,5.010295126973233,46,40,800.0,310.23142053755487,645.9803,0.0,84.40032541339933,0.0,417.9872,-8.17690444164441,0.30006790823067536,0,1044,0
6BCF5FA9-D936-49A4-956D-17D01F084F47,5543,4,102.0,0,0.0,0,0.0,-1,385,511.0,165.5426941093494,436.402,-184.722,36.646766070768145,0.0,211.69494,-6.780648319997539,0.605100704028832,0,1044,0
1774AC61-DAD0-4225-B1C7-8C3D76A609E5,1906,2,1.0,2,0.3830010493179433,220,42.130115424973766,712,692,602.0,50.0510377053861,179.693,-2.464044,11.126320500321475,0.0,61.11541199999999,1.643937657268225,0.006867888418959034,0,1044,0
1C3CBB2F-4D26-49E4-B33F-736EB1D4587E,12731,10,92.22222222222223,0,0.0,0,0.0,-1,23,578.0,72.69101276040286,181.8956,0.0,28.24452476342056,0.0,107.0974,4.928017820615665,-0.655101504110695,0,1044,0
531FCD46-83A5-4F94-B5DF-71B7B1C992D4,6720,7,76.33333333333333,3,0.16294642857142858,37,2.009672619047619,4,470,223.0,32.46677142985673,145.3582,0.0,16.887163547555915,0.0,54.58672999999997,-10.771247453035738,-0.09573960997298715,0,1044,0
3155C5B4-C6ED-4649-9E4C-8FF87F25F000,10106,6,122.0,1,0.0361171581238868,291,10.510093014051058,882,69,1270.0,312.35065817537816,691.16,0.0,107.83357499485987,0.0,444.04,43.09692052832554,-0.11012136157676268,0,1044,0
F62BD0CA-53E7-4460-BB66-910DBE0F2DDE,3792,1,0.0,0,0.0,0,0.0,-1,675,630.0,168.7384614359842,310.0,0.0,33.298088318646364,0.0,212.0,-10.787226868082968,0.09598864514579662,0,1044,0
E2C1F887-0A50-491D-B7A1-BEDC33CE0F2B,3344,5,201.75,1,0.10915071770334929,359,39.18510765550239,816,132,301.0,67.38368952396105,246.8191,0.0,43.89814489205967,0.0,138.08877999999999,5.126686111532777,0.07529341970126968,0,1044,0
9224BD01-549B-44D0-A062-5E612F54A67D,12731,5,0.0,5,0.1433508758149399,762,21.846673474196844,410,663,100.0,14.030487163494909,77.39868,0.0,11.91861318856465,0.0,28.2959,8.855305395687191,0.09624750108316321,0,1044,0
7084F0EA-F33F-446D-BA3E-7209E8CA9A41,12731,4,46.0,2,0.05734035032597597,84,2.4082947136909905,728,665,314.0,50.271514784149424,173.0,-46.0,26.046549383905855,0.0,85.0,-17.308166018717323,0.08601753531525956,0,1044,1
5859D661-EAE9-4855-8537-DF33D4EC934C,2427,3,116.0,1,0.1503914297486609,434,65.26988051091884,816,664,301.0,30.551110268466697,146.5724,0.0,20.997643288955416,0.0,60.81118,7.5448848269036795,0.010935814083549624,0,1044,0
53BA14D9-3C5C-4616-AB93-017E1C32B497,5283,2,292.0,2,0.13817906492523188,346,23.904978232065115,70,371,274.0,111.88991492818083,206.25,0.0,28.070576273346063,0.0,148.75,-15.451162143458603,0.10111252952515984,0,1044,0
0FEAB975-926F-4BBC-98D3-89BE8924FB20,12731,4,207.33333333333334,12,0.3440421019558558,737,21.129919095122144,84,113,376.0,132.545284797427,430.916,0.02126971,44.49278704699652,0.08601052548896394,194.62694,-12.076268877748745,-0.14535760887063853,0,1044,0
7D8B619B-1A1F-4C8B-B1DB-74F8055D6D1A,3646,2,356.0,2,0.20021941854086672,17,1.701865057597367,146,300,150.0,20.91875488886076,539.1084,0.0,8.417752898901988,0.5005485463521667,31.0,-2.038816617255822,-0.022598697598715984,0,1044,1
5A4968D3-4F8F-4884-B729-C3F532CB9B58,4309,4,172.66666666666666,4,0.3388257136226503,380,32.188442794151776,262,377,301.0,14.84100354276306,40.37077,0.02820016,3.294792088355703,0.0,18.641976,-1.1606447825007145,0.012937139241514769,0,1044,0
7E1FF200-9640-48B3-9D6A-480E4A296740,4876,6,22.2,3,0.2245693191140279,264,19.762100082034454,374,538,251.0,96.73778562687924,152.9352,0.0,13.656203703859267,0.0,113.0518,-2.106233469471846,0.002439315627580669,0,1044,0
DBC62C1B-1683-4972-ABF7-FAD2EBCF66FF,12731,15,56.92857142857143,4,0.11468070065195193,60,1.720210509779279,713,128,461.0,130.59188974886928,319.4197,0.0,72.0693172507015,0.0,197.8693,18.67566556363073,0.07708389539904656,0,1044,0
90294E09-1B40-4D4B-B3A1-2C9C8ABAD9B4,1014,5,88.5,9,3.239644970414201,2696,970.4536489151874,800,581,416.0,40.331034749758544,89.00196,-22.17479,10.252679366518509,0.0,50.16613,7.143936325858739,0.1886178304248428,0,1044,0
C33CE1CE-EF0C-4763-853D-5ADE9D22023B,4252,3,223.0,1,0.08584195672624648,236,20.25870178739417,390,197,602.0,178.35441779166976,286.2,0.0,34.27539417656925,0.0,216.4,1.053491158947537,0.22120638464723183,0,1044,1
D3CE6410-E249-437E-87CD-BAB7A359B7FB,4258,2,35.0,0,0.0,0,0.0,-1,607,452.0,112.34733898099608,291.0,0.0,43.39798652959764,0.0,171.0,18.57071657455947,0.06222544621409027,0,1044,0
96C29E72-3A47-42C9-ADA7-07FF12C18ECF,8394,4,76.66666666666667,1,0.04348344055277579,36,1.5654038598999285,820,490,126.0,40.70820105669866,78.6,0.0,11.861067832544274,0.0,55.7,0.45338844947417556,0.0890251654296236,0,1044,0
C04FEE63-ADE6-4FDF-A858-A00078197C51,1630,6,105.8,0,0.0,0,0.0,-1,406,678.0,49.46733656171108,539.4024,-37.2,27.643556587093826,0.0,86.0,-7.674435327143179,-0.09029429787861241,0,1044,0
335C0ACD-5064-49CF-874F-A665F861F7AE,12731,5,116.75,3,0.08601052548896394,57,1.634199984290315,82,470,225.999,28.41136110783672,799.9007,-4.882813e-05,28.27158628800991,0.05734035032597597,62.75471399999999,22.87662844492383,-0.17910681486193208,0,1044,1
2AD2958A-9832-4E44-8829-835B86560F81,8285,8,125.14285714285714,1,0.04405552202776101,272,11.983101991550996,816,131,901.0,194.71071768749127,386.5273,-13.38,46.14463706012401,0.0,250.42419999999998,-8.581251038571509,0.09300462248008118,0,1044,0
0F8EA3F7-DE6F-424F-9B2C-73F34BCA6330,4776,6,95.2,1,0.07642378559463986,65,4.967546063651591,310,157,473.0,101.48548652929267,366.7786,0.06575783,53.06617086408055,0.0,174.87032,-62.85269652466304,-5.749331467773414e-12,0,1044,0
51292C18-31ED-4D63-B6FF-52F12960B6B0,2745,7,48.666666666666664,2,0.2659380692167577,485,64.48998178506375,412,341,1247.0,321.74470336550394,787.2072,0.0,188.332285338238,0.0,585.2632,-19.63525804791135,-0.7955496458789885,0,1044,1
77654BD6-E4C2-41AB-9495-B1ECCFD1C628,12731,11,63.4,0,0.0,0,0.0,-1,53,99.9995,7.620467796624858,79.30042,0.0,13.333637416373826,0.0,28.586982,9.815663711260946,0.026483134522913367,0,1044,0
BAAF667E-703D-4EB8-9EF0-B8B82B90AF23,8350,4,263.0,3,0.1311377245508982,1394,60.93532934131736,215,19,251.0,74.82833725445789,177.4,-16.266,20.559344524882004,0.0,101.7,-8.575929847050489,-0.9312288211165765,0,1044,0
5C0A84A2-ACFF-44F6-BD8A-DDA8476E0243,12731,10,67.55555555555556,2,0.05734035032597597,52,1.490849108475375,407,409,269.0,79.2533421910649,1013.519,0.0,22.341322908371815,0.028670175162987983,107.67144,-2.9463806710031832,0.17728347333226074,0,1044,0
5DA4F020-A8EF-4993-9B53-FD9AD31CC80A,12731,3,186.0,4,0.11468070065195193,2132,61.12481344749038,409,622,267.0,80.15779568498672,203.88,0.0,31.194175234915107,0.0,124.0,0.44149752488982585,0.47749622267032416,0,1044,0
312981FC-E0DB-4FC9-A22D-3FBF3758377C,10186,12,47.27272727272727,2,0.07166699391321422,107,3.834184174356961,212,94,235.999,56.50990578448248,129.5776,-28.72266,14.079119653587323,0.0,72.81494,-15.833322630161483,0.0021564362746726183,0,1044,0
494789BE-7AEF-49FA-A3F8-C72011A46C07,4707,6,93.0,0,0.0,0,0.0,-1,148,693.0,107.66278778873887,211.3531,0.0,20.82173730752018,0.0,131.34638,4.4789960499957004,0.3788221098551502,0,1044,0
578C8533-3CBE-4331-9D4F-38BD6E87928C,3416,2,607.0,2,0.21370023419203749,184,19.660421545667447,344,8,452.0,115.63621090929482,302.2222,0.0,81.89807572669696,0.0,229.89412,24.10662536014962,-0.5673955854311492,0,1044,0
C77DC20A-45BB-45CF-91B7-EB9F38FCAB26,2985,8,72.0,2,0.24455611390284757,587,71.77721943048576,621,405,415.0,77.82743492683396,341.644,0.0,40.375699520103616,0.0,132.40821999999997,-12.255825387713585,-0.1660994517217614,0,1044,0
9AB321E0-E4A3-48F6-BB81-9B07AB1BDF9F,4180,2,277.0,3,0.2619617224880383,202,17.638755980861244,344,615,452.0,115.77502633403452,302.0185,0.0,81.66255379942201,0.0,229.76232,24.43253103216921,-0.5536573062999766,0,1044,0
6182B77A-39DC-4FFA-B4DE-4C269400AF62,5578,3,217.0,1,0.06543564001434206,7,0.45804948010039437,759,216,314.0,53.272890178029265,195.0,0.0,19.06105163580603,0.0,78.0,1.2790388343164167,0.001078951219347382,0,1044,0
2FFCC62F-4FEF-4B9C-ACB6-A1EFCDD68B58,12731,16,37.266666666666666,2,0.05734035032597597,63,1.8062210352682428,277,55,235.999,61.098387641330326,399.9634,0.0,15.295457170478006,0.028670175162987983,78.79639,-19.611831260929087,0.02432318074872682,0,1044,0
BF27730A-1062-44DA-AFBF-F53BDC915EC3,12731,4,83.66666666666667,1,0.028670175162987983,15,0.43005262744481976,338,356,261.0,60.90445824349383,282.5585,0.0,22.560476139268246,0.11468070065195193,89.6,0.08767910318826466,0.12971587140856813,0,1044,0
1E07BAE7-73EA-46CE-B7A9-E0370849DB47,1074,10,107.33333333333333,3,1.0195530726256983,129,43.840782122905026,762,19,887.0,183.16371639991476,493.3319,0.0,77.01051091170109,0.0,274.4751,-27.01108535516167,0.1502279626152686,0,1044,0
DD39BD46-C53B-4406-ADFC-44C9D5A4EEFA,922,11,63.6,5,1.9793926247288502,8207,3248.975054229935,102,226,887.0,114.27054460430834,381.1188,-0.46,73.31162959022846,0.0,209.3658,7.021321227250297,0.2576024012940064,0,1044,0
CC375D16-BB36-44E5-AEA2-38D64FFB1798,12731,6,102.6,4,0.11468070065195193,5589,160.23760898593983,46,88,1370.0,318.20169596408374,826.61,-361.73,121.35468945414468,0.0,485.26,-67.26867435914548,0.5397161275052362,0,1044,1
E57197DC-6EA9-4F3C-B3EB-4ED92D17A6C6,1028,5,89.0,0,0.0,0,0.0,-1,603,452.0,85.39412081051375,248.4846,0.0,39.97466983627106,0.0,143.5327,1.8031499973566127,0.0914931592474031,0,1044,0
FB435CCC-49EC-4293-9E12-8848430AB34B,3766,3,245.0,6,0.5815188528943176,1078,104.47955390334573,27,374,301.0,75.81804959482783,208.2538,0.0,23.53585625376722,0.0,101.5839,32.12115117163668,0.5642808922165417,0,1044,0
049F4E33-511A-40DA-AEE8-FA4368601894,12731,9,25.25,3,0.08601052548896394,47,1.3474982326604352,172,436,470.0,160.15987719575892,1008.07,0.0,54.27585344064235,0.1720210509779279,212.50507999999996,-5.278368985882395,-0.08593458194099676,0,1044,0
552652D8-4570-4DA8-A1B0-E419BC77A04B,8561,7,131.83333333333334,0,0.0,0,0.0,-1,207,472.0,139.79498180307337,471.0,0.0,31.221271177929978,0.0,176.7426,-0.1310831541536004,-0.10557280310054488,0,1044,0
68AA5796-52C8-484F-9DCB-DB5E8835BEF9,6980,10,46.0,1,0.052292263610315186,434,22.69484240687679,108,299,452.0,110.98665026409458,245.2874,0.0,24.424243458444344,0.0,139.21174,-11.52095541862056,0.714723006880489,0,1044,0
796651F4-2341-4804-915D-A592B87EC674,12731,8,76.71428571428571,0,0.0,0,0.0,-1,56,472.0,155.32950363267875,732.7881,0.0,69.9454369568024,0.1433508758149399,216.0645,-73.44090863743182,2.9084332152479058,0,1044,0
1610F0BE-08DA-4EA2-A731-A68E5D89F150,12731,10,82.55555555555556,10,0.2867017516298798,2551,73.13761684078234,127,173,259.0,76.99456288369065,214.3982,-15.06,24.72617269254282,0.0,103.55118,33.98155696661799,0.594163263248011,0,1044,0
DCB8F634-92D6-4E91-A14F-1E1BA289F0F2,2817,3,45.5,1,0.12957046503372383,375,48.58892438764643,816,503,151.0,11.040379959354413,29.4,-11.20524,4.094181216634696,0.0,15.68,1.5464950406455866,0.018453623675522016,0,1044,0
6796302D-5EE7-4A4A-8EF0-46CFBEB168EB,12731,8,31.428571428571427,0,0.0,0,0.0,-1,441,259.0,96.12040539012303,2029.0,0.0,28.998392996081026,0.1433508758149399,127.3,-5.311801995061302,-0.019652843515290723,0,1044,0
E589611A-9F2F-43DD-B486-B63BD2FCA1F3,12731,1,0.0,1,0.028670175162987983,129,3.69845259602545,816,594,141.0,27.916253579096363,125.9,0.0,14.530995962492714,0.0,48.4,3.32086062298697,0.1269355842923319,0,1044,0
E1CFEB9D-B220-4FC7-9D44-E63904BCEF82,5452,4,180.0,7,0.46863536316947907,351,23.498716067498165,6,325,395.0,174.27110302794674,361.9185,0.01429563,37.521511471231264,0.0,222.7612,-12.722193844486071,0.07875933819083496,0,1044,1
6DED620A-7A47-4EDC-96E1-CF9E74554308,604,11,32.3,6,3.6258278145695364,29795,18005.256622516554,292,264,678.0,123.76363369245837,382.0,0.0,89.42677369926359,0.0,238.0,2.79848050507249,-0.07295762394089902,0,710,0
94C39812-BC1C-485D-A316-AEDD8B235507,7960,6,159.2,0,0.0,0,0.0,-1,140,489.0,107.58630216216936,254.0,0.0,26.65514482495008,0.0,142.0,10.264006479805943,-0.03408697004214185,0,1044,0
97CB5650-DC04-4E1A-8A96-782066AEADFA,12731,12,75.18181818181819,10,0.2867017516298798,1634,46.84706621632236,378,37,218.999,37.00624877320117,173.0347,0.0,40.099424984374714,0.0,81.401844,17.164652132710998,0.02806519114160308,0,1044,0
5B376294-316F-478F-8235-507F0B951C67,3401,6,102.2,2,0.21464275213172598,28,3.0049985298441637,541,81,490.0,122.54182116033093,270.8837,-103.9867,31.55009356928108,0.0,160.283,-4.673245079235244,0.1441941534537374,0,1044,0
FBEDE38E-E6F2-4587-9B05-3A116BFA9A28,3487,5,144.0,2,0.20934901061084024,561,58.72239747634069,608,11,452.0,116.67313326875978,249.8689,0.009360424,20.229057536383735,0.0,141.39584,8.651731456215074,0.07573745328215566,0,1044,0
739D0037-CFA2-4D01-9B9C-F24DA571991E,5457,12,84.36363636363636,1,0.06688656771119662,38,2.541689573025472,820,7,261.0,30.270872793035227,235.4852,0.0,13.950601811148843,0.0,48.0,-8.553627422664857,-0.05620078267552463,0,1044,0
3697A454-05B7-4A7F-9EFD-A7C6EC7A63BF,8440,6,89.2,4,0.17298578199052134,576,24.90995260663507,277,576,266.0,76.74704633388065,223.5,-2.492714,28.082451660863732,0.0,115.1,-3.0478333708405216,-0.08011455460781124,0,1044,0
8B3CBC04-0E04-4D93-B8EC-53C1D5B36F6A,2631,2,0.0,0,0.0,0,0.0,-1,573,347.0,21.211431011738725,122.5566,0.0,12.004453360494882,0.0,38.42054,2.8630592696655945,-0.027266871537262965,0,1044,0
48530EFB-01FE-4AF6-AE0A-8AF27F3F3003,9111,9,107.25,2,0.08012292832839425,44,1.7627044232246734,511,20,261.0,104.20688741272387,378.6778,0.0,47.78752588851408,0.20030732082098562,164.3,15.467178945300816,0.26215088854123436,0,1044,0
161BB03E-9934-47A2-AF1E-6D2E5420371A,12731,39,22.13157894736842,0,0.0,0,0.0,-1,8,1083.0,212.84350954573196,915.5884,0.0,107.16033800499436,0.0,350.769,-27.087641390824558,0.18517511015239152,0,1044,0
575F6BD7-B6D0-4D7D-88A1-ADE8E25DCCE1,5199,5,129.75,0,0.0,0,0.0,-1,400,400.0,91.8762838416807,282.4227,0.0,47.643100028380566,0.0,157.0,-25.861237545384412,-0.11641726459149,0,1044,0
3D02237E-52DC-48D0-A424-F9146A2FE717,12731,3,66.0,2,0.05734035032597597,217,6.221428010368392,302,483,98.0,36.04519924940217,95.8,0.0,17.835670543816143,0.0,56.5,0.6871927358601795,0.01284848836747081,0,1044,0
AEBAED0D-838D-4DFE-A656-A2B31FD07529,5356,4,95.0,2,0.1362957430918596,67,4.565907393577296,46,562,511.0,53.1925080843663,218.0,0.02005204,25.059950324913935,0.0,86.34069,5.709167181451598,-0.04613436727636808,0,1044,0
38FBACB2-837D-4E4E-8D03-B5E91A48F188,12731,9,64.75,3,0.08601052548896394,764,21.904013824522817,373,233,803.0,208.48704160257648,532.1503,0.0,63.61407603682708,0.0,284.9579,-6.402753743780181,0.1776257696232914,0,1044,0
CE80BE38-EA62-41E0-9A23-B701BB719304,2830,3,87.5,1,0.12897526501766785,19,2.450530035335689,443,384,301.0,40.05671285557295,93.741,0.0,17.542492514622218,0.0,61.24651,-0.9271450677643074,0.1270154197626956,0,1044,0
AAE94654-1BF0-4685-9517-9455367E1819,3021,7,82.83333333333333,3,0.36246276067527305,598,72.25091029460444,31,60,1246.0,287.1550077013442,692.8052,0.0,156.94754490016572,0.0,511.38126,-28.45680895892133,-0.12306743029622978,0,1044,0
3FF158E7-DC5F-4CD0-9142-09E24B0EF3EC,8195,6,39.2,0,0.0,0,0.0,-1,559,753.0,198.27615021135438,420.0439,0.0,58.08265089765446,0.0,274.585,-30.82869057246549,-0.18732851614299242,0,1044,0
0B6F7610-23BE-4C8A-BE40-A7682629EE32,12731,3,238.5,5,0.1433508758149399,20629,591.437043437279,221,81,538.0,66.87261967913834,212.6221,0.0,35.72982338014147,0.0,109.0942,-48.638914926051925,-0.6189261648157758,0,1044,0
1DE88476-8617-4FC9-91B8-E785414FA395,1793,3,206.5,5,1.0178471834913552,8201,1669.4729503625208,438,145,301.0,76.17204364861637,166.053,0.02312617,18.1502591235824,0.0,99.17468199999999,-21.92613562855464,0.05644156777352001,0,1044,0
83B9B9D3-05E8-471E-8652-A76652FF0CB2,12731,4,242.33333333333334,6,0.1720210509779279,357,10.23525253318671,487,83,450.0,131.5628357990235,386.91,-0.59,38.04824673782354,0.0,182.32,-23.81088055210992,0.37721107429806294,0,1044,0
9D8FC919-9213-48A4-8913-B26BF7EDE3C4,4121,2,474.0,0,0.0,0,0.0,-1,82,452.0,145.72071662059454,352.0,0.0,33.70232624088904,0.0,186.0,-12.901349336643932,0.07313871625656747,0,1044,0
CFED983A-90E5-4DE8-B1A4-0A7C82262203,4550,8,113.0,2,0.16043956043956045,195,15.642857142857144,433,41,803.0,248.22920781584924,489.8071,0.0,71.28216728545466,0.0,324.2798,-17.560595624491214,-0.13108470654836077,0,1044,1
1396E67C-1FD6-42AD-8CDA-88D91DA2D0CD,4122,3,0.5,1,0.08854924793789423,102,9.032023289665212,804,548,452.0,145.75440444949942,352.0,-22.91559,64.64019902640597,0.0,230.0,-18.718833461845094,0.2197056220931479,0,1044,0
14AB8259-78C6-428F-9729-CBCC512979E2,10255,5,58.0,4,0.14236957581667478,244,8.684544124817162,395,549,489.0,90.4498665016101,657.2795,0.0101646,52.75315610344472,0.1779619697708435,162.41881999999995,25.55187616849021,0.2611377522066034,0,1044,0
94CC3F23-A1B2-4EBF-9B32-31E8D31D6B51,12731,8,74.71428571428571,5,0.1433508758149399,4305,123.42510407666326,335,26,99.9995,10.674286678811272,86.06876,0.0,15.602781828475505,0.0,34.752897999999995,6.62897102518564,0.013527504483893208,0,1044,0
3C4021F2-DC7A-43D1-98C1-F6F0A981C668,3457,3,0.5,0,0.0,0,0.0,-1,547,452.0,46.57077074743383,497.0,-49.3,14.068120479858607,0.5279143766271334,65.0,9.032469993306904,-0.02838187613474049,0,1044,0
6F8C19AE-D47E-4D76-99B1-E45A0540A6E4,12731,5,108.0,1,0.028670175162987983,168,4.816589427381981,816,517,88.0,16.05155130309371,232.1056,0.0,17.037635188154017,0.08601052548896394,39.50985,-16.01664400309371,-3.3648296792540056e-17,0,1044,0
F1B37FA2-DFDC-4280-8A70-0E6B55E811E4,2809,3,335.5,2,0.2598789604841581,88,11.434674261302956,50,351,452.0,70.62154645946433,260.5839,0.0,40.97455134075526,0.0,127.43691999999999,-6.343306984155689,-0.3010234994913243,0,1044,0
C9567B67-6E01-40B4-8643-87BA3D0335EE,7244,2,0.0,1,0.05038652678078409,294,14.813638873550524,816,538,134.0,17.99863699489765,113.0878,0.0,6.3871425963135104,0.0,25.99718,3.214543486043709,-0.00707015258155735,0,1044,0
3DF520E4-7689-4A2E-85B9-A5CE7C2FFE86,8736,13,53.333333333333336,0,0.0,0,0.0,-1,271,301.0,22.114506330646723,223.0312,0.0,31.214805443134484,0.0,70.11585,43.092468441729835,0.07096262796898577,0,1044,0
E5A62A8B-D42F-44E2-817F-5ECBCC83891F,9275,9,98.25,4,0.1574123989218329,495,19.47978436657682,204,178,251.0,93.26236896627523,200.9,0.0,32.35121344537023,0.0,133.2,-8.920495142972769,0.07403568161527942,0,1044,0
688156CA-06E3-4EFE-821B-569593790822,10267,9,89.375,2,0.07110158761079186,43,1.528684133632025,59,219,407.0,142.50577523683282,316.0,-44.33382,42.98171926319963,0.0,198.0,-28.77028140967232,0.21666163632445562,0,1044,0
B09C6D2B-450D-45BD-B2B7-ECA2AEA3587E,538,21,37.2,2,1.3568773234200744,36,24.423791821561338,941,264,678.0,153.46952786640645,392.0,0.0,79.76007020359461,0.0,250.0,-27.858416755295337,-0.017919907807668944,0,1044,0
B3276020-5E5D-4551-8248-24160FE39953,5064,8,116.71428571428571,0,0.0,0,0.0,-1,165,870.0,204.35783131793758,437.7909,0.01352869,49.164519370533434,0.0,263.86414,4.485014654284669,0.27321764924092107,0,1044,0
A247B87E-89B6-40DB-A582-6C1219A43347,8285,11,98.8,1,0.04405552202776101,149,6.56427278213639,816,30,901.0,194.8584892434832,388.9512,-10.58407,45.47007225536391,0.0,250.22888,-12.27040871683198,0.052461430946296864,0,1044,1
49CDD374-7817-4DD6-87E1-29355F56E953,12731,6,142.2,4,0.11468070065195193,339,9.719189380252926,330,63,107.0,31.317530622273143,207.9075,0.0,9.258314931781127,0.08601052548896394,40.8,0.7700388221712977,0.1030760713485178,0,1044,0
5EC41322-BCC3-4C82-8C54-BB599A1CA006,7244,2,1.0,1,0.05038652678078409,304,15.317504141358365,816,531,134.0,18.775052847382554,84.49085,0.0,5.8065738432065865,0.0,25.99718,3.1554572671236194,-0.006930162805330227,0,1044,0
D27247AC-2C6B-4730-8EA1-90FD66830349,7510,4,100.0,0,0.0,0,0.0,-1,231,490.0,67.63833032062188,237.5486,0.0,35.63337233492897,0.0,115.315,-5.813523999634214,-0.047263854481637876,0,1044,1
FA5ED7C3-6B48-41CC-BEA7-70D7D89AE087,8714,7,136.16666666666666,7,0.2932063346339224,92,3.853568969474409,516,83,653.0,85.92313251838776,288.7369,0.0,44.72537103918893,0.0,150.90902,17.078232606612232,0.11674435666488424,0,1044,0
C6ED89AF-04D8-447D-8FDB-B2A1CA3FA0B6,6405,8,40.42857142857143,1,0.05698672911787667,93,5.29976580796253,368,527,485.0,73.97344531351561,330.8474,-185.95,57.09375896027081,0.0,166.6999799999999,-3.9602966526514223,0.15157906277261832,0,1044,0
36F1BEA9-9279-4C2D-9BED-A1673776F56D,4724,9,90.25,2,0.15453005927180355,21,1.6225656223539373,368,164,225.999,36.70308829157313,110.5957,0.0,15.221936405270982,0.0,56.41479,0.5423866684577305,-0.004420536830944131,0,1044,1
DB5E61BA-B974-4894-B987-F981DD5A8187,5269,3,227.0,2,0.13854621370278988,199,13.785348263427595,438,72,301.0,76.95679926780925,222.2603,0.03056435,18.210968063937926,0.0,100.56134,-22.8905550171881,0.06567003716057736,0,1044,0
0D0C57C6-4E07-41E5-B24F-238D824A940C,8161,11,71.2,4,0.17889964465139077,326,14.580321039088346,773,182,739.0,206.79072908796405,600.0,0.0,107.29863175275979,0.0,340.33627999999993,44.47472994521493,-0.2556629254465851,0,1044,0
1D9ED9B6-C222-46DE-B61F-13738452DF11,2434,14,36.69230769230769,3,0.4498767460969597,387,58.034100246507805,64,54,623.0,174.35043322460317,319.2175,0.0,36.10812795111422,0.0,218.1666,19.05289784792771,0.3363536323012668,0,1044,0
430868C8-CCC6-4943-AA95-91E0B2DDBA06,12731,20,45.73684210526316,3,0.08601052548896394,38,1.0894666561935433,62,63,470.0,94.79044066010577,584.5,0.0,76.26159398325244,0.1433508758149399,207.1838,-60.153319602057934,-0.08322539929933861,0,1044,0
EF701F11-B8AF-4832-8DBD-ABB7EABEAC74,12731,13,69.08333333333333,3,0.08601052548896394,103,2.9530280417877623,236,118,126.0,38.353460108576066,96.96001,0.0,16.107829906469068,0.0,59.9,-2.867781632418655,-0.018924122587585534,0,1044,0
003F13BB-8478-4AFF-8754-26F032F8718A,12731,9,110.25,0,0.0,0,0.0,-1,81,489.0,51.71055173286617,227.0,0.0,24.471722633645992,0.0,85.0,3.2232445634301214,-0.22427551641041196,0,1044,0
9ADF1D5F-5918-4C45-9473-FE6880E5EA89,12731,2,1.0,2,0.05734035032597597,233,6.6801508129762,237,521,788.0,223.51021206958112,435.63,0.0,79.18748217833155,0.0,305.11,-75.80979694612432,2.091824178110654,0,1044,0
56029DF6-E1ED-42ED-97A6-FBFBC73376C3,12731,13,15.75,1,0.028670175162987983,29,0.8314350797266515,618,448,470.0,165.96951728311365,960.56,0.0,45.50585456047811,0.1720210509779279,212.83681999999993,-11.240737665058106,-0.08748985492908756,0,1044,0
9A79782A-BB1D-48A4-BEDA-3A1D87A148CC,12731,8,90.0,2,0.05734035032597597,68,1.9495719110831828,221,183,138.0,32.24737429672211,522.5793,0.0,12.638961234189644,0.2006912261409159,48.498062,-4.3756858148548226,0.04464859407291667,0,1044,0
E4C6B277-46F2-497F-9115-2465A88659BF,12731,2,3.0,2,0.05734035032597597,43,1.2328175320084833,537,516,792.0,227.23914379158978,444.45,0.02,57.732412123378005,0.0,307.25,-47.58543005702188,0.311368910999369,0,1044,0
5540E277-052D-4923-BB5E-0376C62450BB,1720,5,68.0,23,4.880813953488372,298,63.23837209302325,168,243,361.0,63.62263945672957,342.4075,-2.0,38.751489564579714,0.0,116.49725999999998,-8.401291653272786,-0.46007133803811356,0,1044,0
3915581C-6D6F-45E7-B556-603E272C0F03,1717,4,113.66666666666667,2,0.42516016307513105,127,26.99767035527082,332,174,472.0,43.91766915302378,241.9371,-16.59344,27.901335262458556,0.0,83.887802,3.2157120249854714,0.09110856061598051,0,1044,0
9F1817D7-7F29-400E-AB9A-FF78AABC7B87,7492,2,267.0,7,0.341030432461292,483,23.53109983982915,247,515,263.0,104.6230891178802,205.8,0.0,21.27364787029319,0.0,129.0,-5.5319780067691084,0.08274607518980508,0,1044,1
667BD908-B879-45F1-BD32-7F82F4C5E358,3049,17,55.625,3,0.3591341423417514,411,49.201377500819945,88,85,1180.0,144.9738814887291,1595.849,0.0,48.30268933945579,0.1197113807805838,200.5036,27.407155429789412,0.2549224901073813,0,1044,0
AA5E904A-D9F8-42BD-BC30-63242884D129,12731,4,86.0,2,0.05734035032597597,483,13.847694603723196,223,513,138.0,15.029406782990403,48.3,0.0,3.2839560939578143,0.0,19.3,1.5666194672410754,0.016453157211494852,0,1044,0
248B4DB8-9DFB-404F-A2A9-CCD9F6648EE7,12731,6,80.4,2,0.05734035032597597,1764,50.5741889875108,111,112,811.0,412.3422774959202,608.3342,-33.22943,38.94689442022008,0.0,447.1516,15.72867630037615,0.1704428369296183,0,1044,0
1C7EBA1D-ADC4-41C3-83DD-A089F8D8D9BB,12731,4,161.66666666666666,2,0.05734035032597597,449,12.872908648181605,557,83,250.0,53.0406530315,297.55,0.0,26.225244956284502,0.1433508758149399,83.98438,-9.512026488290125,0.024342454258143173,0,1044,0
32369048-1F6A-4C9F-ABFB-7778EDF9E872,12731,31,22.4,4,0.11468070065195193,69,1.9782420862461707,14,330,788.0,309.62056931797747,609.91,0.0,107.28977935839939,0.0,447.7279999999999,-50.21370126242192,-0.28342254130622524,0,1044,0
54239F60-1E94-4327-BE4F-348C634509D3,12731,1,0.0,2,0.05734035032597597,2380,68.2350168879114,0,505,920.0,101.68560178508862,377.3804,0.0,39.57808323171974,0.0,150.3067,-3.581203690952819,-0.4323976055492695,0,1044,0
B8847579-5A5D-429D-B6F7-1810F2A7800E,4091,8,71.85714285714286,1,0.08922023955023221,236,21.055976533854803,816,505,269.0,128.89270617543815,216.9,0.0,21.80326082619261,0.0,155.1,-26.676919138401104,0.02340867413891079,0,1044,0
64883052-ADC7-4180-929D-CA9A2E68CB69,6473,9,105.625,1,0.056388073536227414,286,16.12698903136104,694,71,399.0,89.77208087132894,273.0,0.0,49.369194412815204,0.0,157.0,-24.606648772563503,-0.11257642690233764,0,1044,0
9A68001A-05D9-4FBC-AD45-F66F2745BF7F,12731,4,148.66666666666666,2,0.05734035032597597,938,26.892624302882727,748,503,88.0,28.994806347971654,233.8802,0.0,8.59376417645724,0.08601052548896394,40.38383,-3.3270997662586907,0.07259762631912836,0,1044,0
13AF42D5-1028-473A-83DD-5333B7836BC2,1701,2,1.0,1,0.21457965902410348,386,82.82774838330394,816,499,831.0,38.03658264309284,162.9753,0.0,22.303558871726818,0.0,67.03882799999997,3.5026336795923427,-0.22608198184142966,0,1044,0
41B39B6C-F9EB-4721-BDE0-27D99E2380C1,5299,2,0.0,1,0.06888092092847707,6,0.4132855255708624,728,498,188.0,34.919362621829514,90.38031,0.01011564,7.852738385598287,0.0,44.021634,4.777596298232218,0.029879153269228357,0,1044,0
60A33438-5964-424A-9A3C-B4A4D69048E0,12731,8,86.57142857142857,5,0.1433508758149399,1614,46.273662713062606,337,97,346.0,123.42115086426826,342.0,0.0,74.6528507106368,0.0,228.0,-0.47439160500900357,-1.567808782977506,0,1044,1
ECE0CACE-DDBE-44BE-96A1-41C159DA9FBD,1504,3,199.0,6,1.4561170212765957,594,144.15558510638297,12,496,453.0,118.74345759421024,437.57,0.0,24.312885832074162,0.0,148.92432,6.291447946839156,0.04125208492120236,0,1044,0
258F7945-6FCA-4CA5-801A-C4E5D9B05288,12731,8,129.42857142857142,1,0.028670175162987983,11,0.3153719267928678,691,33,377.0,126.97117673170048,281.9916,0.0,31.976466352968586,0.0,167.7612,-2.5654736676572583,-0.3166361603726093,0,1044,0
62E7B5B8-FA81-4B52-8CB2-EE7D19382A7F,12731,12,84.9090909090909,9,0.25803157646689184,442,12.672217422040688,261,61,266.0,120.67441016324543,241.5016,0.0,29.592597248947843,0.0,149.12055999999998,-4.759924857689882,0.3754011940167698,0,1044,0
925E60E9-F346-41CF-87A0-E44ACDE15F51,12731,8,93.57142857142857,0,0.0,0,0.0,-1,200,470.0,73.25798143929408,354.7485,0.0,59.40155800748183,0.0,153.6987,37.09757417073678,-0.2082037525734794,0,1044,0
966BD1FE-5DD4-41D7-AF98-7C128185B402,12731,5,114.0,1,0.028670175162987983,19,0.5447333280967717,25,279,496.0,166.71933913331378,360.7178,0.0,50.30844390719193,0.0,218.3167,-59.173294206616234,-3.655307227132222,0,1044,0
FCB862B1-ABE5-48AA-B81F-C5CEB36E1E0F,12731,11,61.9,3,0.08601052548896394,137,3.9278139973293538,438,405,269.0,151.61625871395552,269.3,0.0,31.77830883866133,0.028670175162987983,190.5,-28.126490195437,0.2834288869681058,0,1044,0
14BEAC7E-9296-44CC-9D7A-24892B1FDEDB,12731,4,2.6666666666666665,1,0.028670175162987983,231,6.622810462650224,816,479,811.0,415.3496800309072,613.5336,0.0,31.853378873182233,0.0,452.351,14.357331612611347,0.16940675307951375,0,1044,0
B2BFFF06-E91B-405F-994C-DC504CC9B88E,8544,13,50.166666666666664,8,0.34176029962546817,512,21.872659176029963,16,83,259.0,63.66808977798798,542.3265,0.0,24.274334839440638,0.21360018726591762,91.5,1.79336855534536,0.019981805023880604,0,1044,0
0A516F19-B818-4F5B-9812-54A6EC55126E,12731,9,62.0,4,0.11468070065195193,445,12.758227947529653,503,125,85.0,38.18313923707261,69.96094,0.0,8.65444735466827,0.0,49.46045,5.881991804594051,0.041547615674962436,0,1044,1
9EDE1B26-525D-4FAF-9A20-517D073AF4A8,9694,5,23.75,2,0.07530431194553332,161,6.061997111615432,238,426,538.0,102.42515146964237,223.3398,0.0,27.055022229075597,0.0,137.5977,-7.302356751278182,0.22889706031428975,0,1044,0
EEA9CEA5-E054-4328-A593-401064F6D49D,9904,6,123.0,4,0.1474151857835218,285,10.50333198707593,342,83,251.0,73.1898616054274,215.8781,0.0,22.50622803621361,0.0,104.88559999999998,-9.311088744161964,0.10586605546232218,0,1044,0
0FF7E89D-2290-45E9-9563-C220858C2851,12731,4,19.0,1,0.028670175162987983,10,0.2867017516298798,691,423,377.0,122.93864639858056,299.762,0.0,32.40555203882124,0.0,164.74,-8.167155193333642,0.01785196132913618,0,1044,1
0AA4184A-5FD1-4EBE-8948-77CB8090CFF3,12731,6,179.0,0,0.0,0,0.0,-1,66,311.0,115.7903156391615,188.9098,0.0,26.105296163320542,0.0,142.96678,-28.647325634416134,0.3594411164422515,0,1044,0
B94308CB-123F-4045-9FE2-F77909423414,12731,3,72.0,3,0.08601052548896394,186,5.332652580315765,753,326,301.0,24.28272862309911,121.0,-24.6,27.370221856060496,0.0,73.0,-15.356494055197876,0.007974692806145451,0,1044,0
9E3EA23E-4B8C-4DA8-9E92-E98097922E74,8511,8,121.14285714285714,3,0.12865703207613677,253,10.8500763717542,511,70,693.0,176.62741742318173,319.0918,0.0,33.990911641015224,0.0,216.4917,-5.983233980280488,0.5545883958889283,0,1044,0
0A50ADC8-70FA-41B2-96B3-B4CB799000D9,3149,3,234.0,1,0.11590981263893299,92890,10766.862496030484,553,418,188.0,40.107683351429124,550.6155,0.0,16.983397902697142,0.46363925055573196,61.0,-0.2726524872315963,0.004211196626888004,0,1044,0
F7581B81-A4E0-4431-ACE4-5424BF6B6594,6292,3,179.5,2,0.11602034329307058,39,2.262396694214876,463,221,188.0,20.555774777355172,88.0,-4.0,13.892711037597211,0.0,41.0,-8.838105024268753,0.027983507337430123,0,1044,0
B9A7AC63-0F8C-4A5C-A032-1EFCCDC25ADA,619,13,41.75,1,0.5896607431340872,22,12.97253634894992,592,240,301.0,43.45158643714921,209.8981,0.0,43.69160210936397,0.0,101.44741999999998,22.852178766554495,0.07075986351189593,0,1044,0
B2E1EA37-EEC2-4D09-8861-23CFEE530360,2834,7,108.83333333333333,3,0.38637967537050105,121,15.583980239943543,312,355,888.0,89.3634144810061,467.1713,0.0,61.716828461889264,0.0,178.52339999999998,-34.384280829771534,-0.24651945225640115,0,1044,0
92ECC55D-ED45-4166-A5B8-EACD1562041F,4815,8,146.42857142857142,4,0.3032191069574247,571,43.284527518172375,93,7,259.0,96.69394666482805,235.5005,-4.737869,25.083377772527264,0.0,128.78838,13.401664826684296,0.20767449364052198,0,1044,0
5CB4CBE4-6402-4AE7-B3DF-98CC6BB720D3,12731,5,30.75,1,0.028670175162987983,85,2.4369648888539786,793,434,259.0,96.36748885945899,224.8,0.0,26.359108873244388,0.0,127.3,-4.755336081681207,-0.010623951059432573,0,1044,0
45FDF356-DD1F-44C2-A584-E941A7EDE373,4066,2,1.0,3,0.2693064436792917,484,43.448106246925725,19,461,301.0,75.87568950333386,235.8924,-28.62403,27.009779161832153,0.0,113.3,-4.13197807895115,0.02057875799348812,0,1044,0
1B3CD8C5-7527-4D02-B0D9-AABD1549A928,3772,1,0.0,2,0.19353128313891835,280,27.09437963944857,401,459,301.0,49.55951387245597,539.7876,0.0,12.588054810415716,0.48382820784729585,64.995114,6.808674180784763,-0.02308694942853916,0,1044,0
71265105-B927-491F-9FBC-F2FA23EE7DA2,12731,6,84.0,1,0.028670175162987983,45,1.2901578823344593,764,190,887.0,178.58212713236128,518.0,0.0,85.62098438620583,0.0,279.0,34.88446237381157,0.4512551275189842,0,1044,0
9F243EB4-BCBA-4017-9DC7-9F43C953F9E3,12731,6,87.8,0,0.0,0,0.0,-1,13,470.0,149.501639214998,262.3901,-14.27516,29.929039481837705,0.0,187.9578,-3.4225623616029566,-0.3636287081877317,0,1044,0
6C0CB2E3-7484-4778-9DF5-1570E497B587,12731,3,168.5,1,0.028670175162987983,7,0.2006912261409159,451,115,988.0,187.4535200863269,489.95,0.0,61.669906436845714,0.0,269.88,58.01038269145084,0.4132471932975334,0,1044,0
1C456EB6-0CF3-4CFD-8D17-BC62269BB4BC,1336,3,3.0,0,0.0,0,0.0,-1,453,452.0,0.5221409666376889,234.013,0.0,7.208646566162644,0.0,0.2821024,-0.489297028836763,-0.00024333940062448673,0,1044,0
C1D7B3B2-D959-41C9-97B4-D1F5AA6E8617,2254,4,158.0,2,0.323868677905945,184,29.79591836734694,25,214,452.0,63.33516622925924,184.0,0.0,30.435152702478135,0.0,106.0,-12.595660056419732,-0.21506919006924732,0,1044,0
11F11A16-C2CE-47F1-9C82-BDB79130A408,5064,9,104.875,2,0.14415481832543442,19,1.3694707740916272,157,158,870.0,201.02856391265942,431.7801,0.05103945,48.62987849599995,0.0,259.81466,3.5158389808591153,0.23405383210871764,0,1044,0
825FD6F8-C5E0-4948-9D32-0296BE1A1638,12731,8,47.42857142857143,3,0.08601052548896394,155,4.443877150263138,438,441,269.0,155.58904685932575,274.8,0.0,32.222403498127136,0.028670175162987983,196.2,-29.17730303216524,0.28940695696302265,1,1044,0
7E4E7B1A-B727-4786-AD49-75E4949A0932,8714,2,0.0,0,0.0,0,0.0,-1,444,432.0,104.91653836971365,193.1,-55.00813,21.969355700389716,0.0,135.34,7.133789562385118,0.032561669136002044,0,1044,0
99D6BD31-288A-4FAE-8C4A-84337D45A57F,12731,19,37.333333333333336,7,0.2006912261409159,107,3.0677087424397143,400,132,302.0,74.9247632776163,247.6685,0.0,35.64889850290207,0.0,111.8408,-8.118745580085417,0.04463559777263923,0,1044,0
EC697299-CD8A-436D-B3EF-9E16C125A226,12731,9,100.625,0,0.0,0,0.0,-1,10,256.0,120.21758570680159,226.0,0.0,33.08748507192231,0.0,163.5,-12.74771687964109,0.23579710915375776,0,1044,0
B9AF7179-5388-49FB-A4F6-BACF792F555B,12731,7,146.33333333333334,3,0.08601052548896394,74,2.121592962061111,816,56,266.0,112.77141220434697,538.0,0.0,29.38003813359857,0.1433508758149399,148.4,-29.284992451106234,-0.0909393820903491,0,1044,0
59C704E4-CEE2-4F85-B5CB-B668829E57E1,4178,1,0.0,3,0.262087123025371,326,28.48013403542365,219,440,452.0,207.147059308345,433.9721,0.09083761,42.024881749155426,0.0,261.3987,13.362532229463625,0.10194521411687511,0,1044,0
1DB47FC0-1369-4CD2-A113-85AD76DD1CDA,4415,2,134.0,7,0.5787089467723668,462,38.19479048697622,337,305,1665.0,131.27956866749372,788.5336,-9.271603,137.36230018114674,0.0,333.19853999999987,161.5920428228921,1.5513032983210975,0,1044,0
FD4C51BB-D7BE-4399-A257-91CC3787DE7E,7016,13,78.25,2,0.1040478905359179,34,1.7688141391106043,72,73,485.0,83.36784172693785,524.1211,0.0,60.25673651463139,0.26011972633979474,156.0059,-44.981454542524276,0.009788512239132328,0,1044,0
A1CC1BDB-781D-462B-A8B9-24B955DD0178,12731,7,125.16666666666667,1,0.028670175162987983,17,0.4873929777707957,1028,187,276.0,81.0356538012598,161.5831,0.0,23.92955494644432,0.0,107.4219,16.205913474974764,0.11132842182382052,0,1044,0
7ACED623-4DAA-4992-A633-5FA69828C5D0,1713,5,141.75,2,0.4261529480443666,180,38.353765323992995,1033,373,473.0,52.91368787368482,156.22,-133.8345,25.070454249539686,0.0,86.415982,6.06165469143864,-0.046872681176175324,0,1044,0
373DDDA5-15BC-4199-A764-F67130D6A47E,12731,14,63.69230769230769,1,0.028670175162987983,351,10.063231482208781,289,125,452.0,232.11195649350213,408.1055,0.0,46.941931700160076,0.0,295.1843,7.531994023473175,0.08473004055690853,0,1044,0
1DA594CC-4FA6-41AD-A042-958720AEB69E,12731,8,92.42857142857143,1,0.028670175162987983,35,1.0034561307045795,724,362,259.0,90.68247294377429,176.7,0.0,21.71084717189052,0.0,115.8,-6.767915321089106,0.10568604625334693,0,1044,0
40022EE1-B7D0-4DB3-B86C-62880F6F7616,6843,2,75.0,0,0.0,0,0.0,-1,358,489.0,139.14348493688675,335.0,0.0,39.63935803571817,0.0,190.0,-7.107605307257131,0.04211728242613953,0,1044,0
49D2D922-82B3-4127-A08E-B7B2B5C2588D,12731,8,69.14285714285714,3,0.08601052548896394,569,16.313329667740163,71,111,377.0,156.70452655041336,306.502,0.0,41.432322336471756,0.0,210.8842,34.09173371657738,0.055301593911128495,0,1044,0
C947BAAB-68EA-467B-A2EB-3B6CFA782789,2745,6,12.2,5,0.6648451730418943,686,91.2167577413479,352,369,1247.0,211.43834697993032,1102.826,-3.9,158.39543214379216,0.0,458.41875999999996,138.4558658341129,-0.7513773658931641,0,1044,0
A001F69E-136B-4677-A604-BFCD09CEAF73,4024,1,0.0,4,0.3628230616302187,62,5.6237574552683895,664,433,313.0,53.2930119165773,184.0,0.0,27.68544842186496,0.0,90.0,-18.505743398058783,0.09213077288917138,0,1044,1
F9D5C172-6871-4FEE-8882-253AFB1C2501,6575,3,300.0,0,0.0,0,0.0,-1,400,377.0,64.58939687465214,212.1169,-7.54834,30.062458097898713,0.0,106.46897999999999,4.101629466628722,-0.102542824438901,0,1044,0
56C7011C-9798-4256-BB1E-023A5ECD44EC,4091,2,1.0,0,0.0,0,0.0,-1,429,301.0,28.074061220204896,101.4189,-64.39418,14.122075910664867,0.0,47.235758,-2.808559048136992,0.09292375740853034,0,1044,0
D24AD388-D1CE-4809-88E3-EB3D3A6F5014,9407,11,100.3,1,0.03880089295205698,78,3.0264696502604442,1001,21,181.0,33.24504100049957,148.6832,0.007047985,14.876141132257576,0.0,54.478539999999995,-1.6292793244163128,-0.002838952764249697,0,1044,0
CF40FE82-D363-4D1F-938B-EE8102B0A334,656,1,0.0,0,0.0,0,0.0,-1,424,452.0,77.90658369679583,259.6419,0.0,50.69278088181699,0.0,145.11448000000001,26.399589711460337,-0.18123035279406513,0,780,0
0E41E983-C12B-4075-BE2D-46C19AFCC1C7,2411,4,96.0,4,0.6055578598092078,319,48.29323931978432,227,198,1494.0,625.9817411391689,28313600.0,-73.248,73073.44952276681,0.15138946495230196,612.434,-236.2592465404034,1.504170887009056,1,1044,0
A3F0913E-39A4-45EC-B7E3-40BB476D203B,5215,12,77.27272727272727,4,0.2799616490891659,646,45.213806327900286,67,69,496.0,176.68383636886102,965.02,0.0,44.13148737140246,0.34995206136145734,224.7314,-19.298581695249908,0.15287891922914137,0,1044,0
CE6A579A-7416-4E20-A2F8-3B21E0A04A9A,6015,3,24.0,2,0.12136325852036575,26,1.5777223607647548,43,371,1386.0,335.28595608591394,879.0,0.0,135.8389346202251,0.0,514.7442,-5.910381294247259,-0.5792519065628807,0,1044,0
85B01A8D-4AB0-41E9-ABFF-75BB9ACE6BCE,12731,4,174.66666666666666,4,0.11468070065195193,201,5.762705207760584,382,300,266.0,154.70786434152416,247.5,0.0,23.07398640612904,0.0,182.4,-6.499415267450075,0.2430561786318924,0,1044,0
1BEDC70D-3287-4694-9165-AF42FCD0354B,12731,4,138.33333333333334,8,0.22936140130390387,1160,33.25740318906606,68,0,142.0,17.498770271581726,69.97994,0.0,3.498947380442953,0.0,21.58107,0.10094883387351672,0.03211379026113426,0,1044,0
A90EFE72-06AE-4E04-AAE6-B22F1EE6B388,5318,4,135.0,0,0.0,0,0.0,-1,412,511.0,106.47054958954392,345.482,0.01381847,51.21276075644205,0.0,176.66224,-28.2836016393896,0.2316806256817751,0,1044,0
28CE465F-2312-4D3B-AD39-FCA36090BE92,3977,3,29.0,1,0.09177772190093035,33,3.028664822730702,806,405,188.0,29.32549383735104,101.0,0.0,14.821110380182557,0.0,49.0,-5.847638899079435,-0.020068835658746557,0,1044,0
7E0B653C-DBF7-4B6E-B89E-0FD5F9E0F5AF,9134,5,197.5,1,0.0399605868184804,304,12.148018392818042,1025,223,630.0,111.27174583091649,800.4243,0.0,146.8004184684142,0.0399605868184804,325.67332,166.92498122926867,-0.49982319114071716,0,1044,1
5EE63FB1-43A9-46FA-B067-920C8406EC5C,12731,7,61.0,1,0.028670175162987983,6,0.1720210509779279,46,41,800.0,6.214086042883691,561.5845,0.0,47.052520722663125,0.0,0.0,0.2944940111286547,-0.12263704319349902,0,1044,0
88466642-3067-427F-8CA7-378290AF3079,12731,4,167.33333333333334,2,0.05734035032597597,47,1.3474982326604352,837,408,269.0,66.55017951470421,124.6,-18.6,18.465650381443925,0.0,89.5,-3.998921798654827,0.1501105703492804,0,1044,0
BF6065CE-C857-4CB9-849E-4FD99ABA2556,12731,8,73.42857142857143,0,0.0,0,0.0,-1,182,489.0,124.82924457292826,313.0,0.0,56.39075716701595,0.0,200.0,-10.84537111613814,0.3802704837816267,0,1044,0
2624BF05-3ED5-44F7-93E5-8DFF1CBBDBE9,748,5,175.0,0,0.0,0,0.0,-1,17,99999.0,107.22377262272364,207.0947,0.0,73.59442659020581,0.0,186.7816,16.591940068626684,-0.526329661363965,0,717,0
0D06F5FE-373C-4A1A-BA06-F2C4FDA5507A,12731,2,0.0,0,0.0,0,0.0,-1,402,295.0,88.07787253458739,184.99,0.0,20.444563428828776,0.0,114.39,5.152190737017563,-0.11310248750426724,0,1044,0
C42E7BCE-B693-4075-A043-8BAD0FAEF6E9,3774,2,398.0,2,0.19342872284048754,852,82.4006359300477,848,402,739.0,101.11767320941604,590.0,0.0,170.84381803620937,0.0,513.0,-74.52901580200863,0.028883709923008784,0,1044,0
B04BFC21-3290-4756-A2E7-64B78912DBB3,6437,5,131.0,2,0.11340686655274197,166,9.412769923877583,111,401,472.0,52.54308423694605,250.3052,-310.3609,34.19242841403496,0.0,102.0996,-14.87967384419914,-0.00946760121109119,0,1044,0
B4E33BDE-C3C8-4319-90A5-089A5546D686,12731,2,0.0,1,0.028670175162987983,4,0.11468070065195193,399,400,295.0,90.48565361940223,191.36,-12.30672,21.091653272497858,0.0,117.58,5.619881874424934,-0.1126023949002442,0,1044,0
7B71FC6C-41CF-41A9-8C0D-127B28D9F211,2943,2,0.0,1,0.12402310567448183,305,37.82704723071696,816,395,602.0,79.52338395871975,271.2956,0.04452702,41.17743441648711,0.0,147.12678,45.8258177665889,0.18598125918140673,0,1044,0
8EF70AD9-6B4D-4180-A78E-52B4A563C1CB,1379,8,78.57142857142857,2,0.5293691080493111,46,12.175489485134156,706,153,1247.0,125.21324617121945,492.4829,0.05251756,55.87316506891588,0.0,198.28551999999996,-2.222429963657717,-0.31451344240100454,0,1044,0
43858604-7112-4C41-812A-B7FAA0363D05,15873,3,9.0,0,0.0,0,0.0,-1,372,99999.0,53.467317343865076,80.93739,0.0,15.967022341557513,0.0,58.74228,5.274962656134932,-5.501720571101963e-14,0,416,0
47ED5567-2313-4A87-B35C-774542F6E400,12731,9,37.75,1,0.028670175162987983,6,0.1720210509779279,390,85,627.0,21.27708720984899,483.424,0.0,73.62046251007884,0.0,0.0,225.19206954578374,1.225403675252073,0,1044,1
8E59FCAD-16EF-45D4-AF77-804198137915,8833,2,308.0,1,0.04132231404958678,147,6.074380165289257,408,83,314.0,43.47057697770154,142.2363,0.0,18.919121494485243,0.0,67.91992,-7.120364289862032,0.07837970007576664,0,1044,0
E4018002-6340-496F-A54A-E19B68740521,5000,4,98.66666666666667,2,0.146,11,0.803,625,390,775.0,158.14582836744893,540.5,0.0,47.23123974163427,0.0,226.8,-22.58990195309707,0.03091643758418893,0,1044,0
A6B9150B-39CC-43C1-BD6B-14A8BBC14DB4,6445,9,122.0,3,0.16989914662529093,118,6.682699767261443,291,18,472.0,142.62068759250502,604.0,0.0,34.58671163049799,0.5096974398758728,189.651,-0.6735208756840336,-0.12051117440039337,0,1044,0
C30593A4-376B-47C3-AE95-23F4D64D848F,12731,15,51.0,0,0.0,0,0.0,-1,17,470.0,85.48796489701517,355.79,0.0,51.15483099458436,0.0,156.2805,-21.234920741891727,-0.28136005489960225,0,1044,0
71E2AD5C-CA5C-430F-BC2A-90756CDB3232,6430,6,65.2,3,0.1702954898911353,44,2.4976671850699845,555,342,269.0,101.88622433063074,233.153,0.0,48.03515832352077,0.0,162.192,16.111476728782847,0.2706474588568493,0,1044,0
29754746-2F17-4BD7-8EC4-762BF963B1D6,12731,4,28.0,4,0.11468070065195193,220,6.307438535857356,701,384,138.0,36.78656357617218,89.61,0.0,13.975061020666441,0.0,56.35,4.226947997901895,-0.025310610477786846,0,1044,0
76635ABF-250D-4129-9630-39E925152686,2722,2,0.0,1,0.13409257898603968,118,15.822924320352682,932,384,452.0,152.9552823784063,352.3737,-3.672785,61.570333569238215,0.0,232.00459999999998,8.64050635423257,0.19986575148111513,0,1044,0
5385F0C2-D3E5-405C-89B5-D1756B5597EA,3023,2,34.0,2,0.24148197155143894,122026,14733.539530267944,407,384,188.0,37.72611333565102,86.0,-47.407,15.424147490098953,0.0,55.0,-4.487841730712752,-0.03103469564147029,0,1044,0
8CD521A3-0C86-4E2F-982F-98BEE1A214AA,7991,4,121.0,0,0.0,0,0.0,-1,15,920.0,103.21062340864734,394.4092,0.0,41.78954152793006,0.0,152.71,-7.269094066054748,-0.3619612730539407,0,1044,0
D8AE955C-E591-4791-9CBF-FE419A630610,12731,10,79.55555555555556,0,0.0,0,0.0,-1,111,452.0,244.22927911501588,403.7842,0.0,42.78658274869757,0.0,290.387,-9.234599169028229,0.07683426568987213,0,1044,0
CE5B2C9F-07AD-4F89-8889-80F2C0E4C5B9,5769,3,250.0,1,0.06326919743456405,3,0.18980759230369215,822,114,961.0,192.3754193422902,445.0473,-30.34,58.29553631020535,0.0,268.95426,6.465036852925834,0.26824355743318146,0,1044,0
28DA31FA-71CF-4651-BD2D-702C8645BA99,12731,5,143.0,3,0.08601052548896394,803,23.02215065587935,243,73,450.0,143.20333317790937,306.24,0.0,50.04630511028051,0.0,202.41,-18.557719751983456,0.4169147705705664,0,1044,0
8EE5AAC7-E730-4E0F-814D-0FD7021F3306,1332,3,113.0,0,0.0,0,0.0,-1,147,887.0,97.62809926879241,237.58,0.0,31.441802863367567,0.0,136.68449999999999,-1.8716364624652329,-0.17879766579846162,0,1044,0
98DA4ABA-30CE-4BBD-9C92-A86A1AE277DF,495,6,18.6,0,0.0,0,0.0,-1,315,226.0,22.81266449696013,70.25793,0.0,10.413598712336734,0.0,35.209120000000006,0.9671048626077692,0.016033645546066715,0,507,0
ED2FF8D8-C022-4CA5-BBD1-CF2B7470FD98,6061,3,207.0,1,0.06022108562943409,30,1.8066325688830227,943,369,653.0,141.84838336854128,312.0,0.0,74.42689817238929,0.0,226.5,-14.003244479652395,0.05393344171421951,0,1044,0
D63D69CD-8056-448A-834D-A586FBAD43F9,4043,3,186.5,0,0.0,0,0.0,-1,367,1454.0,261.69416382824545,690.0878,0.0,118.4740890962046,0.0,409.8653,-22.11628901142447,-0.19077325143446067,0,1044,0
3253AA9C-A677-4F6D-8C47-F84B5CF9A766,6724,8,134.0,1,0.05428316478286734,3,0.16284949434860202,727,62,472.0,171.68422632777583,875.9766,0.0,37.86891523770005,0.2714158239143367,217.1631,21.005386937656283,-0.8429328591472153,0,1044,0
705149D9-EC34-47C5-AE18-70CA66BB30E4,10094,7,129.33333333333334,5,0.18080047553001782,444,16.055082227065583,315,172,276.0,114.82962268612573,222.8,0.0,30.409882911782304,0.0,152.84,4.5874606472075925,-0.03826195277892406,0,1044,0
3E5F5EA7-229F-43C5-ACB6-31BB16E119AB,5808,3,88.5,5,0.31422176308539945,177,11.123450413223141,147,234,188.0,22.544854562470444,82.0,-146.6096,9.525566544338314,0.0,34.0,0.8921824745665923,0.07538116274069323,0,1044,0
8822DF66-4505-49AB-A848-E43FE989B197,2282,3,244.0,2,0.31989482909728306,435,69.57712532865906,771,360,800.0,185.0112641928767,339.13,0.0,39.981628395648144,0.0,236.16,37.932748924407264,-0.1312247779792119,0,1044,0
0D0A767F-EBB4-4406-B84D-335B96C1D7AE,12731,5,137.5,0,0.0,0,0.0,-1,215,693.0,158.11642115968914,356.0,0.0,43.25291324985634,0.0,207.9,-11.504553875738509,0.120643838059432,0,1044,0
E515D8AF-829D-4C8C-8EA3-8FB73BDB2737,3576,3,154.0,4,0.4082774049217002,213,21.74077181208054,373,161,150.0,20.331602576485242,84.0,0.0,13.087810416888516,0.0,39.0,-9.093485292534625,0.02569224366976172,0,1044,0
C1BD0250-66A2-4DA0-88F3-7804E8371109,12731,4,53.0,4,0.11468070065195193,221,6.336108711020344,195,357,100.0,34.248559503273896,72.12,-20.2006,13.925199133155406,0.0,49.68,3.3841567400131396,0.033370480024190706,0,1044,0
295C66AE-7C82-4E81-A5DE-E9DD0818BFDF,3890,2,7.0,2,0.18766066838046272,16,1.5012853470437018,787,349,452.0,75.19901044590911,214.0244,0.0,35.155929421452306,0.0,121.98185999999998,-2.4694043270047956,-0.07998580491203157,0,1044,0
D43B94DD-D497-4DC6-8FDA-B97D71C6C380,2750,9,111.625,3,0.3981818181818182,269,35.70363636363636,581,87,473.0,103.01899244406403,263.855,-44.05509,32.42871298527536,0.0,145.752,13.084201285874258,0.5302804619533762,0,1044,0
66E888E2-5EF7-46A2-8D90-4C7EFDF1C081,12731,7,134.5,2,0.05734035032597597,204,5.8487157332495485,815,150,452.0,95.34725974201842,305.7543,-30.05048,63.130790674030195,0.0,156.0,43.23976914995691,0.042277887744349624,0,1044,0
D4C6545C-E04F-44FA-A5E1-F4FF96372DE4,6467,5,150.0,1,0.056440389670635534,79,4.4587907839802075,451,349,266.0,59.526969182634716,251.3341,0.0,39.606977232599256,0.0,117.62691999999998,41.218399699927005,0.25331695445348207,0,1044,0
3A171E90-2058-4BBA-BA24-0F764AB7ADBD,8285,8,76.14285714285714,4,0.17622208811104403,346,15.24321062160531,216,62,450.0,46.613765657551994,460.9563,0.0,35.74414935284875,0.04405552202776101,103.0,-12.129926083012485,-0.09332117003147,0,1044,1
E946F0DA-6E00-490B-A0FD-2C018F732C83,5582,5,121.5,0,0.0,0,0.0,-1,346,858.0,210.40969182945108,841.4727,0.0,71.11229435106375,0.0,293.30580000000003,60.368197553264935,0.1306891610072745,0,1044,0
C2127EBF-00FE-4E9F-B978-E53A692AA9AD,3919,7,53.333333333333336,0,0.0,0,0.0,-1,24,529.0,91.7648518727411,1199.524,0.0,58.80430109957497,0.09313600408267415,160.9497,-7.619393667802825,-0.6255697573022239,0,1044,0
2DA285B5-C033-4B53-A60D-0A7E6ECE1674,3828,4,104.33333333333333,2,0.19070010449320793,324,30.893416927899686,630,343,301.0,78.03795493955117,522.0,-126.4236,27.26066271453416,0.19070010449320793,97.5,-3.7991432111561068,0.032881002684304564,0,1044,0
ABEF99A0-CDEA-4A8F-B398-A42175A5A6E4,5228,1,0.0,1,0.06981637337413925,143,9.983741392501914,816,342,376.0,60.871927625639685,207.48,-181.4281,15.827691522077822,0.0,81.017998,-9.41456795766129,-0.043780190840084464,0,1044,0
2B237092-E2D5-4546-9B3B-00032C042A74,8441,5,67.75,2,0.08648264423646487,94,4.064684279113849,342,342,271.0,73.29815157749314,162.3771,0.0,25.550487240042372,0.0,107.86743999999999,-20.13721889871229,-0.4190019121538959,0,1044,0
A3757C7A-557A-4C32-8414-0181B78DD544,12731,2,243.0,2,0.05734035032597597,23,0.6594140287487236,5,342,301.0,38.0510427837764,128.0,0.0,14.17304561395369,0.0,56.0,-3.142477968961586,-0.05590979453342484,0,1044,0
044D2030-8A75-4C9B-B2C2-D203522170BC,12731,10,68.55555555555556,1,0.028670175162987983,6,0.1720210509779279,343,341,452.0,228.17849170988563,370.1843,0.0,46.68991833714859,0.0,291.3574,5.50092129937363,0.034228516734804385,0,1044,0
09B31A71-CAC2-4E04-B4CF-2E157DE15EF8,438,5,1.0,2,1.6666666666666667,170,141.66666666666669,68,339,452.0,67.8114160384249,147.046,0.0,28.110420085309713,0.0,113.13,-9.448500484412548,0.0708434822062549,0,584,0
AE400705-ECD5-40E8-BD0C-EACA2712A65D,4718,6,145.4,2,0.15472657905892329,63,4.873887240356083,138,0,126.0,46.32720563256443,143.7,0.0,14.19760708385329,0.38681644764730816,64.5,-5.754173225157018,0.040160908068174635,0,1044,0
9D94996F-3AF4-449E-9E14-D8A0FF6B4B2B,4688,5,91.75,0,0.0,0,0.0,-1,335,870.0,323.5390023258308,574.03,0.05112257,63.923311285901804,0.0,400.71684,33.84310231151494,0.9145966408687158,0,1044,0
93ED9622-C4B5-4DF9-809F-49D53655E66A,12731,14,44.07692307692308,1,0.028670175162987983,693,19.86843138795067,743,167,452.0,228.1525786575378,388.0826,0.0,46.60585864616278,0.0,293.3807,11.979002978264646,0.08501230868671583,0,1044,0
90406650-B2C8-4D79-80EB-FBE0051A221C,510,1,0.0,0,0.0,0,0.0,-1,333,416.0,32.64196963156017,152.6105,-320.1438,29.489231271694695,0.0,70.501102,7.006515245677484,-0.037109731010898886,0,780,0
4BBBCD2F-5319-4621-AD46-0CDF609BF552,12731,6,89.8,0,0.0,0,0.0,-1,267,1245.0,592.4482831869017,1138.26,0.0,136.8209609391463,0.0,751.47,88.1295933563083,2.6705473961114583,0,1044,0
0F4626AA-2E91-4390-B948-4686E8B3F4C6,510,1,0.0,0,0.0,0,0.0,-1,331,416.0,32.21895895041691,529.4462,0.0,29.60757121212885,3.5784313725490193,70.22959200000001,7.222420894567655,-0.036794212716001744,0,780,0
8E8B43CF-CAAB-4851-BF3C-B0EA1DB9267E,9613,12,39.90909090909091,3,0.11390824924581297,927,35.197649016956206,465,331,472.0,117.00801725492417,798.7671,0.0,35.810923876043475,0.03796941641527099,159.6069,-32.351864995664926,0.006202080499111528,0,1044,0
7F009C31-F8C1-482C-8931-B8E8A5A7A4D9,6703,3,301.0,3,0.16335968969118303,315,17.152767417574218,12,328,271.0,90.92042053865129,196.3328,0.0,15.423226530239454,0.0,108.56164,2.863459339589454,0.05475228399187898,0,1044,0
781BF431-2FF4-4439-AEEA-8D061FE10A3F,8696,4,103.33333333333333,1,0.041973321067157315,205,8.604530818767248,60,11,1023.0,135.12083943594428,494.345,0.0,79.46285477181648,0.0,247.43679999999995,-10.281325315573895,-0.14984707811448425,0,1044,0
093C4FA8-F9CF-4F3E-B5D6-F4B3FDE93482,4185,4,186.33333333333334,7,0.6105137395459976,681,59.39426523297492,12,314,756.0,245.55654308518785,420.0,-26.54484,37.82338469354777,0.0,292.5,5.1066513592566025,0.24690548215807268,0,1044,1
C20FA49F-6282-409C-B929-B381EFEFBFF9,9596,7,47.666666666666664,7,0.26625677365568984,2420,92.04877032096707,662,304,141.0,38.62835505658542,120.0,0.0,17.651537877171897,0.0,58.49,-6.3509468775730795,0.05948017988043229,0,1044,0
CFFEEEAF-0A23-4D7D-9526-D5875D45E1DD,717,8,117.0,2,1.01813110181311,11593,5901.596931659693,553,111,226.0,45.70154953339505,416.0,-8.7,19.03440241317247,0.509065550906555,67.0,-9.020531014876532,0.014320698028529557,0,1044,0
2947A2FD-92C9-4582-8F94-09CAA38BD4C3,12731,7,19.333333333333332,1,0.028670175162987983,7,0.2006912261409159,274,231,297.0,37.35467300205826,199.05,-37.58214,19.754400995739946,0.0,65.28,-4.469070378601472,0.01752332421009122,0,1044,0
4542F5A7-6E08-48C7-A40D-DF73520189BD,733,8,135.42857142857142,3,1.493860845839018,2703,1345.9686221009551,17,14,226.0,47.057750032249665,361.0,-31.0,19.392990304436818,0.9959072305593453,69.0,-0.7132284273113925,0.013873855025496632,0,1044,0
221573AA-43DA-4D40-ABBF-84545988447F,8619,11,64.4,0,0.0,0,0.0,-1,134,403.0,93.22697646933595,305.9064,0.0,32.31275362793263,0.0,136.7761,-10.16496845104892,0.12281052306192919,0,1044,0
97DA23A0-9719-48C1-A30A-B077EBEAFBA2,9029,3,30.5,0,0.0,0,0.0,-1,293,452.0,113.78755353800449,300.61,-46.17,46.22987429530074,0.0,174.81,21.80977053606958,0.06782239805541762,0,1044,0
D8C2BE43-382E-481B-B564-0245CF70823B,4361,3,125.5,0,0.0,0,0.0,-1,41,99.9995,24.35809805456714,119.8853,0.0,12.899477388960829,0.08369639990827792,42.3584,-6.975894902329486,0.024618941336648784,0,1044,0
D46170DF-C4CF-4244-A0F1-56C7ED6C1D0C,9991,12,57.72727272727273,6,0.21919727754979482,1362,49.75778200380343,122,20,259.0,90.8152854176797,156.75,-121.8648,16.906055137940946,0.0,112.5,8.224703008246223,0.10601981897618579,0,1044,0
65086A22-90E5-418C-8FE5-AFD21B477971,12731,8,78.85714285714286,1,0.028670175162987983,324,9.289136752808107,290,289,555.0,75.83480959161243,344.4,-21.24427,51.295765448971686,0.0,144.0,-6.487309100177242,0.13013712419856976,0,1044,0
70C65F87-2E0A-4FD2-A063-F87E064F9BE1,4970,12,83.63636363636364,1,0.07344064386317907,4,0.2937625754527163,267,15,452.0,127.36149184024192,321.0,0.0,38.01543561714709,0.0,177.0,15.622998900498814,0.3805238301023617,0,1044,0
393BC993-536C-417C-BA81-60FF9F395097,3646,3,0.0,1,0.10010970927043336,192,19.221064179923204,816,285,451.0,143.16853517760842,328.3166,0.0,101.69312255931098,0.0,287.98618,15.233716934937888,-0.48804085749822085,0,1044,0
6ABFCF04-1648-438A-9F7D-D0D42C6A2645,3977,3,115.5,5,0.45888860950465177,247,22.669097309529796,7,286,99.0,14.029191494587916,155.4983,0.0,6.383160512026054,0.6424440533065124,25.3,-7.054507814341003,0.003515048637570934,0,1044,0
B3ED7F8B-BF7D-4EA9-8CF8-764506F8FA14,12731,8,64.85714285714286,5,0.1433508758149399,1146,32.85602073678423,46,39,800.0,293.02329269351947,638.9465,0.0,86.36628338800051,0.0,400.177,-6.5171066209886135,0.21800764816044924,0,1044,0
5CCFA156-830E-46F9-8D51-5815272EFE68,1966,4,153.0,1,0.1856561546286877,92,17.080366225839267,940,279,276.0,115.2209580489186,928.006,0.0,22.943103036782507,0.9282807731434385,143.86017999999999,-4.404604678548253,0.03161089932674333,0,1044,0
C850A04F-46E0-4B44-9B44-2EF8428B8E9C,12731,6,153.0,2,0.05734035032597597,207,5.934726258738513,89,200,1370.0,253.3531633596888,842.9,0.0,133.10471877491088,0.0,439.68399999999997,-59.47746737203448,-0.15542702345530698,0,1044,0
96D134A8-2554-40C7-A6FA-2CE6F76BC128,12731,4,88.0,0,0.0,0,0.0,-1,265,540.0,104.50647518401088,228.0,0.0,39.24324026681641,0.0,157.0,-5.345055430924461,-0.1322886227381618,0,1044,0
20B1E304-E6E1-4BB6-BB65-333FA534C91C,5097,14,57.69230769230769,1,0.07161075142240533,12,0.8593290170688641,405,264,489.0,160.97993105837057,432.0,0.0,72.21399721484028,0.0,251.0,-44.06272426824711,-0.012955931916721047,0,1044,0
B952BE16-2028-45C6-8A6C-F90063BF8DA3,4309,9,49.125,1,0.08470642840566257,321,27.190763518217686,816,259,452.0,131.7223562298857,266.0443,-1.68,42.403028041306115,0.0,189.46722,-31.041075733743725,0.18040792153285978,0,1044,1
52717067-F22C-49F8-971A-C341FB9C58D2,4309,16,49.4,4,0.3388257136226503,327,27.69900208865166,189,224,301.0,14.039560113130815,102.9604,0.01752469,3.45698030057936,0.0,18.189484,-1.2408343367419246,0.011462024998272993,0,1044,0
674D8274-555B-4237-BBE7-4A4DD6B87DED,6992,14,76.3076923076923,3,0.15660755148741418,153,7.986985125858123,225,0,472.0,158.970690579576,482.9102,0.0,38.54383861523818,0.10440503432494279,198.3643,2.161661199744998,-0.32269674875515586,0,1044,0
40BD559B-B854-4802-AAB1-3084DCB120F9,12731,14,61.46153846153846,2,0.05734035032597597,531,15.22386301154662,278,56,100.0,26.12868318377774,235.4852,0.0,9.180850986513429,0.1433508758149399,36.6,-6.811761878607985,-0.32078866067859113,0,1044,0
E10E0B59-BAC2-49E7-A361-9292C7DF3965,349,1,0.0,0,0.0,0,0.0,-1,256,473.0,73.17928346146371,750.047,0.0,41.65630450543514,4.183381088825215,128.1031,2.3994762292770275,0.22180008556822822,0,394,0
0F938D37-20F0-41B2-8539-C48E24236A39,12731,9,91.0,0,0.0,0,0.0,-1,255,800.0,287.0504007770088,456.4819,0.0,68.02196026567579,0.0,370.5322,-0.01706193441623327,-0.05831907725261393,0,1044,0
DD62E7B5-6E77-446E-BD93-B8D728F05646,10253,8,94.57142857142857,5,0.1779966838973959,59,2.1003608699892715,539,49,407.0,174.70754186455468,347.0,-16.82,51.23981817076631,0.0,239.0,-17.50746470406085,-0.07394814403257381,0,1044,0
EB075F9B-63E3-4157-9EB2-E559CBF7AE9E,3223,2,780.0,0,0.0,0,0.0,-1,245,226.0,36.32786294006408,113.1586,-32.85494,17.41570151477039,0.0,60.40716799999999,-10.713617065527043,-0.035860132032902066,0,1044,0
0E8744D7-AFE5-4969-BC9E-C8CF208F4C3E,5969,6,121.0,1,0.06114927123471268,42,2.5682693918579322,182,209,489.0,97.08407966785786,244.2205,-0.4180517,30.04334552591475,0.0,135.8831,-6.340428566005997,-0.05370266671363133,0,1044,0
B0812993-F37E-4499-A0CF-346635825E82,1074,4,239.0,5,1.6992551210428304,140,47.57914338919925,501,233,887.0,188.53035012347547,637.2681,0.0,77.30295680224741,0.0,281.0364,-25.316562324092757,0.1813172094998858,0,1044,0
F885761E-B4E9-4892-966C-BF14A6414F79,6962,8,89.85714285714286,3,0.15728239011778225,69,3.617494972708992,217,227,490.0,87.06904440817374,251.4025,-23.54589,37.31919447093752,0.0,134.9775,-6.213979192201521,0.19560600993194188,0,1044,0
E46E07CE-14C5-488C-A7DA-B4961E2EE29C,12731,7,144.5,2,0.05734035032597597,47,1.3474982326604352,337,157,403.0,43.423158545764586,197.3,0.0,26.664349011564017,0.0,80.1,5.515969540655163,0.3192287628101897,0,1044,0
853B2A98-BB89-4CF7-ACA6-783BAAA2BFD0,2627,2,1.0,1,0.13894175866006853,277,38.48686714883898,816,223,301.0,102.93127882912464,592.7252,0.0,19.350113672450163,0.6947087933003426,129.38988,12.851178943251924,0.061051014711926394,0,1044,0
938B7EB9-30F7-4CC5-916A-3522AEB20D24,12731,6,203.6,0,0.0,0,0.0,-1,14,693.0,140.99707844476322,339.4254,-0.214293,51.367697024583315,0.0,223.13253999999992,-43.04164487609037,-0.37461947655928984,0,1044,0
62350768-56A6-45AA-84FE-ACDA16D3E757,12731,8,93.57142857142857,1,0.028670175162987983,22,0.6307438535857356,824,166,452.0,170.0842965455914,326.0,0.0,52.61157297677524,0.0,233.0,-14.725654570282757,-0.12400410658852996,0,1044,0
65A025C1-444F-4856-870C-D631C3C1A59A,3780,4,186.66666666666666,1,0.09656084656084656,55,5.310846560846561,643,223,452.0,106.23782753185189,297.67,-0.5719568,42.66116068391406,0.0,159.39939999999999,-14.399152425601883,-0.11619085770480438,0,1044,0
6596D8C1-F67C-49FC-BD69-46FCC509FF94,2733,7,37.5,4,0.5342114892060007,112,14.95792169776802,198,71,1181.0,313.78154691207857,674.7599,-4.882999e-06,89.51793363908234,0.0,429.64,-1.4078402308429645,-0.12388331912795966,0,1044,0
E10F250B-888B-4DD7-BDEC-6862BD43F761,12731,6,113.6,0,0.0,0,0.0,-1,137,706.0,214.89284957879636,668.6909,-0.04,88.07576064931743,0.0,309.1736,30.263077844814745,-0.4920963687191884,0,1044,1
CEE998A4-39A9-42D6-81E7-4FA37CF7086C,981,4,223.0,4,1.4882772680937817,272,101.20285423037716,339,161,301.0,120.09504458380718,244.0679,0.0,22.361677758806717,0.0,144.33646,-4.679728199547924,0.3577766830940668,0,989,0
0352433F-3BB4-44E3-8CF2-999700F5D7CF,2715,4,254.33333333333334,5,0.6721915285451197,527,70.84898710865562,397,1,166.0,41.670313179508014,106.7666,-10.78819,10.675284713114765,0.0,56.15134,1.5619986206463068,0.04951448544455193,0,1044,0
819430A9-5491-4BF8-9511-91228BB1B29F,8402,5,202.25,1,0.04344203761009283,304,13.206379433468221,816,70,284.0,31.66854421336602,243.4866,0.0,54.09279300492018,0.0,124.4398,34.6964204918809,-0.03896435068351238,0,1044,1
D6471B2A-9253-4B30-95B0-32699A51325F,12731,3,94.5,4,0.11468070065195193,6284,180.1633807242165,152,214,1370.0,433.63325271270327,871.63,0.0,125.5330397913176,0.0,609.2539999999999,-46.931526632456325,1.5124469430379206,0,1044,0
DB06597D-4FC8-4EA8-976B-6780A98A79E6,874,2,0.0,0,0.0,0,0.0,-1,212,250.0,23.028942152190478,82.2095,-6.962652,13.07975695955359,0.0,38.43515199999999,0.06970177404409128,0.017617758392646912,0,1044,0
86C3E933-98B8-4ADA-827E-279C1C5EF633,2254,3,237.5,2,0.323868677905945,268,43.398402839396624,25,213,452.0,63.60397396903171,231.0,0.0,30.5149035659758,0.0,106.0,-12.754822734463815,-0.2205253392051727,0,1044,0
50268015-DCBB-415F-B4B4-946B81D7272D,3230,3,0.5,0,0.0,0,0.0,-1,212,417.0,38.51569004143159,284.6,0.0,27.562320115234005,0.0,75.7,5.714479711654832,0.31936259849178317,0,1044,0
1ED97052-3D8C-4DFA-8C03-0BD915897D56,874,2,0.0,0,0.0,0,0.0,-1,212,250.0,23.041249934708617,168.0,0.0,13.18876269230422,0.0,38.47734,0.0945301612790388,0.017283677052243807,0,1044,0
983FA7B4-487F-44D5-9898-82D148985D61,12731,6,165.8,2,0.05734035032597597,67,1.9209017359201948,34,55,399.0,152.94507933899033,334.9197,0.0,42.12460788085114,0.0,194.8975,-1.1727294258267307,0.36889337193132593,0,1044,0
B91B5C6C-6661-443C-9A47-A42052D4C8DF,12731,9,95.75,2,0.05734035032597597,130,3.7271227711884376,70,112,251.0,107.83425573014846,199.7,0.0,27.05665872566412,0.0,143.5,-14.900312828913897,0.09730706923114237,0,1044,0
3F087177-A702-4FFD-8DDA-90CAFEBE3427,12731,13,16.25,6,0.1720210509779279,41,1.1754771816825074,65,57,236.0,102.06948181962873,226.7761,0.0,22.811934518187208,0.0,130.0049,-3.145156559597879,-0.14076254641929434,0,1044,0
E5BDAC79-F720-49E4-911E-AD54290DBA2E,327,5,32.25,11,12.2782874617737,1196,1334.9847094801223,64,145,151.0,21.608333729417758,72.591,0.0,14.42421611419667,0.0,36.661,9.443014264409399,0.017940186145493937,0,451,0
C02A2364-7C86-49B5-94A7-1314E72DF8B5,12731,8,139.57142857142858,1,0.028670175162987983,33,0.9461157803786034,33,33,377.0,141.64058849047808,354.35,0.0,32.93075686385698,0.0,168.3655,-47.0746238816818,-0.5081030046914751,0,1044,0
58B83194-807D-4677-9C88-F8300C24D2CF,4877,7,137.83333333333334,6,0.4490465450071765,460,34.42690178388353,212,0,301.0,67.31184978474593,179.6577,0.01739342,11.159650417112363,0.0,81.657806,10.345527071855159,0.08657161870749387,0,1044,0
E4E31BBF-8D77-4DDB-A964-B07912693386,12731,8,38.0,4,0.11468070065195193,385,11.038017437750373,160,27,800.0,293.70038559609526,535.5622,0.0,67.9954837618445,0.0,378.45029999999997,-9.535613851650794,0.13545238404120194,0,1044,0
324AFB1D-3068-4650-930D-2DC56B95C98B,8476,7,92.66666666666667,1,0.04306276545540349,58,2.4976403964134026,406,199,256.0,77.04039173351934,534.6613,0.0,48.27481779458477,0.258376592732421,145.76424,17.017377821202885,1.1654523265442287,0,1044,0
0959092E-7BF9-4CAB-8090-CDF2B9569A6E,1744,1,0.0,0,0.0,0,0.0,-1,199,99999.0,66.5655101196467,302.715,-4.726318,82.0313535604262,0.0,215.2695,14.327882914751456,-0.4079612522872913,0,1044,0
23F740A0-66FE-4729-B02B-EDE286F0663D,12731,19,48.388888888888886,2,0.05734035032597597,58,1.662870159453303,191,74,281.0,80.2833626592152,183.2,-1.996812,24.71923130522172,0.0,111.05,10.035334871648999,0.2866498573211328,0,1044,0
14A135B0-F3E4-4A4E-8FDF-BBD69D993931,12731,14,51.23076923076923,2,0.05734035032597597,27,0.7740947294006756,278,117,887.0,246.6403745201596,593.2,0.0,105.43282417846518,0.0,355.5,53.07794338107496,-0.048465448409560886,0,1044,0
864540A9-190E-422C-ACFE-F9A9823DBA84,2591,3,341.0,1,0.14087225009648785,308,43.388653029718256,816,197,602.0,77.08404348218608,242.8182,0.01071729,41.76671333459034,0.0,145.58346,45.948786445283076,0.18713710786414278,0,1044,0
7A158859-C4BD-4450-B4B5-75650AFC04FB,4410,8,136.14285714285714,1,0.08276643990929705,449,37.162131519274375,816,19,1665.0,133.5427615608025,1553.569,-24.5,137.78642121398914,0.0,335.12076,159.8428770920833,1.5182301890256689,0,1044,0
9E62F979-A179-4F88-86E7-38ACA676731D,3695,3,175.0,2,0.1975642760487145,198,19.558863328822735,785,195,301.0,99.15163334736587,232.2697,0.0,36.78766897170392,0.0,145.22699999999995,4.280947685813146,0.2732278881839802,0,1044,0
0E07EAFD-5109-44B6-8A6B-C76AF6595D2E,2155,4,41.333333333333336,3,0.5081206496519721,248,42.0046403712297,216,161,301.0,90.01631367588774,189.6746,0.0,35.989496080993305,0.0,130.05563999999998,8.522056403356075,0.08808185715425641,0,1044,0
B8E56FCB-06BD-4FED-A6CC-EE00F46BDF56,10302,8,17.571428571428573,5,0.17715006794797128,3677,130.27615996893806,161,123,407.0,178.27774817321335,354.0,0.0,52.95093789887906,0.0,244.0,-18.02111237074422,-0.10170311378191857,0,1044,0
18218745-2D63-4B41-8766-EA8B62385C69,12731,6,138.8,0,0.0,0,0.0,-1,135,489.0,80.3822816168977,234.3736,0.0,25.45413729546164,0.0,111.0,-5.083824826774247,0.32226143602542295,0,1044,0
5C9BE7A7-AA37-485B-909B-00F453F9CE90,4242,1,0.0,2,0.17208863743517208,790,67.97501178689298,753,187,312.0,25.678257098852967,188.0,-8.292095,27.96002932216691,0.0,75.0,-19.197216490481054,0.06098379901531252,0,1044,0
8705BB84-E115-4C31-BD92-8B4A77C586DC,12731,6,132.2,3,0.08601052548896394,1264,36.23910140601681,532,177,200.0,42.81598246817694,106.0,0.0,20.041333587551478,0.0,70.0,-7.142911480522621,0.15686716009746976,0,1044,0
02DE9555-030F-4CEB-9826-8027C8D8866F,12731,5,139.5,4,0.11468070065195193,458,13.130940224648496,816,97,259.0,113.12219287360035,954.9747,0.0,34.63382730924813,0.1433508758149399,154.7322,14.182007304563243,0.09804965710747036,0,1044,0
39A3D048-F051-4059-A42B-7CF3509A5139,6714,5,199.25,2,0.1087280309800417,33,1.7940125111706882,13,177,223.0,32.509456965516335,145.1878,-2.8,16.928985870481316,0.0,54.649734,-10.78473189425862,-0.09666258653777246,0,1044,0
B86D9233-90F3-44E4-A9E8-78D2E0B1DC5A,5141,5,140.25,4,0.2839914413538222,226,16.045516436490953,294,174,490.0,128.04969768655872,280.41,-81.1172,33.6894937291336,0.0,174.63,-6.565946143348839,0.10237061731432459,0,1044,0
822231DC-09F1-428B-A704-46FC74A68F2A,6915,5,167.0,0,0.0,0,0.0,-1,151,1270.0,323.41759934994366,719.12,-5.19811,111.33878786777976,0.0,459.49399999999997,48.24926793400698,-0.17368750028618296,0,1044,0
38238D1F-2E54-4556-A09D-2389F9AEE16E,4828,5,173.0,0,0.0,0,0.0,-1,174,497.0,73.72126057497319,201.0,0.0,37.31971157834155,0.0,126.0,-9.07751057497319,-0.09746419311032828,0,1044,0
13833E7F-3713-4F53-85C4-5A6652F8065A,12731,5,159.0,1,0.028670175162987983,45,1.2901578823344593,817,143,452.0,57.131790350703085,205.2612,0.0,30.437509907200802,0.0,98.40088,-14.142098951412962,0.09339947985863276,0,1044,0
7A3ED9C6-E64E-4BA4-9BDC-8A012AB76DF8,4350,3,283.5,5,0.41954022988505746,230,19.29885057471264,316,167,452.0,166.2566687088594,355.5764,0.0,60.7169553503291,0.0,247.17887999999996,-63.19865098895198,0.0031055783446193017,0,1044,0
0DF7E048-E83E-4498-A720-482CCA458E66,12731,9,114.125,0,0.0,0,0.0,-1,0,266.0,120.61476577937349,194.0,-2.344,22.689015093900068,0.0,148.0,5.149046416614169,0.17570978718555214,0,1044,0
0C85AD71-ABBB-43F0-A0A1-43436145C921,12731,11,90.1,2,0.05734035032597597,37,1.0607964810305555,724,45,259.0,86.79355899898086,170.1,0.0,20.95577676295859,0.0,110.6,-6.213303583085789,0.10259609034201367,0,1044,0
D06E1410-9C36-4BC3-85D0-4F18DDA1A6C2,3107,10,103.0,2,0.2349533311876408,470,55.21403282909559,574,27,831.0,221.8287765982135,994.752,-48.74616,60.586133232435785,0.587383327969102,295.9518,-14.036385767195014,0.1707585861861439,0,1044,0
6443015B-EBB4-426A-BAFF-AFD88D559560,3987,1,0.0,0,0.0,0,0.0,-1,164,250.0,21.523717055173286,100.7812,0.0,14.676151555497052,0.0,44.67572,6.50182503016622,-0.04568043978900713,0,1044,0
4D2A2F97-7674-4BC5-832B-0C7D8D9BD081,8686,4,103.66666666666667,3,0.12606493207460281,290,12.186276767211604,424,108,314.0,63.13284435044996,236.0238,0.0,21.641727440403344,0.0,93.0,-12.223893733166008,-0.1263137195722022,0,1044,0
4E406B15-0671-40D0-BD75-9BEC1D8FB8BB,5291,3,431.5,0,0.0,0,0.0,-1,160,768.0,88.89865702696385,257.9,-6.858307,29.079239621750123,0.0,131.1,16.023935565628747,-0.2832194875454443,0,1044,0
792BCFB4-4F15-47BF-9D97-B18346DF05BB,2701,5,212.75,10,1.3513513513513513,344,46.486486486486484,1,142,301.0,80.39681326704059,187.521,-21.52786,23.92983155854324,0.0,109.04942,-14.524302690265884,-0.07549584482961873,0,1044,0
560FFDCD-48C9-499F-9FFD-8CC02E008B48,12731,8,123.85714285714286,2,0.05734035032597597,108,3.0963789176027023,43,37,800.0,294.4466838001159,841.8126,-63.92524,68.56016439813435,0.05734035032597597,379.24436,-4.237154612461609,-0.18987859061824414,0,1044,0
742017CE-7333-4270-958F-EB2F9006419C,10017,3,127.5,4,0.14575222122391934,102,3.7166816412099433,162,92,491.0,65.97755585177883,288.1,-53.75211,28.54009894088613,0.0,105.9,26.644195691431037,0.224826321722309,0,1044,1
9EB2677B-75FA-4C84-A833-11CE4A5BC09D,5291,3,280.0,1,0.06898506898506898,89,6.13967113967114,722,157,768.0,88.29733182308311,262.8,0.0,30.007767459700034,0.0,132.3,16.186487621361323,-0.2929424471700887,0,1044,0
17A853F8-A8CE-4A1D-AE94-32AF6BC42736,6404,2,63.0,1,0.05699562773266709,323,18.40958775765147,816,94,676.0,96.523833521789,216.8579,0.0,24.563920679437636,0.0,130.7068,33.88619611632829,0.11677901793704988,0,1044,0
0EC82B9E-A2C8-4F31-A054-D53BAC6B8620,2745,7,45.833333333333336,4,0.5318761384335154,549,73.0,352,155,1247.0,212.79195194004413,1120.567,-27.28765,159.29303699344857,0.0,461.12249999999995,138.9176262412831,-0.754800390497259,0,1044,0
50000832-22FC-46AE-B154-E74A23D7E98F,12731,13,49.166666666666664,4,0.11468070065195193,267,7.654936768517792,220,130,256.0,99.69759659303304,191.0078,0.0,26.85638318747105,0.0,131.48758,7.939041706349684,0.07644603895532548,0,1044,0
1FBF8807-07B1-4E64-B30B-C2D1E1877D3D,12731,5,31.0,0,0.0,0,0.0,-1,23,490.0,44.789487662778846,199.9512,0.0,35.15754573194422,0.0,91.55273,19.82198997225202,-0.08359407410100406,0,1044,0
76D18AE2-B110-46B9-BE7B-1E7B80244F9F,12731,7,56.333333333333336,0,0.0,0,0.0,-1,15,452.0,145.57607270377747,345.5612,0.0,19.566721177832495,0.0,165.2344,19.16036100918552,0.28219738380580994,0,1044,0
BB3CE716-58DB-4B32-970C-02A89E44791D,9078,3,283.0,1,0.040207094073584485,83,3.3371888081075123,816,146,264.0,83.13139008973069,168.1,0.0,27.514155912710223,0.0,120.6,10.744250342368076,0.05551851966168781,0,1044,0
48EE7266-1BDE-47A4-82BF-CDD1F395B94F,7646,5,165.25,1,0.0477373790217107,322,15.371436044990844,816,115,103.0,10.379207640949183,35.45337,0.0,2.3804863216099523,0.0,13.50513,-0.3415076409491835,-1.11735371645282e-14,0,1044,0
197B52E6-8B04-4F65-A492-9B84CD190EC9,12731,6,8.6,1,0.028670175162987983,5,0.1433508758149399,61,125,1083.0,292.2516466046893,867.1875,0.0,131.48242692791683,0.0,445.2209,114.89666515148355,-4.677859446792162,0,1044,0
254F228D-C6F6-48B2-B7FC-DD75BF4E652C,5774,3,204.5,7,0.442500865950814,3276,207.09040526498094,121,145,538.0,78.21180630526156,261.5904,0.0,39.24661848221747,0.0,130.7952,15.565045546590284,0.6810871712556527,0,1044,0
32A76D07-F177-4B55-BD4B-878270ADF332,1332,4,76.33333333333333,0,0.0,0,0.0,-1,143,887.0,97.80354761140899,285.0,0.0,31.50242782373154,0.0,136.93142,-2.074208810483057,-0.17985575119480465,0,1044,0
5BFA5E09-A362-42B7-BA96-472D41DC178D,12731,24,33.34782608695652,1,0.028670175162987983,28,0.8027649045636636,724,37,251.0,70.92782812895081,235.7483,0.0,29.539557119060376,0.0,105.7617,-3.64497942440606,0.0970947269658835,0,1044,0
CAFFBD2A-7BF0-4CC7-8871-DB1A6403BF51,9092,5,156.0,3,0.12043554773427188,692,27.780466344038715,112,144,129.0,21.002170280722318,183.0408,0.0,4.393758327572647,0.12043554773427188,26.85059,3.545271243120272,0.02148629299253864,0,1044,0
4841D8B3-A9B2-4003-A5B5-DA09D70BE96C,12731,7,146.5,2,0.05734035032597597,446,12.78689812269264,531,144,377.0,161.82677467529754,605.0,0.0,42.731461711964066,0.05734035032597597,217.62616,35.12405074754196,0.055639823935549566,0,1044,0
E1A8FA71-2D4E-4C7C-8B97-8BBD0C91DA38,2556,2,1.0,0,0.0,0,0.0,-1,143,301.0,70.79451397047167,122.4362,0.0,12.624350067155298,0.0,87.93401,-6.676909015996358,0.1251432448284093,0,1044,0
30D3BFE8-F44A-4B29-9DC6-326B60A5615F,12731,15,35.285714285714285,4,0.11468070065195193,462,13.245620925300448,503,55,85.0,38.31754123597353,71.30127,0.0,8.835096404724617,0.0,49.76807,6.20104235993697,0.04948791995241198,0,1044,1
92905D91-5F31-4F9F-86E5-BF755E08C9DE,4801,5,14.25,1,0.0760258279525099,434,32.99520933138929,816,140,693.0,59.04778689103226,168.75,-1.288032,32.009105878920515,0.0,101.25,-17.983551388717444,-0.128351745387566,0,1044,0
D931B089-7749-4B86-B7B9-766ADA0C110B,327,13,11.5,2,2.232415902140673,1385,1545.948012232416,34,56,804.0,167.3478427858787,598.769,0.0,146.13494829596772,0.0,347.52792,90.04500909768615,0.4100860399122779,0,529,0
39A868D5-CF3F-49E1-9798-927E95D83E24,10017,4,121.0,3,0.10931416591793951,169,6.158031346710592,401,131,157.0,40.22956847581021,70.92947,-58.54089,9.42199899324108,0.0,52.274116,3.9756719151620104,0.06582623890548409,0,1044,0
C129B3A2-C318-4389-9EC5-F6DAFD5593FE,12731,9,46.875,3,0.08601052548896394,68,1.9495719110831828,721,67,1245.0,582.3668354126838,1092.41,-136.64,150.82919780026543,0.0,749.39,65.24517230336562,3.7539888269237585,0,1044,0
A1583F11-F115-4E6B-8407-9F2EE54C0B9F,12731,9,71.875,2,0.05734035032597597,48,1.376168407823423,640,14,489.0,152.55986557128298,320.0,0.0,53.75258793414499,0.0,221.0,-11.624448904616315,0.1381870990015771,0,1044,0
28FD5180-AB14-4ED6-8F46-FBD6DF6BC65F,9195,4,7.0,2,0.07939097335508428,5932,235.47362697117998,741,132,346.0,72.05700307244534,887.392,0.0,40.598971731833394,0.1984774333877107,128.8,18.507047854483673,-0.2133193569694644,0,1044,0
CEC5D20A-7411-4E20-BCF4-9E248A60837E,5810,4,187.66666666666666,4,0.2512908777969019,403,25.317555938037867,442,76,160.0,35.880171215851256,86.31833,0.0,16.832270071309324,0.0,60.067314,10.265578024357083,-0.029966951940105555,0,1044,0
6FDCC79E-AE91-4A12-B0E5-DBC66A0B3E0B,12731,8,26.571428571428573,2,0.05734035032597597,520,14.90849108475375,173,11,489.0,127.2615883605021,534.0536,0.0,49.311112741481686,0.028670175162987983,188.40328,-22.78189445702988,0.12116706403439241,0,1044,1
B3AE58AF-D117-41E1-B509-AB12BD5D8F84,1689,10,56.888888888888886,1,0.21610420367081115,4,0.8644168146832446,600,126,1663.0,272.8481953852702,893.6599,0.09155414,92.05194894754766,0.0,377.1115,42.816335764421126,-0.9700917849772324,0,1044,0
8A9CF1CD-0742-4354-A6DB-E3BCD6310CD5,4816,9,105.375,3,0.22736710963455148,356,26.980897009966775,301,111,251.0,99.27848758064839,241.5,0.0,18.06744085877631,0.0,121.5,-8.643649617685426,-0.017820015502685575,1,1044,0
991CF82D-9B61-487D-94EE-5A0FB7E9A4BC,1066,6,198.6,2,0.6848030018761726,439,150.31425891181988,135,6,888.0,116.97489490191637,413.2542,-40.0093,70.68345648155096,0.0,216.64567999999997,15.404272961509548,0.6117948960141552,0,1044,0
79BE139F-AB21-4F01-AFBF-B966A7F65F35,12731,5,43.5,3,0.08601052548896394,113,3.239729793417642,173,93,452.0,126.83246569783581,2175.495,0.0,46.58230962352294,0.028670175162987983,186.40667999999997,-21.158155878931495,0.34896508243767604,0,1044,0
CE8A429F-C0C8-442C-8ED8-62FA0BE76EEF,12731,8,101.85714285714286,1,0.028670175162987983,25,0.7167543790746995,46,67,803.0,248.44650823296882,801.5453,-586.98,122.33159636889071,0.0,390.7471,84.03754847234808,1.3751369518561787,0,1044,0
6A3BC26D-9625-4E3A-ACD7-46E7225FD9CB,7535,8,109.71428571428571,2,0.09688122096881222,561,27.175182481751825,698,101,208.0,43.03880460888447,118.5336,0.0,18.33312068845794,0.0,67.0,-1.5516804100418753,-0.21585102564844866,0,1044,0
7C97E11E-49F1-4C09-8FFE-9E5694BC59D7,8700,8,65.71428571428571,1,0.04195402298850574,11,0.4614942528735632,38,8,415.0,178.0392349326764,877.0,-6.2784,86.0600110617668,59.742528735632185,241.0,-14.35937894270728,-1.1423728649075062,11,1044,0
A183AE88-0CCD-43E3-9CFD-1C22EA5B9BFC,162,5,7.5,2,4.506172839506172,96,216.2962962962963,49,111,555.0,31.83304249735664,799.0777,0.0,30.509928034560318,4.506172839506172,75.18778400000001,1.6698613713856467,-0.22597790020685005,0,198,0
F758E62E-6DE1-47DD-B4A9-8A8D43EA40F1,4325,7,88.33333333333333,5,0.4219653179190751,1028,86.75606936416185,171,93,452.0,131.74565042922325,2256.745,0.0,47.42775722845311,0.3375722543352601,192.0,-21.316256476291144,0.3660215769795748,0,1044,0
DC1037C6-DB13-4BB4-B5DF-ED9615D88208,7292,6,186.2,1,0.05005485463521668,16,0.8008776741634669,875,18,414.0,40.801911617883526,226.7578,-12.7,36.04491858048942,0.0,83.78905,-39.85503038948846,0.010017314088844483,0,1044,0
BFF392BC-577A-430C-96D3-5D0E2112E162,9266,9,68.875,0,0.0,0,0.0,-1,0,452.0,1.7826703180660373,128.9625,0.0,7.915316032290825,0.0,0.0,15.956961765290442,-0.44412754854359743,0,1044,0
054F99E1-BBE0-4652-BF4E-1D72094A40F4,5448,1,0.0,1,0.06699706314243759,41,2.746879588839941,146,115,490.0,140.99325712849785,349.63,0.0,46.1915310102162,0.0,200.75,-5.45556205365213,0.04920557873329974,0,1044,0
0D2A5155-DBEC-439D-A275-E3705BD72AA8,12731,5,175.75,14,0.4013824522818318,3255,93.32142015552589,84,114,376.0,145.24925399377295,338.0,0.0,48.12005862169906,0.0,211.0,-11.710519425871723,-0.16079099843158304,0,1044,1
15238378-C75A-4456-A293-8EACB714B279,9751,4,227.0,2,0.0748641165008717,11,0.4117526407547944,237,111,151.0,21.13988091227934,43.0,0.0,5.498063668678964,0.0,28.0,-1.1191247394398367,0.039664076040463195,0,1044,0
E6946B30-E217-4772-A8F2-EDDF48594007,328,6,76.6,5,5.564024390243903,145,161.3567073170732,302,84,226.0,45.676247955415825,127.0,-89.3,16.41538277557212,0.0,66.0,-5.779257214675084,0.03182154404060805,0,1044,0
A9CF3A2C-161B-4512-8A8C-CF3B45C25843,12731,8,94.71428571428571,2,0.05734035032597597,290,8.314350797266515,12,4,741.0,248.59371182974417,396.7578,0.0,40.250978460560994,0.0,291.97188,-9.832572877892318,-0.8014085886293965,0,1044,1
452330AD-2F39-4C09-B014-3E21FDCF4046,269,7,33.166666666666664,0,0.0,0,0.0,-1,59,472.0,51.08513178657079,999.1739,0.0,72.06257661368369,4.070631970260223,155.34845,-18.23636854482696,-0.03708249711669797,0,367,0
6D8E26F6-EF80-49A0-A334-86A9CC07606B,12731,4,23.666666666666668,1,0.028670175162987983,16,0.45872280260780773,1028,107,276.0,55.635196055353525,138.1836,0.0,17.595601114822436,0.0,76.085978,-8.579862850723899,-0.051360700839886864,0,1044,0
373BE085-2525-463A-856A-036D6A1FCD2B,9593,4,35.333333333333336,1,0.0380485770874596,91,3.462420514958824,433,108,271.0,25.856755837271113,77.65625,-53.40542,17.33937255432032,0.0,46.77344,6.135916335568396,0.11262808599024234,0,1044,0
99CD5C44-DBCF-4F5D-8CA3-FDD9508FC4FE,2890,11,52.6,1,0.12629757785467127,75,9.472318339100346,203,2,452.0,153.38189299248634,353.7225,0.0,61.75251347146768,0.0,232.56114,8.716870170785256,0.20453937106989692,0,1044,0
98BAFF66-96A5-46FD-AEEB-947E869F99D9,5099,2,0.0,1,0.07158266326730732,7,0.5010786428711512,64,104,1039.0,162.1687152547244,628.5,0.0,79.85856561763109,0.0,271.0,-60.056222970773774,-0.21866105440554523,0,1044,0
0E1EFDA6-4CFD-43ED-941E-2236A69EE917,6459,16,45.733333333333334,3,0.1695308871342313,305,17.235640191980185,674,27,259.0,90.35390028471895,183.75,-8.205465,16.587247417407344,0.0,111.75,10.031921474540312,0.05606860757834363,0,1044,0
6CD33829-8A6C-4778-8BD6-E3606033983A,6621,3,232.5,2,0.1102552484518955,1454,80.15556562452802,38,102,377.0,177.98467524944883,378.556,-7.799988,53.60086264276655,0.05512762422594775,243.776,-25.351790084325387,0.6719866917096486,1,1044,0
2BD05842-C822-4B32-90E6-AE4E4ED497B5,12731,11,86.5,4,0.11468070065195193,125,3.583771895373498,101,85,377.0,127.85562993056547,284.9854,0.0,27.97830541745795,0.0,151.8036,-12.460467648158044,0.07209108592956635,0,1044,0
92D1B331-43BB-4AB4-8533-685FDCE75A8A,7043,2,1.0,0,0.0,0,0.0,-1,97,497.0,90.67993871855163,313.53,0.06,54.990873688701875,0.0,173.2,-17.108248132131877,0.08383092505698113,0,1044,0
76E43C8C-544B-439F-AF27-2FC492938676,5317,8,40.0,7,0.4805341357908595,97,6.658830167387625,217,18,301.0,98.52597605726662,240.8846,0.008972168,17.21341604394395,0.0,124.3705,15.817267793398813,-0.1196554819940056,0,1044,0
E1CB2A4B-6019-49F5-8AC3-700EE7461768,12731,7,124.66666666666667,6,0.1720210509779279,274,7.8556279946587075,125,95,693.0,226.8135651814797,394.6,0.0,27.349279526779245,0.0,258.1,-17.794691724689585,0.16489383691611098,0,1044,0
1AC1C574-BD15-4F62-9C7C-BAFE4220F780,12731,11,51.1,0,0.0,0,0.0,-1,58,706.0,222.34213896842405,1998.465,0.0,87.74509958371826,0.11468070065195193,317.0929,-43.71287442115559,2.9074908583889623,0,1044,1
DF7F18E3-8854-40DA-BBC7-FD0BBFB79A1C,4782,3,426.0,3,0.22898368883312423,426,32.51568381430364,68,92,259.0,66.59505748062155,233.1762,0.01313791,20.34156069200022,0.0,94.11808,-15.361022938126183,0.02885664248972146,0,1044,1
D575E2B8-849E-44B4-ADE1-B032BB48C657,8056,4,249.0,2,0.09061569016881826,619,28.045556107249254,439,83,375.0,138.5706000006393,403.34,0.0,46.34183026069301,0.1359235352532274,194.88,-24.163266181505733,0.2651185437563137,0,1044,0
274A3B8D-5C78-41A0-87DE-1A828ED02C48,689,4,234.66666666666666,4,2.119013062409289,32852,17403.45428156749,88,89,497.0,42.18301147308612,226.0,0.0,34.25299937152516,0.0,91.0,22.336510131852158,0.4366557028073455,0,1044,0
66D9C403-3113-485F-BFE7-C5B5AFCB1D83,8317,12,77.18181818181819,1,0.04388601659252134,528,23.171816760851268,1040,86,739.0,88.74940230691348,443.7591,-50.1,57.518517089864,0.0,171.94825999999998,-34.30543517574065,-0.12086884902691518,0,1044,0
BBB6A57C-8FCC-4797-A32B-C607596EE51F,10049,8,131.42857142857142,3,0.10896606627525127,38935,1414.1979301423028,140,85,489.0,121.09825576745024,350.0,-307.0938,40.36933299495557,0.0,171.0,5.114552874525074,0.3945568268600944,0,1044,0
8CA5C88C-E442-4CAB-9163-07A7295021A4,4121,2,433.0,1,0.08857073525843243,25,2.2142683814608106,157,80,452.0,144.65401965868898,431.1371,0.0,34.07849522328257,0.0,186.0,-11.633032004368005,0.0413479258983606,0,1044,0
20EE3B08-3F70-4CDC-B7CD-B4B6D7EFC497,4004,4,316.3333333333333,1,0.09115884115884117,13,1.1850649350649352,38,64,452.0,183.5081193055213,387.2,0.0,52.462492900765234,0.0,249.6,-44.126944384225,0.9467564306703564,0,1044,0
80F74B56-E49B-456A-AA72-EE7EF373FAB1,5641,4,32.333333333333336,8,0.5176387165396206,598,38.693494061336644,12,76,402.0,118.03424087605828,265.0,0.0,25.660012747182567,0.0,150.0,8.1906819634479,0.07109788359776076,0,1044,1
8D4FE0DC-9C23-4AAF-B28D-2C90851B134F,6961,4,233.66666666666666,5,0.2621749748599339,300,15.730498491596034,75,76,734.0,151.88276084757905,355.0,0.0,45.60332648701539,0.0,208.0,1.4284274440876175,0.20881768776195378,0,1044,0
DB3C99CD-9393-4AAD-B2A4-05740DFA76D1,-36,10,87.33333333333333,1,0.0,652,0.0,268,75,452.0,85.84563069934123,201.0,0.0,23.94211118243153,0.0,118.0,-14.429581316625175,0.053338089293079205,0,1044,0
FF0AA7C0-6553-4E3E-B265-B1FD2B36C206,12731,7,32.5,1,0.028670175162987983,168,4.816589427381981,816,9,251.0,98.770600604017,208.2036,-11.07723,32.218772223821745,0.0,139.696,-11.83856564577765,0.09989611249583395,0,1044,0
14D19538-77CD-4509-8593-134C1D663F49,5935,8,105.0,0,0.0,0,0.0,-1,71,489.0,104.77008124520573,295.1255,0.0,41.79604688716418,0.0,161.07578,-18.689765683708814,0.27309619444968986,0,1044,0
F3C72DA8-746F-4BFA-AF0B-CDB4AFEFD28D,12731,3,341.5,0,0.0,0,0.0,-1,70,312.0,55.54197779213599,136.0,-1.9,20.055281391307958,0.0,82.0,-20.655249397074257,0.012579513703076337,0,1044,0
BF1E6491-B741-4888-90A8-7135C7A10D42,4511,4,303.3333333333333,4,0.3236532919530038,670,54.211926402128135,30,69,225.0,29.579782114691632,69.58008,-0.202634,6.197761624576445,0.0,37.35352,3.9717095287497273,0.05918492094648677,0,1044,0
377D8035-8E88-4BC1-88E2-385158BC0C17,2442,2,47.0,0,0.0,0,0.0,-1,16,302.0,48.090772441694966,1041.261,0.0,21.524184249831148,0.14946764946764945,72.090838,-9.133303207671815,-0.25127856397407894,0,1044,0
0B604511-D550-455C-A815-9F752D51C59E,797,4,44.0,4,1.8318695106649938,231,105.79046424090339,219,28,451.0,196.2849508866097,298.0,0.0,37.06189336875961,0.0,244.0,13.935573804748344,0.011280199201334403,0,500,0
E4F52558-59FE-4BF5-8B4B-4149F3599B93,12731,6,35.2,3,0.08601052548896394,939,26.921294478045716,33,59,1039.0,134.6703825430469,492.7368,0.0,79.07540967598595,0.0,245.5444,-9.78102234551605,-0.16178705430381726,0,1044,0
E7C975C1-526E-4E0E-94D3-6A9ACC47F556,12731,2,0.0,5,0.1433508758149399,260,7.454245542376875,66,61,450.0,103.21869307586243,363.0,-10.35292,43.08248232274747,0.0,160.5,-10.698669927714278,0.12283829622303948,0,1044,0
7C9FD8ED-0444-44C5-BE90-4A54401B42F9,3721,4,57.0,4,0.3923676431066917,383,37.56920182746573,212,28,301.0,67.03649951074757,137.439,0.0,10.927946829379438,0.0,81.408694,7.872745449900577,0.05030491640764918,0,1044,0
2189AC8E-3FEC-4A31-A660-EB794CA97567,7020,9,123.875,3,0.15598290598290598,371,19.28988603988604,352,14,763.0,221.1652018433223,462.7991,0.0,90.71797373199703,0.0,320.4346,-107.45741660451456,-2.2287653003903776,0,1044,1
B0F7390C-6116-4937-8C35-D8F887A7EF90,12731,1,0.0,2,0.05734035032597597,279,7.998978870473647,401,57,261.0,49.08571559414295,125.9868,-106.941,11.3934150856192,0.0,63.864078,5.292206362361675,-0.007024054059281794,0,1044,0
F84DCB9B-F130-4277-A5D2-0A9807D3463D,12731,4,262.0,2,0.05734035032597597,40,1.1468070065195193,640,56,452.0,150.6022164567333,318.0,0.0,52.93354155680029,0.0,218.0,-15.935704111054264,0.2693899109628221,0,1044,0
FFFDB39B-D066-4224-9848-6D9ACF52BE69,2135,3,84.5,2,0.34192037470725994,257,43.93676814988291,815,55,301.2,44.3556648809408,319.9724,0.01071342,13.036839994061818,0.8548009367681499,61.26713399999999,6.073806383453494,0.016410589252309635,0,1044,0
877E4C2A-402B-4EB8-B31A-4B22E138185C,1950,7,150.0,2,0.37435897435897436,37,6.925641025641026,824,55,301.0,74.15972730630064,262.2364,0.0,41.28762968050824,0.0,131.91143999999997,53.79383946761914,0.8320738790047515,0,1044,0
41A1D1DA-43DD-449B-A2DE-37FC4BF6B391,12731,5,68.5,7,0.2006912261409159,856,24.541669939517714,442,55,264.0,112.41815818344469,265.7938,0.0,23.164712179362297,0.028670175162987983,142.70108,-0.02007128506507172,-0.13409407532394277,0,1044,0
EB21CB81-C854-433D-A187-77C1504AF8F9,5013,5,174.25,0,0.0,0,0.0,-1,50,259.0,130.57664822556234,243.8835,0.0,36.560144292763,0.0,180.3218,-16.453475347012954,0.2256026894166309,0,1044,0
D25583F6-FEC0-4046-B2BD-EDC9B903B6C2,4425,8,116.85714285714286,4,0.32994350282485874,735,60.6271186440678,183,32,181.0,58.23303935326184,182.2769,0.0,25.779852045389973,0.32994350282485874,88.74207,-40.50869376710134,0.5627396873631024,0,1044,0
42918901-CC0A-4828-BAFD-BB861E440C5D,12731,4,301.3333333333333,2,0.05734035032597597,182,5.217971879663813,816,45,266.0,113.21570670165927,268.4,-39.4,23.21853083231461,0.028670175162987983,142.6,1.3910679896987403,0.18992100076359575,0,1044,0
123DA990-7674-4A6B-9D4F-61A9223F8AF1,12731,7,99.66666666666667,4,0.11468070065195193,39,1.1181368313565314,458,14,266.0,119.54739024705749,194.4,-3.04,21.8225125870974,0.0,146.16,0.6390734234671953,0.08624820897230467,0,1044,0
7EE736BE-2EFD-402E-BB49-4A8EFD89B1AE,4416,3,59.0,3,0.24796195652173914,78,6.447010869565218,175,48,193.0,24.391453367149147,534.52,0.0,10.027601264711034,0.16530797101449277,35.48093,0.11328959349900103,0.12993849993996123,0,1044,0
4129116B-40CE-4E4F-AD47-C6FC5815983B,372,4,93.0,6,5.887096774193548,781,766.3037634408602,243,48,226.0,50.74370108501461,109.2983,0.0,15.146795261398019,0.0,70.460868,0.02171644662119121,0.0790312026604341,0,360,0
69B934B9-23D6-4AE0-9FFF-FCEEC30B599D,12731,8,99.0,7,0.2006912261409159,962,27.58070850679444,119,48,256.0,4.508223952968739,445.0,0.0,18.655816370743104,0.1720210509779279,0.0,-4.508223952968739,0.0,0,1044,0
9D5E0888-AED0-4421-A5AB-7A8439AAAEA3,5065,2,1.0,4,0.2882527147087858,330,23.780848963474828,146,48,391.0,146.3174629997269,278.5,-604.0,43.85881406257921,0.0,212.5,-20.199060221949125,0.2380629124307742,0,1044,0
4DE3157C-A45C-4533-ADE6-753F54E1D0D1,8966,6,179.8,0,0.0,0,0.0,-1,18,820.0,124.01666854956137,436.0,0.0,73.51260141170798,0.0,228.0,-42.57561916684533,0.016086348108740822,0,1044,0
511322E9-E726-47A3-B34A-2FE59DE46B4A,12731,4,296.3333333333333,2,0.05734035032597597,71,2.0355824365721467,816,44,266.0,116.38863116456734,283.4,-6.466375,24.036741165813353,0.028670175162987983,146.8,1.0970478477783274,0.19522404457787115,0,1044,0
D980B5F9-43F2-4558-84B7-2BEBFA474220,9573,4,250.33333333333334,3,0.11438420557818867,344,13.116055572965633,12,44,271.0,96.0575251509302,209.0926,0.0,16.44354963561083,0.0,115.12536,-0.05421424213389514,-0.03305834510042947,0,1044,1
F2678BD3-6AE1-4216-A103-B84BBD8D527F,12731,12,28.727272727272727,0,0.0,0,0.0,-1,23,788.0,85.14365657077006,452.01,0.0,64.43999338719131,0.0,173.12399999999994,-11.417291601634261,-0.8579412827602172,0,1044,0
7408DC56-68AB-4F1B-AAE4-7BCED4AFE0EB,3631,5,240.0,2,0.2010465436518865,577,58.00192784356926,816,44,151.0,39.37480433233196,276.0,0.0,13.856753291575963,0.5026163591297163,57.5,3.8062334763100125,0.06759372156137904,0,1044,0
26C1600C-6E36-4699-9514-8F4F8B7B5F1C,7629,4,321.3333333333333,3,0.14353126228863547,798,38.17931576877704,181,41,228.0,51.343753187421314,209.0,0.0,18.591139219555238,0.0,75.2,-1.741129730476871,0.05074405619082023,0,1044,0
87B0FC7B-CFC3-4BED-B4D6-B9A86E4C0C34,4727,7,145.16666666666666,2,0.15443198646075734,61,4.710175587053099,25,41,226.0,22.28667387252127,205.8016,0.0,12.56123615944095,0.0,39.2,3.9404557662904587,-0.0036895500516437954,0,1044,0
84A3DB08-E6EA-4D2B-A671-02A8B2D6C633,12731,5,135.75,2,0.05734035032597597,97,2.7810069908098343,739,33,473.0,98.39324371887135,248.0164,0.0,34.153997242210295,0.0,140.8081,-22.89775346169543,-0.8615092827903424,0,1044,0
1EC7AB52-FDE2-44DF-B256-0AF19450EE57,2636,2,0.0,1,0.13846737481031865,61,8.446509863429439,598,32,803.0,130.95155124054975,382.8577,0.0,41.3941929747648,0.0,181.137,2.2827443412403454,0.17002624015298146,0,1044,0
AA75FA33-9E52-47D9-8FEE-A5BC69C0712E,6761,7,152.83333333333334,4,0.2159443869250111,106,5.722526253512794,13,11,223.0,33.20361987521737,148.5255,0.0,17.265229851772567,0.0,55.792601999999995,-11.334396215344064,-0.10022993909221249,0,1044,1
D9EEC8F0-5C25-4E15-857F-5A3C7DB717F9,5452,2,0.0,2,0.1338958180484226,155,10.37692589875275,215,27,804.0,138.8245860187708,446.7563,0.0,44.0007499155069,0.0,187.93905999999998,-0.4044610750979416,0.2005864366455742,0,1044,0
F1ACDD45-7F87-4CDC-A972-21CBC8A9065D,2247,4,263.3333333333333,9,1.4619492656875834,588,95.51401869158877,391,20,208.0,39.35522258497533,464.8922,0.0,21.81780747626555,8.93413440142412,70.94449,19.099881812169727,-0.14368749196117606,0,1044,0
D30FEB9F-EE6F-4D1D-A866-3F9C49A8C632,2112,5,175.5,2,0.3456439393939394,52,8.986742424242424,632,27,452.4,132.2581923343661,399.3103,-35.19893,43.71422887921383,0.0,189.62862,-24.120875750870724,0.014447308688401588,0,1044,0
B69589E2-6807-418A-B60E-EB9DF2CF9414,4535,3,153.5,0,0.0,0,0.0,-1,27,301.0,101.37494542358868,209.3423,0.6445879,26.091045547298975,0.0,132.62008,-18.03269766888961,0.1415086980482266,0,1044,1
807F912E-403C-4C70-8A4E-842A99653258,4884,2,1.0,4,0.2989352989352989,335,25.035831285831286,442,27,264.0,110.92598563180508,524.5007,0.0,22.577642850192184,0.37366912366912364,140.50423999999998,0.2057450325467869,-0.16052772350107117,0,1044,0
11ED973B-5F01-4B0B-813A-97DA58168C83,7220,2,697.0,0,0.0,0,0.0,-1,25,450.0,111.55402239437275,205.66,0.0,24.301020072451347,0.0,142.62,22.758931309330947,-0.09868433460019733,0,1044,0
5274FE5A-D854-4898-BCA6-251B934FF370,1896,1,0.0,1,0.19251054852320676,235,45.23997890295359,26,22,708.0,103.43856220139617,238.0501,0.0,33.77778681904627,0.0,147.1007,3.3306388564742093,-0.23677324659262636,0,1044,0
75C1D0C1-B81B-4D77-92A1-CB0AB19F2E10,12731,8,29.714285714285715,1,0.028670175162987983,28,0.8027649045636636,281,17,306.0,104.08084594835039,464.0,0.0,38.96990121638989,0.1433508758149399,155.2734,-26.389623750125082,0.024579963772260145,0,1044,0
C9DA295C-FDC8-494F-8CD0-864EBF9A2BFE,12731,2,1.0,4,0.11468070065195193,65,1.8635613855942188,15,16,792.0,222.5275101747187,597.37,0.01,56.617559419169204,0.0,301.02,-47.142489341385385,0.2380031285296555,0,1044,1
A3568790-8909-4A14-BC34-BE2796EBAAC2,1265,3,3.5,0,0.0,0,0.0,-1,7,452.0,43.16855301320349,513.7,0.0,26.443944773550093,1.442687747035573,81.249296,-10.09832606000905,0.46329088496432963,0,1044,0
8E9F1020-6887-47D2-897C-C8C8FB015B90,12731,4,314.3333333333333,1,0.028670175162987983,121,3.4690911947215457,70,14,151.0,8.721332605061049,52.8,0.0,2.680759848199068,0.0,11.0,-0.16492828407339388,-0.03683302236673935,0,1044,0
59210FF9-D5FE-4EEF-B238-D10ACCA19706,3425,4,235.33333333333334,4,0.42627737226277373,527,56.16204379562044,82,13,301.0,56.73169013798983,148.7008,0.0,17.23086430543127,0.0,79.20634199999999,7.7829822904052435,-0.044039912290790795,0,1044,0
D85F6C68-413B-4541-B487-97D96FBD9BF0,4825,4,208.33333333333334,1,0.07564766839378238,329,24.8880829015544,816,10,675.0,95.75710030090522,352.6052,0.0,25.218350518194512,0.0,130.396,32.45292704091574,0.013518881699377667,0,1044,0
607B267C-54D0-4206-9517-FE3935888926,6354,7,129.33333333333334,0,0.0,0,0.0,-1,9,489.0,79.09473076735031,229.0,0.0,25.2547921397728,0.0,109.0,-24.913943730313278,-0.7536614602626589,0,1044,0
45D920F7-00C9-4288-B627-F1B234B33629,6430,7,110.16666666666667,0,0.0,0,0.0,-1,9,181.0,60.78663301358183,185.2539,-127.0965,23.52248029152759,0.3973561430793157,89.55078,-12.03751808379787,-0.2709892149722975,0,1044,1
86A0511C-438D-4C45-93B4-5CA8959ACC25,2512,2,0.0,5,0.7265127388535032,65,9.44466560509554,421,6,452.0,79.48388260782605,202.2754,0.0,29.252711039191983,0.0,115.28641999999999,-9.364862523173258,-0.17002942469915244,0,1044,0
222B2D58-B4E6-4608-A993-EE22E726CC11,12731,4,287.0,3,0.08601052548896394,383,10.980677087424397,5,6,78.0,12.594892608467495,187.4019,-96.26875,2.538660747998265,0.1433508758149399,15.558773999999998,1.7070156234152218,0.011883900416579331,0,1044,0
068B377A-FD3C-4F29-9C9A-92AC88378806,4184,6,110.2,1,0.08723709369024857,364,31.754302103250478,816,2,832.0,194.20307727330862,390.0,0.0,44.87411602463535,0.0,250.0,-10.854620483185158,0.03149360003275051,0,1044,0
0F0728DC-114B-4FA9-947E-6DE866090D6D,3510,3,118.5,1,0.10398860398860399,37,3.8475783475783474,746,2,451.0,180.0115038348355,366.5321,-15.44369,59.353068197917736,0.0,251.03209999999999,42.91460680870463,1.2554863637395273,0,1044,1
F23D9E97-D7AD-48C5-848E-EB3BE56A2D84,9792,3,122.0,10,0.3727532679738562,1361,50.73171977124183,18,725,450.0,96.76938631958274,344.45,0.0,47.426383939740546,0.0,152.88399999999993,0.23567309399749092,0.08373141002766597,0,1044,1
F230D24D-7437-46E8-97E4-1683B8C7725F,6980,8,56.57142857142857,1,0.052292263610315186,403,21.07378223495702,444,299,452.0,111.7894514827446,251.2848,0.0,24.76814773598197,0.0,141.8335,-10.334498218084093,0.6920175704641662,0,1044,0
DD781548-7E94-4620-ABAF-F126BA57E2A3,12731,1,0.0,0,0.0,0,0.0,-1,109,1370.0,317.4975598659801,850.39,0.0,128.7705802869833,0.0,492.94399999999996,-56.17099968079492,-0.6878639509681714,0,1044,0
B9DAFA34-ACAD-45A2-9EA9-FA166E912DA2,-2,0,0.0,0,0.0,0,0.0,-1,0,1039.0,0.030081606004032556,101.2645,0.0,1.2821445182675566,0.0,0.0,0.0010003990885600368,0.000518642290543407,0,94,0
0D36B8DE-6935-4684-825C-8EEF2AFB468D,9810,5,240.25,2,0.0744138634046891,1637,60.90774719673802,256,19,150.999,54.83970622377174,259.5215,0.0,23.252195329624026,0.9301732925586137,83.09784,-10.397198295092728,-0.2933623292237016,1,1044,0
7338441F-16FE-4E26-83E1-567455692E6F,3630,1,0.0,2,0.20110192837465565,36,3.6198347107438016,483,344,250.0,62.86023138143038,538.7697,0.0,21.2351653441411,0.20110192837465565,92.0,-12.009305455504453,-0.1202395814755906,0,1044,0
183F635A-7D31-489D-8B9B-0140D4625984,4972,6,168.2,1,0.07341110217216412,5,0.3670555108608206,635,146,682.0,181.70770401010716,302.3207,0.006910498,39.929171999449025,0.0,232.30563999999998,6.767367212115033,-0.003623544484409407,0,1044,0
AEBA6A3D-153A-425E-B838-E54D62817C3C,1981,2,348.0,0,0.0,0,0.0,-1,7,415.68,92.10315398914253,223.68,0.0,29.632964582129976,0.0,129.27282,-8.306450480114762,0.09531956772576297,0,1044,0
C54CE7F4-0609-4E82-ACE8-41E113F04B46,322,4,155.66666666666666,10,11.335403726708075,664,752.6708074534162,12,140,226.0,47.215268590633265,125.2441,0.0,20.732737469912955,0.0,74.34082,-16.15531488692956,0.009784644194726716,0,1044,1
6D91627C-0809-4F4A-B786-CFFA4028E126,4339,3,312.0,2,0.16824153030652222,19,1.5982945379119613,675,13,452.0,132.08384974474944,324.0,0.0,40.34494212324082,0.0,185.0,-4.050593571909928,0.5610309114521596,0,1044,0
6C890ABD-5E44-4EA7-B7D1-7B01729CB2A5,2897,3,67.5,0,0.0,0,0.0,-1,237,452.0,135.20130086686606,260.9429,0.0,29.81762938160559,0.0,172.4322,-6.110676789705565,0.0020638236909564346,0,1044,0
5F0C3A57-9E28-444B-AD0F-C50B861004C1,4972,7,84.0,3,0.22023330651649234,65,4.771721641190668,227,195,682.0,181.96115974237478,301.2452,0.01949582,39.93954776567501,0.0,232.50969999999998,6.741737669662257,-0.016677890033474235,0,1044,0
3287E045-CC5A-44F5-89DA-DCD69DA1E5F1,6642,8,53.142857142857146,6,0.3297199638663053,219,12.034778681120144,296,343,251.0,100.45823412000507,237.9,-86.18622,37.410081305378654,0.0,146.8,4.557693819809742,0.2760729249769331,0,1044,0
168B55CD-3653-4846-B11A-2C029F97E6BE,1426,2,1.0,2,0.511921458625526,292,74.74053295932679,54,55,90.0,3.2931134734185052,7.507507,-131.248,0.9122092247147334,0.0,4.204204,0.4634672713577297,0.0011286687442346763,0,1044,0
31233CF7-B98C-421C-BC39-314064817E1E,3979,4,126.0,1,0.09173159085197286,83,7.613722040713747,44,31,554.0,69.27677102226781,189.7942,0.0,24.937706089014167,0.0,100.5969,19.7991971374544,0.22311462248360844,0,1044,0
81737197-5406-4565-9D1C-43D983177299,7958,3,136.5,1,0.04586579542598643,65,2.981276702689118,299,681,693.0,139.21641232096826,394.656,0.0,54.246628681734954,0.0,216.528,29.83751360495765,-1.4103128287445115,0,1044,0
2E270BD4-33B3-4CB2-B24B-C8E7FFF4B72D,4583,1,0.0,8,0.6371372463451888,1478,117.71110626227362,12,650,402.0,120.50906998414675,390.8688,0.0,24.450328652490292,0.0,150.89498,6.343326899340909,0.045102413287643986,0,1044,0
C3F611C1-25DF-46AE-B06C-114862138B82,974,4,60.0,0,0.0,0,0.0,-1,769,802.0,108.78748751816796,524.6429,0.0,69.23444621998546,0.0,189.6858,53.130128653128324,-1.1457172141613106,0,1044,0
C4B816A6-01D9-49D2-9464-EE4D11138AFE,12731,11,91.9,2,0.05734035032597597,79,2.2649438378760505,338,16,266.0,116.24409066989946,276.2,0.0,24.42484426083036,0.028670175162987983,146.9,-0.09864313903526067,0.14964225121517785,0,1044,0
ED424732-3580-4C2C-9F42-057AED83126A,355,2,143.0,1,1.028169014084507,84,86.36619718309859,44,45,803.0,11.826364736319032,999.9147,0.0,56.211156588039344,9.253521126760564,3.7619246000000266,-8.232200554065946,-0.02348463956638909,0,444,0
5B6A4864-6D93-42FC-94D0-4E97AB2041BB,8034,5,67.0,1,0.0454319143639532,1,0.0454319143639532,639,324,150.0,24.12726011863289,347.0,0.0,23.71345610800317,0.0454319143639532,55.0,13.308388029515257,1.0864818701897476,0,1044,0
9E5EC2AA-D247-40C5-AC4F-1F8592D6DFE7,974,4,271.0,0,0.0,0,0.0,-1,135,802.0,93.5735456977226,288.6543,-121.6507,63.2081273665898,0.0,174.75585999999993,-78.74357618475963,-0.360041365612155,0,1044,0
7EEC2A6F-8B55-4FA9-A5BF-C96FB85F3618,6541,0,0.0,2,0.11160373031646537,9,0.5022167864240942,1025,0,489.0,93.81616231590587,205.0,-187.8,20.74013647542089,0.0,121.0,7.2930197828595595,0.1404544113812899,0,1044,0
F8D8B824-1D6B-4827-9884-6254A2C7CF5B,12731,4,83.66666666666667,1,0.028670175162987983,22,0.6307438535857356,281,275,276.0,96.15811242723827,200.8789,0.0,33.94024912969583,0.0,141.333,-22.25119316998517,0.022500198414112535,0,1044,0
A119817A-A6B1-4E40-AA55-7B3AC6AA0B59,1124,1,0.0,0,0.0,0,0.0,-1,940,453.0,7.1695216181899335,82.88313,0.0,3.762161325638364,0.0,11.463351999999999,-0.45597409380721743,0.018266764973379243,0,1044,0
870FB91B-E5D8-4EA0-B4EA-4A3A8FC2E635,7158,2,19.0,5,0.2549594858899134,110546,5636.950265437274,21,913,798.0,157.9257086510288,377.578,0.0,70.55975125878072,0.0,244.6874,-13.30877460010285,0.011875885125141579,0,1044,0
9E31BE67-A0C8-4797-AAE7-CEAD8350BE84,1052,7,162.33333333333334,1,0.34695817490494296,230,79.80038022813687,998,62,753.0,203.32863465093556,461.1739,0.0,58.880459834353026,0.0,272.0802,-3.939418709577552,0.13494136823000222,0,1044,0
29A38419-1EBD-47A7-9E93-FAF29C4D415A,12731,6,175.2,1,0.028670175162987983,30,0.8601052548896395,337,158,403.0,44.04982275206991,241.4,0.0,27.193222874216787,0.0,81.3,5.608518297312813,0.31584836148034945,0,1044,0
C92771E1-8125-4EDF-A205-E93AE3DADC26,12731,6,158.6,0,0.0,0,0.0,-1,235,739.0,176.0140731806404,430.0,0.0,56.26407506990693,0.0,249.0,9.557840399606505,0.23829816666878703,0,1044,0
A1478965-DF45-4C9E-A2C1-51B8554473DF,1417,5,173.25,2,0.5151729004940014,156,40.18348623853211,332,333,416.0,59.206375317808245,213.4098,-0.03,35.23937189812831,0.0,107.68253999999999,25.109988542693294,0.4336501703775967,0,1044,0
420071ED-4053-473C-BE00-F2AD57C552C9,7110,6,185.0,3,0.1540084388185654,385,19.764416315049225,688,90,264.0,77.81499263959181,169.0,0.0,25.290792446661413,0.0,111.9,8.204320632013136,0.04278540903532622,0,1044,0
144C568D-B7F1-4C0C-9A19-274906B7F19E,12731,2,6.0,0,0.0,0,0.0,-1,1008,262.0,3.704683246917609,185.7422,0.0,20.96227911339295,0.0,0.0,-3.704683246917609,0.0,0,1044,0
4003EE70-B45C-44C7-891F-BB1F6EF6F1CB,12731,5,233.25,2,0.05734035032597597,143,4.099835048307281,383,78,440.0,135.35637299952708,325.1953,0.0,65.14028935642222,0.0,215.8813,-24.62650505585424,0.6205854359299406,0,1044,0
4A54D358-17CE-4805-8FA5-0AA098671906,8743,5,117.25,3,0.12524305158412444,3773,157.5140112089672,397,537,1330.0,246.14089559746748,908.0792,0.0,125.9054533779965,0.0,450.04344,-102.71769482354773,-0.29573123926665895,0,1044,0
18971934-C7F4-4707-BE7F-465705C731B3,4409,2,847.0,3,0.2483556361986845,309,25.580630528464503,288,159,326.0,61.74930340425108,370.4519,0.0,14.628977258457423,0.4139260603311408,80.0,8.028568956088435,0.020845261373649487,0,1044,0
0942C5EB-FC42-41D6-BEFF-7265CCA5583F,12731,4,177.33333333333334,3,0.08601052548896394,2842,81.48063781321184,448,473,276.0,110.89644650862272,217.43,0.0,30.179481935023066,0.0,147.92,5.255350559278526,-0.038415347916865045,0,1044,0
80904C47-EAC6-45D1-96FB-37B55200D33C,3282,2,1.0,0,0.0,0,0.0,-1,1003,301.0,77.78893401290907,180.0,-6.953444,27.997322958705436,0.0,116.25,-4.296746512909067,-0.10106578944367245,0,1044,0
FF9BC881-886E-4CB1-84B1-BB30CDDB0ADD,2789,3,143.5,1,0.13087128002868412,18,2.355683040516314,90,713,451.0,100.60387587944209,232.4771,0.0,37.27628039603973,0.0,140.8762,-16.571363538469853,0.10096844590790986,0,1044,0
612A09FC-6A8A-4303-A78E-87F7616EC271,12731,8,143.28571428571428,1,0.028670175162987983,5,0.1433508758149399,865,21,693.0,138.5646597000806,337.7295,-9.0,46.387743025251936,0.0,211.04729999999998,-44.2450288772411,-0.27003712876862934,0,1044,0
B958F294-B632-4375-82AE-0CBE6CBAF442,1021,3,110.5,8,2.859941234084231,651,232.7277179236043,443,776,301.0,33.67557204926496,68.54248,0.0,12.61350536131431,0.0,45.89844,-2.64579015497484,0.07273539311377723,0,1044,0
CAE06DB1-C28C-4DD7-8229-3FC558CC8FCD,3268,3,184.0,1,0.11168910648714811,37,4.13249694002448,349,629,451.0,180.9781568631359,2099712.0,0.0,5419.477796713219,0.11168910648714811,288.13538,21.712342216339408,-0.47003111031218603,1,1044,0
A67F23BF-12EA-4930-833E-716FD347EA9B,8042,3,471.0,0,0.0,0,0.0,-1,53,1245.0,310.1643353294211,832.57,0.0,126.30389032723987,0.0,482.37,-76.45734458868034,-0.5188056561626556,0,1044,0
C182103F-59D6-42A0-96E7-3C5AB13F279B,5810,4,303.0,6,0.3769363166953528,292,18.344234079173837,442,77,160.0,39.009515204666044,894.3032,0.0,17.55946840843284,0.31411359724612736,63.50249799999998,11.904231942864818,0.0018115128026287477,0,1044,0
040F8C6B-6154-4F65-90DE-0A928E5DF927,2361,6,187.4,8,1.2367640830156712,127,19.633629817873782,218,39,151.0,25.501321965338484,80.31917,0.0,9.720399135107176,0.0,38.515116,-1.7416504219480515,0.012902044733520341,0,1044,0
0A766EC1-AA11-4B41-841B-B550585BD4FA,12731,15,64.92857142857143,0,0.0,0,0.0,-1,64,301.0,125.33412178755323,353.9307,0.0,39.674421555050586,0.1433508758149399,166.7969,-74.15137979604089,0.032869839663857245,0,1044,0
AF6F4292-7FD7-4D2E-8B50-818B9A886964,9337,7,149.0,3,0.11727535611009961,72,2.8146085466423907,342,76,251.0,70.79655614049439,212.4987,0.0,22.045516226957425,0.0,101.91857999999999,-8.61302300013945,0.06468004188765791,0,1044,0
AD25229F-6579-44E2-BF43-AC29981611E0,2883,4,169.33333333333334,2,0.25320846340617414,204,25.82726326742976,816,461,831.0,169.08827817283628,609.7018,-13.30965,31.74881693933173,0.0,207.03154,-6.015501429780727,0.5155591160630052,0,1044,0
C1EC1AEA-C136-48C4-93D2-98466AFE7BC7,3247,3,172.0,3,0.33723437018786573,36,4.046812442254389,444,624,472.0,94.28650801244012,353.5162,-0.0778222,47.51959280957667,0.0,158.9637,16.56302701610926,-0.5475722391694602,0,1044,0
F0BE2E77-EABB-44C4-9A60-79EDF3CD87B7,12731,4,142.0,3,0.08601052548896394,199,5.705364857434609,449,540,251.0,84.03310332085502,179.1,0.0,37.333433724988375,0.0,126.6,-0.8520163663797149,0.07436748366331519,0,1044,0
50CFD97F-A9A9-448D-BFDE-393B797DF7C3,12731,5,177.75,6,0.1720210509779279,233,6.6801508129762,339,252,266.0,122.00774900111236,248.4488,0.0,29.090199711975163,0.0,150.21393999999998,-3.0605075358345744,0.3752307405914471,0,1044,0
78151CF6-B676-4D65-A75E-25D3A6BC8D2B,12731,4,153.66666666666666,4,0.11468070065195193,121,3.4690911947215457,38,503,160.0,61.66529636241316,136.6894,0.0,13.985083047116273,0.0,79.5,2.0623656746238765,0.005487903170426892,0,1044,0
D8DDFCFE-66F5-44DA-9087-612B676696F1,12731,4,130.33333333333334,2,0.05734035032597597,170,4.873929777707957,816,569,269.0,94.72950521025531,186.72,0.0,27.07896309027426,0.0,126.02203999999988,-2.0321483043911144,0.11314435634249309,0,1044,0
56C72817-7EEB-4404-A234-6C6D0755A29D,6217,4,307.0,0,0.0,0,0.0,-1,35,145.0,44.75558307166599,239.5976,0.0,22.696529375805778,0.2935499437027505,74.0,-13.997867022283273,-0.12098395778174593,0,1044,0
5779EC43-21C7-4667-BC05-73CC8E6FED7A,2428,2,794.0,2,0.30065897858319607,99,14.882619439868204,78,157,250.0,50.89637190479194,135.0,-4.577637,15.329721814821509,0.0,70.0,-5.078933633187006,-0.023127455149971318,0,1044,0
0418827B-4B88-4512-9481-DB3A730A5550,12731,5,136.0,1,0.028670175162987983,85,2.4369648888539786,940,405,266.0,105.7404628454575,927.1177,0.0,35.63584957707127,0.1433508758149399,139.7,5.176064932320273,0.04190182372756032,0,1044,0
84793B37-3551-41B0-B566-499DDB1E68FE,7328,2,66.0,1,0.049808951965065504,6,0.29885371179039305,136,948,678.0,70.20524756372937,149.0,0.0,14.279681562543466,0.0,90.0,8.575539473307671,0.14845688539501697,0,1044,0
F880248A-50DD-45A4-AC83-91D3571C3492,12731,4,84.33333333333333,6,0.1720210509779279,79334,2274.519676380489,549,689,99999.0,11.555051484718271,109.5947,0.0,14.675199703194792,0.0,30.95703,-11.555051484718271,0.0,0,1044,0
80C35AF4-575C-4DF8-85E1-1CFE30E08EE3,7327,3,16.5,6,0.2988944997952777,244,12.155042991674629,23,938,126.0,43.33777604923831,111.0351,0.0,17.87895620470827,0.0,67.3828,4.558856680777119,-0.07300939712755122,0,1044,0
87192324-493C-4DB8-9CA3-A519F745E6ED,12731,13,55.916666666666664,2,0.05734035032597597,190,5.447333280967717,785,259,264.0,104.92249105011754,232.1,0.0,39.7716013703903,0.0,154.44,6.24150170914173,0.3002930444052491,0,1044,0
3E2ECBE0-F314-49FB-B271-F42762483208,6410,5,117.0,2,0.1138845553822153,74264,4228.761310452419,21,569,739.0,177.30079364403875,408.3658,0.0,69.86520631219578,0.0,264.2039,-20.26245944033505,-0.031570537876356546,0,1044,0
3D9B1E81-7F71-4E0D-BBE5-F1D7A487CD05,1014,6,16.8,6,2.1597633136094676,729,262.4112426035503,800,847,416.0,40.07389785185743,88.45615,-1.989993,10.544136012077264,0.0,49.96349,7.265431293975908,0.18801588446500814,0,1044,0
7E47271A-9402-41EB-AB36-67F25E9ADADF,1322,4,151.33333333333334,4,1.1043872919818456,158,43.62329803328291,47,466,452.0,121.76354302057592,411.0,0.0,39.45932408174384,0.0,173.0,16.99569872710927,0.11297491780579814,0,1044,0
0DB51A8A-4907-4EAA-9E2E-1EA4B14D04FB,1168,11,89.0,7,2.1875,859,268.4375,420,76,151.0,48.64840263615473,225.4,0.0,18.801408812787383,0.625,72.4,0.2264430473329213,0.17817610079018195,0,1044,0
0D0B09B9-5288-48F2-8CC9-56475F27ABF0,2323,2,116.0,1,0.15712440809298323,35,5.499354283254412,794,908,678.0,109.39233424045776,329.0127,0.0,59.956771515902695,0.0,194.47759999999997,50.906011490252126,0.1744543532127564,0,1044,0
6B14C01A-EAA3-49A8-9309-76CD84D81B27,2171,2,1.0,2,0.3362505757715339,213,35.810686319668356,98,906,602.0,122.98587300874594,322.0629,0.0,46.203988131384115,0.0,180.35356,20.409053795266416,-0.012767852073786924,0,1044,0
7D79BF7B-842E-4995-BE09-FD1FD3655FB3,926,6,164.6,1,0.3941684665226782,49,19.314254859611232,280,77,603.0,108.42415817097351,305.4399,0.0,49.31314346866911,0.0,165.4776,1.2634323152147573,0.1902027544552446,0,948,0
9C5EBED9-6596-468C-AF05-09865B4D5E6E,2427,3,105.5,1,0.1503914297486609,456,68.57849196538938,816,692,301.0,30.668041169738956,176.1974,0.0,21.08660243938212,0.0,61.054758,7.603529178640677,0.011203938600464109,0,1044,0
DF69803E-1C67-4624-ADAB-3F63B21E25AC,12731,6,168.2,0,0.0,0,0.0,-1,59,800.0,271.4672488311124,616.2964,0.0,70.0915495081975,0.0,361.9263,9.910558159628408,-0.040593926822510576,0,1044,1
78761FDA-39E5-4EA9-A4D9-7FDC815F320C,5157,5,92.25,0,0.0,0,0.0,-1,549,400.0,92.26763468363453,273.0,-105.7181,47.82159821397299,0.0,158.0,-25.940628510795023,-0.1166224225213676,0,1044,0
DDB78145-F203-4785-B820-79E009E09EB1,12731,2,1.0,1,0.028670175162987983,81,2.3222841882020266,22,899,489.0,107.67097191044915,225.0,-21.6,28.53589543774725,0.0,145.0,-2.376218824029408,-0.04647453046339571,0,1044,0
7F340B6C-D32A-4F8B-90CD-C862EEA99414,981,2,0.0,0,0.0,0,0.0,-1,889,1454.0,268.8910679109021,614.7714,0.0,112.43387113367747,0.0,403.43399999999997,-37.888960438139804,-1.4818293899402302,0,1044,0
3B353B6F-8AC4-452E-9DC5-A5FBCC9DCFED,4134,4,27.666666666666668,0,0.0,0,0.0,-1,800,452.0,140.27626835945566,360.0,0.0,50.448111936684946,0.0,203.0,-34.41716342118406,-0.09402441087845068,0,1044,0
EC3B46F5-6D6B-45FC-A05A-70A2224997C2,4134,4,25.666666666666668,0,0.0,0,0.0,-1,806,452.0,141.4645911794614,363.0,0.0,50.80340848532078,0.0,204.0,-34.79723006835029,-0.10138603074007271,0,1044,0
95A3ABCE-D88C-4314-A9E9-B8513A60052C,12731,4,296.0,3,0.08601052548896394,177,5.074621003848873,447,41,120.0,44.258851572335416,115.0,0.0,15.11205513788499,0.0,65.0,-18.122894782211958,-0.09145699286151855,0,1044,0
089F8EF0-AC2D-4868-B833-05A867DBEF61,12731,12,69.27272727272727,3,0.08601052548896394,869,24.914382216636557,445,254,706.0,283.616895542061,800.0214,0.0,85.90334622186438,0.08601052548896394,352.075,-47.33123900865053,1.7817504454522466,7,1044,0
38E168C4-670A-4DE6-BE88-9E9A6C7679F7,6724,10,85.88888888888889,4,0.21713265913146937,71,3.8541046995835813,438,158,188.0,41.62668377753502,106.7106,0.0,20.879917810331303,0.0,70.1442,-6.233328321825141,0.1563035358155505,0,1044,0
0E5946F9-90B0-4BC0-9696-BA28B2584FDD,7336,3,0.5,0,0.0,0,0.0,-1,863,2144.0,303.74138674315753,1136.965,0.0,162.79899692510355,0.0,524.9839,-47.28427012741679,-1.0282101655065508,0,1044,0
20EC2CBC-C6A7-403B-ADC6-1A560025E4E4,12731,4,205.66666666666666,2,0.05734035032597597,120,3.440421019558558,551,243,452.0,137.41752197313275,349.4885,0.0,69.57737278119937,0.0,210.0083,17.905539114058598,0.08920712301515604,0,1044,0
783B3D90-1BE7-4FFC-B3A8-DDA22416F1C5,4832,3,69.5,0,0.0,0,0.0,-1,860,251.0,51.38064092112491,121.6339,-48.79591,17.44513812836105,0.0,72.57354,-11.162535398702069,0.082730556161436,0,1044,0
BF613F99-2DCD-4D53-813D-35CBDD081C47,4348,4,277.3333333333333,0,0.0,0,0.0,-1,25,451.0,88.14994324729729,240.0,0.0,19.464489292759403,0.0,114.0,6.3919549008508625,0.17703071481153224,0,1044,0
327067B8-5F05-47D8-B046-55DD26FB513A,12731,5,191.5,1,0.028670175162987983,152,4.357866624774173,587,87,412.0,89.24741059236513,317.3,-9.3,40.023999255507185,0.0,137.91399999999993,2.166665796523759,0.4398462733167093,0,1044,0
E1B23343-11EE-4D06-B68E-1C6E37035CB4,4657,7,69.5,0,0.0,0,0.0,-1,433,628.0,150.31025060524198,308.1528,-144.9404,30.392862449316347,0.0,188.47335999999999,-30.978825312803693,0.35330127079179185,0,1044,0
C97B79D4-FD5E-452D-83B2-30FAA1368686,12731,7,69.83333333333333,1,0.028670175162987983,162,4.644568376404053,816,430,693.0,225.84387818313826,362.8,-25.1,27.274763310835297,0.0,256.9,-17.421293306595032,0.16396281776880403,0,1044,0
B603BEBA-4D07-4357-90B6-856CED27A507,12731,1,0.0,1,0.028670175162987983,42,1.2041473568454952,586,848,450.0,149.32305767783274,335.33,0.0,54.86372869968199,0.0,215.26,-34.36244502351174,-0.23267131173042127,0,1044,1
B5C30833-D82F-4AFF-ABA3-B71921FC635D,12731,8,77.42857142857143,3,0.08601052548896394,34,0.9747859555415914,318,301,683.0,116.46474218495008,459.55,0.0,68.20787700612142,0.0,199.42399999999995,36.61486121011164,0.5883516186267786,0,1044,0
FE5E6CA4-8A0C-4EF9-8E1C-50B67AD61764,4010,1,0.0,2,0.18204488778054861,504,45.87531172069825,223,844,138.0,13.138650908897134,82.0,0.0,3.56036867660534,0.0,17.5,1.2367348935720024,0.017350535960073004,0,1044,0
101E536C-C816-4B20-9C6A-6C97C7CBD9F1,7535,3,377.0,3,0.1453218314532183,80,3.8752488387524884,44,88,208.0,43.65326067482198,213.0,0.0,18.56192074487632,0.04844061048440611,68.0,-19.993113209081237,0.5296472046809619,0,1044,0
CD1ECB28-EEF7-4014-B417-A5A5D5041015,3555,2,768.0,3,0.3080168776371308,381,39.11814345991561,219,64,452.0,204.91397032290794,360.6054,-9.461337,43.446668293856874,0.0,260.36336,13.60327365939915,0.13632677208544108,0,1044,0
0103621A-B5FB-4EAF-B661-5933B9E2990B,12731,13,68.5,3,0.08601052548896394,939,26.921294478045716,18,7,800.0,349.0520167733319,790.2831,-16.18726,94.90218506115392,0.0,461.6089,5.155362138705186,0.6638855159470157,0,1044,0
19BC1D55-5791-4C12-B27E-D8D1D52D5867,898,1,0.0,0,0.0,0,0.0,-1,831,602.0,101.64647349055134,297.9818,-4.394419,57.93955446850507,0.0,172.01973999999998,36.87984297920174,-0.03193303264191027,0,1044,0
4A7D9253-FDDD-405A-B7B0-ACECFA3C0672,12731,8,107.71428571428571,2,0.05734035032597597,68,1.9495719110831828,270,67,800.0,327.6337529809095,685.1807,-0.7576736,93.35504419355708,0.0,435.1501,33.41810329532507,0.5201508239411319,0,1044,0
510E2E04-AAB2-41AA-BAC8-1BFCCA3C09DF,12731,13,45.833333333333336,4,0.11468070065195193,201,5.762705207760584,296,385,264.0,99.48526843872187,244.6,0.0,39.599717335113404,0.0,147.84,7.883279920074415,0.2994247916448553,0,1044,0
91DD3FA9-4DBB-436F-895C-F1C6C1DBDAD9,12731,6,108.0,2,0.05734035032597597,284,8.142329746288587,239,273,1370.0,252.20977503780134,851.17,0.0,139.95233061465103,0.0,450.414,-136.75917704397418,-3.026063698422133,0,1044,0
4E1662A1-23AE-4383-BA23-9721548AB53D,3786,4,9.0,0,0.0,0,0.0,-1,786,887.0,254.68039205445882,737.0,0.0,68.83843054053885,0.0,343.0,59.424160414676976,0.27051745071378186,0,1044,0
39D80A8A-0BD1-44F7-BB17-EBA6C2EF8815,12731,3,172.5,2,0.05734035032597597,21617,619.7631764983112,68,494,455.0,105.5442176547856,343.9453,0.0,59.83055628067541,0.0,187.207,-25.907013647069547,0.1456433951504525,0,1044,0
EB2E1E6A-7867-4982-9FB9-70632A10CDB9,5881,4,189.66666666666666,1,0.06206427478320014,46,2.8549566400272064,817,237,452.0,57.82511810389018,237.6709,-45.50362,33.46992190330941,0.0,101.6052,-12.316527077649447,0.07823668052978616,0,1044,0
1C285E62-A053-48E3-9F57-B8FB2791E2DC,1267,5,171.0,3,0.8642462509865825,725,208.8595106550908,429,121,452.0,102.4540887572522,391.1461,-17.72805,27.985950282250517,0.0,143.284,12.38816917793298,0.045782595857634716,0,1044,0
7A2E33FB-CCD9-484B-A45A-D606B7718AA8,12731,1,0.0,2,0.05734035032597597,8,0.22936140130390387,137,804,151.0,52.750319221725604,288.0,0.0,14.656721469688078,0.05734035032597597,70.0,2.307088185681806,0.02812407110154804,0,1044,0
B162CAC1-5ECC-41A5-82DA-750E8A7DFE7B,6649,3,47.5,1,0.054895473003459164,169,9.277334937584598,816,704,271.0,128.12784524545884,223.5446,-3.0,21.02811482037703,0.0,153.60234,-26.341814273236622,0.023412306023047252,0,1044,0
4B563A1D-CE3A-4E0C-BB18-464300998D19,12731,5,228.25,0,0.0,0,0.0,-1,25,452.0,118.357526660594,259.7622,0.0,36.42411774008265,0.0,163.4946,-38.18164089246129,-0.634244203894439,0,1044,0
3AA438F5-B9FA-4DB5-ABE5-0FCDF077797C,12731,6,137.6,2,0.05734035032597597,46,1.3188280574974471,640,106,489.0,163.76632629167307,339.0,0.0,56.42361724971209,0.0,236.0,-11.242792341055775,0.1635312201322029,0,1044,0
DB5A98A6-9ECB-42CB-9D8D-32C1F7C7D8A8,7015,3,187.0,1,0.05203136136849608,11,0.5723449750534568,957,418,377.0,118.25112512527706,384.2925,0.0,20.653044030822596,0.05203136136849608,146.29364,2.373797226574794,0.18126950267397451,0,1044,0
30B9750D-9A0B-4170-A5BF-C90D2A092FE6,6591,6,192.8,1,0.05537854650280685,158,8.749810347443482,816,62,152.0,28.039156426975833,121.8745,0.0,13.507564888720346,0.0,47.131899999999995,3.019547519474788,0.11265590850925586,0,1044,0
5F2943CA-E070-4A84-AE21-4DF654FBACE4,3303,2,13.0,1,0.11050560096881623,53,5.85679685134726,119,1021,301.0,99.088169743284,192.8708,0.0,25.622987174017748,0.0,129.8126,-17.211522462419808,0.16062240687937818,0,1044,1
BA499951-FC9B-497B-A257-37CB581DB410,12731,4,225.0,0,0.0,0,0.0,-1,341,988.0,186.0241354320009,494.08,0.0,61.0803513382092,0.0,267.53,55.18788540133244,0.41904306144312725,0,1044,0
A0146C0A-219D-4E78-9BC2-9B62DC02D44F,12731,2,6.0,1,0.028670175162987983,5,0.1433508758149399,596,1001,309.0,61.714285101280915,165.7471,0.0,20.997997695064562,0.0,91.36963,-1.3949519369290684,0.024764292588072095,0,1044,0
C58977FC-E817-45E6-A8A8-F3AF3EC2D644,12731,3,498.0,1,0.028670175162987983,79,2.2649438378760505,173,4,489.0,122.79950221878808,280.0,0.0,36.05850469938209,0.0,169.0,-2.555597897800425,0.12096800931059443,0,1044,0
81149ADE-1FBF-4DEA-B7BD-33428148236F,5654,5,248.0,0,0.0,0,0.0,-1,6,145.0,44.47033055679525,595.0482,0.0,22.806732018540302,0.322780332507959,74.0,-13.846950927165619,-0.13002514027798534,0,1044,1
3A89B0FC-9977-4FF6-A6B2-91AE0D168FD1,12731,6,153.2,5,0.1433508758149399,89,2.5516455895059305,225,232,188.0,22.90629490831096,83.0,-144.4463,9.59555340958846,0.0,34.0,-1.1326837971998494,0.016607445820909766,0,1044,0
D6F046AA-8A21-41ED-92BD-CE6AFBBDC257,12731,5,125.0,6,0.1720210509779279,45,1.2901578823344593,441,498,472.0,133.94654940626936,799.0488,0.0,40.653291732070734,0.028670175162987983,176.7883,4.33395929820594,-0.10493525755308067,0,1044,0
A96BEA97-ED58-4E41-A8CA-51A4EF1D2650,12731,7,147.5,2,0.05734035032597597,495,14.191736705679052,153,137,432.0,113.59305834393547,207.31,0.0,23.584903804054168,0.0,142.77,-3.8373361217132356,-0.4798342467978564,0,1044,0
0959DAA1-AD8D-4913-9DBB-B8276F0346CB,6192,11,96.0,7,0.41262919896640826,440,25.93669250645995,255,20,259.0,112.38125276986153,331.374,0.0,34.40812647729862,0.29473514211886304,153.8779,14.385852471496477,0.08516563847513971,0,1044,0
E08256B1-31CF-4C4F-8B11-25AB5404E475,3247,3,73.0,2,0.22482291345857716,81,9.105327995072376,394,836,472.0,94.05954956095839,570.307,-9.3125,47.637788045415604,0.4496458269171543,158.9637,16.651889261572464,-0.5453558385821735,0,1044,0
3CF93F4B-5D55-4CE2-BC88-3C72DE853BE3,12731,2,117.0,1,0.028670175162987983,26,0.7454245542376875,950,866,527.0,182.36227755360463,308.9905,0.0,40.007964381365085,0.0,240.6006,31.607462261210202,-0.29208744862213076,0,1044,0
4F299892-5A7B-46C9-9776-EF49E2EC385B,4590,2,1.0,0,0.0,0,0.0,-1,974,250.0,19.019336961372705,373.0,0.0,17.869914157963738,0.15904139433551198,45.0,-13.689475850261594,0.01713431699386316,0,1044,0
03305618-8601-4B76-8E80-AD1AE27609A4,2570,4,192.0,1,0.14202334630350194,125,17.752918287937742,433,391,803.0,244.96890918822066,949.585,-24.46836,57.634279923440616,0.2840466926070039,311.2793,-8.111571549331757,-0.1489395028538099,0,1044,1
32BA210A-70F5-4937-B0AD-C2E9FDA1C70D,12731,5,231.25,3,0.08601052548896394,17,0.4873929777707957,476,41,479.0,117.29451641522576,301.8219,0.0,41.65330932934554,0.0,168.27893999999998,-43.16701387953131,-0.5512550364194851,0,1044,0
2877D2BE-ADF5-4E02-B930-7FEAE4EAC2E3,10440,6,167.6,2,0.06992337164750957,508,17.760536398467433,563,126,479.0,56.78587940092056,222.0,-5.15977,28.281176229142766,0.0,97.0,-8.490123228081053,0.23599581338341868,0,1044,0
F4B22715-8AD5-43E3-9B1D-CEB6AA6B186B,1164,4,300.0,0,0.0,0,0.0,-1,56,603.0,125.28615295708966,490.9829,0.0,65.15851551635102,0.0,190.7451,-16.645202383401397,0.16077031497471697,0,1044,0
E4731289-4021-456C-B1C0-35471BE3887E,2204,4,40.333333333333336,2,0.3312159709618875,452,74.85480943738658,815,832,301.0,53.31586067888415,200.7087,-222.5,17.19258501993122,0.0,78.364924,-12.74946773220205,0.021321493540259282,0,1044,0
FE508FA3-95CA-46C7-8F8F-C489B7E9A41B,3566,2,1.0,3,0.3070667414469994,329,33.6749859786876,673,948,301.0,84.24004865569817,266.1736,0.0,43.83724043768032,0.0,143.31171999999998,28.713006717064175,0.29127157310009316,0,1044,0
458C9317-2ED9-4E0D-A157-FEEB84349913,9436,11,92.6,4,0.15472657905892329,1011,39.107142857142854,269,11,739.0,92.21105382022554,377.7464,0.0,63.447179231838376,0.0,184.3883,-39.03282571636752,-0.16390588975988377,0,1044,0
8066BFEF-9678-40A1-8F55-0CDD267C2FEC,12731,5,44.75,1,0.028670175162987983,282,8.08498939596261,816,757,107.0,43.29575629009306,99.2,-2.117635,9.48451920281067,0.0,55.3,1.6235338333637301,0.23520431191776117,0,1044,0
45B4C5AF-AD77-4D6E-A306-29B600B035B0,6525,2,32.0,0,0.0,0,0.0,-1,904,251.0,61.50651041719987,115.9988,0.0,21.508992293527353,0.0,87.866794,2.792241242121129,0.16227741039174026,0,1044,0
F1CEC826-C74D-4DF2-8C04-3FC8C9379645,12731,3,265.0,0,0.0,0,0.0,-1,405,678.0,49.41431847036176,539.6312,0.0,27.53137833154301,0.0,85.0,-7.677821556781517,-0.09000088030991435,0,1044,0
48C35BFD-4DA0-43C5-92DE-4AEC3E5D6D0A,12731,2,231.0,0,0.0,0,0.0,-1,705,151.0,32.37040372484629,150.0,0.0,11.89186319859904,0.0,49.0,-6.999184589043821,0.023741442702093947,0,1044,0
3BB36FED-8F33-4EB6-A9E1-EEC15C9BE2E4,5550,3,190.0,1,0.06576576576576577,45,2.9594594594594597,8,552,266.0,99.35516510979902,1322.0,0.0,40.06040197181588,0.3945945945945946,146.2704,1.0582012469139244,0.373787440764267,0,1044,0
59714C45-7F19-4ADF-AB64-383589441535,3937,1,0.0,0,0.0,0,0.0,-1,932,887.0,151.32468710050824,545.627,0.0,84.30676474257399,0.0,263.86798000000005,42.16076056368928,-0.5869961106138901,0,1044,0
D3BA5D04-B303-4EC7-BAC7-84B8E1F6765C,70,11,94.3,2,10.428571428571429,226,1178.4285714285716,816,58,346.0,59.39210567555469,479.1862,-0.001,46.83550198503578,5.214285714285714,127.1,-34.97690092771518,0.4986202712751448,0,1044,0
FEB0DC7B-70AE-4770-A41D-63203CDEC0D7,4556,4,95.0,2,0.16022827041264268,16,1.2818261633011414,918,745,753.0,190.62600168998645,568.3344,-30.0859,74.82119179338196,0.0,263.4384,19.393482984396258,0.0843177928571729,0,1044,0
385D0432-7208-4080-8224-C6B79E54406D,4820,6,182.4,1,0.07572614107883818,290,21.960580912863072,927,14,206.0,41.12602063272958,219.1518,0.0,19.65165664778702,0.37863070539419086,67.38464,-12.813863087513528,-0.057807248448741355,0,1044,0
B9E051C8-32D0-4223-A2D5-FA7E228CE28A,12731,12,77.18181818181819,2,0.05734035032597597,262,7.511585892702851,476,62,256.0,122.27709437096597,230.2,0.0,33.53968062225765,0.0,166.7,-13.220265667262268,0.20570407068992635,0,1044,0
08F51991-D070-4C61-972E-E73585D7A7C8,12731,6,179.0,4,0.11468070065195193,436,12.50019637106276,7,15,301.0,114.50536398056313,223.91,0.0,38.692729333405616,0.0,154.78,-36.56453296204462,1.614850884082621,0,1044,0
CBDE2D9A-4FBA-476B-8A6F-3BD26AC07A7D,12731,4,336.3333333333333,2,0.05734035032597597,126,3.6124420705364857,401,13,78.0,12.108290926698063,294.0802,0.0,2.734096616914828,0.1433508758149399,14.933812,1.7947227623760131,0.02212571816384422,0,1044,0
67013822-50EA-4C0C-A499-E18A86BF8D0A,1228,1,0.0,5,1.486156351791531,229,68.06596091205212,7,909,99.0,9.739672471340931,143.6828,0.0,6.628482189659519,1.486156351791531,22.256,-5.201380361286919,0.006667504893770033,0,1044,0
CEA0063D-D90E-4C37-A135-A4E0ABFEC701,12220,4,206.0,8,0.23895253682487724,367,10.961947626841244,243,284,148.0,54.10899167537485,123.6762,0.0,17.198547802944585,0.0,75.68355,1.9622834542547736,0.09250007794281366,0,1044,0
BCB99DFB-301D-47A7-BAE5-4346EE59A479,5158,2,542.0,1,0.07076386196200078,3,0.21229158588600233,22,360,400.0,134.08513020355431,4310.928,-5.565529,31.438595427558017,0.07076386196200078,171.00364000000002,-6.426112460498743,0.0007017579826862364,0,1044,0
9E00283D-2CBB-4BEF-9B06-1E66D4686550,12731,4,139.33333333333334,2,0.05734035032597597,46,1.3188280574974471,816,475,259.0,93.02260952500885,584.0,0.0,39.03927606056839,0.1433508758149399,142.3,-15.180742237508852,0.17522214671523267,0,1044,1
E019CCCA-A54F-4A7E-821E-C3590B3DA268,12731,14,63.84615384615385,1,0.028670175162987983,15,0.43005262744481976,978,52,887.0,93.63331306160784,455.0,0.0,64.17509888029281,0.0,179.0,48.43150175320697,-0.5345536485987561,0,1044,0
71A4FDF8-3D80-481F-AFF5-B7489AA6400B,5186,5,183.75,0,0.0,0,0.0,-1,153,256.0,104.51704159002047,243.4782,-16.89596,43.00681483865052,0.0,159.20318,5.937314469393087,0.1405719903021986,0,1044,0
DD28E303-2043-4765-9DBC-00AB4836A5FF,7127,3,59.5,2,0.10242738880314298,114,5.838361161779149,386,765,271.0,69.65477355842054,128.7,0.0,18.977467753329062,0.0,93.3,-3.901193311506958,0.15504027703460208,0,1044,0
C3066597-CB16-4B8F-BBAB-4EF7BDCFF6FC,5260,8,125.42857142857143,5,0.34695817490494296,2133,148.01235741444867,350,5,489.0,74.05059630179781,348.0,0.0,42.07462955350815,0.0,127.0,24.719465426597253,-0.5454250181779443,0,1044,1
4A139140-8535-4803-9239-67A5E2757A68,4748,5,110.25,2,0.15374894692502106,240,18.44987363100253,115,462,232.0,71.70139572876964,198.6288,-8.400001,27.096473857400465,0.0,108.25232,-4.372841357396169,-0.3542295034500372,0,1044,0
0BF3CDD0-DF96-496B-9134-F2849E801EBF,5427,7,71.0,1,0.06725631103740556,305,20.513174866408697,816,448,284.0,122.27775319929128,250.3086,0.0,29.04367207860168,0.0,158.2857,-0.7297326360196763,0.2558296782009048,0,1044,1
81E7573E-370D-41FF-94AD-2CF63FD8095E,3345,3,69.0,0,0.0,0,0.0,-1,736,450.0,108.2872657622946,192.98,0.0,22.255274662455626,0.0,138.93,6.58662852782885,0.03652634470179494,0,1044,0
B67A6759-A83E-488C-8696-4C5E87CD94E1,2023,4,163.33333333333334,2,0.36085022244191794,531,95.80573405832921,257,370,1039.0,51.95146479143191,417.5107,0.0,35.562351553735745,0.0,108.10504,13.405957570836613,0.14793372001859084,0,1044,1
702BC098-B23F-4DB2-8277-D6F642CA8B28,12731,4,166.33333333333334,4,0.11468070065195193,407,11.668761291336109,121,435,314.0,34.759720880354635,109.9,-57.49477,17.089189391605178,0.0,58.2,-3.9107548309719107,-0.444836914022354,0,1044,0
AE54E534-A74D-46DC-8F22-8C0F7C94B5F6,3335,4,269.3333333333333,1,0.10944527736131934,360,39.400299850074965,816,132,301.0,66.64184762924657,264.1913,0.0,43.406679033474816,0.0,136.54603999999998,5.0460331533151646,0.07331623975815897,0,1044,0
D929BBFD-057B-4A77-B3AE-032C4BCE5DCA,12731,6,135.0,0,0.0,0,0.0,-1,167,452.0,169.55887532022888,339.0,-214.6522,55.2119997290493,0.0,235.0,-15.168597542451096,-0.10023322495248307,0,1044,0
582A4AA7-2C97-4452-8B75-B9B6B7DD2790,12731,12,58.18181818181818,1,0.028670175162987983,71,2.0355824365721467,555,228,251.0,104.95260792996595,239.5,-127.6779,47.29110313875439,0.0,164.6,16.219807193490837,0.28194665665160645,0,1044,0
52732ACA-3F3D-41EB-A1C3-5E7DB087D478,12731,7,103.83333333333333,0,0.0,0,0.0,-1,213,203.0,46.113830290354166,115.0,0.0,21.666212748968103,0.0,76.0,-7.734895105168981,0.17001853223760355,0,1044,0
30A963E2-56DC-4C6F-85FE-19F9FD54A91D,3571,5,171.0,0,0.0,0,0.0,-1,143,452.0,41.07816676391989,185.661,-10.81999,30.017798774455954,0.0,82.69399999999999,10.276862354135659,-0.23174178786390254,0,1044,0
68EEE1C6-80EB-449A-855A-A3EB182BEC07,2375,5,201.25,15,2.305263157894737,740,113.72631578947369,84,230,452.0,116.96234913238123,430.0,0.0,41.880178605636495,0.0,175.0,-13.603165620035554,-0.1442287713607596,0,1044,0
FCEE839F-3F98-48A6-98A7-8D6BB1B743CA,12731,7,84.83333333333333,1,0.028670175162987983,187,5.361322755478753,816,413,269.0,66.84094606200082,533.8332,0.0,23.407748306993703,0.1720210509779279,89.12105399999999,8.216139143246096,0.0317491694424297,0,1044,0
3332C3FD-EFD6-4F55-B9DF-F37C156D5C58,12731,5,84.0,1,0.028670175162987983,404,11.582750765847145,850,521,753.0,162.84674703423104,415.7583,-40.73291,84.91138777153623,0.0,249.3724,33.985743729657855,0.08579239182688089,0,1044,0
DEDF2C8D-203D-46B8-AA25-2DC6F0A3ED75,5201,2,1.0,0,0.0,0,0.0,-1,806,490.0,104.3586943420504,295.363,0.0,42.21485234234989,0.0,161.45888,-17.789508627698538,0.2233184376189963,0,1044,0
F88C8391-493F-46C4-ACA6-90849D55A536,12731,1,0.0,3,0.08601052548896394,2325,66.65815725394707,571,1036,339.0,77.04094444270518,179.3701,-30.61992,20.230250238900883,0.0,103.6743,-0.9956893856064255,0.04694012807243874,0,1044,0
703A4E81-90DE-4C1A-A628-96004C4CDBC5,3345,4,165.33333333333334,1,0.10911808669656202,266,29.0254110612855,816,531,301.0,81.54198578536837,127.6,0.0,10.86069450353686,0.0,95.6,-1.5630197359856624,0.07646872270460388,0,1044,0
134082F5-20EE-4BF6-BF65-99DD9D94FF79,4811,3,175.0,1,0.07586780295156932,16,1.2138848472251091,90,664,377.0,105.45454777136892,233.6672,0.0,39.082642334688515,0.0,147.68416,-17.40540111056646,0.10288980391146854,0,1044,0
891C53D5-3FCA-44CD-AA86-AB4177A748C4,2412,3,465.0,8,1.2106135986733002,177,26.784825870646767,37,83,159.0,26.332322042886396,72.52126,0.0,9.634805383098898,0.0,39.29980199999999,-0.2491781889566127,0.04544081692983415,0,1044,0
5F9C4547-A81F-43B4-83D1-13C75F9A5B82,1062,2,573.0,2,0.6873822975517891,10029,3446.8785310734465,407,439,301.0,72.2031887814317,170.9804,0.0,21.80315273995835,0.0,100.52498,-4.327168915690962,0.1754822594032514,0,1044,0
596E0C13-45F2-4528-82B0-67DE8C99E9D5,9690,2,796.0,3,0.1130030959752322,309,11.639318885448917,147,203,271.0,50.191265515743346,234.7766,-82.45698,15.873653412939612,0.0,77.83594,-3.417865515743351,-4.663708555906961e-14,0,1044,0
AFFD3861-8CE7-4386-B3CA-B427D9CB71FD,8443,4,326.6666666666667,0,0.0,0,0.0,-1,16,251.0,71.33617770141147,122.0282,0.0,13.274427974054001,0.0,89.257004,-8.866336672090483,0.04070167601046795,0,1044,0
7D4391B2-5728-488A-9F43-F11A6A98C583,2671,3,422.0,0,0.0,0,0.0,-1,150,452.0,67.19674340791462,319.56,-266.6347,37.621964891140486,0.0,120.17399999999995,-7.48680976593932,-0.0814417600710361,0,1044,0
ECF72A82-D21D-4399-8DA5-9C3CF153E3C1,1074,2,937.0,9,3.058659217877095,765330,260098.18435754188,120,41,451.0,36.0428077950402,540.1393,0.0,40.930756164781826,1.6992551210428304,100.3507,29.269629677953624,0.11056706255281747,0,1044,0
CCB80281-C883-469C-AD11-C4D27D11A485,12731,6,174.2,0,0.0,0,0.0,-1,99,1083.0,268.0034409441939,2000.527,-98.87186,123.95737905979956,0.11468070065195193,421.2341,-113.49824008933282,4.894115962447932,0,1044,0
A72CBAE4-05E9-4164-B9DA-AA5FF0A39B10,8279,2,35.0,0,0.0,0,0.0,-1,971,825.0,297.6298931047713,2176.88,0.0,113.69511585910655,0.17634980070056772,451.54,115.48838886282124,-0.06742692179116248,0,1044,0
D26CB470-C959-4C4A-82B4-09BA54EE72E6,12731,8,104.28571428571429,4,0.11468070065195193,254,7.282224491398948,382,244,266.0,148.01589454262057,235.5,-26.8,22.37599692712123,0.0,174.7,-5.212507196941573,0.21771390958175826,0,1044,0
3E4F934A-22F9-4600-8BB4-8AA3E9C087FB,12731,6,178.2,3,0.08601052548896394,17,0.4873929777707957,317,74,489.0,55.86091768911655,251.0,-5.003362,24.15530347233007,0.0,89.0,-2.0594516397338296,-0.10073140031010676,0,1044,0
02BA5F51-59B4-4241-A510-5A266306282B,12731,3,305.0,5,0.1433508758149399,571,16.37067001806614,670,353,104.0,15.37489628118193,62.5,-125.2329,7.11389581202158,0.0,24.4751,1.4951571507625143,0.036677126755688814,0,1044,0
85FB3038-427D-4E5A-9C5C-56E9B64A6AC4,1971,2,335.0,1,0.18518518518518517,87,16.11111111111111,534,622,1662.0,329.1135069590414,727.0,0.0,123.28195363152135,0.0,477.0,-84.06960263805374,1.5128309736454102,0,1044,0
A0FE2471-47AB-42E3-A823-0B978173C4D6,3016,5,200.75,2,0.24204244031830235,615,74.42805039787798,31,201,451.0,72.51512638090949,226.9861,0.0,61.04974400853883,0.0,184.4186,-32.00428762766875,-0.052737464274322854,0,1044,0
E84D8F35-5DED-432C-872B-BB6B793DA00D,7958,2,12.0,1,0.04586579542598643,87,3.9903242020608194,299,941,693.0,139.54497930813977,395.52,0.0,54.34911681807209,0.0,217.008,29.7796873585269,-1.4157060652208941,0,1044,0
3D628AD5-874B-4E64-A57D-D1C6EDB91862,12731,6,189.6,2,0.05734035032597597,21,0.6020736784227476,381,3,377.0,128.709964758603,309.1003,0.0,33.603860417435705,0.0,172.9248,-9.12759551138079,0.010426390430573513,0,1044,0
F1B45926-7AE0-4CA1-B40A-C46260188C67,1526,2,0.0,0,0.0,0,0.0,-1,951,452.0,95.04027940623605,353.0,-10.97358,42.7503736380391,0.0,153.0,-13.682640517347167,-0.14476610052461236,0,1044,0
B0DFA93B-E5B3-4A08-B1BB-431B7C523AF7,12731,5,224.75,3,0.08601052548896394,291,8.343020972429503,68,43,259.0,64.92894481705488,233.2703,0.0,20.15937960069405,0.0,91.746,-14.257984709030197,0.02534515743822735,0,1044,1
65E5D0F8-52B5-4A98-A61C-E26A92BA8A86,12731,14,57.15384615384615,4,0.11468070065195193,130,3.7271227711884376,262,193,276.0,59.87769468515322,267.5386,0.0,35.82318031326353,0.0,104.0428,0.19256633174492777,-0.09456116998783949,0,1044,0
BF8835C5-990C-426F-B526-B722CDC26D5F,2456,3,430.0,2,0.2972312703583062,134,19.914495114006517,388,77,452.0,110.42568676659089,187.4053,0.01310423,19.306119671373146,0.0,134.75334,-5.0559833416271545,0.13632056738403595,0,1044,0
8D099868-8322-4ED7-B0AC-732C59DF4466,12731,9,110.125,3,0.08601052548896394,530,15.195192836383631,494,55,100.0,25.287076277678235,71.3,0.0,7.389729320262364,0.0,34.0,1.020863539760036,0.0944714311067002,0,1044,0
D5FE6817-1890-46E9-A1C2-E36AEC24D09E,6335,5,131.5,1,0.05761641673243883,1,0.05761641673243883,952,406,775.0,164.14802076888233,457.2,0.0,49.20248221893742,0.0,230.4,-22.39820555900579,0.035640478931875864,0,1044,0
D232FB56-3008-4BE3-AE13-006A8B011A04,12731,5,193.5,0,0.0,0,0.0,-1,129,452.0,144.11459614652927,305.7999,0.0,35.866899734374954,0.0,187.1109,-8.598486026158895,0.02507631968840018,0,1044,0
A6575B86-32B9-4A08-A709-A89581E4E58C,8723,12,81.54545454545455,1,0.0418434024991402,19,0.7950246474836639,1031,2,470.0,141.6837401829784,349.1821,0.0,65.10125039881544,0.0,221.7407,-23.317541131280862,0.5734414581766152,0,1044,0
FAD5955E-330A-4F2B-BA3C-AF46A7EB9141,2928,3,146.5,1,0.12465846994535518,23,2.867144808743169,816,606,301.0,0.607263947021928,5.451586,0.0,0.3749050175106651,0.0,1.1595268,-0.3023693208693045,-8.561975086768919e-05,0,1044,0
FCF47850-2BD4-43B9-A61B-74F4F893419D,1359,3,163.5,1,0.26857983811626196,48,12.891832229580574,716,567,887.0,85.0601751192657,295.5011,0.0,51.83795459486992,0.0,155.85948,-12.085774697197792,-0.3310717436978664,0,1044,0
621D22C0-464B-4623-A92C-4F152A8DB7B9,1609,4,151.33333333333334,0,0.0,0,0.0,-1,440,887.0,84.82091222058659,296.2057,0.0,51.79074278285325,0.0,155.59152,-12.098485063179197,-0.33085617510857934,0,1044,0
60DE7DBA-7A39-48ED-8C19-37BA7939D964,5088,2,511.0,3,0.2152122641509434,441,31.63620283018868,82,384,129.0,6.937253125686919,933.0,0.0,13.109631639058131,0.358687106918239,28.0,11.652947491597033,0.16078305277742397,0,1044,0
47A5FFAD-993D-4B88-8A5D-8860C7C5D531,3408,3,72.5,1,0.10710093896713614,8,0.8568075117370891,722,748,734.0,157.6279504964388,394.5086,0.0,47.46584119355024,0.0,216.3942,3.930309523391429,0.12211548652693409,0,1044,0
BD438B48-65EE-42A9-8504-2CA87CE3D9BA,8279,3,224.0,1,0.04408745017514193,5,0.22043725087570964,520,520,825.0,286.0916272436004,702.64,0.0,110.83591472212741,0.0,463.01,128.05723463911568,0.01273939798197497,0,1044,0
A8A5245D-E7DA-429A-B6C0-0C8B76505476,12731,3,234.0,3,0.08601052548896394,167,4.787919252218993,382,412,266.0,150.05968846376732,237.6,0.0,21.969863409672275,0.0,176.7,-4.9901282785821195,0.22649781294431093,0,1044,0
D61AD443-F61E-4E59-A4AC-C0A5AF47F6E9,4710,7,89.33333333333333,4,0.30997876857749473,684,53.0063694267516,599,337,1524.0,430.54894631745117,804.0,0.0,54.90545020324179,0.0,498.0,-12.719779604488224,0.07998689735316296,0,1044,0
B974679A-1ECF-4E81-BA23-1882B09D8C39,9541,4,161.0,4,0.1530237920553401,59339,2270.0696991929567,354,387,395.0,148.85759255821708,589.0604,0.0,61.52760530672278,0.03825594801383503,210.27421999999999,9.382795687153305,0.09015415195619855,0,1044,0
8ECEA5F6-88CB-472C-986C-087ECC5B0128,12731,2,114.0,2,0.05734035032597597,767120,21993.46477103134,471,869,555.0,78.62331458405217,272.2656,0.0,76.830510117123,0.0,169.1406,-78.62331458405217,0.0,0,1044,0
015D38B7-1E72-4215-89EE-60DA1BE3D511,4752,3,218.0,3,0.23042929292929293,32,2.457912457912458,368,414,225.999,37.33268058225369,111.6028,0.0,15.217815184911329,0.0,57.00073,0.3130352839500148,-0.004168271000457573,0,1044,1
0B5AD3F1-F959-45DA-9F0A-ABB53C99CAF5,12731,2,34.0,1,0.028670175162987983,5,0.1433508758149399,540,817,412.0,88.26663655265875,282.23,-6.86,35.249968474706904,0.0,136.24,1.282853416477053,0.4162812092713095,0,1044,0
2890FA10-3AB3-494A-9979-3EBA965EFC67,5077,6,140.4,0,0.0,0,0.0,-1,135,188.0,39.72656592815354,99.82724,0.0,18.839490731078445,0.0,65.710074,-6.62138265540662,0.14751621385640598,0,1044,0
62DD5160-6FC9-4DDE-ADEE-2D5C01D717D4,9999,10,71.44444444444444,1,0.03650365036503651,24,0.8760876087608761,1023,213,479.0,59.3270364424787,232.0,0.0,19.946214879735916,0.0,86.0,-13.442237059762654,-0.02093748428022349,0,1044,1
C383D645-F93C-45E1-A259-52EE6554D9C3,12731,4,222.33333333333334,0,0.0,0,0.0,-1,164,489.0,79.7523278530844,234.9138,0.0,25.870262548697752,0.0,110.0,-3.936895754318968,0.34012761063317143,0,1044,0
54742AD1-B566-4347-81B8-8A0D98593C11,12731,6,78.0,1,0.028670175162987983,329,9.432487628623047,816,441,693.0,243.05612181686172,394.6,0.0,31.168145973357827,0.0,277.8,-19.514563174886433,0.15299976448831615,0,1044,0
951EF7D8-8780-48A6-98B0-90BC0148854F,8196,6,161.0,7,0.31173743289409467,441,19.639458272327964,59,20,245.0,86.4386499933523,227.1,-31.51968,33.64472481238564,0.0,133.15,-0.8147857958214502,0.5039882632971915,0,1044,0
353B1324-0EB2-4EDB-BB3A-B5C518F87B68,4309,3,184.0,2,0.16941285681132515,309,26.174286377349734,259,455,452.0,131.52956598935907,266.0704,-62.73737,41.418824916426004,0.0,188.50958,-31.49529860741461,0.1764681207138336,0,1044,0
E982614A-95D5-40B5-9990-9989ECF9F50C,8442,4,160.0,2,0.08647239990523573,70,3.0265339966832507,407,341,269.0,75.71477477199304,479.926,0.0,18.7221172525052,0.21618099976308933,100.58774,-1.8897394610362426,0.20184856222469877,0,1044,0
DD549033-7750-4EC7-B238-D207A907376E,12731,14,61.38461538461539,8,0.22936140130390387,409,11.726101641662085,274,15,159.0,40.26615385338763,135.6324,-25.27,13.477445284690086,0.0,55.850964,2.257191471398947,0.028766557677334118,0,1044,0
C87E7066-6AF7-4E62-80CE-BBDC10C985C2,2148,2,195.0,0,0.0,0,0.0,-1,623,250.0,59.102007125054115,237.9838,-72.89876,23.122619806823266,0.0,89.60001,-5.645089040177567,-0.10807544084529186,0,1044,0
D89AE226-4A70-4E95-8F42-9ABB15BED2BD,9161,7,159.83333333333334,2,0.07968562384019212,168,6.6935924025761375,664,76,693.0,232.5419096555383,433.0719,0.0,63.440451599722394,0.0,310.33997999999997,-15.777477013563015,0.2455466519252771,0,1044,0
43310AF9-A91A-4A1E-B1EA-3AB22FD0600A,1213,3,196.0,2,0.6018136850783182,166,49.95053586150041,406,643,226.0,35.93302842146983,162.3192,-53.42881,21.885143742205166,0.0,65.263422,17.669044235243128,-0.13150977589722992,0,1044,0
71325C08-995D-45AA-B1B6-858700B36BD8,9722,2,17.0,3,0.1126311458547624,2772,104.07117876980045,659,1018,1270.0,323.0399011962539,719.64,0.0,111.97660182754444,0.0,459.42,48.09751701362268,-0.1768406124673856,0,1044,0
DCB79EDB-51DA-42CC-8D88-BAFDB7C9D1F2,10030,5,209.0,1,0.036390827517447655,29,1.055333998005982,841,196,407.0,47.74909614141522,189.8231,0.0,33.39821934335113,0.0,94.503674,-18.157493087657507,-0.09349873643189094,0,1044,0
70D97D06-EEDB-4620-AACA-3C3774C72A47,2127,3,174.5,4,0.686412787964269,420,72.07334273624824,401,651,451.8,57.38595652702046,205.4536,0.0,22.289804065257904,0.0,88.343424,18.64126071426042,-0.06679505248272202,0,1044,0
D0F53A9B-B47B-4FCD-BEE4-D44CEA55CEDA,1801,3,328.0,0,0.0,0,0.0,-1,340,753.0,0.4833584097730588,239.9767,0.0,9.610331809922169,0.0,0.0,-0.4833584097730588,0.0,0,1044,0
1C0E435A-C134-4347-89B4-E66983185C67,12731,2,183.0,0,0.0,0,0.0,-1,793,518.0,73.16674340296548,207.0313,0.0,34.19456368534174,0.0,120.8984,39.15719401910242,0.12837549843191653,0,1044,0
B6565142-0266-48A2-8635-79C0D8A9A75A,4590,2,0.0,0,0.0,0,0.0,-1,976,250.0,19.11102533189233,105.0,0.0,17.85742737058374,0.0,45.0,-13.998988294855291,0.01823201767021561,0,1044,0
7DEE2F6C-25B1-4C45-9165-277335D80FDB,5889,5,241.75,1,0.061979962642214295,22,1.3635591781287144,470,8,377.0,43.19559676087579,177.0,0.0,30.517569159410716,0.0,87.0,-16.151383797912825,-0.06945764909250847,0,1044,0
7C2EE4F9-48BD-4695-AE5C-745084D36E91,12731,2,63.0,3,0.08601052548896394,182,5.217971879663813,947,972,101.0,0.7608554182858512,86.70906,0.0,5.778174011625108,0.0,0.0,-0.7608554182858512,0.0,0,1044,0
A467E6AC-6954-4289-B08E-5203E6AED0A9,1527,1,0.0,1,0.23903077930582844,112,26.771447282252787,107,972,301.0,45.98852654865893,112.9607,0.02827294,15.186744078555073,0.0,65.48435599999999,-6.832915218211397,0.08368346112335545,0,1044,0
4641D0B3-55D2-4610-8CA9-64F5108FBD2A,510,9,110.125,1,0.7156862745098039,63,45.088235294117645,0,123,678.0,143.52977314117382,383.0,0.0,60.604386388181595,0.0,219.0,-28.04034412882814,-0.06480641185709074,0,1044,0
EABA266E-5971-4319-B289-76B58959B272,4585,1,0.0,0,0.0,0,0.0,-1,965,99999.0,197.87221004656053,646.422,-17.73434,134.8332316540295,0.0,393.41639999999995,65.41524898121727,0.5485218461467557,0,1044,0
645D282B-61B4-4513-B5F7-D2A9D16695E7,6843,3,126.0,0,0.0,0,0.0,-1,705,489.0,127.57972345580741,251.0,0.0,30.034731801353836,0.0,168.0,-0.38504752988148994,0.0400811371315761,0,1044,0
EDAE9693-FF75-41C4-A9F9-1EC775DCAC2C,12731,7,90.5,7,0.2006912261409159,313,8.97376482601524,386,406,269.0,65.53983493977765,116.8,0.0,18.36248710589637,0.0,88.2,-3.632520124962838,0.15257504355813506,0,1044,1
54DF2AC2-08E8-4796-9F51-0AE512D10818,12731,5,137.75,5,0.1433508758149399,413,11.840782342314037,68,393,259.0,64.64343068492012,233.9981,0.0,19.717412602116024,0.0,90.8,-13.873091758762712,0.07337814485614572,0,1044,1
886124C7-24B2-407F-AFE9-3E8C5C2B6FBA,3318,3,94.5,0,0.0,0,0.0,-1,749,452.0,70.89817047962458,237.7979,-3.7,35.249661425764195,0.0,118.95908,-4.974172519979533,-0.03999231848045715,0,1044,1
E7B3BDAE-CD94-4E23-9BDA-CB3572944E67,3373,2,20.0,1,0.10821227394011267,62,6.709160984286985,101,916,451.0,134.28138759233198,270.0,0.04254523,18.97245537351069,0.0,158.50062,-3.389927589245559,0.21689823811341263,0,1044,0
2D0CC930-23BF-467A-994D-7E1B7264918D,12731,4,275.6666666666667,0,0.0,0,0.0,-1,123,265.0,56.89544271450637,160.4732,-3.172758,27.215539714282613,0.0,90.66204,-4.666154810802681,-0.004639558772968903,0,1044,0
3BCC6676-AA3F-4F9F-A889-E02D04919D2C,12731,4,251.66666666666666,2,0.05734035032597597,20,0.5734035032597596,172,174,226.0,37.138442069688324,170.0,-0.5851979,19.21800374685141,0.0,58.0,-10.124321699317953,-0.09016207990930294,0,1044,0
9E962D84-5185-4D44-BE32-7738296BE4CD,12731,4,248.66666666666666,3,0.08601052548896394,280,8.027649045636636,194,183,452.0,147.06583315013293,949.8596,-165.315,36.65644629981521,0.028670175162987983,190.8508,-8.679863263558872,0.025094007526516308,0,1044,0
B372A68C-1DA1-4CC9-8D63-0DF99DDCEBE9,7215,6,183.4,1,0.05058905058905059,375,18.97089397089397,174,8,377.0,108.04601386806505,246.0,-29.4,35.28604069466472,0.0,152.7,-24.26913785263295,-0.8196238139872126,0,1044,0
2FC0AB13-853C-4DE0-9B92-83F046AB2B4A,4467,5,205.5,1,0.08171032012536378,8,0.6536825610029102,921,96,792.0,119.34070620161597,436.0,-35.98437,76.55334347301994,0.0,228.0,-35.52735743618388,-0.4495698485867987,0,1044,0
7385215F-E55C-47DD-BD9F-64A206D48BEE,6998,6,156.8,0,0.0,0,0.0,-1,133,400.0,91.10710740439761,271.0,0.0,47.92898475402521,0.0,157.0,-26.248851231558106,-0.12096080677548156,0,1044,0
6865C41D-68D9-4AF3-9CFC-4C8AE008CBC1,12731,3,214.0,2,0.05734035032597597,46,1.3188280574974471,223,488,407.0,105.94269905737144,271.02,0.0,25.40261194515988,0.0,134.36,1.9717152944804184,0.13143264886372863,0,1044,0
ED71725D-711F-4F01-89D3-49238120657A,-30,7,136.33333333333334,2,0.0,1188,0.0,425,95,452.0,93.29519246654962,451.0,0.0,38.53848909587689,0.0,135.33499999999998,-93.28529397794469,-0.00016840345070952295,0,1044,1
D9737CB8-54FC-46DE-B36C-566B76A43BB9,6586,4,268.3333333333333,9,0.49878530215608863,251,13.910567871242026,95,95,235.999,63.23803490222078,169.0796,-54.6628,28.463903664670216,0.0,90.36255,10.10199108466194,0.01446632752836224,0,1044,0
914F6355-1212-4395-BE0E-55712F524310,5088,2,608.0,4,0.2869496855345912,464,33.28616352201258,82,286,258.0,53.41493406382596,109.0,0.0,13.105147402238176,0.0,71.0,6.743939392964165,-0.03432265300248795,0,1044,0
3F471218-FD78-4A69-953A-233ABD829ADD,8285,10,92.0,2,0.08811104405552202,236,10.397103198551598,216,62,450.0,48.77166949888694,224.0,-0.2520762,35.65882864578273,0.0,105.0,-0.6779194988869435,0.31872893544238623,0,1044,0
7ABA0B82-836C-4A75-9624-9AE7E4F89BB3,4971,2,751.0,0,0.0,0,0.0,-1,142,682.0,181.51934741208976,290.7283,0.1995625,39.323559005767734,0.0,231.93949999999998,6.544429615688017,-0.005759928711088547,0,1044,0
1664D711-FBFE-4BAB-8601-ECE56ED1692B,1057,2,219.0,4,1.3812677388836327,238,82.18543046357615,815,671,602.0,16.00081605540642,235.7021,0.0,19.66021550861624,0.0,45.0,-14.931371610961977,0.024162905342680563,0,1044,0
D3F9E81D-17B1-4532-B2B4-E50459C020DD,5457,1,0.0,6,0.40131940626717977,111,7.4244090159428255,25,889,979.0,279.1661668947961,563.3571,0.0,96.99917713822417,0.0,411.91244,22.223584976735822,0.03278982176137351,0,1044,0
17B966C6-8880-4C40-86FC-17FBAEF9AC4E,12731,3,233.5,0,0.0,0,0.0,-1,420,301.0,48.66843144544286,185.0,0.0,27.98317066444485,0.0,88.0,-9.381934531862619,0.014602568675565735,0,1044,1
7B2D3C96-43B6-4FA0-AB85-1112EC3265F7,10268,5,192.0,0,0.0,0,0.0,-1,101,452.0,103.85970038700567,229.0,-2.952,29.923505823253663,0.0,143.0,-3.7516756956476485,0.317004385543627,0,1044,0
A0DA4AB1-4E3D-4A00-B35F-D803557F15D7,12731,4,274.3333333333333,2,0.05734035032597597,7,0.2006912261409159,467,44,120.0,59.16978819599406,139.6385,-4.1,14.713459622597687,0.25803157646689184,78.0,-7.218707949080482,0.1693570994132385,1,1044,0
575027EE-0D74-43BC-94A0-E3B64141152E,2082,4,197.0,1,0.17531219980787704,492,86.25360230547551,816,272,1039.0,51.66550667488793,537.9292,0.0,35.497466981571435,0.0,107.31702,13.216472085837374,0.14350480399386373,0,1044,0
2A44B059-4961-4BFB-AE93-36214ECB6718,12731,3,402.0,3,0.08601052548896394,217,6.221428010368392,413,55,452.0,134.99747558833656,350.6214,0.0,66.45083336778526,0.0,197.11411999999996,20.966775704101735,0.09360879153847755,0,1044,0
CAC86566-186F-445F-8D6B-5F9C9B7998E7,2320,2,1.0,0,0.0,0,0.0,-1,843,1039.0,288.972340383009,497.5063,-11.95917,63.45080500198409,0.0,374.4715,-45.68223122405837,0.5271883394324123,0,1044,1
C51C6412-E1C8-4148-B4A4-D305B89E7C77,949,2,257.0,20,7.692307692307692,23412,9004.615384615385,3,567,301.0,48.420877624677765,137.5312,0.0,27.196363726860024,0.0,79.39605399999999,24.05213565464323,0.13201035471793984,0,1044,1
BF7DF309-F8B5-42A8-80DF-F33F7B3F23CC,12731,5,189.0,2,0.05734035032597597,11,0.3153719267928678,479,80,452.0,83.87987603828759,258.75,0.0,35.66505729912439,0.0,131.47,2.2739418629469696,0.4235187974737881,0,1044,0
8882E55D-02C6-4912-AA59-6B172B7CE495,834,1,0.0,0,0.0,0,0.0,-1,821,301.0,60.06598590518508,244.6236,0.0,36.49686365144772,0.0,102.59732,19.914915488564922,-0.10524752576486528,0,976,0
9504E535-EA35-4A77-B780-C91CFFF034B3,834,3,405.5,1,0.4376498800959232,71,31.07314148681055,733,9,301.0,55.881798594087,243.6725,0.0,38.1186394020621,0.0,101.39304,23.459226512788007,-0.12350401215195275,0,1044,0
25AA28D4-530C-487E-B23A-4B36DA7B0D2F,12731,5,70.5,1,0.028670175162987983,198,5.676694682271621,820,537,138.0,41.24036855814077,969.3001,0.0,14.306357661758408,0.4013824522818318,58.19967,-5.1300998713352115,0.026262932901547496,0,1044,0
BFB1CBA4-5945-4727-B97F-86C77ADF2661,12731,4,167.66666666666666,6,0.1720210509779279,567,16.255989317414187,41,300,226.0,38.352676842943644,101.2207,0.0,15.480417260012441,0.0,57.1106,-16.42532076501155,-0.5201744785720388,0,1044,0
8CF2A5DF-7CF3-4B04-A284-8BC476C4F5D1,2817,4,116.66666666666667,1,0.12957046503372383,353,45.738374156904506,816,503,151.0,10.871596740193967,29.4,-1.9725520000000002e-33,4.130119179985099,0.0,15.68,1.6172026425220842,0.01851843849033701,0,1044,0
7838F992-B6AE-49F6-9D65-1643965275CA,12731,4,251.33333333333334,2,0.05734035032597597,242,6.938182389443091,816,41,324.0,70.0992595841969,519.9437,-9.187823,27.5049950136333,0.05734035032597597,98.78931,-39.28430390451125,-0.9216347616932211,0,1044,0
D09194E5-090B-4E02-B4F1-DF1660B32E3C,7804,8,124.14285714285714,3,0.1403126601742696,137,6.407611481291645,16,138,1082.0,322.81525400627464,616.7908,0.0,93.76018305357772,0.0,445.2209,10.07917009866361,-0.7833015347234299,0,1044,0
6939EDE7-AB90-483E-9569-5D300FB6F6C9,3463,2,264.0,2,0.21079988449321396,41,4.3213976321108865,664,743,250.0,39.42503959834287,238.0,0.0,17.447867656935593,0.0,62.696706,8.086302958755894,-0.07435589026542375,0,1044,0
8EC1309B-7A39-4510-B425-A85B6984B741,2456,2,14.0,2,0.2972312703583062,148,21.995114006514658,388,1000,452.0,110.75025953851933,492.4323,0.03612974,19.511216132894198,0.7430781758957655,135.28402,-4.637818756883519,0.11508687996622115,0,1044,0
9BDE514B-020F-404D-8A35-FB43737D32D8,3086,4,140.0,0,0.0,0,0.0,-1,574,301.0,72.23200388916649,873.3192,-1.257899,41.188501492488534,0.5913804277381723,129.3985,52.90030826052485,0.8247576340356672,0,1044,0
B15C85AF-347A-4C23-A1B0-16BF49F6793A,3548,2,251.0,1,0.10287485907553551,61,6.275366403607666,549,730,452.0,120.95652062110209,1224.082,0.01196694,26.826414190185993,0.41149943630214203,154.54412,-13.964200705207034,0.30170565349679807,0,1044,0
46935390-998D-4ADB-9EE1-8F805F665B29,10090,2,930.0,3,0.10852329038652131,45,1.6278493557978198,334,48,800.0,298.321530959854,599.6461,-117.326,68.32384823279178,0.0,384.11872,-5.4713181357799385,-0.20881400146595155,0,1044,0
D94FC0EA-7ECE-4263-83D7-C903DE84DEFF,10106,6,174.4,5,0.180585790619434,266,9.607164060953888,86,100,497.0,90.26938472093627,316.43,0.0,55.70143764685259,0.0,172.79,-16.849194906121454,0.10325880424188547,0,1044,0
6C12752C-D69D-4470-A654-CD97E112AACD,12731,3,340.5,0,0.0,0,0.0,-1,282,188.0,28.861222140187976,237.84,0.0,14.781567412678147,0.1433508758149399,48.0,-5.819246831546,-0.019958225295326263,0,1044,0
0499D104-91A5-4C2C-ADB9-93B751EA04E4,9722,5,221.25,0,0.0,0,0.0,-1,77,151.0,22.566361895348603,80.0,0.0,9.818366765086886,0.0,33.0,-2.2246398343918123,-0.027252239467742773,0,1044,0
FF463EF6-C8E2-43F3-86C4-604A6B5F27BF,12731,12,88.54545454545455,2,0.05734035032597597,81,2.3222841882020266,816,36,266.0,116.15162822143917,276.3,0.0,24.557349723805302,0.028670175162987983,146.8,-0.4208411844021356,0.29893611694163846,0,1044,0
5857F116-46F2-4144-9266-187B3561C77B,4670,2,404.0,1,0.07815845824411134,216,16.88222698072805,816,546,86.0,28.890559808761918,73.5,-12.30628,8.429743197666582,0.0,40.0,-3.1475042532063604,0.0771917429220593,0,1044,0
2073F33A-AC6F-4451-B6CD-5BC5966B1EA1,1789,3,116.0,2,0.40804918949133595,314,64.06372275013975,816,714,1247.0,538.2847635565688,727.0559,0.0,73.27065955150522,0.0,631.5246,45.81108806380155,0.19139192271052222,0,1044,0
57C3CF66-E30C-416B-821B-51ACB8B43448,6918,4,272.6666666666667,0,0.0,0,0.0,-1,121,1126.0,231.1498254496526,810.0585,0.0,132.82045293216544,0.0,420.8984,98.48816745081035,0.5709022879999381,0,1044,0
08B439BD-C31C-45E1-BF75-FB72C43AC8EE,3286,2,1.0,2,0.22215459525258674,44,4.887401095556909,701,936,151.0,35.62498038327549,87.27,0.0,13.868829888582088,0.0,55.08,4.5202433821566075,-0.006420468004776967,0,1044,0
573F935A-5A4F-4D09-9A77-9626B32FBB6D,12731,4,278.0,1,0.028670175162987983,24,0.6880842039117115,924,99,221.0,64.18386577418453,321.387,0.0,27.389738767462063,0.05734035032597597,95.28750199999999,-11.197671377888227,-0.0044920816026035315,0,1044,0
FE9D18AC-FF6F-406E-88E0-9D258741BB1D,4717,3,159.0,3,0.2321390714437142,154,11.916472334110663,631,615,693.0,163.5350788286584,315.3061,-13.21866,30.382551129135212,0.0,201.56409999999997,-6.580232293164585,0.5050663916851734,0,1044,0
AD1F929A-DE63-4ECA-BBF6-054FAC6D4E8B,6180,4,145.66666666666666,0,0.0,0,0.0,-1,495,400.0,147.44689599202013,298.4,0.0,38.31049755218685,0.0,197.6,-12.260136732760856,0.2957865625841981,0,1044,0
AD28BEBD-7B0A-48DA-A06A-D0474308F9C0,3888,6,104.4,2,0.18775720164609053,110,10.326646090534979,322,401,920.0,161.9314314968906,437.0584,0.0,71.80188077606017,0.0,267.35515999999996,6.789696584127881,0.2704518042698083,0,1044,0
6DD6EFA3-E5E9-4C15-ABB8-FD90FAD164AC,9313,4,277.3333333333333,1,0.03919252657575432,62,2.429936647696768,816,63,693.0,231.52072807163242,431.4423,0.0,62.74919956996853,0.0,308.68287999999995,-15.044230728848476,0.20850057901560928,0,1044,0
7911DB3D-781F-44BF-A4E1-F04D901D3E41,12731,9,120.0,8,0.22936140130390387,309,8.859084125363287,21,14,266.0,118.40411588201988,262.8241,0.0,24.360163354459978,0.0,143.80002,-5.700429433717403,0.34915123883883287,0,1044,0
D59DDC65-B0C8-40A6-9851-50D0726C9E1F,10014,7,147.33333333333334,1,0.036448971439984025,32,1.1663670860794888,336,8,266.0,119.56407056920473,251.76,0.0,44.79414362853992,0.0,169.92,-107.20557886009979,0.6642396623971799,0,1044,0
BA516C92-B8BA-4932-89EC-F76BA19FF692,1067,3,250.0,9,3.0787253983130274,259,88.59887535145268,410,378,180.0,34.06895800559727,91.4921,0.0,13.230991564403777,0.0,52.700931999999995,2.7462521038163175,0.149117471236246,0,1044,0
9FC14863-3CC6-4419-8EAC-8A14391D1053,12731,5,162.25,2,0.05734035032597597,205,5.877385908412537,70,223,251.0,108.19413497192377,200.1,0.0,27.06968826660311,0.0,143.9,-14.975647317602792,0.09711113168969818,0,1044,0
391BDC4B-A13E-4AF6-9809-DE1B069E15B8,2148,3,86.5,0,0.0,0,0.0,-1,700,250.0,57.576155472939575,148.8,0.0,22.41626128208894,0.0,87.2,-5.477879553340806,-0.10688196838103875,0,1044,0
81921EC1-9D95-4D11-ABCA-9F41056FDFAE,4062,3,128.0,1,0.08985721319547021,6,0.5391432791728212,779,612,624.0,57.80435372173682,283.4639,-0.01787822,44.72811878147786,0.0,112.76579999999998,-26.629212897662743,-0.21182484476024616,0,1044,0
CEDB03AA-14E6-4AF4-A22B-70BD5C240A69,5800,2,350.0,2,0.12586206896551724,601,37.82155172413793,266,517,188.0,49.059449665949494,101.0,0.0,12.20590524084179,0.0,66.0,-6.350730530147025,-0.0019923012900959236,0,1044,0
EDE16837-3A93-434E-8EC3-6C82B254D307,5305,1,0.0,0,0.0,0,0.0,-1,867,416.0,159.4291936216936,299.8828,0.0,37.26782795536611,0.0,203.9063,5.73316950130021,-0.09677411152822014,0,1044,0
C13B1F0E-8DF7-4DBF-8B0F-5711BF854F0F,12731,6,111.8,1,0.028670175162987983,11,0.3153719267928678,843,282,555.0,77.08027937386345,344.4,-21.29142,52.637014608396626,0.0,147.0,-8.110186360746155,0.13260546654301988,0,1044,0
55AE5DBD-8F36-4635-B56A-191A5A142912,12731,2,306.0,0,0.0,0,0.0,-1,536,266.0,51.66296421735597,138.9395,0.0,12.947647382123865,0.0,67.18189,-9.927079152541154,-0.03671531099408308,0,1044,1
7AFA9DF1-8E26-45B1-B1FA-1ABD84FC5533,12731,5,200.5,1,0.028670175162987983,98,2.8096771659728224,238,37,450.0,120.18962672514607,254.8828,0.0,49.791305197099,0.0,166.6016,28.777513516366298,0.006787433758826603,0,1044,0
0AF08811-0440-44C2-983C-AC2BBB85C7EC,12731,2,312.0,2,0.05734035032597597,69,1.9782420862461707,673,519,527.0,72.14044816498034,196.875,-42.45663,30.995743916766692,0.0,115.0391,35.787631710791274,0.09256929145620257,0,1044,1
4838A492-89EE-487C-BCEC-C7FE34C6DF3B,4386,2,0.0,0,0.0,0,0.0,-1,828,554.0,121.16439340681556,343.1349,0.0,50.683511145283624,0.0,186.98843999999997,-29.355989091692123,0.28631102279446086,0,1044,0
CFE21D01-E519-4F8F-994D-1EE5E98268D4,12731,6,142.8,3,0.08601052548896394,599,17.173434922629802,188,108,693.0,248.30704936487112,406.3,0.0,32.56147718754768,0.0,284.8,-20.814580229068696,0.16584390848414457,0,1044,0
C35E8565-17DA-4303-A1D7-9A9FD54D7440,3977,1,0.0,1,0.09177772190093035,2,0.1835554438018607,986,822,887.0,70.36272400687419,217.0,0.0,28.824718262912853,0.0,110.0,-23.620748698232212,-0.18066965286071687,0,1044,0
E6464C40-4171-4D14-B258-96BD51732EE0,4495,3,54.5,2,0.16240266963292546,338,27.446051167964406,816,787,624.0,106.80479366724099,539.7876,0.07529975,63.698379875659015,0.0,198.72079999999997,-63.02743803515765,-0.4688655499236908,0,1044,0
79EF276C-3569-474F-AC05-EE8F1FBBC038,5557,5,197.25,5,0.3284146122008278,760,49.91902105452583,329,20,138.0,29.58970129371905,546.779,0.0,6.317992096763063,0.3284146122008278,36.64043,1.4417338661266292,0.039985237004838914,0,1044,0
226FA0AE-EA74-4C4D-9121-0A1FC45E49F7,12731,10,85.0,1,0.028670175162987983,22,0.6307438535857356,430,34,437.0,162.2274418911988,533.7,0.0,36.146271275711506,0.1433508758149399,208.7472,-19.993657687495073,0.16129454092627787,0,1044,0
54545F03-85D8-41FE-BD75-1BF99660F253,6726,2,4.0,1,0.05426702349093071,20,1.0853404698186142,796,793,803.0,261.78074790828504,541.9922,0.0,54.36121827604422,0.0,302.399,-9.81158124161837,0.3791495749358711,0,1044,0
45BD2F42-F612-46C5-91AE-7340948897A0,3214,6,153.0,0,0.0,0,0.0,-1,30,84.0,23.580137745981737,90.51721,0.0,15.896871556381795,2.9527069072806476,46.754273999999995,6.401098868215794,-0.08045833938143765,0,1044,0
B70327BD-54B3-4AF3-AD2F-374725749C99,2604,3,294.0,1,0.14016897081413213,86,12.054531490015362,196,196,250.0,36.21042809283474,138.3914,-231.9782,11.176745543305145,0.0,49.474324,0.8848068786158763,-0.0595748181777518,0,1044,0
CAE19294-B1D9-46C0-ADD6-2B699443BDB5,12731,6,147.8,18,0.5160631529337837,1469,42.11648731442935,9,41,376.0,124.3591780004596,329.0,0.0,46.53958937312965,0.0,186.0,-14.937804543669472,-0.1555297750523608,0,1044,0
48820C0E-3CCF-4017-8A83-4D510210E544,12731,8,122.0,4,0.11468070065195193,482,13.819024428560208,234,22,461.0,125.34356657823041,800.3197,0.0,74.12871082035953,0.1720210509779279,196.41662,25.12270569028813,0.08713447548722984,0,1044,0
7DCBA3BF-C461-43D2-9388-494393ACD18C,3086,12,32.27272727272727,7,0.8279325988334413,223,26.375567077122486,73,404,717.0,164.27058229834762,368.4234,0.007983411,45.04579191924553,0.0,223.45448,-3.9257358543661667,0.25049189869385297,0,1044,0
6D874067-376B-4E91-8E62-6A1F26BA7EFE,4910,8,37.42857142857143,3,0.22301425661914462,20,1.4867617107942974,524,528,920.0,173.67529626679675,446.5204,0.03689134,70.41591378167355,0.0,275.0687199999999,14.258526065765011,0.2377358473500946,0,1044,0
4B87FBD1-5119-4F64-A8B0-56EA6844A1B4,5088,5,124.75,1,0.0717374213836478,3801,272.6739386792453,125,288,395.0,116.15835450118901,204.8257,0.0,22.027666470908603,0.0,144.8767,2.9289661893974,0.18938877285307795,0,1044,0
BC1A0767-7D63-4966-A45F-C69C2B6720A7,1697,4,152.33333333333334,1,0.2150854449027696,369,79.36652916912199,816,324,451.0,62.99919809204474,318.2505,-7.956126,35.32428865393545,0.0,112.87715999999999,25.535765187276233,0.20405810899028773,0,1044,0
434A719B-8929-42EE-85B0-BCD8390A2FD4,4126,2,0.0,0,0.0,0,0.0,-1,778,452.0,117.74484032858847,542.7101,0.0,29.941158001849285,0.44231701405719825,156.0,8.962567078818935,-0.008555697319862205,0,1044,0
60D4B1B4-1E0D-4236-AC69-F3AE586A8F1D,6202,3,292.0,2,0.11770396646243148,385,22.65801354401806,100,191,84.0,18.640153832601065,66.12852,0.0,8.206906001078133,0.0,26.807552,4.935154302514679,0.0985699566920113,0,1044,0
9F376D6D-F527-405E-BA33-CC75D29896CA,12731,1,0.0,1,0.028670175162987983,35,1.0034561307045795,801,776,313.0,36.50185498784363,144.0,0.0,26.843931999006454,0.0,81.0,-19.557179061917704,-0.0003984831232189277,0,1044,0
A813927B-ADCC-4F53-9034-AF9AC78B3F6B,804,4,114.0,1,0.4539800995024876,13,5.901741293532338,651,431,753.0,137.16120242893976,402.6877,-1.182,52.09823886794113,0.0,187.5943,26.090440780936802,0.13098070249969998,0,871,0
4EBE1ECE-606C-46A0-B2F9-989FA0DA81E7,4379,3,373.0,1,0.08335236355332266,71,5.9180178122859095,25,26,451.0,89.1475105610583,290.6211,0.0,19.685167895116034,0.0,116.0,6.292304253756512,0.1790270175100819,0,1044,0
EF9F8FC6-EF23-4520-80A2-DF7A9EA82C2E,2871,3,101.5,1,0.12713340299547196,17,2.161267850923023,443,567,301.0,39.336649871959736,106.5778,0.0,17.233262845767896,0.0,60.12597399999996,-0.8849450883177568,0.1248277347971319,0,1044,0
20A69E41-B138-45F4-B805-694EF0C43A87,3875,4,236.0,4,0.3767741935483871,345,32.49677419354838,219,119,452.0,27.763877638003255,122.3371,0.0005835696,21.63394411869434,0.0,55.169971999999994,14.725689538308476,-0.046204526673031605,0,1044,0
9664692D-2042-40DC-A05E-28893CF7D0BF,4093,4,108.66666666666667,3,0.2675299291473247,305,27.19887612997801,242,436,734.0,144.112546306169,347.4693,-13.0108,69.14909242198779,0.0,228.04296,56.7045601691396,0.2795302902928557,0,1044,0
B5436533-5880-4038-9A64-C2BA7CAEA666,4451,6,117.0,1,0.0820040440350483,11,0.9020444843855313,228,169,314.0,29.10322883815036,159.0,-4.015089,19.667864924075275,0.0,58.0,-10.085790566545423,-0.02205656391051581,0,1044,0
943FD77E-B890-494F-9B86-8E962BC85129,910,2,0.0,4,1.6043956043956042,660,264.7252747252747,219,747,151.0,8.227888754927495,24.73297,0.0,3.680936509137412,0.0,11.99799,2.1462068772484315,0.011841503242331821,0,1044,0
72A308E8-6508-453F-80F6-000D170432F1,12731,5,174.5,2,0.05734035032597597,15,0.43005262744481976,412,47,472.0,138.6646190937498,389.5379,-32.87768,86.84332627168139,0.0,237.84467999999998,-10.822550123765211,-0.1755203189198789,0,1044,0
CCA0AF18-F42A-4AE2-A993-8AEB1B02DAE5,12731,4,136.66666666666666,1,0.028670175162987983,40,1.1468070065195193,210,329,264.0,99.25348671462827,204.5,0.0,32.93689497314069,0.0,141.2,-4.819181158841232,0.10763416150927958,0,1044,0
C852126A-A2BE-436B-B7D3-A12C44115ABD,5260,3,0.5,3,0.20817490494296575,17,1.179657794676806,50,735,489.0,97.01723569777589,542.9,0.0,20.777349621861134,0.34695817490494296,124.0,7.30899887012535,0.14395147091766267,0,1044,0
10C57184-042F-41C2-8FD4-8127F55287E7,5064,9,86.125,2,0.14415481832543442,17,1.2253159557661926,306,36,870.0,201.06156887064617,433.2058,-19.4625,48.497347868183596,0.0,260.15638,2.9939737809896485,0.2273754941513808,0,1044,0
8A5D8DB0-38BE-402C-BBB2-249372283E4D,7261,3,359.5,0,0.0,0,0.0,-1,6,450.0,110.09241475550701,201.17,0.0,24.020892242479768,0.0,140.75,22.028141571653492,-0.12462910544524833,0,1044,0
A72BD56D-7FA5-4317-AB3A-A394D5404236,8182,6,126.2,1,0.04461011977511611,376,16.773405035443655,433,185,803.0,75.909649929926,463.7369,0.0,55.71678629788732,0.0,124.09341999999998,33.21141914723448,0.04204292139051037,0,1044,1
B9EA2DFA-D4D1-4A7B-AE67-B016338A08AA,12731,4,51.0,0,0.0,0,0.0,-1,571,452.0,110.49205343602416,318.6141,0.0,72.65992913663584,0.0,188.9711,28.892819523080775,0.09056491640759083,0,1044,0
6BA3AF5F-A1DB-4453-B0FF-436B72B71550,12731,2,0.0,0,0.0,0,0.0,-1,723,392.0,112.75356587889819,185.6867,0.0,18.166904253338814,0.0,136.45293999999998,5.532796104126518,-0.13191048252882698,0,1044,0
49C016C3-520D-4853-8EF2-81B177ED8825,1484,3,108.5,2,0.4919137466307278,454,111.66442048517521,815,496,301.0,97.27894826646772,224.8,0.0,23.35024359971658,0.0,130.72654,-7.7974557726405465,-0.3077325554230373,0,1044,0
3D5714B3-E512-47CC-A8C0-C849047C9878,8357,2,91.0,3,0.13102788081847552,184,8.036376690199832,302,609,100.0,38.14824256153124,57.9,0.0,6.245961580022765,0.0,46.3,-0.024199351654694112,-0.013996915485716837,0,1044,0
8F6E3CDE-8753-48A8-82A2-F3C9DA2C96BF,12731,4,51.0,5,0.1433508758149399,330,9.461157803786035,404,545,264.0,88.94647313780996,241.8,-794.5035,35.99324418811385,0.0,139.8,21.633433801233252,-0.1406871220928047,0,1044,0
67E58C5A-8E95-41B8-92F3-E6B672032201,1682,4,110.66666666666667,2,0.4340071343638526,449,97.4346016646849,698,361,831.0,353.1603740129357,18909180.0,0.0,69016.75521462382,0.4340071343638526,125.54415999999999,-264.0552091225036,0.09169475309700659,1,1044,0
EC098375-B938-4880-A7C8-4EB8C297FC03,12731,4,94.66666666666667,1,0.028670175162987983,165,4.7305789018930176,816,405,269.0,87.37170486581361,183.3543,0.0,20.55242936361141,0.0,116.12321999999999,-5.053625986955595,0.08179379649114672,0,1044,0
DBBA78B9-5F4F-4381-9883-AA275249DB94,8368,12,49.45454545454545,7,0.30532982791587,931,40.60886711281071,103,122,301.0,64.31499133800048,542.6331,0.0,15.922081552001831,0.21809273422562142,85.5,-2.205616338000482,-0.0012308618348532794,0,1044,0
31301640-2226-41DC-B1A9-EBC5A4DE58B5,9435,3,216.5,2,0.07737148913619502,41,1.5861155272919978,146,237,188.0,21.51489738687911,69.0,-53.0,8.300545825550396,0.0,32.0,-6.508878868360592,0.006809825630036431,0,1044,0
CE399C1D-9475-42B2-A10B-6D1B2FEAF527,2926,6,122.0,17,2.120642515379357,1382,172.39576213260423,208,327,188.0,-19.88062773518421,0.0,-61.5,9.4438963164042,0.0,0.0,19.88062773518421,0.0,0,1044,0
0362A7F3-A940-436C-88B4-9AE1E666EBC0,12731,3,114.5,0,0.0,0,0.0,-1,570,119.0,15.35997740579709,149.76,0.0,21.48464934295186,0.05734035032597597,49.98,-15.35997740579709,0.0,0,1044,0
40A5B8E3-4F46-4245-9A30-23AF39FB3B4F,8679,5,161.0,0,0.0,0,0.0,-1,16,693.0,179.11516183338105,369.0,0.0,80.92873324867348,0.0,267.0,15.740393722174502,0.5328984373926564,0,1044,0
5EB18AA2-19DE-47F3-8B9F-24DD3BE012E5,5965,3,243.0,1,0.06119027661357921,329,20.13160100586756,816,163,133.0,42.95359174490398,99.94489,0.0,13.558606332668106,0.0,60.533517999999994,3.2231307421330584,0.06705750363014995,0,1044,0
7557F0E7-2BAE-4289-8899-242ED9B3EE10,10492,6,126.4,0,0.0,0,0.0,-1,190,407.0,46.33395767599224,398.3401,0.0,32.825869944785474,0.0,91.73647,-16.584315796254586,-0.09559157963459014,0,1044,0
0546D5F3-6EF7-482D-9386-567CB1639566,5522,1,0.0,6,0.39659543643607387,281,18.57388627308946,557,643,188.0,28.87596849226988,319.0,0.0,12.167048574972698,0.4626946758420862,46.0,1.6538926188412297,0.013162290269002444,0,1044,0
C1509DEB-8344-42FD-91B5-65E8E93FC165,12731,5,156.5,3,0.08601052548896394,68,1.9495719110831828,107,13,489.0,123.65041408926707,303.9775,0.0,40.43593302016114,0.0,174.13415999999998,-21.79556885048622,-0.6172659267950406,0,1044,0
254BFB28-EF86-46B8-81C3-3DCB0782773E,805,3,39.5,2,0.906832298136646,1194,541.3788819875776,548,638,450.0,77.17506163145622,270.45,0.0,41.68296442210998,0.0,128.37,13.510507812988223,0.3834883467551298,0,927,0
0C8A89C0-AFD8-4542-A1C7-AC4198C5ED37,2848,3,230.0,1,0.12816011235955058,182,23.3251404494382,375,169,777.0,218.0019056291673,748.2,0.0,43.689921632611316,0.0,272.2549,32.36334626898085,-0.4210431300391732,0,1044,0
1D0139A9-546B-4410-98A5-EF44AE53DBA1,5070,1,0.0,0,0.0,0,0.0,-1,629,489.0,115.94493328981463,227.0,0.0,29.03144523181211,0.0,154.0,11.107690166975502,0.10352444060297629,0,1044,0
92AAE5D8-79F8-4413-94A3-33A7894130B8,12731,5,134.75,4,0.11468070065195193,1130,32.39729793417642,166,67,663.0,173.06499076962837,694.3537,-1.411111,82.6614523608503,0.05734035032597597,236.4624,-101.48100568398021,-0.7341327035145866,0,1044,0
462C0070-90D1-47B8-B17B-FE1F0836461E,12731,2,342.0,4,0.11468070065195193,1302,37.32856806221035,354,606,1370.0,436.98907798064306,807.96,0.0,122.63047841195001,0.0,611.6339999999999,-49.10056563496403,1.5130698645920329,0,1044,0
AC52B34B-D800-4D88-A136-D15385665CA3,12731,3,227.5,4,0.11468070065195193,91,2.6089859398319066,349,405,104.0,18.19021695084828,352.9,0.0,7.105905041492515,0.05734035032597597,26.1,-17.276682998610628,-0.056288167822905195,0,1044,0
5FB23539-F40F-467E-81AF-3F9848C0F79B,4108,2,126.0,0,0.0,0,0.0,-1,595,1247.0,293.19371599688264,686.6897,-3.53,112.81767204926177,0.0,444.77304,195.69485493675933,-0.033762961254259496,0,1044,0
0C817BA4-271B-4C0C-A9A6-EF78579AD9BD,12731,4,19.666666666666668,2,0.05734035032597597,713,20.44183489121043,594,537,452.0,116.19668860364891,464.44,0.0,43.56186781459533,0.11468070065195193,174.28,18.972994266721457,0.059378999121847485,0,1044,0
7AB02050-BE16-4E86-99CF-7FBFB7D8400E,2897,2,0.0,2,0.2519848118743528,284,35.78184328615809,787,590,151.0,35.80853288482418,234.2568,-35.45,10.924560301222565,0.37797721781152915,50.0,-6.098270539145169,-0.06468556932043341,0,1044,0
B52D06BF-8FE9-476B-AC66-5502470254A9,12731,4,9.0,0,0.0,0,0.0,-1,560,282.0,30.977055426405645,97.0,-44.7,11.067787992730668,0.0,44.0,-1.5255893770229285,-0.047397198099476304,0,1044,0
2162DBD3-BC3F-4F28-9CB6-9FC2E4B5DE8E,731,1,0.0,0,0.0,0,0.0,-1,580,678.0,44.742202261711334,162.9295,0.0,30.207000247929294,0.0,87.32986,-1.9277179321588704,-0.13151115003657338,0,780,0
5F318A4F-B8BB-4B45-B26A-D75B9C8E4051,7709,5,19.5,2,0.09469451290699182,279,13.20988455052536,595,579,251.0,60.339360254044905,514.0,0.0,40.28697845155239,0.23673628226747956,119.4,42.045925239782235,0.25772041472875207,0,1044,0
2392ED53-E2AE-4D43-BE95-A9067BBB0D6B,6483,1,0.0,0,0.0,0,0.0,-1,570,269.0,90.83934149823816,187.9434,0.0,18.06603453784719,0.0,117.55358,-6.261095396386295,0.3568421074789136,0,1044,1
6545E4B5-126B-4F8B-99D1-D6A633A02B45,12731,5,35.75,4,0.11468070065195193,340,9.747859555415914,42,423,488.0,148.55216050410655,536.87,0.0,40.38583607619045,0.1433508758149399,203.45,-37.03989275719296,-0.21388286791247813,0,1044,1
E88FEECA-C31D-40F6-9CFA-EAC22B9C9885,12731,3,41.5,1,0.028670175162987983,4,0.11468070065195193,615,566,188.0,30.056570736776195,138.785,0.0,15.146421371757281,0.0,50.0,-5.72331456393669,-0.03501752616923848,0,1044,0
1FCA5E9B-62A4-4670-B189-9121A55174CF,3405,5,52.25,2,0.2143906020558003,417,44.70044052863437,82,356,416.0,33.28287467983774,192.8626,0.0,15.886251297921254,0.0,48.04834,1.0185211642980647,0.04348077410674122,0,1044,0
B2F5EE12-7D0C-449F-9C00-3B0C09AE260F,2213,4,188.33333333333334,6,0.9896068685042929,323,53.27383642114776,18,6,489.0,88.24333579121814,311.1475,0.0,52.66722693210398,0.0,159.75114,26.047453316771822,0.19929054983745145,0,1044,0
6B97EC58-3A8F-4853-B9E5-0FC6D32CB782,12731,3,0.5,0,0.0,0,0.0,-1,562,523.0,80.0765838941496,321.6244,0.0,48.84226547608715,0.0,156.8899,3.0301018041528636,0.00904202952288383,0,1044,0
954A1AEE-2A12-4D99-A1B2-A583D6155930,2817,4,11.666666666666666,0,0.0,0,0.0,-1,524,151.0,18.272801232763594,41.92131,0.0,3.790549962902742,0.0,23.129,2.5962545467117195,0.028223914409967833,0,1044,1
D3573AEA-0C75-456D-962E-55892348EF0E,7846,3,302.5,1,0.04652052001019628,132,6.140708641345909,670,87,955.0,150.7926266933996,1201.875,0.0,64.84778293062762,0.04652052001019628,229.7598,-29.461577206516893,0.22058182697956044,0,1044,0
E92FEBC9-D26C-4814-8C7B-F0EB7E2E0D38,9725,3,216.0,2,0.07506426735218509,70,2.627249357326478,522,125,141.0,39.37567651388491,114.5508,0.0,17.33534788124613,0.0,59.57,-5.107591637341699,0.05998807122961313,0,1044,0
4870D3E9-B523-4119-BD26-273283DF0939,7471,8,101.71428571428571,2,0.09771114977914604,159,7.76803640744211,22,66,1382.0,277.0336773702932,867.24,-70.27345,132.51061404105383,0.0,467.61,-57.166088635725316,-0.3207257131655451,0,1044,0
508E3286-B2CC-4151-8711-C32B9E97B6C5,6726,2,7.0,4,0.21706809396372284,693,37.60704727921498,241,545,803.0,241.21129385931113,401.5503,0.0,53.82711640680051,0.0,307.9834,6.047302514145656,-0.022103451901042157,0,1044,0
0C337E90-C8DF-451D-A9F3-1447F9B49CE6,12731,1,0.0,1,0.028670175162987983,44,1.2614877071714712,776,543,792.0,219.2224968193596,449.67,0.0,57.577346768546846,0.0,296.76,-43.8487128687423,0.30760842216444506,0,1044,0
72E185DB-B9FE-4BEB-98BF-8950E5072BB4,12731,3,149.0,1,0.028670175162987983,181,5.189301704500825,582,241,266.0,93.02154502827605,160.8,0.0,18.571559543176125,0.0,120.4,-5.861645336918016,0.35427211521305807,0,1044,0
0C530106-0EB3-4B06-97F8-B0FBA94809EE,12731,2,45.0,1,0.028670175162987983,114,3.26839996858063,816,494,395.0,67.60278166079387,365.0,-29.58497,66.78554695473846,0.0,148.0,-67.60278166079387,0.0,0,1044,0
4E2C99F6-2E9A-4949-B7B2-C7C9CCF45E6D,4309,2,75.0,4,0.3388257136226503,609,51.58621489904851,259,462,452.0,133.29035491623605,267.6082,0.06163254,40.21903041679197,0.0,188.44191999999998,-30.164728187840993,0.16414020293305645,0,1044,0
9D4BD847-8AA1-4705-A90E-3D053ECC8A01,2165,2,244.0,1,0.16859122401847573,42,7.080831408775981,776,293,497.0,75.76034490797792,235.7,0.0,26.520511388141255,0.0,110.0,-1.3270115746445867,-0.02702471269894593,0,1044,0
E0D4FC66-F84A-4835-94CD-B0FA8144AF12,5030,4,241.66666666666666,7,0.5079522862823062,376,27.284294234592448,38,56,264.0,85.72194736178035,209.0,0.0,36.090195740444166,0.0,137.0,21.324272399870893,-0.11066872694759332,0,1044,0
FED49662-EC92-43C7-B43C-5500FD9ACAE1,12731,6,70.6,1,0.028670175162987983,202,5.791375382923572,581,206,266.0,93.14614231683841,161.4,0.0,18.648399519280158,0.0,120.5,-5.773310526714951,0.3548136315410912,0,1044,0
952239C5-D3DA-4BC9-BD6F-215E81E4EBB5,10261,1,0.0,5,0.1778579085859078,991,35.251437481726924,126,534,188.0,37.0719736727375,129.6142,-19.60703,13.245821479762206,0.0,53.85008199999999,-4.032897480299226,-0.026664266103874,0,1044,0
E4620871-1E6B-4F9B-A1AD-BA312DA2991A,8374,1,0.0,0,0.0,0,0.0,-1,534,251.0,52.53064188423801,117.9296,0.0,13.27560538077545,0.0,68.605484,-10.187771036552832,-0.06107565682473136,0,1044,1
E020129A-E1B9-4C74-A2BA-9A2EAC5E43D8,3184,5,107.0,0,0.0,0,0.0,-1,172,887.0,158.0502240145344,2048.0,0.0,47.88235336094976,0.1146356783919598,221.87563999999998,-22.542761088608472,0.03559822941433915,0,1044,0
184A220E-3158-4A4A-B9FB-6B022D7A2CBD,8976,3,203.0,11,0.44730392156862747,951,38.67145721925134,0,125,251.0,83.23904825709565,151.4,0.0,24.814824268977496,0.0,112.9,-14.916293627311688,-0.08869207103833426,0,1044,0
FC159190-9B7E-4A2F-9810-EEC819F428E7,670,12,41.0,12,6.537313432835821,4518,2461.2985074626868,107,77,301.0,54.87839512909296,200.1293,0.0,18.58191123145203,0.0,71.776656,8.482047834641605,0.06848001344524553,0,717,0
B0D8707A-E15A-4F2A-84EF-950F34F3804D,6174,3,235.0,0,0.0,0,0.0,-1,58,400.0,149.3221419198412,301.2,0.0,38.92880768338979,0.0,200.4,-13.551432043297979,0.31662996803434545,0,1044,0
0FBE9D7E-E88D-4F40-823B-DCC3D84E8186,1972,5,119.5,2,0.3701825557809331,287,53.1211967545639,534,477,1662.0,345.8640886569371,945.0,-29.97876,121.06072519169965,0.0,490.0,-7.39263803965315,-3.4230524573225978,0,1044,0
93CC4229-77D3-4EE6-A427-EB8D046F43DA,4474,4,155.0,2,0.1631649530621368,97,7.913500223513634,322,55,804.0,188.56618252013294,1674.656,0.0,33.392750150198864,0.40791238265534197,232.5,-7.335279742355169,-0.11549822680458949,0,1044,0
70B7AC8B-8E82-463C-9CBC-C4ABAB197FFA,5459,9,54.125,3,0.20058618794651034,251,16.782377724858033,713,118,535.0,174.1895155077727,376.5974,0.0,35.797181394682404,0.0,217.7441,22.209828530807528,0.27184981998102775,0,1044,0
59DCC837-2368-4FBA-98B4-D225B684101E,692,3,157.0,1,0.5274566473988439,51,26.90028901734104,31,201,542.0,46.153397072397645,186.0661,-13.67728,32.495559611784806,0.0,91.13005,1.996479008466558,-0.06309069461563885,0,744,0
209EB4C0-E63E-478E-A305-E8F3B77F307B,1717,4,52.666666666666664,2,0.42516016307513105,143,30.39895165987187,392,354,472.0,43.589695480300016,251.8151,0.0,27.733055549574676,0.0,83.328846,3.2640321921536852,0.09032810319428274,0,1044,0
561A0161-97F0-46AA-AC51-EDD6468D88CD,12731,4,107.66666666666667,2,0.05734035032597597,20,0.5734035032597596,484,184,306.0,60.71842848145437,150.0977,0.0,19.02275669470006,0.0,82.13677599999998,-5.87855843978771,-0.026564100850411852,0,1044,0
90E5D015-459C-4F18-AA9F-F1DA845ABA9C,12731,1,0.0,3,0.08601052548896394,194,5.5620139816196685,189,506,792.0,220.31628621100796,440.72,0.0,66.04630708440554,0.0,303.64399999999995,-93.25697371100797,-2.131793693666097,0,1044,0
4E122FE7-704A-452D-9967-877E01CD93E6,12731,4,153.33333333333334,0,0.0,0,0.0,-1,38,432.0,114.05474156947119,205.7,0.0,23.187657215271173,0.0,143.51,-4.090611939841551,-0.49796168251236933,0,1044,0
BD1E5AE5-A8F9-4859-95B6-CF29DB31498B,5081,2,17.0,2,0.1436725054123204,31,2.2269238338909663,5,499,313.0,40.605555547218685,171.0,0.0,15.389262193632133,0.0,60.0,-4.45979937437918,-0.09960494665554773,0,1044,0
56A6E8B4-5CB0-4FC6-941E-80CF6B752D5B,1701,2,1.0,2,0.42915931804820695,433,92.9129923574368,815,496,831.0,37.653044406012235,482.3438,0.0,22.01523504470535,0.0,66.50144399999999,3.4485434400140065,-0.2262467724048791,0,1044,0
388C3696-9A66-4D81-B6DF-71463D42FC58,12731,4,167.33333333333334,2,0.05734035032597597,194,5.5620139816196685,510,242,798.0,208.7865407288496,556.0,0.0,71.2914654023042,0.0,300.0,-47.13499751897305,-1.5811749735909335,0,1044,0
8279B13B-B969-4823-9B7F-4062A583A5B6,8441,3,225.0,1,0.043241322118232436,101,4.3673735339414765,17,488,251.0,125.00103811419665,203.04,0.0,22.56586391835861,0.0,152.64,5.134573513889805,0.1823713291443114,0,1044,0
4F43BEE4-EE32-4363-BECE-ADB0CDC9381E,6510,4,65.0,1,0.05606758832565284,21,1.1774193548387095,338,455,269.0,58.77124822816082,205.6556,0.0,22.098631195252672,0.0,86.712554,0.12207526227128085,0.12545419786319684,0,1044,0
C8CE04A2-2920-4BDB-BB04-646C1768EDC8,1260,1,0.0,1,0.28968253968253965,70,20.27777777777778,816,480,1039.0,245.4056550520293,653.0061,-46.3125,45.55320320591954,0.0,301.9014399999999,31.088926576057162,0.11551276019989505,0,1044,0
DDBD0F06-A031-441A-B893-77B34ABBEA40,4062,3,79.0,2,0.17971442639094043,106,9.524864598719843,451,416,624.0,148.73309893912486,473.9,-6.620637,85.35970848251024,0.0,267.53999999999945,-9.093978568600164,-0.4098261216421716,0,1044,0
CA49E920-2F97-4BE1-B8D7-661D1DF2BD22,8368,3,66.5,3,0.13085564053537285,294,12.82385277246654,19,343,301.0,58.057558602336684,213.8,0.0,23.71574236391969,0.0,88.4,-4.630660449481745,0.0633825277351415,0,1044,0
6834BFCB-B69B-4C1D-91F8-7927ED064E29,12731,5,69.0,5,0.1433508758149399,358,10.263922708349698,195,233,100.0,23.59847610002199,52.0,0.0,7.435659031904846,0.0,32.1,3.160876504221836,0.030240893430863468,0,1044,0
3F8B8808-332F-42CC-95C5-5E25C2CC3B0C,4815,3,58.5,1,0.07580477673935618,13,0.9854620976116303,90,475,377.0,105.41906478385633,233.38,0.0,39.066770563305994,0.0,147.61594,-17.438726523053845,0.10296925986419211,0,1044,0
5C5A7F54-7A76-4786-A969-B33B6066F4C0,10263,4,65.33333333333333,1,0.03556464971255968,449,15.968527720939296,404,475,489.0,110.90696803373145,286.0,-30.7,50.28928713304443,0.0,179.0,-9.188912478175894,0.3307132110502041,0,1044,0
DB74109B-2CDA-4D4C-86CD-252E49F1C0E1,9006,5,145.0,1,0.04052853653120142,144,5.8361092604930045,816,432,811.0,433.82856326656764,939.3906,0.0,33.95371848913854,0.12158560959360426,473.1488,15.46620238929654,0.18152723340858623,0,1044,0
8851D927-6303-4FAE-992B-A1231C700070,5176,2,44.0,1,0.0705177743431221,100,7.051777434312211,118,429,400.0,138.27584456238387,3052.211,0.0,34.070396721783766,0.0705177743431221,177.60858,-9.995486235223382,0.0003979075330430048,0,1044,0
A71477A6-16AD-4759-8D98-7AB56DC5AB7D,12731,6,91.2,0,0.0,0,0.0,-1,14,269.0,120.0594606754281,195.36,-2.8,22.384477783216298,0.0,147.12,1.1138548052817754,0.3120389409442525,0,1044,0
E808587E-D5AA-4244-A5AF-DB648578235D,9694,4,82.33333333333333,2,0.07530431194553332,143,5.384258304105632,142,216,538.0,94.47946603437092,238.8672,0.0,25.78712846958246,0.0,128.4668,-5.995179434833872,0.19983579388680134,0,1044,1
D84B2D7C-8B4D-46BC-8D7F-CB05FA4D42A5,12731,3,154.5,0,0.0,0,0.0,-1,156,452.0,43.526953078060586,351.9877,0.0,34.59305181237081,0.0,89.35845,20.29003144740237,-0.07570349800336182,0,1044,0
46FFA32E-6E7B-4C98-BCA8-18F18C7FFDCE,1838,2,0.0,2,0.397170837867247,342,67.91621327529923,19,454,301.0,74.82206652175825,237.13,0.0,27.160457130336827,0.0,112.70948,-4.537636326927995,0.022569231671710443,0,1044,0
046598F9-2198-432A-A014-F6A1E74A2D50,12731,10,67.22222222222223,1,0.028670175162987983,136,3.8991438221663657,433,104,800.0,222.36393138904444,544.3234,-20.1731,58.28628231000171,0.0,295.58866,5.089088387961738,-0.19914307379248783,0,1044,1
3CE7605A-49CF-4E96-823B-2EBF42078853,4196,6,124.0,1,0.08698760724499524,110,9.568636796949477,336,98,554.0,215.23036549055132,358.0,0.0,42.95457908099489,0.0,272.0,6.230745620559787,0.29268336740226336,0,1044,0
A873313E-28D4-427B-A9D7-CDAAFE189971,4386,2,1.0,1,0.08321933424532603,2,0.16643866849065206,86,443,554.0,122.1238325391302,345.5042,0.0,51.012713732648216,0.0,188.39333999999997,-29.62265701058081,0.2856711102038573,0,1044,0
3CC4911B-5570-49E4-AEBF-9FBC2337558A,542,1,0.0,1,0.6734317343173433,22,14.815498154981551,412,442,1039.0,48.60320541837963,528.8867,-60.60374,44.98035735242246,0.0,109.8,29.421329766805556,0.1146779245722367,0,780,0
9F8173AB-DFC6-4848-ABCA-5223A11E46C2,503,2,76.0,3,2.176938369781312,255,185.03976143141153,142,364,452.0,18.705939342576073,99.71751,0.0,24.77122889410188,0.0,57.616902,27.110060839522696,-0.05554348584191674,0,577,0
7EDB4110-47B4-4ECA-96CF-ECBE373A28CA,612,3,180.0,0,0.0,0,0.0,-1,94,1247.0,268.61651369479387,630.3384,0.0,155.65644395410547,0.0,466.20145999999994,35.822605331440684,-0.8097984913572891,0,643,1
7D54DBF2-7A13-4C9B-BC1B-04FB690E46EA,6256,4,27.666666666666668,9,0.5250959079283888,1351,78.82273017902814,195,342,136.0,44.821869211766035,104.2,-0.4879012,18.063971169297574,0.0,64.80001,4.265789373496311,0.04373320026959212,0,1044,0
0F17F090-0884-4740-829A-4C37996ECB61,1697,3,178.0,1,0.2150854449027696,361,77.64584560989982,816,426,451.0,62.03841627146276,324.3729,0.0,34.29048181370238,0.0,112.32769999999998,26.28396997622243,0.20378524886866836,0,1044,0
EE138E80-2ED9-43EB-B510-7187B7935211,4122,2,0.0,1,0.08854924793789423,235,20.809073265405146,804,426,452.0,141.82559453329515,377.0,0.0,67.35465594374293,0.0,228.0,-15.271042064159346,0.21887710188260714,0,1044,0
C478FDFE-420B-4816-85D1-60C7F6D63E6C,1753,3,61.5,4,0.8328579577866515,197,41.018254420992584,963,426,1247.0,292.66936007409726,686.0895,0.0,113.23486414273636,0.0,444.82019999999994,196.7201202113966,-0.04417333013839927,0,1044,0
1A4B99DC-E3DB-470A-9044-B8C7FF877052,454,2,131.0,2,1.6079295154185023,264,212.24669603524228,429,289,887.0,107.4059922504143,555.55,0.0,67.57773955931297,0.0,195.5566,-31.11455344748221,-0.02201626226885109,0,529,0
41ED13D4-3691-4CE6-9987-E93FB75246C9,2745,4,97.33333333333333,1,0.13296903460837886,500,66.48451730418944,816,342,1247.0,321.6897827939571,782.1739,-15.3,187.65931942258035,0.0,583.3909,-16.940916101673167,-0.810775951480052,0,1044,1
2BFC78EB-D465-421A-804C-F758F59776B7,12731,7,60.666666666666664,0,0.0,0,0.0,-1,49,499.0,70.13875663917884,191.3086,-16.47943,24.171551483237028,0.0,100.7813,17.930069951098943,0.5256245369129282,0,1044,0
EEBB029A-143F-46FC-B3BE-BABBF68CF3C0,6900,7,82.0,0,0.0,0,0.0,-1,54,407.0,140.79009993549462,312.7041,0.0,47.24615858568292,0.0,199.63379999999998,-53.198261913118074,0.21071330353362241,0,1044,0
3A2DF9C0-4CA5-4BB0-8F69-41E306415434,4794,3,123.5,1,0.07613683771380893,292,22.231956612432207,711,160,554.0,211.41674708746592,387.4,0.0,41.627659295427016,0.0,267.2,5.877774517472346,0.28529266301718087,0,1044,0
2F0B4580-9C56-40B9-A79E-011AA226D402,2806,15,39.642857142857146,6,0.7804704205274412,467,60.74661439771917,243,216,160.0,50.40213199280609,152.757,-14.57095,20.571283596034654,0.0,79.19405599999997,14.052860388366753,-0.02661091357650022,0,1044,0
0B12EC05-9178-47BE-B0DB-5F6AD150B22C,12731,3,210.0,2,0.05734035032597597,164,4.7019087267300295,761,99,450.0,148.4197824508583,414.75,0.0,40.090583817712634,0.0,201.76,-24.26488584592002,0.3953810975748158,0,1044,0
A805F55E-8340-4A1B-B342-62A243DE1527,1321,1,0.0,0,0.0,0,0.0,-1,396,887.0,91.86643575972344,208.9132,-208.88,26.86839326703357,0.0,129.38653999999997,7.956126112961741,-0.0019420512609964317,0,1044,0
870EFCB6-0506-4C36-900B-58B90AE08897,2741,2,0.0,6,0.7989784750091208,517,68.84531192995257,379,391,301.0,50.092080788332545,144.8135,0.0,12.243432628486998,0.0,66.362,13.859250806574856,-0.13116687375963412,0,1044,0
E1656FE3-DAA7-41A4-B529-23A70618047A,2820,3,129.5,1,0.12943262411347517,9,1.1648936170212767,419,132,748.0,93.84496540569651,404.8377,0.0,36.56586513867376,0.0,138.91513999999998,30.677081952328194,-0.04378843587469381,0,1044,1
AFA767E0-ADC2-47E6-8265-041F5856400B,6061,2,1.0,0,0.0,0,0.0,-1,377,653.0,123.99035294705816,397.7569,0.0,82.63645928771084,0.0,226.1755,-0.6228792819346864,0.07918981951806141,0,1044,0
25DA5517-8E5A-4428-AE69-F814D532E82C,12731,3,283.5,1,0.028670175162987983,304,8.715733249548347,816,378,284.0,91.97005809159691,368.901,0.0,50.448147326830394,0.028670175162987983,144.27872,0.5269384809339499,-0.7161649005994158,0,1044,1
410F273B-56EE-477A-8190-71177633F867,12731,3,39.5,3,0.08601052548896394,58,1.662870159453303,373,296,295.0,89.25308498804347,187.58,0.0,20.419565364156952,0.0,115.73,5.467688931709617,-0.10940902912120647,0,1044,0
587FA9B5-D4C9-4DB1-A1E7-DB3CB5771DAB,3987,2,1.0,0,0.0,0,0.0,-1,373,301.0,37.30690670898639,532.4835,-27.9,20.92689230308189,0.09154752947078003,64.5,-8.50528633861602,-0.020698886007902834,0,1044,0
9D1143F3-C71B-4BE6-A967-39B81623748A,12731,2,0.0,0,0.0,0,0.0,-1,373,239.0,51.32012690129024,536.0,0.0,30.790512860159122,0.1720210509779279,92.0,28.98295951846285,0.2978690784869905,0,1044,0
5686885C-CDF1-4BBC-8012-0BFB570FFC5C,5116,7,68.33333333333333,3,0.21403440187646597,298,21.26075058639562,674,83,259.0,90.60524404849892,185.0,0.0,16.573205476345684,0.0,112.5,10.25972705412454,0.14721065694715088,0,1044,0
F46EF20A-0F69-4085-B391-71F3B111B8EB,4410,3,193.0,4,0.3310657596371882,346,28.63718820861678,91,351,1665.0,127.55050965177718,696.2038,-15.60709,132.5159663724459,0.0,315.87672,165.58147393083857,1.5518228713780566,0,1044,0
216DB755-ABE2-42E4-AA82-E1E20F31103F,1862,4,52.666666666666664,1,0.19602577873254565,18,3.5284640171858217,787,349,452.0,74.48281660416183,238.3347,0.0,35.396241969248244,0.0,121.55375999999998,-2.4324819542389946,-0.080530856249988,0,1044,0
EE323BF7-DFDE-4CF6-9557-60ACB23A6E6C,4100,1,0.0,0,0.0,0,0.0,-1,346,452.0,99.31709732426546,849.87,0.0,22.709884380315106,0.08902439024390243,126.0,1.1271156386975036,0.1307333895816098,0,1044,0
3E2A058E-FC59-4E75-A86D-E8B1D3EB2EFE,12731,9,77.0,1,0.028670175162987983,175,5.017280653522897,402,51,693.0,191.63986983095646,459.5814,0.0,100.34332212884566,0.0,317.91888,-147.99679953080215,-2.1073268219574723,0,1044,0
48A0384D-7E79-4BFA-B8D2-6081AD2F90F9,8537,4,34.666666666666664,2,0.08551013236499941,1321,56.47944242708211,127,336,406.0,92.66227874608829,323.72,-28.68541,31.74287594880071,0.0,134.3242599999999,-11.974753649869143,0.11575364703276896,0,1044,0
8049872E-28FB-42EE-B30F-D5C6EB0017E0,8462,3,87.0,6,0.25880406523280547,116,5.003545261167573,69,160,77.0,30.918031194763703,114.7132,0.006320088,17.410071746463235,1.2508863152918932,56.87256,10.130396004896799,-0.007255467525511966,0,1044,0
BA6B93E6-32D4-4904-BE4D-AB3B5635BEC5,12731,6,83.4,2,0.05734035032597597,163,4.673238551567041,701,196,920.0,175.0836645616525,535.4004,0.0,105.59422336644214,0.0,303.1769,-20.59497416273277,4.576524213945982,0,1044,0
C6C80C9C-0461-4D1D-B482-AF468A879CAC,4511,2,1.0,4,0.3236532919530038,659,53.32187984925737,219,328,901.0,148.15543915499543,489.2578,1.831055,65.17492426628294,0.0,227.7832,10.205586394387296,0.6578779856684276,0,1044,0
AE983F2F-0D33-4E8A-B78D-FC2DE082B356,507,4,99.66666666666667,0,0.0,0,0.0,-1,32,1246.0,211.22867700691953,629.2313,0.0,130.19694625569696,0.0,378.37111000000004,41.60667916437677,-0.7498825328449882,0,563,0
91FC46BC-EAEC-420E-90E7-8B9EB6FDFB6A,1902,6,63.6,5,0.9595162986330179,241,46.248685594111464,398,169,554.0,97.20929029724168,321.0908,-26.95652,57.36773728609183,0.0,181.1078,39.09325013254225,-0.19487583535692687,0,1044,0
39792953-EFB1-4EE9-86F6-C318FBFA1550,369,6,64.0,2,1.978319783197832,97,95.94850948509486,253,1,602.0,179.28109917995036,360.0257,0.0,57.09454148084532,0.0,249.9331,-26.714975125166404,0.02348193020900037,0,387,0
142AECE8-7660-4809-94E9-B4F2F2C010E9,481,5,82.0,3,2.2765072765072762,51,38.7006237006237,307,118,226.0,25.17387912406505,108.1698,0.0,13.047059494671801,0.0,40.928292000000006,-1.452548931935418,0.12851109114692377,0,507,0
2330284F-71E7-4FEA-AAEA-073E1C52A071,4511,2,6.0,4,0.3236532919530038,547,44.25958767457327,219,301,901.0,148.80812766327838,488.5254,-151.0,64.68594909138662,0.0,227.7832,10.082999820517927,0.6532881557158305,0,1044,0
6F0E2563-148C-4B04-A3E1-F7FDA69F387A,5273,7,46.833333333333336,7,0.48454390290157406,141,9.760098615588849,217,17,301.0,98.86814303109698,240.9741,0.008972168,17.253328914556345,0.0,124.7184,13.987976653850865,-0.010293378090426132,0,1044,0
D698C919-8F96-4908-9794-7E94FBC4C880,12731,2,420.0,4,0.11468070065195193,1981,56.79561699787919,716,296,726.0,236.33945636028162,521.68,0.0,72.83499223110269,0.0,333.47,-29.74457518744211,0.10464348136238741,0,1044,0
7C0FE479-4111-4BB5-8D55-607B41C9B0F3,5590,3,214.5,2,0.13059033989266547,10,0.6529516994633274,288,289,450.0,116.64770403724845,218.38,0.0,25.889348750363656,0.0,149.32,24.21929133312193,-0.07704910414194006,0,1044,0
58682C71-82CE-4105-A731-736CAC1F991D,1826,2,297.0,0,0.0,0,0.0,-1,286,452.0,144.6187446166246,307.5027,0.0,35.96914347960559,0.0,187.7655,-8.613161786377702,0.024128853211057576,0,1044,0
61D3E1D8-1995-428B-80E4-318ED8513EE0,350,1,0.0,1,1.042857142857143,10,10.428571428571429,218,276,402.0,20.69019886842645,161.8541,0.0,28.29763291401362,0.0,64.99482800000004,22.470913026017996,-0.3309986812898128,0,780,0
BB5BDBB3-30F0-45A0-90C5-6AD5CACD8AA3,6551,2,247.0,0,0.0,0,0.0,-1,273,188.0,34.86038220992892,119.6,0.0,6.651640346329261,0.0,44.0,-1.6561383827684253,-0.007423584530358242,0,1044,0
9FE556DC-9229-4044-A12D-D158ECD9C8EC,1034,2,10.0,1,0.3529980657640232,4,1.4119922630560928,291,254,250.0,27.139370963744035,84.55215,0.0,9.36102540765294,0.0,38.961416,-3.3228820074168723,-0.009920999131146333,0,1044,0
6036494F-799D-432A-951B-0FD9BCAE3383,6962,2,0.0,0,0.0,0,0.0,-1,258,768.0,97.3088710802787,282.7339,0.0,36.965699886322675,0.0,146.7053,4.372499533455851,-0.20677147544734892,0,1044,0
283B275A-3D7F-4D6F-9327-8752BC9AE288,12731,7,63.0,3,0.08601052548896394,258,7.3969051920509,93,93,706.0,251.15223624984185,493.9087,-0.9,66.51609046301184,0.0,338.635,-12.446214205088722,-1.2144498890411946,0,1044,0
51EDDA54-2C7E-4CBF-A0A9-01946FB3154F,6962,1,0.0,0,0.0,0,0.0,-1,256,768.0,98.43878671245679,286.2928,0.0,37.26324884183842,0.0,147.8916,4.389184364549379,-0.20489371610165982,0,1044,0
51D47ABB-49D8-4264-BF61-141D4150B9FF,5758,5,133.0,2,0.1267801319902744,66,4.183744355679055,184,253,953.0,139.35936047038842,750.6409,0.0,92.36264521558017,0.0,255.0201,-9.815810715913102,-0.16471804561973336,0,1044,0
FF43FC19-CB5F-4E57-B4F2-97863D71913A,4445,2,132.0,1,0.08211473565804274,296,24.30596175478065,816,111,490.0,88.07626229598938,258.0,0.0,27.706445144899,0.0,122.0,1.715404481788397,0.028131044646487614,0,1044,0
844C1E94-D91C-4693-A425-0673A5E23C9F,3906,3,19.0,1,0.09344598054275473,47,4.391961085509473,232,194,511.0,160.9794897386513,294.4316,0.1511501,35.93856183877565,0.0,206.67098,-6.6898761792377,0.5795660922077635,0,1044,0
5C17EFDE-AC38-42A1-8921-47450C93FC46,4753,3,283.0,0,0.0,0,0.0,-1,223,250.0,34.77721529105357,142.5,0.0,11.825033047282371,0.0,50.0,0.9631396472180356,-0.06206784788249295,0,1044,0
F867B201-9236-4A2E-9E95-E4D3B5D842B9,12731,6,145.4,1,0.028670175162987983,12,0.3440421019558558,198,35,499.0,71.04341923838483,191.1,0.0,24.494316668801712,0.0,102.4,22.104644033220097,0.31048323867136657,0,1044,1
7814E77A-3787-4332-A9BD-C92B5DC2C0B1,5141,8,123.14285714285714,5,0.35498930169227777,109,7.738766776891655,135,18,490.0,106.19149509541923,266.83,-14.72,43.69671146877594,0.0,149.06,12.819193176185706,0.09940249596418477,0,1044,0
18D3BF84-9B53-48D3-B063-F7DFA6FA89ED,12731,3,227.0,3,0.08601052548896394,290,8.314350797266515,438,209,269.0,155.00286884770898,254.4,0.0,31.586405436120682,0.0,194.5,-29.16961267486947,0.28925889341608907,1,1044,0
725409A2-0E3D-4446-987F-EB1FF410D697,12731,7,83.33333333333333,2,0.05734035032597597,112,3.2110596182546542,15,202,803.0,296.1011716073058,799.1638,0.0,132.02931190908868,0.0,435.1501,69.82066112340414,1.049202258156284,0,1044,0
39A2C8C4-7F28-47CA-9AA4-8961A6AAA602,4058,1,0.0,1,0.08994578610152784,8,0.7195662888122227,779,193,624.0,63.07949402033611,276.754,-6.019614,36.45631032955655,0.0,110.62176,-19.677511112157084,-0.13001037510865548,0,1044,0
9683C647-7AFE-4F37-B4CB-37BD2E7380EC,6173,1,0.0,2,0.11825692531994168,158,9.342297100275392,215,192,269.0,73.5007754623752,171.7468,0.0,19.532800591515496,0.0,99.6483,16.56193976601986,0.49597443065895425,0,1044,0
93132377-10BF-46AB-B748-AE3094FFF34C,4787,2,0.0,5,0.38124086066429913,140,10.674744098600376,218,188,294.0,85.97084603235926,536.6702,0.0,33.43416453797585,0.38124086066429913,132.27,-0.8404147051987536,0.5156108704549115,0,1044,0
E4DDABB0-5441-4865-8C23-A2516C0A5149,1902,4,6.333333333333333,5,0.9595162986330179,150,28.785488958990538,406,169,554.0,104.66326380295348,310.8095,0.0,58.587012050256824,0.0,190.5982,39.5120343896391,-0.20217264984969296,0,1044,0
F28238AC-EDF1-4E47-991A-034656708A18,9327,15,42.285714285714285,0,0.0,0,0.0,-1,182,693.0,176.7729576675082,384.6,0.0,43.96766732140159,0.0,229.2,-10.67790365516251,0.12736754766233785,0,1044,0
2246E459-92C8-4031-A2E2-7B0A5D166EAA,12731,4,39.0,1,0.028670175162987983,4,0.11468070065195193,97,62,630.0,34.333896106629716,587.9417,0.0,99.30622053605072,0.0,219.81192,239.01724260479006,-0.3959477893992951,0,1044,1
36D8819D-C1FE-41D7-8634-80B330BC8E60,12731,9,67.125,0,0.0,0,0.0,-1,170,529.0,71.42400089019965,283.2687,-14.1602,54.65838774008972,0.0,143.1274,13.696431152778757,-0.4114195141468546,0,1044,0
4020B8F4-3A21-4DF9-8501-1C464D81E73B,3586,5,117.5,1,0.10178471834913552,173,17.608756274400445,166,60,120.0,30.97822387743111,90.5029,-2.0,8.314281258833558,0.0,43.42635799999999,-2.1809759383030247,-0.008621944195350019,0,1044,0
AF87F62F-3C03-4D0D-9722-8060B5CB41B3,12731,2,250.0,7,0.2006912261409159,407,11.668761291336109,69,161,77.0,29.010989013451162,80.10583,0.002974187,16.423136666738923,0.05734035032597597,53.47420399999999,9.590572307950072,-2.54268602255417e-05,0,1044,0
6B7D69EB-3F90-4DB5-B105-55BDEBD0EB6A,8895,2,0.0,5,0.20517144463181564,99,4.062394603709949,152,153,440.0,273.47434258927444,413.97,-15.57002,82.23471734127897,0.0,343.36,29.238741515663833,-0.46368804619257326,1,1044,0
BD959831-3BDF-418D-AD85-DA021C5F8822,5448,6,61.2,0,0.0,0,0.0,-1,35,490.0,141.23938066064065,802.0,0.0,46.605216656001026,0.06699706314243759,201.34,-5.907174007091271,0.047440503921823515,0,1044,1
62A73906-3EF3-45D1-9D3C-8606A3D65A90,6341,5,105.0,3,0.17268569626241917,378,21.758397729064818,449,72,269.0,93.75662741512186,533.0723,0.0,33.30499577835275,0.28780949377069864,134.7,-9.898583839504568,0.08874115516882851,0,1044,0
5C4DB19D-9BCD-473F-B857-7118091B3580,12731,1,0.0,2,0.05734035032597597,44,1.2614877071714712,787,123,188.0,34.49192292212594,81.0,0.0,10.473127871231585,0.0,49.0,-5.759592675212357,-0.07147310138886277,0,1044,0
543FA16C-1207-4E8C-A1C0-499F0B8A249B,5021,3,38.5,1,0.07269468233419638,58,4.21629157538339,888,44,133.0,37.464829640568325,83.71803,0.0,13.692348199854592,0.0,54.42416399999999,-0.6584794473584523,0.10718343671540755,0,1044,0
59F7DD56-C665-42DE-B997-94823778B39B,4906,7,74.5,3,0.223196086424786,29,2.157562168772931,957,6,1734.0,461.8177093207752,1165.093,-82.24992,203.75623763882354,0.0,752.4383,-131.74642614330605,1.173998258906866,0,1044,0
702910A0-BA44-4766-AA67-D86F6A3B3F99,7433,4,86.33333333333333,1,0.0491053410466837,249,12.227229920624243,816,111,693.0,52.29314285764718,265.1713,0.0,27.3795900482902,0.0,87.35054,-14.679788876937309,-0.11306231086089358,0,1044,0
76DEF8EC-BC05-45F4-9A17-EE19804E89BC,2699,3,2.0,0,0.0,0,0.0,-1,109,472.0,73.01935323449746,380.5664,0.0,59.20992520351751,0.0,153.479,36.285320758017974,-0.207939975496005,0,1044,0
2868313B-49FA-4E25-9459-4D66A1A117E6,4844,2,439.0,1,0.07535094962840627,30,2.2605284888521884,747,102,251.0,96.00840635374716,232.5,0.0,13.181225987642012,0.0,112.00171999999999,-2.352285184765691,0.0020141076017872123,0,1044,0
104A009D-8BA7-4B68-BC2F-F007BF0D7B6D,7419,5,105.0,1,0.0491980051219841,158,7.773284809273488,25,98,820.0,227.46747391568474,652.0,0.0,91.50731095195754,0.0,334.0,-52.415699224326715,4.964408214548709,0,1044,1
0AC983BF-C77D-463D-A8D8-993E4D5E7C21,3631,3,373.0,2,0.2010465436518865,712,71.5725695400716,348,97,602.0,153.41247868786826,319.9472,0.0,30.36928291465754,0.0,193.12969999999999,20.627073479570015,0.11306241001444912,0,1044,0
51649634-A16E-4323-809B-7E15C362D5BD,12731,11,93.4,0,0.0,0,0.0,-1,87,188.0,0.0,0.0,0.0,0.0,0.0,0.0,0.0,0.0,0,1044,0
7D009E15-757B-4BA5-9B51-239AB1A261F2,12731,1,0.0,0,0.0,0,0.0,-1,77,251.0,83.45230788472426,231.5428,0.0,30.008333767754568,0.0,124.7,-6.179252329168705,-0.06769788679908523,0,1044,0
DFFDD77E-1474-4BCF-8ADD-E88ABCAE0D13,2244,3,0.5,0,0.0,0,0.0,-1,73,452.0,92.71737395671664,375.0,-16.6,23.209728547113336,0.0,123.0,7.880465549456204,0.04164700260196472,0,1044,0
E22F25BB-34C0-4A1C-A7F8-E2B037338F14,1730,2,241.0,4,0.8439306358381502,289,60.97398843930635,398,75,1246.0,370.93326331682516,830.7,0.0,116.79419165720316,0.0,535.5,27.887176497989685,-3.7392800837328797,0,1044,0
B661AA1C-BEA1-47C2-96FF-01C42B0F6063,6138,4,178.33333333333334,3,0.17839687194525905,674,40.079830563701535,112,73,129.0,36.13769241905053,147.53,0.0,8.460200449857885,0.29732811990876507,47.297661999999995,6.599946300609972,0.05366848529384722,0,1044,0
B49E420D-017F-45B2-AD09-690BB04224C5,2413,3,325.5,3,0.4537919602154994,360,54.45503522585992,342,62,251.0,71.15273364335064,171.8945,-34.22894,26.331545025823406,0.0,105.62619999999998,-0.2540152582040349,0.047618373767436814,0,1044,0
0D73717F-9B64-45D8-9390-42A477B75B22,2952,4,88.0,2,0.247289972899729,78,9.644308943089431,739,59,473.0,102.65529727963656,360.5347,-43.45978,32.287380597293776,0.0,144.6533,12.170135277462208,0.5516018928947827,0,1044,0
195D4A28-7382-4A32-9F2B-BDDC68B010A1,10284,4,59.333333333333336,1,0.03549202644885259,27,0.9582847141190198,281,43,318.0,104.5461517670106,206.9336,0.0,39.20897221651327,0.0,155.957,-26.09251504810628,0.027358893849703518,0,1044,0
5CB79D86-032A-42DA-AF90-0E1332BA04C4,4788,2,1.0,1,0.07623224728487886,834,63.57769423558897,471,48,450.0,109.47721025664937,201.0,-10.85,23.074138301916136,0.0,141.0,6.0098267803876695,0.04394403973044424,0,1044,0
789538B1-103F-4BBB-9681-2AAC7E5B54E7,4478,2,6.0,4,0.3260384100044663,535,43.60763733809737,219,48,208.0,33.620098388650476,237.2923,0.0,7.832130330727442,0.40754801250558287,43.996502,-0.38001046622454737,-0.21394953208114356,0,1044,0
34BDDE82-82B6-484F-A68B-5DD3017F0D80,4747,3,32.0,0,0.0,0,0.0,-1,44,400.0,143.52127543213413,303.6,0.0,38.67070305764333,0.0,193.6,-10.74204703707241,0.29280654218844837,0,1044,0
1A9B0851-50C5-42E5-83C2-55BC5588285B,3051,2,728.0,1,0.11963290724352671,4,0.47853162897410684,79,42,250.0,65.27315318356591,159.0,0.0,18.85764427841291,0.0,91.0,-5.261656269985664,-0.139324756600104,0,1044,0
D984B4DF-76DD-41F3-992B-70589E5FBDE1,2533,2,1.0,6,0.8645874457165417,276,39.77102250296092,247,37,301.0,104.50573563885644,539.4805,0.0,21.167405411212496,0.28819581523884724,129.07314000000002,-6.382868648817862,0.07264602203529207,0,1044,1
9175FD58-1638-47AA-8B16-4041EF9F43BE,3487,1,0.0,2,0.20934901061084024,11672,1221.7608259248636,36,37,452.0,115.00077435291966,242.4871,0.0003521013,21.507351118520724,0.0,139.97359999999998,-5.130868897511462,-0.15883701328503602,0,1044,0
5739BAFF-F3B3-4D68-8255-E61A5CD65DBD,6173,3,232.0,2,0.11825692531994168,387,22.882715049408716,816,23,259.0,50.77679801081741,115.963,0.0,13.710231644520897,0.0,68.71368199999996,8.660008256929501,0.01471824901799828,0,1044,0
E80093A2-E813-4D0B-B4C0-B12BF07A58A2,12731,8,66.71428571428571,1,0.028670175162987983,17,0.4873929777707957,764,22,887.0,206.4547682961759,552.0,0.0,92.57585106319112,0.0,314.0,-138.10291644432405,0.6006138160632163,0,1044,0
1EFF23EC-E7A0-4535-8747-37BC6B2B0CF9,12731,6,111.4,2,0.05734035032597597,15,0.43005262744481976,411,22,399.0,159.9387988938308,345.7658,0.0,39.40392211478319,0.0,200.1526,8.808069711107464,0.2777832051920789,0,1044,0
62F835CA-317D-46C9-90DA-C87C8CD69E20,10135,5,253.25,2,0.07202762703502713,75,2.7010360138135177,816,13,188.0,42.37356458216971,138.1113,0.0,10.60325836495346,0.0,57.604758000000004,2.674299930853593,0.011840116085022893,0,1044,0
30C3AEA4-3841-4F2F-9493-E2E62AE7FEA4,6217,3,3.5,3,0.1761299662216503,106,6.22325880649831,449,20,158.0,27.411504925829465,137.0,0.0,14.884363488766235,0.0,49.0,9.913263592689052,0.03273455113339234,0,1044,0
B844FC6F-EF8F-42FF-92AB-06DE9BF9C2DC,4827,3,241.0,0,0.0,0,0.0,-1,20,314.0,86.29640591099536,459.9609,0.0,29.75391453328869,0.37808162419722396,123.0,-6.066390478896594,0.07741942306541516,0,1044,0
50B491E2-4948-470F-83CB-A07016264463,4271,3,307.0,2,0.17092015921329898,4615,394.3982673846874,68,14,542.0,114.96788493645346,411.9742,-1.84794,73.96217013452681,0.0,214.30392,-70.3880279304891,-0.5029254929784828,0,1044,0
749B5EBB-7FE5-4728-B3D8-CAA50CE673F8,5989,3,0.0,1,0.06094506595424946,121,7.3743529804641845,816,530,269.0,89.76925606395251,169.5257,0.0,19.972328395337545,0.0,116.53116,-10.242475168119185,0.09652457416946075,0,1044,0
B55107E0-4499-4EE7-8DBA-C4114403A0E5,12731,2,409.0,1,0.028670175162987983,41,1.1754771816825074,761,52,739.0,176.5866194242208,606.76,0.0,104.48119208334694,0.0,309.66,-67.12666494891214,-0.4023948527025558,0,1044,0
F21D382B-46AC-4A96-9C63-95FD7C9CE1AE,4906,3,134.5,0,0.0,0,0.0,-1,62,1734.0,467.6391506489174,1171.826,-91.81165,202.6871637206273,0.0,758.16768,-130.10506814660255,1.2719727674372951,0,1044,0
1F3135EA-5ADD-41B0-BBB6-8DA2CA41D6A9,10256,2,14.0,2,0.07117784711388456,9,0.3203003120124805,398,511,146.0,34.51104113164705,1146.798,0.003754629,10.405660252646179,0.17794461778471138,43.583248,4.791902804618381,0.025832165507936867,0,1044,0
6AB8C606-0992-47F0-AA31-A4206C93525B,713,1,0.0,1,0.511921458625526,60943,31198.029453015428,624,576,497.0,55.708761956409944,494.0,0.0,25.912304924674718,0.0,89.0,-3.523808252706239,0.03312703214383678,0,744,0
A9308171-2840-4077-9F49-45BCBB738070,8728,1,0.0,2,0.08363886342804766,349,14.594981668194317,231,758,346.0,76.24674855129324,184.4,-31.48009,29.07587228648239,0.0,112.6,2.656839411669722,-0.07754219199451727,0,1044,0
BBC31DC0-B7CC-4E6A-8F9C-43891A705AAB,12731,2,181.0,1,0.028670175162987983,4104,117.66239886890268,429,258,314.0,80.47479134332931,190.0,-1.46,28.69882584356633,0.0,115.0,-4.923633935921913,0.07621591371584235,0,1044,0
625C3816-E8C2-4A8C-ACFC-C7DD02C07D20,910,2,7.0,4,1.6043956043956042,703,281.9725274725275,219,741,151.0,14.314855488346533,500.0,0.0,53.89281468176868,729.1978021978022,12.19482,-3.907358670136656,0.012081634561184598,14,1044,0
A9693C1B-395A-4C3D-8F96-0D0006596C22,12731,7,33.833333333333336,1,0.028670175162987983,323,9.260466577645118,816,542,84.0,11.428770059662765,188.5983,0.0,2.462359463897316,0.11468070065195193,14.39246,-0.5415994744775823,0.004825141631901583,0,1044,0
72E1682D-34E5-4D99-BC5B-72D1DA524E78,3463,1,0.0,4,0.4215997689864279,136,14.334392145538551,408,744,250.0,39.21276701244,125.6862,0.0,17.338087960822957,0.0,62.37558999999999,7.935039195198883,-0.07302254259978665,0,1044,0
E5E993A9-BBB8-42BD-BB85-83857243B3E8,6240,4,227.0,2,0.11698717948717949,168,9.826923076923077,455,62,269.0,61.713254336445935,413.3616,0.0,14.358913178930338,0.2924679487179487,86.24668,23.808424864171336,0.049851105007167204,0,1044,0
4E42BD1F-F152-41F6-8C37-B03B91B72C24,12731,3,93.0,0,0.0,0,0.0,-1,556,489.0,107.38974745788566,239.0,0.0,24.37567401648197,0.0,139.0,15.136641431003227,-0.07690249825093387,0,1044,0
CB739177-12CB-41DD-8CF4-5B37A7E1C906,4709,6,70.8,1,0.07751114886387768,319,24.72605648757698,816,385,1524.0,432.84748351975327,810.0,0.0,56.079266921234755,0.0,504.0,-12.39007601975328,0.08017999482062864,0,1044,0
39A56711-63D6-48D1-AB88-F8538F388120,4126,2,42.0,1,0.08846340281143965,190,16.808046534173535,195,741,151.0,29.710230672430676,139.0,0.0,7.825893747464457,0.0,40.0,0.09547920411253585,0.006939814243156735,0,1044,0
E0FE1F49-6C09-4610-A5D1-DB7EF44A313D,8233,5,153.25,5,0.22166889347746874,72,3.1920320660755497,519,125,708.0,172.0899551658777,681.6454,0.0,103.95812549424632,0.0,303.55735999999996,2.2022601119000456,0.05762408310566177,0,1044,0
C6047CE0-9451-4ECC-AAF2-DFCA6190BDC9,12731,5,152.25,0,0.0,0,0.0,-1,122,452.0,130.3862527891052,797.7214,-44.0297,44.05258509526598,0.05734035032597597,184.4382,-22.885956251296577,0.20910256559270995,0,1044,1
75ADE5F4-067C-4930-BB4B-A03E975DEC67,6352,1,0.0,1,0.057462216624685133,110,6.320843828715365,816,728,269.0,70.92716144331133,142.8666,0.0,12.999158805969616,0.0,88.5,3.6073370134787837,0.08407941881249721,0,1044,0
79940172-DE11-4491-B298-EC92A07E899B,9506,5,184.75,1,0.03839680201977698,55,2.111824111087734,414,21,489.0,155.81893996416366,259.0,0.0,28.365819847064333,0.0,190.0,-2.4015016925587247,-0.05269214763611588,0,1044,0
B05F4C1F-99C0-406E-8224-06E97829F2B2,6272,5,207.5,2,0.11639030612244898,13,0.7565369897959183,957,101,312.0,36.44171074150553,91.40901,-341.95,11.330665113141675,0.0,51.91563,-1.4718128803944168,0.05187162005022518,0,1044,1
8F12CE1C-05AF-490C-8BB8-1CA1FFF9A086,5269,5,157.75,3,0.20781932055418484,227,15.724995255266654,438,71,301.0,75.96641689453637,504.4127,0.01555736,18.08032007249518,0.34636553425697475,99.25055,-22.60626457008884,0.06471485138198912,0,1044,0
84BD511D-6277-47EE-B645-4874358E846D,3926,3,80.0,2,0.1859398879266429,233,21.6619969434539,816,538,301.0,85.48937858512288,158.909,-8.317545,19.061085313152176,0.0,109.4788,13.453248013642565,0.20645883006009466,0,1044,0
0AAAA21C-8D90-42CB-9758-50887F2ADCA0,6556,2,0.0,1,0.05567419158023185,186,10.355399633923124,816,692,269.0,92.42932599901883,158.2944,0.0,21.32403494002965,0.0,122.02875999999999,-6.399466528339815,0.10897057004629111,0,1044,0
AFC46547-FE9B-467E-96B1-2F633B2D3EA5,5604,6,130.0,1,0.06513204853675945,143,9.313882940756603,670,41,451.0,83.35190590128913,206.1064,0.0,28.34054842803779,0.0,117.80835999999998,-18.042769259082334,-0.4163788724236897,0,1044,0
2703E2CA-ABC0-4280-99F0-BADFE8890649,8803,3,272.0,4,0.16585255026695445,71,2.943882767238441,234,127,314.0,50.79142326163848,176.0,0.0,26.331862017965292,0.0,86.0,-17.475759681391565,0.08726483150637712,0,1044,1
7F6B8819-A0B9-42EF-A026-381CFD1D6188,731,1,0.0,0,0.0,0,0.0,-1,664,678.0,44.86353222147412,162.7922,0.0,30.32679788285806,0.0,87.57705400000006,-1.3551623600543579,-0.12823683458582266,0,780,0
08239E64-D3DE-44B3-A081-FAA5940F7543,8357,5,147.25,4,0.1747038410913007,44,1.9217422520043077,78,160,314.0,41.981236066796775,1000.83,0.0,13.43945563504725,0.21837980136412588,58.0,-5.750217548278258,-0.0515871872613805,0,1044,0
5ACB72DB-4E4E-42E7-9253-6DCD965927CD,4423,2,1.0,4,0.33009269726430024,38,3.1358806240108525,86,643,301.0,43.57473185877908,103.4156,-45.3,13.290144502456615,0.0,60.675051999999994,0.4778322676869706,0.05893545918153383,0,1044,0
D7EC6434-BF8F-4699-8A20-1FA3E017D34B,12731,3,0.5,1,0.028670175162987983,5,0.1433508758149399,862,618,489.0,109.65270060741905,221.0,0.0,29.082024865154356,0.0,146.0,0.7635030962846514,0.0033473496955553367,0,1044,0
26F11D4C-5846-41DE-B0C2-EEC7F41FBFD0,9323,4,93.0,2,0.07830097608066074,143,5.598519789767242,302,420,100.0,44.93982720403392,96.4273,0.0,7.731519483939634,0.0,54.0,2.1889768083117644,-0.0135490835631755,0,1044,0
174492BE-3335-447B-B0B4-1436DF5F9F12,4233,2,238.0,1,0.086227261989133,17,1.465863453815261,230,356,188.0,21.26808726309725,138.5683,0.0,7.069762275134088,0.0,29.8128,-3.165517769887373,-0.01615163560226452,0,1044,0
50F4C3E1-66C7-47EA-8E7E-AA173597A0BD,12731,3,104.5,2,0.05734035032597597,11,0.3153719267928678,173,594,313.0,48.324710644187924,188.0,-25.09178,28.927261665174605,0.0,89.0,-9.3871334836941,-0.005832738838394402,0,1044,0
022B9D83-1EE0-48A0-AF7C-E057A504F1D9,3926,3,31.5,2,0.1859398879266429,773,71.86576668364748,286,531,301.0,85.06553084704647,171.4468,0.0004522573,19.01013165574155,0.0,109.10437999999999,13.435165764836242,0.2069437152305343,0,1044,0
C934F421-91CC-4E16-9087-2EE88663A6A3,6575,2,0.0,1,0.05551330798479088,4,0.22205323193916351,723,590,377.0,64.3884740365837,208.0107,-1.749512,29.801224821015516,0.0,106.1334,4.253193427690988,-0.10237868310595223,0,1044,0
06A8DAD9-0ABC-4738-A1ED-648A8800DFC0,7960,5,117.25,0,0.0,0,0.0,-1,466,489.0,108.03506810900105,201.0,0.0,26.610889797655446,0.0,143.0,10.282755965073022,-0.03427520773037966,0,1044,0
CFC05757-D065-4373-91F8-A452AB1F1396,8584,4,234.33333333333334,2,0.08504193849021435,98,4.167054986020503,211,210,761.0,111.89300002371321,386.7279,0.0,71.45189628725885,0.0,209.77203999999998,-52.09269980689223,-0.08364260808782069,0,1044,0
03492447-A122-438A-B6A8-A9FA08AFB3C7,322,7,73.0,3,3.400621118012422,30601,34687.468944099375,453,384,150.6,41.78081543039227,165.0057,0.0,29.96793137901573,1.1335403726708073,76.90874,-41.78004683953579,-2.6460206849962524e-06,0,1044,0
65B7D5D1-9325-4311-B19C-75F2BCAE89AF,5122,2,1.0,4,0.28504490433424445,130,9.263959390862945,127,580,133.0,40.66727113679217,78.5124,0.0,11.773633530050045,0.0,55.60674399999999,0.299901617914621,0.09379357516224952,0,1044,0
CA28800D-A383-4B2B-9631-772BCCC7F6DB,12731,9,37.75,1,0.028670175162987983,24,0.6880842039117115,576,271,496.0,141.09465119347513,320.6305,-40.9519,71.63093595136131,0.0,208.89064,39.697335760228555,-0.7896480677589193,0,1044,0
6BF8DCB5-9A56-49C5-8472-B5BEF5B15078,3219,3,0.5,0,0.0,0,0.0,-1,575,452.0,95.50871595382576,246.0,0.0,42.634970545728116,0.0,154.0,-13.791586324196132,-0.1434164254389839,0,1044,0
270C0041-C543-4B27-BB02-7B5DB2AACFE6,5123,2,2.0,1,0.07124731602576614,17,1.2112043724380246,766,572,188.0,18.038769841540827,97.0,0.0,8.728887369411618,0.0,30.0,-2.838229718084037,-0.021412279979711075,0,1044,0
BBF323B9-A2C3-4D77-AF75-A57446178B99,5622,2,202.0,0,0.0,0,0.0,-1,571,251.0,50.131941122634835,235.5896,0.0,12.782584990750582,0.0,65.45424,-9.979189685752125,-0.044029111558965855,0,1044,1
2AA63D69-C695-4A9C-A97C-C9BC8EF077C1,9540,4,97.66666666666667,10,0.38259958071278827,2340,89.52830188679245,93,499,259.0,94.2529178493615,229.9768,-2.178168e-05,23.836904624058846,0.0,124.7388,13.255520762521229,0.19812338486737877,0,1044,0
D382CDA4-884A-4B9B-A22D-ABB67EFB11E4,12731,3,202.5,1,0.028670175162987983,12,0.3440421019558558,28,159,433.0,34.84194177363165,376.5,0.0,36.05893809468745,0.0,84.57311,35.36677209156897,-0.07610864797278687,0,1044,1
F059AF20-A1E6-4084-961A-8C9AF508F85C,1740,3,0.5,0,0.0,0,0.0,-1,548,629.0,81.4785726426359,782.7759,0.0,40.24356061275978,0.41954022988505746,138.03812,-10.433422269873546,0.13124707227080548,0,1044,0
5BD94305-EA73-4031-BD99-1BDB7D4E8EE2,12731,3,76.0,1,0.028670175162987983,118,3.383080669232582,816,540,346.0,71.48772324201578,414.9719,0.0,40.4695023949995,0.2006912261409159,127.0115,18.861234720947195,-0.14786043709863886,0,1044,0
AFA3066C-0692-4489-9DD1-346974AFC63B,5025,4,22.0,1,0.07263681592039802,1951,141.71442786069653,341,464,176.0,35.83189279743151,154.35,0.0,14.738677080633794,0.0,56.34,4.636036214914178,-0.0038101137315010207,0,1044,1
720C8CBB-10A6-4A55-B307-BD54DC897475,5073,2,14.0,0,0.0,0,0.0,-1,517,489.0,110.18575272935581,226.0,0.0,27.985145731314233,0.0,147.0,12.117565171878752,0.10328612814555936,0,1044,0
B9DA195A-C798-40F8-BC58-AB1D1ABDA256,12731,1,0.0,0,0.0,0,0.0,-1,528,188.0,36.14420657176923,234.5,0.0,7.499600031373539,0.1433508758149399,46.0,-2.5910429915223148,-0.005373948772856359,0,1044,0
851C0F1D-CE35-437C-BAD1-873DC0DCD321,6404,1,0.0,1,0.05699562773266709,357,20.34743910056215,816,525,676.0,97.13218905397105,217.8497,0.0,24.8674769888296,0.0,131.6528,34.19023476701662,0.11811171987384582,0,1044,0
6F6D633F-3DF8-4747-B5D0-7FA33C5B1654,702,4,97.66666666666667,5,2.5997150997150995,1395,725.3205128205128,289,228,1188.0,207.3148306564246,1072.52,0.0,85.56624201655276,0.0,317.2,-55.157214915683824,0.2807853324368821,0,717,0
D7A38D08-22DE-44EE-9374-6818BDDDF83C,6289,3,19.5,4,0.23215137541739544,50,2.901892192717443,78,485,314.0,42.77142685859306,840.0,0.0,13.316698132311613,0.2901892192717443,58.0,-6.324436117852322,-0.05134910345588372,0,1044,0
EB3F0C5A-EF42-4536-8273-A67A4ABA5E44,2932,2,285.0,1,0.12448840381991816,424,52.7830832196453,816,219,542.0,120.58789881800078,408.2005,0.0,68.14984268903486,0.0,212.52407999999997,-0.4750186953155975,-0.08066704660452381,0,1044,0
B8FA83EE-4339-4D27-8FC3-4871FECC6BCB,1740,5,61.25,0,0.0,0,0.0,-1,351,629.0,81.69269554777622,225.6234,0.0,40.27478010444152,0.0,138.45038,-10.384012836356476,0.1318544761531421,0,1044,0
E37643E2-E950-46D4-A7B3-2D4BE8BE1CA3,2755,3,222.0,3,0.39745916515426494,528,69.95281306715063,68,499,301.0,63.91584001337232,237.4877,0.008464055,19.31955481162418,0.0,90.0155,-14.492402204530116,0.029645716313738347,0,1044,1
FCFE37C8-7C41-4533-8EC3-C1D377BA22B5,12731,5,55.25,4,0.11468070065195193,165,4.7305789018930176,568,491,99999.0,17.76833366434952,239.342,0.0,19.866678501212835,0.0,44.76318,-17.76833366434952,0.0,0,1044,0
6AAB6026-ABA0-4B4E-8E70-853E097CA073,1267,4,207.0,3,0.8642462509865825,245,70.58011049723757,429,123,452.0,102.65225522843993,199.3295,0.0,27.694677052796276,0.0,143.33,12.397984591776108,0.04551098563310972,0,1044,0
57806FEE-DB0D-4805-A542-4467F5D4B48C,2806,2,0.0,4,0.5203136136849608,413,53.7223806129722,442,479,181.0,36.86513690588236,87.78651,-373.2394,16.454999247096037,0.0,60.61584,10.51438764527505,-0.04709847265790906,0,1044,0
9CAF453B-F121-408C-9BA8-1B544FF2CDDF,12731,3,175.0,1,0.028670175162987983,8,0.22936140130390387,148,207,266.0,88.5769602919528,154.0,1.3,17.82789785929615,0.0,114.7,-5.582268933928091,0.33795943029082515,0,1044,0
34BE3784-CDAE-409E-92F5-606D4F251F34,644,3,205.5,5,2.8338509316770186,152,86.14906832298136,91,97,416.0,19.32591468170734,399.9599,0.0,24.21989897760474,0.0,45.682467,43.88961068796859,0.00588696401510184,0,730,0
6567AD54-68F7-4EF8-9098-EACE464D8897,3768,2,1.0,3,0.2906050955414013,413,40.00663481953291,816,459,301.0,49.261635762356136,113.5633,-0.02,13.609686317159033,0.0,67.089012,9.144091360097569,0.0225372288388398,0,1044,0
415E2AC6-9736-4B8F-AEBF-1E2F89FC80E3,2065,1,0.0,0,0.0,0,0.0,-1,456,931.1,82.46117577371157,246.0,0.0,41.94483480653526,0.0,140.0,-7.205000681118989,0.017577817495693114,0,1044,0
51F67213-28DB-4C56-8826-D9B8552B56A5,2871,4,58.0,1,0.12713340299547196,239,30.384883315917797,816,272,301.0,127.2713852283067,224.2425,0.0,21.172122716053632,0.0,153.00852,-26.506713582473367,0.022754334445055178,0,1044,0
DA0A2BEA-7166-4832-A6D4-0D9A8B23CD53,490,6,68.8,4,2.9795918367346936,13233,9857.23469387755,324,97,226.0,31.984072197762988,93.27705,0.0,13.536208095493347,0.0,46.83314,-0.9298633551703936,0.04048280901045771,0,507,0
AD3296B7-7646-4DAD-9915-2E176E681BC1,463,5,94.0,3,2.365010799136069,287,226.25269978401727,285,62,226.0,23.625471656076304,82.65611,0.0,12.813102851242446,0.0,38.446982000000006,-2.5418696421874145,-0.003211833511703009,0,507,0
284D8099-54AD-4BA2-9F1D-CBDBFC7678E7,1800,2,1.0,1,0.20277777777777778,27,5.475,434,435,753.0,253.93650112337562,668.7936,-156.5964,106.35312052985763,0.0,394.97492,-34.672073847141036,-0.7770721104174021,0,1044,0
91432895-B2E5-42C5-8793-8D9B2956CDA6,3875,3,325.0,3,0.28258064516129033,369,34.75741935483871,219,118,452.0,27.72905391514978,121.8503,-0.6455656,21.613188817222234,0.0,55.11426,14.670653746655777,-0.047818654645165146,0,1044,0
2FDF257B-B499-4681-AC67-D61934D29759,4183,3,46.0,5,0.43628974420272526,466,40.662204159694,219,335,452.0,197.23735150905569,536.0,-35.34,41.13448336074821,0.1745158976810901,252.0,16.6410435526727,-0.16782707513066344,0,1044,0
2189B5AA-6168-4CC0-B28E-DCBA48BC1489,8976,2,329.0,1,0.04066399286987522,11,0.44730392156862747,173,426,301.0,47.125139402838926,181.0,-25.56258,29.114710310594422,0.0,88.0,-9.273904834937689,-0.0037541214507857564,0,1044,0
D6254F08-DE85-4CE6-9C7C-DA0882B4B70B,1682,2,170.0,3,0.6510107015457789,493,106.98275862068965,92,420,602.0,81.01658123322254,966.9294,0.0,13.943611284504456,0.4340071343638526,99.211152,4.216943531437934,0.04141251358813078,0,1044,0
0EBC3A03-57B6-4B5A-B505-78FD4F82CE62,12731,4,128.66666666666666,0,0.0,0,0.0,-1,213,314.0,27.322958674172536,144.0,0.0,19.785399442936612,0.0,56.0,-9.259687069234264,-0.02187318507545068,0,1044,0
EEC3CB4D-F102-4DB2-A192-4C69F0BD3C01,1821,1,0.0,9,1.8039538714991765,935,187.4107633168589,248,418,452.0,86.55556339858917,189.0,0.0,24.538966266996425,0.0,118.0,15.54636686838613,-0.1229498448151933,0,1044,0
25288F52-2B7B-430A-B67C-336DE7F68A2C,10100,4,125.66666666666667,3,0.10841584158415841,20,0.7227722772277229,126,391,188.0,38.14995329161889,136.0799,-723.0,13.392926268794326,0.0,54.507722,-3.693591829041729,-0.024899496912605065,0,1044,0
E4B22469-BD58-4ECA-86AE-79D306D83E7E,5543,2,0.0,0,0.0,0,0.0,-1,409,511.0,162.6390713522345,296.243,-3.383485,36.10771709042789,0.0,208.23864,-6.704578120753013,0.5973830797365146,0,1044,0
63641D07-2034-4A57-8871-AAEB24E848FA,12731,2,329.0,1,0.028670175162987983,560,16.055298091273272,266,76,188.0,51.14271399781518,120.0,-66.7,12.997160188522901,0.0,68.0,-6.421649183000362,-0.001748672675679878,0,1044,0
A9499AB9-2DA8-46C7-98EE-CB387B56CF5A,489,2,1.0,0,0.0,0,0.0,-1,385,678.0,83.0204814133516,300.0,0.0,70.87491466075623,0.0,114.12584000000001,10.130076322759507,0.04752277445994967,0,660,0
27FF59CA-C2BB-451E-9481-9E3A649EF76D,8700,8,69.42857142857143,3,0.12586206896551724,20,0.8390804597701149,38,25,415.0,178.8299212181686,361.0,-1.0,52.761542272806665,0.0,245.0,-12.437111586224177,-0.8395523777817381,0,1044,0
B1B22AA8-821E-4D5A-AE1C-317C4CB08AA1,3890,3,3.0,2,0.18766066838046272,81,7.60025706940874,324,349,452.0,75.7958271495667,216.3182,0.0,35.55875115144199,0.0,123.09754,-2.502934513069789,-0.08122368334444015,0,1044,0
9AE14878-F871-4485-A8E4-6331F02F5038,2442,2,284.0,0,0.0,0,0.0,-1,65,302.0,47.82925091951548,147.4399,0.0,21.162208962357482,0.0,71.639438,-8.979841111530149,-0.2368336045498721,0,1044,0
43D48296-363B-493B-97E8-135A4D2D738D,6160,2,4.0,2,0.1185064935064935,54,3.199675324675325,708,349,1247.0,192.94952542698707,588.363,0.0,95.8043383214812,0.0,330.2672,-59.56127960167842,0.17318997664857455,0,1044,0
5DED95B0-E8F9-4EDA-8695-40B4917BA061,12731,1,0.0,0,0.0,0,0.0,-1,342,573.0,79.58924230522825,312.1284,0.0,48.331553466038194,0.0,155.6513,2.650866102179137,0.008718069840506408,0,1044,0
D60B02FE-1AD7-4AFC-8112-59F271ABC336,5228,2,199.0,3,0.20944912012241776,12,0.837796480489671,222,142,148.0,49.69977513266327,181.5361,0.01731228,9.342997150141699,0.20944912012241776,61.163132,0.35802713894167226,-0.03438454574986772,0,1044,0
816653E7-90DE-4268-BEA5-5A35ED0BA3A9,188,4,107.0,6,11.648936170212766,510,990.1595744680851,183,7,226.0,34.92908337607492,237.0,0.0,18.223567654826496,9.707446808510639,54.0,-0.5746080674329477,-0.05114897586811219,0,1044,0
AB7E6766-7227-46CA-98D5-764CA6CF4552,5019,5,111.5,3,0.2181709503885236,682,49.59752938832437,328,327,487.0,100.24634517088998,327.0,-1.26853,31.73347922563394,0.0,141.0,18.97726594022113,0.011794323030165858,0,1044,0
0EBC7B84-5B08-4F34-AC76-BFE03BE79CE2,498,1,0.0,5,3.664658634538153,688,504.2570281124498,277,324,452.0,60.69619012369196,150.46,0.0,28.698326211544863,0.0,94.573066,-1.4863897122722065,0.04499163962852243,0,577,0
BE7CE2C8-18C7-47F9-B010-505AAB63A382,9176,6,69.6,0,0.0,0,0.0,-1,219,452.0,134.75520109838337,294.0,0.0,40.01824692004395,0.0,187.0,-27.020556036654966,0.20859748345694004,0,1044,0
A44CC9FB-6BF6-42FA-A9DA-43CBD87F6A08,474,6,28.6,0,0.0,0,0.0,-1,294,226.0,17.208710010581214,65.4575,0.0,10.65963592084059,0.0,30.450860000000002,-0.29070802392997663,0.011800703387519302,0,507,0
52CEF3D7-B755-440E-914B-E90185699A93,3742,1,0.0,0,0.0,0,0.0,-1,286,90.0,16.856566926895898,44.06598,0.0,6.645814333932689,0.0,25.515052,0.4866000854574999,0.03736479933790583,0,1044,0
7788101C-D03E-4DE9-B82A-77ACA3BFE323,350,2,0.0,1,1.042857142857143,8,8.342857142857143,218,277,402.0,20.70857422494315,162.0124,-21.7793,28.342818240496605,0.0,65.077482,22.489193353297587,-0.33190870509579284,0,780,0
F3B79ACA-9389-4CCD-8FEE-3534CBF7C147,373,3,55.5,0,0.0,0,0.0,-1,192,887.0,79.6625089242883,235.4648,0.0,50.15488733279004,0.0,148.37243,-6.13779131572349,-0.027645203343477694,0,423,0
EA9B4423-F67A-4115-A93E-97EE9843D486,12731,5,31.25,1,0.028670175162987983,52,1.490849108475375,210,259,264.0,106.64092601601313,214.1,0.0,36.24567972817629,0.0,153.5,-4.712855027972992,0.11630776317843265,0,1044,0
8BBD03B9-5906-43F7-8551-542DE32729E9,1536,2,1.0,1,0.23763020833333337,10,2.3763020833333335,934,256,452.0,108.32793872664743,253.4523,0.0,44.70070143165602,0.0,164.69353999999998,-22.00024148004249,0.2598217122722461,0,1044,0
7F1776E8-6AE9-49D6-9A08-03CFAE0C5F35,5969,5,7.75,2,0.12229854246942536,16,0.9783883397554028,182,210,489.0,97.73149369100827,234.4173,0.0,30.092666324885762,0.0,136.77152,-6.531075579125556,-0.05439750871801567,0,1044,0
68393A79-FE6B-4B86-AB40-6CE88137A76E,9819,3,146.0,3,0.11151848457073021,210,7.806293919951115,496,230,141.0,40.23398407139288,124.8,-2.296912,18.01960474484192,0.0,60.67,-5.394788083738561,0.06827950066992,0,1044,0
97DE8F48-CDF0-4327-9EAC-AB2B73FB697F,1231,1,0.0,0,0.0,0,0.0,-1,230,753.0,176.52004032585745,494.0,-14.515,56.583238328311474,0.0,262.3,-11.43413754807969,0.13140072734158526,0,1044,0
66C36BAE-71F9-4D8B-8D0F-1886931FC598,6130,5,68.25,5,0.2977161500815661,246,14.647634584013051,56,181,734.0,152.95196731274484,355.6895,-0.7,47.368958054306056,0.0,217.40175999999997,39.34962589481688,0.2682411068574384,0,1044,1
9BC821B2-CCB1-455D-934C-E0800CBD0CD5,6915,2,1.0,0,0.0,0,0.0,-1,226,801.0,238.15815967014592,427.07,0.43,48.50628801469063,0.0,302.6,6.850295576767678,0.46208063181075537,0,1044,0
DF4F2003-6EAF-45F7-8020-9013817C6D00,12731,5,139.75,0,0.0,0,0.0,-1,7,250.0,56.12559310802176,297.46,0.0,26.861224952428774,0.1433508758149399,89.0,-12.414327675922998,0.008249303754882226,0,1044,0
DC78C785-DE0F-48D9-8170-6F5F1EDAC962,5522,2,229.0,2,0.13219847881202462,179,11.831763853676204,753,220,314.0,25.858497139088904,207.0,-26.6,28.433620332478746,0.0,76.0,-17.556259484767914,0.00582599360688447,0,1044,0
FDD9C72D-F18E-4907-8818-5B7D2032B7C5,6025,2,1.0,2,0.12116182572614108,45,2.7261410788381744,476,217,400.0,128.37950943418906,276.1907,0.0,35.075714531375134,0.0,172.3612,-12.809471221997683,-0.00585516135805292,0,1044,0
CAAC2AF6-6F91-488C-8E1A-9807951C955C,6122,2,0.0,1,0.05962103887618425,6,0.3577262332571055,652,212,325.0,85.44082342576621,180.4,-71.23009,19.95317198167028,0.0,111.04399999999994,4.565311605097989,-0.11227830081912328,0,1044,0
7D6A66AC-8CED-4DCB-8189-AF743326D9B9,6946,7,81.83333333333333,1,0.052548229196659954,181,9.511229484595452,816,200,748.0,225.06480981142633,992.0,0.0,61.63563679343453,0.2627411459832998,300.8698,-13.37693381065472,0.18558575533253574,0,1044,0
BB67EE48-B027-4D81-83A2-3809F056824F,4906,3,74.0,2,0.14879739094985733,86,6.398287810843865,69,58,1734.0,460.84799064965,1025.763,-146.1375,200.92467429015161,0.0,748.8439999999999,-126.9306950107611,1.2718838369023262,0,1044,0
25A7D8AB-326A-4464-90E9-F1A74466E9A5,887,3,76.0,16,6.5839909808342725,1133,466.22886133032694,64,196,60.0,4.90738921228905,24.281,-0.498,5.644627310062527,0.0,12.331,1.571918503760334,0.006072370045678519,0,989,0
B34F4910-E39E-4D7A-8DB1-1F921964B5C5,4566,4,11.666666666666666,2,0.15987735435830047,70,5.5957074025405165,406,195,226.0,36.97019050467938,163.4039,0.0,22.045572677773322,0.0,66.72323399999999,18.01942704624655,-0.1379954760316225,0,1044,0
FBB8FC67-8C01-467D-A12B-01B71AC82D42,5909,2,622.0,7,0.4323912675579625,394,24.337451345405317,247,179,269.0,104.36902220735777,224.9494,0.0,21.144463813493108,0.0,128.75582,-5.452987606277546,0.08094556618263396,0,1044,1
125918EE-4CCE-4177-A086-BEEED0C2412B,12731,3,220.0,6,0.1720210509779279,425,12.184824444269893,58,174,259.0,115.77849580164126,385.3159,-152.0502,35.23496384650158,0.1433508758149399,158.7155,14.552727298821694,0.07705724954657839,0,1044,0
49D98260-F113-459B-BD5D-136417B81C53,2478,1,0.0,1,0.1472962066182405,8,1.178369652945924,702,163,472.0,119.10624157539952,457.0977,0.0,20.265596962342784,0.0,144.3198,-4.593385876325456,-0.27361362990985016,0,1044,0
B7C053D0-9734-48F1-B3A8-9114744DF765,6160,3,90.5,0,0.0,0,0.0,-1,146,1247.0,191.33479998858118,585.1356,0.0,95.09241802747148,0.0,327.77556,-57.508051012115146,0.16843436914873441,0,1044,0
5E0193DC-45E4-4A39-A181-2527641BCA71,327,5,32.5,12,13.394495412844037,604,674.1896024464831,64,145,151.0,21.718132143022487,73.885,0.0,14.491758430040209,0.0,36.845,9.507783443397269,0.01785970730265559,0,451,0
98B781DF-4CCB-40B5-87E9-FA0B8D3C4B20,2741,4,83.33333333333333,10,1.331630791681868,1028,136.89164538489604,140,140,301.0,49.54916558936766,96.93604,0.0,12.183149256552557,0.0,65.56091,14.005483956928636,-0.1312346308186828,0,1044,0
41BEAA45-C12F-40F6-A19D-77FF8F50DC5D,1959,1,0.0,0,0.0,0,0.0,-1,138,265.0,59.69934518647545,174.7969,-3.227356,25.026996580843285,0.0,89.922662,-11.23691234388285,-0.008301702699854719,0,1044,0
B730A01E-E8E9-4C5B-BD25-C42FD456A1E5,157,2,7.0,0,0.0,0,0.0,-1,129,803.0,69.67592777926801,810.0,0.0,62.5757951811374,4.649681528662421,145.87502000000003,59.240380912861625,0.010695323465161364,0,268,1
7FBD9408-D2B6-41D7-8358-F38BB3ACA907,2817,2,309.0,0,0.0,0,0.0,-1,123,151.0,18.134526981921976,72.27811,-2.599853,3.744859946914374,0.0,22.98444,2.565757064837282,0.02815734226102859,0,1044,0
B2E793B5-BA4A-4229-BCF3-2023FC784814,3631,2,1.0,2,0.2010465436518865,283,28.448085926741943,551,111,602.0,152.7455695873627,405.4499,0.0,30.463519925342332,0.0,192.2165,20.423250929612607,0.11239122575701821,0,1044,0
2B187E80-8A1A-4948-8BD0-A7153C49F0CB,1034,2,0.0,0,0.0,0,0.0,-1,111,250.0,27.236163839709047,94.83833,-6.040794,9.42627810684943,0.0,39.125719999999994,-3.285756336699791,-0.00991516806438205,0,1044,0
8EF84F38-2FDA-4126-939B-EB8D49676A85,6025,2,364.0,2,0.12116182572614108,111,6.72448132780083,475,106,400.0,129.9876684638035,278.1186,-58.86918,35.508975972938245,0.0,174.41225999999997,-13.113317422136817,-0.0038509393387599965,0,1044,0
74F518BC-6301-4C64-A447-7F5D7D314F82,2328,2,1.0,8,1.254295532646048,526,82.46993127147766,219,104,452.0,193.20881653699868,346.9695,-36.44,39.777411706863354,0.0,245.72614,16.126693524729717,-0.16270623305138887,0,1044,0
B3A5AEE1-A2D9-40D9-B866-178D0D703D27,480,4,30.333333333333332,1,0.7604166666666667,8,6.083333333333334,3,100,417.0,65.03629497184133,282.0468,0.0,61.173489499208095,0.0,170.2046500000001,4.016835193127804,0.1415987470844003,0,549,0
BD647A47-459B-4481-92BC-9F34D9044F0F,3982,1,0.0,0,0.0,0,0.0,-1,98,831.0,174.5251076246778,360.0,0.0,78.44871478973225,0.0,258.0,19.086929338285188,0.39210602192068406,0,1044,0
E1C5CFB5-EFDF-4355-AF99-B7199F65F0AD,4794,3,326.5,0,0.0,0,0.0,-1,83,554.0,212.03970851345866,520.58,0.0,41.68844432978514,0.0,267.9,5.195036856911685,0.322326698997853,0,1044,0
CF125889-D248-461C-837E-0415B1E65984,2988,3,367.5,1,0.12215528781793843,7,0.855087014725569,778,42,250.0,65.45811931549689,152.0,-1.470137,19.371139701233332,0.0,92.0,-8.269616229077137,0.020214601253870083,0,1044,0
E647C5AD-F118-4F53-B710-2FC7C9BC8096,12731,1,0.0,0,0.0,0,0.0,-1,76,282.0,32.62012562698915,123.0,0.0,11.550489344027016,0.0,45.0,-3.3154959973595197,-0.03902745194882913,0,1044,0
3713DA25-75F6-46FF-BCB7-9797A7F289C6,2848,3,0.5,1,0.12816011235955058,7,0.8971207865168539,986,72,887.0,67.03199287180853,206.4528,-88.0,27.23629336531358,0.0,104.6125,-22.96570849773446,-0.13002928595064522,0,1044,0
67D91F7D-F058-4F09-85E7-9BFD07230C81,4093,2,812.0,4,0.3567065721964329,375,33.44124114341559,60,55,158.0,61.855982053707855,107.5,-27.07218,13.776669049063043,0.0,80.0,2.0986861561686894,0.008589166243600474,0,1044,0
20641858-E610-4DD7-A517-032F5CF38EC3,5244,3,1.5,7,0.4872234935163997,127,8.839626239511823,164,50,251.0,52.116919484248484,118.2549,0.008972168,23.51628055813276,0.0,83.50623399999995,0.5223035464536778,-0.05427483508087592,0,1044,0
999B1355-80ED-477C-B0DB-57F491662D00,3021,4,148.33333333333334,5,0.6041046011254552,482,58.235683548493874,31,53,1246.0,286.7268857753895,827.0507,-10.67349,156.52073150243862,0.0,511.09448000000003,-26.432485715991334,-0.3033313375036352,0,1044,0
CB2189DE-A08B-4576-B7CD-5F712979C65C,2160,2,438.0,2,0.33796296296296297,67,11.32175925925926,164,48,603.0,209.93645597001202,381.4936,0.0,34.69701069196425,0.0,251.7045,-38.852070564919416,-0.30453497939807017,0,1044,0
3F112FC8-560C-4F3B-88D4-6D4AD1717952,3645,2,321.0,2,0.20027434842249656,42,4.205761316872428,238,27,904.0,131.60226957189582,409.9875,-3.17,60.875691205386396,0.0,216.9934,5.686828246005405,-0.028436519567020094,0,1044,0
C0961F9E-19D6-4D8E-AECE-8E15D1E4D786,12731,2,67.0,3,0.08601052548896394,61939,1775.8019794203126,190,19,726.0,228.98209715773982,611.9,0.0,87.33049767566409,0.0,334.89,-26.995449781196584,-0.17877196944773435,0,1044,0
770C8A25-EB48-4D4C-88EF-91A1E00D3A27,12731,2,54.0,4,0.11468070065195193,219,6.278768360694368,401,16,261.0,49.28253900349704,542.9186,0.0,11.683340188828605,0.1433508758149399,63.978464,5.127722724898014,-0.006094346422279049,0,1044,0
AA0510DC-5FB2-440A-B2E6-1959058E011B,2170,3,250.5,1,0.16820276497695852,8,1.3456221198156681,728,13,151.0,34.59689907577811,87.15195,0.0,7.927718711726297,0.0,43.683576,4.327996945504296,0.015661500982755136,0,1044,0
3690E5CA-2090-4DA5-A805-327DE86B80CA,4451,2,0.0,6,0.4920242642102898,841,68.96540103347562,68,6,142.0,17.472728253758483,70.505,0.0,3.551701222333277,0.0,21.6102,0.048473450793984796,0.015484744699203443,0,1044,0
01F7288F-0F48-4BC6-A531-FA1A7629A20A,3694,4,33.666666666666664,1,0.09880887926367081,108,10.671358960476448,110,3,831.0,112.8060753618928,412.4885,-2.475639,58.85303568699131,0.0,180.96528,-44.059460836485385,-0.5660127059016782,0,1044,0
3EB5027B-DB08-4931-8549-C2DAAF253F64,12731,5,124.25,2,0.05734035032597597,162,4.644568376404053,219,2,751.0,139.13155418998915,416.0889,-0.3444895,59.70585231683988,0.0,224.1211,1.8978398856281444,-0.1966179859083252,0,1044,0
803A4BE4-7A83-4CC2-B52F-2328EDDD7381,157,1,0.0,0,0.0,0,0.0,-1,137,803.0,69.25851837462737,805.0,0.0,61.89890709973046,4.649681528662421,144.62678000000002,58.511704713335575,0.009869806107628255,0,268,0
63EFD9D9-EEBA-49B7-9A49-02D344868BE3,-2,0,0.0,0,0.0,0,0.0,-1,0,1039.0,0.19609059637069676,201.6037,0.0,5.968413685596147,0.0,0.0,0.006521222765105722,6.022916958178793e-05,0,94,0
4F727414-F7E6-4B01-869D-C6717BCED803,4350,1,0.0,5,0.41954022988505746,270,22.655172413793103,316,714,452.0,166.9919258487154,354.092,-0.4808291,60.80435107318925,0.0,248.11739999999995,-63.243594192851205,0.003255998870359906,0,1044,0
FD954650-C53A-46A6-BFD1-D91E4B9651E9,12731,0,0.0,1,0.028670175162987983,12,0.3440421019558558,47,0,489.0,104.4154046996876,186.0,0.0,24.009934689188654,0.0,135.0,14.902728016361777,-0.07400656459657103,0,1044,0
8A0188AC-39B0-4F80-9F94-B06A743028BB,4396,3,98.5,1,0.08303002729754322,15,1.2454504094631484,759,127,451.0,129.61444435508747,278.9171,0.0,35.62288823031947,0.0,174.11401999999995,-13.42066958734057,-0.009533995632289046,0,1044,0
9809289C-CDFF-429C-AF50-CDE2FD3210F2,9407,5,238.0,4,0.1552035718082279,159,6.16934197937706,168,19,266.0,116.22653852791304,233.0409,0.0,33.00207946875894,0.0,145.50232,-28.251908065721665,-1.1797039335338777,0,1044,0
A84C30F4-9736-4403-AA25-3BED51DC5A2B,8230,2,108.0,1,0.044349939246658567,185,8.204738760631836,318,0,375.0,122.39057597900442,230.78,-18.7,33.20424110662599,0.0,157.68,-29.956363016041465,1.0962654111389647,0,1044,0
C13CA763-0AA5-493F-BB21-60C6094CEAC1,12731,3,346.0,1,0.028670175162987983,118,3.383080669232582,874,335,326.0,101.40364866511118,264.1347,0.0,52.59127338660161,0.0,152.7344,-54.19703816187044,0.03339043649051473,0,1044,0
E5881D0A-9BDC-49AC-A85E-FF64CD676A2F,2809,3,291.5,0,0.0,0,0.0,-1,436,452.0,69.9438587184184,262.1021,0.0,40.644983929439924,0.0,126.40638,-6.115337091875183,-0.300805750514542,0,1044,0
D8094B5F-F4A1-4926-8E0B-288E2BADD0DD,3874,5,145.5,4,0.3768714506969541,352,33.16468766133196,219,435,452.0,28.106293169803966,171.2718,-3.533,21.38491794565485,0.0,55.275428,14.484644063915173,-0.046306659072893344,0,1044,0
21DB4D85-15F5-41AC-932D-D07DA4E0A08E,5991,4,149.66666666666666,2,0.12184944082790852,14,0.8529460857953596,140,557,489.0,122.28993764412796,388.0,-307.6875,36.93344460561488,0.0,170.0,0.1254172941436451,0.3638708825505572,0,1044,0
CD2CC60C-A7FC-4B36-917D-175D718DDD25,12731,5,242.5,5,0.1433508758149399,220,6.307438535857356,539,30,739.0,271.1523986151725,585.0,0.0,91.9285204237161,0.0,392.0,-113.64074738060461,-0.16887595862330507,0,1044,0
5F483BB0-26D4-4780-B11A-39CEC912ABA2,12731,1,0.0,5,0.1433508758149399,1036,29.70230146885555,225,945,264.0,111.51715719084507,707.68,0.0,23.090905733056832,0.1433508758149399,141.53934,0.7001407574573904,-0.14894202522785144,0,1044,0
E3D46CDE-05B2-4898-8487-DF6FECFD428C,5070,3,432.0,1,0.07199211045364892,48,3.4556213017751483,997,76,452.0,126.73167979777122,291.0,-13.8214,37.280653793430446,0.0,174.0,13.888227609636175,0.4321051295769256,0,1044,0
8E608B9D-7222-4821-B0AA-9FD27A832275,6898,1,0.0,0,0.0,0,0.0,-1,922,600.0,183.23389912547376,474.6093,-11.4,50.5761678122867,0.0,251.4648,1.3667588390324283,0.139208530285918,0,1044,0
D39AC5D9-A1B3-41E7-8AE8-2D9B3351878B,8975,1,0.0,1,0.040668523676880224,73,2.968802228412256,299,921,271.0,22.01007863813371,159.9827,0.0,11.01527168896404,0.0,37.129526,-2.0114748533343274,0.01761441139662149,0,1044,0
2913AA43-DAB3-4727-97D2-C38B86F71128,1060,2,12.0,5,1.721698113207547,136,46.83018867924528,609,894,624.0,26.831351289441606,473.1488,0.0,29.288109859067912,0.0,68.0,24.605378378768265,0.14811454598071447,0,1044,0
C505FE32-41AA-4382-8989-6883FD0BA9F6,3637,1,0.0,1,0.10035743744844652,5,0.5017871872422326,769,900,1039.0,227.733074805931,470.1715,0.0,42.097378682195725,0.0,282.04573999999997,-15.645038309017423,0.23304796177377804,0,1044,0
8C4FBEC2-F1A5-4336-883A-E15C18D81F97,1371,1,0.0,1,0.2662290299051787,375,99.83588621444201,816,896,624.0,107.3363490388138,264.0076,0.0,62.95979993464733,0.0,198.2269,-62.411167931020586,-0.45515661955225944,0,1044,0
8BB51D34-33B4-430E-B693-6CCC2F22F5B9,1101,2,227.0,3,0.994550408719346,452,149.8455949137148,816,664,602.0,17.749411520645854,138.0,-4.628,18.676403451150662,0.0,43.0,-13.050646088547088,0.028719480685769374,0,1044,0
5B838E1C-3993-4E59-A9EC-FF210637E797,910,1,0.0,0,0.0,0,0.0,-1,873,482.0,89.94264934787613,252.4308,0.0,67.24111600110697,0.0,189.73191999999997,-51.37116721886378,-0.0050017130478303504,0,1044,0
7EBA0E3D-E744-4672-BD7B-86F0F3BF8B56,12731,1,0.0,1,0.028670175162987983,58,1.662870159453303,174,872,452.0,104.94510343908824,232.0,0.0,30.45362538384522,0.0,145.0,-3.837696031680835,0.3127888445303341,0,1044,0
7EE4A26C-1EB5-4987-A73A-90C17F51FB24,5291,3,344.5,1,0.06898506898506898,69,4.75996975996976,852,159,768.0,87.91743689003312,259.3,0.0,29.318720114201582,0.0,130.2,15.99799520873232,-0.2858277542267437,0,1044,0
94B0146D-48B4-491F-933B-B7D9DF0E074E,3571,2,0.0,0,0.0,0,0.0,-1,829,452.0,41.25974069092169,188.7297,-1.55999,30.328978471734377,0.0,83.24527799999998,10.515271641562883,-0.2351309339779064,0,1044,0
3748EB92-5990-48E4-B964-9F2F1ECE202A,12731,3,51.0,1,0.028670175162987983,337,9.66184902992695,816,724,269.0,39.9776496004443,515.1967,-1.818,51.4596157527692,0.1433508758149399,114.8,-39.39028848933319,0.0011851257356869768,0,1044,0
0929FEE4-99CA-4E47-9961-7725857D46B1,949,2,256.0,27,10.384615384615385,24396,9383.076923076922,3,568,301.0,48.94989820242195,138.3514,0.0,27.17539878835981,0.0,79.82635,23.85280641331879,0.1324981115740673,0,1044,1
A2377B8D-B5A5-4125-8875-F7B199E6A415,2995,1,0.0,1,0.12186978297161938,5,0.6093489148580968,485,825,451.0,60.46546457332792,238.4,0.0,61.921413212569036,0.0,170.0,-43.561760869624216,-0.0076488638286552006,0,1044,0
BA7B92C9-C317-4FDE-98AB-7CA26DEF0FB2,6260,1,0.0,0,0.0,0,0.0,-1,811,312.0,55.481692167695385,129.0,0.0,20.00017842004843,0.0,82.0,-20.377911303497854,-0.004528736972591097,0,1044,0
6085C67E-1F01-449C-B43B-43ED266AB867,12731,5,193.0,2,0.05734035032597597,356,10.206582358023722,63,37,314.0,34.32011040898039,109.1,-32.26303,19.59456873099224,0.0,60.0,-0.11555022379521063,0.020027455378543346,0,1044,0
8ABC2B43-ED95-4E5B-9E70-40FFCFC10E0B,8872,1,0.0,1,0.041140667267808836,1801,74.09434174932372,276,776,314.0,48.741979763133884,237.111,0.0,27.892395010583172,0.0,88.0,-9.344140256961047,0.013202247190974748,0,1044,1
33C64837-862E-4D62-8B39-E659102BE80F,3051,2,758.0,1,0.11963290724352671,4,0.47853162897410684,79,13,250.0,66.03150332718299,222.0,-18.8,19.058245884025357,0.0,92.0,-3.2312718457015066,-0.13181354122371908,0,1044,0
CDE3BF80-45A8-4454-A382-5832C64A3A3B,12731,6,150.8,2,0.05734035032597597,28,0.8027649045636636,463,5,188.0,19.436765734944412,90.0,-15.67459,14.229214999126107,0.0,40.0,-8.133756475685153,-0.010342669190995649,0,1044,0
50407294-CFB1-4B51-9BAC-CA1E4E222106,1906,2,1.0,1,0.19150052465897166,235,45.00262329485834,816,706,602.0,51.39183176134588,205.364,-2.102661,11.285458351984945,0.0,62.774812,3.613930019518328,0.13373648147686065,0,1044,0
FF43581C-077D-46BB-8122-361C7B35518C,1239,2,587.0,1,0.294592413236481,2,0.589184826472962,244,117,452.0,100.66963916263563,174.8959,-9.599999,19.577582098340354,0.0,129.50346,-13.57797312019737,0.05738013685780749,0,1044,0
C8D30CC8-EE14-4099-A3EA-204972D0D165,1682,4,109.33333333333333,4,0.8680142687277052,442,95.91557669441141,698,366,831.0,237.75046665736343,20482050.0,0.0,52861.794419038204,0.2170035671819263,125.53971999999999,-148.2756167345239,0.09272460756006745,1,1044,0
13510E1A-9690-4369-9442-4DA1C4ADBEEB,5808,1,0.0,0,0.0,0,0.0,-1,691,209.0,53.46854145823202,113.21,0.0,13.204598900844623,0.0,71.62,1.2880596220148917,0.0765344389796163,0,1044,0
7A0D8C02-A584-4215-9DBC-2D8329900CC6,12731,6,131.4,3,0.08601052548896394,59,1.691540334616291,216,82,789.0,168.31324528583653,584.03,0.0,98.31462669402505,0.0,293.68724,4.155279405521497,0.06785470771409455,0,1044,1
9DA0A802-E704-4C2F-AC5C-FBA1233EAD9A,9278,3,305.5,1,0.03934037508083639,846,33.28195731838758,224,46,820.0,227.19889147062153,946.0,0.0,84.7419471222013,0.03934037508083639,323.0,-87.28523406321412,-5.198850852643314,0,1044,0
C8DCBAAC-E4EA-4EE4-8FD3-2B32C4D6C764,4643,5,90.0,2,0.1572259315097997,23,1.8080982123626965,371,290,150.0,45.772920122296455,101.558,0.0,15.551126462950409,0.0,65.2732,3.4394962974566354,0.00865437937006325,0,1044,0
E46BEB47-635B-4F8C-B788-9549B07FB1BD,2940,7,69.5,7,0.8690476190476191,533,66.171768707483,273,232,450.0,102.9609901017139,363.6,-19.8818,49.356948908950315,0.0,166.38,-4.278710780726257,0.04898701371444976,0,1044,0
8361C020-2620-4529-B0A0-03C216F6FA9E,3480,3,283.5,1,0.10488505747126436,198,20.76724137931034,687,84,831.0,170.23338488199323,347.9429,0.0,75.32289001170378,0.0,251.9326,15.15984825635553,0.5049371406002524,0,1044,0
78B3EBC8-F56B-4BB3-A5F7-2706B151DA0D,3610,1,0.0,1,0.10110803324099724,15,1.5166204986149585,349,608,451.0,163.1440974858519,408.9703,0.0,89.08513353874561,0.0,281.12348,34.987253324487625,-0.45072875289894876,0,1044,0
307666EB-D13B-45F5-AE71-0625CA7FFA8D,12731,5,88.75,3,0.08601052548896394,322,9.23179640248213,345,265,301.0,50.095338613760354,252.7,0.0,17.85745609568128,0.0,73.8,1.9392601519803847,-0.003040098694676406,0,1044,0
C2BB26A4-687B-4185-8F3F-1387DB51C500,4422,1,0.0,0,0.0,0,0.0,-1,573,538.0,86.98631010744236,213.0,0.0,25.974111123783228,0.0,120.0,-6.899967514849777,-0.02312579742362796,0,1044,0
37269223-9280-4724-8C43-59E4154D0EB4,3846,2,197.0,3,0.28471138845553823,67,6.3585543421736865,371,547,150.0,45.48192672449992,100.6699,0.0,15.235661933478898,0.0,64.754762,3.2623704734938954,0.008185368133079308,0,1044,0
3AF39594-F1F2-41DD-8019-F6DC70309A84,2147,2,1.0,3,0.5100139729855613,350,59.501630181648814,635,538,831.0,180.42271458084818,449.3375,0.0,68.36811092443322,0.0,271.7938,-24.113565928842007,0.09291515177270662,0,1044,0
26245C96-2CD6-40BA-8241-3769DFA5D8BD,692,1,0.0,1,0.5274566473988439,4,2.1098265895953756,82,513,602.5,61.042543215891214,273.6766,-124.1082,61.333438234655446,0.0,157.22895999999997,121.28396753102237,-0.0681315411129433,0,1044,0
BEDECAEF-22CF-4F6B-A9D9-03809C319826,649,4,179.0,7,3.9368258859784286,960,539.9075500770416,18,19,452.0,98.04678307239719,299.0,-0.2568916,48.815976076113465,0.0,143.0,27.57682826710898,0.21356568510847632,0,780,0
1EAE67FA-5497-4F17-BD60-E50D2108D271,3457,4,129.33333333333334,0,0.0,0,0.0,-1,506,452.0,46.37333191231424,166.0,-22.6,13.788032282268183,0.0,64.0,9.070649569167237,-0.028649284548215224,0,1044,0
47385182-ECF8-458B-B139-DD5CC20E28E6,8816,3,10.0,3,0.1242059891107078,203,8.404605263157896,62,499,271.0,80.61657827003803,255.6026,0.0,42.21701520733897,0.0,137.49008,27.66311454315641,0.28156799717771575,0,1044,0
E7E3043D-F19C-4229-92BD-9AAE6F2042B6,8368,2,1.0,3,0.13085564053537285,303,13.216419694072657,19,468,301.0,57.30847118073364,240.4425,0.0,23.4248792876359,0.0,87.3,-4.552105436057722,0.06271413817081758,0,1044,0
6A97A554-D7C2-4618-A10A-D667E7BD57BA,3813,4,46.666666666666664,3,0.2871754523996853,624,59.73249409913454,325,320,371.0,68.6155949928061,150.0,-2.972473,28.183951262197883,0.0,105.0,3.446442044230949,-0.0884958362487173,0,1044,0
552C4C96-F16B-47E5-9B2D-3230736F71DF,2351,2,0.0,0,0.0,0,0.0,-1,458,452.0,109.32421469822218,281.0,-13.6,42.44050145292662,0.0,164.0,-8.39157580933329,0.17298792031929308,0,1044,0
D67E77B7-40F0-4C8E-A09B-FD42FCDD03F1,1697,3,121.5,3,0.6452563347083088,383,82.37772539776076,816,454,831.0,27.36900390981569,86.12652,0.0778044,15.477569748923985,0.0,50.166698,12.15390033725221,0.09039063448273266,0,1044,0
5583101A-4AF5-483C-B8D1-A32F4E33B8D5,12731,3,99.0,3,0.08601052548896394,241,6.909512214280104,455,247,269.0,53.4514938754721,143.9,0.0,21.98229450557718,0.0,78.5,32.87139964304642,0.034890881590237115,0,1044,0
FAF71C56-C66C-4B45-A802-D78BB4F6E1EB,12731,1,0.0,1,0.028670175162987983,214,6.1354174848794285,816,442,264.0,73.27031990984966,156.0,-496.0,18.264375971442856,0.0,98.25,5.302307404965148,0.11951522650251693,0,1044,1
32C858E9-875B-43D7-992D-62985F5ADA2F,4091,2,0.0,0,0.0,0,0.0,-1,426,301.0,27.959082683814373,101.1027,-34.14572,14.070160599709844,0.0,47.046164,-2.8544024189223975,0.09219956902296134,0,1044,0
CD150240-E82B-43BB-80F7-CB70234FFF5F,5109,3,129.0,0,0.0,0,0.0,-1,230,188.0,24.75592803353161,98.0,0.0,9.921890444542942,0.0,38.0,-4.554616305136548,-0.0173594248032647,0,1044,0
95BA4402-942E-49AD-8E3B-7C16BF60F656,12731,5,115.0,6,0.1720210509779279,1253,35.923729479223944,162,55,225.999,30.02120191924171,111.5699,0.0,33.94877391138352,0.0,74.452412,32.594358913320015,-0.22680014125722156,0,1044,0
97C338DC-7669-4BA4-8B57-DF87ED9B047E,2943,2,0.0,1,0.12402310567448183,307,38.07509344206592,816,393,602.0,79.8854900894909,239.6476,0.03456794,41.082673292422946,0.0,147.31541999999996,45.8521589097375,0.1852500002062461,0,1044,0
0EC04EA5-F77E-4D6D-8583-EE00C9E5B9D0,2799,2,0.0,0,0.0,0,0.0,-1,384,748.0,94.3303741686372,405.0395,0.0,36.76188198689141,0.0,139.64437999999998,30.926016934757854,-0.04068965865482777,0,1044,1
EE6A50AE-34AB-4577-A6B8-DE0A643921BD,5093,2,90.0,0,0.0,0,0.0,-1,384,188.0,18.761401766217936,100.0,0.0,9.05753944923356,0.0,32.0,-4.4634079390574435,-0.14919766043363586,0,1044,0
DB233991-1F7F-4264-B67A-2B8477FECCE1,12731,3,156.0,0,0.0,0,0.0,-1,57,266.0,119.88854958881478,258.9601,-31.4528,62.05713774410928,0.0,185.88,19.567395871061763,-0.7754986083205839,0,1044,0
5F90C0FB-7BDD-44DB-A6D2-AF1B38DFFC84,12731,1,0.0,4,0.11468070065195193,14,0.4013824522818318,96,349,488.0,57.4036569991927,203.3936,-37.1265,58.286552753728074,0.0,160.437,-40.73738299848282,-0.02562278421205966,0,1044,0
8E086990-00A0-45D9-A1AC-9A79E3A11D21,391,3,56.5,1,0.9335038363171356,34,31.73913043478261,352,216,1246.0,238.15777926496634,1003.679,0.0,195.6215605699977,0.0,536.63846,113.55035783534231,-0.7564034921416052,0,444,0
2F6DA7D1-915A-4335-B0EF-1B35C34A0E1F,2397,2,61.0,0,0.0,0,0.0,-1,238,301.0,48.77578063156528,108.6,-6.236812,12.459668290205164,0.0,66.3,-3.0779526899757883,0.06546645050831025,0,1044,0
41E5118C-A42B-4BDE-AB32-9C3566EDAA39,12731,5,43.5,0,0.0,0,0.0,-1,292,432.0,115.96220299679604,211.23,0.0,23.552212345966876,0.0,145.65,-4.235341885684932,-0.4891449287293267,0,1044,0
1F9A92EA-F9E2-498F-AAD3-AD6DBB1E865E,5627,2,1.0,1,0.06486582548427226,27,1.751377288075351,891,289,131.0,28.443225402492555,232.6,0.0,17.68823565041017,0.06486582548427226,49.5,-0.12135040249255624,-0.01293292381778354,0,1044,0
857F915F-1C2B-47F1-A172-492B94761B5B,405,3,79.0,0,0.0,0,0.0,-1,245,603.0,79.56177754206091,314.9013,-14.18723,86.01595202289637,0.0,202.43948000000003,84.63023835068599,-0.06480183232342546,0,780,0
F6E0DA25-85FB-4E53-BC0D-EE9B432BC47F,373,3,35.5,0,0.0,0,0.0,-1,194,887.0,79.85476843503373,235.3271,0.0,50.13596259260733,0.0,148.48603,-6.350744383799167,-0.028244734842278844,0,423,0
D4F6F205-A6A6-4F9D-8BCA-2F2E629CAB34,3102,3,360.0,2,0.23533204384268214,46,5.412637008381689,38,259,451.0,104.89471232507705,275.1525,-28.45106,61.021415647673585,0.0,192.16053999999997,-9.685987189506832,-0.18645436289205783,0,1044,0
42D1D8CB-80FB-4477-992F-5B36682F7037,3200,4,123.0,1,0.11406250000000001,6,0.6843750000000001,245,245,1040.0,162.08161798356056,531.1835,-1.288677,77.89607568605413,0.0,269.2481,-58.08880361234142,-0.2147167978906256,0,1044,0
E4EFA749-DE05-4CE0-B294-FACEAF47AD4B,2715,4,242.0,2,0.26887661141804786,86,11.561694290976058,398,224,361.0,70.76508361511918,225.7917,-31.30568,33.63514911504389,0.0,115.0707,3.9184118077203323,0.12405277258594011,0,1044,0
ABFFDC0D-9FB7-4D3B-BD20-B94AB1BC7402,2659,1,0.0,1,0.1372696502444528,203,27.865738999623918,816,223,301.0,88.01968832312642,1047.416,0.0,18.03892844296841,0.1372696502444528,113.55632,-1.5167338408733286,0.09206419444722408,0,1044,0
C23B93D1-6D8D-440E-911A-D6D9192CC4D2,4492,3,249.5,2,0.16251113089937666,24,1.95013357079252,219,219,803.0,90.34183681689503,284.79,0.0,50.70707983641734,0.0,163.13,14.947964109030892,-0.016618230188554982,0,1044,0
4F62C8AA-4BDA-4961-B66F-9BFCA812D0F7,874,1,0.0,0,0.0,0,0.0,-1,212,250.0,23.08403201608638,82.53806,0.0,13.18387281590799,0.0,38.542418,0.08988499402164507,0.01735070555742003,0,1044,0
3851D4EC-7685-4C83-A34B-CDA4C8243E2D,7192,3,93.5,0,0.0,0,0.0,-1,24,798.0,116.5917721667305,380.9532,0.0,63.901434769245874,0.0,208.1899,-44.366659814764446,-0.09706771275325589,0,1044,0
98A71AE0-3C28-4381-A1BF-3523AFCFD83D,5708,1,0.0,6,0.3836720392431675,411,26.281534688156974,146,209,391.0,148.03018527428043,283.3233,0.0,44.583276051442986,0.0,215.49339999999998,-19.423193268107582,0.23289244063842063,0,1044,0
8F9C870E-251F-4857-81C1-D587DEF9AE60,1168,3,93.5,2,0.625,135,42.1875,196,9,452.0,105.29809691442777,240.1837,-0.3500977,29.615108816958244,0.0,146.28327999999996,-12.621321621217902,-0.11829029019938662,0,1044,0
06B483A0-1832-4A94-BA54-4BA71368635F,372,1,0.0,0,0.0,0,0.0,-1,197,678.0,30.895710491163406,124.4909,0.0,16.196101967667587,0.0,50.50769,4.298161405441533,-0.0504710757146878,0,423,0
E49AEB5A-C1B2-4A2F-9519-C650809EBE04,4339,2,558.0,2,0.16824153030652222,327,27.507490205116387,100,190,126.0,51.68697078100824,134.4155,0.006354059,22.87019893042028,0.7570868863793501,78.969268,14.099080134323543,0.297514017530594,0,1044,0
000D19AE-90F4-4E04-AE7D-E5CF952562D1,12731,2,0.0,2,0.05734035032597597,7,0.2006912261409159,808,188,156.0,31.503830070870066,61.54682,0.0,9.404636521909481,0.0,43.976386,-0.007449389542905749,0.010914485490290993,0,1044,0
EF58576A-4576-43DD-887F-CC0B3A5E04FD,4423,2,1.0,8,0.6601853945286005,116,9.572688220664707,86,181,301.0,43.36372273303176,101.9544,0.0,13.21890668920385,0.0,60.378246,0.7431607907336755,0.06320757290322185,0,1044,0
FE858CB0-C9EA-45C7-AE2C-E2BFBE6BB351,2478,1,0.0,0,0.0,0,0.0,-1,164,472.0,119.95781382049864,457.1287,0.0,20.42602554409386,0.0,145.39298,-4.737888246424575,-0.2756299440364259,0,1044,0
50B4237B-C3AC-48AE-8E9A-D392D1A2B753,8497,7,107.0,5,0.21478168765446626,248,10.653171707661526,220,95,251.0,93.2721862601664,186.9,-36.933,22.99237043840824,0.0,121.5,6.850205715142252,0.09102799614026076,0,1044,0
D8706D99-4904-41E9-9C7E-17063B75A4E5,12731,3,153.5,5,0.1433508758149399,3072,88.07477810069908,816,153,171.0,18.959312987947538,86.30524,0.0,4.762441544771142,0.0,24.9579,3.3538856366666643,0.0850415878566801,0,1044,0
1D499149-57AC-4248-B6E0-06E8AAB47AD4,6670,2,1.0,9,0.49250374812593706,610,33.3808095952024,1,139,271.0,87.81778399774858,156.9,-21.76611,25.673783045618503,0.0,118.5,-16.22090899774858,-0.07946182770628056,0,1044,0
BE12FD01-7810-404E-A4AC-D3C4E35D4411,12731,3,116.0,5,0.1433508758149399,148,4.243185924122222,360,128,199.0,61.897528435924244,239.5522,0.0,20.610340846509537,0.1433508758149399,88.0,-0.7814790532081943,0.17822364901011434,0,1044,0
662BF047-B6C0-4A85-8580-647D11D6390E,7912,6,111.8,5,0.2306622851365015,778,35.891051567239636,226,104,157.0,40.3112087216647,451.8761,-18.30736,10.537793312972385,0.8765166835187057,52.874461999999994,3.7115045230112216,0.0656020464548835,0,1044,0
45F6B4E0-1554-446A-8FC5-19241EF68471,2329,2,0.0,8,1.2537569772434523,797,124.90553885787892,219,97,452.0,194.83179905220246,326.8742,0.0,40.0989150924624,0.0,247.73872,16.2128667502667,-0.16436784164046575,0,1044,0
16D976FF-3466-4459-A793-C8E92BE70270,7031,2,1.0,1,0.05191295690513441,28,1.4535627933437634,125,83,377.0,119.23633625329636,211.5007,0.0,20.793929256154666,0.0,147.5359,1.3769296225084275,0.23899979051352904,0,1044,0
917651D5-EB52-470C-9071-6CC2D91D9F57,2244,3,0.5,0,0.0,0,0.0,-1,71,452.0,92.28405283526614,182.0,0.0,23.00311121233903,0.0,122.0,7.840098399301766,0.038181840007588556,0,1044,0
5FF4882C-FDA4-4E16-9B33-337133325796,2448,1,0.0,2,0.29820261437908496,525,78.2781862745098,583,70,1039.0,173.16550232822212,492.4461,0.0,110.57708566799676,0.0,328.53436,31.795497583892086,-0.7157252388220698,0,1044,0
8855687A-DBD5-4C17-AA82-2D9C378569D9,3541,3,23.5,0,0.0,0,0.0,-1,7,630.0,161.4154904371539,531.78,0.3159409,37.50589160901949,0.0,210.03698,-0.015795414453265266,0.16995478054849078,0,1044,1
06B0E02E-A74C-4F9F-945B-0397916C946A,4157,1,0.0,2,0.17560740918931922,1959,172.00745730093817,344,53,452.0,116.82449023926075,304.6803,0.0,82.38016463762595,0.0,231.75242,24.556674311665162,-0.5593895124906144,0,1044,0
B4F2A313-F31F-44D8-A8CB-AD58324CC2F6,5448,2,90.0,1,0.06699706314243759,38,2.5458883994126285,146,26,490.0,143.69691982521465,702.0,0.0,47.15933544128268,0.06699706314243759,204.69,-5.883120557467748,0.044111186889083095,0,1044,0
753CCF25-D9A0-46CF-99E4-DE76429A20A6,5300,7,45.833333333333336,6,0.41320754716981134,135,9.297169811320755,217,23,301.0,99.09681606227703,240.25,-31.86622,17.22549578946063,0.0,124.9198,14.213799656335937,-0.04232225344410191,0,1044,1
672B6ADA-B729-4284-A6B4-39D5B4F69203,44,2,1.0,0,0.0,0,0.0,-1,20,416.0,38.05713231274737,175.299,0.0,46.65796110794845,0.0,110.4107,1.2656345699686824,1.165900457594228,0,94,1
BF5709D0-85AF-4054-9BA6-4847386CD54A,1074,2,1.0,16,5.437616387337058,419566,142589.93482309123,120,11,451.0,64.9700752315646,354.92,0.0,50.76847553791115,0.0,134.7,-1.231104230793008,0.0928090118172441,0,1044,0
09B55CF9-E0DB-4D5A-8A18-E83FD35C5802,1265,3,0.5,1,0.2885375494071146,11,3.1739130434782608,8,8,452.0,43.60005765462508,513.7,0.0,26.71651318560205,1.442687747035573,82.130682,-10.622637072372001,0.44414409339023214,0,1044,0
237221B0-4D26-443E-A990-4A458A0E1B0E,1630,1,0.0,2,0.4478527607361963,17,3.8067484662576687,815,608,452.0,40.86806315049924,84.46326,-224.1681,11.067840697941335,0.0,55.711009999999995,5.654810169716811,-0.16162617317129413,0,1044,0
C1D9855E-7BD2-4741-9672-99A92F1509BB,12731,2,95.0,1,0.028670175162987983,11,0.3153719267928678,448,359,301.0,111.55621271570071,218.77,-26.85544,30.33952073040512,0.0,148.22,5.366251018867189,-0.028023765508429926,0,1044,1
52BDF23D-D520-45A5-BAF7-3AE0588B443A,3652,0,0.0,2,0.19989047097480833,699,69.86171960569551,376,0,312.0,39.410914425619644,112.2864,0.0,19.64378759473713,0.0,64.262514,17.10517111759023,0.05248926910267172,0,1044,0
EAB87D4F-8510-48D3-9851-A3E73A5F1D61,12731,3,49.0,1,0.028670175162987983,34,0.9747859555415914,448,480,269.0,104.71730510036171,211.27,0.0,25.107681138732243,0.0,137.59,2.992818356428401,-0.039114966182487464,0,1044,0
30B29AA4-275A-4F18-9FC0-A0EBB7060768,1018,3,88.0,0,0.0,0,0.0,-1,4,415.0,80.71727682504748,1024.0,0.0,48.1172553444335,1.7927308447937131,148.48358,17.272433162915476,-0.1659570927245119,0,1044,0
1CE56AEA-BF03-4F9A-95FC-818D504DE34A,2456,2,356.0,0,0.0,0,0.0,-1,630,602.0,190.06428646357242,351.7194,0.005063998,36.71757349717773,0.0,236.75019999999998,-20.87089129767736,0.23384325574415527,0,1044,0
BF3AEF5D-C6F4-4B6E-AB23-E20259719D21,1994,4,206.0,2,0.36609829488465395,1683,308.0717151454363,535,338,1662.0,344.109600538211,940.0,-23.0,121.10909777341888,0.0,488.0,-6.876884488828296,-3.4121126064951155,0,1044,0
7FD4D90D-20B0-48CB-BA23-936982304829,5043,4,288.6666666666667,1,0.07237755304382312,164,11.869918699186993,0,54,682.0,161.95408051541625,324.1945,0.08881455,37.91239303777547,0.0,211.91568,1.55200213111155,0.17449487129023622,0,1044,1
5B3AB9AD-02B9-4E85-92E0-C124E60EB941,937,4,278.3333333333333,2,0.7790821771611527,79,30.773745997865532,73,72,302.0,48.518718508418154,205.927,-445.4993,34.10656324508487,0.0,96.43480000000002,25.644873929853453,0.1402201459484502,0,948,0
1ACDD6C6-89CD-4DE8-8308-D72D65051964,1416,2,322.0,3,0.7733050847457626,516,133.0084745762712,82,573,151.0,8.216475712063785,26.34233,-2.454,5.5932810157975466,0.0,16.04161,6.205717254757202,0.07178713968813086,0,1044,0
233D30A4-11C2-4F96-BAE3-0183124C3A60,930,2,196.0,1,0.3924731182795699,9,3.532258064516129,762,699,452.0,113.2549742146395,241.0,0.0,40.94913529245296,0.0,167.0,-8.98020569612099,0.1261642383832399,0,938,0
91149E01-0E5E-4D04-96C3-98C024D00242,1616,1,0.0,1,0.2258663366336634,91,20.55383663366337,816,881,250.0,41.12171026928533,235.9262,-0.1003746,8.993323584916368,0.0,51.19566,0.6608127608072607,0.03164807824864697,0,1044,0
336DA11F-9E69-4F24-A98B-05D713991A6B,1053,1,0.0,0,0.0,0,0.0,-1,876,250.0,38.908918653373476,724.9043,-1.598337,18.433120616017643,0.3466286799620133,63.397909999999996,1.7322508442345494,0.042452340827876925,0,1044,0
0426A25C-3A1D-4759-AB6B-27D5F04588AC,894,3,101.0,3,1.2248322147651007,34,13.881431767337808,78,660,250.0,43.66692409005042,300.0,-2.883911,21.529444365327546,0.4082774049217002,66.0,3.6816098605668586,-0.032919987835765926,0,1044,0
B6EBB536-F394-4378-99FB-5EE0CD3D886A,12731,2,757.0,1,0.028670175162987983,707,20.269813840232505,937,81,472.0,143.3774423997216,265.1184,0.0,42.547169670949735,0.0,187.9944,-78.4517085887648,1.1779444105370642,0,1044,0
1D2EA738-97F5-413A-BA15-7C99BC5120C3,12731,3,144.5,4,0.11468070065195193,223,6.39344906134632,176,520,128.0,16.15480186242315,311.5034,0.0,6.375400622060307,0.1433508758149399,24.0,5.450059248687964,0.015462299872391755,0,1044,0
9B56DC62-22B0-46D6-9480-9DD877B4CE56,12731,3,338.0,0,0.0,0,0.0,-1,120,452.0,1.8345688369167439,214.4088,0.0,8.196810542742991,0.0,0.0,16.58180525797523,-0.41788634796098684,0,1044,0
8E599CFF-1A47-4F5D-8C3D-4D9DE9F29F6C,1418,1,0.0,1,0.25740479548660083,507,130.50423131170663,816,784,209.0,28.066664391987455,246.1852,0.0,7.678497458346355,1.2870239774330043,38.49302999999999,8.309090416654517,0.047739042149660744,0,1044,0
51C9901A-7D43-453E-AF50-3B8251DA3D54,880,1,0.0,0,0.0,0,0.0,-1,766,831.0,116.56206507116003,233.7652,0.0,28.508695551373876,0.0,152.4147,-25.541958210048932,-0.25341661439122337,0,871,0
F240884B-62D1-45A4-93F4-EDD499BEF2A2,928,2,668.0,1,0.3933189655172413,87,34.21875,389,89,1663.0,512.053377362268,1261.672,-4.021505,275.4023840998176,0.0,845.5795199999999,215.7713093517367,-1.1125596043861592,0,1044,0
19F215C0-9EEA-489E-94E9-E5C8410E8D75,859,1,0.0,0,0.0,0,0.0,-1,745,887.0,31.63237994588166,99.308,0.0,12.151157712224592,0.0,47.336,-2.8472895137828935,-0.035678847640112074,0,871,1
A237E64F-3AAA-48A5-A4E6-A71866DDF30E,761,1,0.0,2,0.9592641261498029,28,13.42969776609724,703,741,661.0,154.26426637066498,478.5409,0.0,49.682611995616554,0.0,208.7011,5.314078096927602,0.10757307764432554,0,780,0
88FBCAD3-5D91-4ACF-BEF1-4552774DC1B7,15,3,295.5,1,24.333333333333336,24,584.0,336,145,602.0,102.53066589361008,262.08,0.0,45.794058253171364,0.0,152.76,-72.26068436814711,1.5734718850732987,0,1044,0
E4F0D14F-8944-4C02-BC15-E8EC2E96B87F,1418,1,0.0,3,0.7722143864598026,622,160.10578279266574,816,728,1040.0,193.20381484303294,375.7616,0.0,32.008177914548526,0.0,234.1989,31.525893822090524,0.2404905087674497,0,1044,0
B9F60663-A5FA-4DFD-8B23-69C9C962CFBD,4059,1,0.0,1,0.08992362650899235,11,0.9891598915989159,28,711,451.0,52.608239951367835,865.83,0.0,29.37420996689377,0.08992362650899235,93.55469,16.509676008045744,-0.07608632819273699,0,1044,0
329ECA34-1A6C-404D-A263-A4FE82BE2DDA,1239,1,0.0,2,0.589184826472962,74,21.799838579499596,147,703,452.0,100.14351595496612,173.6115,-5.0,19.356843582771717,0.0,128.53054,-13.399390374719218,0.058664770720355,0,1044,0
30A862C5-7497-4067-8931-549953D91397,768,4,214.0,3,1.4257812500000002,192,91.25000000000001,139,56,452.0,134.15086489472515,543.8719,0.0,29.218606679566296,0.47526041666666674,163.69548,3.963194442466204,0.0489867230846801,0,780,0
758E6981-F6AE-4472-A222-EF7502F0AF06,12731,4,189.33333333333334,3,0.08601052548896394,2259,64.76592569318986,361,125,281.0,80.74600535380046,180.65,-16.19285,25.286665517072205,0.0,110.48,13.593898967187215,0.23406089572091318,0,1044,0
9F783F39-6CA6-4323-87AC-FC4F7CA6184B,828,2,7.0,3,1.3224637681159421,290,127.83816425120773,709,693,832.0,183.09871278565873,661.2498,-4.788715,144.54596766414016,0.0,389.71098,91.96259020276722,-1.3708899050749175,0,969,0
AFF3BDD3-24C5-4873-9A1F-5E095330A78F,3792,1,0.0,1,0.09625527426160338,28,2.6951476793248945,240,675,630.0,168.00642456453537,302.0,0.0,33.469952764994346,0.0,211.0,-12.522088144782288,0.10338627768388378,0,1044,0
EABD1DC0-2B36-4163-8546-FDA15DE785C8,5366,3,0.5,2,0.1360417443160641,38,2.5847931420052177,352,654,225.999,66.81503112874411,174.679,-189.028,15.0886036417978,0.0,84.81445,-0.2759306912441133,-0.2446110905548089,0,1044,0
F2B54665-CE9B-4376-9E79-3189E65F7032,6575,2,0.0,0,0.0,0,0.0,-1,647,377.0,60.150497413439275,201.9065,0.0,27.642219882143714,0.0,97.65042399999999,-26.19298392532199,-0.11505766249700712,0,1044,0
49903CB2-EDF7-4F70-98B8-E9C744BCE113,12731,2,1.0,1,0.028670175162987983,3,0.08601052548896394,156,640,452.0,103.00198162888753,227.0,0.0,29.398862441020963,0.0,142.0,-3.741950764690003,0.3049528291100519,0,1044,0
A7D4AA4D-5547-40F0-9CEE-A67E752A87A0,12731,3,313.5,1,0.028670175162987983,9,0.25803157646689184,759,1,313.0,49.86394985625504,175.5,0.0,17.701517864624606,0.0,73.3,2.0391288476801464,-0.0051359507184196105,0,1044,0
DCE85A26-44E7-4A58-88F2-42C2F116CDFF,1371,1,0.0,0,0.0,0,0.0,-1,609,452.0,56.00421508320289,263.7538,0.0,29.95134903621532,0.0,95.47813199999999,5.942870552753902,0.3969491347220084,0,1044,0
13DF5815-4243-46F0-8103-8D9B28746CC4,3051,3,67.0,1,0.11963290724352671,7,0.837430350704687,649,587,554.0,72.7597944609564,320.0,-26.9935,48.60725219819116,0.0,144.0,6.7186006007719925,0.04845134058609566,0,1044,0
15E070C7-6367-4FE4-9C7E-EA228076BB92,2139,1,0.0,0,0.0,0,0.0,-1,579,0.0,127.3033398401959,1338.5,0.0,39.755675746207935,0.0,171.43189000000004,12.44528801860038,0.023764994543658814,0,710,0
67DB43A7-C55F-4065-8527-A93E6160DE6B,2197,4,174.0,4,0.6645425580336823,61,10.134274010013655,126,20,188.0,38.21383832645055,142.0074,0.009983522,13.103953142828773,0.0,54.864136,-4.604133620840052,-0.0334016195777569,0,1044,0
A68AACA3-3F7D-43AF-9946-EE67D1A379A2,3653,1,0.0,1,0.09991787571858747,198,19.783739392280317,816,527,301.0,90.34315565807616,162.0,-35.88287,21.620481142475644,0.0,120.0,-5.500100102520605,0.08626836646491809,0,1044,0
763B8726-F3DA-4386-A9DC-DD1ABFD5005B,1697,2,0.0,1,0.2150854449027696,353,75.92516205067767,816,517,831.0,27.13018824609164,136.8802,0.0,15.204794057564847,0.0,49.236562,11.740516493800335,0.09308134805408172,0,1044,0
8DDC5086-1AC5-4E69-9E58-5B0798DF3901,3638,2,15.0,3,0.3009895547003848,148,14.848818031885651,449,506,301.0,81.43521209267438,256.2762,-3.605957,42.356706667069865,0.0,138.49548,27.34174213556075,0.2721995086085932,0,1044,0
A3CB7B3F-267E-40FA-BC84-02F007DABDD2,12731,3,78.5,0,0.0,0,0.0,-1,348,424.0,150.2459222524929,305.83,-122.23,42.08334121301951,0.0,206.53,-38.74259895002376,-0.21771627898746584,0,1044,0
AB491B85-112D-44AC-A2B8-8AC3F712907A,3717,1,0.0,3,0.294592413236481,203,19.934086629001882,750,462,831.0,220.56490281705393,721.7,0.0,143.57064207743804,0.0,406.9,43.43520520763744,-1.2593689550153313,0,1044,0
135779A2-0D81-4211-ADD9-341969F51C72,8714,4,69.0,4,0.16754647693366995,985,41.258319944916224,395,442,432.0,107.9264268472027,309.34,0.0,22.831449786589015,0.0,138.85,6.86152454168618,0.03534556563899539,0,1044,0
7BA18F7B-A213-4052-9481-787037F7ECE4,12731,6,121.8,2,0.05734035032597597,327,9.37514727829707,455,123,269.0,53.10355341611435,189.4,0.0,22.54872483256211,0.0,78.0,-53.098784897595834,0.00022255834053587395,0,1044,0
E4ADD619-7565-47CB-86F1-6ACA2B1B7CC4,12731,7,31.0,4,0.11468070065195193,183,5.2466420548268005,315,256,289.0,36.68954177096725,200.44,0.0,19.577798209171007,0.0,63.97,-4.622828808004293,0.023753505233812502,0,1044,0
82A393EE-D05A-402D-8465-3B3BE32802E7,7788,2,141.0,1,0.04686697483307653,187,8.764124293785311,566,426,678.0,116.47094727513306,406.3499,0.0,58.625547156199666,0.0,199.95387999999997,42.769428352953355,0.16594793957172535,0,1044,0
71631192-5D15-4D93-9FAB-AC9917F9BC53,4643,2,1.0,3,0.23583889726469953,65,5.10984277406849,371,422,150.0,45.686536026164504,99.9804,0.0,15.484708959044337,0.0,65.076,3.3919487269219175,0.008553467597691152,0,1044,0
213BC80D-6102-4D6D-8B7A-6B9D2B84DE55,656,1,0.0,3,1.6692073170731707,144,80.1219512195122,43,423,452.0,77.60243118047354,225.9679,0.0,50.43080325823706,0.0,144.53400000000002,26.06713379714992,-0.17930919125405786,0,780,0
5DF86EBE-48A5-457C-8F61-0851605E4394,8686,2,238.0,4,0.1680865760994704,55,2.311190421367718,178,179,314.0,64.77907801228292,160.0,0.0,21.994527102882543,0.0,95.0,-12.530929864134777,-0.1259258116000242,0,1044,1
E2BF7BB2-56C6-46BA-AF3A-50184DECF8B7,3429,2,272.0,4,0.4257801108194809,488,51.94517351997667,503,133,100.0,38.04424834847829,70.01427,-0.22,8.56156660870354,0.0,49.298446,6.35754911371307,0.03788192693824057,0,1044,0
DFA17F76-9611-49C6-8262-CC3BE7A37BF1,3835,2,7.0,2,0.19035202086049544,162,15.41851368970013,644,404,831.0,115.40514957988904,246.3542,0.0,33.38149094026929,0.0,157.86672,-7.852188778963125,0.237111495629224,0,1044,0
8F662221-D026-4BB2-8615-77455C45AD9F,468,2,256.0,0,0.0,0,0.0,-1,121,452.0,18.158002071439515,141.3391,-11.1,22.378972581562415,0.0,51.250766,15.087331326091348,0.057349354808977744,0,1044,0
AC0839C9-0CE9-4AAC-9784-E5A103ADB818,4202,2,1.0,1,0.086863398381723,3345,290.5580675868634,43,375,259.0,36.81317148081291,228.8226,0.0,20.53326068343759,0.0,63.75,-8.877793394393159,-0.017365969964311268,0,1044,0
A834C603-B611-4CB0-8CB0-33298C75F137,2596,2,0.0,0,0.0,0,0.0,-1,357,452.0,153.87277489543519,354.5573,0.0,61.84548043396755,0.0,233.22914,8.69851588195678,0.20182054785915657,0,1044,0
4B5682E6-FE5B-4FB3-B395-BD970311A60B,4809,4,0.0,1,0.07589935537533792,14,1.0625909752547307,223,352,452.0,104.06948880434565,270.0,-27.47813,24.192053795455237,0.0,132.0,0.9643074919506489,0.136044230426156,0,1044,0
A5194BF0-97F6-4E87-8875-7A1A3CF7F22E,3890,3,3.0,1,0.09383033419023136,18,1.6889460154241644,787,349,452.0,76.71770213949522,218.3913,0.0,35.87197290006966,0.0,124.43901999999999,-2.52157239998904,-0.08158809534872336,0,1044,0
08EB17B0-6627-4B7C-9618-BF11DE6D95C7,2397,3,32.0,0,0.0,0,0.0,-1,235,301.0,48.6135222195348,151.2,0.0,12.41191115645896,0.0,66.0,-3.2381247299514726,0.06494603243017692,0,1044,0
713C5599-A6BC-4392-A658-4006DB5B9B50,9686,2,0.0,1,0.03768325418129259,8,0.30146603345034073,297,297,295.0,85.96657318403751,234.5654,0.0,19.77936966316728,0.0,111.1,3.745303359172354,-0.11230853031704709,0,1044,0
A1FC7D15-7B15-4289-9817-CB7434B9ED25,2768,2,1.0,2,0.26372832369942195,72,9.49421965317919,567,290,452.0,74.02990326742157,205.8768,0.0,30.35112178174005,0.0,114.0513,-12.956852082776521,0.09932082306686574,0,1044,0
8FA4B4A4-0EB6-4083-8003-B209A1BDDEA2,2793,3,47.0,0,0.0,0,0.0,-1,175,150.0,48.0608867106803,120.0192,-35.70796,13.930514576813355,0.0,66.36316599999999,-4.151293004584616,0.11775961631913555,0,1044,0
0169A51B-10B3-4672-BA04-98689DC352F2,3534,2,344.0,0,0.0,0,0.0,-1,256,624.0,124.03249592924658,335.4211,-7.736378,73.42202798046472,0.0,221.34602,-12.25908728264163,-0.4207807475146796,0,1044,0
9D6EEFAA-F031-4CFD-AD6C-BF47868D8F23,9698,3,126.5,1,0.03763662610847598,50,1.8818313054237987,448,255,301.0,105.23269558034195,234.0829,0.0,25.205784614422353,0.0,137.82,2.5031369813864472,-0.03603954134723177,0,1044,0
99260EB7-3218-433D-897E-9FA6F7362196,1874,1,0.0,2,0.38954108858057634,307,59.79455709711847,242,232,734.0,161.16771524057614,99999.0,0.05578987,448.9005095368428,0.5843116328708645,225.54048,37.88997566837449,0.27637193627110357,1,1044,0
83636987-57D4-4726-A764-982C4DF82A4A,1682,3,164.0,4,0.8680142687277052,475,103.07669441141498,92,218,602.0,81.1909588754188,180.4356,-150.9444,13.731219476673573,0.0,99.506466,4.096957326741702,0.04052476425293623,0,1044,0
755EAB3D-8720-49E6-9610-D737FDFF7467,372,1,0.0,0,0.0,0,0.0,-1,198,678.0,30.915406302912622,80.31113,0.0,16.191429342962117,0.0,50.51445,4.3235862449268865,-0.05047043415171545,0,423,0
AFF299B1-0349-45C4-9D74-9ABA3BCA105B,4438,7,19.666666666666668,3,0.24673276250563317,112,9.211356466876971,79,79,256.0,76.96445009891625,270.0,0.0,46.975676208481325,0.08224425416854439,144.0,41.408235086268945,-0.3225234711191063,0,1044,0
9DFB9A62-BA5C-47A6-93DD-FA0CE49F59FF,12731,1,0.0,2,0.05734035032597597,10,0.2867017516298798,541,155,77.0,21.34876600537265,82.43401,0.0,14.368713702040628,0.1720210509779279,42.290586,5.988311194959142,-0.0701947140193705,0,1044,0
92318A20-6162-48D2-8FF9-E096F80EC4CA,4417,4,22.666666666666668,1,0.08263527280959929,5,0.4131763640479964,394,69,301.0,61.89418514542287,174.1286,0.0,33.097133395538854,0.0,105.09367999999999,14.889556486498435,-0.06614104995585958,0,1044,0
9F234378-BB89-424B-9F5F-F8F3CA3AA034,2529,1,0.0,0,0.0,0,0.0,-1,125,250.0,62.07059883831689,152.0,0.0,19.584698348335866,0.0,91.0,-1.0055525420205953,-0.051219915124472035,0,1044,0
472BAB2C-F259-4641-8F8E-46C47F0CB1CF,1410,3,220.0,3,0.7765957446808511,680,176.02836879432624,112,24,302.0,71.13548515411618,225.0,0.0,16.33917678839885,0.0,93.22381199999998,13.4468573752048,0.06992541940240816,0,1044,0
83150C52-35D0-44C9-9112-C284CF0A5784,3912,3,13.0,1,0.09330265848670757,67,6.251278118609407,530,81,831.0,107.43929876997477,227.9445,0.0,21.957756651600608,0.0,131.69802,4.703664766290672,0.36051699883549887,0,1044,0
34C2D473-F269-45FE-8525-7DA4878EE20B,132,1,0.0,0,0.0,0,0.0,-1,101,678.0,24.319696565658756,600.23,0.0,32.91534990769042,0.0,72.13211,26.187245750699272,-0.06977615013655773,0,289,0
BAE54530-1896-49C6-897D-732E3D6A4D95,3709,2,677.0,2,0.1968185494742518,261,25.684820706389864,442,101,80.0,22.254590177789474,129.6846,0.0,3.994369078494809,0.4920463736856296,27.16498,0.9291984625654663,0.014504295812389342,0,1044,0
FF9ABA08-F1C2-4CDE-88E4-71135C87F91B,10077,2,521.0,1,0.036221097548873676,109,3.9480996328272306,604,94,416.0,150.96509717083538,281.0807,0.0,41.92148751079475,0.0,198.1768,-25.55957425756378,1.7940046087813324,0,1044,0
4C0BDC14-DD24-425C-BBFD-65BCEB0AC073,3487,2,0.0,1,0.10467450530542012,208,21.772297103527386,816,83,452.0,114.22355162106864,242.8603,0.02987746,19.640893989991493,0.0,138.33388,9.246006733010844,0.18912538281646252,0,1044,0
F32771BC-4602-4639-A49B-CF672F1FC57A,4474,2,196.0,0,0.0,0,0.0,-1,62,804.0,187.8362795369254,397.5,-29.99943,31.837646913162427,0.0,232.5,-7.202598981369846,-0.10792870519011415,0,1044,0
75328D3F-EE47-4DFD-A2DE-AF4860737775,1426,2,1.0,2,0.511921458625526,348,89.07433380084152,816,48,90.0,2.0462184437845026,323.1117,-33.58037,2.1231444150520793,1.2798036465638147,4.0,0.3765912012800037,0.01361778437437331,0,1044,0
E81CD061-8C64-41ED-AF9E-C14F199512D7,5452,2,0.0,2,0.1338958180484226,30,2.008437270726339,598,29,804.0,135.97637902470575,439.765,0.0,43.38984245310116,0.0,184.2746,-0.38886071066252725,0.2083954008901369,0,1044,0
575C9142-8228-4CC8-907A-34C0AA53DFF2,649,2,538.0,7,3.9368258859784286,960,539.9075500770416,18,20,452.0,99.10773242207216,292.0,-704.6049,49.61810870253965,0.0,145.0,27.499289494594507,0.20255740740615039,0,780,0
36C742A4-0795-4B0F-A7E1-87D9DCA1F8C9,8471,1,0.0,0,0.0,0,0.0,-1,18,251.0,71.77554533844078,361.3678,0.0,13.295650420573633,0.08617636642663204,89.753232,-8.877615141681517,0.04223525542985157,0,1044,0
1CAC6153-2470-47FA-A448-30C82F04D4C4,1168,3,95.5,0,0.0,0,0.0,-1,8,452.0,104.87026312268945,238.2195,0.0,29.354063218893863,0.0,145.47546,-12.344767675930186,-0.11826701754741467,0,1044,0
976E238F-CDA8-440B-BC0F-90D22D4ECBA1,10149,2,1.0,1,0.03596413439747759,7,0.2517489407823431,882,195,156.0,26.877220747435437,239.01,0.0,6.434536249272798,0.17982067198738794,35.34511199999999,0.09188800078987214,0.016679653833266778,0,1044,0
3DEE382B-B84C-4B12-88B7-0C7584E1BD7A,12731,3,248.0,2,0.05734035032597597,411,11.783441991988061,336,216,538.0,83.90736376973497,164.428,0.0,24.57893718116831,0.0,115.14479999999999,-2.3058225475127614,-0.041671938817401444,0,1044,0
E345B333-A917-4E07-B06F-69340FD89087,2344,0,0.0,1,0.15571672354948804,366,56.99232081911263,816,0,416.0,60.33949658772505,114.4351,-29.88103,15.681412828949265,0.0,80.34603799999998,-9.403762858473506,-0.04595392073418877,0,1044,0
FB16BEB4-78CA-4B11-85AA-16C4F7B384FD,5121,0,0.0,0,0.0,0,0.0,-1,0,753.0,195.1443410994025,498.7553,-8.3,57.56691153388289,0.0,270.397,-31.034190171933375,-0.184893888566659,0,1044,0
21E6288E-F54E-4B81-A4F3-0B50E6D52145,12731,3,76.5,1,0.028670175162987983,239556,6868.1124813447495,291,615,678.0,107.96028812472107,544.0449,0.0,75.53078695565902,0.0,207.81599999999992,99.59859702265544,-0.5250946572332817,0,1044,0
442DE724-EAD0-4E68-B96E-5F5071214095,4045,1,0.0,1,0.09023485784919655,304,27.431396786155748,816,756,504.0,16.611206512106417,202.6,0.0,31.817512139380863,0.0,66.9,-16.611206512106417,0.0,0,1044,0
B8A60FBD-CDC6-4EAB-88E6-E4A10168F69E,1321,1,0.0,0,0.0,0,0.0,-1,749,887.0,92.13876223184171,209.3543,-18.56,26.965387610146518,0.0,129.82272,8.209665225720016,-0.00014506955658285197,0,1044,0
E554C17B-1BE0-4A75-A4EC-344359693CE6,8197,1,0.0,4,0.17811394412589973,83,3.6958643406124194,644,724,489.0,107.59808659696105,348.2184,0.0,43.13821398696513,0.0,165.47,-4.440191076976475,-0.0404058250157076,0,1044,0
D930D9DF-F1CB-48D3-B922-F791DC37BDC9,707,2,85.0,1,0.5162659123055163,12,6.1951909476661955,316,615,542.4,159.03288719837695,322.3049,0.0,76.52391798314633,0.0,251.25016000000002,-31.45649410269796,0.003399860463904571,0,780,0
E8C1B437-90CA-425C-AE12-9D21EF47DB8E,12731,3,21.0,1,0.028670175162987983,126,3.6124420705364857,816,699,269.0,107.03636883338771,218.28,-35.37552,27.43770525300839,0.0,146.76,-12.650526833387701,-0.3234420738192309,0,1044,0
D3FB5DCE-F33B-4FD3-91AF-CEA0446341CF,12731,2,334.0,8,0.22936140130390387,719,20.61385594218836,339,357,138.0,27.703177356265027,193.259,0.0,5.991545502132302,0.1433508758149399,35.2,-3.539504518302067,0.22314970292513084,0,1044,0
90A13DCB-D4A2-4B76-BAA5-79CC692D6B82,6569,1,0.0,2,0.1111280255746689,387,21.50327294869843,223,651,138.0,15.519312031059034,62.94376,0.0,3.1981613394816266,0.0,19.67894,1.7217716636940565,0.014381063216408028,0,1044,0
5CD63272-9719-4D60-84D8-2041F64F5A46,2804,3,182.0,1,0.13017118402282454,66,8.59129814550642,888,258,301.0,74.79646437146548,149.6076,0.0,27.17781929312156,0.0,108.43566,-1.3623668196907914,0.21532128453901003,0,1044,0
E22D3F3A-FA23-47A2-8C2F-C52A5BAF8653,12731,1,0.0,2,0.05734035032597597,20,0.5734035032597596,230,601,188.0,33.06843944838304,138.4107,0.0,10.165729323669877,0.0,46.375699999999995,-1.985811423691679,-0.0006009933965626023,0,1044,0
5AAAA079-9B8F-4E03-8799-8BFD262DA47A,2139,1,0.0,0,0.0,0,0.0,-1,580,0.0,74.07726002642313,173.9432,-679.58,25.26646489860581,0.0,103.6345,17.274418273731186,0.31415901172691113,0,710,0
B2E9766F-804A-44A5-ACA7-AF88F98CCCC9,1420,1,0.0,2,0.5140845070422535,432,111.04225352112677,442,518,301.0,38.813114129283875,419.0932,-56.45736,22.786618381236234,1.2852112676056338,68.90453,9.687214346024774,-0.005920971601478124,0,1044,0
30CB4D98-4210-4B66-AAF8-8AD83F64C821,3517,1,0.0,1,0.10378163207278931,134,13.906738697753767,888,461,831.0,207.44052330254115,715.0,0.0,132.77595027347894,0.0,382.1,34.18601219128604,-1.2567780487305904,0,1044,0
90390E04-CE6D-4CFB-9991-61729D467616,4183,1,0.0,6,0.5235476930432703,364,31.7618933779584,219,461,452.0,197.7739495227374,538.0,0.0,40.89589739796127,0.1745158976810901,252.0,16.44750109454654,-0.16811460491257463,0,1044,0
2504F7E4-B16E-4820-A3C8-990EA331CE7D,2351,1,0.0,1,0.15525308379413016,2,0.31050616758826033,116,456,452.0,110.08924843632391,283.0,-17.1,42.63302194944449,0.0,165.0,-8.41610028817577,0.1726443136554594,0,1044,0
1571A9B6-264E-4927-A936-09BC7C62B46C,4062,2,432.0,1,0.08985721319547021,196,17.61201378631216,451,21,624.0,142.1842779847729,497.7,0.0,82.41857960202829,0.0,255.7,0.35927139794316076,-0.3712274149073408,0,1044,0
542358FF-AC42-4DFB-8750-AB5B18AD23A6,6158,1,0.0,0,0.0,0,0.0,-1,453,380.0,78.43646645839856,184.1,0.0,20.77126016709175,0.0,106.8,-8.244460285559057,-0.07688153087036607,0,1044,0
55FC5510-5348-4FD2-B755-C17BB5DDE25F,12731,2,115.0,5,0.1433508758149399,126,3.6124420705364857,193,438,84.0,24.751585167225084,120.2,-164.3568,14.69867466146976,0.05734035032597597,38.7,11.999124709318128,0.02550716137791407,0,1044,0
00B6496F-EAFA-4096-B929-2089B745186C,580,2,264.0,2,1.2586206896551724,29,18.25,17,168,151.0,29.689788598445737,107.0,0.0,20.69893598204929,0.0,57.0,17.155041648467844,-0.5507332295254321,0,640,0
FD7E9A32-A7EB-4B3A-B2CB-B5EB87374171,1530,1,0.0,1,0.238562091503268,39,9.303921568627452,723,394,1247.0,121.2230234559715,478.5198,0.009231586,55.2885081467546,0.0,194.60999999999999,-1.1137695802878511,-0.31627998230472,0,1044,0
9C75526F-F996-4B7C-B82F-8AB30EBC0F6F,12731,2,364.0,1,0.028670175162987983,26,0.7454245542376875,238,27,375.0,70.69802827561331,273.6572,-234.05,34.1059979807228,0.0,114.3555,13.633231284957674,0.004695378663895117,0,1044,0
6FEFA82C-5808-4D65-B94C-14C208CA49EE,12731,1,0.0,2,0.05734035032597597,250,7.167543790746996,420,390,1370.0,434.22043034497455,871.06,0.0,120.9199505293752,0.0,606.89,-49.25246969682644,1.503711755108915,0,1044,0
A80E1052-90E2-4B3A-804C-17865D1BA07E,494,2,1.0,0,0.0,0,0.0,-1,387,678.0,83.81778261552243,300.0,0.0,70.50975851751932,0.0,114.39102000000003,9.70178002645288,0.04809158756216267,0,660,0
56C99268-1D8D-4C94-A10D-F12C55F78A8C,547,1,0.0,3,2.0018281535648996,7958,5310.18281535649,371,376,301.0,27.421464321285754,1391.821,0.0,28.11613870965732,3.3363802559414992,64.48555,28.51213135116796,0.03802792204970796,0,871,0
8525D1B3-BF24-4075-AC3E-8D9DDC54BF57,6015,2,0.0,1,0.060681629260182876,20,1.2136325852036576,49,363,1386.0,333.778650280296,1002.0,0.0,136.07109478896263,0.0,513.0,-5.642770650666364,-0.5739760395662645,0,1044,0
1FACDCB4-5269-425C-BB15-58C8C0541010,5228,2,199.0,0,0.0,0,0.0,-1,141,148.0,49.34487040154609,93.78883,0.0138089,9.28374111414028,0.0,60.783188,0.29341227437983264,-0.03418143242997828,0,1044,0
75360B96-86FA-4D7B-BFB7-431A3C4D9D0D,510,1,0.0,0,0.0,0,0.0,-1,329,603.0,92.6056369399376,506.0982,-0.6175378,104.95486149930268,0.0,258.27512,61.27771365821053,1.252850457664205,0,780,0
11922B9E-E038-4CE8-ABE1-37C22C1B28DF,4828,2,0.0,0,0.0,0,0.0,-1,258,497.0,73.2811353054414,201.0,0.0,37.0678591329064,0.0,126.0,-8.948264935071023,-0.0977805901963856,0,1044,0
218C0101-E229-4D72-80D3-15A4C3F9552B,1536,2,0.0,1,0.23763020833333337,10,2.3763020833333335,934,253,452.0,108.59776078914587,261.7181,-30.61999,44.85028516037001,0.0,165.14589999999998,-22.048189622170568,0.26167249327024467,0,1044,0
A48A293C-6D20-4654-AC4F-CB3318781CF8,2722,1,0.0,0,0.0,0,0.0,-1,227,151.0,35.59672476074257,233.75,0.0,6.663902184695066,0.6704628949301984,44.0,-2.4352278471623237,-0.014906561395356337,0,1044,0
F9BCC417-ED7C-4E4C-AC1A-C1735F2A828E,6217,3,69.0,4,0.2348399549622004,322,18.90461637445713,402,83,158.0,27.194535293451544,81.0,0.0,14.720689648717718,0.0,48.0,9.8087054472892,0.05334986486668626,0,1044,0
AE68AC8E-69DC-4AD3-8551-EBB9F9D71F93,12731,1,0.0,6,0.1720210509779279,397,11.38205953970623,212,206,200.0,29.12170563554424,116.8477,0.03515625,11.301578755249633,0.0,43.69922,-3.420593794031891,-0.022024243806531618,0,1044,0
1B81C6A7-3250-408D-B086-33D52FB8FBA9,2628,2,0.0,1,0.1388888888888889,273,37.916666666666664,816,195,301.0,105.37161989855923,226.605,0.0,19.472560075985825,0.0,132.25477999999998,12.953823601440789,0.05953641047809271,0,1044,0
CA7373A4-A59E-4483-870E-E081AA484ECB,373,1,0.0,0,0.0,0,0.0,-1,193,887.0,80.20406430926442,236.6321,0.0,50.41939762625282,0.0,149.24653,-6.427212395375534,-0.02763978894246624,0,423,0
2585C2EA-7C0D-4139-B72C-17F06D171433,2650,1,0.0,1,0.13773584905660377,454,62.532075471698114,816,177,1039.0,177.47140106208877,534.4375,0.1717913,113.11868973801694,0.0,336.73854,35.13330035696987,-0.8573853618934008,0,1044,0
BB0BB08A-AC4C-4A36-88A5-19B50961CE00,2529,1,0.0,0,0.0,0,0.0,-1,174,250.0,68.89837903714854,153.0,0.0,19.388276762475854,0.0,96.0,-7.019598172951014,-0.051474176052889564,0,1044,0
E7CE180B-AFE6-4AFA-9BFD-1BA15069FE42,320,2,15.0,0,0.0,0,0.0,-1,154,451.0,36.39661654078009,131.158,0.0,32.98192107712104,0.0,79.044445,32.12413481030016,0.23896759972933412,0,535,1
2736960A-0787-412A-B145-142AD19DDEBC,5801,2,0.0,0,0.0,0,0.0,-1,153,209.0,53.57866226594817,167.61,-18.3,13.336999673001962,0.0,71.79,1.43351597479257,0.07711974443570624,0,1044,0
2B419C55-B2F6-4719-A5FA-17C2C73242FB,3982,1,0.0,1,0.0916624811652436,221,20.257408337518836,816,138,416.0,68.43697673629659,246.0,0.0,43.90264057688821,0.0,126.0,18.76718993191328,-0.23264360108939447,0,1044,0
8ED1FE13-8DE2-430D-80C1-1C4495111195,12731,1,0.0,2,0.05734035032597597,29,0.8314350797266515,5,87,313.0,37.226982488160026,167.0,0.0,14.109143602587038,0.0,55.0,-4.719266438777311,-0.08674493421687904,0,1044,0
9A7C329D-C7F7-4E67-832D-F4A87B19C8AC,1239,1,0.0,1,0.294592413236481,52,15.318805488297013,816,77,624.0,246.81021068734475,574.6124,-5.16,53.0340530407748,0.0,308.9638,-9.74685117114106,0.08115934175836127,0,1044,0
C217F203-006F-4BDA-97DF-1589479D3ABF,2449,1,0.0,1,0.1490404246631278,41,6.11065741118824,776,55,497.0,76.32069914139363,241.4,0.0,26.645799293856864,0.0,110.0,-1.3352824747269665,-0.03226798690289325,0,1044,0
5EC7437A-A15B-4E3F-A4C6-D452BC4F5234,323,1,0.0,0,0.0,0,0.0,-1,28,301.0,77.42215759561537,204.708,0.0,51.13209295045545,0.0,134.8333,35.66576672151426,0.13516723151510923,0,409,0
1BE54786-C0DB-4CC4-A60E-96CC5B590B71,6744,1,0.0,0,0.0,0,0.0,-1,6,734.0,122.29524712849788,618.18,0.0,55.99173022121291,0.0,198.0,10.703711204835443,0.03809000768257713,0,1044,0
7A839D99-FC0A-4EE0-846C-9F9063724C66,1609,0,0.0,2,0.45369794903666877,288,65.3325046612803,60,0,301.0,124.47735980363291,219.8574,0.0,20.431699189362448,0.0,149.57706,-26.23433536844773,0.022887766146160567,0,1044,0
3EFAEA8A-BCCD-489D-BCC0-821E6C29F878,-2,0,0.0,0,0.0,0,0.0,-1,0,1039.0,0.004295693973564334,13.23259,0.0,0.2308034543957054,0.0,0.0,0.00014285834125048018,5.4739474809416345e-05,0,94,1
7B1D74D4-00DA-4932-BBF7-2D1DA8F93BE4,3926,1,0.0,1,0.09296994396332145,40,3.718797758532858,816,749,567.0,67.14062399288602,239.8,-122.4365,29.50542373945145,0.0,106.1,24.0953096490893,0.21313388598493374,0,1044,0
908B1A97-D6B7-4453-8242-B47FA006277F,5760,1,0.0,1,0.06336805555555555,110,6.970486111111112,816,713,266.0,93.35417508243019,319.469,0.0,18.838764294221797,0.19010416666666669,120.1524,-1.4536510345906777,0.09665781607460139,0,1044,0
51670481-C0B0-43A4-BFC6-48F3FC483BF8,6575,1,0.0,0,0.0,0,0.0,-1,697,377.0,60.00157314883398,179.4144,-14.53967,27.436045294009535,0.0,96.974296,-26.22620867313953,-0.11413940720148555,0,1044,0
CB3A882A-FF9C-4B39-B3B7-338BB9DF45CA,3633,1,0.0,1,0.10046793283787504,279,28.030553261767135,865,681,1039.0,229.4666364939019,410.5554,0.0,42.40838147752088,0.0,283.72357999999997,-15.522961038654955,0.2330413412433489,0,1044,0
64C02E7F-3A0F-493B-9E0C-DB50E342A769,3467,2,62.0,0,0.0,0,0.0,-1,601,301.0,1048.1694982187346,142608400.0,-0.56,368057.27484134596,0.21055667724257282,130.0718,-955.4965096580864,-0.016802632004957005,1,1044,0
D9479808-04FE-44E0-BD50-049346B3FE38,3016,1,0.0,1,0.12102122015915118,29,3.509615384615384,730,636,250.0,62.21729335828998,211.0,0.0,20.236629172005507,0.0,88.0,-6.235657555820843,-0.11331600151830752,0,1044,0
734B1ECC-26C4-47AD-80EC-DCFF57342D09,6575,2,1.0,0,0.0,0,0.0,-1,605,377.0,61.11754940308406,205.1851,-14.82,28.05455232766023,0.0,99.188424,-26.596048582173566,-0.11636363246718164,0,1044,0
162459D6-0522-437D-BAFD-0B5F027A8B79,1239,2,433.0,7,2.062146892655367,457,134.62873284907184,75,76,451.0,21.362967649170372,74.90896,0.0,6.037194375532389,0.0,28.998436,-2.509532839216668,0.06367807630312915,0,1044,0
C7E215A2-2BF2-4BD2-889F-D3F55755D736,8798,1,0.0,1,0.041486701523073426,36,1.4935212548306434,801,496,313.0,34.639344425120065,189.0,-61.58681,25.822773361456083,0.0,78.0,-18.389807388083028,0.0033787893338296147,0,1044,0
300E0CEF-4D09-4BCE-BECA-E7231710793F,1801,3,20.5,0,0.0,0,0.0,-1,395,753.0,254.55611085306438,599.15,0.0,106.31048842157345,0.0,395.6767,-34.585511161706364,-0.7756807724893058,0,1044,0
595403C8-1F79-45B3-9ECA-FF1E3DC7CD24,498,2,72.0,5,3.664658634538153,210,153.91566265060243,277,325,452.0,60.601746377115795,144.7471,0.0,29.143246909615222,0.0,95.04498,-0.9897359095232048,0.04519587977019585,0,577,0
B98E9270-B97C-45C2-9351-B30785B414C4,391,1,0.0,0,0.0,0,0.0,-1,373,271.0,31.44546233243371,3996.304,0.0,24.214338730701655,0.9335038363171356,54.848456000000006,11.346234741640362,-0.07366665688040767,0,457,0
8A85296D-C193-437F-A2B8-920D5EB795AC,1728,1,0.0,0,0.0,0,0.0,-1,227,99999.0,92.8300982526974,308.1649,0.0,85.72632124335168,0.0,217.499,-0.9592067971418317,-0.5019725411186998,0,1044,0
159FC4C3-805D-4FC4-9FE2-91FF028BA0C4,4737,2,1.0,0,0.0,0,0.0,-1,223,188.0,55.1271815196467,349.94,0.01,13.906804426883234,0.15410597424530295,74.07,1.2707065976372505,0.08189537974504728,0,1044,0
71795A45-8FB3-43AF-85B9-014106A6EBDC,6690,2,6.0,0,0.0,0,0.0,-1,216,920.0,186.53677863343367,621.5515,0.0,96.2624890904342,0.0,324.3713,5.885227539405861,1.165470840021271,0,1044,0
91E99317-F64C-499F-AD57-260034B07F09,3499,2,149.0,1,0.10431551871963418,278,28.999714204058304,816,204,301.0,107.18737565343342,181.7191,-69.07047,20.08911549425242,0.0,134.99158,13.53877978329497,0.0627305459246242,0,1044,0
F9AB7870-787C-455A-A54F-6B624F62A429,372,1,0.0,0,0.0,0,0.0,-1,197,678.0,30.639527286407766,79.72689,0.0,16.05992614103685,0.0,50.08033699999999,4.2304844455366855,-0.0502544661685839,0,423,0
0147A16F-CD50-442E-AEDF-88FCD75E7F17,4728,1,0.0,1,0.07719966159052453,101,7.797165820642978,1037,186,128.0,14.808357882326296,697.3709,0.0,7.710693147101269,0.3859983079526227,24.0,6.072776376932962,0.016982292052497506,0,1044,0
111998E7-9D92-4538-BDCD-0CF26438B2BD,1018,3,88.0,0,0.0,0,0.0,-1,5,415.0,80.91862798346199,310.6207,0.0,47.999264861101594,0.0,148.9922,16.53841847642998,-0.1492506532295906,0,1044,0
53349B7E-CBF8-4090-A4CB-C5DE42EDEEDD,4471,1,0.0,2,0.16327443524938492,266,21.715499888168196,583,160,326.0,61.11083478981131,769.1667,0.0,14.87150656659519,0.40818608812346235,78.74999,7.953206577472642,0.02055151509096005,0,1044,0
2E9AD20F-FC82-4CCD-B899-1668319A610F,5829,2,1.0,2,0.1252358895179276,10,0.6261794475896381,541,156,77.0,21.286525101609236,80.53368,0.0,14.11429816491345,0.1878538342768914,41.85416599999999,5.977009655188603,-0.07057670872376882,0,1044,0
999FFCB6-B610-4C8A-98E9-7D40808E8F06,335,1,0.0,1,1.0895522388059702,108,117.67164179104478,320,155,451.0,41.45096647019641,199.8729,0.0,36.30055343681741,0.0,84.36335700000002,27.680319072241865,0.24102948386569326,0,535,1
5BF57D13-AAC5-4B0D-8BCB-F2CA28DF0CB1,2121,2,0.0,4,0.6883545497406883,418,71.93305044790193,53,62,301.2,44.08932285196706,92.33346,0.0,12.826809361908964,0.0,60.868114000000006,6.003046485407168,0.021095573027003194,0,1044,0
12D8F1DE-4A7E-4B0A-B3AC-C2F179F7F302,12731,1,0.0,2,0.05734035032597597,535,15.33854371219857,416,32,1370.0,423.90388825801483,849.27,-4.344956,117.49992724622427,0.0,592.18,-50.1553936592494,1.432465252339952,0,1044,0
11F09D04-EA56-4B69-B391-867753EBA81D,1265,3,0.5,2,0.5770750988142292,7,2.0197628458498023,11,16,452.0,43.09254574196048,513.7,0.0,26.431855995271587,1.442687747035573,81.12326599999999,-9.994049680540726,0.47169552922010255,0,1044,0
A693AD9B-DF6E-4CB9-ADB9-720C564849BD,3744,0,0.0,1,0.09748931623931624,322,31.391559829059826,816,0,126.0,12.683620573387861,71.8894,0.0,4.769114352646786,0.0,19.35484,-1.6608356067211947,0.06696428841831549,0,1044,0
48E8BEE5-9E91-4DEA-9EE5-0C9076F210E8,2750,0,0.0,5,0.6636363636363637,198,26.28,374,0,453.0,107.78041610944065,248.739,0.0,20.238365265696444,0.0,131.91514,8.644051834232172,0.4104871022170272,0,1044,0
5B4324E3-C3D5-4E29-A3DB-4F517115E5BF,12731,1,0.0,0,0.0,0,0.0,-1,790,434.0,16.12841577409793,40.40527,0.0,8.231049844638664,0.0,26.85547,1.5137865968125617,0.07457074558603251,0,1044,0
1F170920-B265-4766-B927-DAA65F95640A,7492,1,0.0,8,0.389749065670048,472,22.995194874532835,246,779,263.0,105.01172140920687,227.0,0.0,21.315331302753602,0.0,129.5,-5.637145791922919,0.08329576010746267,0,1044,1
8D8BC86A-CDC2-4AAF-B02D-7F7A2E57C62A,4283,1,0.0,7,0.5965444781695074,260,22.157366332010273,247,771,263.0,106.18347560023459,231.8511,0.0,21.250352214589967,0.0,130.87514,-5.800356501469153,0.08293419857609047,0,1044,1
C11B57EB-0777-4FED-9325-E09683E78ACE,12731,1,0.0,1,0.028670175162987983,109,3.12504909276569,299,760,271.0,31.814163161523236,159.2473,0.0,20.596610129496,0.0,53.2878,-19.734613645396692,-0.2757427500755371,0,1044,0
9E1F64C4-AEE8-4475-B918-BD14FB11C39A,12731,1,0.0,0,0.0,0,0.0,-1,755,479.0,120.14363474784683,325.0,0.0,31.02343036261368,0.0,161.0,0.8128467336346432,0.0014089530942311603,0,1044,0
0FD2461E-3677-456B-A2E9-02C8FD481D42,8471,1,0.0,1,0.04308818321331602,124,5.342934718451186,816,720,251.0,68.98497406768936,520.4246,0.0,13.813771237207545,0.08617636642663204,87.8,2.8007049446563173,0.10595911475118636,0,1044,0
216F6E5D-E258-4CEA-A712-898B2A85FF8D,12731,1,0.0,0,0.0,0,0.0,-1,692,151.0,24.406202486561376,117.2801,0.0,7.848123421366129,0.0,35.0,-1.6405389063144646,0.0047563599529666795,0,1044,0
0FE81E09-8393-4AAA-8E75-909048EBD2B7,4128,1,0.0,0,0.0,0,0.0,-1,690,188.0,55.16340351835446,109.73,0.0,13.58280312140316,0.0,73.82,1.253657438435667,0.08186514281593449,0,1044,0
98A6B2E8-599B-4D17-B4E7-A425AAA0622D,590,2,18.0,0,0.0,0,0.0,-1,556,301.0,67.07271784842888,255.1001,0.0,37.65426740602451,0.0,110.79038000000001,8.999388490776369,0.18379819062800132,0,640,1
C11B0376-0E4D-4DBF-9760-495F7B34A162,734,1,0.0,2,0.9945504087193461,808,401.7983651226158,687,567,416.0,74.75459932622415,227.9,-102.0024,33.10176081812341,0.0,120.1,5.104760241677084,0.23335379196327752,0,744,0
7D6DCE0E-F19E-4098-8F2A-6011DE6DD9A0,8312,1,0.0,0,0.0,0,0.0,-1,554,377.0,116.63537678163824,301.68,-10.11829,45.8884585356732,0.0,177.6,19.96391951465803,0.0665869586092994,0,1044,0
A7A859FB-3644-4B4C-AD52-F0FE7FCDAF51,6276,1,0.0,0,0.0,0,0.0,-1,532,269.0,95.03927338079093,2049.0,0.0,28.39482321582015,0.3489483747609943,125.67274,-5.286003280559427,-0.014877885696824394,0,1044,0
26CAD814-DEA7-4F53-9C05-9773CBB71794,9029,1,0.0,1,0.040425296267582234,25,1.0106324066895558,477,495,407.0,118.64894970138616,308.21,-281.16,47.378517556898416,0.0,181.31,21.25219921836691,0.07041226568881997,0,1044,0
690D4FD0-C958-4078-B99D-B805ABC80E41,12731,1,0.0,0,0.0,0,0.0,-1,440,314.0,43.72788239290734,209.0,-9.84,19.07558745141335,0.0,68.0,-7.112373133648077,0.07439847397709368,0,1044,0
9C6ABA26-3BA6-453C-89DA-225A58494EF5,503,1,0.0,3,2.176938369781312,256,185.76540755467198,142,371,452.0,18.53473586175676,98.68127,0.0,24.495870889371176,0.0,56.932078000000004,26.775947428366702,-0.056005183238260946,0,577,0
90C243BA-1C52-45AB-926F-F3E63FF62CA0,4133,1,0.0,4,0.3532542947011856,125,11.03919670941205,670,353,200.0,26.52904969581754,71.99097,-119.6059,12.625684199480245,0.0,44.98291,1.3982005500929553,-0.04206701492831227,0,1044,0
1C1B9269-2936-4198-8FEF-0FE212124956,371,1,0.0,0,0.0,0,0.0,-1,328,226.0,19.671217845218127,101.0,0.0,14.945159408312131,0.0,36.0,-1.9770820427489895,0.002801557576821633,0,444,0
0A7E9711-8C7E-416A-869D-15FA72B625AD,8702,1,0.0,2,0.08388876120432084,7,0.29361066421512294,606,323,739.0,119.3796917283367,404.425,0.0,73.80476810136987,0.0,221.18863999999996,-60.25756375302805,-0.11288178585611514,0,1044,0
5836278A-6DCF-42EB-A8D2-0BAED33170E4,741,1,0.0,0,0.0,0,0.0,-1,273,301.0,1.5880238504641564,66.71906,-44.4,9.160543968242436,0.0,0.0,3.860968016819794,0.0270118123145017,0,871,1
7F2D0DE9-09B2-4EE4-8837-EDF731C415C9,313,1,0.0,0,0.0,0,0.0,-1,189,99999.0,23.493286337697214,122.0,0.0,32.3040460151906,0.0,74.0,-23.493286337697214,0.0,0,332,0
6E3DB6AC-1E72-4DB6-B940-27E796AEE9EB,178,1,0.0,0,0.0,0,0.0,-1,13,887.0,74.4699275234956,600.23,0.0,71.00453557864944,0.0,172.3175,68.83973208067106,-0.3065989857339867,0,297,0
13A0A4DE-FF1C-416E-B3D0-1D93EFC3779F,5793,0,0.0,0,0.0,0,0.0,-1,0,961.0,290.0932843395259,594.0699,-17.97813,70.37778330132527,0.0,377.12013999999994,1.2867375972025457,-0.06323989738701738,0,1044,0
3996F15A-47A7-465D-BFB8-20FCC40CC39E,1124,0,0.0,0,0.0,0,0.0,-1,0,453.0,7.121536759596874,55.69553,0.0,3.7286564282511634,0.0,11.38851,-0.45220255404131837,0.01821641383240631,0,1044,0
