id_equipamento,idade_dias,num_manutencoes,intervalo_medio_manut,num_falhas_historico,taxa_falhas_ano,minutos_falha_historico,taxa_minutos_falha_ano,dias_desde_ultima_falha,dias_desde_ultima_manut,limite_potencia,utilizacao_media,utilizacao_maxima,utilizacao_minima,utilizacao_desvio,taxa_sobrecargas_ano,p90_utilizacao,delta_utilizacao,utilizacao_tendencia_90d,dias_acima_80pct_limite,dias_com_dados_util,vai_falhar
F239CDD0-6ABC-4E85-8155-849BFED176DD,12756,11,93.2,18,0.5150517403574789,1255,35.91055189714644,18,130,741.0,224.83272188908916,455.4583,0.0,76.49615601549311,0.0,282.5535,45.17570953066394,1.0109257083062466,0,1069,0
140D7CE9-2398-4B37-BF23-E597E20E1234,6882,3,293.0,2,0.10607381575123512,495,26.25326939843069,841,475,487.0,119.24370514325003,519.6515,0.0,55.041950678876894,0.05303690787561756,168.51149999999998,2.999933787922828,-0.2441220152178259,0,1069,0
5680A0F5-83E4-4AB1-94D3-427C75B6CA33,10515,7,154.33333333333334,1,0.03471231573941988,5,0.1735615786970994,679,127,407.0,45.941020834889045,189.9586,0.0,31.980918108200015,0.0,90.45867399999999,-13.991994446493983,0.23564450018746197,0,1069,0
111ADE95-8574-41F6-9BF9-2B67EF7A95C6,8431,7,170.16666666666666,2,0.0865852212074487,78,3.3768236270904994,841,29,188.0,44.16437336520662,231.03,0.01036914,10.929271282954943,0.21646305301862176,59.79869599999998,3.806676398204644,-0.03263545195223918,0,1069,0
9ACC3111-44AF-4292-926E-4661533CEC10,12756,4,292.3333333333333,3,0.08584195672624648,155,4.435167764189401,407,171,266.0,149.63522868461624,236.9,-27.1,22.209407988626012,0.0,176.5,0.9423484758775942,0.22749540409639543,0,1069,0
AED1F5C4-0302-4541-886C-584F8D7BAFD4,2834,3,209.5,2,0.2575864502470007,1893,243.80557515878616,75,629,452.0,70.04609346906528,258.5451,-1.656494,40.712957931426025,0.0,126.53491999999999,-9.493047323231956,0.1341531966308752,0,1069,0
C8D59FD5-A8B0-4A8C-A957-F1CEEABA7EFC,12756,6,166.2,2,0.05722797115083099,958,27.41219818124804,821,213,324.0,169.7860554211687,304.0137,-370.0966,32.746603593804195,0.0,210.4102,-0.9273240299649785,-0.020817990154986202,0,1069,0
63C274E2-FF8F-48BE-9430-D0099841D0CE,3522,3,215.0,1,0.1036342986939239,53,5.492617830777967,126,621,451.0,134.31173084681262,227.3683,0.04074871,19.105280693463445,0.0,158.56374,1.3447844842058885,0.20019323269835892,0,1069,0
8023F211-A03E-4A6A-9DF7-3E088F3BD1BD,1217,5,169.25,1,0.29991783073130646,23,6.898110106820049,972,364,482.0,63.04189803860285,243.8531,0.0,34.831747254728356,0.0,107.89183999999999,-7.766357905925382,0.5218210853130566,0,1069,0
78600FF0-ABFF-4154-87B9-47180890E6B9,2957,3,24.5,2,0.24687182955698345,332,40.98072370645925,34,990,490.0,84.50942122862605,196.2717,0.0,28.14265798341131,0.0,118.5475,4.369213232330736,0.12481915361982375,0,1069,0
D05B54E3-8C01-490F-B9DB-B13A9F4BB8D7,12756,4,4.666666666666667,0,0.0,0,0.0,-1,1021,200.0,42.487703990775856,357.1797,0.0,31.74141062722231,0.14306992787707745,84.0,-42.487703990775856,0.0,0,1069,0
8E4DB99F-E4AB-406B-9034-A5BF1E1665A1,9206,13,70.08333333333333,3,0.11894416684770802,653,25.890180317184445,189,190,259.0,45.490809710369675,106.5674,0.0,17.659244994928997,0.0,63.30322,12.693030843411186,-0.17807576945336878,0,1069,0
E1B50D7E-9ECA-4DF4-890D-CFA2B6C970C1,846,9,28.75,4,1.7257683215130024,189,81.54255319148936,657,801,722.0,173.64193451352074,412.7343,0.0,58.74221927480622,0.0,242.1463,-10.533855180187402,-0.12219670822316969,0,1069,0
4CE784EE-65E4-4168-BDFE-8B64BD300EAA,12756,5,187.25,6,0.17168391345249295,587,16.796409532768894,165,284,489.0,126.67387506358676,379.0,-307.125,38.89809441540489,0.0,175.0,5.822961356166331,-0.014847226223758794,0,1069,0
77BEE62F-612C-40BC-B8C7-5C4A547C2328,12756,5,156.75,1,0.028613985575415495,89,2.5466447162119787,965,403,266.0,115.099285759821,206.6,0.0,22.30599116780571,0.0,143.3,-0.33850643883333476,0.18624307184690284,0,1069,0
BAA8A8EF-F082-42DB-BCA0-CC851F318378,589,9,104.375,4,2.478777589134126,415,257.1731748726655,345,194,678.0,151.0754272770561,378.2227,0.0,57.278972786245966,0.0,225.8789,-35.11346740051289,0.11898239608902969,0,1069,0
14D77E1B-0EE7-473C-9AA3-62DDBF2A4431,12756,6,128.4,2,0.05722797115083099,90,2.5752587017873942,385,386,455.0,104.43148141556135,343.6523,0.0,60.2694674411156,0.0,186.3281,-8.770152370808262,-0.38842771579492735,0,1069,0
4F8F1F3C-CC15-4CE4-83A8-0B21806528E4,12756,6,183.8,3,0.08584195672624648,21263,608.4191752900597,467,103,706.0,233.02456806983162,538.7278,0.0,102.29503623416373,0.0,345.97192,-189.29425225926065,2.474671275795261,0,1069,0
4592F955-D4C0-425B-8D9F-27B64019C189,6387,5,73.5,0,0.0,0,0.0,-1,729,312.0,38.30261769240276,92.0,-347.9079,11.237008304875522,0.0,53.0,0.8252372458688413,0.12425328001167495,0,1069,1
4D6AA979-6948-44E5-8AE9-84055A94F4E6,9747,9,104.0,5,0.18723709859443932,381,14.267466912896277,93,216,151.0,19.065296708410166,239.0,0.0,13.303528122845387,0.03744741971888786,36.0,8.452990328626871,0.018290381071254823,0,1069,0
A47D7EBD-BF11-450F-9725-C86375E38DEA,408,4,251.66666666666666,2,1.7892156862745097,70,62.62254901960784,200,261,226.0,36.897303572566955,168.0,-112.1648,18.587332113299055,0.0,57.0,-11.869448634295349,-0.018437747229906497,0,1069,0
E0991600-E200-4AC5-B956-72C797B539C3,12756,8,138.85714285714286,5,0.14306992787707745,11198,320.4194104735027,589,36,450.0,141.34753140307166,324.84,0.0,53.61039991682112,0.0,205.88,-41.278817668503734,-0.3071770994819842,0,1069,1
4D40A75C-4A61-40B3-B59F-455C13BF30E9,3111,4,243.66666666666666,0,0.0,0,0.0,-1,279,416.0,62.44338656835169,223.3955,-0.41,36.69213077293905,0.0,112.3081,25.019925855568054,-0.3204663919099366,0,1069,0
E10035E9-3800-4DB9-874D-4EBDA6974EB4,2152,3,168.0,5,0.8480483271375465,437,74.11942379182156,426,675,451.8,57.22035367638087,235.05,0.0,22.416355406933906,0.0,88.275866,15.840843843680858,-0.24678674095369857,0,1069,0
8F95A664-DE6F-49FB-859A-3C27EF11F534,7097,9,58.625,2,0.10286036353388756,104,5.348738903762153,753,533,489.0,118.81145473436676,372.0,0.0,45.03346739222067,0.0,179.0,-11.832751030663061,0.08175174804378546,0,1069,0
0D22829A-A658-4CBB-94CF-DD30D0CE3D8F,5393,5,236.5,0,0.0,0,0.0,-1,54,753.0,191.64699816769624,481.925,0.0,65.31950227490094,0.0,264.5401,16.55295799819882,-0.07096510601066279,0,1069,0
A7294F99-D0EE-49B8-90CF-85455254D4D6,12756,2,7.0,0,0.0,0,0.0,-1,998,309.0,46.101099407716276,224.6338,0.0,19.669656520346518,0.0,76.46484,-0.11376232746936665,0.035337353643296765,0,1069,0
79A2FFC8-C67F-40FC-978D-B76D38EACB5D,885,7,88.0,9,3.7118644067796613,859,354.2768361581921,657,507,722.0,176.39455017433502,449.6615,0.0,62.540147597631666,0.0,247.20092,-13.209634570168362,-0.12381067811028999,0,1069,0
A1A0482E-6F36-444C-A35C-F70EF4EBBEBD,4874,5,177.0,0,0.0,0,0.0,-1,287,251.0,46.899581472201206,114.8287,0.008167955,15.746186788246876,0.0,67.006784,-5.0095184142073705,0.09626650723566468,0,1069,0
EA32ACF8-6379-4AD9-BD8D-14D4F18CAFA3,4284,3,349.5,2,0.1704014939309057,70,5.9640522875816995,127,296,151.0,44.02451787259233,374.6707,0.0,10.664444002255564,0.4260037348272643,58.0,-7.175983921975046,-0.025855100995587257,0,1069,0
035C52AA-9DBB-446B-988D-E23209B52E51,12756,5,161.5,1,0.028613985575415495,112,3.2047663844465353,841,347,269.0,93.49975671443532,181.32,-38.2,24.65443817803024,0.0,122.04,0.5449702531572598,0.16332906751282372,0,1069,0
ADEA2DFD-972E-4FDA-B7E4-6DCF28D53FAF,12756,4,230.66666666666666,14,0.4005957980558169,331,9.471229225462528,193,300,361.0,66.45244895171311,275.02,0.0,40.72068277128801,0.0,122.1,-17.94764416776249,-0.35481180518405747,0,1069,0
5A561BBF-6709-4B68-A7CB-FB2292AFBB33,12756,9,107.5,1,0.028613985575415495,117,3.347836312323613,841,129,269.0,82.62885381247276,234.4922,-38.4,31.813759242261824,0.0,111.12,10.86095653166305,0.16142966224788566,0,1069,0
C59A2686-32D0-485E-8B4A-857EBDFAA744,4610,2,28.0,1,0.07917570498915401,63,4.988069414316703,707,963,302.0,50.71197969048306,207.4882,0.01532496,33.28024021139369,0.0,98.60213,26.83552452865274,-0.025744609680398513,0,1069,0
309A1924-4FB3-4EC0-9F38-01BA96669D63,2684,8,76.0,1,0.13599105812220566,101,13.73509687034277,1040,468,452.0,121.53776826393542,369.0,0.0,43.80341815657095,0.0,180.0,-11.432367029367512,0.07833877524878363,0,1069,0
66E47D33-8F50-4FA8-96C8-4ECBD8B47802,6257,9,78.25,2,0.11666933035000798,150,8.750199776250598,326,360,258.0,98.06861219012926,230.4,-2.761532,17.211355030025956,0.0,119.6,-6.433897683956431,0.06428649741843788,0,1069,0
23808D82-D775-495E-B7BA-ADEA8CEB3FEC,12756,5,196.75,1,0.028613985575415495,3,0.08584195672624648,327,202,451.0,94.53597802494035,201.29,-55.23553,31.5866700429051,0.0,125.46,11.126070586170755,0.048509118066604975,0,1069,0
7AB01D09-68D9-4089-96D7-3F01B0328BCD,4891,1,0.0,0,0.0,0,0.0,-1,988,377.0,114.8157782977788,240.9536,0.0170373,25.32446862453214,0.0,147.33352,-3.9462353456183195,0.5484747599062614,0,1069,0
CCB3457B-F244-4A1E-803A-AC30C15C9135,2229,7,87.0,1,0.16375056078959174,333,54.52893674293405,841,458,301.0,53.14166147904649,176.3749,0.0,16.90256257530651,0.0,77.128692,-11.7287206030434,0.03707243210320513,0,1069,0
D298764B-043A-4443-8031-42DB085E61A3,12756,6,187.6,2,0.05722797115083099,215,6.152006898714331,841,45,269.0,99.74946976464773,229.0151,0.0,24.935905518838638,0.0,135.72,-15.662520476839092,-0.12954379827822343,0,1069,0
F19B40CD-A10F-4673-8DC8-69FA5F18182E,8095,5,230.75,1,0.045089561457689935,9,0.4058060531192094,265,57,1358.0,555.0278956201579,981.24,-543.22,141.90786043232592,0.0,719.9139999999999,-42.15083389176277,1.5277923829183666,0,1069,0
C468DD2E-00CF-4027-89C2-EAAAB75DCED4,8101,7,154.33333333333334,3,0.1351684977163313,227,10.227749660535736,840,54,106.0,28.863364132793844,53.4,-0.3443916,4.319991800470414,0.0,34.2,0.5104553116506025,0.04544048076348804,0,1069,0
A7B8CCE1-0118-44BA-9392-9B46CB15E59E,6639,10,95.55555555555556,0,0.0,0,0.0,-1,136,472.0,151.88248460288042,262.7563,0.0,30.702719708351413,0.0,191.1621,-8.126967247942162,-0.4320055392093896,0,1069,0
BC3612ED-EC0E-4454-A9E6-597BD5A7AF56,12756,9,121.25,0,0.0,0,0.0,-1,5,315.0,77.66981442271039,240.0,0.0,28.814393547065542,0.0,110.38256,19.836117977752565,-0.5159092513497385,0,1069,1
1BFEC5F0-269D-4A77-A8FE-B324855362B3,12756,2,942.0,0,0.0,0,0.0,-1,36,314.0,84.04517745548928,199.03,-16.24106,27.785506889675133,0.0,118.24,-20.020304770304094,-1.001001545115418,0,1069,0
5787E14C-7EE0-41B1-B1A5-59B80110213E,12756,5,242.75,5,0.14306992787707745,256,7.325180307306367,296,4,188.0,32.71745822139247,110.0,0.0,17.395807734323096,0.0,61.0,13.078838074903828,-0.04689467835539893,0,1069,0
3AA9BAE5-5478-4EAC-9B47-8ADF1CB0A257,2453,3,397.5,2,0.29759478189971467,36,5.3567060741948636,103,181,250.0,50.592557766039796,163.0371,0.0,15.32290340980511,0.0,69.0,-4.043715173447204,0.039393695152078224,0,1069,0
84D93928-D366-40B9-B0CD-38CC8B66D347,10102,3,408.0,2,0.07226291823401307,90,3.251831320530588,174,160,416.0,151.3696818316723,293.4998,0.0,39.24438634980892,0.0,196.7041,1.0722278497320303,0.07951804907821657,0,1069,0
5E86FC79-E6CD-446E-9C63-AC9E1707FBDC,5462,4,231.33333333333334,1,0.06682533870377151,47,3.1407909190772614,281,281,126.0,47.9831674783675,126.0,-2.33007,15.01995510900518,0.0,67.5,-2.004000811700834,0.1274920772111406,0,1069,0
624B1859-E127-4462-BAA7-7CA58C3E877D,1091,8,72.85714285714286,0,0.0,0,0.0,-1,462,887.0,81.84273520230668,289.2185,-119.6904,50.62951266905715,0.0,151.05584,-19.09323942144249,-0.20160457420333322,0,1069,0
346D5839-3153-4B86-9E48-E483953CA857,3972,5,205.0,1,0.0918932527693857,6,0.5513595166163142,975,153,554.0,120.93909959266101,344.1686,0.0,50.44776848754282,0.0,186.42293999999998,-21.074139265500506,0.3976353923928986,0,1069,0
35DD7336-6232-45C8-AC65-865B74AF82F7,6233,10,101.11111111111111,3,0.1756778437349591,75,4.391946093373978,418,59,215.0,56.403942434147474,121.8274,0.0,13.038469767187404,0.0,73.30653199999999,-4.8154110170425355,0.2653626235024371,0,1069,0
C2FAE1E4-0998-46CE-BDDF-ABFF133095CF,12756,9,109.875,6,0.17168391345249295,382,10.930542489808719,656,114,462.0,117.63941529948545,422.7,0.0,58.96466476377351,0.0,184.0832,-1.5413944445471657,-0.12494722951861918,0,1069,0
869E16C5-F63C-4408-BE22-07DD3864C3FD,2255,5,93.0,3,0.4855875831485587,452,73.16186252771618,422,668,1330.0,228.54128700924358,873.3069,0.0,121.3426018361184,0.0,423.61424,-98.46925615893494,0.40441627127480934,0,1069,0
80F8F1CB-814E-4E45-8D98-C829821FC6EF,12756,2,0.0,0,0.0,0,0.0,-1,966,99999.0,0.0,0.0,0.0,0.0,0.0,0.0,0.0,0.0,0,1069,0
00E09BD9-1407-4988-A183-D1FCB78D4E71,12756,9,100.25,0,0.0,0,0.0,-1,183,800.0,284.8027218191989,615.0879,0.0,71.24507975362837,0.0,380.383,8.718027262591193,0.16001654756731457,0,1069,0
5BC608D4-1CB8-4A06-97D9-A52C66D8FE89,12756,6,180.2,2,0.05722797115083099,47,1.3448573220445281,418,59,208.0,64.6730120765165,134.9521,-26.27249,15.050207436830194,0.0,84.273612,-5.146236022652303,0.3038171024927683,0,1069,0
B6E89437-3901-4A40-A9A0-2382B7C4A7CC,12756,2,76.0,5,0.14306992787707745,1516,43.37880213232989,582,885,99999.0,72.1684226905358,268.6962,0.0,47.96168810390744,0.0,130.29904,-72.15843534315927,0.0001009445872375597,0,1069,0
DDCA2D1C-96E4-44E8-B08C-07C0F868055F,12756,19,58.22222222222222,8,0.22891188460332396,176,5.0360614612731265,47,3,200.0,55.18563682508602,559.48,0.0,32.212776641244886,0.08584195672624648,98.0,28.528869347753485,-0.05332094039967722,0,1069,0
0D64E8E7-5C77-4B76-BCBB-E9DC376AFAD8,7164,3,213.5,5,0.2547459519821329,54103,2756.504048017867,46,531,798.0,170.36438034565825,632.8123,0.0,68.66074006955465,0.0,253.8281,-19.68993814581256,0.44365412640608537,0,1069,0
9F341F7C-2641-4A78-ABBA-50A9DBFE3D8D,12756,13,58.5,6,0.17168391345249295,234,6.695672624647226,47,251,241.0,52.44515466456771,536.0,0.0,31.692305925271476,0.14306992787707745,94.0,28.9926539774076,-0.033033113370272975,0,1069,0
50F9C677-6882-4699-91F9-DE04F0DAF557,12756,8,138.57142857142858,1,0.028613985575415495,4,0.11445594230166198,978,0,417.0,137.875262653945,308.3862,0.0,34.754306332806294,0.0,174.7559,8.807735536641417,0.03437914177033064,0,1069,0
0C5B0AA2-5077-4328-B167-81CC2F03E17A,6578,5,173.0,1,0.05548799027059896,141,7.823806628154454,901,261,435.0,157.29167007025399,313.2807,-35.96607,38.77549353640097,0.0,208.92198,-12.690657053278699,0.1507083141207243,0,1069,0
98CC0281-EE7B-4AC2-A169-A459241C7670,12756,8,122.28571428571429,2,0.05722797115083099,140,4.005957980558169,408,95,470.0,131.0366527433047,1333.2,0.0,64.70820068965905,0.14306992787707745,208.9233,-3.0023720882120983,0.7086735318905572,0,1069,0
1276D2BF-363A-46A7-AF31-BD3C63815533,2908,3,4.0,6,0.7530949105914718,104,13.053645116918846,94,954,90.0,29.797004457531866,80.01047,-4.67,16.791416301998396,0.0,54.768476,6.102028033826155,-0.19238784011885074,0,1069,0
1365214D-F4D9-4FFC-930F-32DC34064799,12756,5,221.25,3,0.08584195672624648,185,5.293587331451866,475,65,256.0,73.55079201803717,234.965,-2.938464,38.317233760185474,0.0,125.4745,26.953388669370227,-0.21568946687018223,0,1069,1
08EB8303-7573-4051-A6DE-AD9898401BF8,12756,11,98.7,2,0.05722797115083099,1062,30.388052681091253,375,64,259.0,83.90729405406985,179.2,0.0,22.912461109312375,0.0,108.4,-1.8724738557673675,0.1542334584338685,0,1069,0
A90C95E3-C878-43A0-AFEA-D5352D3E0667,2987,9,95.125,0,0.0,0,0.0,-1,220,1180.0,134.24354261691184,801.8799,0.0,54.68234768455127,0.0,193.4814,38.30531483061904,0.20525784195221164,0,1069,1
6E8DBE3C-4A05-445A-8254-7FE5F2384A53,3045,8,81.42857142857143,14,1.67816091954023,2331,279.4137931034483,446,480,831.0,210.07582363762825,789.896,-7.859729,141.0949790846232,0.0,383.43134,-4.299661798785678,-2.0020805514309967,0,1069,0
527230AF-BDA0-4414-803F-A9AE9A58209E,7734,13,72.41666666666667,4,0.1887768295836566,330,15.57408844065167,326,102,251.0,96.46707097940505,233.4,-13.24505,17.520939497588934,0.0,117.8,-6.108729930022321,0.06714040485099368,0,1069,1
D9386093-6D65-4863-8CA4-A73B5947FFA1,488,11,93.4,0,0.0,0,0.0,-1,22,301.0,31.272300939028273,154.6127,0.0,36.159278485114626,0.0,81.215868,36.616899279335925,0.01710069421058399,0,1069,0
53EA041F-A40B-404B-B759-96E33C44F52C,2481,3,86.0,0,0.0,0,0.0,-1,774,602.0,191.32810515324533,525.3,0.002204452,37.49981003035409,0.0,238.11139999999997,-15.223417009726802,0.2894355749096361,0,1069,0
84AA2AB3-4D86-4C5D-A887-D03D6E04E384,1083,1,0.0,1,0.33702677746999077,18,6.066481994459833,439,947,452.0,68.09719886544327,283.7075,0.0,34.298113180499655,0.0,115.79078,-17.20331405170871,0.18333398205970053,0,1069,0
85BA9BE0-A063-41CF-8A8B-6F55EA4FBDF6,994,6,115.2,2,0.7344064386317907,69,25.33702213279678,954,376,151.0,35.555755589759634,126.8,0.0,11.548854347060423,0.0,49.4,1.1933647808422094,0.08336491015708737,0,1022,0
6C0776E3-8490-41EB-8FAA-A036FA96F525,4296,3,446.5,1,0.08496275605214153,416,35.344506517690874,841,47,542.0,121.67210378897884,413.91,0.004389791,69.92559080311901,0.0,215.37223999999995,-6.34783371392939,-0.24086219396000866,0,1069,0
19C2D2FC-18E5-4CC8-AB00-42F530EF12CC,1443,2,185.0,2,0.5058905058905059,369,93.33679833679834,841,754,1040.0,193.55868816122086,524.9402,0.0,31.9585448258403,0.0,234.46406,33.88324984032235,0.018545762376707374,0,1069,0
A127858E-B72A-4E34-AB5B-6F2983E83348,2196,7,98.33333333333333,2,0.3324225865209472,160,26.593806921675775,123,346,602.0,122.64113942002383,306.2753,0.0,46.515432206808754,0.0,180.20378,16.70496688398852,-0.3638849346811561,0,1069,0
6F9ECBF4-7CC7-4B22-AA2C-0468DCE1A12F,3352,8,122.42857142857143,1,0.10889021479713604,63,6.86008353221957,50,80,226.0,22.380604290820738,114.0279,0.0,13.206387035098247,0.0,39.75223,2.8573477486854344,0.04233726414049776,0,1069,0
5B009B1D-13C0-421B-8A3D-4D9D5387B8AE,12756,8,62.285714285714285,11,0.3147538413295704,4715,134.91494198808405,571,498,99999.0,12.174348799296157,77.47803,0.0,14.332925425305683,0.0,30.95703,-12.174348799296157,0.0,0,1069,0
5A6C3F9F-DB74-459D-82A8-BE84B7A0B5D2,9124,3,232.0,3,0.1200131521262604,89,3.5603901797457254,146,468,314.0,34.84377520313282,115.7,0.0,17.101224617183814,0.0,58.3,-12.376383227824178,-0.05813661265911013,0,1069,0
951A6CB6-9915-45B3-B842-22E5C6FAA977,12756,2,116.0,1,0.028613985575415495,91,2.6038726873628097,977,930,803.0,210.21227859582763,1996.49,-279.99,147.98147146255343,0.11445594230166198,383.9722,-195.6026629919696,-0.9383340597540023,0,1069,0
FB912600-0A28-4998-A9DE-4B1CA9AFC007,12756,7,90.33333333333333,4,0.11445594230166198,1263,36.13946378174977,632,452,300.0,49.953143742784285,126.8921,-10.23551,18.270266060394132,0.0,75.89722,3.869331181598433,0.03001891683353317,0,1069,0
43F3B249-81CF-4520-BC73-572928C04E1C,5943,5,79.5,1,0.06141679286555612,4,0.24566717146222447,454,608,377.0,65.48110685248136,215.7935,0.0,30.33283560768975,0.0,107.88999999999999,1.8488557760680209,0.037823868636668326,0,1069,0
CCA3F62C-3ECA-4F0D-9E13-740291ED19C3,8060,8,125.28571428571429,3,0.1358560794044665,37,1.6755583126550868,96,46,150.0,55.721923601059025,270.1449,-2.0,24.226239634365303,0.271712158808933,87.0,-46.46490199612075,-0.39654775623879673,0,1069,1
AE11A6F6-9BAC-4F37-AF8B-E21BA0D249A7,6844,7,153.66666666666666,3,0.15999415546464055,35,1.8665984804208064,169,1,798.0,207.39394361147848,730.8465,0.0,108.16546102068227,0.0,342.1875,35.727313109640335,-0.8937899898969829,0,1069,0
091A9B8A-F32C-4375-99C0-780361B1ECE4,12756,17,60.0625,5,0.14306992787707745,4149,118.71942615239888,7,24,440.0,126.00220076770121,332.7637,0.0,46.38836383901863,0.0,185.9741,-8.429148164298425,-0.21247165466761492,0,1069,0
8D7F599A-E3D7-4794-BCCC-A88BAEA0921F,4840,6,154.8,2,0.15082644628099173,499,37.631198347107436,137,144,129.0,35.993023940946635,145.6951,0.006116094,8.627241987517817,0.37706611570247933,47.41993,6.990530735750895,-0.04072061989996257,0,1069,0
04E69428-F9F6-451C-B02B-366623A29F1C,5190,4,215.66666666666666,0,0.0,0,0.0,-1,269,315.0,124.89066748382524,340.9546,0.0,41.818151728715335,0.3516377649325626,168.2949,-68.98134067418019,0.0706775556357048,0,1069,0
67B5A77C-FDB1-46DC-824D-F0C43CC85E65,12756,10,86.11111111111111,4,0.11445594230166198,421,12.046487927249922,95,136,251.0,105.50419100093025,195.3,0.0,26.8415747468205,0.0,140.3,-11.818180198461121,0.08663368934427511,0,1069,0
DD6BB91B-D0E6-4032-8F4C-1D6C6471FE06,8922,4,140.0,3,0.12273032952252858,318,13.00941492938803,463,493,269.0,153.0470771465,273.7,0.0,31.56401759401781,0.04091010984084286,192.7,-26.83109720822837,-0.04491789681408846,0,1069,0
DD4C4138-5AB7-4FD7-84FA-07BC8DB4DC3B,10129,4,151.33333333333334,1,0.03603514660874716,79,2.846776582091026,198,605,489.0,123.32543875903387,282.0,0.0,36.36196091151897,0.0,170.0,-0.6717350553301742,-0.025191838956003586,0,1069,0
BCB45581-9CC0-4607-8BB1-477B6E92CF1E,5705,3,312.0,1,0.06397896581945661,27,1.7274320771253286,916,288,131.0,28.394710649489028,76.5,-15.0,17.35388361884057,0.0,49.5,0.08480326254801085,-0.03202873158783378,0,1069,0
B510BBF6-3B68-453D-B89A-D6DF249A471F,4442,3,397.0,0,0.0,0,0.0,-1,116,301.0,62.77350903046256,182.7204,0.0,33.403744396232554,0.0,106.28647999999998,13.40960859623496,-0.2379895481244984,0,1069,0
E9FC4B54-6AD5-434E-B3DF-E388AE5CE9E1,5672,2,0.0,1,0.06435119887165021,23,1.480077574047955,916,909,131.0,28.006969927859124,116.1409,0.0,17.296263203706793,0.0,49.5,0.07543749961001112,-0.03272746322479748,0,1069,0
AE6D1D2D-2D77-4C15-8E56-6C675A7A76FB,1641,1,0.0,1,0.22242535039609992,152,33.80865326020719,841,909,250.0,39.889143912520254,236.3501,0.0,8.928168122958374,0.0,49.54419,0.8334290041464101,0.009674622169821177,0,1069,0
7A814E4E-113F-4241-9E4E-A11CCB4B81A7,5925,2,14.0,12,0.7392405063291139,1509,92.95949367088608,128,894,264.0,111.5532881666851,833.48,0.0,24.523497762112694,0.3080168776371308,142.44,-2.3983325339690538,-0.13892784563034558,0,1069,0
86F0B828-D353-4298-8E94-24D33B57D303,4215,3,325.5,0,0.0,0,0.0,-1,255,452.0,145.06138574375353,454.099,0.0,23.40228499777114,0.17319098457888493,167.6239,19.37339504636992,-0.6688218669224841,0,1069,0
7A6F5E69-5A04-4CBF-91B9-93597B53F05B,4296,2,2.0,0,0.0,0,0.0,-1,906,151.0,24.13925848940004,331.7688,-11.9,5.39281536534753,0.3398510242085661,31.0,3.1330408933160108,0.07065075477994456,0,1069,0
B5BA0E46-F802-497F-8FB4-5A3B2AD78CAB,4259,12,80.72727272727273,6,0.5142052124911951,777,66.58957501760977,374,19,301.0,29.700141723384313,100.1875,0.0,14.757826123103658,0.0,49.23529,-6.326017508145114,-0.06343386234342793,0,1069,0
87590A23-C0F5-4AC5-AD1B-19AA71EF7F7B,1207,3,65.5,1,0.3024026512013256,6,1.8144159072079535,1018,864,452.0,54.884712019697254,125.3336,-9.038255,18.733733390518303,0.0,82.022262,5.84210752196941,0.20424973059311902,0,1069,0
4DB1A6C1-28BB-4FDE-8B25-1359372E6823,1039,2,56.0,11,3.864292589027911,5007,1758.95572666025,65,906,602.0,53.44471217545388,138.2765,0.0,23.05849446513431,0.0,84.08268199999999,20.84606070957698,-0.20235892757516002,0,1069,0
6A3BD889-72BA-4693-9A92-8AA1074FB370,96,13,71.91666666666667,3,11.406250000000002,14,53.22916666666667,293,38,452.0,113.64853020496224,270.0,0.0,38.28086691317492,0.0,155.0,-1.210721562986933,0.15618812107565866,0,104,0
9E3215DE-B13D-45BE-8785-E7EFD7DF04B4,6987,5,162.5,3,0.1567196221554315,50,2.611993702590525,242,249,490.0,86.69810142107843,717.6804,0.0,37.89740081084629,0.0522398740518105,135.37306,-1.3711296656772163,-0.07366505968440841,0,1069,0
F4E603C6-F513-47F8-BAB8-89A5EDEEA250,12756,18,51.529411764705884,10,0.2861398557541549,216,6.1806208842897465,109,90,188.0,35.93550254672244,109.0,0.0,17.41832491003853,0.0,59.0,-2.368141435611328,-0.04362284095433586,0,1069,0
5892C982-419F-4265-98B7-6CD0D7C0F2CA,12756,3,197.0,3,0.08584195672624648,4855,138.92089996864223,571,505,99999.0,9.925200808260097,193.0,0.0,12.926248129533988,0.0,26.28174,-9.925200808260097,0.0,0,1069,0
4764B324-754C-4709-AB20-B507812E1F39,12756,3,192.0,5,0.14306992787707745,29949,856.9602539981186,545,557,300.0,31.078067102981258,133.1177,0.0,11.333804712428961,0.0,47.69897,-0.9813064332281733,0.029471082743383146,0,1069,0
0DA38EE8-2C8F-4957-9314-78C3CDCA156A,12756,2,120.0,3,0.08584195672624648,101,2.8900125431169648,85,899,160.0,61.53183778776663,233.2578,0.0,14.029825245616683,0.14306992787707745,79.5,1.5609862863074468,-0.050862932323668494,0,1069,0
36FB2CDE-4F84-4E29-831C-169E6A129F03,3272,2,1.0,2,0.22310513447432764,96,10.709046454767726,426,899,181.0,41.4285946633903,72.63777,-6.174105,9.732487205382956,0.0,54.016391999999996,5.236546676193036,0.007925423625815315,0,1069,0
D986131B-4B84-4DE8-8BD6-C5782EFD6B64,935,2,75.0,3,1.1711229946524064,707,275.9946524064171,244,822,415.0,19.370942244003984,42.40417,-9.861,7.532450254733786,0.0,25.22278,1.2236321958108363,-0.02484959213873926,0,1069,0
A78368AF-8EC7-4A0F-864F-E56BE0BFDACE,12756,15,68.14285714285714,6,0.17168391345249295,7560,216.32173095014113,7,11,461.0,122.5715680502599,325.9888,0.0,45.67434198228649,0.0,182.373,-8.540542263377176,-0.2721205185538561,0,1069,0
58B94B72-5A8B-4265-859F-C8A42977D4A2,12756,5,126.25,3,0.08584195672624648,422,12.075101912825337,12,387,284.0,0.0,0.0,0.0,0.0,0.0,0.0,0.0,0.0,0,1069,0
1822C8E1-4D94-4AA7-BD98-62579A5C12A1,8653,4,77.33333333333333,4,0.16872760892176125,74,3.121460765052583,57,661,739.0,264.5835651009256,556.2332,0.0,88.31962725744636,0.0,382.73132,-95.45523056165095,0.14765637401875545,0,1069,0
9E7D8206-B9AA-4402-B6B1-BD01C6880C60,12756,5,150.0,6,0.17168391345249295,347,9.929052994669176,829,290,649.0,153.74770536737202,1009.0,0.0,45.86195819795784,0.14306992787707745,213.75,22.874353377998347,-0.2115627196306382,0,1069,0
3F8CB57D-232F-4AFA-8982-21F12C598ABA,4791,4,111.66666666666667,1,0.07618451262784388,9,0.6856606136505949,556,556,128.0,8.043982557195548,99.30642,0.0,8.184220054266937,0.0,19.5,-8.043982557195548,0.0,0,1069,0
F1983F15-7F51-4D7A-A3A0-712D2EB7DF30,6925,7,142.33333333333334,1,0.05270758122743682,2975,156.80505415162455,761,30,798.0,209.1246871235212,556.7811,0.0,104.18724596591763,0.0,344.7418,9.20696807602664,-1.5886382235664618,0,1069,0
47B23687-9630-4FD3-A667-184C83CB1869,12756,11,83.0,2,0.05722797115083099,12,0.3433678269049859,665,52,300.0,27.122203870497696,81.89392,0.0,13.46052762767693,0.0,44.99817,-6.439074040250784,0.0821415056751235,0,1069,0
34BE9C23-C440-41D2-B64E-FB877B82CC26,3723,5,28.25,0,0.0,0,0.0,-1,849,151.0,39.652364568358195,937.077,0.0,14.710655116228093,0.4901960784313726,57.5,4.715883888431932,-0.00590150590154937,0,1069,0
A4C9F3F6-F74C-4B75-9891-FAE0F4BB135F,12756,5,85.5,2,0.05722797115083099,49,1.4020852931953591,69,539,803.0,270.1578201395981,1781.27,0.0,151.96134497608102,0.14306992787707745,508.392,160.19377885731552,0.18686981250501952,0,1069,0
DF39C2B8-B194-4461-93CF-F8717023C467,9959,14,58.69230769230769,2,0.07330053218194597,1446,52.996284767546946,200,123,479.0,59.04647849759639,230.0,0.0,19.846809153321196,0.0,86.0,-11.801879732164288,0.13089476067000086,0,1069,0
33919A4E-8F11-445E-BDDC-4A17FE681A9C,2359,3,38.0,3,0.4641797371767698,376,58.17719372615515,367,801,251.0,67.72275117822568,213.1302,0.0,25.58667840702446,0.0,101.12424,1.8055386487033331,0.13037714589089094,0,1069,0
1D8017D7-E18F-40E9-8C24-00317FBD323F,12756,11,92.8,1,0.028613985575415495,750,21.46048918156162,114,118,1143.0,195.95418947975307,2998.323,0.0,95.58963696136318,0.08584195672624648,289.03092,47.66300450172841,0.13016875655636284,0,1069,0
B9D48F63-C043-4173-A67E-F23A31D900DB,12756,38,18.0,6,0.17168391345249295,42,1.2017873941674506,281,190,1083.0,203.41221631371212,643.9819,0.0,100.42762367711802,0.0,337.5854,-31.015027191875703,-0.44563923240753295,0,1069,0
28DA8065-B3BF-4CA2-916A-4BF7784FDD8B,347,5,185.5,7,7.363112391930835,661,695.2881844380404,268,130,226.0,46.26150325782592,113.0191,0.0,20.07652391101475,0.0,67.900092,7.064277834766678,0.014568467571390986,0,385,1
F0E862AB-F49F-485A-89DF-A6CF42B265E0,9347,3,431.5,0,0.0,0,0.0,-1,11,1245.0,567.9332471849448,1079.55,-544.53,132.24728662361437,0.0,729.85,67.99266716690715,-0.6927927584802169,0,1069,0
056D6EC5-21CC-4C5B-B7CA-3D38576A0279,9933,13,69.91666666666667,4,0.14698479814758886,414,15.212926608275446,30,132,259.0,87.15052140586883,170.64,0.0,20.955008258323268,0.0,111.2,-3.211516347226862,0.14482306642216294,0,1069,0
AEA2D23E-9BE7-4555-B4E4-220F5AABFC92,12756,7,110.83333333333333,3,0.08584195672624648,183,5.236359360301035,458,203,803.0,208.39433523011573,589.8285,0.0,62.26726585109779,0.0,286.1938,-4.546120993233018,0.04540516857742354,0,1069,0
30AA272A-2443-466C-8986-905EB5D3F7AD,1046,2,21.0,3,1.0468451242829828,45,15.702676864244742,700,871,301.0,35.08924012730359,140.1394,0.0,13.517034434591679,0.0,48.50006,-1.5430425840937119,-0.006628569544511438,0,1069,0
EE4D2C52-4A10-45E0-B6F5-521EAEFDAD37,1307,2,721.0,2,0.558530986993114,55,15.359602142310635,396,148,150.0,46.257345506397705,543.739,-60.68541,15.533108785153193,0.279265493496557,65.82734199999999,3.030404790515874,0.00014852648939138867,0,1069,0
25F29DF5-0E1A-4FE9-998F-5E7F27FF09E0,12756,3,29.0,1,0.028613985575415495,45,1.2876293508936971,842,810,452.0,58.224811095622755,223.8281,0.0,29.888873129305093,0.0,98.87695,-13.0189105654067,0.13868495799317557,0,1069,0
FC6B3965-A1E8-439C-BB1D-0672F06F6AD5,12756,4,124.66666666666667,0,0.0,0,0.0,-1,491,690.0,129.95691067223063,463.47,0.0,61.31506735058389,0.0,208.96,43.15211710554715,0.8007714829904524,0,1069,0
69C1837D-05FB-4DCE-9762-49EE62C325F2,12756,7,112.66666666666667,0,0.0,0,0.0,-1,189,555.0,82.3942178025981,300.6,-14.19146,49.836666076939615,0.0,150.0,-11.795559967721559,0.21663226588553267,0,1069,0
AD4CF9BC-FF28-484E-9298-0888B25E0C4F,9619,4,279.0,1,0.037945732404615864,380,14.419378313754027,841,25,193.0,23.15056028518087,139.0038,0.0,9.817713095729784,0.0,34.82521,4.160999805096903,0.030022208192687784,0,1069,0
1303801B-9DB3-496F-8BB0-64867A2873B6,4482,1,0.0,2,0.16287371709058457,857,69.79138777331549,602,861,150.0,33.507322991010035,127.5189,-8.566734,12.784198688868154,0.0,50.0,3.3448375028171284,-0.027308012420407122,0,1069,0
9FC1C01F-67B5-498C-9767-59A59BDAC33C,4482,1,0.0,1,0.08143685854529228,863,70.28000892458724,602,861,150.0,33.37384454259824,74.0,-17.0,12.732526931757093,0.0,50.0,3.329936321599291,-0.027404675017071486,0,1069,0
4BA78034-FD46-43EE-A492-91B02B6AA81C,3601,4,83.33333333333333,1,0.1013607331296862,5,0.506803665648431,860,608,452.0,60.59886930448132,235.6567,0.0,32.987884122614,0.0,107.0,-11.130890909419591,-0.45748040453103445,0,1069,0
BDE9DF47-1D5C-4BB5-A915-C6CF640FB6B3,4201,2,499.0,3,0.260652225660557,283,24.588193287312542,114,360,753.0,299.7049464434745,483.7311,0.0,56.96823609562255,0.0,374.1801,-16.343971016005412,-0.41089690240135796,0,1069,0
08B98F4E-B5D2-41BE-8170-FD13A74212B6,7673,5,76.25,1,0.047569399191971846,69,3.2822885442460574,33,578,251.0,86.26570076414163,235.5157,-10.10948,34.9296400316594,0.0,127.95617999999999,5.438290167108377,0.19686229354536258,0,1069,0
528A33E0-3710-44BB-ADBB-31CC96707FD7,1039,3,50.5,12,4.215591915303176,5373,1887.531280076997,690,857,602.0,53.29321051870784,137.8136,-22.61637,23.01411496669918,0.0,83.88657199999999,20.739995290705735,-0.20138406003435624,0,1069,0
71CC2757-211A-4D92-973D-6FE88DB85E16,8192,9,78.375,3,0.1336669921875,2937,130.8599853515625,458,228,803.0,73.65907425717019,348.1875,0.0,79.64076547131992,0.0,171.594,-72.25634425076586,-0.002058911266881785,0,1069,0
29C7EAB8-D7D7-4A3B-879E-1DD369918805,923,3,71.0,0,0.0,0,0.0,-1,759,602.0,101.52676909017933,296.8852,-941.73,57.143267520219815,0.0,170.19934,32.04440433389473,-0.5565379046284079,0,1069,0
8AE501DF-C350-4C40-81DC-A2C546FC5FD2,12756,3,61.0,1,0.028613985575415495,144,4.120413922859831,841,731,269.0,38.72750660039421,513.5625,-1.84608,50.79928416983874,0.11445594230166198,113.6,-38.16592481027075,0.000893463070428856,0,1069,0
69B1356D-9B55-4313-A586-70B6E0AF1C7B,4749,11,61.4,2,0.15371657190987575,25,1.9214571488734469,279,243,490.0,86.63888689646451,233.9625,0.0,35.96482751626301,0.0,133.23562,-2.9462007476219156,-0.06781166042632653,0,1069,0
1C735AAE-BF43-4FC0-A480-B058C93EA0BC,1970,6,160.6,8,1.482233502538071,215,39.83502538071066,684,47,151.0,43.045106837612956,231.1351,-24.59,13.871693252263123,0.18527918781725888,58.35809,-0.2194550803075117,-0.008020099121636485,0,1069,0
556A3991-C410-4811-B60B-4FF7A80A1ACB,5160,12,57.18181818181818,3,0.2122093023255814,38,2.687984496124031,7,297,471.0,131.32507653293962,288.8838,-49.69661,50.46934583897554,0.0,196.3531,-8.04655342056229,-0.2560206155547212,0,1069,0
8E05A8A5-DD1B-4B13-92EB-C31DC70FEDE3,12756,7,137.33333333333334,4,0.11445594230166198,117,3.347836312323613,280,18,497.0,42.769559896807976,283.0,0.0,35.7753113041466,0.0,87.0,29.930825905661166,-0.5732883689345271,0,1069,0
4CE9C71E-D028-4FF1-95B3-64E7F3D0B71C,4408,5,204.75,4,0.3312159709618875,328,27.159709618874775,408,101,624.0,105.85911892600889,264.7833,0.05165524,63.544259668308975,0.0,198.46916,-67.76502837820797,0.20223767646680244,0,1069,0
6AED5992-7C51-4238-A9F6-C08E540DE9DF,6430,2,1.0,0,0.0,0,0.0,-1,840,485.0,74.45830365973121,328.2493,0.1116015,56.38127502087812,0.0,166.44787999999997,1.3497363313181694,0.2148159398029755,0,1069,0
6EB5F12C-D18F-4C82-993A-D3CCA383645E,12756,6,103.2,6,0.17168391345249295,359,10.272420821574162,245,529,256.0,99.78596877132838,236.0945,0.0,26.68405380418074,0.0,131.74385999999998,10.428732318177794,0.09441939867623231,0,1069,0
15BCC681-BAF8-4836-8374-8E8F76FAF496,12756,15,59.0,3,0.08584195672624648,79,2.2605048604578237,287,219,266.0,55.49045424203296,400.0,-2.660278,37.79468665817048,0.028613985575415495,101.9,-55.49045424203296,0.0,0,1069,0
A349FD0E-894E-41AC-8DEF-BE606B973E11,1443,3,224.5,2,0.5058905058905059,411,103.96049896049895,467,514,301.0,39.39671394054655,163.8731,-12.16988,22.221430780411467,0.0,68.794798,8.226745871953455,-0.018726304376329394,0,1069,0
C3ECB37A-111B-4258-BA51-B70E4D7FD316,3076,7,38.833333333333336,2,0.2373211963589077,112,13.28998699609883,817,584,554.0,74.24524328842689,246.0,0.0,49.34342463351213,0.0,147.0,16.874895600461997,0.7890669515668975,0,1069,0
7D626F8A-1B14-4815-9BA8-A7E1C57ADBAC,9776,5,196.25,0,0.0,0,0.0,-1,31,151.0,8.5018765630917,34.0,0.0,3.5044338881140167,0.0,12.0,-3.7659789904359435,0.006579486025484188,0,1069,0
EB09302D-6254-41C9-99E7-3B47FB47A1A5,5532,4,3.3333333333333335,1,0.06597975415762834,4,0.26391901663051337,330,807,450.0,161.0868228801707,345.0,0.0,44.679473416447415,0.0,220.0,-43.729569793750954,-0.2731121354718174,0,1069,1
8E7EEB14-88C7-4566-AB9C-B7652DCC1FF8,1676,2,179.0,1,0.21778042959427207,6,1.3066825775656323,161,815,678.0,70.6993404644337,163.0,0.0,14.349551979829704,0.0,90.0,10.954980523220613,0.0439619889057326,0,1069,0
C5C33F4D-06F6-4F27-877D-B9CEB5C8A18E,2137,5,164.25,3,0.5124005615348619,481,82.1548900327562,152,153,803.0,240.24717921412636,486.68,0.0,127.06308465516237,0.0,394.35,50.405699643898316,-1.4176344478974343,0,1069,0
E25A9E4D-8B06-4CC8-BA96-6BCCD553FF0E,2057,6,99.6,3,0.532328633932912,24,4.258629071463296,109,311,661.0,149.06212287148807,421.0515,-28.4,41.65109512147247,0.0,207.72141999999997,16.339808975734172,0.06042715029274777,0,1069,0
E9EA01A7-51FB-4007-89A4-3B90EFB7F30D,1443,1,0.0,1,0.25294525294525294,351,88.78378378378378,841,809,209.0,28.04785343528352,254.5073,0.0,7.760161700485933,1.2647262647262647,38.671408,8.506006781537465,-0.006225893860388357,0,1069,0
CC7E70EA-3730-4F8E-A341-78672A20898A,4259,7,128.0,7,0.5999060812397277,1190,101.9840338107537,309,39,301.0,30.32751703813253,148.0931,0.0,15.079321733446907,0.0,49.859899999999996,-1.8145958371294455,0.15993995003444944,0,1069,0
FE545373-09C7-4B48-83D2-0F570115D144,4151,2,1.0,0,0.0,0,0.0,-1,805,452.0,117.53919090530616,430.8,0.0,29.45616699390741,0.0,155.0,8.027861563829646,-0.07021197175703955,0,1069,0
9D35A429-C049-4FF8-9B46-54C59CEF091E,12756,3,395.5,3,0.08584195672624648,253,7.23933835058012,467,13,80.0,21.789563457317197,80.93059,0.0,3.966192409477378,0.028613985575415495,26.683592,0.8335637656766295,-0.003511270617679764,0,1069,0
A4988DFE-12D9-4329-AC56-03D916CB9DDD,2789,6,87.4,1,0.13087128002868412,1078,141.07923987092147,862,365,301.0,67.77514679620366,125.5963,-13.2,18.417710872330183,0.0,90.67337599999999,-0.9790872113271121,0.14052473180610914,0,1069,0
1027E58E-BAC6-4764-A221-B5E9CD14F578,6462,13,52.166666666666664,2,0.11296812132466728,30,1.6945218198700094,7,174,472.0,115.63438754818608,335.083,0.0,49.44573757075889,0.0,186.1267,3.6446336817521967,-0.22961827851301914,0,1069,0
9A16E6CC-35EA-4085-8F3B-26C879F429AF,7126,3,270.5,1,0.05122088127982038,18,0.9219758630367668,915,263,134.0,37.13833297184814,76.4,0.0,11.660992125311472,0.0,51.9,3.2324154889543237,0.035432923826406656,0,1069,0
E8041C3A-6723-4437-A50A-1372FD649736,3804,6,135.4,1,0.09595162986330179,84,8.05993690851735,668,122,452.0,107.26027144983118,289.6738,-1.440048,43.53617609382904,0.0,161.43958,-15.593385225834254,0.22688914911749586,0,1069,0
300C9711-3ACB-4AEF-BB6F-34E20D5D9A0B,9753,5,76.75,1,0.03742438224136163,33,1.235004613964934,33,557,251.0,99.60038323231502,272.0423,-4.266948,40.183113081944114,0.3368194401722547,147.70282,8.680020444759819,0.23108980200520968,0,1069,0
4EC99980-7AE9-4198-A8EE-8F5D45187CE4,12756,8,109.28571428571429,8,0.22891188460332396,633,18.11265286923801,37,290,741.0,237.07516983541603,455.0842,0.0,53.43940677274224,0.0,285.20106,35.15216502723831,0.9944193839029132,0,1069,0
2023419F-4043-4170-AEA7-05DBFA33862A,12756,4,249.0,2,0.05722797115083099,383,10.959156475384134,125,53,301.0,17.469243250924368,66.12592,0.0,8.75249035540503,0.0,26.31563,-8.477163954867269,-0.35304954935237126,0,1069,0
17BC69F2-B472-4E68-B3FF-ACA5DF03A22B,3476,2,203.0,1,0.10500575373993096,18,1.8901035673187572,791,801,151.0,18.99715014278559,135.0,0.0,9.01767224065512,0.0,31.0,-1.4419032292053409,0.03490771608747587,0,1069,0
A36BFD2A-F7A3-4F18-89A2-9C3BBE26BE72,12756,12,83.0,0,0.0,0,0.0,-1,143,479.0,56.438249817897955,243.0,0.0,28.18683711434741,0.0,96.0,-8.015333151231289,0.1799884416457071,0,1069,0
1CA24DE5-6DBA-4B99-A85E-2EA01B6014B3,12756,9,67.625,1,0.028613985575415495,10,0.2861398557541549,2,254,693.0,161.079726467605,312.4,0.0,39.27995224977315,0.0,206.2,1.9544324830122832,0.36282964174803917,0,1069,0
CA42DCD8-C723-4A4E-A419-075957FF3D66,3083,10,59.0,7,0.8287382419721051,141,16.69315601686669,98,262,717.0,165.1430780358217,383.7634,0.006523287,45.73490982106728,0.0,225.14522,-1.4626498321179895,-0.026246257461075364,0,1069,0
DF31F146-AF53-46F7-B6EA-C3E4CD17D847,12756,4,241.66666666666666,5,0.14306992787707745,551,15.766306052053936,54,162,259.0,79.04970162156664,195.511,0.0,25.971737222264455,0.0,105.47538,45.62954279219879,0.3211340673089814,0,1069,0
2A5A656E-58E0-41C8-A030-B15FE0F53430,12756,11,63.1,5,0.14306992787707745,723,20.687911571025403,726,204,302.0,67.27364441826487,226.8677,0.0,32.96544702389976,0.0,104.8828,1.3473007345129133,0.03238328617380976,0,1069,0
02AD46F5-AA2C-477A-BAC0-9B37656EB37F,8627,5,95.0,1,0.04230902979019358,63,2.6654688767821955,913,675,98.0,25.38543885469761,60.00026,0.0,9.60305928586558,0.0,36.364533999999985,1.8230513150786223,0.010970762865902253,0,1069,0
37B802CD-A714-4468-8211-FC89C5384BB7,12756,5,202.0,0,0.0,0,0.0,-1,88,107.0,24.381812184695566,63.75095,-7.136641,5.544210723241997,0.0,30.564496,-1.605910797686036,0.08020195287795115,0,1069,0
038FF4AB-E23A-42A5-A516-276DEA942BB5,6674,2,115.0,2,0.10937968234941564,97,5.304914593946659,175,679,136.0,38.32414104200758,79.40333,0.0,13.97069777100269,0.0,55.859168,1.3317583507779105,0.07860249081075911,0,1069,0
4D70620B-BFBC-4F9B-8011-D2C9B02C00FA,4151,2,7.0,0,0.0,0,0.0,-1,794,151.0,26.763357407638566,59.0,-44.25,7.254769305671119,0.0,36.0,0.5090962960651382,0.02338120161151417,0,1069,0
C3FD8C18-F21C-4F8D-AFB0-AE5BFA90FF98,12756,6,192.8,3,0.08584195672624648,1416,40.51740357478834,289,66,228.0,44.21990581080747,3261.424,0.0,20.859215089327936,0.028613985575415495,69.95209,-2.980020743446353,0.06342639421569828,0,1069,0
AB54C437-ADC5-456C-A346-438A3B4BB50E,6994,3,346.0,3,0.15656276808693165,665,34.70474692593652,521,107,820.0,123.84357371444185,454.0,0.0,78.56621249570787,0.0,236.0,-39.8465829737011,0.1744141366331642,0,1069,0
CD712F25-2578-4742-8566-6A43356A5998,5551,4,197.0,9,0.5917852639164114,1471,96.7240136912268,164,212,392.0,124.98453749977612,277.3879,-12.50327,32.470025202814924,0.0,156.18602,11.713350209328794,-0.03296420759949566,0,1069,0
FA08B10A-47AA-4772-989C-E679E91CA2EE,12756,5,41.75,2,0.05722797115083099,369,10.558560677328316,55,780,107.0,36.47186816759581,97.9,-153.4085,6.759873682172916,0.0,45.0,1.3733015854906085,0.04096684318591012,0,1069,0
5EEB6A31-85AD-48E8-B1AC-6C5B174D7321,12756,5,140.0,0,0.0,0,0.0,-1,225,693.0,170.01504199994793,328.6,-4.096977,40.96195281443089,0.0,217.5,2.1401663333853946,0.381300337718726,0,1069,0
DEA79AE6-198D-4E74-BD03-0DD4BD589EC7,12756,11,76.4,0,0.0,0,0.0,-1,15,800.0,301.96089618201734,1010.925,0.0,90.82876461521083,0.028613985575415495,413.12606,2.8835366497727932,0.09934807008037808,0,1069,0
9DD19E83-FCEA-4D9E-9268-C0CAE7F360EF,12756,10,43.888888888888886,6,0.17168391345249295,369,10.558560677328316,793,649,739.0,110.87612160654929,454.77,0.0,61.2086737149756,0.0,185.94,60.742218671228486,0.7874662686978813,0,1069,0
C4F3FAC7-F8EF-4BBA-B4C7-B428523D59D5,2411,6,120.0,9,1.3625051845707177,189,28.612608875985067,62,389,151.0,25.927850470400873,98.2241,0.0,10.22436808684364,0.0,39.73707999999999,1.9566778403475844,0.08637081088909603,0,1069,0
3E35053E-1B5D-4BFA-8924-2C873EB506EB,5862,9,68.625,4,0.2490617536676902,356,22.166496076424426,423,229,256.0,75.74313692414475,249.6,-1.851,45.27393661394741,0.0,140.4,31.883437435345982,-0.37758869276608903,0,1069,0
0D71D5CD-14C2-40C4-9DC2-1A42AECB1007,5859,4,82.66666666666667,0,0.0,0,0.0,-1,780,251.0,87.94865812257117,286.0,0.0,43.441321910546236,0.24918928144734598,152.0,-22.286775406521798,-0.05477002190491809,0,1069,0
A9441B94-9CE5-48A5-98C9-4C5026B2554B,6925,13,81.08333333333333,3,0.15812274368231047,15,0.7906137184115524,564,54,203.0,38.69086107190019,110.0,0.0,18.888613252265678,0.0,64.0,-3.0187931706656173,-0.04206520695288492,0,1069,0
039F4325-748B-4AD3-856B-A4107D4F9B4A,4404,3,154.0,0,0.0,0,0.0,-1,470,554.0,118.801809245988,337.3034,0.0,52.18970579775834,0.0,185.45569999999998,-17.933409785494163,0.3967126329134481,0,1069,0
DD003CA7-B370-4F1C-A878-C9186208F1EE,9081,4,218.0,4,0.1607752450170686,155,6.230040744411409,143,125,792.0,242.83303238858497,974.68,-24.358,83.20283029938429,0.04019381125426715,347.81,13.488744617587884,-0.20811784662512436,0,1069,0
E50B28CD-CAA2-43B2-A05B-6EDC4F3DA836,1377,4,201.0,0,0.0,0,0.0,-1,174,887.0,97.21398151305887,236.667,0.0,31.426164546880308,0.0,136.25616,-5.212833422009481,-0.11547909074860721,0,1069,0
FED111EB-CCDD-4817-8961-13BF305C41EA,8407,6,189.8,1,0.04341620078506007,14,0.6078268109908409,528,95,178.0,34.24146889729976,123.4269,0.01054682,14.59783893839308,0.0,55.10729599999999,1.7065499729934501,0.028849544594691787,0,1069,0
1D8C85DB-215C-4A9B-95F8-CFAAF8B7FF81,12756,9,50.25,5,0.14306992787707745,495,14.163922859830668,522,510,99999.0,9.789823212217113,239.63,0.0,11.414617877629336,0.0,23.91357,-9.789823212217113,0.0,0,1069,0
78AC9471-AC70-4BEB-8641-A51A07FE0B39,6359,6,147.8,5,0.28699481050479636,662,37.99811291083504,112,32,259.0,94.98709399968776,206.5869,0.0,24.636969129039464,0.0,126.4307,12.461919590590028,-0.001154524709945929,0,1069,0
637B4840-C7EB-4E4D-A7FA-BA12322AF8DC,5516,5,111.75,1,0.06617113850616389,223,14.756163886874548,841,327,811.0,427.56292239210086,629.5574,0.0,33.97176075338006,0.0,465.00134,18.621880594010236,0.29913962889180706,0,1069,0
15E752D2-5816-4ABC-9A94-9413FC7C5BF9,999,10,108.44444444444444,0,0.0,0,0.0,-1,1,802.0,106.70859112413565,348.5985,0.0,69.71887734862557,0.0,188.221,29.616133388981652,-0.6936992493090604,0,1069,0
78FE1262-E81F-4AA3-9E68-B4DF3DB9BDAD,1292,4,216.66666666666666,3,0.8475232198142415,253,71.47445820433437,454,147,452.0,103.78841798259252,196.1997,0.0,28.723799911747992,0.0,145.423,15.277444070648215,0.07098900387268153,0,1069,0
5ACB4C39-0501-4B0F-B92D-F4D32196BFA8,5914,5,243.5,3,0.1851538721677376,73,4.505410889414948,439,23,377.0,42.6755986358935,240.8213,0.0,30.585403344197257,0.0,84.0,-13.750367154412018,0.14491037988226843,0,1069,0
22610DBA-9F12-4164-BCC2-BAF02CC3C38F,7017,4,201.0,1,0.05201653128117429,207,10.767421975203078,841,157,171.0,18.819682237915266,235.1959,0.0,4.882121146307797,0.26008265640587147,24.79924,3.1650303299088094,0.011714972931307821,0,1069,0
A212072B-32B4-49B4-ABBC-CF03C659F7E3,4011,8,97.71428571428571,5,0.45499875342807283,661,60.15083520319123,129,279,1188.0,302.5255968697757,934.24,0.0,154.3741315985798,0.0,537.4139999999999,-135.28838004878804,0.1502388972345252,0,1069,0
53FACE0D-C0E1-4009-91C9-CA879B3F48F0,12756,6,73.6,1,0.028613985575415495,60,1.7168391345249296,841,410,266.0,112.09699402187644,319.9,0.0,30.0411851917931,0.028613985575415495,148.2,-29.933490935379524,0.04736802211267744,0,1069,0
063B9AB9-5AC9-4600-862E-B3FDC77392F0,12756,11,88.0,1,0.028613985575415495,189,5.4080432737535284,694,41,887.0,233.63682558626655,558.0,0.0,111.84268165826767,0.0,367.0,-59.34847682083446,0.1397920067862305,0,1069,0
5976B219-558E-4D60-97C1-37CB026B0D81,5113,5,181.5,3,0.21415998435360845,426,30.4107177782124,107,31,357.0,40.48005293800048,140.0,-3.289,19.395483163057737,0.0,59.0,2.8886970619995154,-0.08031072651863365,0,1069,0
62F5BB0D-8F8B-4278-8C01-3DB60B53DEC9,12756,5,141.75,7,0.20029789902790845,2108,60.31828159297586,188,189,450.0,91.86866089431264,350.0,-10.07334,48.256901172633796,0.0,148.0,11.468144661242917,0.5290387359206786,0,1069,0
D00320B6-6D62-4359-BB2E-76E9F7739537,12756,4,181.0,5,0.14306992787707745,1744,49.90279084352462,232,209,199.0,61.23411222621921,239.6283,0.0,20.501204937039443,0.14306992787707745,87.0,3.1294680206943752,0.2394099866009461,0,1069,0
A98F3C84-3F34-48AE-9052-56A5E5934AC2,12756,14,68.23076923076923,3,0.08584195672624648,26,0.7439636249608028,322,89,887.0,278.8678677161462,576.0,0.0,81.4153736216985,0.0,370.0,3.978281975211871,1.6420135944993524,0,1069,0
A78A0D46-2591-45E4-A2FF-82E5246E3094,12756,6,156.2,0,0.0,0,0.0,-1,219,1044.0,17.965770553643797,521.246,-728.1993,76.47793359684039,0.0,0.0,195.4133207117883,4.976976799833553,0,1069,0
5E761A88-76FE-4198-8E85-039CE77EDEF9,4091,2,143.0,4,0.35688095820092886,575,51.30163774138352,244,605,452.0,207.4406890406304,435.8955,0.0,43.20865968361334,0.0,262.76646,13.142646013381949,0.3229692674505165,0,1069,0
DF88F395-7D5B-4E72-AB84-030D8C44E9C9,7609,6,18.4,0,0.0,0,0.0,-1,732,440.0,186.00369757661312,348.58,0.0,41.641174515120234,0.0,245.89,25.033094090053538,-0.4484737004570695,0,1069,0
CD471C9E-4DB6-4A0B-A7BC-EDB6084321E5,4314,9,91.25,2,0.16921650440426517,209,17.68312471024571,463,15,301.0,77.4706039349238,504.8663,0.0,18.27940421057991,0.4230412610106629,101.31544,-20.142499400571943,0.044893830267593686,0,1069,0
67283C11-F89A-4F7F-BAC7-026CCF896C40,12756,1,0.0,0,0.0,0,0.0,-1,745,188.0,29.26300910188841,78.2,-24.0,9.957870590097713,0.0,42.1,-2.3590276177834717,0.04221791209554763,0,1069,0
D28C46DC-BF3E-41DE-AD8D-98E577997D49,9893,6,127.0,2,0.07378954816536945,57,2.1030021227130296,376,107,489.0,75.8842271985867,1061.0,-112.125,43.69671605954384,0.036894774082684725,132.0,28.5846495212281,0.2991101161692621,0,1069,1
C82E945E-0D25-461E-915C-B4C89B4C6015,8927,9,89.125,2,0.08177439229304358,89,3.6389604570404392,25,22,739.0,166.4755250952663,409.0731,-2.6,72.1742720221071,0.0,252.38049999999998,19.23851811461023,-0.319226653496512,0,1069,1
D7226C0C-05E0-4A38-8ACE-0DF171DE1DF7,4375,2,174.0,5,0.41714285714285715,554,46.21942857142857,341,738,452.0,165.3379091373752,351.4146,-135.7022,61.07241871115585,0.0,246.94557999999998,-60.00691793752951,0.07062661577608374,0,1069,0
1DB4A099-6EE9-476A-8F02-F2CBF243200B,9531,4,264.3333333333333,2,0.07659217290945336,133,5.093379498478649,50,13,489.0,153.20702665820903,310.0,0.0,29.520798080256817,0.0,189.0,-2.5685554323988526,0.029555117862119257,0,1069,0
03043F46-6D02-4C93-8520-5A32BB0B8D14,2984,3,317.0,0,0.0,0,0.0,-1,97,1246.0,184.48721825053505,491.9,0.0,49.18153414551571,0.0,248.4,-10.623375657942432,0.006130535091037522,0,1069,0
B8553E8A-AEDB-4CAE-AE4A-3F3CFC08026D,12756,6,111.8,1,0.028613985575415495,92,2.6324866729382252,759,199,314.0,61.63230792248597,188.0,0.0,20.495250826737063,0.0,88.0,-5.554530144708195,0.09157634916056698,0,1069,0
580F42B9-F6B8-45AC-B957-36049DF0A63A,12756,5,150.75,3,0.08584195672624648,711,20.344543744120415,9,157,377.0,157.77661494517525,333.7983,-483.7,41.23963959834912,0.0,211.93829999999997,31.820999473406545,-0.03458194040683289,0,1069,0
1D49708A-644C-4562-9BDC-F363556740C4,912,7,85.16666666666667,17,6.803728070175438,1190,476.2609649122807,89,221,60.0,5.280545684648132,27.062,-5.72205e-05,5.846594044642843,0.0,12.473,1.5588485283148312,-0.004124044063517116,0,1014,0
A307702A-865B-442F-A6F3-D9CFDD7DE0E8,947,7,66.66666666666667,1,0.38542766631467795,11,4.239704329461458,632,490,887.0,117.03705560597034,527.9236,-4.22,73.62968403508764,0.0,211.6394,12.722731584924716,0.4575288362331074,0,1069,0
237A5DCE-58B2-45C6-BB33-140395E78921,7177,12,43.63636363636363,3,0.15257071199665598,58,2.949700431935349,358,304,472.0,156.55848656394127,534.313,0.0,42.64512631642734,0.25428451999442664,201.9653,-2.4179923108548564,0.26346416693633934,0,1069,0
0CA68153-851D-4968-A9DC-0C42009EFDE9,12756,11,72.2,0,0.0,0,0.0,-1,78,693.0,190.85295921009325,481.1312,0.0,87.71020821690094,0.0,309.88944,-42.55366126163645,0.26011822071413027,0,1069,0
B09F4E36-28B7-431A-90DE-64AB1C2A7F8A,12756,8,47.857142857142854,1,0.028613985575415495,164,4.6926936343681405,841,514,269.0,136.3764628204544,261.9,0.0,21.696782046643044,0.0,161.8,-17.44916343773835,0.4232785711998217,0,1069,0
09531D9B-5C40-4E4C-9FF9-8F254CE91CDE,12756,11,82.5,2,0.05722797115083099,434,12.418469739730323,115,10,800.0,321.6780996274435,790.2831,-3.236415,81.07341598338199,0.0,415.192,9.615734246013233,0.8456529893033783,0,1069,0
730975BB-1E09-4FC7-A169-C4AD051BA7C3,3377,5,139.0,7,0.7565886881847793,454,49.07018063369855,455,368,416.0,77.78947662993102,265.6706,0.0,40.25345832662302,0.0,132.53108,-14.539272755471131,-0.2984916460048951,0,1069,0
8D49D287-FE99-40A8-B5DA-B98817B8B295,12756,7,134.66666666666666,1,0.028613985575415495,98,2.8041705863907183,37,38,271.0,77.09546594859721,162.4763,0.0,15.149732582677728,0.0,92.39242399999999,6.49460771598612,0.020365428211738985,0,1069,0
3820730B-D446-4C90-947C-92FE4D813F7A,12756,7,115.16666666666667,3,0.08584195672624648,278,7.954687989965507,37,61,271.0,78.57203564998082,172.9087,0.0,13.842887012364875,0.0,93.00359,5.444412306330904,0.038708088796333875,0,1069,0
2FB42A0F-3126-4CA4-850B-AFED58E6F1BD,4536,4,239.66666666666666,4,0.3218694885361552,658,52.94753086419753,244,3,901.0,150.1041650443318,491.0889,-67.0,64.66477617250122,0.0,228.8818,17.775943536686697,0.257631738717592,0,1069,0
322348D6-CAA9-48CF-801B-69047E083E89,1053,3,132.0,1,0.3466286799620133,4,1.3865147198480532,154,722,452.0,82.48443001666591,293.8461,0.0,44.82086967654036,0.0,144.7487,10.565074349074834,0.21732156047949383,0,1069,0
9DED6C01-5F39-4D14-ACAD-AAB508EEB6BA,4371,3,118.0,2,0.16700983756577442,169530,14156.58888126287,46,721,887.0,148.03467727731626,356.5359,0.0,72.12241439052232,0.0,233.36936,-2.6911848822545323,0.41391915407811086,0,1069,0
BAC94273-4572-4578-8CA3-1DBFB8291294,12756,18,38.23529411764706,4,0.11445594230166198,184,5.2649733458764505,425,403,269.0,73.8565963662922,514.576,-74.02341,21.01407564669059,0.14306992787707745,100.32642,1.4375776630287902,0.17970660421033105,0,1069,0
1B963941-733C-4279-AA9A-F207BD0D1F18,12756,20,42.73684210526316,3,0.08584195672624648,47,1.3448573220445281,416,115,452.0,102.0418604190435,772.1361,0.0,44.29659609085229,0.028613985575415495,153.1128,1.0731184459256298,0.045405653773461195,0,1069,0
1A17FB4A-5F58-4C7D-BF39-6C6911CEFE88,4396,8,92.85714285714286,1,0.08303002729754322,60,4.981801637852594,71,65,800.0,310.25064102884664,645.9803,0.0,84.13202187042339,0.0,416.9873,-2.3827994165781092,0.15405323933224382,0,1069,0
6BCF5FA9-D936-49A4-956D-17D01F084F47,5568,5,177.0,0,0.0,0,0.0,-1,7,511.0,165.81649121180664,436.402,-184.722,36.65485547680758,0.0,212.02233999999999,4.171413347846169,0.32348749595399495,0,1069,0
1774AC61-DAD0-4225-B1C7-8C3D76A609E5,1931,2,1.0,2,0.37804246504401867,220,41.58467115484205,737,717,602.0,49.91632404565561,179.693,-2.464044,11.106933289225168,0.0,60.999258,0.23727900064069019,-0.13701717536692634,0,1069,0
1C3CBB2F-4D26-49E4-B33F-736EB1D4587E,12756,11,86.4,0,0.0,0,0.0,-1,13,578.0,73.13173891626715,185.9955,0.0,28.526208778885646,0.0,107.7974,4.5050459618192775,-0.09123600951200543,0,1069,0
531FCD46-83A5-4F94-B5DF-71B7B1C992D4,6745,7,76.33333333333333,3,0.16234247590808004,37,2.0022238695329873,29,495,223.0,32.19243424983315,145.3582,0.0,16.841041750261795,0.0,54.30578,-11.540914191839317,-0.03571123363456928,0,1069,0
3155C5B4-C6ED-4649-9E4C-8FF87F25F000,10131,6,122.0,1,0.03602803277070378,291,10.4841575362748,907,94,1270.0,312.18228944749455,691.16,0.0,107.99993435045205,0.0,443.92,31.75913339201162,-1.0639916084751282,0,1069,0
F62BD0CA-53E7-4460-BB66-910DBE0F2DDE,3817,1,0.0,0,0.0,0,0.0,-1,700,630.0,168.69830934058427,310.0,0.0,33.13290439614461,0.0,212.0,-7.299698229473165,0.15345950345935683,0,1069,0
E2C1F887-0A50-491D-B7A1-BEDC33CE0F2B,3369,5,201.75,1,0.10834075393291778,359,38.894330661917486,841,157,301.0,67.74816902296735,246.8191,0.0,43.81475699564873,0.0,137.73899999999998,8.400074143776479,0.1597124854584139,0,1069,0
9224BD01-549B-44D0-A062-5E612F54A67D,12756,5,0.0,5,0.14306992787707745,762,21.803857008466604,435,688,100.0,14.306448239567546,77.39868,0.0,11.938851945828217,0.0,28.49731,10.251803672315171,0.06435546226429568,0,1069,0
7084F0EA-F33F-446D-BA3E-7209E8CA9A41,12756,4,46.0,3,0.08584195672624648,228,6.523988711194733,18,690,314.0,50.231525366396276,173.0,-46.0,26.05954518644265,0.0,85.0,-13.746648823186398,0.41341340723361414,0,1069,0
5859D661-EAE9-4855-8537-DF33D4EC934C,2452,3,116.0,1,0.14885807504078302,434,64.60440456769983,841,689,301.0,30.690188170042347,146.5724,0.0,21.070415114003623,0.0,61.05429999999999,7.1764379583527145,-0.03793677907118573,0,1069,0
53BA14D9-3C5C-4616-AB93-017E1C32B497,5308,2,292.0,2,0.1375282592313489,346,23.79238884702336,95,396,274.0,111.63088464663335,206.25,0.0,28.135233539504622,0.0,148.75,-13.118347064071614,0.09475149341759297,0,1069,0
0FEAB975-926F-4BBC-98D3-89BE8924FB20,12756,4,207.33333333333334,12,0.3433678269049859,737,21.088507369081217,109,138,376.0,132.4779212208221,430.916,0.02126971,44.272081953944095,0.08584195672624648,194.25593999999998,-9.493672413723345,-0.057562113190822946,0,1069,0
7D8B619B-1A1F-4C8B-B1DB-74F8055D6D1A,3671,2,356.0,3,0.2982838463633887,41,4.076545900299646,4,325,150.0,20.856712972997585,539.1084,0.0,8.400179258399033,0.49713974393898125,31.0,-2.4997685285531404,0.001928793220909926,0,1069,0
5A4968D3-4F8F-4884-B729-C3F532CB9B58,4334,4,172.66666666666666,4,0.3368712505768343,380,32.00276880479926,287,402,301.0,14.829746054807481,40.37077,0.02820016,3.2913478892161825,0.0,18.62343,-0.7690257288043973,0.003694627431642579,0,1069,0
7E1FF200-9640-48B3-9D6A-480E4A296740,4901,6,22.2,3,0.22342379106304835,264,19.661293613548256,399,563,251.0,96.94153320676588,152.9352,0.0,13.695759527853067,0.0,113.37008,1.2275041080489189,0.10446185968880518,0,1069,0
DBC62C1B-1683-4972-ABF7-FAD2EBCF66FF,12756,15,56.92857142857143,4,0.11445594230166198,60,1.7168391345249296,738,153,461.0,131.48304965528828,319.4197,0.0,71.60878650810953,0.0,197.916,24.169054044557413,0.24911208440612137,0,1069,0
90294E09-1B40-4D4B-B3A1-2C9C8ABAD9B4,1039,5,88.5,9,3.161693936477382,2696,947.1029836381135,825,606,416.0,40.633354565151215,101.192,-22.17479,10.491095430167988,0.0,50.527739999999994,9.91060813160805,0.13213622468761915,0,1069,0
C33CE1CE-EF0C-4763-853D-5ADE9D22023B,4277,3,223.0,1,0.08534019172317045,236,20.140285246668228,415,222,602.0,177.63707273159565,286.2,0.0,34.75764887113144,0.0,216.1,-4.2500048303610924,-0.3669631253060081,0,1069,1
D3CE6410-E249-437E-87CD-BAB7A359B7FB,4283,2,35.0,0,0.0,0,0.0,-1,632,452.0,112.66139948870399,291.0,0.0,43.384766401075176,0.0,171.0,18.844850511296002,-0.20395950803267343,0,1069,0
96C29E72-3A47-42C9-ADA7-07FF12C18ECF,8419,4,76.66666666666667,1,0.04335431761491864,36,1.560755434137071,845,515,126.0,40.859233576665126,81.0,0.0,12.123179803463136,0.0,56.0,2.6761213616836343,0.10918812565350687,0,1069,0
C04FEE63-ADE6-4FDF-A858-A00078197C51,1655,6,105.8,0,0.0,0,0.0,-1,431,678.0,49.5655404450747,539.4024,-37.2,27.581112084944742,0.0,86.0,-5.33946019816112,0.19826487495023437,0,1069,0
335C0ACD-5064-49CF-874F-A665F861F7AE,12756,5,116.75,3,0.08584195672624648,57,1.6309971777986831,107,495,225.999,28.87263223483364,799.9007,-4.882813e-05,28.164847288431005,0.05722797115083099,62.724416,20.236373109924674,-0.09744360892367254,0,1069,1
2AD2958A-9832-4E44-8829-835B86560F81,8310,11,101.3,1,0.043922984356197355,272,11.94705174488568,841,18,901.0,194.34456900817685,386.5273,-13.38,46.40299431055562,0.0,250.00546,-9.028128217281761,-0.08204598486171184,0,1069,0
0F8EA3F7-DE6F-424F-9B2C-73F34BCA6330,4801,6,95.2,1,0.0760258279525099,65,4.941678816913143,335,182,473.0,100.65641622482141,366.7786,0.06575783,53.05738654247067,0.0,174.15991999999997,-54.39868665151894,0.4480890188174603,0,1069,0
51292C18-31ED-4D63-B6FF-52F12960B6B0,2770,7,48.666666666666664,3,0.3953068592057762,522,68.78339350180505,6,366,1247.0,318.8810621586254,787.2072,0.0,188.16069354863237,0.0,581.4216,-47.688278961711774,-2.1081836471982194,0,1069,0
77654BD6-E4C2-41AB-9495-B1ECCFD1C628,12756,11,63.4,0,0.0,0,0.0,-1,78,99.9995,7.908791714456797,79.30042,0.0,13.423611014783091,0.0,28.978609999999982,11.019380311955238,0.007367040573435521,0,1069,0
BAAF667E-703D-4EB8-9EF0-B8B82B90AF23,8375,4,263.0,3,0.1307462686567164,1394,60.75343283582089,240,44,251.0,73.07599697515727,177.4,-16.266,23.256029215930308,0.0,101.4,-30.568165185033813,-1.3590706271465698,0,1069,0
5C0A84A2-ACFF-44F6-BD8A-DDA8476E0243,12756,10,67.55555555555556,2,0.05722797115083099,52,1.4879272499216056,432,434,269.0,79.42621085702577,1013.519,0.0,22.310637021913312,0.028613985575415495,107.85625999999999,1.2387146846408967,0.19580535130301668,0,1069,0
5DA4F020-A8EF-4993-9B53-FD9AD31CC80A,12756,4,338.6666666666667,4,0.11445594230166198,2132,61.00501724678583,434,3,267.0,80.35860280106944,203.88,0.0,31.396752557460456,0.0,124.42,8.272681921152795,0.06926040309037565,0,1069,0
312981FC-E0DB-4FC9-A22D-3FBF3758377C,10211,12,47.27272727272727,2,0.0714915287435119,107,3.8247967877778866,237,119,235.999,56.20876274959506,129.5776,-28.72266,14.093187102181085,0.0,72.81494,-14.259554177835803,0.004734115638950614,0,1069,0
494789BE-7AEF-49FA-A3F8-C72011A46C07,4732,6,93.0,0,0.0,0,0.0,-1,173,693.0,108.19356991367813,211.3531,0.0,21.04321189500906,0.0,132.18722,11.859998868729278,0.39083161599616095,0,1069,0
578C8533-3CBE-4331-9D4F-38BD6E87928C,3441,2,607.0,2,0.21214763150247024,184,19.517582098227262,369,33,452.0,114.76083864215592,302.2222,0.0,81.91647101153453,0.0,229.64339999999999,3.9736440006681732,-1.1910623218875884,0,1069,0
C77DC20A-45BB-45CF-91B7-EB9F38FCAB26,3010,8,72.0,2,0.2425249169435216,587,71.18106312292359,646,430,415.0,77.31844979215624,341.644,0.0,40.32272268057052,0.0,131.90304,-14.560644972017357,-0.29690071036686494,0,1069,0
9AB321E0-E4A3-48F6-BB81-9B07AB1BDF9F,4205,2,277.0,3,0.26040428061831156,202,17.533888228299645,369,640,452.0,114.90055842597332,302.0185,0.0,81.6834936815931,0.0,229.55146,4.276295246711868,-1.1856911739926113,0,1069,0
6182B77A-39DC-4FFA-B4DE-4C269400AF62,5603,3,217.0,1,0.06514367303230412,7,0.4560057112261289,784,241,314.0,53.312366622369524,195.0,0.0,19.017906797988264,0.0,78.0,1.1437290566428189,0.03213296794752451,0,1069,0
2FFCC62F-4FEF-4B9C-ACB6-A1EFCDD68B58,12756,16,37.266666666666666,2,0.05722797115083099,63,1.8026810912511761,302,80,235.999,60.7386342808355,399.9634,0.0,15.340639715023658,0.028613985575415495,78.79639,-17.491835209847842,0.0288263090447434,0,1069,0
BF27730A-1062-44DA-AFBF-F53BDC915EC3,12756,4,83.66666666666667,1,0.028613985575415495,15,0.4292097836312324,363,381,261.0,60.695149210802256,282.5585,0.0,22.63996907246883,0.11445594230166198,89.5,-0.3381816170522498,-0.1653130187272853,0,1069,0
1E07BAE7-73EA-46CE-B7A9-E0370849DB47,1099,10,107.33333333333333,3,0.9963603275705186,129,42.8434940855323,787,44,887.0,182.93419511374063,493.3319,0.0,77.53402604818746,0.0,274.8474199999999,-19.878910527320897,0.23655103754449147,0,1069,0
DD39BD46-C53B-4406-ADFC-44C9D5A4EEFA,947,11,63.6,5,1.9271383315733897,8207,3163.204857444562,127,251,887.0,115.00322766428147,381.1188,-0.46,73.37846692560485,0.0,210.2264199999999,14.791536321829653,0.4568720916468949,0,1069,0
CC375D16-BB36-44E5-AEA2-38D64FFB1798,12756,6,102.6,6,0.17168391345249295,5615,160.667529005958,10,113,1370.0,316.98375288661066,826.61,-361.73,121.35168887429147,0.0,484.294,-56.90031847303038,0.16388862308079927,0,1069,0
E57197DC-6EA9-4F3C-B3EB-4ED92D17A6C6,1053,7,160.16666666666666,0,0.0,0,0.0,-1,21,452.0,85.67322485679158,248.4846,0.0,39.90895522826165,0.0,143.42977999999997,5.31980145416523,0.17075978456237126,0,1069,0
FB435CCC-49EC-4293-9E12-8848430AB34B,3791,3,245.0,6,0.5776839883935636,1078,103.79055658137693,52,399,301.0,77.12626670573626,208.2538,0.0,25.230627115039898,0.0,102.94679999999998,44.03384371196282,0.30749353422256215,0,1069,0
049F4E33-511A-40DA-AEE8-FA4368601894,12756,9,25.25,3,0.08584195672624648,47,1.3448573220445281,197,461,470.0,160.0634467602809,1008.07,0.0,53.86241202761208,0.17168391345249295,212.34315999999995,-7.090278615990798,0.13927954344658292,0,1069,0
552652D8-4570-4DA8-A1B0-E419BC77A04B,8586,7,131.83333333333334,0,0.0,0,0.0,-1,232,472.0,139.95944800074156,471.0,0.0,31.045122624189815,0.0,176.4679,0.17220565820906586,0.13904330519415675,0,1069,0
68AA5796-52C8-484F-9DCB-DB5E8835BEF9,7005,12,65.0,1,0.05210563882940756,434,22.61384725196288,133,21,452.0,110.92304143091793,245.2874,0.0,24.405456613146036,0.0,139.06986,-1.7499381550558581,0.20981152417666193,0,1069,0
796651F4-2341-4804-915D-A592B87EC674,12756,8,76.71428571428571,0,0.0,0,0.0,-1,81,472.0,155.69937870085323,732.7881,0.0,69.43440726295894,0.14306992787707745,216.0645,-26.276370304148003,2.1949703061506676,0,1069,0
1610F0BE-08DA-4EA2-A731-A68E5D89F150,12756,10,82.55555555555556,10,0.2861398557541549,2551,72.99427720288492,152,198,259.0,78.36618592127489,214.3982,-15.06,26.479793777042794,0.0,105.02838,46.38748691823129,0.32118088994972616,0,1069,0
DCB8F634-92D6-4E91-A14F-1E1BA289F0F2,2842,3,45.5,1,0.12843068261787474,375,48.16150598170302,841,528,151.0,11.055408888210918,29.4,-11.20524,4.114113707110213,0.0,15.68,1.4896497537643913,-0.013090351803847277,0,1069,0
6796302D-5EE7-4A4A-8EF0-46CFBEB168EB,12756,8,31.428571428571427,0,0.0,0,0.0,-1,466,259.0,95.90133743586357,2029.0,0.0,29.048537458688052,0.14306992787707745,127.0,-5.587039596357414,-0.12324417623584244,0,1069,0
E589611A-9F2F-43DD-B486-B63BD2FCA1F3,12756,1,0.0,1,0.028613985575415495,129,3.691204139228599,841,619,141.0,28.106404867602958,125.9,0.0,14.717499312082575,0.0,48.7,5.475122915035929,0.11096718620728892,0,1069,0
E1CFEB9D-B220-4FC7-9D44-E63904BCEF82,5477,4,180.0,7,0.46649625707504105,351,23.391455176191347,31,350,395.0,174.14133689707444,361.9185,0.01429563,37.339513385164764,0.0,222.20862,-9.631354178119977,0.09215190087904489,0,1069,1
6DED620A-7A47-4EDC-96E1-CF9E74554308,629,11,32.3,6,3.481717011128776,29795,17289.62639109698,317,289,678.0,124.08320719016083,382.0,0.0,88.80316029872245,0.0,238.0,3.631221822184841,0.10574710869642868,0,735,0
94C39812-BC1C-485D-A316-AEDD8B235507,7985,6,159.2,0,0.0,0,0.0,-1,165,489.0,107.66503466990183,254.0,0.0,26.640019310733138,0.0,142.0,8.473854218987057,-0.1445308748680713,0,1069,0
97CB5650-DC04-4E1A-8A96-782066AEADFA,12756,13,73.58333333333333,10,0.2861398557541549,1634,46.755252430228914,403,6,218.999,37.56652659054279,173.0347,0.0,39.84126748052729,0.0,81.255488,18.89577519577061,0.10024646302353017,0,1069,0
5B376294-316F-478F-8235-507F0B951C67,3426,6,102.2,2,0.2130764740221833,28,2.983070636310566,566,106,490.0,122.48217799467238,270.8837,-103.9867,31.38062647106786,0.0,160.283,-3.032258542511883,0.08471448663175246,0,1069,0
FBEDE38E-E6F2-4587-9B05-3A116BFA9A28,3512,5,144.0,2,0.20785876993166286,561,58.30438496583143,633,36,452.0,116.71097717706782,249.8689,0.009360424,20.159569513297207,0.0,141.33812,8.232560243123075,-0.15019443196281274,0,1069,0
739D0037-CFA2-4D01-9B9C-F24DA571991E,5482,12,84.36363636363636,1,0.0665815395840934,38,2.530098504195549,845,32,261.0,30.15870874862581,235.4852,0.0,13.846131111592427,0.0,48.0,-8.367042081959141,0.08498631518292715,0,1069,0
3697A454-05B7-4A7F-9EFD-A7C6EC7A63BF,8465,6,89.2,4,0.1724748966331955,576,24.836385115180153,302,601,266.0,76.85734662724505,223.5,-2.492714,28.12590539168088,0.0,115.2,-1.9640055777851728,0.11701439477952412,0,1069,0
8B3CBC04-0E04-4D93-B8EC-53C1D5B36F6A,2656,2,0.0,0,0.0,0,0.0,-1,598,347.0,21.15896629321004,122.5566,0.0,12.002681029472996,0.0,38.42054,0.9414917918208268,-0.07410286936924265,0,1069,0
48530EFB-01FE-4AF6-AE0A-8AF27F3F3003,9136,9,107.25,2,0.07990367775831875,44,1.7578809106830124,536,45,261.0,104.83758992636295,378.6778,0.0,48.30648784089536,0.19975919439579687,165.9,20.264477974871625,0.2316321859579206,0,1069,0
161BB03E-9934-47A2-AF1E-6D2E5420371A,12756,39,22.13157894736842,0,0.0,0,0.0,-1,33,1083.0,211.0722719103814,915.5884,0.0,107.16051696902254,0.0,349.1821,-39.21051997231811,-0.44470789851245984,0,1069,0
575F6BD7-B6D0-4D7D-88A1-ADE8E25DCCE1,5224,5,129.75,0,0.0,0,0.0,-1,425,400.0,91.87110178628348,282.4227,0.0,47.49051205648004,0.0,157.0,-20.33792277393779,0.4368261056462806,0,1069,0
3D02237E-52DC-48D0-A424-F9146A2FE717,12756,3,66.0,2,0.05722797115083099,217,6.209234869865162,327,508,98.0,36.037443180052946,95.8,0.0,17.829460275336753,0.0,56.5,0.7371170140056975,-0.0334188320329702,0,1069,0
AEBAED0D-838D-4DFE-A656-A2B31FD07529,5381,4,95.0,2,0.13566251626091805,67,4.544694294740754,71,587,511.0,53.30379689306667,218.0,0.02005204,25.058765747371652,0.0,86.48734,6.2273281131679,-0.12891244455849044,0,1069,0
38FBACB2-837D-4E4E-8D03-B5E91A48F188,12756,9,64.75,3,0.08584195672624648,764,21.861084979617438,398,258,803.0,208.27300511666786,532.1503,0.0,63.33648254949523,0.0,283.93101999999976,-5.609985382871571,0.04349086122124503,0,1069,0
CE80BE38-EA62-41E0-9A23-B701BB719304,2855,3,87.5,1,0.12784588441331,19,2.4290718038528896,468,409,301.0,40.228104258299446,93.741,0.0,17.79983436634722,0.0,61.75012,2.1871504004968543,0.163198643505794,0,1069,0
AAE94654-1BF0-4685-9517-9455367E1819,3046,7,82.83333333333333,3,0.35948785292186475,598,71.65791201575837,56,85,1246.0,284.94389998705304,692.8052,0.0,156.8295114185915,0.0,509.10143999999997,-44.912624454506755,-1.0665070855434744,0,1069,0
3FF158E7-DC5F-4CD0-9142-09E24B0EF3EC,8220,6,39.2,0,0.0,0,0.0,-1,584,753.0,198.6791352338236,420.0439,0.0,58.0727879590941,0.0,274.585,-22.487467778576672,0.934015975562697,0,1069,0
0B6F7610-23BE-4C8A-BE40-A7682629EE32,12756,3,238.5,5,0.14306992787707745,20629,590.2779084352462,246,106,538.0,65.30658748671347,212.6221,0.0,36.72869312866351,0.0,108.5815,-55.350756026836926,-0.5454317487435926,0,1069,0
1DE88476-8617-4FC9-91B8-E785414FA395,1818,3,206.5,5,1.0038503850385039,8201,1646.515401540154,463,170,301.0,75.77198467377772,166.053,0.02312617,18.160858252913684,0.0,98.927894,-19.273446040290075,0.04857638560596728,0,1069,0
83B9B9D3-05E8-471E-8652-A76652FF0CB2,12756,4,242.33333333333334,6,0.17168391345249295,357,10.215192850423332,512,108,450.0,131.45409362050907,386.91,-0.59,37.9877274509879,0.0,181.73,-14.521901490879443,0.3050952626752191,0,1069,0
9D8FC919-9213-48A4-8913-B26BF7EDE3C4,4146,2,474.0,0,0.0,0,0.0,-1,107,452.0,145.43435456426002,352.0,0.0,33.752362469031056,0.0,186.0,-11.074555181543957,-0.020656356751993534,0,1069,0
CFED983A-90E5-4DE8-B1A4-0A7C82262203,4575,8,113.0,2,0.15956284153005462,195,15.557377049180326,458,66,803.0,247.78438278747387,489.8071,0.0,70.96576799716537,0.0,323.3643,-19.69769906062203,0.06872850089495375,0,1069,1
1396E67C-1FD6-42AD-8CDA-88D91DA2D0CD,4147,3,0.5,1,0.08801543284301905,102,8.977574149987943,829,573,452.0,145.24715552108609,352.0,-22.91559,64.71694284273718,0.0,229.0,-16.70355984207373,-0.05931076310302194,0,1069,0
14AB8259-78C6-428F-9729-CBCC512979E2,10280,5,58.0,4,0.14202334630350194,244,8.66342412451362,420,574,489.0,90.9666043896929,657.2795,0.0101646,53.181706464064824,0.17752918287937744,163.65368,27.778793962405857,-0.1102891380891171,0,1069,0
94CC3F23-A1B2-4EBF-9B32-31E8D31D6B51,12756,8,74.71428571428571,5,0.14306992787707745,4305,123.1832079021637,360,51,99.9995,10.896626551015112,86.06876,0.0,15.58797250036138,0.0,34.83287399999999,7.927630010975628,0.005750046409277977,0,1069,0
3C4021F2-DC7A-43D1-98C1-F6F0A981C668,3482,3,0.5,0,0.0,0,0.0,-1,572,452.0,46.58324237121651,497.0,-49.3,14.002108342426995,0.5241240666283745,64.0,6.62339343125263,-0.12561210117395796,0,1069,0
6F8C19AE-D47E-4D76-99B1-E45A0540A6E4,12756,5,108.0,1,0.028613985575415495,168,4.8071495766698025,841,542,88.0,15.676471333985242,232.1056,0.0,17.010291104987562,0.08584195672624648,39.41053,-15.641564033985242,-3.3648296792540056e-17,0,1069,0
F1B37FA2-DFDC-4280-8A70-0E6B55E811E4,2834,3,335.5,2,0.2575864502470007,88,11.33380381086803,75,376,452.0,70.55373909436858,260.5839,0.0,40.97515116345514,0.0,127.38022,-8.49222116998586,0.07855443100194208,0,1069,0
C9567B67-6E01-40B4-8643-87BA3D0335EE,7269,2,0.0,1,0.05021323428256982,294,14.762690879075526,841,563,134.0,18.000947277739108,113.0878,0.0,6.387743983198913,0.0,25.99718,2.1467702592207694,-0.034156043137891605,0,1069,0
3DF520E4-7689-4A2E-85B9-A5CE7C2FFE86,8761,14,70.38461538461539,0,0.0,0,0.0,-1,21,301.0,23.13101978392215,223.0312,0.0,31.624042204329516,0.0,71.00017199999999,42.93253210512106,0.01602223394479925,0,1069,0
E5A62A8B-D42F-44E2-817F-5ECBCC83891F,9300,9,98.25,4,0.15698924731182795,495,19.427419354838708,229,203,251.0,93.03770708990615,200.9,0.0,32.32259740763519,0.0,132.7,-7.8956436701530635,-0.026358022777243743,0,1069,0
688156CA-06E3-4EFE-821B-569593790822,10292,10,105.0,2,0.07092887679751263,43,1.5249708511465216,84,13,407.0,140.29980106929818,316.0,-44.33382,45.68574101623735,0.0,197.0,-43.057825760656215,-0.9315756860702028,0,1069,0
B09C6D2B-450D-45BD-B2B7-ECA2AEA3587E,563,21,37.2,2,1.2966252220248669,36,23.339253996447603,966,289,678.0,152.9961672965712,392.0,0.0,79.56565165412958,0.0,250.0,-25.23335865459589,0.10732783654120037,0,1069,0
B3276020-5E5D-4551-8248-24160FE39953,5089,8,116.71428571428571,0,0.0,0,0.0,-1,190,870.0,204.6371560511037,437.7909,0.01352869,49.080944137367496,0.0,264.00975999999997,7.966921093958007,0.24003432493932284,0,1069,0
A247B87E-89B6-40DB-A582-6C1219A43347,8310,11,98.8,2,0.08784596871239471,180,7.906137184115524,18,55,901.0,194.68507250126785,388.9512,-10.58407,45.34222315342666,0.0,249.81343999999999,-10.261794817517853,0.07091327871316083,0,1069,0
49CDD374-7817-4DD6-87E1-29355F56E953,12756,6,142.2,4,0.11445594230166198,339,9.700141110065852,355,88,107.0,31.521208504231524,207.9075,0.0,9.315878533033203,0.08584195672624648,41.1,3.2975414957684777,0.17589000471020355,0,1069,0
5EC41322-BCC3-4C82-8C54-BB599A1CA006,7269,2,1.0,1,0.05021323428256982,304,15.264823221901224,841,556,134.0,18.77782558694309,84.49085,0.0,5.8164194264567515,0.0,25.99718,2.1138004945383884,-0.033278737465437434,0,1069,0
D27247AC-2C6B-4730-8EA1-90FD66830349,7535,4,100.0,2,0.09688122096881222,17,0.8234903782349038,2,256,490.0,67.86545974482686,237.5486,0.0,35.66636226214585,0.0,116.7212,-2.9529409899657537,0.2881154053152484,0,1069,0
FA5ED7C3-6B48-41CC-BEA7-70D7D89AE087,8739,7,136.16666666666666,7,0.2923675477743449,92,3.8425449136056757,541,108,653.0,86.58223115280985,288.7369,0.0,44.49792543413949,0.0,150.30375999999998,21.07608211107903,0.12845928443372984,0,1069,0
C6ED89AF-04D8-447D-8FDB-B2A1CA3FA0B6,6430,8,40.42857142857143,1,0.0567651632970451,93,5.2791601866251945,393,552,485.0,74.24943853002503,330.8474,-185.95,57.34075025047682,0.0,167.95922,1.8998218347897904,0.2157794524629744,0,1069,0
36F1BEA9-9279-4C2D-9BED-A1673776F56D,4749,9,90.25,2,0.15371657190987575,21,1.6140240050536954,393,189,225.999,36.956944891456935,110.5957,0.0,15.260260724413731,0.0,56.63452,2.001931025364051,0.2214637946708963,0,1069,1
DB5E61BA-B974-4894-B987-F981DD5A8187,5294,3,227.0,2,0.13789195315451455,199,13.720249338874197,463,97,301.0,76.54141969861116,222.2603,0.03056435,18.237322816569378,0.0,100.29379999999999,-19.965162038117334,0.050194503621793764,0,1069,0
0D0C57C6-4E07-41E5-B24F-238D824A940C,8186,12,82.0909090909091,4,0.17835328609821646,326,14.53579281700464,798,16,739.0,205.42189600098106,600.0,0.0,108.26942036516246,0.0,339.8438,20.178235671398568,-2.006847998679743,0,1069,0
1D9ED9B6-C222-46DE-B61F-13738452DF11,2459,14,36.69230769230769,3,0.4453029686864579,387,57.44408296055307,89,79,623.0,175.35774466105497,375.2777,0.0,36.80893675160688,0.0,220.0926,27.149337831228962,0.45471948789385336,0,1069,0
430868C8-CCC6-4943-AA95-91E0B2DDBA06,12756,20,45.73684210526316,3,0.08584195672624648,38,1.0873314518657888,87,88,470.0,93.41063099338372,584.5,0.0,75.96680427702098,0.14306992787707745,206.3599,-59.092225457889896,0.013823551889443841,0,1069,0
EF701F11-B8AF-4832-8DBD-ABB7EABEAC74,12756,13,69.08333333333333,3,0.08584195672624648,103,2.9472405142677958,261,143,126.0,38.281280940766415,96.96001,0.0,16.03568916559749,0.0,59.6,-2.8048523850565346,-0.02362859665680171,0,1069,0
003F13BB-8478-4AFF-8754-26F032F8718A,12756,9,110.25,0,0.0,0,0.0,-1,106,489.0,51.800770196517206,227.0,0.0,24.492902286053955,0.0,85.0,0.7772390627420549,0.015534096573372146,0,1069,0
9ADF1D5F-5918-4C45-9473-FE6880E5EA89,12756,2,1.0,2,0.05722797115083099,233,6.66705863907181,262,546,788.0,224.66458024530502,435.63,0.0,79.01456447528905,0.0,306.31399999999996,-40.722644288514886,4.012114062435688,0,1069,0
56029DF6-E1ED-42ED-97A6-FBFBC73376C3,12756,13,15.75,1,0.028613985575415495,29,0.8298055816870493,643,473,470.0,165.7317268241233,960.56,0.0,45.26019625509345,0.17168391345249295,212.6791,-12.94600681795049,0.13808450182221457,0,1069,0
9A79782A-BB1D-48A4-BEDA-3A1D87A148CC,12756,8,90.0,2,0.05722797115083099,68,1.9457510191282534,246,208,138.0,32.10863755000228,522.5793,0.0,12.68937793087688,0.20029789902790845,48.405702,-4.47111488663808,-0.0004439730944645317,0,1069,0
E4C6B277-46F2-497F-9115-2465A88659BF,12756,2,3.0,2,0.05722797115083099,43,1.2304013797428661,562,541,792.0,226.5915122262192,444.45,0.02,57.52062272629444,0.0,306.55,-38.35547596078709,0.3300011015304273,0,1069,0
5540E277-052D-4923-BB5E-0376C62450BB,1745,5,68.0,23,4.810888252148997,298,62.3323782234957,193,268,361.0,63.00070965034405,342.4075,-2.0,38.653667113427645,0.0,115.80318,-17.103409857072442,-0.3314314293456675,0,1069,0
3915581C-6D6F-45E7-B556-603E272C0F03,1742,4,113.66666666666667,2,0.4190585533869116,127,26.610218140068888,357,199,472.0,44.04897871053231,241.9371,-16.59344,27.917303940671726,0.0,84.03282599999999,5.574816172183738,-0.042288585306649265,0,1069,0
9F1817D7-7F29-400E-AB9A-FF78AABC7B87,7517,2,267.0,7,0.33989623520021284,483,23.452840228814686,272,540,263.0,104.58328660547595,205.8,0.0,21.178679634190257,0.0,128.9,-3.392460988191985,0.04793936036904341,0,1069,1
667BD908-B879-45F1-BD32-7F82F4C5E358,3074,17,55.625,3,0.356213402732596,411,48.80123617436565,113,110,1180.0,145.672116074855,1595.849,0.0,48.29884130167732,0.11873780091086533,201.7853,28.367463327984495,0.20136273699389118,0,1069,0
AA5E904A-D9F8-42BD-BC30-63242884D129,12756,4,86.0,2,0.05722797115083099,483,13.820555032925682,248,538,138.0,15.066353029754046,48.3,0.0,3.333918936880867,0.0,19.4,1.7324047045052122,-0.002144257432804371,0,1069,0
248B4DB8-9DFB-404F-A2A9-CCD9F6648EE7,12756,6,80.4,2,0.05722797115083099,1764,50.47507055503293,136,137,811.0,413.01447923090944,608.3342,-33.22943,39.05561554434702,0.0,452.351,19.50849252834979,0.2837404338551394,0,1069,0
1C7EBA1D-ADC4-41C3-83DD-A089F8D8D9BB,12756,4,161.66666666666666,2,0.05722797115083099,449,12.847679523361556,582,108,250.0,52.89992075341352,297.55,0.0,25.999606133528264,0.14306992787707745,83.69141,-8.567050383043146,0.1123343988512143,0,1069,0
32369048-1F6A-4C9F-ABFB-7778EDF9E872,12756,31,22.4,4,0.11445594230166198,69,1.974365004703669,39,355,788.0,306.895048430009,609.91,0.0,107.87520526157694,0.0,446.49,-71.61227913988552,-0.7391908757599598,0,1069,0
54239F60-1E94-4327-BE4F-348C634509D3,12756,1,0.0,2,0.05722797115083099,2380,68.10128566948887,25,530,920.0,101.61602110852354,377.3804,0.0,39.365101206523214,0.0,149.9634,-8.899538516702577,0.023333748115249648,0,1069,0
B8847579-5A5D-429D-B6F7-1810F2A7800E,4116,8,71.85714285714286,1,0.08867832847424684,236,20.928085519922256,841,530,269.0,128.91568885101515,216.9,0.0,21.799033634200725,0.0,155.2,-19.611661073237357,0.4741424524288837,0,1069,0
64883052-ADC7-4180-929D-CA9A2E68CB69,6498,9,105.625,1,0.05617112957833179,286,16.064943059402893,719,96,399.0,89.81774954933096,273.0,0.0,49.191809890184345,0.0,157.0,-18.848305104886506,0.4549931861729119,0,1069,0
9A68001A-05D9-4FBC-AD45-F66F2745BF7F,12756,4,148.66666666666666,2,0.05722797115083099,938,26.839918469739732,773,528,88.0,28.978362215563564,233.8802,0.0,8.565348451681114,0.08584195672624648,40.29899,-1.9284977681870217,0.0486488669348513,0,1069,0
13AF42D5-1028-473A-83DD-5333B7836BC2,1726,2,1.0,1,0.21147161066048667,386,81.62804171494786,841,524,831.0,37.92723090934318,162.9753,0.0,22.370598151894697,0.0,67.12426199999999,-1.437018338124041,-0.09771779428700007,0,1069,0
41B39B6C-F9EB-4721-BDE0-27D99E2380C1,5324,2,0.0,1,0.06855747558226898,6,0.4113448534936138,753,523,188.0,34.941724789063734,90.38031,0.01011564,7.912814281407865,0.0,44.150286,4.089567115257253,-0.052611484059228365,0,1069,0
60A33438-5964-424A-9A3C-B4A4D69048E0,12756,8,86.57142857142857,5,0.14306992787707745,1614,46.182972718720606,362,122,346.0,122.02862292115243,342.0,0.0,74.46381643735428,0.0,228.0,-28.18788218041169,-1.3313677271543796,0,1069,1
ECE0CACE-DDBE-44BE-96A1-41C159DA9FBD,1529,3,199.0,6,1.432308698495749,594,141.79856115107916,37,521,453.0,118.97570822793655,437.57,0.0,24.49013027892227,0.0,149.4003,7.483291310798037,0.050570571114627184,0,1069,0
258F7945-6FCA-4CA5-801A-C4E5D9B05288,12756,9,118.0,1,0.028613985575415495,11,0.3147538413295704,716,19,377.0,126.64377531494142,281.9916,0.0,31.97926864605118,0.0,167.2668,-8.327674817256238,-0.20991092418657883,0,1069,0
62E7B5B8-FA81-4B52-8CB2-EE7D19382A7F,12756,12,84.9090909090909,9,0.25752587017873946,442,12.647381624333647,286,86,266.0,121.21781334428918,241.5016,0.0,29.510646408139458,0.0,149.70893999999998,4.909863043056504,0.5415551578406052,0,1069,0
925E60E9-F346-41CF-87A0-E44ACDE15F51,12756,8,93.57142857142857,0,0.0,0,0.0,-1,225,470.0,74.43269566996625,354.7485,0.0,60.79095366745744,0.0,157.1045,38.07290793466336,0.1293219010914808,0,1069,0
966BD1FE-5DD4-41D7-AF98-7C128185B402,12756,5,114.0,1,0.028613985575415495,19,0.5436657259328944,50,304,496.0,162.81508275102615,360.7178,0.0,55.74356657386111,0.0,217.8406,-116.76576676722985,-2.3856676119761273,0,1069,0
FCB862B1-ABE5-48AA-B81F-C5CEB36E1E0F,12756,11,61.9,3,0.08584195672624648,137,3.9201160238319224,463,430,269.0,150.81998589675203,269.3,0.0,31.93983070907196,0.028613985575415495,190.2,-26.069222007863146,-0.04457895464930181,0,1069,0
14BEAC7E-9296-44CC-9D7A-24892B1FDEDB,12756,4,2.6666666666666665,1,0.028613985575415495,231,6.609830667920979,841,504,811.0,415.9962350348345,613.5336,0.0,32.15010812007377,0.0,452.351,18.2322004435606,0.2870166398567948,0,1069,0
B2BFFF06-E91B-405F-994C-DC504CC9B88E,8569,13,50.166666666666664,8,0.3407632162446026,512,21.808845839654566,41,108,259.0,63.731392755339016,542.3265,0.0,24.085965710802835,0.21297701015287662,90.0,2.3939544668832013,-0.014626377056213833,0,1069,0
0A516F19-B818-4F5B-9812-54A6EC55126E,12756,11,64.1,4,0.11445594230166198,445,12.733223581059894,528,3,85.0,38.25509275200192,69.96094,0.0,8.738340554219768,0.0,49.46045,5.821514563815981,-0.07361676841024209,0,1069,1
9EDE1B26-525D-4FAF-9A20-517D073AF4A8,9719,5,23.75,2,0.07511060808725177,161,6.046403951023768,263,451,538.0,102.51170453396605,223.3398,0.0,26.960931445672394,0.0,137.5977,-2.96406429939816,0.28593504726112273,0,1069,0
EEA9CEA5-E054-4328-A593-401064F6D49D,9929,6,123.0,4,0.14704401248866955,285,10.476885889817707,367,108,251.0,73.18325707167901,215.8781,0.0,22.568100765336176,0.0,105.02488,-5.680560532635809,0.1272958092602281,0,1069,0
0FF7E89D-2290-45E9-9563-C220858C2851,12756,4,19.0,2,0.05722797115083099,12,0.3433678269049859,2,448,377.0,122.76941639297394,299.762,0.0,32.299141179224776,0.0,164.3829,-7.393034949841237,0.005007675021209851,0,1069,0
0AA4184A-5FD1-4EBE-8948-77CB8090CFF3,12756,6,179.0,0,0.0,0,0.0,-1,91,311.0,115.83696279573789,188.9098,0.0,25.964745357243356,0.0,142.90359999999998,-28.4473146248351,1.511393757847298,0,1069,0
B94308CB-123F-4045-9FE2-F77909423414,12756,3,72.0,3,0.08584195672624648,186,5.3222013170272815,778,351,301.0,24.22476988427537,121.0,-24.6,27.13761061898954,0.0,72.0,-11.448689637361792,0.1931697100236383,0,1069,0
9E3EA23E-4B8C-4DA8-9E92-E98097922E74,8536,8,121.14285714285714,3,0.12828022492970947,253,10.818298969072165,536,95,693.0,177.30298984947345,319.0918,0.0,34.477025642768915,0.0,217.83753999999993,7.253371965341358,0.6566464392253138,0,1069,0
0A50ADC8-70FA-41B2-96B3-B4CB799000D9,3174,3,234.0,1,0.11499684940138626,92890,10682.05734089477,578,443,188.0,40.20455859087864,550.6155,0.0,16.898443509268624,0.459987397605545,61.0,0.7260741251707401,0.081943301184838,0,1069,0
F7581B81-A4E0-4431-ACE4-5424BF6B6594,6317,3,179.5,2,0.11556118410637961,39,2.2534430900744025,488,246,188.0,20.667435128507027,88.0,-4.0,13.900761126694462,0.0,41.0,-5.147450560605792,0.23270288284332716,0,1069,0
B9A7AC63-0F8C-4A5C-A032-1EFCCDC25ADA,644,14,57.38461538461539,1,0.5667701863354037,22,12.46894409937888,617,20,301.0,44.01545337455293,209.8981,0.0,43.38584327397487,0.0,100.57191999999998,23.414688944119902,0.025368960290529742,0,1069,0
B2E1EA37-EEC2-4D09-8861-23CFEE530360,2859,7,108.83333333333333,3,0.3830010493179433,121,15.447708989157048,337,380,888.0,89.24038266049557,467.1713,0.0,61.48838546953256,0.0,177.92357999999996,-28.480423950619027,0.48755772385590185,0,1069,0
92ECC55D-ED45-4166-A5B8-EACD1562041F,4840,8,146.42857142857142,4,0.30165289256198347,571,43.06095041322314,118,32,259.0,97.07846592303655,235.5005,-4.737869,25.382673573551543,0.0,129.67708,15.950986552272099,0.06564967735718147,0,1069,0
5CB4CBE4-6402-4AE7-B3DF-98CC6BB720D3,12756,5,30.75,1,0.028613985575415495,85,2.4321887739103167,818,459,259.0,96.16683796603068,224.8,0.0,26.46532968965829,0.0,127.0,-4.858180558623275,-0.12200438554380659,0,1069,0
45FDF356-DD1F-44C2-A584-E941A7EDE373,4091,2,1.0,3,0.2676607186506966,484,43.18259594231239,44,486,301.0,75.67352799498462,235.8924,-28.62403,27.308055274662074,0.0,113.4,-5.305264100848817,-0.026926935481130943,0,1069,0
1B3CD8C5-7527-4D02-B0D9-AABD1549A928,3797,1,0.0,2,0.19225704503555438,280,26.915986304977615,426,484,301.0,49.68882997163932,539.7876,0.0,12.692560143963703,0.48064261258888596,65.29727,6.382041855521166,-0.05139173515254453,0,1069,0
71265105-B927-491F-9FBC-F2FA23EE7DA2,12756,6,84.0,1,0.028613985575415495,45,1.2876293508936971,789,215,887.0,179.74143774353237,518.0,0.0,85.37696085250775,0.0,280.0,43.25755917004787,0.197950535731224,0,1069,0
9F243EB4-BCBA-4017-9DC7-9F43C953F9E3,12756,6,87.8,0,0.0,0,0.0,-1,38,470.0,149.0635307909476,262.3901,-14.27516,29.965253048473734,0.0,187.5916,-8.627521528601903,-0.43452614424521235,0,1069,0
6C0CB2E3-7484-4778-9DF5-1570E497B587,12756,3,168.5,1,0.028613985575415495,7,0.20029789902790845,476,140,988.0,189.18898989767575,489.95,0.0,61.983869988348026,0.0,270.38,61.9980371084971,0.46794600213538623,0,1069,0
1C456EB6-0CF3-4CFD-8D17-BC62269BB4BC,1361,3,3.0,0,0.0,0,0.0,-1,478,452.0,0.5107409047954902,234.013,0.0,7.124122238479383,0.0,0.2821024,-0.4801482677985766,0.0001015356089125973,0,1069,0
C1D7B3B2-D959-41C9-97B4-D1F5AA6E8617,2279,4,158.0,2,0.3203159280386134,184,29.469065379552436,50,239,452.0,62.98975782068212,184.0,0.0,30.28706897055755,0.0,106.0,-15.622319549077183,-0.002158588394589418,0,1069,0
11F11A16-C2CE-47F1-9C82-BDB79130A408,5089,9,104.875,2,0.1434466496364708,19,1.3627431715464726,182,183,870.0,201.27342675337334,431.7801,0.05103945,48.555684839892386,0.0,259.96594,6.5313520197748005,0.22357746666807826,0,1069,0
825FD6F8-C5E0-4948-9D32-0296BE1A1638,12756,8,47.42857142857143,3,0.08584195672624648,155,4.435167764189401,463,466,269.0,154.76649539670973,274.8,0.0,32.402160614285016,0.028613985575415495,195.8,-27.06158027325293,-0.044281810054408864,1,1069,0
7E4E7B1A-B727-4786-AD49-75E4949A0932,8739,2,0.0,0,0.0,0,0.0,-1,469,432.0,104.96989602236432,193.1,-55.00813,22.05758815875425,0.0,135.34,5.929703514672724,-0.07565927377876716,0,1069,0
99D6BD31-288A-4FAE-8C4A-84337D45A57F,12756,19,37.333333333333336,7,0.20029789902790845,107,3.0616964565694578,425,157,302.0,74.8246151157487,247.6685,0.0,35.36300050272194,0.0,111.61041999999998,-6.08715397685981,0.015868997656253093,0,1069,0
EC697299-CD8A-436D-B3EF-9E16C125A226,12756,9,100.625,0,0.0,0,0.0,-1,35,256.0,120.13586871144953,226.0,0.0,33.11728130976992,0.0,163.1,-7.459302353424832,0.1524032973891486,0,1069,0
B9AF7179-5388-49FB-A4F6-BACF792F555B,12756,7,146.33333333333334,3,0.08584195672624648,74,2.1174349325807467,841,81,266.0,112.09328615014928,538.0,0.0,29.835570244868237,0.14306992787707745,148.1,-30.102962075766555,0.05780658792195708,0,1069,0
59C704E4-CEE2-4F85-B5CB-B668829E57E1,4203,1,0.0,3,0.2605281941470379,326,28.310730430644778,244,465,452.0,207.56086648658928,433.9721,0.09083761,41.89169418047187,0.0,261.53574,11.8659376206638,0.3211758689416669,0,1069,0
1DB47FC0-1369-4CD2-A113-85AD76DD1CDA,4440,2,134.0,7,0.5754504504504504,462,37.979729729729726,362,330,1665.0,135.5066768813405,788.5336,-9.271603,139.49778742837825,0.0,351.2012599999998,174.8272539902567,0.631157008376384,0,1069,0
FD4C51BB-D7BE-4399-A257-91CC3787DE7E,7041,13,78.25,2,0.10367845476494815,34,1.7625337310041185,97,98,485.0,82.72390105557255,524.1211,0.0,60.101183072226306,0.25919613691237037,155.4565,-43.431279587979965,0.6871537646325707,0,1069,0
A1CC1BDB-781D-462B-A8B9-24B955DD0178,12756,7,125.16666666666667,1,0.028613985575415495,17,0.48643775478206336,1053,212,276.0,81.47027847529536,161.5831,0.0,23.856748150501907,0.0,107.7148,18.172389344149096,-0.02798751143155099,0,1069,0
7ACED623-4DAA-4992-A633-5FA69828C5D0,1738,5,141.75,2,0.42002301495972383,180,37.80207134637514,1058,398,473.0,53.01991826645144,156.22,-133.8345,25.070094486323534,0.0,86.53766399999999,6.489415871442077,-0.1425831643698941,0,1069,0
373DDDA5-15BC-4199-A764-F67130D6A47E,12756,14,63.69230769230769,1,0.028613985575415495,351,10.043508936970838,314,150,452.0,232.3567337871681,408.1055,0.0,46.9050816585186,0.0,295.4224,8.53778328844919,0.09612682794034762,0,1069,0
1DA594CC-4FA6-41AD-A042-958720AEB69E,12756,8,92.42857142857143,1,0.028613985575415495,35,1.0014894951395423,749,387,259.0,90.71888238051872,176.7,0.0,21.736496184980076,0.0,115.9,-3.618337396722424,0.15364324631691362,0,1069,0
40022EE1-B7D0-4DB3-B86C-62880F6F7616,6868,2,75.0,0,0.0,0,0.0,-1,383,489.0,138.97755087343145,335.0,0.0,39.441739921941,0.0,190.0,-6.671763836394405,0.03725431351823596,0,1069,0
49D2D922-82B3-4127-A08E-B7B2B5C2588D,12756,8,69.14285714285714,3,0.08584195672624648,569,16.281357792411416,96,136,377.0,157.537452009822,356.2565,0.0,41.84433350861896,0.0,212.26144,34.44241557428293,0.031063228623723214,0,1069,0
C947BAAB-68EA-467B-A2EB-3B6CFA782789,2770,6,12.2,5,0.6588447653429603,686,90.39350180505414,377,394,1247.0,211.74674372385462,1102.826,-3.9,159.0686411485419,0.0,460.85937999999993,101.90836787035832,-2.5932766786528374,0,1069,0
A001F69E-136B-4677-A604-BFCD09CEAF73,4049,1,0.0,6,0.5408742899481354,161,14.513460113608298,18,458,313.0,53.2495462735889,184.0,0.0,27.69560576383822,0.0,90.0,-14.688512322971611,0.43980812674631087,0,1069,0
F9D5C172-6871-4FEE-8882-253AFB1C2501,6600,4,334.3333333333333,0,0.0,0,0.0,-1,21,377.0,64.62410400090681,212.1169,-7.54834,29.975449927649358,0.0,106.2797,1.5234561299187988,0.03336425234970799,0,1069,0
56C7011C-9798-4256-BB1E-023A5ECD44EC,4116,2,1.0,0,0.0,0,0.0,-1,454,301.0,28.073034675572284,101.4189,-64.39418,14.00240752304839,0.0,47.035473999999994,-1.389953391853151,0.06637281203112681,0,1069,0
D24AD388-D1CE-4809-88E3-EB3D3A6F5014,9432,11,100.3,1,0.0386980491942324,78,3.018447837150127,1026,46,181.0,33.31191071428571,148.6832,0.007047985,14.928607707520685,0.0,54.648061999999996,-0.2542486166746727,0.05163416733545802,0,1069,0
CF40FE82-D363-4D1F-938B-EE8102B0A334,681,1,0.0,0,0.0,0,0.0,-1,449,452.0,78.50847625726185,259.6419,0.0,50.71239401801761,0.0,146.06968,22.250863775994333,-0.13351001658176923,0,805,0
0E41E983-C12B-4075-BE2D-46C19AFCC1C7,2436,4,96.0,4,0.5993431855500821,319,47.79761904761905,252,223,1494.0,623.0235324438779,28313600.0,-73.248,72212.75684740202,0.14983579638752054,612.7579999999999,-191.08765512906314,1.874857465827639,1,1069,0
A3F0913E-39A4-45EC-B7E3-40BB476D203B,5240,12,77.27272727272727,4,0.27862595419847325,646,44.99809160305343,92,94,496.0,176.38511572929932,965.02,0.0,43.93737366515892,0.3482824427480916,224.3652,-15.407113313404238,0.13662018888176422,0,1069,0
CE6A579A-7416-4E20-A2F8-3B21E0A04A9A,6040,3,24.0,2,0.12086092715231789,26,1.5711920529801326,68,396,1386.0,334.4884290287978,879.0,0.0,136.17894388242377,0.0,514.7442,-11.224196829723724,-0.9490378120587671,0,1069,0
85B01A8D-4AB0-41E9-ABFF-75BB9ACE6BCE,12756,4,174.66666666666666,4,0.11445594230166198,201,5.7514111006585145,407,325,266.0,154.94075178725922,247.5,0.0,23.152081929718154,0.0,182.9,0.36140870656791435,0.26176829100972404,0,1069,0
1BEDC70D-3287-4694-9165-AF42FCD0354B,12756,4,138.33333333333334,8,0.22891188460332396,1160,33.19222326748197,93,25,142.0,17.49395300588478,69.97994,0.0,3.4925977683194946,0.0,21.575703999999988,0.32829362041923105,-0.0003440388995094321,0,1069,0
A90EFE72-06AE-4E04-AAE6-B22F1EE6B388,5343,4,135.0,0,0.0,0,0.0,-1,437,511.0,106.08126848985188,345.482,0.01381847,51.03705131194688,0.0,176.08939999999998,-21.874490912382754,0.14973055274694946,0,1069,0
28CE465F-2312-4D3B-AD39-FCA36090BE92,4002,3,29.0,1,0.09120439780109946,33,3.009745127436282,831,430,188.0,29.349648489334985,101.0,0.0,14.875255376547802,0.0,49.0,-4.329123797976962,0.11984870102845677,0,1069,0
7E0B653C-DBF7-4B6E-B89E-0FD5F9E0F5AF,9159,7,172.33333333333334,1,0.0398515121738181,304,12.114859700840702,1050,3,630.0,115.0394114440404,800.4243,0.0,147.4704715378911,0.0398515121738181,326.8399,156.0913310868238,-0.005656712911785048,0,1069,1
5EE63FB1-43A9-46FA-B067-920C8406EC5C,12756,7,61.0,1,0.028613985575415495,6,0.17168391345249295,71,66,800.0,6.267722351050889,561.5845,0.0,47.38639143981979,0.0,0.0,0.15830480172688866,-0.07598556326684971,0,1069,0
88466642-3067-427F-8CA7-378290AF3079,12756,4,167.33333333333334,2,0.05722797115083099,47,1.3448573220445281,862,433,269.0,66.60584802932472,124.6,-18.6,18.547089466548986,0.0,89.6,-1.2548526589543485,0.14681502174474037,0,1069,0
BF6065CE-C857-4CB9-849E-4FD99ABA2556,12756,8,73.42857142857143,0,0.0,0,0.0,-1,207,489.0,124.51731966407984,313.0,0.0,56.376914735333,0.0,200.0,-6.599495590005759,-0.04397885198458578,0,1069,0
2624BF05-3ED5-44F7-93E5-8DFF1CBBDBE9,773,6,144.0,0,0.0,0,0.0,-1,21,99999.0,107.59433632840474,207.0947,0.0,73.24605489251745,0.0,186.7816,13.453190520569024,-0.4460327775130807,0,742,0
0D06F5FE-373C-4A1A-BA06-F2C4FDA5507A,12756,2,0.0,0,0.0,0,0.0,-1,427,295.0,88.14716562477639,184.99,0.0,20.42394173693151,0.0,114.45,3.3605319060878003,-0.04457715287218618,0,1069,0
C42E7BCE-B693-4075-A043-8BAD0FAEF6E9,3799,2,398.0,2,0.1921558304817057,852,81.85838378520664,873,427,739.0,99.51776152471591,590.0,0.0,169.23239205126,0.0,502.0,-71.28928930249369,0.12267924023539961,0,1069,0
B04BFC21-3290-4756-A2E7-64B78912DBB3,6462,6,186.0,2,0.11296812132466728,166,9.376354069947384,136,20,472.0,52.27042499014486,250.3052,-310.3609,34.19477226684218,0.0,101.5869,-14.918760102027576,0.1179937927755974,0,1069,0
B4E33BDE-C3C8-4319-90A5-089A5546D686,12756,2,0.0,1,0.028613985575415495,4,0.11445594230166198,424,425,295.0,90.55773300018863,191.36,-12.30672,21.066569874638688,0.0,117.66,3.715976876354574,-0.04785368335377562,0,1069,0
7B71FC6C-41CF-41A9-8C0D-127B28D9F211,2968,2,0.0,1,0.12297843665768195,305,37.50842318059299,841,420,602.0,80.79802978904628,271.2956,0.04452702,42.230441985114375,0.0,149.41618,49.06782711141666,0.11148338748313197,0,1069,0
8EF70AD9-6B4D-4180-A78E-52B4A563C1CB,1404,8,78.57142857142857,2,0.51994301994302,46,11.958689458689458,731,178,1247.0,124.51707916180413,492.4829,0.05251756,55.80155837119462,0.0,197.89335999999997,-9.702339873223892,-0.7221346807357708,0,1069,0
43858604-7112-4C41-812A-B7FAA0363D05,15898,3,9.0,0,0.0,0,0.0,-1,397,99999.0,53.76705005366503,80.93739,0.0,15.554753774417447,0.0,58.74228,4.975229946334977,-5.501720571101963e-14,0,441,0
47ED5567-2313-4A87-B35C-774542F6E400,12756,9,37.75,1,0.028613985575415495,6,0.17168391345249295,415,110,627.0,27.245355339354827,483.424,0.0,82.67385536957066,0.0,172.09455999999946,242.33034867299085,0.1145120278564012,0,1069,1
8E59FCAD-16EF-45D4-AF77-804198137915,8858,2,308.0,1,0.04120568977195755,147,6.05723639647776,433,108,314.0,43.791072655658404,142.2363,0.0,19.217018330253822,0.0,68.72559,-1.7729789607201312,0.40864983896592133,0,1069,0
E4018002-6340-496F-A54A-E19B68740521,5025,4,98.66666666666667,2,0.14527363184079603,11,0.7990049751243782,650,415,775.0,157.37853713388023,540.5,0.0,47.1959966879527,0.0,225.6,-24.53353657215183,-0.11636017825030076,0,1069,0
A6B9150B-39CC-43C1-BD6B-14A8BBC14DB4,6470,9,122.0,3,0.16924265842349304,118,6.656877897990726,316,43,472.0,142.7832770464525,604.0,0.0,34.35985008641338,0.5077279752704791,189.651,-0.37805723086606235,0.1425700290963917,0,1069,0
C30593A4-376B-47C3-AE95-23F4D64D848F,12756,16,49.333333333333336,0,0.0,0,0.0,-1,16,470.0,84.7311409043356,355.79,0.0,51.01674085400735,0.0,155.6625,-26.241336112900413,-0.21380399137882602,0,1069,0
71E2AD5C-CA5C-430F-BC2A-90756CDB3232,6455,6,65.2,3,0.1696359411309063,44,2.4879938032532922,580,367,269.0,102.53150705558946,239.526,0.0,48.55695395786136,0.0,163.6505,20.911124915861166,0.23755694652335652,0,1069,0
29754746-2F17-4BD7-8EC4-762BF963B1D6,12756,4,28.0,4,0.11445594230166198,220,6.2950768265914085,726,409,138.0,36.830612189140496,89.61,0.0,14.077657227829324,0.0,56.57,3.7570421318471574,-0.08276060144603677,0,1069,0
76635ABF-250D-4129-9630-39E925152686,2747,2,0.0,1,0.13287222424463052,118,15.678922460866401,957,409,452.0,152.97680789327185,352.3737,-3.672785,61.69436022982932,0.0,231.92546,9.561683682113937,-0.20843342522578784,0,1069,0
5385F0C2-D3E5-405C-89B5-D1756B5597EA,3048,2,34.0,2,0.239501312335958,122026,14612.693569553805,432,409,188.0,37.6729801319305,86.0,-47.407,15.295297595483042,0.0,55.0,-4.375680749214453,0.0507439761652945,0,1069,0
8CD521A3-0C86-4E2F-982F-98BEE1A214AA,8016,4,121.0,0,0.0,0,0.0,-1,40,920.0,103.29480922648591,394.4092,0.0,41.58050255866477,0.0,152.71,-10.371086859973559,0.22165625721331367,0,1069,0
D8AE955C-E591-4791-9CBF-FE419A630610,12756,10,79.55555555555556,0,0.0,0,0.0,-1,136,452.0,244.0757729130211,403.7842,0.0,42.83081660221095,0.0,290.625,-7.974247527218637,0.09204769770365459,0,1069,0
CE5B2C9F-07AD-4F89-8889-80F2C0E4C5B9,5794,3,250.0,1,0.0629962029685882,3,0.18898860890576458,847,139,961.0,192.12363256721332,445.0473,-30.34,58.267988529964924,0.0,268.5606,5.912538915039761,-0.31393083122136894,0,1069,0
28DA31FA-71CF-4651-BD2D-702C8645BA99,12756,5,143.0,3,0.08584195672624648,803,22.97703041705864,268,98,450.0,143.25352807249214,306.24,0.0,49.75742255310829,0.0,202.1,-8.465554307060046,0.32404131511423184,0,1069,0
8EE5AAC7-E730-4E0F-814D-0FD7021F3306,1357,3,113.0,0,0.0,0,0.0,-1,172,887.0,97.43927994806377,237.58,0.0,31.294645210220054,0.0,136.40985999999998,-5.114948661798337,-0.11568988048659773,0,1069,0
98DA4ABA-30CE-4BBD-9C92-A86A1AE277DF,520,6,18.6,0,0.0,0,0.0,-1,340,226.0,22.722547519531812,70.25793,0.0,10.275827565465498,0.0,34.981296,0.36084119806078263,-0.03165243521607725,0,532,0
ED2FF8D8-C022-4CA5-BBD1-CF2B7470FD98,6086,3,207.0,1,0.05997371015445284,30,1.7992113046335851,968,394,653.0,141.43675964514364,312.0,0.0,74.10371146529275,0.0,226.5,-14.444745756254747,-0.012320708318021649,0,1069,0
D63D69CD-8056-448A-834D-A586FBAD43F9,4068,3,186.5,0,0.0,0,0.0,-1,392,1454.0,260.68509637858676,690.0878,0.0,118.2577939001392,0.0,408.679,-27.369692860531217,-0.41396508558659684,0,1069,0
3253AA9C-A677-4F6D-8C47-F84B5CF9A766,6749,8,134.0,1,0.05408208623499777,3,0.16224625870499332,752,87,472.0,171.56225600655708,875.9766,0.0,37.74395381246831,0.27041043117498886,217.1631,6.68918077044907,-0.5559324047809646,0,1069,0
705149D9-EC34-47C5-AE18-70CA66BB30E4,10119,7,129.33333333333334,5,0.18035378990018774,444,16.015416543136674,340,197,276.0,114.88842230057178,222.8,0.0,30.242170100914304,0.0,152.73,3.20233541547762,-0.014818574995658489,0,1069,0
3E5F5EA7-229F-43C5-ACB6-31BB16E119AB,5833,3,88.5,5,0.312875021429796,177,11.075775758614778,172,259,188.0,22.612393274441057,82.0,-146.6096,9.508179224790965,0.0,34.0,1.945862898398449,0.054906469934537815,0,1069,0
8822DF66-4505-49AB-A848-E43FE989B197,2307,4,284.3333333333333,2,0.3164282618118769,435,68.82314694408322,796,19,800.0,186.0471880638014,339.13,0.0,40.66976952762502,0.0,238.03,36.38470854113686,0.19419720312958286,0,1069,0
0D0A767F-EBB4-4406-B84D-335B96C1D7AE,12756,5,137.5,0,0.0,0,0.0,-1,240,693.0,158.54177053764562,356.0,0.0,43.07973860962237,0.0,208.2,-2.966500475917229,0.4611969756210053,0,1069,0
E515D8AF-829D-4C8C-8EA3-8FB73BDB2737,3601,3,154.0,4,0.4054429325187448,213,21.58983615662316,398,186,150.0,20.42494486980166,84.0,0.0,13.100837756545365,0.0,39.0,-5.549636227826351,0.2242741444988593,0,1069,0
C1BD0250-66A2-4DA0-88F3-7804E8371109,12756,4,53.0,4,0.11445594230166198,221,6.323690812166824,220,382,100.0,34.2330740947784,72.12,-20.2006,13.939745534114259,0.0,49.8,2.7196419610857987,-0.06109487425875037,0,1069,0
295C66AE-7C82-4E81-A5DE-E9DD0818BFDF,3915,2,7.0,2,0.18646232439335886,16,1.4916985951468709,812,374,452.0,75.2148753397191,214.0244,0.0,34.98370986868813,0.0,121.64479999999999,-4.131877240413544,0.21613281394902223,0,1069,0
D43B94DD-D497-4DC6-8FDA-B97D71C6C380,2775,10,110.66666666666667,3,0.3945945945945946,269,35.38198198198198,606,9,473.0,102.20587144990796,263.855,-44.05509,33.69686957660437,0.0,145.752,5.305091222159959,-0.6533939837927074,0,1069,0
66E888E2-5EF7-46A2-8D90-4C7EFDF1C081,12756,7,134.5,2,0.05722797115083099,204,5.8372530573847605,840,175,452.0,96.33141745666018,305.7543,-30.05048,62.77370338951363,0.0,156.27578,42.502808608926244,-0.034101697417625504,0,1069,0
D4C6545C-E04F-44FA-A5E1-F4FF96372DE4,6492,5,150.0,1,0.0562230437461491,79,4.441620455945779,476,374,266.0,59.31322823470438,251.3341,0.0,39.560934642326224,0.0,117.57992,32.41154959438512,-0.8973981925612216,0,1069,0
3A171E90-2058-4BBA-BA24-0F764AB7ADBD,8310,8,76.14285714285714,5,0.21961492178098677,375,16.471119133574007,5,87,450.0,46.280294248279795,460.9563,0.0,35.44918910507408,0.043922984356197355,102.17951999999997,-13.866967326071467,0.005184489410979367,0,1069,0
E946F0DA-6E00-490B-A0FD-2C018F732C83,5607,5,121.5,0,0.0,0,0.0,-1,371,858.0,211.5096790803177,841.4727,0.0,71.2480998168385,0.0,294.58864,50.60400417585515,0.34603447921072916,0,1069,0
C2127EBF-00FE-4E9F-B978-E53A692AA9AD,3944,7,53.333333333333336,0,0.0,0,0.0,-1,49,529.0,91.37106657824587,1199.524,0.0,58.35061497282828,0.09254563894523328,160.4004,-11.8690239377366,-0.5921939451598244,0,1069,0
2DA285B5-C033-4B53-A60D-0A7E6ECE1674,3853,4,104.33333333333333,2,0.18946275629379705,324,30.69296651959512,655,368,301.0,78.30141459346764,522.0,-126.4236,27.12967104801515,0.18946275629379705,97.5,0.7796039250508784,0.18962417628141273,0,1069,0
ABEF99A0-CDEA-4A8F-B398-A42175A5A6E4,5253,1,0.0,1,0.0694841043213402,143,9.936226917951647,841,367,376.0,60.59984504945722,207.48,-181.4281,16.08643860712535,0.0,80.951922,-10.329572943168642,-0.016803572769692906,0,1069,0
2B237092-E2D5-4546-9B3B-00032C042A74,8466,5,67.75,2,0.086227261989133,94,4.052681313489251,367,367,271.0,73.3531235290763,162.3771,0.0,25.59045322163927,0.0,108.0369,-16.87357817436952,0.1329650601089328,0,1069,0
A3757C7A-557A-4C32-8414-0181B78DD544,12756,2,243.0,2,0.05722797115083099,23,0.6581216682345563,30,367,301.0,37.91584367092313,128.0,0.0,14.173827594305576,0.0,56.0,-4.539686263515726,-0.009493227330338631,0,1069,0
044D2030-8A75-4C9B-B2C2-D203522170BC,12756,10,68.55555555555556,1,0.028613985575415495,6,0.17168391345249295,368,366,452.0,228.35220524130438,370.1843,0.0,46.63993203827238,0.0,291.5955,5.753213801905503,0.07878421087629148,0,1069,0
09B31A71-CAC2-4E04-B4CF-2E157DE15EF8,463,5,1.0,2,1.5766738660907127,170,134.0172786177106,93,364,452.0,67.2956805273425,147.046,0.0,27.770169622262017,0.0,113.13,-8.91585897718818,-0.05048897309401695,0,609,0
AE400705-ECD5-40E8-BD0C-EACA2712A65D,4743,8,104.57142857142857,2,0.15391102677630192,63,4.848197343453511,163,19,126.0,46.33699935600122,143.7,0.0,14.458525514925292,0.3847775669407548,64.5,-3.6376938004456676,0.09153033296288061,0,1069,0
9D94996F-3AF4-449E-9E14-D8A0FF6B4B2B,4713,5,91.75,0,0.0,0,0.0,-1,360,870.0,324.1130991918791,574.03,0.05112257,63.906575490511386,0.0,401.3989,38.142298122935756,0.16362770373994887,0,1069,0
93ED9622-C4B5-4DF9-809F-49D53655E66A,12756,14,44.07692307692308,1,0.028613985575415495,693,19.829492003762937,768,192,452.0,228.2801879311388,388.0826,0.0,47.01440539799447,0.0,293.59491999999995,10.477753277966087,-0.07635806697981452,0,1069,0
90406650-B2C8-4D79-80EB-FBE0051A221C,535,1,0.0,0,0.0,0,0.0,-1,358,416.0,33.10212657561671,152.6105,-320.1438,29.655205648537727,0.0,71.42705000000002,8.377648223843174,0.13371689991164895,0,805,0
4BBBCD2F-5319-4621-AD46-0CDF609BF552,12756,6,89.8,0,0.0,0,0.0,-1,292,1245.0,594.4650866145829,1138.26,0.0,136.79343121752666,0.0,754.75,107.46234316936773,0.6699302445883117,0,1069,0
0F4626AA-2E91-4390-B948-4686E8B3F4C6,535,1,0.0,0,0.0,0,0.0,-1,356,416.0,32.379748841819676,529.4462,0.0,29.454393564870763,3.4112149532710276,70.27721600000001,6.15555624976983,-0.04031659807153102,0,805,0
8E8B43CF-CAAB-4851-BF3C-B0EA1DB9267E,9638,12,39.90909090909091,3,0.11361278273500726,927,35.106349865117245,490,356,472.0,116.42954382717414,798.7671,0.0,35.66329435579336,0.03787092757833575,159.1797,-28.945278741525982,0.0505817333946453,0,1069,0
7F009C31-F8C1-482C-8931-B8E8A5A7A4D9,6728,3,301.0,3,0.16275267538644472,315,17.089030915576693,37,353,271.0,91.01823187901995,196.3328,0.0,15.398512438459031,0.0,108.6064,3.543144237646729,0.030901582973116154,0,1069,0
781BF431-2FF4-4439-AEEA-8D061FE10A3F,8721,4,103.33333333333333,1,0.04185299850934526,205,8.579864694415779,85,36,1023.0,134.49735096632347,494.345,0.0,79.32911491137156,0.0,246.51359999999997,-20.744865163854328,0.18514935691638817,0,1069,0
093C4FA8-F9CF-4F3E-B5D6-F4B3FDE93482,4210,4,186.33333333333334,8,0.6935866983372921,945,81.92992874109262,20,339,756.0,247.29455231514305,420.0,-26.54484,39.56715465248378,0.0,292.5,24.350123610782873,0.98610082177478,0,1069,0
C20FA49F-6282-409C-B929-B381EFEFBFF9,9621,7,47.666666666666664,7,0.265564910092506,2420,91.8095832034092,687,329,141.0,38.44520142577426,120.0,0.0,17.753651850745584,0.0,58.2,-5.709760067749571,-0.036153171630733824,0,1069,0
CFFEEEAF-0A23-4D7D-9526-D5875D45E1DD,742,8,117.0,2,0.9838274932614556,11593,5702.756064690027,578,136,226.0,45.58331670298646,416.0,-8.7,18.882658768927573,0.4919137466307278,66.0,-7.899829048665474,0.08281852354882797,0,1069,0
2947A2FD-92C9-4582-8F94-09CAA38BD4C3,12756,7,19.333333333333332,1,0.028613985575415495,7,0.20029789902790845,299,256,297.0,37.25069489276445,199.05,-37.58214,19.67219993373731,0.0,64.99,-3.5852535347397563,-0.058627866723406995,0,1069,0
4542F5A7-6E08-48C7-A40D-DF73520189BD,758,8,135.42857142857142,3,1.4445910290237467,2703,1301.5765171503956,42,39,226.0,47.130405453118485,361.0,-31.0,19.279789587058637,0.9630606860158311,69.0,0.25431676910373824,0.07645548375881224,0,1069,0
221573AA-43DA-4D40-ABBF-84545988447F,8644,11,64.4,0,0.0,0,0.0,-1,159,403.0,93.08885287724992,305.9064,0.0,32.35298699600368,0.0,136.6968,-7.60873151104623,0.07635821554196079,0,1069,0
97DA23A0-9719-48C1-A30A-B077EBEAFBA2,9054,3,30.5,0,0.0,0,0.0,-1,318,452.0,114.16134426613411,300.61,-46.17,46.207340275719034,0.0,175.2,21.926773017816515,-0.21737000224093062,0,1069,0
D8C2BE43-382E-481B-B564-0245CF70823B,4386,3,125.5,0,0.0,0,0.0,-1,66,99.9995,24.2557431719737,119.8853,0.0,12.889184276658522,0.08321933424532603,42.24854,-5.370819582699006,0.00886939506092969,0,1069,0
D46170DF-C4CF-4244-A0F1-56C7ED6C1D0C,10016,12,57.72727272727273,6,0.21865015974440893,1362,49.63358626198083,147,45,259.0,91.11434786276972,156.75,-121.8648,17.075076175001225,0.0,112.5,10.456369729822867,0.060863481088105346,0,1069,0
65086A22-90E5-418C-8FE5-AFD21B477971,12756,8,78.85714285714286,1,0.028613985575415495,324,9.270931326434619,315,314,555.0,75.86512493782485,344.4,-21.24427,51.22354245820412,0.0,144.0,-4.456235542994605,0.2155873153782097,0,1069,0
70C65F87-2E0A-4FD2-A063-F87E064F9BE1,4995,12,83.63636363636364,1,0.07307307307307308,4,0.2922922922922923,292,40,452.0,127.744265389294,321.0,0.0,38.175266154355,0.0,177.0,17.227030907002288,0.20881624617566458,0,1069,0
393BC993-536C-417C-BA81-60FF9F395097,3671,3,0.0,1,0.09942794878779625,192,19.09016616725688,841,310,451.0,142.444217641996,328.3166,0.0,101.6812366275561,0.0,287.8146,0.32467727874472985,-0.912997529466577,0,1069,0
6ABFCF04-1648-438A-9F7D-D0D42C6A2645,4002,3,115.5,5,0.4560219890054973,247,22.527486256871565,32,311,99.0,14.099665195931747,155.4983,0.0,6.384024160578733,0.6384307846076962,25.3,-4.423716094002733,0.15802113777003537,0,1069,0
B3ED7F8B-BF7D-4EA9-8CF8-764506F8FA14,12756,9,62.125,5,0.14306992787707745,1146,32.79162746942615,71,21,800.0,292.9745062793133,638.9465,0.0,86.1566895077252,0.0,399.6277,-3.892155901226886,0.19890195513936837,0,1069,0
5CCFA156-830E-46F9-8D51-5815272EFE68,1991,4,153.0,1,0.1833249623304872,92,16.865896534404822,965,304,276.0,115.36426244700021,928.006,0.0,23.112060818645634,0.916624811652436,144.2403,-1.387999527247132,0.16955063077621466,0,1069,0
C850A04F-46E0-4B44-9B44-2EF8428B8E9C,12756,6,153.0,2,0.05722797115083099,207,5.9230950141110075,114,225,1370.0,251.45948464290595,842.9,0.0,132.63211015747393,0.0,437.2479999999999,-63.53464127870839,-0.49238525275203054,0,1069,0
96D134A8-2554-40C7-A6FA-2CE6F76BC128,12756,4,88.0,0,0.0,0,0.0,-1,290,540.0,104.15898053009556,228.0,0.0,39.18843618591316,0.0,156.0,-9.410909542441246,-0.088008979160756,0,1069,0
20B1E304-E6E1-4BB6-BB65-333FA534C91C,5122,14,57.69230769230769,1,0.07126122608356111,12,0.8551347130027334,430,289,489.0,160.12055208258795,432.0,0.0,72.26262736561753,0.0,251.0,-41.103576773945974,0.10421771320636611,0,1069,0
B952BE16-2028-45C6-8A6C-F90063BF8DA3,4334,9,49.125,1,0.08421781264420858,321,27.033917858790954,841,284,452.0,131.24229808702472,266.0443,-1.68,42.18519022038998,0.0,188.72347999999997,-26.54819661017288,0.2355385009625345,0,1069,1
52717067-F22C-49F8-971A-C341FB9C58D2,4334,16,49.4,4,0.3368712505768343,327,27.539224734656205,214,249,301.0,14.02999387565613,102.9604,0.01752469,3.4497264603082876,0.0,18.165904,-0.8329972812116839,0.006423933991723727,0,1069,0
674D8274-555B-4237-BBE7-4A4DD6B87DED,7017,15,71.07142857142857,3,0.15604959384352288,153,7.958529286019667,250,22,472.0,158.6289454926591,482.9102,0.0,40.15427410783126,0.10403306256234858,198.8525,-1.3364488977516942,-0.5309223864247643,0,1069,0
40BD559B-B854-4802-AAB1-3084DCB120F9,12756,14,61.46153846153846,2,0.05722797115083099,531,15.194026340545626,303,81,100.0,25.51679809227397,235.4852,0.0,9.895837173057782,0.14306992787707745,36.5,-13.082685434172118,-0.4501446281514851,0,1069,0
E10E0B59-BAC2-49E7-A361-9292C7DF3965,374,1,0.0,0,0.0,0,0.0,-1,281,473.0,74.00026269494653,750.047,0.0,41.58422185067601,3.9037433155080214,128.90515,7.362451172491731,0.1473428220486029,0,419,0
0F938D37-20F0-41B2-8539-C48E24236A39,12756,9,91.0,0,0.0,0,0.0,-1,280,800.0,287.14079740091205,456.4819,0.0,67.91122701536763,0.0,370.5322,0.9188192040262493,0.01553221926090723,0,1069,0
DD62E7B5-6E77-446E-BD93-B8D728F05646,10278,9,91.375,5,0.1775637283518194,59,2.095251994551469,564,5,407.0,173.9428151040481,347.0,-16.82,51.16524790459384,0.0,239.0,-21.742197820097488,-0.20318443520706375,0,1069,0
EB075F9B-63E3-4157-9EB2-E559CBF7AE9E,3248,2,780.0,0,0.0,0,0.0,-1,270,226.0,36.31133777750817,113.1586,-32.85494,17.26976537341305,0.0,60.13849599999999,-8.86356698784768,0.19528584462311746,0,1069,0
0E8744D7-AFE5-4969-BC9E-C8CF208F4C3E,5994,6,121.0,1,0.06089422756089423,42,2.5575575575575575,207,234,489.0,97.18205593003505,244.2205,-0.4180517,30.08072564554678,0.0,136.06701999999999,-4.784257075096775,0.24102756947923476,0,1069,0
B0812993-F37E-4499-A0CF-346635825E82,1099,4,239.0,5,1.6606005459508644,140,46.496815286624205,526,258,887.0,188.38689813953957,637.2681,0.0,77.71279282505787,0.0,281.4331,-17.168768574724737,0.24908128430677803,0,1069,0
F885761E-B4E9-4892-966C-BF14A6414F79,6987,8,89.85714285714286,3,0.1567196221554315,69,3.6045513095749246,242,252,490.0,86.97730799883493,251.4025,-23.54589,37.37348001837245,0.0,134.7423,-2.0942314483719713,-0.0735294646299205,0,1069,0
E46E07CE-14C5-488C-A7DA-B4961E2EE29C,12756,7,144.5,2,0.05722797115083099,47,1.3448573220445281,362,182,403.0,43.72474271273101,197.3,0.0,26.74585861117938,0.0,80.7,10.04547333665171,0.1861536632322711,0,1069,0
853B2A98-BB89-4CF7-ACA6-783BAAA2BFD0,2652,2,1.0,1,0.13763197586727,277,38.124057315233784,841,248,301.0,103.36725029682486,592.7252,0.0,19.5439215935349,0.6881598793363499,130.14684,14.116867911508479,0.13886714469996758,0,1069,0
938B7EB9-30F7-4CC5-916A-3522AEB20D24,12756,6,203.6,0,0.0,0,0.0,-1,39,693.0,140.37948855579674,339.4254,-0.214293,51.18584095482081,0.0,221.85995999999997,-41.281934618296745,0.17316297732735933,0,1069,0
62350768-56A6-45AA-84FE-ACDA16D3E757,12756,8,93.57142857142857,1,0.028613985575415495,22,0.6295076826591408,849,191,452.0,169.43025745314748,326.0,0.0,52.42235055543579,0.0,233.0,-19.18133770006105,-0.1664492186965615,0,1069,0
65A025C1-444F-4856-870C-D631C3C1A59A,3805,4,186.66666666666666,1,0.09592641261498029,55,5.275952693823916,668,248,452.0,106.02783427467739,297.67,-0.5719568,42.99549397609652,0.0,159.523,-15.332064400448985,0.2244542442242903,0,1069,0
6596D8C1-F67C-49FC-BD69-46FCC509FF94,2758,8,45.0,4,0.5293691080493111,112,14.822335025380712,223,5,1181.0,313.95901281572606,674.7599,-4.882999e-06,89.30544229383479,0.0,429.24399999999997,7.224143808773192,-0.4317456122600021,0,1069,0
E10F250B-888B-4DD7-BDEC-6862BD43F761,12756,6,113.6,0,0.0,0,0.0,-1,162,706.0,214.1923496868212,668.6909,-0.04,87.28501849147528,0.0,308.30379999999997,12.06789856240718,-1.0657135587495163,0,1069,1
CEE998A4-39A9-42D6-81E7-4FA37CF7086C,1006,4,223.0,4,1.4512922465208749,272,98.68787276341948,364,186,301.0,120.66115411331774,244.0679,0.0,22.4421246916068,0.0,145.38444,4.872509895169912,0.5188282440429478,0,1014,0
0352433F-3BB4-44E3-8CF2-999700F5D7CF,2740,4,254.33333333333334,5,0.666058394160584,527,70.20255474452554,422,26,166.0,41.69092458442563,106.7666,-10.78819,10.670630498534981,0.0,56.15134,1.936880256623752,-0.009445652936163425,0,1069,0
819430A9-5491-4BF8-9511-91228BB1B29F,8427,5,202.25,2,0.08662632016138602,428,18.53803251453661,12,95,284.0,33.83098745243191,243.4866,0.0,55.57415036525759,0.0,126.85622,43.19040557071622,1.3099327638094145,0,1069,0
D6471B2A-9253-4B30-95B0-32699A51325F,12756,3,94.5,4,0.11445594230166198,6284,179.81028535591096,177,239,1370.0,435.1064983379628,871.63,0.0,125.15484068112451,0.0,609.5539999999999,-6.124996794752974,1.8734067660384548,0,1069,0
DB06597D-4FC8-4EA8-976B-6780A98A79E6,899,2,0.0,0,0.0,0,0.0,-1,237,250.0,23.06262035265048,82.2095,-6.962652,12.958040791010937,0.0,38.246573999999995,0.6772116380902595,0.015162699726281063,0,1069,0
86C3E933-98B8-4ADA-827E-279C1C5EF633,2279,3,237.5,2,0.3203159280386134,268,42.9223343571742,50,238,452.0,63.25785190661904,231.0,0.0,30.366358886294204,0.0,106.0,-15.80839203007583,-0.0003950533445376511,0,1069,0
50268015-DCBB-415F-B4B4-946B81D7272D,3255,3,0.5,0,0.0,0,0.0,-1,237,417.0,38.837081312001146,284.6,0.0,27.634835628460632,0.0,76.3,10.325403255900092,0.1973108591366616,0,1069,0
1ED97052-3D8C-4DFA-8C03-0BD915897D56,899,2,0.0,0,0.0,0,0.0,-1,237,250.0,23.075175403527034,168.0,0.0,13.06550102895377,0.0,38.288616000000005,0.6984010656087669,0.01459229959800724,0,1069,0
983FA7B4-487F-44D5-9898-82D148985D61,12756,6,165.8,2,0.05722797115083099,67,1.917137033552838,59,80,399.0,153.88126391508715,334.9197,0.0,42.92892849025089,0.0,195.8984,7.702291663971494,0.9977919692524602,0,1069,0
B91B5C6C-6661-443C-9A47-A42052D4C8DF,12756,9,95.75,2,0.05722797115083099,130,3.7198181248040143,95,137,251.0,107.58542682807833,199.7,0.0,27.114078332925697,0.0,143.3,-12.656645963880791,0.09336141178828926,0,1069,0
3F087177-A702-4FFD-8DDA-90CAFEBE3427,12756,13,16.25,6,0.17168391345249295,41,1.1731734085920351,90,82,236.0,102.33528510115596,226.7761,0.0,22.8742669085542,0.0,130.3711,-1.3191706119584126,0.20120238643650337,0,1069,0
E5BDAC79-F720-49E4-911E-AD54290DBA2E,352,5,32.25,11,11.40625,1196,1240.1704545454545,89,170,151.0,22.051143448195198,72.591,0.0,14.23523935859384,0.0,36.74,8.945743820323319,-0.014843674859295171,0,476,0
C02A2364-7C86-49B5-94A7-1314E72DF8B5,12756,8,139.57142857142858,1,0.028613985575415495,33,0.9442615239887112,58,58,377.0,141.40377135604027,354.35,0.0,32.695505093939346,0.0,168.1183,-50.20975167779953,1.1228786701118394,0,1069,0
58B83194-807D-4677-9C88-F8300C24D2CF,4902,8,119.14285714285714,6,0.4467564259485924,460,34.251325989392086,237,18,301.0,67.62266845568405,179.6577,0.01739342,11.577649290331443,0.0,82.248246,11.812775096116866,0.048936143293184624,0,1069,0
E4E31BBF-8D77-4DDB-A964-B07912693386,12756,9,39.375,4,0.11445594230166198,385,11.016384446534964,185,3,800.0,293.61815445747976,535.5622,0.0,68.10392065732499,0.0,378.24224000000004,-4.792248979084718,-0.030103757357152202,0,1069,0
324AFB1D-3068-4650-930D-2DC56B95C98B,8501,7,92.66666666666667,1,0.04293612516174567,58,2.490295259381249,431,224,256.0,77.62708799638814,534.6613,0.0,48.47775823416635,0.25761675097047404,146.59296,36.86453814843438,-0.4081484626575494,0,1069,0
0959092E-7BF9-4CAB-8090-CDF2B9569A6E,1769,1,0.0,0,0.0,0,0.0,-1,224,99999.0,66.59749551300162,302.715,-4.726318,81.79012631920217,0.0,214.7741,5.86694382664345,-0.1781737862500834,0,1069,0
23F740A0-66FE-4729-B02B-EDE286F0663D,12756,19,48.388888888888886,2,0.05722797115083099,58,1.6596111633740986,216,99,281.0,80.53802055553027,183.2,-1.996812,24.788903556096823,0.0,111.45,11.88899719138331,0.12452937090990479,0,1069,0
14A135B0-F3E4-4A4E-8FDF-BBD69D993931,12756,14,51.23076923076923,2,0.05722797115083099,27,0.7725776105362183,303,142,887.0,248.7376290800445,593.2,0.0,105.75033654231777,0.0,358.0,59.83139098168388,0.698776569352135,0,1069,0
864540A9-190E-422C-ACFE-F9A9823DBA84,2616,3,341.0,1,0.13952599388379205,308,42.97400611620795,841,222,602.0,78.36170228723743,242.8182,0.01071729,42.821925381452836,0.0,147.89766,49.22981338328724,0.1093372926257448,0,1069,0
7A158859-C4BD-4450-B4B5-75650AFC04FB,4435,9,123.0,1,0.08229988726042842,449,36.95264937993236,841,13,1665.0,137.65101178978156,1553.569,-24.5,139.8423790497039,0.0,352.57994,172.05648890909575,0.5723314400049417,0,1069,0
9E62F979-A179-4F88-86E7-38ACA676731D,3720,3,175.0,2,0.19623655913978494,198,19.427419354838708,810,220,301.0,99.61549577009892,232.2697,0.0,37.38223350339259,0.0,146.871,10.247222672030716,0.31136089829610764,0,1069,0
0E07EAFD-5109-44B6-8A6B-C76AF6595D2E,2180,4,41.333333333333336,3,0.5022935779816514,248,41.522935779816514,241,186,301.0,89.97473343024974,189.6746,0.0,36.03449722784277,0.0,130.20682,6.856728748222466,-0.1543976807951124,0,1069,0
B8E56FCB-06BD-4FED-A6CC-EE00F46BDF56,10327,8,17.571428571428573,5,0.17672121622930181,3677,129.96078241502858,186,148,407.0,177.65965965640387,354.0,0.0,52.791957655086094,0.0,243.0,-21.038440520601398,-0.09037747001245511,0,1069,0
18218745-2D63-4B41-8766-EA8B62385C69,12756,7,140.83333333333334,0,0.0,0,0.0,-1,8,489.0,80.59887197629564,234.3736,0.0,25.63596982126035,0.0,111.0,0.59341197432164,0.32421995399516884,0,1069,0
5C9BE7A7-AA37-485B-909B-00F453F9CE90,4267,1,0.0,2,0.17108038434497305,790,67.57675181626435,778,212,312.0,25.509584024505,188.0,-8.292095,27.726579193739024,0.0,74.0,-14.70145083468401,0.1734492828841439,0,1069,0
8705BB84-E115-4C31-BD92-8B4A77C586DC,12756,6,132.2,3,0.08584195672624648,1264,36.16807776732518,557,202,200.0,42.81718891281297,106.0,0.0,19.98582617398331,0.0,70.0,-3.662713604170996,0.13778221362487852,0,1069,0
02DE9555-030F-4CEB-9826-8027C8D8866F,12756,5,139.5,4,0.11445594230166198,458,13.105205393540295,841,122,259.0,113.34653558698864,954.9747,0.0,34.940106829139026,0.14306992787707745,155.3484,14.571018298968156,-0.1478824939590341,0,1069,0
39A3D048-F051-4059-A42B-7CF3509A5139,6739,5,199.25,2,0.10832467725181777,33,1.7873571746549932,38,202,223.0,32.23397270713714,145.1878,-2.8,16.88334642540924,0.0,54.40449,-11.567364350771399,-0.036784796505391154,0,1069,0
B86D9233-90F3-44E4-A9E8-78D2E0B1DC5A,5166,5,140.25,4,0.28261711188540456,226,15.967866821525357,319,199,490.0,127.92414855288924,280.41,-81.1172,33.48955975213975,0.0,173.4,-5.707168614617629,0.08465813680689943,0,1069,0
822231DC-09F1-428B-A704-46FC74A68F2A,6940,5,167.0,0,0.0,0,0.0,-1,176,1270.0,323.30437195553804,719.12,-5.19811,111.52408189192933,0.0,459.49,35.017844865449604,-1.1012425167948843,0,1069,0
38238D1F-2E54-4556-A09D-2389F9AEE16E,4853,5,173.0,0,0.0,0,0.0,-1,199,497.0,73.61789852361004,201.0,0.0,37.17693126261159,0.0,126.0,-11.76975037546189,0.33825437982736634,0,1069,0
13833E7F-3713-4F53-85C4-5A6652F8065A,12756,5,159.0,1,0.028613985575415495,45,1.2876293508936971,842,168,452.0,56.940288159729924,205.2612,0.0,30.277790473367098,0.0,97.9248,-11.93803882099536,0.13766608117001997,0,1069,0
7A3ED9C6-E64E-4BA4-9BDC-8A012AB76DF8,4375,3,283.5,5,0.41714285714285715,230,19.18857142857143,341,192,452.0,164.89085716715303,355.5764,0.0,60.95703562478387,0.0,246.35424,-60.388040525177715,0.07006260905428868,0,1069,0
0DF7E048-E83E-4498-A720-482CCA458E66,12756,10,102.11111111111111,0,0.0,0,0.0,-1,18,266.0,120.85671965978653,194.0,-2.344,22.807621719100926,0.0,148.0,8.11272514268262,0.10604475303752062,0,1069,0
0C85AD71-ABBB-43F0-A0A1-43436145C921,12756,11,90.1,2,0.05722797115083099,37,1.0587174662903733,749,70,259.0,86.83846122626474,170.1,0.0,20.971455189391904,0.0,110.7,-3.285094996326478,0.16074654697074453,0,1069,0
D06E1410-9C36-4BC3-85D0-4F18DDA1A6C2,3132,10,103.0,2,0.2330779054916986,470,54.77330779054917,599,52,831.0,221.97383301573566,994.752,-48.74616,60.69039213773016,0.5826947637292464,296.38388,-7.100284997217159,0.3259693708972189,0,1069,0
6443015B-EBB4-426A-BAFF-AFD88D559560,4012,1,0.0,0,0.0,0,0.0,-1,189,250.0,21.836205502911003,100.7812,0.0,14.86008852840541,0.0,45.40086,6.902421545777273,0.16286097282887335,0,1069,0
4D2A2F97-7674-4BC5-832B-0C7D8D9BD081,8711,4,103.66666666666667,3,0.12570313396854552,290,12.151302950292733,449,133,314.0,63.374192716959286,236.0238,0.0,21.823293224131028,0.0,93.0,-7.812155679922249,0.35893788899403406,0,1069,0
4E406B15-0671-40D0-BD75-9BEC1D8FB8BB,5316,3,431.5,0,0.0,0,0.0,-1,185,768.0,88.79670183823923,257.9,-6.858307,29.03231113004218,0.0,130.8,7.0475111247237265,-0.2619488116961071,0,1069,0
792BCFB4-4F15-47BF-9D97-B18346DF05BB,2726,5,212.75,10,1.3389581804842259,344,46.06016140865737,26,167,301.0,80.12135430103366,187.521,-21.52786,24.14234606814421,0.0,108.94905999999999,-14.155926271789838,0.029043054503295293,0,1069,0
560FFDCD-48C9-499F-9FFD-8CC02E008B48,12756,8,123.85714285714286,2,0.05722797115083099,108,3.0903104421448733,68,62,800.0,294.4502601531286,841.8126,-63.92524,68.48044771082137,0.05722797115083099,379.07342,-5.140072861461988,0.07751223786745043,0,1069,0
742017CE-7333-4270-958F-EB2F9006419C,10042,3,127.5,4,0.14538936466839275,102,3.7074287990440156,187,117,491.0,67.06270224072546,288.1,-53.75211,29.36773629633927,0.0,108.2,33.050090969151086,0.31755649988787416,0,1069,1
9EB2677B-75FA-4C84-A833-11CE4A5BC09D,5316,3,280.0,1,0.06866064710308503,89,6.110797592174568,747,182,768.0,88.188212445465,262.8,0.0,29.959031600332285,0.0,132.1,6.971911011325133,-0.2676241808546245,0,1069,0
17A853F8-A8CE-4A1D-AE94-32AF6BC42736,6429,2,63.0,1,0.05677399284492145,323,18.337999688909626,841,119,676.0,97.30494111493503,216.8579,0.0,24.90242211082455,0.0,131.9122,34.26115152626868,0.0019633024383306644,0,1069,0
0EC82B9E-A2C8-4F31-A054-D53BAC6B8620,2770,7,45.833333333333336,4,0.5270758122743682,549,72.34115523465704,377,180,1247.0,213.0949863912976,1120.567,-27.28765,159.9664057610584,0.0,463.65856,102.17765164435059,-2.6069385591001972,0,1069,0
50000832-22FC-46AE-B154-E74A23D7E98F,12756,14,56.92307692307692,4,0.11445594230166198,267,7.639934148635937,245,4,256.0,99.85130001113839,191.0078,0.0,27.298042820197487,0.0,132.1,7.994012072194948,-0.004745519257165661,0,1069,0
1FBF8807-07B1-4E64-B30B-C2D1E1877D3D,12756,5,31.0,0,0.0,0,0.0,-1,48,490.0,44.79816232385983,199.9512,0.0,35.183661692496635,0.0,91.55273,11.291733758701895,-0.11448473114828239,0,1069,0
76D18AE2-B110-46B9-BE7B-1E7B80244F9F,12756,7,56.333333333333336,0,0.0,0,0.0,-1,40,452.0,145.36823246553956,345.5612,0.0,19.575550013281276,0.0,164.9872,17.99535345498515,-0.6645353735288125,0,1069,0
BB3CE716-58DB-4B32-970C-02A89E44791D,9103,3,283.0,1,0.04009667142700209,83,3.328023728441173,841,171,264.0,83.42075107171154,168.5,0.0,27.856315187953996,0.0,121.5,11.756964977671174,0.005639790920599882,0,1069,0
48EE7266-1BDE-47A4-82BF-CDD1F395B94F,7671,5,165.25,1,0.047581801590405426,322,15.321340112110548,841,140,103.0,10.371210168108256,35.45337,0.0,2.353014578544598,0.0,13.41398,-0.3335101681082566,-1.11735371645282e-14,0,1069,0
197B52E6-8B04-4F65-A492-9B84CD190EC9,12756,6,8.6,1,0.028613985575415495,5,0.14306992787707745,86,150,1083.0,292.7290591931294,867.1875,0.0,130.8957445506327,0.0,445.2209,37.49706196504957,-1.6244200845324295,0,1069,0
254F228D-C6F6-48B2-B7FC-DD75BF4E652C,5799,3,204.5,7,0.440593205725125,3276,206.19762027935852,146,170,538.0,79.32947267031817,261.5904,0.0,39.803651717353176,0.0,132.0,26.178243379064554,0.8597130189826145,0,1069,0
32A76D07-F177-4B55-BD4B-878270ADF332,1357,4,76.33333333333333,0,0.0,0,0.0,-1,168,887.0,97.61206648902272,285.0,0.0,31.35502113369342,0.0,136.635,-5.302093185010392,-0.1145953894891938,0,1069,0
5BFA5E09-A362-42B7-BA96-472D41DC178D,12756,24,33.34782608695652,1,0.028613985575415495,28,0.8011915961116338,749,62,251.0,70.75472610161455,235.7483,0.0,29.465909141634913,0.0,105.30767999999999,-3.4591000763059156,-0.09410724900304562,0,1069,0
CAFFBD2A-7BF0-4CC7-8871-DB1A6403BF51,9117,5,156.0,3,0.12010529779532741,692,27.704288691455524,137,169,129.0,21.064514702635186,183.0408,0.0,4.460401620536841,0.12010529779532741,26.85059,3.5734046111765423,-0.020877647457129073,0,1069,0
4841D8B3-A9B2-4003-A5B5-DA09D70BE96C,12756,7,146.5,2,0.05722797115083099,446,12.76183756663531,556,169,377.0,162.67151166703567,605.0,0.0,43.14299666523576,0.05722797115083099,219.02476,35.071390953334685,0.039468696071112926,0,1069,0
E1A8FA71-2D4E-4C7C-8B97-8BBD0C91DA38,2581,2,1.0,0,0.0,0,0.0,-1,168,301.0,70.74578754678748,122.4362,0.0,12.608650855253895,0.0,87.802152,-4.353335563762798,0.10304377592792346,0,1069,0
30D3BFE8-F44A-4B29-9DC6-326B60A5615F,12756,15,35.285714285714285,4,0.11445594230166198,462,13.219661335841957,528,80,85.0,38.41743980766552,71.30127,0.0,8.867212570681756,0.0,50.05371,6.401509585467203,-0.054863024051769224,0,1069,1
92905D91-5F31-4F9F-86E5-BF755E08C9DE,4826,5,14.25,1,0.07563199336924989,434,32.82428512225445,841,165,693.0,58.679539703760575,168.75,-1.288032,31.97685272160423,0.0,101.25,-19.035443019346992,0.10785281663885211,0,1069,0
D931B089-7749-4B86-B7B9-766ADA0C110B,352,13,11.5,2,2.0738636363636362,1385,1436.150568181818,59,81,804.0,171.58607681665495,598.769,0.0,145.29715755270192,0.0,348.08585,91.25971605649318,0.07036482558143922,0,554,0
39A868D5-CF3F-49E1-9798-927E95D83E24,10042,6,101.4,3,0.10904202350129456,169,6.142700657239594,426,12,157.0,40.31781466000839,70.92947,-58.54089,9.564016244093235,0.0,52.521246,4.5387802721791175,-0.002312292646516531,0,1069,0
C129B3A2-C318-4389-9EC5-F6DAFD5593FE,12756,9,46.875,3,0.08584195672624648,68,1.9457510191282534,746,92,1245.0,584.6481286956748,1092.41,-136.64,150.69933100357306,0.0,752.98,106.5183682179055,1.4401598974261434,0,1069,0
A1583F11-F115-4E6B-8407-9F2EE54C0B9F,12756,9,71.875,2,0.05722797115083099,48,1.3734713076199436,665,39,489.0,152.40432024706135,320.0,0.0,53.94240788519158,0.0,221.0,-8.203702963110743,0.06425598953675032,0,1069,0
28FD5180-AB14-4ED6-8F46-FBD6DF6BC65F,9220,4,7.0,2,0.07917570498915401,5932,234.8351409978308,766,157,346.0,71.65012717523273,887.392,0.0,40.56240889300902,0.19793926247288504,128.4,7.711130542359868,-0.6707838473077331,0,1069,0
CEC5D20A-7411-4E20-BCF4-9E248A60837E,5835,4,187.66666666666666,4,0.25021422450728364,403,25.209083119108826,467,101,160.0,35.92369361210524,86.31833,0.0,16.84400673615146,0.0,60.067823999999995,7.482060276397853,-0.12634227620292787,0,1069,0
6FDCC79E-AE91-4A12-B0E5-DBC66A0B3E0B,12756,8,26.571428571428573,3,0.08584195672624648,523,14.965114455942302,20,36,489.0,127.25639043445263,534.0536,0.0,49.26279734284626,0.028613985575415495,188.40543999999997,-14.449578147415593,0.2705843095305737,0,1069,0
B3AE58AF-D117-41E1-B509-AB12BD5D8F84,1714,10,56.888888888888886,1,0.21295215869311554,4,0.8518086347724622,625,151,1663.0,274.0117650081277,893.6599,0.09155414,91.97773368859461,0.0,379.3088,33.113916411625326,0.11208188055880974,0,1069,0
8A9CF1CD-0742-4354-A6DB-E3BCD6310CD5,4841,9,105.375,3,0.2261929353439372,356,26.84156166081388,326,136,251.0,99.19584721629903,241.5,0.0,17.937441140798267,0.0,121.5,-7.274203697780507,0.0650995150292047,1,1069,0
991CF82D-9B61-487D-94EE-5A0FB7E9A4BC,1091,6,198.6,2,0.6691109074243813,439,146.8698441796517,160,31,888.0,116.6995177086003,413.2542,-40.0093,70.51994327546805,0.0,215.81336,12.177299177973794,-0.15187047162499975,0,1069,0
79BE139F-AB21-4F01-AFBF-B966A7F65F35,12756,5,43.5,3,0.08584195672624648,113,3.233380370021951,198,118,452.0,126.77626847692336,2175.495,0.0,46.638143095871435,0.028613985575415495,186.46017999999998,-12.540023627154838,0.33746661097913927,0,1069,0
CE8A429F-C0C8-442C-8ED8-62FA0BE76EEF,12756,8,101.85714285714286,1,0.028613985575415495,25,0.7153496393853873,71,92,803.0,250.95456249514342,801.5453,-586.98,122.69272511379607,0.0,393.9514,101.15962749360023,0.7381949421582947,0,1069,0
6A3BC26D-9625-4E3A-ACD7-46E7225FD9CB,7560,8,109.71428571428571,2,0.09656084656084656,561,27.08531746031746,723,126,208.0,43.11131311119711,118.5336,0.0,18.33149464282824,0.0,67.0,-3.1372163514748905,0.10439680671787352,0,1069,0
7C97E11E-49F1-4C09-8FFE-9E5694BC59D7,8725,8,65.71428571428571,1,0.04183381088825215,11,0.46017191977077365,63,33,415.0,177.69632504828633,877.0,-6.2784,85.20837218036675,59.57134670487106,240.42582,-25.091714554459173,-0.21416155451077387,11,1069,0
A183AE88-0CCD-43E3-9CFD-1C22EA5B9BFC,187,5,7.5,2,3.9037433155080214,96,187.37967914438502,74,136,555.0,33.21691181692365,799.0777,0.0,31.211674881462546,3.9037433155080214,77.19309799999999,1.1891642292569102,0.1644699917538429,0,223,0
F758E62E-6DE1-47DD-B4A9-8A8D43EA40F1,4350,7,88.33333333333333,5,0.41954022988505746,1028,86.25747126436781,196,118,452.0,131.7040810136671,2256.745,0.0,47.48202696323545,0.33563218390804594,193.0,-12.331862986660923,0.3516555897806443,0,1069,0
DC1037C6-DB13-4BB4-B5DF-ED9615D88208,7317,6,186.2,1,0.04988383217165505,16,0.7981413147464808,900,43,414.0,39.846406847580454,226.7578,-12.7,36.150849869889974,0.0,83.20312,-38.89952561918539,-0.025056691161005205,0,1069,0
BFF392BC-577A-430C-96D3-5D0E2112E162,9291,9,68.875,0,0.0,0,0.0,-1,25,452.0,1.7963186863875573,128.9625,0.0,7.984899380432216,0.0,0.0,7.081594429461207,-0.24235361928076707,0,1069,0
054F99E1-BBE0-4652-BF4E-1D72094A40F4,5473,2,124.0,1,0.06669102868627809,41,2.7343321761374018,171,15,490.0,141.1335034352456,349.63,0.0,46.07932468632223,0.0,200.84,-3.5351077323134916,0.3039810445212646,0,1069,0
0D2A5155-DBEC-439D-A275-E3705BD72AA8,12756,5,175.75,15,0.4292097836312324,3331,95.313185951709,3,139,376.0,145.20995501325825,338.0,0.0,47.886876084223466,0.0,211.0,-8.89344266757925,-0.0679951342874062,0,1069,1
15238378-C75A-4456-A293-8EACB714B279,9776,4,227.0,2,0.07467266775777415,11,0.4106996726677578,262,136,151.0,21.08769377999805,43.0,0.0,5.50110529526609,0.0,28.0,-1.2227246441955835,0.018046466641953342,0,1069,0
E6946B30-E217-4772-A8F2-EDDF48594007,353,6,76.6,5,5.169971671388102,145,149.92917847025495,327,109,226.0,45.60364852500023,127.0,-89.3,16.313690503709655,0.0,66.0,-4.7211639570989945,0.046158819332939256,0,1069,0
A9CF3A2C-161B-4512-8A8C-CF3B45C25843,12756,12,62.18181818181818,3,0.08584195672624648,297,8.498353715898402,23,5,741.0,243.24961056559357,396.7578,0.0,53.79293676153491,0.0,291.46856,-67.9281714861954,-3.557451180901988,0,1069,1
452330AD-2F39-4C09-B014-3E21FDCF4046,294,7,33.166666666666664,0,0.0,0,0.0,-1,84,472.0,50.2270887157905,999.1739,0.0,70.0587591016733,3.7244897959183674,148.85735,-17.09728512001118,0.1430052136047694,0,392,0
6D8E26F6-EF80-49A0-A334-86A9CC07606B,12756,4,23.666666666666668,1,0.028613985575415495,16,0.4578237692066479,1053,132,276.0,55.298202144113,138.1836,0.0,17.768612701937425,0.0,75.87891,-10.487207003835223,-0.08775519269107522,0,1069,0
373BE085-2525-463A-856A-036D6A1FCD2B,9618,4,35.333333333333336,1,0.03794967768766896,91,3.453420669577875,458,133,271.0,26.001261580802336,77.65625,-53.40542,17.218932168778466,0.0,46.70313,6.996680226296434,0.029310891506921673,0,1069,0
99CD5C44-DBCF-4F5D-8CA3-FDD9508FC4FE,2915,12,49.81818181818182,1,0.12521440823327615,75,9.391080617495712,228,5,452.0,153.40244605995042,353.7225,0.0,61.883476501644225,0.0,232.5245,9.690309771453883,-0.2138124134946883,0,1069,0
98BAFF66-96A5-46FD-AEEB-947E869F99D9,5124,2,0.0,1,0.07123341139734582,7,0.49863387978142076,89,129,1039.0,160.91950545477374,628.5,0.0,79.72001258776329,0.0,270.0,-60.775084158477455,0.26070739757528916,0,1069,0
0E1EFDA6-4CFD-43ED-941E-2236A69EE917,6484,16,45.733333333333334,3,0.168877236273905,305,17.16918568784701,699,52,259.0,90.65076068643765,183.75,-8.205465,16.760002840387923,0.0,111.75,11.135061072821614,0.029604177813348526,0,1069,0
6CD33829-8A6C-4778-8BD6-E3606033983A,6646,3,232.5,2,0.1098405055672585,1454,79.85404754739693,63,127,377.0,177.62762635187053,378.556,-7.799988,53.23202503523657,0.05492025278362925,243.0728,-14.891273044771793,-0.05221627759158402,1,1069,0
2BD05842-C822-4B32-90E6-AE4E4ED497B5,12756,11,86.5,4,0.11445594230166198,125,3.576748196926937,126,110,377.0,127.61855735386757,284.9854,0.0,27.99603161176773,0.0,151.6663,-10.725274386120674,0.02838982355091744,0,1069,0
92D1B331-43BB-4AB4-8533-685FDCE75A8A,7068,2,1.0,0,0.0,0,0.0,-1,122,497.0,90.14751175785645,313.53,0.06,54.826614895206795,0.0,172.56,-16.489807282547815,-0.12820343903919026,0,1069,0
76E43C8C-544B-439F-AF27-2FC492938676,5342,8,40.0,7,0.4782852864095844,97,6.627667540247098,242,43,301.0,98.95573923266092,240.8846,0.008972168,17.446124807114344,0.0,125.2127,14.768132718313169,0.05092386016694851,0,1069,0
E1CB2A4B-6019-49F5-8AC3-700EE7461768,12756,7,124.66666666666667,6,0.17168391345249295,274,7.840232047663845,150,120,693.0,226.62254190870829,394.6,0.0,27.22101065340418,0.0,257.8,-13.793575859325529,0.2074858693115187,0,1069,0
1AC1C574-BD15-4F62-9C7C-BAFE4220F780,12756,11,51.1,0,0.0,0,0.0,-1,83,706.0,221.784307819398,1998.465,0.0,86.90870337288445,0.11445594230166198,316.2003,7.948090552052605,-0.7615787344746742,0,1069,1
DF7F18E3-8854-40DA-BBC7-FD0BBFB79A1C,4807,3,426.0,3,0.22779280216351153,426,32.34657790721864,93,117,259.0,66.22025855401635,233.1762,0.01313791,20.331884225275704,0.0,93.81120599999998,-14.816961947380555,-0.011780581069615444,0,1069,1
D575E2B8-849E-44B4-ADE1-B032BB48C657,8081,4,249.0,2,0.09033535453532979,619,27.95879222868457,464,108,375.0,138.24975243426724,403.34,0.0,46.09880998174215,0.1355030318029947,194.32,-18.48464496493112,0.1936659584267843,0,1069,0
274A3B8D-5C78-41A0-87DE-1A828ED02C48,714,4,234.66666666666666,4,2.044817927170868,32852,16794.089635854343,113,114,497.0,42.54985112192393,255.0,0.0,34.3918268594214,0.0,91.0,29.780550112643972,-0.537596548270802,0,1069,0
66D9C403-3113-485F-BFE7-C5B5AFCB1D83,8342,12,77.18181818181819,1,0.04375449532486214,528,23.102373531527213,1065,111,739.0,88.57099125430146,443.7591,-50.1,57.306098099004814,0.0,171.40127999999999,-27.560126005844666,0.4254841057228888,0,1069,0
BBB6A57C-8FCC-4797-A32B-C607596EE51F,10074,8,131.42857142857142,3,0.10869565217391304,38935,1410.6884057971013,165,110,489.0,121.2514902626084,350.0,-307.0938,40.447814752352606,0.0,171.0,10.0292196139348,0.026317035024774088,0,1069,0
8CA5C88C-E442-4CAB-9163-07A7295021A4,4146,2,433.0,1,0.08803666184273999,25,2.2009165460684996,182,105,452.0,144.3881817071822,431.1371,0.0,34.11244761155863,0.0,186.0,-10.239261954095781,-0.020241753668848412,0,1069,0
20EE3B08-3F70-4CDC-B7CD-B4B6D7EFC497,4029,5,256.0,1,0.09059319930503848,13,1.1777115909655003,63,14,452.0,183.05838299446418,387.2,0.0,52.215488060324944,0.0,248.8,-20.040617362519754,0.11899200708862846,0,1069,0
80F74B56-E49B-456A-AA72-EE7EF373FAB1,5666,4,32.333333333333336,8,0.5153547476173668,598,38.522767384398165,37,101,402.0,118.34034671853351,265.0,0.0,25.870157634864203,0.0,150.0,10.437045256775122,0.033440628243879104,0,1069,1
8D4FE0DC-9C23-4AAF-B28D-2C90851B134F,6986,4,233.66666666666666,5,0.26123675923275125,300,15.674205553965074,100,101,734.0,151.70256096297007,355.0,0.0,45.50091536550111,0.0,207.99257999999995,2.7755783958262157,-0.24052206003214566,0,1069,0
DB3C99CD-9393-4AAD-B2A4-05740DFA76D1,-11,11,87.6,1,0.0,652,0.0,293,10,452.0,85.53677623319261,201.0,0.0,23.914614186348356,0.0,117.39999999999418,-13.5532114183778,0.10237757976515534,0,1069,0
FF0AA7C0-6553-4E3E-B265-B1FD2B36C206,12756,7,32.5,1,0.028613985575415495,168,4.8071495766698025,841,34,251.0,98.4931311438411,208.2036,-11.07723,32.232091468803446,0.0,139.23024,-10.077040907930595,-0.02970321600381196,0,1069,0
14D19538-77CD-4509-8593-134C1D663F49,5960,8,105.0,0,0.0,0,0.0,-1,96,489.0,104.76584231369897,295.1255,0.0,41.86098649316286,0.0,161.13214000000002,-10.945769702433537,0.3188303985955439,0,1069,0
F3C72DA8-746F-4BFA-AF0B-CDB4AFEFD28D,12756,3,341.5,0,0.0,0,0.0,-1,95,312.0,55.23411307057316,136.0,-1.9,20.191463884688662,0.0,82.0,-18.044298255758342,0.13247085831352498,0,1069,0
BF1E6491-B741-4888-90A8-7135C7A10D42,4536,4,303.3333333333333,4,0.3218694885361552,670,53.913139329806,55,94,225.0,29.71626025462222,69.58008,-0.202634,6.249814125169444,0.0,37.53662,4.771471154251238,0.046713015995370116,0,1069,0
377D8035-8E88-4BC1-88E2-385158BC0C17,2467,2,47.0,0,0.0,0,0.0,-1,41,302.0,47.86727175078444,1041.261,0.0,21.614276350616404,0.14795297932711796,72.110146,-12.807829927849262,0.05903783261556601,0,1069,0
0B604511-D550-455C-A815-9F752D51C59E,822,4,44.0,4,1.7761557177615572,231,102.57299270072993,244,53,451.0,197.30241989994434,298.0,0.0,37.0425864101851,0.0,244.0,11.864864050672935,0.34333731187645705,0,525,0
E4F52558-59FE-4BF5-8B4B-4149F3599B93,12756,6,35.2,3,0.08584195672624648,939,26.868532455315147,58,84,1039.0,133.98242656533986,492.7368,0.0,78.93717356455717,0.0,244.812,-21.060337109321353,0.12379707934268054,0,1069,0
E7C975C1-526E-4E0E-94D3-6A9ACC47F556,12756,2,0.0,5,0.14306992787707745,260,7.439636249608029,91,86,450.0,101.00934927111047,363.0,-10.35292,45.076748812985365,0.0,159.0,-30.813863159999357,-1.116970630805014,0,1069,0
7C9FD8ED-0444-44C5-BE90-4A54401B42F9,3746,6,42.4,4,0.389749065670048,383,37.3184730379071,237,10,301.0,67.33756445165783,161.3619,0.0,11.363373952357737,0.0,81.971856,9.132072493558212,0.090996885241251,0,1069,0
2189AC8E-3FEC-4A31-A660-EB794CA97567,7045,9,123.875,3,0.1554293825408091,371,19.221433640880058,377,39,763.0,220.62241864683787,462.7991,0.0,89.83568129787821,0.0,319.6106,-121.68042539182642,2.20231515957985,0,1069,1
B0F7390C-6116-4937-8C35-D8F887A7EF90,12756,1,0.0,2,0.05722797115083099,279,7.983301975540923,426,82,261.0,49.20548989040246,125.9868,-106.941,11.521296492535054,0.0,64.16261999999999,5.173255405608344,-0.019568699135206154,0,1069,0
F84DCB9B-F130-4277-A5D2-0A9807D3463D,12756,5,216.5,2,0.05722797115083099,40,1.1445594230166196,665,0,452.0,150.33641422781943,318.0,0.0,53.25010543109607,0.0,218.0,-12.859948178436724,0.22236290031221384,0,1069,0
FFFDB39B-D066-4224-9848-6D9ACF52BE69,2160,3,84.5,2,0.33796296296296297,257,43.42824074074074,840,80,301.2,44.5316288911577,319.9724,0.01071342,13.165904027424132,0.8449074074074074,61.749308,6.567686375551396,0.010519470492933794,0,1069,0
877E4C2A-402B-4EB8-B31A-4B22E138185C,1975,7,150.0,2,0.369620253164557,37,6.837974683544304,849,80,301.0,74.50580002844652,262.2364,0.0,41.62201197431932,0.0,132.62044,51.45526074084363,-0.5141100936862649,0,1069,0
41A1D1DA-43DD-449B-A2DE-37FC4BF6B391,12756,5,68.5,7,0.20029789902790845,856,24.493571652555662,467,80,264.0,112.27495254598088,265.7938,0.0,23.150816399092236,0.028613985575415495,142.4997,-3.192067024144464,-0.10198519007804431,0,1069,0
EB21CB81-C854-433D-A187-77C1504AF8F9,5038,5,174.25,0,0.0,0,0.0,-1,75,259.0,130.39627004305686,243.8835,0.0,36.56863306649144,0.0,179.74179999999998,-11.904734882100072,0.1827684562762743,0,1069,0
D25583F6-FEC0-4046-B2BD-EDC9B903B6C2,4450,8,116.85714285714286,4,0.32808988764044944,735,60.28651685393258,208,57,181.0,57.778672720434415,182.2769,0.0,25.803138185691704,0.32808988764044944,88.49487,-31.930230805767746,0.6930888087424338,0,1069,0
42918901-CC0A-4828-BAFD-BB861E440C5D,12756,4,301.3333333333333,2,0.05722797115083099,182,5.2077453747256195,841,70,266.0,113.49904766241455,268.4,-39.4,23.33537631318474,0.028613985575415495,143.2,5.648869004252106,0.2106916606072826,0,1069,0
123DA990-7674-4A6B-9D4F-61A9223F8AF1,12756,7,99.66666666666667,4,0.11445594230166198,39,1.1159454374412043,483,39,266.0,119.82996075608058,194.4,-3.04,21.816744097075414,0.0,146.4,4.017141626635478,0.19985215001612122,0,1069,0
7EE736BE-2EFD-402E-BB49-4A8EFD89B1AE,4441,3,59.0,3,0.24656608871875704,78,6.410718306687683,200,73,193.0,24.477360260071425,534.52,0.0,10.029927050070361,0.16437739247917135,35.635645999999994,2.1691809706384504,0.07159987018456787,0,1069,0
4129116B-40CE-4E4F-AD47-C6FC5815983B,397,4,93.0,6,5.516372795969773,781,718.0478589420654,268,73,226.0,50.89904897611082,109.2983,0.0,15.030660547097293,0.0,70.460868,1.8462627715743665,-0.009753913388421761,0,385,0
69B934B9-23D6-4AE0-9FFF-FCEEC30B599D,12756,8,99.0,7,0.20029789902790845,962,27.526654123549704,144,73,256.0,4.402649745245388,445.0,0.0,18.448680285419943,0.17168391345249295,0.0,-4.402649745245388,0.0,0,1069,0
9D5E0888-AED0-4421-A5AB-7A8439AAAEA3,5090,2,1.0,4,0.2868369351669941,330,23.664047151277014,171,73,391.0,146.13888430633526,278.5,-604.0,43.60262351058515,0.0,211.5,-14.59320529398957,0.22885581438940591,0,1069,0
4DE3157C-A45C-4533-ADE6-753F54E1D0D1,8991,6,179.8,0,0.0,0,0.0,-1,43,820.0,123.4772707418996,436.0,0.0,73.3105129902453,0.0,228.0,-37.49679234683788,0.3522725142106499,0,1069,0
511322E9-E726-47A3-B34A-2FE59DE46B4A,12756,4,296.3333333333333,2,0.05722797115083099,71,2.0315929758545,841,69,266.0,116.68247757936471,283.4,-6.466375,24.159738886890704,0.028613985575415495,147.4,5.454050198413057,0.23432684876494386,0,1069,0
D980B5F9-43F2-4558-84B7-2BEBFA474220,9598,4,250.33333333333334,3,0.11408626797249427,344,13.081892060846009,37,69,271.0,96.06690413509727,209.0926,0.0,16.41489145369109,0.0,115.09718,-0.664932575652827,0.030115374040555785,0,1069,1
F2678BD3-6AE1-4216-A103-B84BBD8D527F,12756,12,28.727272727272727,0,0.0,0,0.0,-1,48,788.0,85.48349092872428,452.01,0.0,64.14307123984315,0.0,172.99,-15.525965465761317,0.3415126656010924,0,1069,0
7408DC56-68AB-4F1B-AAE4-7BCED4AFE0EB,3656,6,204.4,2,0.199671772428884,577,57.60530634573304,841,7,151.0,39.47287236464642,276.0,0.0,14.007761298249067,0.49917943107221,57.5,4.654731802020244,0.00021043121460241366,0,1069,0
26C1600C-6E36-4699-9514-8F4F8B7B5F1C,7654,4,321.3333333333333,3,0.14306245100600992,798,38.05461196759864,206,66,228.0,51.35937886492289,209.0,0.0,18.577377772022892,0.0,75.2,-1.2258912104475783,0.09363586267241633,0,1069,0
87B0FC7B-CFC3-4BED-B4D6-B9A86E4C0C34,4752,7,145.16666666666666,2,0.15361952861952863,61,4.685395622895623,50,66,226.0,22.409967595126428,205.8016,0.0,12.911103897268756,0.0,39.2,3.47543365047542,0.03283800468019523,0,1069,0
84A3DB08-E6EA-4D2B-A671-02A8B2D6C633,12756,5,135.75,2,0.05722797115083099,97,2.7755566008153028,764,58,473.0,99.00430550243613,265.7318,0.0,34.66741072024647,0.0,141.9067,-16.28091420822315,0.38651303884578003,0,1069,0
1EC7AB52-FDE2-44DF-B256-0AF19450EE57,2661,2,0.0,1,0.1371664787673807,61,8.367155204810222,623,57,803.0,131.3112231265816,382.8577,0.0,41.26379849862859,0.0,181.137,6.734471486844313,0.26291654955388943,0,1069,0
AA75FA33-9E52-47D9-8FEE-A5BC69C0712E,6786,7,152.83333333333334,4,0.215148835838491,106,5.701444149720012,38,36,223.0,32.92171007804587,148.5255,0.0,17.21900718260097,0.0,55.51016399999999,-12.122532215394788,-0.02904632998248146,0,1069,1
D9EEC8F0-5C25-4E15-857F-5A3C7DB717F9,5477,2,0.0,2,0.13328464487858316,155,10.329559978090195,240,52,804.0,139.17198782666676,446.7563,0.0,43.82014039259626,0.0,188.21383999999998,5.001300759752979,0.2951613490690306,0,1069,0
F1ACDD45-7F87-4CDC-A972-21CBC8A9065D,2272,4,263.3333333333333,9,1.445862676056338,588,94.46302816901408,416,45,208.0,39.528828789377215,464.8922,0.0,21.693260537272337,8.835827464788732,70.46023,14.476701002829579,-0.2111693431585093,0,1069,0
D30FEB9F-EE6F-4D1D-A866-3F9C49A8C632,2137,6,148.6,2,0.34160037435657464,52,8.88160973327094,657,11,452.4,131.61532674540882,399.3103,-35.19893,43.67465172789433,0.0,188.82335999999998,-23.72397496051839,-0.08681678179201886,0,1069,0
B69589E2-6807-418A-B60E-EB9DF2CF9414,4560,3,153.5,0,0.0,0,0.0,-1,52,301.0,101.29703948380634,209.3423,0.6445879,26.41729877982426,0.0,132.86821999999998,-12.995421643459125,0.27891081768033804,0,1069,1
807F912E-403C-4C70-8A4E-842A99653258,4909,2,1.0,4,0.2974129150539825,335,24.90833163577103,467,52,264.0,110.7853446139325,524.5007,0.0,22.56690284678163,0.3717661438174781,140.30938,-3.012416289086829,-0.12973231452167594,0,1069,0
11ED973B-5F01-4B0B-813A-97DA58168C83,7245,2,697.0,0,0.0,0,0.0,-1,50,450.0,112.23149863068947,208.03,0.0,24.703091430485376,0.0,143.79,22.258286091532753,0.13894971201279052,0,1069,0
5274FE5A-D854-4898-BCA6-251B934FF370,1921,1,0.0,1,0.19000520562207185,235,44.65122332118688,51,47,708.0,103.74801683828476,238.0501,0.0,33.63929646852771,0.0,147.1007,3.171027336097964,0.12868372588627244,0,1069,0
75C1D0C1-B81B-4D77-92A1-CB0AB19F2E10,12756,8,29.714285714285715,1,0.028613985575415495,28,0.8011915961116338,306,42,306.0,103.32328826453387,464.0,0.0,39.1378636137873,0.14306992787707745,154.8828,-26.812039728345596,-0.08663882088005616,0,1069,0
C9DA295C-FDC8-494F-8CD0-864EBF9A2BFE,12756,2,1.0,5,0.14306992787707745,72,2.0602069614299157,22,41,792.0,221.92830270544536,597.37,0.01,56.39106622706633,0.0,300.31,-38.00069236593919,0.32010517359236984,0,1069,0
A3568790-8909-4A14-BC34-BE2796EBAAC2,1290,3,3.5,0,0.0,0,0.0,-1,32,452.0,43.12219874111379,513.7,0.0,26.496749513194704,1.4147286821705427,81.15501799999998,-5.831516470558235,0.434392027832157,0,1069,0
8E9F1020-6887-47D2-897C-C8C8FB015B90,12756,5,242.0,1,0.028613985575415495,121,3.462292254625275,95,13,151.0,8.671407755306484,119.0,0.0,2.699260012729928,0.0,11.0,-0.9213305948126571,-0.04089673850910763,0,1069,0
59210FF9-D5FE-4EEF-B238-D10ACCA19706,3450,4,235.33333333333334,4,0.4231884057971015,527,55.755072463768116,107,38,301.0,56.59329243419178,148.7008,0.0,17.298167179200075,0.0,79.09317399999999,4.760836398910072,-0.2954732034207623,0,1069,0
D85F6C68-413B-4541-B487-97D96FBD9BF0,4850,4,208.33333333333334,1,0.07525773195876288,329,24.75979381443299,841,35,675.0,96.5518740307428,352.6052,0.0,25.551280601756556,0.0,131.496,32.81063364441155,-0.026369382654247615,0,1069,0
607B267C-54D0-4206-9517-FE3935888926,6379,7,129.33333333333334,0,0.0,0,0.0,-1,34,489.0,78.20478280269569,229.0,0.0,26.33994525903908,0.0,109.0,-31.577159345905564,-0.4814730213607351,0,1069,0
45D920F7-00C9-4288-B627-F1B234B33629,6455,7,110.16666666666667,0,0.0,0,0.0,-1,34,181.0,60.23767770606334,185.2539,-127.0965,23.778051067714017,0.3958171959721147,89.25781,-14.3681451049831,-0.46042240114869765,0,1069,1
86A0511C-438D-4C45-93B4-5CA8959ACC25,2537,2,0.0,5,0.7193535672053607,65,9.351596373669688,446,31,452.0,79.31686924668081,202.2754,0.0,29.509945071363312,0.0,115.29008,-10.874974911611375,0.08863679652353126,0,1069,0
222B2D58-B4E6-4608-A993-EE22E726CC11,12756,4,287.0,3,0.08584195672624648,383,10.959156475384134,30,31,78.0,12.64155972608195,187.4019,-96.26875,2.560660145163977,0.14306992787707745,15.651765999999997,1.8651109242266912,0.0032725662332315137,0,1069,0
068B377A-FD3C-4F29-9C9A-92AC88378806,4209,6,110.2,1,0.08671893561416014,364,31.56569256355429,841,27,832.0,194.0228481776786,390.0,0.0,44.744735080627734,0.0,249.0,-8.787508671505776,-0.019280615348223156,0,1069,0
0F0728DC-114B-4FA9-947E-6DE866090D6D,3535,3,118.5,2,0.2065063649222065,94,9.705799151343706,17,27,451.0,181.15982816121794,366.5321,-15.44369,59.96884543716856,0.0,254.18851999999998,63.17772526976049,-0.45061458837879487,0,1069,0
F23D9E97-D7AD-48C5-848E-EB3BE56A2D84,9817,4,323.6666666666667,11,0.4089844147906692,1377,51.19741265152287,3,23,450.0,97.27523336824369,344.45,0.0,47.45115329361063,0.0,154.20399999999995,6.787805212003221,0.30438525332336797,0,1069,0
F230D24D-7437-46E8-97E4-1683B8C7725F,7005,11,71.8,1,0.05210563882940756,403,20.99857244825125,469,0,452.0,111.6211475721246,251.2848,0.0,24.825587815403317,0.0,141.7236,-1.7703379278344755,0.0969544916295209,0,1069,0
DD781548-7E94-4620-ABAF-F126BA57E2A3,12756,3,56.0,0,0.0,0,0.0,-1,21,1370.0,315.6904851457454,850.39,0.0,128.95184388214798,0.0,491.41,-69.70647511488124,0.006644504008027192,0,1069,0
B9DAFA34-ACAD-45A2-9EA9-FA166E912DA2,23,1,0.0,0,0.0,0,0.0,-1,19,1039.0,16.38480490983462,348.2782,0.0,45.553162571063694,0.0,50.99183,5.096230601199327,1.0406631994857298,0,119,0
0D36B8DE-6935-4684-825C-8EEF2AFB468D,9835,7,164.83333333333334,2,0.07422470767666496,1637,60.75292323335027,281,15,150.999,54.38868907247107,259.5215,0.0,23.348464599467626,0.9278088459583121,82.85065,-12.555641161083713,-0.40814447519783154,1,1069,0
7338441F-16FE-4E26-83E1-567455692E6F,3655,2,355.0,2,0.1997264021887825,36,3.595075239398085,508,13,250.0,62.067860275683515,538.7697,0.0,22.126926205297135,0.1997264021887825,91.0,-18.852196695436604,-0.33098719320634995,0,1069,0
183F635A-7D31-489D-8B9B-0140D4625984,4997,7,166.5,1,0.07304382629577746,5,0.36521913147888735,660,13,682.0,181.76189145540442,302.3207,0.006910498,40.069515689887425,0.0,232.43308,5.634029830058552,-0.06745463359726402,0,1069,0
AEBA6A3D-153A-425E-B838-E54D62817C3C,2006,6,73.4,0,0.0,0,0.0,-1,10,415.68,91.9574585172286,223.68,0.0,29.80023988306205,0.0,129.27374,-5.948337435052679,-0.03488961133510386,0,1069,0
C54CE7F4-0609-4E82-ACE8-41E113F04B46,347,5,155.25,11,11.570605187319885,733,771.0230547550433,16,11,226.0,46.83686423143625,125.2441,0.0,20.67530857261858,0.0,73.97461,-15.56055250304119,-0.0004322092805550933,0,1069,0
6D91627C-0809-4F4A-B786-CFFA4028E126,4364,4,217.33333333333334,2,0.16727772685609532,19,1.5891384051329056,700,10,452.0,132.55045054304057,324.0,0.0,40.568082579012184,0.0,185.0,6.984117358193998,0.45827651333258035,0,1069,0
6C890ABD-5E44-4EA7-B7D1-7B01729CB2A5,2922,4,130.0,0,0.0,0,0.0,-1,6,452.0,135.11871857162376,260.9429,0.0,29.762296861291006,0.0,172.2858,-6.655936295389182,0.18214738796387625,0,1069,0
5F0C3A57-9E28-444B-AD0F-C50B861004C1,4997,9,89.75,3,0.2191314788873324,65,4.7478487092255355,252,5,682.0,182.03973254763918,302.9641,0.01949582,40.108253647140124,0.0,232.7005,5.7690104675945975,-0.06360378444420876,0,1069,0
3287E045-CC5A-44F5-89DA-DCD69DA1E5F1,6667,10,81.88888888888889,6,0.3284835758212089,219,11.989650517474125,321,3,251.0,100.89216286107191,237.9,-86.18622,38.06265486531284,0.0,148.4,10.134613756983654,0.28647252707858095,0,1069,0
168B55CD-3653-4846-B11A-2C029F97E6BE,1451,3,38.5,2,0.5031013094417643,292,73.45279117849759,79,3,90.0,3.3015156324646933,7.507507,-131.248,0.9113438381395144,0.0,4.204204,0.4376171145491954,-0.0016040136114977125,0,1069,0
31233CF7-B98C-421C-BC39-314064817E1E,4004,5,108.0,1,0.09115884115884117,83,7.566183816183816,69,2,554.0,69.50005358024289,189.7942,0.0,25.18074693651365,0.0,100.8969,18.231140693676835,-0.04633077666146738,0,1069,0
81737197-5406-4565-9D1C-43D983177299,7983,4,326.0,1,0.04572215958912689,65,2.971940373293248,324,0,693.0,141.2741216085008,394.656,0.0,56.05166567265605,0.0,221.952,35.400570984091786,0.19575590127709255,0,1069,0
2E270BD4-33B3-4CB2-B24B-C8E7FFF4B72D,4608,1,0.0,8,0.6336805555555556,1478,117.07248263888889,37,675,402.0,120.73212653437588,390.8688,0.0,24.62611722816132,0.0,151.35272,7.481373322877204,0.045522179022323785,0,1069,0
C3F611C1-25DF-46AE-B06C-114862138B82,999,4,60.0,0,0.0,0,0.0,-1,794,802.0,108.9913691449778,524.6429,0.0,69.46820457211177,0.0,189.8117,29.361247995454306,-0.6547616879920493,0,1069,0
C4B816A6-01D9-49D2-9464-EE4D11138AFE,12756,11,91.9,2,0.05722797115083099,79,2.2605048604578237,363,41,266.0,116.54632888171889,276.2,0.0,24.543398640584073,0.028613985575415495,147.5,4.275445809639152,0.24423096358479274,0,1069,0
ED424732-3580-4C2C-9F42-057AED83126A,380,2,143.0,1,0.9605263157894738,84,80.6842105263158,69,70,803.0,11.376435729882925,999.9147,0.0,54.722487152803964,8.644736842105264,3.8513,-7.67636651800021,-0.03817940116830268,0,469,0
5B6A4864-6D93-42FC-94D0-4E97AB2041BB,8059,5,67.0,1,0.045290979029656286,1,0.045290979029656286,664,349,150.0,25.325727945188547,347.0,0.0,24.86666787565318,0.045290979029656286,56.0,33.027744277033676,0.7182373338271977,0,1069,0
9E5EC2AA-D247-40C5-AC4F-1F8592D6DFE7,999,4,271.0,0,0.0,0,0.0,-1,160,802.0,91.42668580780865,288.6543,-121.6507,64.02916862876742,0.0,174.2592,-78.10349436467594,-0.7226852379583892,0,1069,0
7EEC2A6F-8B55-4FA9-A5BF-C96FB85F3618,6566,0,0.0,2,0.11117879987816022,9,0.500304599451721,1050,0,489.0,94.11549044735148,205.0,-187.8,20.75414620738654,0.0,121.0,9.409663873636177,0.12766345182066208,0,1069,0
F8D8B824-1D6B-4827-9884-6254A2C7CF5B,12756,4,83.66666666666667,1,0.028613985575415495,22,0.6295076826591408,306,300,276.0,95.48607380743134,200.8789,0.0,34.09134631988291,0.0,140.9668,-22.854773735903564,-0.1003895898908581,0,1069,0
A119817A-A6B1-4E40-AA55-7B3AC6AA0B59,1149,1,0.0,0,0.0,0,0.0,-1,965,453.0,7.17980277297417,82.88313,0.0,3.761064552331099,0.0,11.488738,-0.09933983192478646,0.020473550574939405,0,1069,0
870FB91B-E5D8-4EA0-B4EA-4A3A8FC2E635,7183,2,19.0,5,0.2540721147153,110546,5617.331198663511,46,938,798.0,158.01423638146193,377.578,0.0,70.02218517047741,0.0,243.9843,-10.379779041955743,0.43929751550705165,0,1069,0
9E31BE67-A0C8-4797-AAE7-CEAD8350BE84,1077,7,162.33333333333334,1,0.33890436397400187,230,77.94800371402043,1023,87,753.0,203.1398399281909,461.1739,0.0,58.42497046553751,0.0,270.8416,-3.3666822198575517,-0.03582228449004684,0,1069,0
29A38419-1EBD-47A7-9E93-FAF29C4D415A,12756,6,175.2,1,0.028613985575415495,30,0.8584195672624648,362,183,403.0,44.35124630221105,241.4,0.0,27.26676470919717,0.0,81.9,9.993136413838329,0.1891426810808374,0,1069,0
C92771E1-8125-4EDF-A205-E93AE3DADC26,12756,6,158.6,0,0.0,0,0.0,-1,260,739.0,175.84688287932502,430.0,0.0,56.202027078547985,0.0,249.0,8.683518355242882,-0.3035700566601339,0,1069,0
A1478965-DF45-4C9E-A2C1-51B8554473DF,1442,6,210.0,2,0.5062413314840499,156,39.486823855755894,357,1,416.0,59.18717456830354,213.4098,-0.03,35.36620695480347,0.0,107.75106,22.682307447977315,-0.3629295871702643,0,1069,0
420071ED-4053-473C-BE00-F2AD57C552C9,7135,6,185.0,3,0.153468815697267,385,19.695164681149265,713,115,264.0,78.05356833870432,169.0,0.0,25.600815325104392,0.0,112.6,9.231485673641359,0.009814351794604418,0,1069,0
144C568D-B7F1-4C0C-9A19-274906B7F19E,12756,2,6.0,0,0.0,0,0.0,-1,1033,262.0,3.617926465812771,185.7422,0.0,20.722949339207723,0.0,0.0,-3.617926465812771,0.0,0,1069,0
4003EE70-B45C-44C7-891F-BB1F6EF6F1CB,12756,5,233.25,2,0.05722797115083099,143,4.091799937284415,408,103,440.0,135.9692319440957,325.1953,0.0,65.11454174715121,0.0,216.6138,-4.147295481132716,0.7373185309948158,0,1069,0
4A54D358-17CE-4805-8FA5-0AA098671906,8768,6,205.4,3,0.12488594890510948,3773,157.0648950729927,422,4,1330.0,243.47983550931846,908.0792,0.0,126.06360752865845,0.0,448.91997999999995,-107.22357021919498,-0.09699138955211227,0,1069,0
18971934-C7F4-4707-BE7F-465705C731B3,4434,2,847.0,3,0.2469553450608931,309,25.43640054127199,313,184,326.0,61.91867834095508,370.4519,0.0,14.658468856603642,0.4115922417681552,80.0,8.110158457656027,-0.029080735949980802,0,1069,0
0942C5EB-FC42-41D6-BEFF-7265CCA5583F,12756,4,177.33333333333334,3,0.08584195672624648,2842,81.32094700533084,473,498,276.0,110.97141266661032,217.43,0.0,30.00605429179132,0.0,147.82,3.8498519938835187,-0.01354567722135027,0,1069,0
80904C47-EAC6-45D1-96FB-37B55200D33C,3307,2,1.0,0,0.0,0,0.0,-1,1028,301.0,77.88086540787239,180.0,-6.953444,28.049754209500975,0.0,116.25,-3.1587396362674554,0.11025673894347002,0,1069,0
FF9BC881-886E-4CB1-84B1-BB30CDDB0ADD,2814,3,143.5,1,0.1297085998578536,18,2.3347547974413647,115,738,451.0,100.4156526698303,232.4771,0.0,37.68409229243181,0.0,141.01829999999998,-13.009959596913632,0.15602815912113355,0,1069,0
612A09FC-6A8A-4303-A78E-87F7616EC271,12756,8,143.28571428571428,1,0.028613985575415495,5,0.14306992787707745,890,46,693.0,137.78064479404398,337.7295,-9.0,46.34422104624978,0.0,209.7539,-43.305794468118066,0.13213319707522597,0,1069,0
B958F294-B632-4375-82AE-0CBE6CBAF442,1046,3,110.5,8,2.791586998087954,651,227.16539196940727,468,801,301.0,33.62215633766352,68.54248,0.0,12.832865202043637,0.0,46.11206,-1.5349383067993188,-0.005193782831017412,0,1069,0
CAE06DB1-C28C-4DD7-8229-3FC558CC8FCD,3293,3,184.0,1,0.11084117825690859,37,4.101123595505618,374,654,451.0,180.5812591740358,2099712.0,0.0,5355.663669522227,0.11084117825690859,287.79888,8.137801813309864,-0.7015965566688471,1,1069,0
A67F23BF-12EA-4930-833E-716FD347EA9B,8067,3,471.0,0,0.0,0,0.0,-1,78,1245.0,308.7863666109402,832.57,0.0,126.41106733307485,0.0,481.42,-85.36559654921183,1.1086402985277668,0,1069,0
C182103F-59D6-42A0-96E7-3C5AB13F279B,5835,4,303.0,6,0.37532133676092544,292,18.265638389031704,467,102,160.0,39.12882575202079,894.3032,0.0,17.5021283761864,0.31276778063410454,63.49803,9.796931069738477,-0.09642374637877751,0,1069,0
040F8C6B-6154-4F65-90DE-0A928E5DF927,2386,6,187.4,8,1.2238055322715842,127,19.4279128248114,243,64,151.0,25.630769286295642,80.31917,0.0,9.890607791235713,0.0,38.961175999999995,0.058544966526120845,0.12744966210666916,0,1069,0
0A766EC1-AA11-4B41-841B-B550585BD4FA,12756,15,64.92857142857143,0,0.0,0,0.0,-1,89,301.0,123.76121307779378,353.9307,0.0,40.55955245393666,0.14306992787707745,166.4063,-69.60869630541724,0.04502233099817528,0,1069,0
AF6F4292-7FD7-4D2E-8B50-818B9A886964,9362,7,149.0,3,0.11696218756675923,72,2.8070925016022215,367,101,251.0,70.78571293412348,212.4987,0.0,22.10562054824351,0.0,102.04546,-5.702123950404342,0.1218404439308912,0,1069,0
AD25229F-6579-44E2-BF43-AC29981611E0,2908,4,169.33333333333334,2,0.25103163686382396,204,25.60522696011004,841,486,831.0,169.54713550803305,609.7018,-13.30965,31.700353942724366,0.0,207.04185999999999,4.255290444899032,0.5349669666126668,0,1069,0
C1EC1AEA-C136-48C4-93D2-98466AFE7BC7,3272,3,172.0,3,0.33465770171149145,36,4.015892420537898,469,649,472.0,94.14055748029688,353.5162,-0.0778222,47.66108983463777,0.0,159.7545,5.196780373869785,-0.36323091688456655,0,1069,0
F0BE2E77-EABB-44C4-9A60-79EDF3CD87B7,12756,4,142.0,3,0.08584195672624648,199,5.6941831295076835,474,565,251.0,83.99788556993892,179.1,0.0,37.16590177415799,0.0,126.24,-0.009122945710529962,-0.025938808504674327,0,1069,0
50CFD97F-A9A9-448D-BFDE-393B797DF7C3,12756,5,177.75,6,0.17168391345249295,233,6.66705863907181,364,277,266.0,122.60749025408676,248.4488,0.0,29.06474813552408,0.0,151.185,6.869102759802146,0.5400523643109926,0,1069,0
78151CF6-B676-4D65-A75E-25D3A6BC8D2B,12756,4,153.66666666666666,4,0.11445594230166198,121,3.462292254625275,63,528,160.0,61.65448780630599,136.6894,0.0,14.066652418675755,0.0,79.5,1.5436603418421626,-0.050541733547413974,0,1069,0
D8DDFCFE-66F5-44DA-9087-612B676696F1,12756,4,130.33333333333334,2,0.05722797115083099,170,4.8643775478206335,841,594,269.0,94.89277876423789,186.72,0.0,26.915934147851846,0.0,125.52,1.1374756686324758,0.16674039686018266,0,1069,0
56C72817-7EEB-4404-A234-6C6D0755A29D,6242,4,307.0,0,0.0,0,0.0,-1,60,145.0,44.60550469208402,239.5976,0.0,22.50097307741403,0.2923742390259532,74.0,-12.489069506898836,0.07407756101573618,0,1069,0
5779EC43-21C7-4667-BC05-73CC8E6FED7A,2453,2,794.0,2,0.29759478189971467,99,14.730941704035875,103,182,250.0,50.84712916371684,135.0,-4.577637,15.24254345482627,0.0,70.0,-4.392113731618075,0.0390740397762423,0,1069,0
0418827B-4B88-4512-9481-DB3A730A5550,12756,5,136.0,1,0.028613985575415495,85,2.4321887739103167,965,430,266.0,106.1282114761883,927.1177,0.0,35.53977508698539,0.14306992787707745,140.2,8.276564758379621,0.1861477125661469,0,1069,0
84793B37-3551-41B0-B566-499DDB1E68FE,7353,2,66.0,1,0.04963960288317693,6,0.2978376172990616,161,973,678.0,70.49109265776343,163.0,0.0,14.412632774922923,0.0,90.0,10.975188206434098,0.04364559181967157,0,1069,0
F880248A-50DD-45A4-AC83-91D3571C3492,12756,4,84.33333333333333,6,0.17168391345249295,79334,2270.0619316400125,574,714,99999.0,11.284453701993142,109.5947,0.0,14.607246717625118,0.0,30.67627,-11.284453701993142,0.0,0,1069,0
80C35AF4-575C-4DF8-85E1-1CFE30E08EE3,7352,3,16.5,6,0.2978781284004352,244,12.113710554951032,48,963,126.0,43.316744607720175,111.0351,0.0,17.84323189485192,0.0,67.3828,2.197867110566868,-0.06345359528690223,0,1069,0
87192324-493C-4DB8-9CA3-A519F745E6ED,12756,13,55.916666666666664,2,0.05722797115083099,190,5.4366572593289435,810,284,264.0,105.46398108426624,232.1,0.0,40.406728267724986,0.0,156.2,12.773493032246094,0.33485668073723374,0,1069,0
3E2ECBE0-F314-49FB-B271-F42762483208,6435,5,117.0,2,0.11344211344211344,74264,4212.332556332556,46,594,739.0,177.2522916397159,408.3658,0.0,69.31594662042029,0.0,264.0537,-17.7487683742838,0.48917691345054737,0,1069,0
3D9B1E81-7F71-4E0D-BBE5-F1D7A487CD05,1039,6,16.8,6,2.107795957651588,729,256.09720885466794,825,872,416.0,40.37837170351207,100.8622,-1.989993,10.771281307397691,0.0,50.301314,10.017149988617554,0.131560505381852,0,1069,0
7E47271A-9402-41EB-AB36-67F25E9ADADF,1347,4,151.33333333333334,4,1.0838901262063847,158,42.81365998515219,72,491,452.0,121.940521966408,411.0,0.0,39.35410973844191,0.0,173.0,14.672515867696944,-0.09713368433073206,0,1069,0
0DB51A8A-4907-4EAA-9E2E-1EA4B14D04FB,1193,11,89.0,7,2.1416596814752724,859,262.8122380553227,445,101,151.0,48.70798976480385,225.4,0.0,18.932495828614808,0.6119027661357921,72.6,2.473244807495533,0.07744282553871425,0,1069,0
0D0B09B9-5288-48F2-8CC9-56475F27ABF0,2348,2,116.0,1,0.15545144804088587,35,5.440800681431005,819,933,678.0,110.54729127555471,329.0127,0.0,60.28575933958085,0.0,196.04574,51.05843760330332,0.03643660637500445,0,1069,0
6B14C01A-EAA3-49A8-9309-76CD84D81B27,2196,2,1.0,2,0.3324225865209472,213,35.40300546448088,123,931,602.0,123.0631902666025,322.0629,0.0,46.436688671025685,0.0,180.6358,16.517781062101193,-0.364514113704173,0,1069,0
7D79BF7B-842E-4995-BE09-FD1FD3655FB3,951,6,164.6,1,0.38380651945320715,49,18.80651945320715,305,102,603.0,108.02565475304347,305.4399,0.0,49.41343147859364,0.0,165.2299,-1.5226930106051952,-0.1554380602560614,0,973,0
9C5EBED9-6596-468C-AF05-09865B4D5E6E,2452,3,105.5,1,0.14885807504078302,456,67.87928221859706,841,717,301.0,30.809285430401946,176.1974,0.0,21.160891230298102,0.0,61.299277999999994,7.24613338101781,-0.03758098577708961,0,1069,0
DF69803E-1C67-4624-ADAB-3F63B21E25AC,12756,6,168.2,0,0.0,0,0.0,-1,84,800.0,271.80920037058166,616.2964,0.0,69.95329303979474,0.0,362.146,10.643520192689948,0.05970263124021648,0,1069,1
78761FDA-39E5-4EA9-A4D9-7FDC815F320C,5182,5,92.25,0,0.0,0,0.0,-1,574,400.0,92.2642358996793,273.0,-105.7181,47.66916010264966,0.0,157.0,-20.386843924370666,0.4401474461867209,0,1069,0
DDB78145-F203-4785-B820-79E009E09EB1,12756,2,1.0,1,0.028613985575415495,81,2.3177328316086547,47,924,489.0,107.61242982690094,225.0,-21.6,28.51166686690315,0.0,145.0,-2.420994641715751,-0.02376442221958285,0,1069,0
7F340B6C-D32A-4F8B-90CD-C862EEA99414,1006,2,0.0,0,0.0,0,0.0,-1,914,1454.0,266.91052349639295,614.7714,0.0,112.63494684388037,0.0,402.60659999999996,-55.94470854292075,-1.3855457425420366,0,1069,0
3B353B6F-8AC4-452E-9DC5-A5FBCC9DCFED,4159,4,27.666666666666668,0,0.0,0,0.0,-1,825,452.0,139.5233845713505,360.0,0.0,50.757077141987025,0.0,202.0,-33.00694938616532,-0.03929880460789794,0,1069,0
EC3B46F5-6D6B-45FC-A05A-70A2224997C2,4159,4,25.666666666666668,0,0.0,0,0.0,-1,831,452.0,140.70593116367976,363.0,0.0,51.11456722007534,0.0,204.0,-33.37745894145755,-0.04180597284540302,0,1069,0
95A3ABCE-D88C-4314-A9E9-B8513A60052C,12756,4,296.0,3,0.08584195672624648,177,5.064675446848542,472,66,120.0,43.91363007149037,115.0,0.0,15.151014855574259,0.0,64.0,-18.36170105914469,0.08347469737917043,0,1069,0
089F8EF0-AC2D-4868-B833-05A867DBEF61,12756,12,69.27272727272727,3,0.08584195672624648,869,24.865553465036065,470,279,706.0,283.2737311379458,800.0214,0.0,85.62635221969033,0.08584195672624648,352.075,-16.021389054612428,0.09577542267424366,7,1069,0
38E168C4-670A-4DE6-BE88-9E9A6C7679F7,6749,10,85.88888888888889,4,0.2163283449399911,71,3.839828122684842,463,183,188.0,41.64967035343173,106.7106,0.0,20.80775670456673,0.0,70.1442,-2.777143382135435,0.13795311033663535,0,1069,0
0E5946F9-90B0-4BC0-9696-BA28B2584FDD,7361,3,0.5,0,0.0,0,0.0,-1,888,2144.0,302.35628134094856,1136.965,0.0,162.54428646595585,0.0,523.184,-61.41341253770781,0.015357157575805715,0,1069,0
20EC2CBC-C6A7-403B-ADC6-1A560025E4E4,12756,4,205.66666666666666,2,0.05722797115083099,120,3.4336782690498593,576,268,452.0,138.01599963832314,349.4885,0.0,68.98719900705613,0.0,209.42158,20.363453144855896,0.11314165388316186,0,1069,0
783B3D90-1BE7-4FFC-B3A8-DDA22416F1C5,4857,3,69.5,0,0.0,0,0.0,-1,885,251.0,51.22842012479733,121.6339,-48.79591,17.585160583323383,0.0,72.449142,-9.148145087960913,0.09679019169060447,0,1069,0
BF613F99-2DCD-4D53-813D-35CBDD081C47,4373,4,277.3333333333333,0,0.0,0,0.0,-1,50,451.0,88.19382105867544,240.0,0.0,19.40608274087645,0.0,114.0,7.180484496880112,-0.07808777261034111,0,1069,0
327067B8-5F05-47D8-B046-55DD26FB513A,12756,5,191.5,1,0.028613985575415495,152,4.349325807463155,612,112,412.0,89.63477625921276,317.3,-9.3,39.770477578885796,0.0,137.81,10.451830993873656,0.23958708836930373,0,1069,0
E1B23343-11EE-4D06-B68E-1C6E37035CB4,4682,7,69.5,0,0.0,0,0.0,-1,458,628.0,150.16733101402593,308.1528,-144.9404,30.245546824710235,0.0,188.1537,-21.6375079314642,0.5079457279001186,0,1069,0
C97B79D4-FD5E-452D-83B2-30FAA1368686,12756,7,69.83333333333333,1,0.028613985575415495,162,4.6354656632173095,841,455,693.0,225.66110442537746,362.8,-25.1,27.143682106588418,0.0,256.6,-13.438234055007086,0.20655882299121422,0,1069,0
B603BEBA-4D07-4357-90B6-856CED27A507,12756,1,0.0,1,0.028613985575415495,42,1.2017873941674506,611,873,450.0,148.22125670832057,335.33,0.0,54.80113920190871,0.0,214.55399999999995,-38.38190948609835,-0.27887649366874645,0,1069,1
B5C30833-D82F-4AFF-ABA3-B71921FC635D,12756,8,77.42857142857143,3,0.08584195672624648,34,0.9728755095641267,343,326,683.0,118.39862177756675,459.55,0.0,69.53414105315011,0.0,203.83,52.68664596934687,0.7852584058158573,0,1069,0
FE5E6CA4-8A0C-4EF9-8E1C-50B67AD61764,4035,1,0.0,2,0.1809169764560099,504,45.5910780669145,248,869,138.0,13.166774509357499,82.0,0.0,3.5996373159603,0.0,17.5,1.4140511079264524,-0.0030888015438720615,0,1069,0
101E536C-C816-4B20-9C6A-6C97C7CBD9F1,7560,3,377.0,3,0.14484126984126983,80,3.8624338624338623,69,113,208.0,43.72328561309334,213.0,0.0,18.55855027836344,0.04828042328042328,68.0,-7.956235206380377,0.38975475406970084,0,1069,0
CD1ECB28-EEF7-4014-B417-A5A5D5041015,3580,2,768.0,3,0.3058659217877095,381,38.84497206703911,244,89,452.0,205.36066357937904,360.6054,-9.461337,43.297048491218625,0.0,260.51043999999996,12.076129909100928,0.39846746379549963,0,1069,0
0103621A-B5FB-4EAF-B661-5933B9E2990B,12756,13,68.5,3,0.08584195672624648,939,26.868532455315147,43,32,800.0,349.77297080168086,790.2831,-16.18726,94.79695606191146,0.0,462.3413,23.69074519368951,-0.28557576851661576,0,1069,0
19BC1D55-5791-4C12-B27E-D8D1D52D5867,923,1,0.0,0,0.0,0,0.0,-1,856,602.0,101.94977475509184,297.9818,-4.394419,57.66496794665922,0.0,171.8028,32.13916352438348,-0.5638733573396487,0,1069,0
4A7D9253-FDDD-405A-B7B0-ACECFA3C0672,12756,8,107.71428571428571,2,0.05722797115083099,68,1.9457510191282534,295,92,800.0,328.33706930900235,685.1807,-0.7576736,93.16594226893463,0.0,435.9741,39.43165643173836,-0.05071474134931294,0,1069,0
510E2E04-AAB2-41AA-BAC8-1BFCCA3C09DF,12756,15,67.78571428571429,4,0.11445594230166198,201,5.7514111006585145,321,10,264.0,100.00535404411715,244.6,0.0,40.2119236957357,0.0,149.64,13.694962729031005,0.3001380794210044,0,1069,0
91DD3FA9-4DBB-436F-895C-F1C6C1DBDAD9,12756,6,108.0,2,0.05722797115083099,284,8.126371903418,264,298,1370.0,246.30349188561541,851.17,0.0,143.46677843678194,0.0,447.8779999999999,-184.99807136092406,-2.7345491275788034,0,1069,0
4E1662A1-23AE-4383-BA23-9721548AB53D,3811,4,9.0,0,0.0,0,0.0,-1,811,887.0,255.89469786023105,737.0,0.0,69.00584612868121,0.0,344.0,60.803527448410904,-0.2829993300502082,0,1069,0
39D80A8A-0BD1-44F7-BB17-EBA6C2EF8815,12756,3,172.5,2,0.05722797115083099,21617,618.5485261837567,93,519,455.0,105.1480811893161,343.9453,0.0,59.43522396429638,0.0,186.0352,-27.53025909595189,0.7301140685972456,0,1069,0
EB2E1E6A-7867-4982-9FB9-70632A10CDB9,5906,4,189.66666666666666,1,0.06180155773789366,46,2.8428716559431084,842,262,452.0,57.66613140559382,237.6709,-45.50362,33.26530705407083,0.0,100.9644,-10.519531983650928,0.1367085500079624,0,1069,0
1C285E62-A053-48E3-9F57-B8FB2791E2DC,1292,5,171.0,3,0.8475232198142415,725,204.81811145510835,454,146,452.0,102.88489801095449,391.1461,-17.72805,28.009244847790626,0.0,143.284,14.464879147224522,0.07037582100489347,0,1069,0
7A2E33FB-CCD9-484B-A45A-D606B7718AA8,12756,1,0.0,2,0.05722797115083099,8,0.22891188460332396,162,829,151.0,52.74337087043916,288.0,0.0,14.590946997992221,0.05722797115083099,70.0,1.5734501172151667,-0.003412058187390876,0,1069,0
B162CAC1-5ECC-41A5-82DA-750E8A7DFE7B,6674,3,47.5,1,0.05468984117470782,169,9.242583158525623,841,729,271.0,128.14548503441165,223.5446,-3.0,21.03341760090157,0.0,153.63245999999998,-19.40773762005979,0.4643200717503119,0,1069,0
4B563A1D-CE3A-4E0C-BB18-464300998D19,12756,5,228.25,0,0.0,0,0.0,-1,50,452.0,117.9997360186239,259.7622,0.0,36.331822968515425,0.0,162.8952,-35.563718389380085,0.03855918496759761,0,1069,0
3AA438F5-B9FA-4DB5-ABE5-0FCDF077797C,12756,6,137.6,2,0.05722797115083099,46,1.3162433364691126,665,131,489.0,163.60710393873558,339.0,0.0,56.62741059254785,0.0,236.0,-7.643832333797292,0.05574510799215023,0,1069,0
DB5A98A6-9ECB-42CB-9D8D-32C1F7C7D8A8,7040,3,187.0,1,0.05184659090909091,11,0.5703125,982,443,377.0,118.66351115368458,384.2925,0.0,20.76627677544767,0.05184659090909091,147.04364,7.497049852488246,0.2885359322857706,0,1069,0
30B9750D-9A0B-4170-A5BF-C90D2A092FE6,6616,6,192.8,1,0.05516928657799275,158,8.716747279322854,841,87,152.0,28.22047785883157,121.8745,0.0,13.683075643984171,0.0,47.341584,4.94895373013448,0.11423920081620348,0,1069,0
5F2943CA-E070-4A84-AE21-4DF654FBACE4,3328,2,13.0,1,0.10967548076923077,53,5.812800480769231,144,1046,301.0,99.00583048469038,192.8708,0.0,25.958656703927318,0.0,130.07505999999998,-12.22712744487555,0.26399254907686015,0,1069,1
BA499951-FC9B-497B-A257-37CB581DB410,12756,4,225.0,0,0.0,0,0.0,-1,366,988.0,187.7215241954894,494.08,0.0,61.37249590187638,0.0,268.104,59.780290619325456,0.4701092087269662,0,1069,0
A0146C0A-219D-4E78-9BC2-9B62DC02D44F,12756,2,6.0,1,0.028613985575415495,5,0.14306992787707745,621,1026,309.0,61.68864338274994,165.7471,0.0,20.926205675083818,0.0,91.04004,-1.1430478125338936,0.027335113932043312,0,1069,0
C58977FC-E817-45E6-A8A8-F3AF3EC2D644,12756,3,498.0,1,0.028613985575415495,79,2.2605048604578237,198,29,489.0,122.69344922882772,280.0,0.0,36.12261551938191,0.0,169.0,-1.3113504633956126,-0.041233142637753635,0,1069,0
81149ADE-1FBF-4DEA-B7BD-33428148236F,5679,5,248.0,0,0.0,0,0.0,-1,31,145.0,44.32112976575358,595.0482,0.0,22.60966981955025,0.32135939425955273,73.0,-12.35245692624741,0.061778660374137095,0,1069,1
3A89B0FC-9977-4FF6-A6B2-91AE0D168FD1,12756,6,153.2,5,0.14306992787707745,89,2.5466447162119787,250,257,188.0,22.903974810540763,83.0,-144.4463,9.5348442133246,0.0,34.0,-0.8771229586889113,0.038015667229129996,0,1069,0
D6F046AA-8A21-41ED-92BD-CE6AFBBDC257,12756,5,125.0,6,0.17168391345249295,45,1.2876293508936971,466,523,472.0,134.21701192656462,799.0488,0.0,40.343296033852496,0.028613985575415495,176.4221,4.5511031907193455,0.14015908040874842,0,1069,0
A96BEA97-ED58-4E41-A8CA-51A4EF1D2650,12756,7,147.5,2,0.05722797115083099,495,14.163922859830668,178,162,432.0,113.52865176579262,207.31,0.0,23.597979264428247,0.0,142.78,-9.037414111471634,0.07277069414138193,0,1069,0
0959DAA1-AD8D-4913-9DBB-B8276F0346CB,6217,11,96.0,7,0.41096992118385073,440,25.832395045842045,280,45,259.0,112.61723461389997,331.374,0.0,34.720373261047854,0.2935499437027505,154.48261999999994,14.747673607396337,-0.14822875526026943,0,1069,0
E08256B1-31CF-4C4F-8B11-25AB5404E475,3272,3,73.0,2,0.22310513447432764,81,9.03575794621027,419,861,472.0,93.90987492819089,570.307,-9.3125,47.77826384658356,0.4462102689486553,159.7545,5.261418341716507,-0.3674378630075493,0,1069,0
3CF93F4B-5D55-4CE2-BC88-3C72DE853BE3,12756,2,117.0,1,0.028613985575415495,26,0.7439636249608028,975,891,527.0,182.606896690757,308.9905,0.0,39.83173998185872,0.0,240.1123,23.925815430385,-0.4316713735116984,0,1069,0
4F299892-5A7B-46C9-9776-EF49E2EC385B,4615,2,1.0,0,0.0,0,0.0,-1,999,250.0,18.914770990131856,373.0,0.0,17.83889798635314,0.1581798483206934,45.0,-10.874956175317042,0.15233122058964627,0,1069,0
03305618-8601-4B76-8E80-AD1AE27609A4,2595,4,192.0,1,0.14065510597302505,125,17.58188824662813,458,416,803.0,244.69780023678337,949.585,-24.46836,57.56385532822063,0.2813102119460501,310.3638,-10.583018060857427,-0.011112753586632105,0,1069,1
32BA210A-70F5-4937-B0AD-C2E9FDA1C70D,12756,6,196.0,3,0.08584195672624648,17,0.48643775478206336,501,10,479.0,117.83134874432338,301.8219,0.0,41.79707682171392,0.0,168.92929999999998,-32.810101638953014,0.9576536559476493,0,1069,0
2877D2BE-ADF5-4E02-B930-7FEAE4EAC2E3,10465,6,167.6,2,0.06975633062589584,508,17.718107978977546,588,151,479.0,56.57619492231033,222.0,-5.15977,28.204024556399105,0.0,96.0,-8.142938749470822,0.17781739172184582,0,1069,0
F4B22715-8AD5-43E3-9B1D-CEB6AA6B186B,1189,4,300.0,0,0.0,0,0.0,-1,81,603.0,124.5056715592121,490.9829,0.0,65.04383007749028,0.0,189.0111,-19.603453420400385,-0.12765836873349923,0,1069,0
E4731289-4021-456C-B1C0-35471BE3887E,2229,4,40.333333333333336,2,0.3275011215791835,452,74.01525347689547,840,857,301.0,53.04186865551166,200.7087,-222.5,17.223047904385282,0.0,78.037416,-12.160988366468445,0.03658684186509898,0,1069,0
FE508FA3-95CA-46C7-8F8F-C489B7E9A41B,3591,2,1.0,3,0.30492898913951544,329,33.44054580896686,698,973,301.0,84.71538556870946,266.1736,0.0,44.123023930430676,0.0,144.3931,30.628802227278186,-0.24541580399147106,0,1069,0
458C9317-2ED9-4E0D-A157-FEEB84349913,9461,11,92.6,4,0.15431772539900643,1011,39.003805094598874,294,36,739.0,92.05515717880398,377.7464,0.0,63.21551596897276,0.0,183.84008,-31.326875561365704,0.5250202758435764,0,1069,0
8066BFEF-9678-40A1-8F55-0CDD267C2FEC,12756,5,44.75,1,0.028613985575415495,282,8.069143932267169,841,782,107.0,43.43203669207622,99.2,-2.117635,9.447879124883954,0.0,55.4,4.993518863479338,0.09127532891573577,0,1069,0
45B4C5AF-AD77-4D6E-A306-29B600B035B0,6550,2,32.0,0,0.0,0,0.0,-1,929,251.0,61.742532648057704,124.5935,0.0,21.906094255178605,0.0,88.600788,6.066557831031801,0.13974195626871938,0,1069,0
F1CEC826-C74D-4DF2-8C04-3FC8C9379645,12756,3,265.0,0,0.0,0,0.0,-1,430,678.0,49.51031626844992,539.6312,0.0,27.468910645993063,0.0,85.0,-5.359776144993127,0.19664104621966458,0,1069,0
48C35BFD-4DA0-43C5-92DE-4AEC3E5D6D0A,12756,2,231.0,0,0.0,0,0.0,-1,730,151.0,32.4652052014285,150.0,0.0,11.903819469884077,0.0,49.0,-4.004171250811218,0.18834361123684995,0,1069,0
3BB36FED-8F33-4EB6-A9E1-EEC15C9BE2E4,5575,3,190.0,1,0.06547085201793722,45,2.946188340807175,33,577,266.0,99.6584277246144,1322.0,0.0,40.16548014592779,0.39282511210762333,147.16024000000002,7.795250270601642,0.22777619202784216,0,1069,0
59714C45-7F19-4ADF-AB64-383589441535,3962,1,0.0,0,0.0,0,0.0,-1,957,887.0,151.87968043028877,545.627,0.0,84.20321951346624,0.0,264.08914,36.358020112072325,-0.8649815155689557,0,1069,0
D3BA5D04-B303-4EC7-BAC7-84B8E1F6765C,95,11,94.3,2,7.68421052631579,226,868.3157894736843,841,83,346.0,59.61760661449841,479.1862,-0.001,46.57750117768389,3.842105263157895,126.8,-20.702967972368782,0.810836757362361,0,1069,0
FEB0DC7B-70AE-4770-A41D-63203CDEC0D7,4581,4,95.0,2,0.1593538528705523,16,1.2748308229644183,943,770,753.0,190.96925653536852,568.3344,-30.0859,74.1685048444396,0.0,263.3458,19.367789666791992,-0.10224881301096171,0,1069,0
385D0432-7208-4080-8224-C6B79E54406D,4845,6,182.4,1,0.07533539731682147,290,21.847265221878224,952,39,206.0,41.14450846155714,219.1518,0.0,19.506542722230268,0.37667698658410737,67.195052,-10.082590227992323,0.2309210619354374,0,1069,0
B9E051C8-32D0-4223-A2D5-FA7E228CE28A,12756,12,77.18181818181819,2,0.05722797115083099,262,7.49686422075886,501,87,256.0,122.1397031531872,230.2,0.0,33.56660045348165,0.0,166.1,-9.013345128495828,0.1363180982561962,0,1069,0
08F51991-D070-4C61-972E-E73585D7A7C8,12756,6,179.0,4,0.11445594230166198,436,12.475697710881155,32,40,301.0,114.46146160602886,223.91,0.0,38.37180970774579,0.0,154.44,-5.234339692448614,0.2283584507459977,0,1069,0
CBDE2D9A-4FBA-476B-8A6F-3BD26AC07A7D,12756,4,336.3333333333333,2,0.05722797115083099,126,3.6053621825023523,426,38,78.0,12.15220650178173,294.0802,0.0,2.745719135202136,0.14306992787707745,15.02416,1.9429069663741334,0.007040928774749871,0,1069,0
67013822-50EA-4C0C-A499-E18A86BF8D0A,1253,2,920.0,5,1.4565043894652832,229,66.70790103750997,32,13,99.0,9.869450198631341,143.6828,0.0,6.666215124365449,1.4565043894652832,22.29579999999999,-2.4401568299662184,0.17048836736637038,0,1069,0
CEA0063D-D90E-4C37-A135-A4E0ABFEC701,12245,4,206.0,8,0.2384646794610045,367,10.939567170273582,268,309,148.0,54.19208381617413,123.6762,0.0,17.113822740077484,0.0,75.68355,3.7552294932394403,-0.018142293219269603,0,1069,0
BCB99DFB-301D-47A7-BAE5-4346EE59A479,5183,3,460.5,1,0.07042253521126761,3,0.21126760563380284,47,5,400.0,134.00872766331875,4310.928,-5.565529,31.337534029484754,0.07042253521126761,170.87184,-6.822731974275541,0.1896980213119585,0,1069,0
9E00283D-2CBB-4BEF-9B06-1E66D4686550,12756,4,139.33333333333334,3,0.08584195672624648,61,1.7454531201003451,3,500,259.0,92.82747012671815,584.0,0.0,39.19353991764238,0.14306992787707745,141.8,-11.54836518528299,0.1394198300127201,0,1069,0
E019CCCA-A54F-4A7E-821E-C3590B3DA268,12756,14,63.84615384615385,1,0.028613985575415495,15,0.4292097836312324,1003,77,887.0,94.05919838414853,455.0,0.0,64.4085758920699,0.0,180.0,42.70114112202431,-1.1787112492170444,0,1069,0
71A4FDF8-3D80-481F-AFF5-B7489AA6400B,5211,5,183.75,0,0.0,0,0.0,-1,178,256.0,104.53655874547088,243.4782,-16.89596,43.079159418649304,0.0,159.14435999999998,6.663856228294549,-0.14028853937397143,0,1069,0
DD28E303-2043-4765-9DBC-00AB4836A5FF,7152,3,59.5,2,0.10206935123042506,114,5.817953020134229,411,790,271.0,69.71233348731845,128.7,0.0,19.058047808571043,0.0,93.4,-1.1084523144789387,0.14690276691675236,0,1069,0
C3066597-CB16-4B8F-BBAB-4EF7BDCFF6FC,5285,8,125.42857142857143,5,0.34531693472090824,2133,147.31220435193944,375,30,489.0,73.24711905520826,348.0,0.0,42.59016030518989,0.0,127.0,4.95851366084112,-0.9249334051301409,0,1069,1
4A139140-8535-4803-9239-67A5E2757A68,4773,5,110.25,2,0.15294364131573435,240,18.35323695788812,140,487,232.0,71.74947451432735,198.6288,-8.400001,27.125648349306058,0.0,108.41962,-7.238091777213143,0.15218704806800676,0,1069,0
0BF3CDD0-DF96-496B-9134-F2849E801EBF,5452,7,71.0,2,0.1338958180484226,430,28.787600880410857,12,473,284.0,121.5991371347909,250.3086,0.0,30.258978413277728,0.0,158.1,-5.260003836951384,-0.4625935647372041,0,1069,0
81E7573E-370D-41FF-94AD-2CF63FD8095E,3370,3,69.0,0,0.0,0,0.0,-1,761,450.0,108.3204951446135,192.98,0.0,22.344807510162127,0.0,139.1,5.341075071435881,-0.07948832103197401,0,1069,0
B67A6759-A83E-488C-8696-4C5E87CD94E1,2048,4,163.33333333333334,2,0.3564453125,531,94.63623046875,282,395,1039.0,51.972877599811994,417.5107,0.0,35.47687239796069,0.0,107.60975999999998,12.3454990994164,-0.2543489157601343,0,1069,1
702BC098-B23F-4DB2-8277-D6F642CA8B28,12756,4,166.33333333333334,4,0.11445594230166198,407,11.645892129194106,146,460,314.0,34.49754770863284,109.9,-57.49477,17.02944396472639,0.0,58.2,-11.186243696287153,-0.05978072853075252,0,1069,0
AE54E534-A74D-46DC-8F22-8C0F7C94B5F6,3360,4,269.3333333333333,1,0.10863095238095238,360,39.10714285714286,841,157,301.0,67.00057291110801,264.1913,0.0,43.322846036457875,0.0,136.19404,8.258273305944456,0.15714809462186952,0,1069,0
D929BBFD-057B-4A77-B3AE-032C4BCE5DCA,12756,6,135.0,0,0.0,0,0.0,-1,192,452.0,169.02020643868678,339.0,-214.6522,54.95102517220086,0.0,234.0,-18.090808290538632,-0.08394594897418745,0,1069,0
582A4AA7-2C97-4452-8B75-B9B6B7DD2790,12756,12,58.18181818181818,1,0.028613985575415495,71,2.0315929758545,580,253,251.0,105.59082900662864,239.5,-127.6779,47.82184252274717,0.0,166.2,21.03436389460593,0.2334451612680852,0,1069,0
52732ACA-3F3D-41EB-A1C3-5E7DB087D478,12756,7,103.83333333333333,0,0.0,0,0.0,-1,238,203.0,46.11625153681526,115.0,0.0,21.607278577411282,0.0,76.0,-3.9624706726177337,0.15056471306467759,0,1069,0
30A963E2-56DC-4C6F-85FE-19F9FD54A91D,3596,5,171.0,0,0.0,0,0.0,-1,168,452.0,41.36039608413617,185.661,-10.81999,30.44174267185382,0.0,83.36392399999998,8.937951065478032,-0.03950519278819682,0,1069,0
68EEE1C6-80EB-449A-855A-A3EB182BEC07,2400,5,201.25,15,2.28125,740,112.54166666666667,109,255,452.0,116.72822337381851,430.0,0.0,41.646686208262395,0.0,175.0,-11.875752798972826,-0.185402737459122,0,1069,0
FCEE839F-3F98-48A6-98A7-8D6BB1B743CA,12756,7,84.83333333333333,1,0.028613985575415495,187,5.350815302602697,841,438,269.0,67.37778000149613,533.8332,0.0,23.543010196954064,0.17168391345249295,89.8,12.40742304711496,0.18524897166938875,0,1069,0
3332C3FD-EFD6-4F55-B9DF-F37C156D5C58,12756,5,84.0,1,0.028613985575415495,404,11.560050172467859,875,546,753.0,163.54501021361247,415.7583,-40.73291,84.18618439247903,0.0,248.9596,33.65412423083197,-0.08533862630865628,0,1069,0
DEDF2C8D-203D-46B8-AA25-2DC6F0A3ED75,5226,2,1.0,0,0.0,0,0.0,-1,831,490.0,104.3513410590137,295.363,0.0,42.28567060890216,0.0,161.54173999999998,-11.218392583936549,0.3232668916563585,0,1069,0
F88C8391-493F-46C4-ACA6-90849D55A536,12756,1,0.0,3,0.08584195672624648,2325,66.52751646284102,596,1061,339.0,77.024738710116,179.3701,-30.61992,20.164747834287247,0.0,103.3447,-0.5943573806406874,0.03742234291206175,0,1069,0
703A4E81-90DE-4C1A-A628-96004C4CDBC5,3370,4,165.33333333333334,1,0.10830860534124628,266,28.81008902077151,841,556,301.0,81.65121221385961,127.6,0.0,10.907325103483357,0.0,95.8,0.40976772441197795,0.13208558555461333,0,1069,0
134082F5-20EE-4BF6-BF65-99DD9D94FF79,4836,3,175.0,1,0.07547559966914806,16,1.207609594706369,115,689,377.0,105.26105781966281,233.6672,0.0,39.5105560237333,0.0,147.80693999999997,-13.663683400218375,0.1673823724188963,0,1069,0
891C53D5-3FCA-44CD-AA86-AB4177A748C4,2437,4,339.6666666666667,8,1.198194501436192,177,26.51005334427575,62,18,159.0,26.449943352511895,72.52126,0.0,9.812729116032633,0.0,39.732602,1.6669575570012185,0.07680548592929494,0,1069,0
5F9C4547-A81F-43B4-83D1-13C75F9A5B82,1087,2,573.0,2,0.671573137074517,10029,3367.6034958601654,432,464,301.0,72.38639056131973,170.9804,0.0,21.81399795961107,0.0,100.79,0.13090141090249574,0.2408514091085172,0,1069,0
596E0C13-45F2-4528-82B0-67DE8C99E9D5,9715,2,796.0,3,0.11271230056613485,309,11.609366958311888,172,228,271.0,50.11122547166081,234.7766,-82.45698,15.695198641125973,0.0,76.51563,-3.337825471660814,-4.663708555906961e-14,0,1069,0
AFFD3861-8CE7-4386-B3CA-B427D9CB71FD,8468,4,326.6666666666667,0,0.0,0,0.0,-1,41,251.0,71.27403247692206,122.0282,0.0,13.252595491180841,0.0,89.113222,-6.634941361181319,0.08701870656636515,0,1069,0
7D4391B2-5728-488A-9F43-F11A6A98C583,2696,3,422.0,0,0.0,0,0.0,-1,175,452.0,66.63405119204823,319.56,-266.6347,37.55729953855408,0.0,119.32,-12.471658445134644,-0.20211546292872645,0,1069,0
ECF72A82-D21D-4399-8DA5-9C3CF153E3C1,1099,2,937.0,9,2.989080982711556,765330,254181.483166515,145,66,451.0,36.81140974256962,540.1393,0.0,40.79304923187972,1.6606005459508644,99.90067,30.64982411159704,0.054251397992031145,0,1069,0
CCB80281-C883-469C-AD11-C4D27D11A485,12756,6,174.2,0,0.0,0,0.0,-1,124,1083.0,269.1534377268079,2000.527,-98.87186,123.72393071169793,0.11445594230166198,422.2412,-26.561975853428265,3.418476494669982,0,1069,0
A72CBAE4-05E9-4164-B9DA-AA5FF0A39B10,8304,2,35.0,0,0.0,0,0.0,-1,996,825.0,299.273632107177,2176.88,0.0,113.8294428792636,0.1758188824662813,452.83959999999996,108.69910802399579,-1.3596227460013324,0,1069,0
D26CB470-C959-4C4A-82B4-09BA54EE72E6,12756,8,104.28571428571429,4,0.11445594230166198,254,7.267952336155536,407,269,266.0,148.25141126802708,235.5,-26.8,22.45104715971206,0.0,175.2,1.1973695961704607,0.22868044980391336,0,1069,0
3E4F934A-22F9-4600-8BB4-8AA3E9C087FB,12756,6,178.2,3,0.08584195672624648,17,0.48643775478206336,342,99,489.0,55.92074905458377,251.0,-5.003362,24.18528760476334,0.0,89.0,-1.267199671867722,0.03322300878475487,0,1069,0
02BA5F51-59B4-4241-A510-5A266306282B,12756,3,305.0,5,0.14306992787707745,571,16.338585763562246,695,378,104.0,15.444937096281068,62.5,-125.2329,7.1441754191232585,0.0,24.4751,2.2878549301849826,0.023795223632131546,0,1069,0
85FB3038-427D-4E5A-9C5C-56E9B64A6AC4,1996,2,335.0,1,0.18286573146292584,87,15.909318637274549,559,647,1662.0,329.1094762744346,727.0,0.0,122.53668943666568,0.0,476.0,-29.1972849164099,-0.4302760285909472,0,1069,0
A0FE2471-47AB-42E3-A823-0B978173C4D6,3041,5,200.75,2,0.24005261427162117,615,73.81617888852351,56,226,451.0,71.5585005943315,226.9861,0.0,60.72672765282852,0.0,183.12331999999998,-33.38439035814323,-0.19369644289543023,0,1069,0
E84D8F35-5DED-432C-872B-BB6B793DA00D,7983,2,12.0,1,0.04572215958912689,87,3.9778278842540398,324,966,693.0,141.6334386320757,395.52,0.0,56.11260115446121,0.0,222.624,35.66414284940578,0.21888464419459466,0,1069,0
3D628AD5-874B-4E64-A57D-D1C6EDB91862,12756,6,189.6,2,0.05722797115083099,21,0.6008936970837253,406,28,377.0,128.53882226372593,309.1003,0.0,33.495552628192684,0.0,172.3206,-8.16912925948209,0.01522940200350537,0,1069,0
F1B45926-7AE0-4CA1-B40A-C46260188C67,1551,2,0.0,0,0.0,0,0.0,-1,976,452.0,94.74364312332902,353.0,-10.97358,42.78701984890419,0.0,153.0,-15.100433246785812,0.04668123179351721,0,1069,0
B0DFA93B-E5B3-4A08-B1BB-431B7C523AF7,12756,5,224.75,3,0.08584195672624648,291,8.326669802445908,93,68,259.0,64.58163809578018,233.2703,0.0,20.128386656417117,0.0,91.555,-13.831546429113509,-0.0060886266251932875,0,1069,1
65E5D0F8-52B5-4A98-A61C-E26A92BA8A86,12756,14,57.15384615384615,4,0.11445594230166198,130,3.7198181248040143,287,218,276.0,59.62577953546871,267.5386,0.0,35.77967322469367,0.0,104.0428,-2.333395487552046,-0.2557141812217415,0,1069,0
BF8835C5-990C-426F-B526-B722CDC26D5F,2481,3,430.0,2,0.294236195082628,134,19.713825070536075,413,102,452.0,110.57528474320054,187.4053,0.01310423,19.397220105821027,0.0,135.04458,-1.1338068041573308,0.22940348566743052,0,1069,0
8D099868-8322-4ED7-B0AC-732C59DF4466,12756,9,110.125,3,0.08584195672624648,530,15.165412354970211,519,80,100.0,25.455218669179782,71.3,0.0,7.603388006274555,0.0,34.2,3.1478446055887375,0.1275127073929233,0,1069,0
D5FE6817-1890-46E9-A1C2-E36AEC24D09E,6360,5,131.5,1,0.05738993710691825,1,0.05738993710691825,977,431,775.0,163.38487003896518,457.2,0.0,49.151772223953124,0.0,229.2,-24.338851027391087,-0.11383332161791593,0,1069,0
D232FB56-3008-4BE3-AE13-006A8B011A04,12756,5,193.5,0,0.0,0,0.0,-1,154,452.0,143.99171422873016,305.7999,0.0,35.78621507832673,0.0,186.85,-7.864247067464731,0.10127786243773686,0,1069,0
A6575B86-32B9-4A08-A709-A89581E4E58C,8748,12,81.54545454545455,1,0.04172382258802012,19,0.7927526291723823,1056,27,470.0,142.2973399062624,349.1821,0.0,65.06477889856166,0.0,222.4731,-3.804218440984613,0.727939820877994,0,1069,0
FAD5955E-330A-4F2B-BA3C-AF46A7EB9141,2953,3,146.5,1,0.12360311547578733,23,2.8428716559431084,841,631,301.0,0.5998528279994729,5.451586,0.0,0.3741996730887423,0.0,1.153719,-0.2985480667393649,-0.0002511084503678017,0,1069,0
FCF47850-2BD4-43B9-A61B-74F4F893419D,1384,3,163.5,1,0.26372832369942195,48,12.658959537572255,741,592,887.0,84.39973160277636,295.5011,0.0,51.66003863274206,0.0,155.05939999999998,-19.851743412189933,-0.20719126002702945,0,1069,0
621D22C0-464B-4623-A92C-4F152A8DB7B9,1634,4,151.33333333333334,0,0.0,0,0.0,-1,465,887.0,84.16049982507954,296.2057,0.0,51.612980865747616,0.0,154.78441999999998,-19.859524456252387,-0.20678407618803324,0,1069,0
60DE7DBA-7A39-48ED-8C19-37BA7939D964,5113,2,511.0,3,0.21415998435360845,441,31.481517699980444,107,409,129.0,7.273068491546703,933.0,0.0,13.277323666709417,0.3569333072560141,28.0,13.68287286647799,0.05537154792771094,0,1069,0
47A5FFAD-993D-4B88-8A5D-8860C7C5D531,3433,3,72.5,1,0.10632100203903291,8,0.8505680163122633,747,773,734.0,157.44721510917972,394.5086,0.0,47.388191108810055,0.0,216.23417999999998,3.3405228221474204,-0.25932307324594844,0,1069,0
BD438B48-65EE-42A9-8504-2CA87CE3D9BA,8304,3,224.0,1,0.043954720616570325,5,0.21977360308285163,545,545,825.0,288.3588943594814,702.64,0.0,111.00600776607685,0.0,463.01,124.84365270841982,-1.102233488474094,0,1069,0
A8A5245D-E7DA-429A-B6C0-0C8B76505476,12756,3,234.0,3,0.08584195672624648,167,4.778535591094387,407,437,266.0,150.3088140014441,237.6,0.0,22.06046871118698,0.0,177.2,1.5407538997904737,0.2392218975363716,0,1069,0
D61AD443-F61E-4E59-A4AC-C0A5AF47F6E9,4735,7,89.33333333333333,4,0.30834213305174235,684,52.72650475184794,624,362,1524.0,430.7641836938208,804.0,0.0,54.61506676724351,0.0,498.0,-6.595201965425758,0.32187136614905615,0,1069,0
B974679A-1ECF-4E81-BA23-1882B09D8C39,9566,4,161.0,4,0.15262387622830859,59339,2264.137047877901,379,412,395.0,149.23580398646598,589.0604,0.0,60.99715206439864,0.038155969057077146,209.73134,11.880766415540194,0.09538538763401301,0,1069,0
8ECEA5F6-88CB-472C-986C-087ECC5B0128,12756,2,114.0,2,0.05722797115083099,767120,21950.36061461273,496,894,555.0,76.78210300441692,272.2656,0.0,76.850919581613,0.0,168.75,-76.78210300441692,0.0,0,1069,0
015D38B7-1E72-4215-89EE-60DA1BE3D511,4777,3,218.0,3,0.22922336194264184,32,2.445049194054846,393,439,225.999,37.58325188244095,111.6028,0.0,15.256776935699355,0.0,57.18384,1.794288508454116,0.22340680890539197,0,1069,1
0B5AD3F1-F959-45DA-9F0A-ABB53C99CAF5,12756,2,34.0,1,0.028613985575415495,5,0.14306992787707745,565,842,412.0,88.593839180762,282.23,-6.86,35.09716100408399,0.0,136.19,8.92942779454664,0.22271278347112386,0,1069,0
2890FA10-3AB3-494A-9979-3EBA965EFC67,5102,6,140.4,0,0.0,0,0.0,-1,160,188.0,39.73079392666875,99.82724,0.0,18.788652066830203,0.0,65.612758,-3.3462948371317154,0.13057385658445997,0,1069,0
62DD5160-6FC9-4DDE-ADEE-2D5C01D717D4,10024,10,71.44444444444444,1,0.03641260973663208,24,0.87390263367917,1048,238,479.0,59.15655024816721,232.0,0.0,19.896467526127296,0.0,86.0,-12.054775556809183,0.12662691553136893,0,1069,1
C383D645-F93C-45E1-A259-52EE6554D9C3,12756,6,169.8,0,0.0,0,0.0,-1,6,489.0,79.99992014154964,234.9138,0.0,26.067549294448256,0.0,111.0,1.8388915868454205,0.3315022316426151,0,1069,0
54742AD1-B566-4347-81B8-8A0D98593C11,12756,6,78.0,1,0.028613985575415495,329,9.414001254311698,841,466,693.0,242.8348260227546,394.6,0.0,30.976565936803492,0.0,277.4,-15.866724170902756,0.2476293026571844,0,1069,0
951EF7D8-8780-48A6-98B0-90BC0148854F,8221,6,161.0,7,0.3107894416737623,441,19.579734825447026,84,45,245.0,86.64740174173699,227.1,-31.51968,33.86660397493427,0.0,133.71,7.698914616287709,0.0970823558463147,0,1069,0
353B1324-0EB2-4EDB-BB3A-B5C518F87B68,4334,3,184.0,2,0.16843562528841716,309,26.02330410706045,284,480,452.0,131.05645775305905,266.0704,-62.73737,41.22201467915472,0.0,187.78368,-26.85156247528127,0.24528288992916528,0,1069,0
E982614A-95D5-40B5-9990-9989ECF9F50C,8467,4,160.0,2,0.08621707806779261,70,3.0175977323727414,432,366,269.0,75.86474232649437,479.926,0.0,18.717702885567086,0.21554269516948152,100.77748,1.8496172352340352,0.18262316130013953,0,1069,0
DD549033-7750-4EC7-B238-D207A907376E,12756,14,61.38461538461539,8,0.22891188460332396,409,11.703120100344936,299,40,159.0,40.281199217629464,135.6324,-25.27,13.426321196834378,0.0,55.79401,2.1860913731293294,-0.020835827661318224,0,1069,0
C87E7066-6AF7-4E62-80CE-BBDC10C985C2,2173,2,195.0,0,0.0,0,0.0,-1,648,250.0,59.084396627293835,237.9838,-72.89876,23.147874578733678,0.0,89.60001,-6.138034154917285,0.13983423324148353,0,1069,0
D89AE226-4A70-4E95-8F42-9ABB15BED2BD,9186,7,159.83333333333334,2,0.07946875680383192,168,6.67537557152188,689,101,693.0,232.6832832305125,433.0719,0.0,63.562840583690814,0.0,310.7391,-7.411391859370525,0.34095377427291124,0,1069,0
43310AF9-A91A-4A1E-B1EA-3AB22FD0600A,1238,3,196.0,2,0.5896607431340872,166,48.94184168012924,431,668,226.0,35.885810904213315,162.3192,-53.42881,21.735969898925745,0.0,64.92572,12.224608632978047,-0.40387580781001275,0,1069,0
71325C08-995D-45AA-B1B6-858700B36BD8,9747,2,17.0,3,0.11234225915666358,2772,103.80424746075715,684,1043,1270.0,322.91661235105096,719.64,0.0,112.14046895790037,0.0,459.41,34.756035025492224,-1.105023276193615,0,1069,0
DCB79EDB-51DA-42CC-8D88-BAFDB7C9D1F2,10055,5,209.0,1,0.036300348085529587,29,1.052710094480358,866,221,407.0,47.632183070603354,189.8231,0.0,33.200473154980635,0.0,93.568996,-15.724862510749961,0.23500461625490687,0,1069,0
70D97D06-EEDB-4620-AACA-3C3774C72A47,2152,3,174.5,4,0.6784386617100372,420,71.2360594795539,426,676,451.8,57.577914383432976,205.4536,0.0,22.50348827476969,0.0,88.765552,15.902905056150367,-0.2471912823471829,0,1069,0
D0F53A9B-B47B-4FCD-BEE4-D44CEA55CEDA,1826,3,328.0,0,0.0,0,0.0,-1,365,753.0,0.47203905614498426,239.9767,0.0,9.49741770838338,0.0,0.0,-0.47203905614498426,0.0,0,1069,0
1C0E435A-C134-4347-89B4-E66983185C67,12756,2,183.0,0,0.0,0,0.0,-1,818,518.0,74.52930073381383,207.0313,0.0,35.02898910217708,0.0,122.8516,42.050761114180006,0.4828054496501843,0,1069,0
B6565142-0266-48A2-8635-79C0D8A9A75A,4615,2,0.0,0,0.0,0,0.0,-1,1001,250.0,19.007902970857426,105.0,0.0,17.826852819786136,0.0,45.0,-11.11623630419076,0.16122978145449993,0,1069,0
7DEE2F6C-25B1-4C45-9165-277335D80FDB,5914,5,241.75,1,0.06171795738924586,22,1.357795062563409,495,33,377.0,43.07201308111132,177.0,0.0,30.643220787977654,0.0,87.0,-13.955809377407618,0.1540756060418773,0,1069,0
7C2EE4F9-48BD-4695-AE5C-745084D36E91,12756,2,63.0,3,0.08584195672624648,182,5.2077453747256195,972,997,101.0,0.7430376015989384,86.70906,0.0,5.711274897808235,0.0,0.0,-0.7430376015989384,0.0,0,1069,0
A467E6AC-6954-4289-B08E-5203E6AED0A9,1552,1,0.0,1,0.23518041237113402,112,26.34020618556701,132,997,301.0,45.932700852010704,112.9607,0.02827294,15.360950097984356,0.0,65.518202,-4.948843109300057,0.09239784877347819,0,1069,0
4641D0B3-55D2-4610-8CA9-64F5108FBD2A,535,9,110.125,1,0.6822429906542056,63,42.981308411214954,25,148,678.0,142.9431541132332,383.0,0.0,60.25966516514149,0.0,218.2617,-28.05372510088752,0.11432407064418801,0,1069,0
EABA266E-5971-4319-B289-76B58959B272,4610,1,0.0,0,0.0,0,0.0,-1,990,99999.0,199.35832896407263,646.422,-17.73434,134.94901607061286,0.0,394.96119999999996,70.01275344333479,0.03165446923005466,0,1069,0
645D282B-61B4-4513-B5F7-D2A9D16695E7,6868,3,126.0,0,0.0,0,0.0,-1,730,489.0,127.56975120343206,251.0,0.0,29.994699207919172,0.0,168.0,-0.14837774664194114,0.03618410823454713,0,1069,0
EDAE9693-FF75-41C4-A9F9-1EC775DCAC2C,12756,7,90.5,7,0.20029789902790845,313,8.95617748510505,411,431,269.0,65.59944121724875,116.8,0.0,18.438971157535583,0.0,88.4,-0.8649659086067771,0.1404296255138391,0,1069,1
54DF2AC2-08E8-4796-9F51-0AE512D10818,12756,5,137.75,5,0.14306992787707745,413,11.817576042646598,93,418,259.0,64.36607959847653,233.9981,0.0,19.567313763467386,0.0,90.8,-12.458703324325306,0.04930319670696922,0,1069,1
886124C7-24B2-407F-AFE9-3E8C5C2B6FBA,3343,3,94.5,2,0.21836673646425364,26,2.8387675740352973,2,774,452.0,71.14424563688488,237.7979,-3.7,35.280615955034506,0.0,119.23129999999999,-2.0121720629805537,0.28360224089885644,0,1069,0
E7B3BDAE-CD94-4E23-9BDA-CB3572944E67,3398,2,20.0,1,0.10741612713360801,62,6.659799882283696,126,941,451.0,134.4519002394116,270.0,0.04254523,19.052458189188936,0.0,158.78226,1.3495672166069141,0.20088143157293417,0,1069,0
2D0CC930-23BF-467A-994D-7E1B7264918D,12756,4,275.6666666666667,0,0.0,0,0.0,-1,148,265.0,56.911452529813886,160.4732,-3.172758,27.063164901509083,0.0,90.51353,-3.5389458555854887,0.10960679816856496,0,1069,0
3BCC6676-AA3F-4F9F-A889-E02D04919D2C,12756,4,251.66666666666666,2,0.05722797115083099,20,0.5722797115083098,197,199,226.0,36.85299194413538,170.0,-0.5851979,19.154340599903588,0.0,58.0,-11.455461079937852,-0.019467538287788588,0,1069,0
9E962D84-5185-4D44-BE32-7738296BE4CD,12756,4,248.66666666666666,3,0.08584195672624648,280,8.011915961116339,219,208,452.0,146.9419973864058,949.8596,-165.315,36.57278480933195,0.028613985575415495,190.5823,-7.949685175757651,0.10325222623779132,0,1069,0
B372A68C-1DA1-4CC9-8D63-0DF99DDCEBE9,7240,6,183.4,1,0.050414364640883974,375,18.90538674033149,199,33,377.0,105.51579048554255,246.0,-29.4,38.508769266860625,0.0,152.1,-49.26135306656107,-1.5771589445548944,0,1069,0
2FC0AB13-853C-4DE0-9B92-83F046AB2B4A,4492,5,205.5,1,0.08125556544968833,8,0.6500445235975066,946,121,792.0,118.66306634442877,436.0,-35.98437,76.33235931985416,0.0,228.0,-38.450874986404074,0.1616923442765434,0,1069,0
7385215F-E55C-47DD-BD9F-64A206D48BEE,7023,6,156.8,0,0.0,0,0.0,-1,158,400.0,91.10385757414117,271.0,0.0,47.77252629555015,0.0,156.0,-20.723302018585613,0.45098274592651766,0,1069,0
6865C41D-68D9-4AF3-9CFC-4C8AE008CBC1,12756,3,214.0,2,0.05722797115083099,46,1.3162433364691126,248,513,407.0,106.00174277378731,271.02,0.0,25.29395625814452,0.0,134.3,2.9657788311509705,0.05123141059928771,0,1069,0
ED71725D-711F-4F01-89D3-49238120657A,-5,7,136.33333333333334,2,0.0,1188,0.0,450,120,452.0,91.11039283551813,451.0,0.0,40.613953155261555,0.0,135.04244,-91.10418589969096,-0.00022055497124475278,0,1069,1
D9737CB8-54FC-46DE-B36C-566B76A43BB9,6611,4,268.3333333333333,9,0.496899107548026,251,13.857963999394949,120,120,235.999,63.587438343268914,169.0796,-54.6628,28.29911249788166,0.0,90.60974,12.983019511669355,-0.058163588620985814,0,1069,0
914F6355-1212-4395-BE0E-55712F524310,5113,2,608.0,4,0.28554664580481126,464,33.12341091335811,107,311,258.0,53.31862851808726,109.0,0.0,13.149257532440098,0.0,71.0,4.2958004942584225,-0.23155367832340673,0,1069,0
3F471218-FD78-4A69-953A-233ABD829ADD,8310,10,92.0,2,0.08784596871239471,236,10.365824308062576,241,87,450.0,49.16403381877875,224.0,-0.2520762,35.43236029226851,0.0,104.0,7.697771736776808,0.2711975758323639,0,1069,0
7ABA0B82-836C-4A75-9624-9AE7E4F89BB3,4996,2,751.0,0,0.0,0,0.0,-1,167,682.0,181.6610995136495,301.5269,0.1995625,39.38978479001414,0.0,232.1119,6.408654666906045,-0.01562652151747377,0,1069,0
1664D711-FBFE-4BAB-8601-ECE56ED1692B,1082,2,219.0,4,1.3493530499075785,238,80.28650646950092,840,696,602.0,15.79060615213983,235.7021,0.0,19.5627390549821,0.0,45.0,-13.006578374362052,0.11446480589739251,0,1069,0
D3F9E81D-17B1-4532-B2B4-E50459C020DD,5482,1,0.0,6,0.3994892375045604,111,7.390550893834367,50,914,979.0,279.7077706789637,563.3571,0.0,96.99552459687814,0.0,412.95059999999995,23.577095954913887,-0.0656428478499047,0,1069,0
17B966C6-8880-4C40-86FC-17FBAEF9AC4E,12756,3,233.5,0,0.0,0,0.0,-1,445,301.0,48.71681362161494,185.0,0.0,27.900686434637134,0.0,88.0,-7.2062426339606205,0.2670496014596846,0,1069,1
7B2D3C96-43B6-4FA0-AB85-1112EC3265F7,10293,5,192.0,0,0.0,0,0.0,-1,126,452.0,104.35775263941923,229.0,-2.952,30.055751119124015,0.0,144.0,4.7217998297165735,0.4970226662641515,0,1069,0
A0DA4AB1-4E3D-4A00-B35F-D803557F15D7,12756,4,274.3333333333333,2,0.05722797115083099,7,0.20029789902790845,492,69,120.0,59.044980989026,139.6385,-4.1,14.658811562950387,0.25752587017873946,78.0,-5.923839013717362,0.13857494981085855,1,1069,0
575027EE-0D74-43BC-94A0-E3B64141152E,2107,4,197.0,1,0.17323208353108685,492,85.23018509729474,841,297,1039.0,51.67958075269731,537.9292,0.0,35.41285917464335,0.0,106.79756,12.094599544524911,-0.2583302768753619,0,1069,0
2A44B059-4961-4BFB-AE93-36214ECB6718,12756,3,402.0,3,0.08584195672624648,217,6.209234869865162,438,80,452.0,135.67331313861717,350.6214,0.0,65.94037355599619,0.0,196.91949999999997,23.361775545024813,0.12510147174533423,0,1069,0
CAC86566-186F-445F-8D6B-5F9C9B7998E7,2345,2,1.0,0,0.0,0,0.0,-1,868,1039.0,288.12139035419926,497.5063,-11.95917,63.44610125057244,0.0,373.6458,-37.766934165927665,0.2873384832030009,0,1069,1
C51C6412-E1C8-4148-B4A4-D305B89E7C77,974,2,257.0,21,7.869609856262834,23420,8776.488706365504,0,592,301.0,48.92031153961243,137.5312,0.0,27.262102472814348,0.0,80.04074399999999,24.250268458072753,-0.05116116734755191,0,1069,0
BF7DF309-F8B5-42A8-80DF-F33F7B3F23CC,12756,5,189.0,2,0.05722797115083099,11,0.3147538413295704,504,105,452.0,84.2346135031582,258.75,0.0,35.50371067693876,0.0,131.43,10.150682793138088,0.2112486555266641,0,1069,0
8882E55D-02C6-4912-AA59-6B172B7CE495,859,1,0.0,0,0.0,0,0.0,-1,846,301.0,61.03950698048443,248.2377,0.0,36.99887971151012,0.0,103.54926,24.150276868126667,0.15116856884095575,0,1001,0
9504E535-EA35-4A77-B780-C91CFFF034B3,859,3,405.5,1,0.42491268917345754,71,30.168800931315484,758,34,301.0,56.882958927998985,247.2527,0.0,38.62280533164032,0.0,102.33131999999999,27.64482675912292,0.14452490791540254,0,1069,0
25AA28D4-530C-487E-B23A-4B36DA7B0D2F,12756,5,70.5,1,0.028613985575415495,198,5.6655691439322675,845,562,138.0,40.925034036161506,969.3001,0.0,14.4345458239509,0.4005957980558169,58.06451,-7.399405429680023,-0.06396346454949939,0,1069,0
BFB1CBA4-5945-4727-B97F-86C77ADF2661,12756,4,167.66666666666666,6,0.17168391345249295,567,16.224129821260586,66,325,226.0,37.454528588996084,101.2207,0.0,16.360660749901403,0.0,56.81763,-25.468208626804724,-0.48822219376320974,0,1069,0
8CF2A5DF-7CF3-4B04-A284-8BC476C4F5D1,2842,4,116.66666666666667,1,0.12843068261787474,353,45.33603096410978,841,528,151.0,10.886874419035692,29.4,-1.9725520000000002e-33,4.149511209079393,0.0,15.68,1.553681136519863,-0.014727584109619624,0,1069,0
7838F992-B6AE-49F6-9D65-1643965275CA,12756,4,251.33333333333334,2,0.05722797115083099,242,6.92458450925055,841,66,324.0,69.8693298529616,519.9437,-9.187823,27.28888093612194,0.05722797115083099,98.78931,-37.74031788087626,0.0592080695498881,0,1069,0
D09194E5-090B-4E02-B4F1-DF1660B32E3C,7829,8,124.14285714285714,3,0.1398646059522289,137,6.38715033848512,41,163,1082.0,322.97435312079205,616.7908,0.0,93.35575445442882,0.0,444.7632,4.103696130751189,-0.422106938837096,0,1069,0
6939EDE7-AB90-483E-9569-5D300FB6F6C9,3488,2,264.0,2,0.20928899082568808,41,4.290424311926605,689,768,250.0,39.49337436294483,238.0,0.0,17.366271513557194,0.0,62.60849599999999,5.71921454538851,-0.08585554223777216,0,1069,0
8EC1309B-7A39-4510-B425-A85B6984B741,2481,2,14.0,2,0.294236195082628,148,21.77347843611447,413,1025,452.0,110.90064839585298,492.4323,0.03612974,19.60106443691078,0.73559048770657,135.56593999999998,-1.160123773167797,0.2313266074485836,0,1069,0
9BDE514B-020F-404D-8A35-FB43737D32D8,3111,4,140.0,0,0.0,0,0.0,-1,599,301.0,72.57310837152158,873.3192,-1.257899,41.522655348873116,0.586628093860495,130.1309,50.659558360731495,-0.5038081621892314,0,1069,0
B15C85AF-347A-4C23-A1B0-16BF49F6793A,3573,2,251.0,1,0.10215505177721802,61,6.231458158410299,574,755,452.0,121.32480781680638,1224.082,0.01196694,27.060889739118785,0.4086202071088721,155.25992,-4.112625371590326,0.5761058864748088,0,1069,0
46935390-998D-4ADB-9EE1-8F805F665B29,10115,3,492.0,3,0.10825506673257537,45,1.6238260009886307,359,18,800.0,298.15465168194265,599.6461,-117.326,68.46682384238012,0.0,383.86724,-8.67494458317725,0.04729669080059829,0,1069,0
D94FC0EA-7ECE-4263-83D7-C903DE84DEFF,10131,6,174.4,5,0.18014016385351891,266,9.583456717007206,111,125,497.0,89.73830810462704,316.43,0.0,55.54090605841058,0.0,172.28,-16.148433876231977,-0.12544406202419398,0,1069,0
6C12752C-D69D-4470-A654-CD97E112AACD,12756,3,340.5,0,0.0,0,0.0,-1,307,188.0,28.884995454539542,237.84,0.0,14.831578521229694,0.14306992787707745,48.0,-4.313159034786455,0.11918029432072541,0,1069,0
0499D104-91A5-4C2C-ADB9-93B751EA04E4,9747,5,221.25,0,0.0,0,0.0,-1,102,151.0,22.46327068285337,80.0,0.0,9.761811814582455,0.0,33.0,-3.0101842631002818,-0.03215383243475288,0,1069,0
FF463EF6-C8E2-43F3-86C4-604A6B5F27BF,12756,12,88.54545454545455,2,0.05722797115083099,81,2.3177328316086547,841,61,266.0,116.45080168090186,276.3,0.0,24.669066274404834,0.028613985575415495,147.4,6.033218380826526,0.21837445066366581,0,1069,0
5857F116-46F2-4144-9266-187B3561C77B,4695,2,404.0,1,0.07774227902023428,216,16.792332268370608,841,571,86.0,28.883215521086083,73.5,-12.30628,8.40026043142152,0.0,40.0,-1.6722973112095403,0.053596380211524935,0,1069,0
2073F33A-AC6F-4451-B6CD-5BC5966B1EA1,1814,3,116.0,2,0.402425578831312,314,63.180815876515986,841,739,1247.0,539.4147791055377,727.0559,0.0,73.57208724996597,0.0,633.15196,45.84115478335116,0.22106981013833296,0,1069,0
57C3CF66-E30C-416B-821B-51ACB8B43448,6943,4,272.6666666666667,0,0.0,0,0.0,-1,146,1126.0,232.39515375334196,810.0585,0.0,133.28375499563094,0.0,422.8515,99.20003268724446,-1.3661822490120301,0,1069,0
08B439BD-C31C-45E1-BF75-FB72C43AC8EE,3311,2,1.0,2,0.22047719722138326,44,4.850498338870431,726,961,151.0,35.6753326351259,87.27,0.0,13.97338743385849,0.0,55.29,4.128878784627183,-0.07150155483305709,0,1069,0
573F935A-5A4F-4D09-9A77-9626B32FBB6D,12756,4,278.0,1,0.028613985575415495,24,0.6867356538099718,949,124,221.0,64.04871308989964,321.387,0.0,27.25235173771774,0.05722797115083099,94.961834,-9.899542983495323,0.11109563173701043,0,1069,0
FE9D18AC-FF6F-406E-88E0-9D258741BB1D,4742,3,159.0,3,0.2309152256431885,154,11.853648249683678,656,640,693.0,164.13922524410157,315.3061,-13.21866,30.856840446828993,0.0,202.007,5.435391601577464,0.6152004269775889,0,1069,0
AD1F929A-DE63-4ECA-BBF6-054FAC6D4E8B,6205,4,145.66666666666666,0,0.0,0,0.0,-1,520,400.0,147.3093532989911,298.4,0.0,38.157736733179355,0.0,197.2,-8.618736015040497,0.2280790952699821,0,1069,0
AD28BEBD-7B0A-48DA-A06A-D0474308F9C0,3913,6,104.4,2,0.18655762841809354,110,10.260669562995144,347,426,920.0,162.59558855831244,437.0584,0.0,71.51607611361963,0.0,266.89777999999995,15.091394829804841,0.2705226180408215,0,1069,0
6DD6EFA3-E5E9-4C15-ABB8-FD90FAD164AC,9338,5,227.0,1,0.03908759905761405,62,2.4234311415720713,841,11,693.0,231.38516858592394,431.4423,0.0,63.263885709479496,0.0,308.94837999999993,-10.90589692767935,0.2102467273092617,0,1069,0
7911DB3D-781F-44BF-A4E1-F04D901D3E41,12756,10,108.22222222222223,8,0.22891188460332396,309,8.841721542803388,46,24,266.0,118.87665371092912,262.8241,0.0,24.370787443686595,0.0,144.48,3.4376247497190207,0.49151982030179275,0,1069,0
D59DDC65-B0C8-40A6-9851-50D0726C9E1F,10039,7,147.33333333333334,1,0.03635820300826775,32,1.163462496264568,361,33,266.0,118.64689613888905,251.76,0.0,44.71821052549653,0.0,169.2,-84.09884731944462,1.302438452144322,0,1069,0
BA516C92-B8BA-4932-89EC-F76BA19FF692,1092,3,250.0,9,3.008241758241758,259,86.57051282051282,435,403,180.0,34.16970889611325,91.4921,0.0,13.325578569229629,0.0,52.916314,4.384335174835833,0.06609866223841651,0,1069,0
9FC14863-3CC6-4419-8EAC-8A14391D1053,12756,5,162.25,2,0.05722797115083099,205,5.8658670429601765,95,248,251.0,107.94366637565295,200.1,0.0,27.129365855684803,0.0,143.6,-12.729314523801108,0.09327213464844851,0,1069,0
391BDC4B-A13E-4AF6-9809-DE1B069E15B8,2173,3,86.5,0,0.0,0,0.0,-1,725,250.0,57.5603733172507,148.8,0.0,22.440204293525237,0.0,87.2,-5.963393762775397,0.13642503865127634,0,1069,0
81921EC1-9D95-4D11-ABCA-9F41056FDFAE,4087,3,128.0,1,0.0893075605578664,6,0.5358453633471985,804,637,624.0,56.92426023133985,283.4639,-0.01787822,44.82269811029155,0.0,112.27582,-33.93296078689541,0.10142714491842136,0,1069,0
CEDB03AA-14E6-4AF4-A22B-70BD5C240A69,5825,2,350.0,2,0.12532188841201716,601,37.659227467811164,291,542,188.0,48.93135883741958,101.0,0.0,12.145584112000023,0.0,66.0,-6.147099578160322,0.025718081336019608,0,1069,0
EDE16837-3A93-434E-8EC3-6C82B254D307,5330,1,0.0,0,0.0,0,0.0,-1,892,416.0,159.2780921377767,299.8828,0.0,37.27103735401757,0.0,203.9063,-0.9683491420976793,0.09063823213961765,0,1069,0
C13B1F0E-8DF7-4DBF-8B0F-5711BF854F0F,12756,6,111.8,1,0.028613985575415495,11,0.3147538413295704,868,307,555.0,77.07428950743851,344.4,-21.29142,52.54581542329552,0.0,147.0,-6.024937228117523,0.2183266113717146,0,1069,0
55AE5DBD-8F36-4635-B56A-191A5A142912,12756,2,306.0,0,0.0,0,0.0,-1,561,266.0,51.52134707337683,138.9395,0.0,12.987963088983202,0.0,67.070072,-9.321364567975593,0.07366284768063226,0,1069,1
7AFA9DF1-8E26-45B1-B1FA-1ABD84FC5533,12756,5,200.5,1,0.028613985575415495,98,2.8041705863907183,263,62,450.0,120.90985757587153,254.8828,0.0,49.506548128370746,0.0,166.9922,29.135012966566748,-0.01437364375303273,0,1069,0
0AF08811-0440-44C2-983C-AC2BBB85C7EC,12756,2,312.0,2,0.05722797115083099,69,1.974365004703669,698,544,527.0,73.39922178839113,196.875,-42.45663,31.791275062648694,0.0,116.9922,38.1320271853743,0.46280966721877415,0,1069,1
4838A492-89EE-487C-BCEC-C7FE34C6DF3B,4411,2,0.0,0,0.0,0,0.0,-1,853,554.0,120.97742937405272,343.1349,0.0,50.49101620132292,0.0,186.52796,-21.10919504349718,0.3967906623475805,0,1069,0
CFE21D01-E519-4F8F-994D-1EE5E98268D4,12756,6,142.8,3,0.08584195672624648,599,17.13977735967388,213,133,693.0,248.06339224729555,406.3,0.0,32.377613896762675,0.0,284.4,-16.74839996334495,0.23710472371968042,0,1069,0
C35E8565-17DA-4303-A1D7-9A9FD54D7440,4002,1,0.0,1,0.09120439780109946,2,0.18240879560219891,1011,847,887.0,69.98296764381013,217.0,0.0,28.70251758593063,0.0,110.0,-25.248785545044697,0.26764078098344524,0,1069,0
E6464C40-4171-4D14-B258-96BD51732EE0,4520,3,54.5,2,0.16150442477876106,338,27.29424778761062,841,812,624.0,105.38341605782907,539.7876,0.07529975,63.67705347609856,0.0,198.1144,-68.09693371972722,0.2065541417723915,0,1069,0
79EF276C-3569-474F-AC05-EE8F1FBBC038,5582,5,197.25,5,0.32694374776065926,760,49.69544965962021,354,45,138.0,29.619822538344987,546.779,0.0,6.2964242828465675,0.32694374776065926,36.64802,1.7582521816858758,0.0022575585317286175,0,1069,0
226FA0AE-EA74-4C4D-9121-0A1FC45E49F7,12756,11,82.4,1,0.028613985575415495,22,0.6295076826591408,455,0,437.0,161.7510556094245,533.7,0.0,36.110442003100204,0.14306992787707745,208.7472,-17.3212320963072,-0.02440466414992077,0,1069,0
54545F03-85D8-41FE-BD75-1BF99660F253,6751,2,4.0,1,0.05406606428677233,20,1.0813212857354466,821,818,803.0,261.9321191783298,707.6,0.0,53.77223730731764,0.0,302.399,-2.4454414237001743,0.3375636675135654,0,1069,0
45BD2F42-F612-46C5-91AE-7340948897A0,3239,6,153.0,0,0.0,0,0.0,-1,55,84.0,23.553964063541212,90.51721,0.0,15.883311280224891,2.929916640938561,46.729459999999996,4.126780530594591,-0.16401765192596876,0,1069,0
B70327BD-54B3-4AF3-AD2F-374725749C99,2629,3,294.0,1,0.13883605933815138,86,11.939901103081018,221,221,250.0,36.47865099925843,138.3914,-231.9782,11.33723977487042,0.0,50.011156,2.6151652530563894,0.17441827952521963,0,1069,0
CAE19294-B1D9-46C0-ADD6-2B699443BDB5,12756,6,147.8,18,0.5150517403574789,1469,42.03394481028536,34,66,376.0,124.11581124769883,329.0,0.0,46.25128548934059,0.0,186.0,-13.097369889674141,-0.17327224897461116,0,1069,0
48820C0E-3CCF-4017-8A83-4D510210E544,12756,8,122.0,4,0.11445594230166198,482,13.791941047350267,259,47,461.0,126.4098369332648,800.3197,0.0,73.74208692056222,0.17168391345249295,196.88456,30.933366947908027,0.2532821181008609,0,1069,0
7DCBA3BF-C461-43D2-9388-494393ACD18C,3111,12,32.27272727272727,7,0.821279331404693,223,26.163612986178077,98,429,717.0,164.1188927195225,368.4234,0.007983411,45.131793980938596,0.0,223.60332,-1.607074177084229,-0.02504151742400164,0,1069,0
6D874067-376B-4E91-8E62-6A1F26BA7EFE,4935,8,37.42857142857143,3,0.22188449848024316,20,1.479229989868288,549,553,920.0,174.47612579036468,446.5204,0.03689134,70.17569943448143,0.0,274.80802,21.4934218006847,0.2568355152108886,0,1069,0
4B87FBD1-5119-4F64-A8B0-56EA6844A1B4,5113,5,124.75,1,0.07138666145120282,3801,271.3407001760219,150,313,395.0,116.59557051754084,204.8257,0.0,22.135194665959183,0.0,144.8767,8.235706772582617,0.29815426621359853,0,1069,0
BC1A0767-7D63-4966-A45F-C69C2B6720A7,1722,4,152.33333333333334,1,0.2119628339140534,369,78.21428571428571,841,349,451.0,63.73233574840074,318.2505,-7.956126,35.570362271715474,0.0,113.57391999999999,28.872376710704188,0.048142872817430175,0,1069,0
434A719B-8929-42EE-85B0-BCD8390A2FD4,4151,2,0.0,0,0.0,0,0.0,-1,803,452.0,117.86643624093361,542.7101,0.0,29.850213129218556,0.4396530956396049,156.0,8.06064709239972,-0.07001487380713166,0,1069,0
60D4B1B4-1E0D-4236-AC69-F3AE586A8F1D,6227,3,292.0,2,0.11723141159466838,385,22.56704673197366,125,216,84.0,18.815393154763314,66.12852,0.0,8.36544947188393,0.0,27.09818,6.18865177891724,0.06472456857847846,0,1069,0
9F376D6D-F527-405E-BA33-CC75D29896CA,12756,1,0.0,1,0.028613985575415495,35,1.0014894951395423,826,801,313.0,36.50168795175864,144.0,0.0,26.690461396986475,0.0,81.0,-14.169512025832713,0.30513283532945595,0,1069,0
A813927B-ADCC-4F53-9034-AF9AC78B3F6B,829,4,114.0,1,0.44028950542822676,13,5.723763570566948,676,456,753.0,138.01342686292008,402.6877,-1.182,51.99074833617813,0.0,188.2943,28.252321759765067,0.022810263191338987,0,896,0
4EBE1ECE-606C-46A0-B2F9-989FA0DA81E7,4404,3,373.0,1,0.08287920072661217,71,5.884423251589464,50,51,451.0,89.1865925829555,290.6211,0.0,19.624532732866626,0.0,116.0,7.066262355316113,-0.07656163541004804,0,1069,0
EF9F8FC6-EF23-4520-80A2-DF7A9EA82C2E,2896,3,101.5,1,0.12603591160220995,17,2.142610497237569,468,592,301.0,39.50623048816213,106.5778,0.0,17.486803531992074,0.0,60.678005999999996,2.174707523566269,0.1611138449200072,0,1069,0
20A69E41-B138-45F4-B805-694EF0C43A87,3900,4,236.0,4,0.37435897435897436,345,32.28846153846154,244,144,452.0,28.35945500855747,122.3371,0.0005835696,21.893207828307023,0.0,55.910598,16.335809853711044,0.15394940073227908,0,1069,0
9664692D-2042-40DC-A05E-28893CF7D0BF,4118,4,108.66666666666667,3,0.26590577950461386,305,27.033754249635745,267,461,734.0,145.52882986330465,347.4693,-13.0108,69.54563802733793,0.0,230.12578,60.64283838283731,-0.061047490486562106,0,1069,0
B5436533-5880-4038-9A64-C2BA7CAEA666,4476,6,117.0,1,0.08154602323503127,11,0.897006255585344,253,194,314.0,29.123078156634808,159.0,-4.015089,19.611273857198125,0.0,58.0,-7.295609020832337,0.17105735504610545,0,1069,0
943FD77E-B890-494F-9B86-8E962BC85129,935,2,0.0,4,1.5614973262032086,660,257.6470588235294,244,772,151.0,8.27669613372407,24.73297,0.0,3.6713488735108695,0.0,12.05292,2.241730327772844,-0.004848071306310348,0,1069,0
72A308E8-6508-453F-80F6-000D170432F1,12756,5,174.5,2,0.05722797115083099,15,0.4292097836312324,437,72,472.0,139.6626258021517,389.5379,-32.87768,86.32866836140849,0.0,238.18518,-6.0690539401918215,1.3769689257874644,0,1069,0
CCA0AF18-F42A-4AE2-A993-8AEB1B02DAE5,12756,4,136.66666666666666,1,0.028613985575415495,40,1.1445594230166196,235,354,264.0,99.36856375267193,204.5,0.0,33.40965678654343,0.0,141.8,-1.5372751721935316,0.19340675916937078,0,1069,0
C852126A-A2BE-436B-B7D3-A12C44115ABD,5285,3,0.5,3,0.20719016083254493,17,1.174077578051088,75,760,489.0,97.31532875552115,542.9,0.0,20.786445018583425,0.34531693472090824,124.0,9.417310133367735,0.12976824985242288,0,1069,0
10C57184-042F-41C2-8FD4-8127F55287E7,5089,9,86.125,2,0.1434466496364708,17,1.2192965219100018,331,61,870.0,201.29748387559437,433.2058,-19.4625,48.4251616262948,0.0,260.29877999999997,6.007981831596993,0.22299904854195193,0,1069,0
8A5D8DB0-38BE-402C-BBB2-249372283E4D,7286,3,359.5,0,0.0,0,0.0,-1,31,450.0,110.75319677089907,204.21,0.0,24.405485507477145,0.0,141.87,21.528087951323144,0.11459948473279002,0,1069,0
A72BD56D-7FA5-4317-AB3A-A394D5404236,8207,6,126.2,2,0.08894845863287439,31628,1406.6309248202754,2,210,803.0,76.37326653018013,463.7369,0.0,55.516738196163864,0.0,125.42043999999999,29.552845515730354,-0.23526568330149,0,1069,0
B9EA2DFA-D4D1-4A7B-AE67-B016338A08AA,12756,4,51.0,0,0.0,0,0.0,-1,596,452.0,111.12872947881634,318.6141,0.0,72.02483200134955,0.0,188.2387,28.96733989386884,-0.03657718300912542,0,1069,0
6BA3AF5F-A1DB-4453-B0FF-436B72B71550,12756,2,0.0,0,0.0,0,0.0,-1,748,392.0,112.73533980798005,185.6867,0.0,18.13190087728067,0.0,136.3802,4.281634908840914,-0.24802403062633382,0,1069,0
49C016C3-520D-4853-8EF2-81B177ED8825,1509,3,108.5,2,0.483764082173625,454,109.81444665341287,840,521,301.0,96.95581517072473,224.8,0.0,23.38127970892353,0.0,130.48984,-12.0404806329161,-0.12993329384580668,0,1069,0
3D5714B3-E512-47CC-A8C0-C849047C9878,8382,2,91.0,3,0.1306370794559771,184,8.012407539966595,327,634,100.0,38.11712848774126,57.9,0.0,6.2482504955394775,0.0,46.2,-0.27261459885237116,-0.03959478879426511,0,1069,0
8F6E3CDE-8753-48A8-82A2-F3C9DA2C96BF,12756,4,51.0,5,0.14306992787707745,330,9.442615239887113,429,570,264.0,88.55025448711025,241.8,-794.5035,35.945091998311376,0.0,139.8,8.986643230482343,-0.47642229359373517,0,1069,0
67E58C5A-8E95-41B8-92F3-E6B672032201,1707,4,110.66666666666667,2,0.4276508494434681,449,96.0076157000586,723,386,831.0,347.3115756882005,18909180.0,0.0,68203.851152384,0.4276508494434681,126.03725999999999,-254.99836156783013,0.3253724185461078,1,1069,0
EC098375-B938-4880-A7C8-4EB8C297FC03,12756,4,94.66666666666667,1,0.028613985575415495,165,4.721307619943556,841,430,269.0,87.47932315578915,183.3543,0.0,20.699181599114024,0.0,116.42833999999999,-2.0426532514681526,0.1894928454140834,0,1069,0
DBBA78B9-5F4F-4381-9883-AA275249DB94,8393,12,49.45454545454545,7,0.3044203502919099,931,40.48790658882402,128,147,301.0,64.27871294307441,542.6331,0.0,15.86118306644371,0.2174431073513642,85.5,-1.8856573875188545,-0.006692870176076041,0,1069,0
31301640-2226-41DC-B1A9-EBC5A4DE58B5,9460,3,216.5,2,0.07716701902748414,41,1.581923890063425,171,262,188.0,21.375366721525822,69.0,-53.0,8.297776100465777,0.0,32.0,-6.273746351155452,0.02153918179197732,0,1069,0
CE399C1D-9475-42B2-A10B-6D1B2FEAF527,2951,6,122.0,17,2.102677058624195,1382,170.93527617756692,233,352,188.0,-19.415060464329624,0.0,-61.5,9.804980468442608,0.0,0.0,19.415060464329624,0.0,0,1069,0
0362A7F3-A940-436C-88B4-9AE1E666EBC0,12756,3,114.5,0,0.0,0,0.0,-1,595,119.0,15.000275345255549,149.76,0.0,21.358281073626294,0.05722797115083099,49.62,-15.000275345255549,0.0,0,1069,0
40A5B8E3-4F46-4245-9A30-23AF39FB3B4F,8704,5,161.0,0,0.0,0,0.0,-1,41,693.0,179.7256688841908,378.0,0.0,80.88767095887785,0.0,267.0,24.087294078772146,0.19414296689557559,0,1069,0
5EB18AA2-19DE-47F3-8B9F-24DD3BE012E5,5990,3,243.0,1,0.06093489148580969,329,20.047579298831387,841,188,133.0,43.03594144275371,99.94489,0.0,13.714874229901941,0.0,60.938882,4.139328131166046,-0.007785638067047289,0,1069,0
7557F0E7-2BAE-4289-8899-242ED9B3EE10,10517,6,126.4,0,0.0,0,0.0,-1,215,407.0,46.25880987373257,398.3401,0.0,32.6376748458209,0.0,91.64024599999999,-14.154658823701702,0.23754181991530982,0,1069,0
0546D5F3-6EF7-482D-9386-567CB1639566,5547,1,0.0,6,0.3948080043266631,281,18.49017486929872,582,668,188.0,28.94169223258764,319.0,0.0,12.158766856888718,0.4606093383811069,46.0,1.8129373970419884,0.04285108358139263,0,1069,0
C1509DEB-8344-42FD-91B5-65E8E93FC165,12756,5,156.5,3,0.08584195672624648,68,1.9457510191282534,132,38,489.0,122.07698738048097,303.9775,0.0,42.71333686782008,0.0,174.05552,-33.854105903490236,-0.973428999254971,0,1069,0
254BFB28-EF86-46B8-81C3-3DCB0782773E,830,3,39.5,2,0.8795180722891566,1194,525.0722891566264,573,663,450.0,77.8798049013809,270.45,0.0,41.49731433026279,0.0,128.52,20.535450499853667,0.2337237238935837,0,952,0
0C8A89C0-AFD8-4542-A1C7-AC4198C5ED37,2873,3,230.0,1,0.12704490080055691,182,23.122171945701357,400,194,777.0,218.15154986040187,748.2,0.0,43.44442804875162,0.0,271.6618,21.99503428311661,-0.5181794322975702,0,1069,0
1D0139A9-546B-4410-98A5-EF44AE53DBA1,5095,1,0.0,0,0.0,0,0.0,-1,654,489.0,116.13751650653431,227.0,0.0,29.055816950936332,0.0,154.0,11.196588431737297,-0.025718995943839335,0,1069,0
92AAE5D8-79F8-4413-94A3-33A7894130B8,12756,5,134.75,4,0.11445594230166198,1130,32.333803700219505,191,92,663.0,171.70590521594775,694.3537,-1.411111,82.4314921002575,0.05722797115083099,235.1807,-110.13334584249097,1.834495618126173,0,1069,0
462C0070-90D1-47B8-B17B-FE1F0836461E,12756,2,342.0,4,0.11445594230166198,1302,37.25540921919097,379,631,1370.0,438.42494890292534,807.96,0.0,122.29794670536184,0.0,611.95,-8.137671896752465,1.885352866494388,0,1069,0
AC52B34B-D800-4D88-A136-D15385665CA3,12756,3,227.5,4,0.11445594230166198,91,2.6038726873628097,374,430,104.0,17.764235951914756,352.9,0.0,7.541795688023947,0.05722797115083099,26.0,-17.764235951914756,0.0,0,1069,0
5FB23539-F40F-467E-81AF-3F9848C0F79B,4133,2,126.0,0,0.0,0,0.0,-1,620,1247.0,297.6341459487533,686.6897,-3.53,115.87800746051211,0.0,472.08146,181.6031646376664,0.5563576864194667,0,1069,0
0C817BA4-271B-4C0C-A9A6-EF78579AD9BD,12756,4,19.666666666666668,2,0.05722797115083099,713,20.401771715271245,619,562,452.0,116.51409017283886,464.44,0.0,43.542674040268324,0.11445594230166198,174.8,19.19004331481544,-0.21214148008684494,0,1069,0
7AB02050-BE16-4E86-99CF-7FBFB7D8400E,2922,2,0.0,2,0.24982888432580425,284,35.4757015742642,812,615,151.0,35.72860080792574,234.2568,-35.45,10.920026101454019,0.37474332648870634,50.0,-5.980066857308454,0.0480068984282195,0,1069,0
B52D06BF-8FE9-476B-AC66-5502470254A9,12756,4,9.0,0,0.0,0,0.0,-1,585,282.0,30.947650054967575,97.0,-44.7,11.058793363789972,0.0,44.0,-1.8423259808935022,-0.0011914479611406924,0,1069,0
2162DBD3-BC3F-4F28-9CB6-9FC2E4B5DE8E,756,1,0.0,0,0.0,0,0.0,-1,605,678.0,44.58047674708602,162.9295,0.0,29.96831849548001,0.0,86.67755,-4.882401387363792,0.021409488402851697,0,805,0
5F318A4F-B8BB-4B45-B26A-D75B9C8E4051,7734,5,19.5,2,0.0943884147918283,279,13.167183863460048,620,604,251.0,60.12488656429905,514.0,0.0,40.24001883392309,0.23597103697957073,119.3997,33.10054553531515,-0.9136611286713046,0,1069,0
2392ED53-E2AE-4D43-BE95-A9067BBB0D6B,6508,1,0.0,0,0.0,0,0.0,-1,595,269.0,90.88948886887795,187.9434,0.0,17.919111360088905,0.0,117.2885,-1.5825970633223818,0.26453236674388114,0,1069,1
6545E4B5-126B-4F8B-99D1-D6A633A02B45,12756,5,35.75,4,0.11445594230166198,340,9.728755095641267,67,448,488.0,147.4258670890605,536.87,0.0,40.69697809684923,0.14306992787707745,202.78,-40.46554764461605,-0.24649915170151382,0,1069,1
E88FEECA-C31D-40F6-9CFA-EAC22B9C9885,12756,3,41.5,1,0.028613985575415495,4,0.11445594230166198,640,591,188.0,30.077226479408303,138.785,0.0,15.195601975658327,0.0,50.0,-4.538954874470033,0.12127011565211872,0,1069,0
1FCA5E9B-62A4-4670-B189-9121A55174CF,3430,5,52.25,2,0.21282798833819244,417,44.37463556851312,107,381,416.0,33.28153672328218,192.8626,0.0,15.909323360683482,0.0,48.10941,1.430591577643746,-0.043648632351766095,0,1069,0
B2F5EE12-7D0C-449F-9C00-3B0C09AE260F,2238,4,188.33333333333334,6,0.9785522788203753,323,52.6787310098302,43,31,489.0,88.7684041308723,311.1475,0.0,53.09667705201104,0.0,161.02561999999998,27.77802370895411,-0.13571372503477627,0,1069,0
6B97EC58-3A8F-4853-B9E5-0FC6D32CB782,12756,3,0.5,0,0.0,0,0.0,-1,587,523.0,80.43877029511405,321.6244,0.0,48.9884380485888,0.0,157.7157,5.742000096861233,0.21272024528512348,0,1069,0
954A1AEE-2A12-4D99-A1B2-A583D6155930,2842,4,11.666666666666666,1,0.12843068261787474,123,15.796973961998592,11,549,151.0,18.299330894131153,41.92131,0.0,3.8234939106465333,0.0,23.129,2.540423267674406,-0.02964866190747021,0,1069,0
D3573AEA-0C75-456D-962E-55892348EF0E,7871,3,302.5,1,0.0463727607673739,132,6.121204421293355,695,112,955.0,150.3909908694634,1201.875,0.0,64.57458294333739,0.0463727607673739,227.6922,-23.9866600878276,0.1988104532056963,0,1069,0
E92FEBC9-D26C-4814-8C7B-F0EB7E2E0D38,9750,3,216.0,2,0.07487179487179486,70,2.6205128205128205,547,150,141.0,39.21951282468272,114.5508,0.0,17.443234454083377,0.0,59.32,-4.489294460485183,-0.0393043717103057,0,1069,0
4870D3E9-B523-4119-BD26-273283DF0939,7496,8,101.71428571428571,2,0.09738527214514409,159,7.7421291355389545,47,91,1382.0,275.0289932319632,867.24,-70.27345,132.1605168144972,0.0,461.75,-63.87396545418545,-0.671526481321657,0,1069,0
508E3286-B2CC-4151-8711-C32B9E97B6C5,6751,2,7.0,4,0.21626425714708933,693,37.467782550733226,266,570,803.0,241.31343689278268,401.5503,0.0,53.798150478758785,0.0,307.9834,5.140668045488894,0.02626133541840511,0,1069,0
0C337E90-C8DF-451D-A9F3-1447F9B49CE6,12756,1,0.0,1,0.028613985575415495,44,1.2590153653182816,801,568,792.0,218.6426579585889,449.67,0.0,57.3202412177131,0.0,296.06,-34.982651785749425,0.3207281580257489,0,1069,0
72E185DB-B9FE-4BEB-98BF-8950E5072BB4,12756,3,149.0,1,0.028613985575415495,181,5.179131389150204,607,266,266.0,93.07179083999557,160.8,0.0,18.416443010717373,0.0,120.1,-1.10501614863756,0.24151638519608176,0,1069,0
0C530106-0EB3-4B06-97F8-B0FBA94809EE,12756,2,45.0,1,0.028613985575415495,114,3.2619943555973663,841,519,395.0,66.01965043479674,365.0,-29.58497,66.7860383406108,0.0,147.0,-66.01965043479674,0.0,0,1069,0
4E2C99F6-2E9A-4949-B7B2-C7C9CCF45E6D,4334,2,75.0,4,0.3368712505768343,609,51.28864790032302,284,487,452.0,132.8548388046327,267.6082,0.06163254,40.01976746754937,0.0,187.72544,-25.52680359552774,0.24090052349903437,0,1069,0
9D4BD847-8AA1-4705-A90E-3D053ECC8A01,2190,2,244.0,1,0.16666666666666666,42,7.0,801,318,497.0,75.6527890351077,235.7,0.0,26.448514009329465,0.0,108.0,-3.076400146218816,0.021634358151141793,0,1069,0
E0D4FC66-F84A-4835-94CD-B0FA8144AF12,5055,4,241.66666666666666,7,0.5054401582591493,376,27.149357072205735,63,81,264.0,85.78367362331925,209.0,0.0,36.034052485214055,0.0,137.0,13.871959821896809,-0.19080275780022288,0,1069,0
FED49662-EC92-43C7-B43C-5500FD9ACAE1,12756,6,70.6,1,0.028613985575415495,202,5.7800250862339295,606,231,266.0,93.19875953866269,161.4,0.0,18.492780096291447,0.0,120.2,-1.0133737361935573,0.24204314204306254,0,1069,0
952239C5-D3DA-4BC9-BD6F-215E81E4EBB5,10286,3,277.5,5,0.17742562706591483,991,35.16575928446432,151,3,188.0,37.132862559077175,129.6142,-19.60703,13.436630370516955,0.0,54.13945,-2.096726683676401,0.041209800659653885,0,1069,0
E4620871-1E6B-4F9B-A1AD-BA312DA2991A,8399,1,0.0,0,0.0,0,0.0,-1,559,251.0,52.36787121499151,117.9296,0.0,13.344242842648915,0.0,68.48974199999999,-9.965394286905095,0.06108971262246202,0,1069,1
E020129A-E1B9-4C74-A2BA-9A2EAC5E43D8,3209,5,107.0,0,0.0,0,0.0,-1,197,887.0,157.29590390634053,2048.0,0.0,47.83947718252364,0.1137425989404799,221.22335999999999,-24.32978195340843,-0.10867018512644068,0,1069,0
184A220E-3158-4A4A-B9FB-6B022D7A2CBD,9001,4,183.66666666666666,11,0.44606154871680925,951,38.564048439062326,25,4,251.0,82.94915920881171,151.4,0.0,25.044333444353303,0.0,112.73999999999941,-14.6597147642901,0.016677630527423177,0,1069,0
FC159190-9B7E-4A2F-9810-EEC819F428E7,695,12,41.0,12,6.302158273381295,4518,2372.7625899280574,132,102,301.0,55.236684849209034,200.1293,0.0,18.523900248030213,0.0,72.275782,9.904365113753933,-0.0067519044304225635,0,742,0
B0D8707A-E15A-4F2A-84EF-950F34F3804D,6199,3,235.0,0,0.0,0,0.0,-1,83,400.0,149.17669895333935,301.2,0.0,38.771511443707205,0.0,199.6,-9.866575496549217,0.2811974043433462,0,1069,0
0FBE9D7E-E88D-4F40-823B-DCC3D84E8186,1997,5,119.5,2,0.3655483224837256,287,52.45618427641462,559,502,1662.0,345.5012524657347,945.0,-29.97876,120.38325204050493,0.0,489.0,-42.52185431758653,-0.38774694406748167,0,1069,0
93CC4229-77D3-4EE6-A427-EB8D046F43DA,4499,4,155.0,2,0.16225827961769282,97,7.869526561458102,347,80,804.0,188.50984396495085,1674.656,0.0,33.30203362761833,0.40564569904423203,232.5,-5.927668039024923,-0.04717317638684892,0,1069,0
70B7AC8B-8E82-463C-9CBC-C4ABAB197FFA,5484,12,51.18181818181818,3,0.19967177242888404,251,16.705871626549964,738,11,535.0,174.8873678685813,376.5974,0.0,36.74273596069094,0.0,219.6583,26.79651067293105,0.1021165659114663,0,1069,0
59DCC837-2368-4FBA-98B4-D225B684101E,717,3,157.0,1,0.509065550906555,51,25.96234309623431,56,226,542.0,45.87560710519127,186.0661,-13.67728,32.30000973336383,0.0,90.79662,-0.522848554651155,-0.2297761848877046,0,769,0
209EB4C0-E63E-478E-A305-E8F3B77F307B,1742,4,52.666666666666664,2,0.4190585533869116,143,29.96268656716418,417,379,472.0,43.72166573601905,251.8151,0.0,27.748771441032314,0.0,83.48196,5.604427089598232,-0.0422198348012136,0,1069,0
561A0161-97F0-46AA-AC51-EDD6468D88CD,12756,4,107.66666666666667,2,0.05722797115083099,20,0.5722797115083098,509,209,306.0,60.44697836955967,150.0977,0.0,19.13891401836853,0.0,81.93359,-7.4992358817510265,-0.09285482726188071,0,1069,0
90E5D015-459C-4F18-AA9F-F1DA845ABA9C,12756,1,0.0,3,0.08584195672624648,194,5.5511132016306055,214,531,792.0,215.15982026579582,440.72,0.0,73.27201144812723,0.0,302.83,-134.42761347567236,-2.910199100940871,0,1069,0
4E122FE7-704A-452D-9967-877E01CD93E6,12756,4,153.33333333333334,0,0.0,0,0.0,-1,63,432.0,113.99437325648715,205.7,0.0,23.21234452856644,0.0,143.54,-9.52677449105505,0.0907087660569844,0,1069,0
BD1E5AE5-A8F9-4859-95B6-CF29DB31498B,5106,2,17.0,2,0.1429690560125343,31,2.216020368194281,30,524,313.0,40.482467215500854,171.0,0.0,15.366170730647811,0.0,60.0,-5.7090104253774,-0.0020438051337273344,0,1069,0
56A6E8B4-5CB0-4FC6-941E-80CF6B752D5B,1726,2,1.0,2,0.42294322132097334,433,91.56720741599074,840,521,831.0,37.54363522756184,482.3438,0.0,22.084283781342137,0.0,66.63067999999998,-1.4619263232022774,-0.0983375977153208,0,1069,0
388C3696-9A66-4D81-B6DF-71463D42FC58,12756,4,167.33333333333334,2,0.05722797115083099,194,5.5511132016306055,535,267,798.0,203.89714884177795,556.0,0.0,77.20356056386453,0.0,299.0,-92.46767353313598,-3.320103190609068,0,1069,0
8279B13B-B969-4823-9B7F-4062A583A5B6,8466,3,225.0,1,0.0431136309945665,101,4.354476730451217,42,513,251.0,125.29467257072602,203.04,0.0,22.562892693295048,0.0,152.88,8.67675377881099,0.13217449017984786,0,1069,0
4F43BEE4-EE32-4363-BECE-ADB0CDC9381E,6535,4,65.0,1,0.055853098699311404,21,1.1729150726855395,363,480,269.0,58.571657533882146,205.6556,0.0,22.175648802433123,0.0,86.57955,-0.2866061154407902,-0.1576073386768195,0,1069,0
C8CE04A2-2920-4BDB-BB04-646C1768EDC8,1285,1,0.0,1,0.2840466926070039,70,19.883268482490273,841,505,1039.0,245.79058912094814,653.0061,-46.3125,45.40647877047642,0.0,301.91518,30.019598340471646,-0.44730689880008967,0,1069,0
DDBD0F06-A031-441A-B893-77B34ABBEA40,4087,3,79.0,2,0.1786151211157328,106,9.46660141913384,476,441,624.0,147.9725399209963,473.9,-6.620637,85.11272197152509,0.0,266.2,-17.948635599777162,-0.4339762796438914,0,1069,0
CA49E920-2F97-4BE1-B8D7-661D1DF2BD22,8393,3,66.5,3,0.13046586441081853,294,12.785654712260216,44,368,301.0,57.902344417786075,213.8,0.0,23.84756153246392,0.0,88.4,-4.366410771103979,-0.014546223158775361,0,1069,0
6834BFCB-B69B-4C1D-91F8-7927ED064E29,12756,5,69.0,5,0.14306992787707745,358,10.243806835998747,220,258,100.0,23.61072826042921,52.0,0.0,7.439021493085843,0.0,32.2,2.822389826762148,-0.04706212552889981,0,1069,0
3F8B8808-332F-42CC-95C5-5E25C2CC3B0C,4840,3,58.5,1,0.07541322314049587,13,0.9803719008264463,115,500,377.0,105.2247333841355,233.38,0.0,39.4957844030502,0.0,147.76428,-13.68993392719105,0.16683228990253804,0,1069,0
5C5A7F54-7A76-4786-A969-B33B6066F4C0,10288,4,65.33333333333333,1,0.03547822706065319,449,15.929723950233281,429,500,489.0,110.64315565905794,286.0,-30.7,50.27054058130571,0.0,178.0,-5.449714301033254,-0.039536373946590785,0,1069,0
DB74109B-2CDA-4D4C-86CD-252E49F1C0E1,9031,5,145.0,1,0.04041634370501606,144,5.819953493522312,841,457,811.0,434.51765150311917,939.3906,0.0,34.257211655530746,0.12124903111504817,473.1488,19.540055649658655,0.30436273962106286,0,1069,0
8851D927-6303-4FAE-992B-A1231C700070,5201,2,44.0,1,0.0701788117669679,100,7.01788117669679,143,454,400.0,138.12866839408173,3052.211,0.0,33.92013561124156,0.0701788117669679,177.42094,-10.179389232816291,0.199289219011263,0,1069,0
A71477A6-16AD-4759-8D98-7AB56DC5AB7D,12756,6,91.2,0,0.0,0,0.0,-1,39,269.0,120.34815962121161,195.36,-2.8,22.37193421090559,0.0,147.36,6.807451998387165,0.2224738940946068,0,1069,0
E808587E-D5AA-4244-A5AF-DB648578235D,9719,4,82.33333333333333,2,0.07511060808725177,143,5.3704084782385015,167,241,538.0,94.57205293040262,238.8672,0.0,25.69434141121305,0.0,128.4668,-2.1930939859581713,0.26394337955981323,0,1069,1
D84B2D7C-8B4D-46BC-8D7F-CB05FA4D42A5,12756,3,154.5,0,0.0,0,0.0,-1,181,452.0,43.53013324191587,351.9877,0.0,34.615780661548136,0.0,89.35845,11.702591863022406,-0.12619791566180347,0,1069,0
46FFA32E-6E7B-4C98-BCA8-18F18C7FFDCE,1863,2,0.0,2,0.3918411164787976,342,67.00483091787439,44,479,301.0,74.60493425882245,237.13,0.0,27.457354612606135,0.0,112.77508,-5.714416900180481,-0.032614546640599866,0,1069,0
046598F9-2198-432A-A014-F6A1E74A2D50,12756,10,67.22222222222223,1,0.028613985575415495,136,3.891502038256507,458,129,800.0,222.43462213627456,544.3234,-20.1731,58.11758001310533,0.0,295.2861,2.567369986410654,-0.034322662373373045,0,1069,1
3CE7605A-49CF-4E96-823B-2EBF42078853,4221,6,124.0,1,0.08647239990523573,110,9.51196398957593,361,123,554.0,215.53239235788118,358.0,0.0,42.966027414683055,0.0,273.0,10.906650851995352,0.12242537944763722,0,1069,0
A873313E-28D4-427B-A9D7-CDAAFE189971,4411,2,1.0,1,0.08274767626388574,2,0.16549535252777148,111,468,554.0,121.93216072389366,345.5042,0.0,50.8191717337173,0.0,187.91969999999998,-21.36499234040599,0.39819041392448007,0,1069,0
3CC4911B-5570-49E4-AEBF-9FBC2337558A,567,1,0.0,1,0.6437389770723104,22,14.16225749559083,437,467,1039.0,49.81993871853804,528.8867,-60.60374,45.364940810067985,0.0,111.752,31.81180510862245,0.17024471150980922,0,805,0
9F8173AB-DFC6-4848-ABCA-5223A11E46C2,528,2,76.0,3,2.0738636363636362,255,176.2784090909091,167,389,452.0,19.9160231894209,99.71751,0.0,25.229430112235327,0.0,59.279878000000004,26.40328081675194,-0.017026347477786818,0,602,0
7EDB4110-47B4-4ECA-96CF-ECBE373A28CA,637,3,180.0,1,0.5729984301412873,53,30.368916797488225,6,119,1247.0,266.0744647750627,630.3384,0.0,155.54658025983647,0.0,465.02425999999997,7.0393886686101155,-2.1251050796861217,0,668,0
7D54DBF2-7A13-4C9B-BC1B-04FB690E46EA,6281,4,27.666666666666668,9,0.5230058907817227,1351,78.5089953829008,220,367,136.0,44.797224770780666,104.2,-0.4879012,18.08727130437168,0.0,64.9,3.3865138870897127,-0.07961527781303851,0,1069,0
0F17F090-0884-4740-829A-4C37996ECB61,1722,3,178.0,1,0.2119628339140534,361,76.51858304297328,841,451,451.0,62.7875707565092,324.3729,0.0,34.58367230861787,0.0,113.02332,29.583656362317967,0.0468999849900551,0,1069,0
EE138E80-2ED9-43EB-B510-7187B7935211,4147,2,0.0,1,0.08801543284301905,235,20.683626718109476,829,451,452.0,141.40060646795945,377.0,0.0,67.34262548979841,0.0,228.0,-13.32985029511994,-0.05799121290707398,0,1069,0
C478FDFE-420B-4816-85D1-60C7F6D63E6C,1778,3,61.5,4,0.8211473565804275,197,40.44150731158605,988,451,1247.0,297.1517349407976,686.0895,0.0,116.34884133092223,0.0,472.32555999999994,182.72173931846174,0.5662782468338694,0,1069,0
1A4B99DC-E3DB-470A-9044-B8C7FF877052,479,2,131.0,2,1.524008350730689,264,201.16910229645094,454,314,887.0,106.3480249836502,555.55,0.0,66.53863668623723,0.0,194.2902,-30.048125713974272,0.2992844546345417,0,554,0
41ED13D4-3691-4CE6-9987-E93FB75246C9,2770,4,97.33333333333333,2,0.2635379061371841,530,69.83754512635379,6,367,1247.0,318.8564037777072,782.1739,-15.3,187.49941978851194,0.0,579.6391,-45.472533555546704,-2.137912530992637,0,1069,0
2BFC78EB-D465-421A-804C-F758F59776B7,12756,8,62.0,0,0.0,0,0.0,-1,4,499.0,70.47552571812369,191.3086,-16.47943,24.491886367182136,0.0,101.3672,21.061386311968917,0.12948345788623777,0,1069,0
EEBB029A-143F-46FC-B3BE-BABBF68CF3C0,6925,7,82.0,0,0.0,0,0.0,-1,79,407.0,140.41811131158485,312.7041,0.0,47.17412712058409,0.0,199.25372,-48.07428025371448,1.2457285354861691,0,1069,0
3A2DF9C0-4CA5-4BB0-8F69-41E306415434,4819,3,123.5,1,0.0757418551566715,292,22.11662170574808,736,185,554.0,211.70796730567827,387.4,0.0,41.64652471411183,0.0,267.5,10.45439380543283,0.12035078633372165,0,1069,0
2F0B4580-9C56-40B9-A79E-011AA226D402,2831,15,39.642857142857146,6,0.7735782409042741,467,60.210173083716,268,241,160.0,50.57564180497895,152.757,-14.57095,20.578537603188895,0.0,79.508702,12.620448180360562,-0.17908489734622116,0,1069,0
0B12EC05-9178-47BE-B0DB-5F6AD150B22C,12756,4,179.33333333333334,2,0.05722797115083099,164,4.6926936343681405,786,5,450.0,148.30415619897613,414.75,0.0,40.02448848166956,0.0,201.27,-14.657161600210713,0.30349493135858124,0,1069,0
A805F55E-8340-4A1B-B342-62A243DE1527,1346,1,0.0,0,0.0,0,0.0,-1,421,887.0,92.23582445406468,208.9132,-208.88,26.84843825732207,0.0,129.67162,8.56862350889827,0.22424149037938038,0,1069,0
870EFCB6-0506-4C36-900B-58B90AE08897,2766,2,0.0,6,0.7917570498915402,517,68.2230657989877,404,416,301.0,50.263086254854386,144.8135,0.0,12.251128780224299,0.0,66.5657,10.935721249775249,-0.1536805605985414,0,1069,0
E1656FE3-DAA7-41A4-B529-23A70618047A,2845,3,129.5,1,0.12829525483304044,9,1.1546572934973638,444,157,748.0,93.86548428337896,404.8377,0.0,36.86492359402995,0.0,139.3174,23.898234946559313,-0.6781540191463101,0,1069,1
AFA767E0-ADC2-47E6-8265-041F5856400B,6086,2,1.0,0,0.0,0,0.0,-1,402,653.0,123.92072012166375,397.7569,0.0,82.19524294310489,0.0,226.1755,-0.8463155205835022,0.011335963519044763,0,1069,0
25DA5517-8E5A-4428-AE69-F814D532E82C,12756,3,283.5,2,0.05722797115083099,432,12.361241768579493,12,403,284.0,92.62394248308476,368.901,0.0,50.36710272873969,0.028613985575415495,144.81269999999998,2.905402303952286,0.054637210062423176,0,1069,0
410F273B-56EE-477A-8190-71177633F867,12756,3,39.5,3,0.08584195672624648,58,1.6596111633740986,398,321,295.0,89.31802305385523,187.58,0.0,20.407304984230393,0.0,115.8,3.556984662194168,-0.049967381661294163,0,1069,0
587FA9B5-D4C9-4DB1-A1E7-DB3CB5771DAB,4012,2,1.0,0,0.0,0,0.0,-1,398,301.0,37.187556405185816,532.4835,-27.9,20.89099003129229,0.09097706879361914,64.5,-7.924246220000629,0.05888372707190346,0,1069,0
9D1143F3-C71B-4BE6-A967-39B81623748A,12756,2,0.0,0,0.0,0,0.0,-1,398,239.0,51.76807386672478,536.0,0.0,30.952586739939385,0.17168391345249295,93.0,28.045892182657937,-0.03254682791207338,0,1069,0
5686885C-CDF1-4BBC-8012-0BFB570FFC5C,5141,7,68.33333333333333,3,0.21299358101536667,298,21.157362380859755,699,108,259.0,90.9252179398479,185.0,0.0,16.777313103419118,0.0,112.5,12.486049069411365,0.043449575016022146,0,1069,0
F46EF20A-0F69-4085-B391-71F3B111B8EB,4435,3,193.0,4,0.32919954904171367,346,28.47576099210823,116,376,1665.0,131.86903455423803,696.2038,-15.60709,134.96344248086172,0.0,338.81879999999995,178.7050350221431,0.6299833287317825,0,1069,0
216DB755-ABE2-42E4-AA82-E1E20F31103F,1887,4,52.666666666666664,1,0.19342872284048754,18,3.481717011128776,812,374,452.0,74.50036630292013,238.3347,0.0,35.219058740082225,0.0,121.23921999999999,-4.115297200373831,0.21835130805677738,0,1069,0
EE323BF7-DFDE-4CF6-9557-60ACB23A6E6C,4125,1,0.0,0,0.0,0,0.0,-1,371,452.0,99.35621504355123,849.87,0.0,22.653644796620085,0.08848484848484849,126.0,2.1785071786709977,0.047742176674662684,0,1069,0
3E2A058E-FC59-4E75-A86D-E8B1D3EB2EFE,12756,9,77.0,1,0.028613985575415495,175,5.007447475697711,427,76,693.0,187.15202103802193,459.5814,0.0,103.30974818808194,0.0,316.89723999999995,-187.10439071394785,-0.003140460927961073,0,1069,0
48A0384D-7E79-4BFA-B8D2-6081AD2F90F9,8562,4,34.666666666666664,2,0.08526045316514833,1321,56.31452931558047,152,361,406.0,92.49068138695218,323.72,-28.68541,31.784648352817424,0.0,134.2171,-9.352973188263888,0.08013094320959085,0,1069,0
8049872E-28FB-42EE-B30F-D5C6EB0017E0,8487,3,87.0,6,0.25804171085189115,116,4.988806409803229,94,185,77.0,30.83234947391083,114.7132,0.006320088,17.33205092317405,1.2472016024508072,56.622822,6.331873455363862,-0.19772275060027855,0,1069,0
BA6B93E6-32D4-4904-BE4D-AB3B5635BEC5,12756,6,83.4,2,0.05722797115083099,163,4.664079648792725,726,221,920.0,176.857340130603,535.4004,0.0,105.36779442586953,0.0,304.0009,47.303919309289,2.2303029988285537,0,1069,0
C6C80C9C-0461-4D1D-B482-AF468A879CAC,4536,2,1.0,4,0.3218694885361552,659,53.02799823633157,244,353,901.0,148.83254781282406,489.2578,1.831055,64.82425442027817,0.0,227.7832,20.061393807391966,0.3506727151982289,0,1069,0
AE983F2F-0D33-4E8A-B78D-FC2DE082B356,532,5,84.25,0,0.0,0,0.0,-1,18,1246.0,209.75307501679873,629.2313,0.0,129.76534341021903,0.0,377.36377,20.881538632892642,-1.7427954748611663,0,588,0
91FC46BC-EAEC-420E-90E7-8B9EB6FDFB6A,1927,6,63.6,5,0.947067981318111,241,45.64867669953295,423,194,554.0,97.62728853542319,321.0908,-26.95652,57.367791878970806,0.0,180.7124,32.21003043116633,-0.43898129204631336,0,1069,0
39792953-EFB1-4EE9-86F6-C318FBFA1550,394,6,64.0,2,1.8527918781725887,97,89.86040609137056,278,26,602.0,177.5198863891048,360.0257,0.0,56.15721930084825,0.0,246.69979000000006,-24.659745865185073,-0.07470606211058321,0,412,0
142AECE8-7660-4809-94E9-B4F2F2C010E9,506,5,82.0,3,2.1640316205533594,51,36.78853754940711,332,143,226.0,25.591195539462497,108.1698,0.0,13.063776387191043,0.0,41.591244000000025,1.7767090554449112,0.20572639239582027,0,532,0
2330284F-71E7-4FEA-AAEA-073E1C52A071,4536,3,154.0,4,0.3218694885361552,547,44.01565255731923,244,24,901.0,149.4564730183702,488.5254,-151.0,64.3472880407234,0.0,228.1494,19.63928071928413,0.3372770481242226,0,1069,0
6F0E2563-148C-4B04-A3E1-F7FDA69F387A,5298,7,46.833333333333336,7,0.48225745564363914,141,9.714043035107588,242,42,301.0,99.29980522146076,240.9741,0.008972168,17.487276676473623,0.0,125.5423,14.744445518456217,0.0513084975871509,0,1069,0
D698C919-8F96-4908-9794-7E94FBC4C880,12756,2,420.0,4,0.11445594230166198,1981,56.68430542489809,741,321,726.0,235.84550114813922,521.68,0.0,72.2900683319358,0.0,332.43399999999997,-17.01111688887994,-0.6578819401574636,0,1069,0
7C0FE479-4111-4BB5-8D55-607B41C9B0F3,5615,3,214.5,2,0.13000890471950133,10,0.6500445235975066,313,314,450.0,117.35815532730098,218.38,0.0,26.293354200438433,0.0,150.55,23.86856920973608,0.1436915148416672,0,1069,0
58682C71-82CE-4105-A731-736CAC1F991D,1851,2,297.0,0,0.0,0,0.0,-1,311,452.0,144.49495033520463,307.5027,0.0,35.88915027651247,0.0,187.49263999999997,-7.903140828260177,0.10156769635756184,0,1069,0
61D3E1D8-1995-428B-80E4-318ED8513EE0,375,1,0.0,1,0.9733333333333333,10,9.733333333333333,243,301,402.0,21.08441809822439,161.8541,0.0,28.144622197861608,0.0,64.80502000000001,15.595402700618209,-0.13618276831008716,0,805,0
BB5BDBB3-30F0-45A0-90C5-6AD5CACD8AA3,6576,2,247.0,0,0.0,0,0.0,-1,298,188.0,34.83463282331665,119.6,0.0,6.643185358118137,0.0,44.0,-1.4332439344277645,0.002905822849609965,0,1069,0
9FE556DC-9229-4044-A12D-D158ECD9C8EC,1059,2,10.0,1,0.34466477809254015,4,1.3786591123701606,316,279,250.0,27.100918795097805,84.55215,0.0,9.327666581267843,0.0,38.9206,-2.913938558678055,0.023379393423605465,0,1069,0
6036494F-799D-432A-951B-0FD9BCAE3383,6987,2,0.0,0,0.0,0,0.0,-1,283,768.0,97.61022430099462,282.7339,0.0,36.799673267135574,0.0,146.7053,4.21610758125847,0.10686302123035173,0,1069,0
283B275A-3D7F-4D6F-9327-8752BC9AE288,12756,7,63.0,3,0.08584195672624648,258,7.382408278457198,118,118,706.0,247.7871586109142,493.9087,-0.9,72.01232526031121,0.0,338.635,-51.55867049363019,-2.717789458083831,0,1069,0
51EDDA54-2C7E-4CBF-A0A9-01946FB3154F,6987,1,0.0,0,0.0,0,0.0,-1,281,768.0,98.74232454722333,286.2928,0.0,37.09510672516821,0.0,147.8916,4.2856509495359205,0.10663365993471813,0,1069,0
51D47ABB-49D8-4264-BF61-141D4150B9FF,5783,6,158.4,2,0.1262320594846965,66,4.1656579629949855,209,18,953.0,138.55852373161517,750.6409,0.0,91.97761031527146,0.0,253.7842,-20.888200020658388,-0.053889133993911334,0,1069,0
FF43FC19-CB5F-4E57-B4F2-97863D71913A,4470,2,132.0,1,0.08165548098434004,296,24.170022371364652,841,136,490.0,88.28382151456802,258.0,0.0,27.86437265707991,0.0,122.0,3.5834625324998797,0.1306183201040218,0,1069,0
844C1E94-D91C-4693-A425-0673A5E23C9F,3931,3,19.0,1,0.09285169168150598,47,4.364029509030781,257,219,511.0,161.24918221538508,294.4316,0.1511501,35.90177665832877,0.0,206.98206,3.9925565292136866,0.31252726559905936,0,1069,0
5C17EFDE-AC38-42A1-8921-47450C93FC46,4778,3,283.0,0,0.0,0,0.0,-1,248,250.0,35.05905924138245,142.5,0.0,11.990526842579827,0.0,50.0,2.7671367462718734,0.1839271709355697,0,1069,0
F867B201-9236-4A2E-9E95-E4D3B5D842B9,12756,6,145.4,2,0.05722797115083099,46,1.3162433364691126,18,60,499.0,71.50576606582447,191.1,0.0,24.722983490168705,0.0,103.1,23.380885168743433,0.1232447993121283,0,1069,0
7814E77A-3787-4332-A9BD-C92B5DC2C0B1,5166,8,123.14285714285714,5,0.3532713898567557,109,7.701316298877274,160,43,490.0,106.52368330995857,266.83,-14.72,43.37963403983864,0.0,149.1,13.259506504856233,0.0847475785761181,0,1069,0
18D3BF84-9B53-48D3-B063-F7DFA6FA89ED,12756,3,227.0,3,0.08584195672624648,290,8.298055816870493,463,234,269.0,154.17963332075695,254.4,0.0,31.787387326526826,0.0,194.2,-27.0551888763125,-0.04539293831441153,1,1069,0
725409A2-0E3D-4446-987F-EB1FF410D697,12756,7,83.33333333333333,2,0.05722797115083099,112,3.2047663844465353,40,227,803.0,298.0965951445745,799.1638,0.0,131.83292928467736,0.0,439.1785,84.98157712317243,0.1621429773979612,0,1069,0
39A2C8C4-7F28-47CA-9AA4-8961A6AAA602,4083,1,0.0,1,0.08939505265735978,8,0.7151604212588782,804,218,624.0,62.54750647284471,276.754,-6.019614,36.30309900667653,0.0,110.09844,-23.457118761424958,0.13403560758412364,0,1069,0
9683C647-7AFE-4F37-B4CB-37BD2E7380EC,6198,1,0.0,2,0.11777992900935787,158,9.304614391739271,240,217,269.0,74.70478953371888,171.7468,0.0,21.04925200329798,0.0,102.5791,27.24109369467618,0.7841939219953343,0,1069,0
93132377-10BF-46AB-B748-AE3094FFF34C,4812,2,0.0,5,0.37926018287614294,140,10.619285120532004,243,213,294.0,86.15996820532501,536.6702,0.0,33.648389463179555,0.37926018287614294,132.78,7.617078862576221,0.08551169040064731,0,1069,0
E4DDABB0-5441-4865-8C23-A2516C0A5149,1927,4,6.333333333333333,5,0.947067981318111,150,28.412039439543328,431,194,554.0,105.08299387263135,310.8095,0.0,58.59972776175756,0.0,190.5982,32.47064916996125,-0.44547800187738146,0,1069,0
F28238AC-EDF1-4E47-991A-034656708A18,9352,15,42.285714285714285,0,0.0,0,0.0,-1,207,693.0,177.26838041300488,384.6,0.0,43.851735838509434,0.0,229.6,-1.5405794870789578,0.4906839264562509,0,1069,0
2246E459-92C8-4031-A2E2-7B0A5D166EAA,12756,5,47.5,1,0.028613985575415495,4,0.11445594230166198,122,13,630.0,39.94487492633044,587.9417,0.0,105.006565763169,0.0,242.9137,229.53752481132386,0.12575759554194732,0,1069,1
36D8819D-C1FE-41D7-8634-80B330BC8E60,12756,10,78.88888888888889,0,0.0,0,0.0,-1,22,529.0,71.26297934444179,283.2687,-14.1602,54.21602325296482,0.0,142.0898,7.766380739663148,-0.6722100192623132,0,1069,0
4020B8F4-3A21-4DF9-8501-1C464D81E73B,3611,5,117.5,1,0.10108003323179174,173,17.48684574909997,191,85,120.0,30.942089500654408,90.5029,-2.0,8.263765637374945,0.0,43.32956,-1.1119556431698392,-0.0624890129884326,0,1069,0
AF87F62F-3C03-4D0D-9722-8060B5CB41B3,12756,3,212.0,7,0.20029789902790845,407,11.645892129194106,94,12,77.0,28.932806568776094,80.10583,0.002974187,16.3492020934201,0.05722797115083099,53.257789999999986,6.086192098157547,-0.1835712650366158,0,1069,0
6B7D69EB-3F90-4DB5-B105-55BDEBD0EB6A,8920,3,81.0,5,0.2045964125560538,99,4.051008968609866,177,16,440.0,272.56685071522895,413.97,-15.57002,83.31164995198041,0.0,343.12,5.335488019338982,-0.8231535712002191,1,1069,0
BD959831-3BDF-418D-AD85-DA021C5F8822,5473,6,61.2,1,0.06669102868627809,24,1.6005846884706743,4,60,490.0,141.39175766254462,802.0,0.0,46.47714272663692,0.06669102868627809,201.43,-3.7587300089952578,0.3186782244417385,0,1069,0
62A73906-3EF3-45D1-9D3C-8606A3D65A90,6366,5,105.0,3,0.17200754005655042,378,21.67295004712535,474,97,269.0,93.52325236451631,533.0723,0.0,33.279476443835726,0.286679233427584,134.2,-8.472523775781738,-0.020241876182213955,0,1069,0
5C4DB19D-9BCD-473F-B857-7118091B3580,12756,1,0.0,2,0.05722797115083099,44,1.2590153653182816,812,148,188.0,34.414734643426335,81.0,0.0,10.47190888259149,0.0,48.0,-5.8108766187349765,0.04618036977584968,0,1069,0
543FA16C-1207-4E8C-A1C0-499F0B8A249B,5046,3,38.5,1,0.07233452239397542,58,4.195402298850574,913,69,133.0,37.539852727039495,83.71803,0.0,13.889764892422688,0.0,54.86439,1.2766464827135877,0.07751188533192285,0,1069,0
59F7DD56-C665-42DE-B997-94823778B39B,4931,7,74.5,3,0.22206448996146824,29,2.1466234029608597,982,31,1734.0,462.7398831415432,1165.093,-82.24992,202.84509666261522,0.0,751.29888,-79.11127618089512,3.0423418279866383,0,1069,0
702910A0-BA44-4766-AA67-D86F6A3B3F99,7458,4,86.33333333333333,1,0.048940734781442743,249,12.186242960579245,841,136,693.0,51.99641556753205,265.1713,0.0,27.344607632098022,0.0,87.35054,-15.636222244229572,0.09382808326299326,0,1069,0
76DEF8EC-BC05-45F4-9A17-EE19804E89BC,2724,3,2.0,0,0.0,0,0.0,-1,134,472.0,74.15809651112296,380.5664,0.0,60.565114356152414,0.0,156.7749,37.10179663108383,0.11654345888262133,0,1069,0
2868313B-49FA-4E25-9459-4D66A1A117E6,4869,2,439.0,1,0.07496405832819882,30,2.248921749845964,772,127,251.0,96.20316792599219,232.5,0.0,13.224876165660719,0.0,112.30744,0.9445042491621223,0.10283280022273278,0,1069,0
104A009D-8BA7-4B68-BC2F-F007BF0D7B6D,7444,6,107.0,2,0.09806555615260612,343,16.81824288017195,4,7,820.0,228.5955131924776,652.0,0.0,91.42209809998518,0.0,335.0,23.021076313695232,2.1139318182856046,0,1069,0
0AC983BF-C77D-463D-A8D8-993E4D5E7C21,3656,3,373.0,2,0.199671772428884,712,71.0831509846827,373,122,602.0,154.16049370561842,319.9472,0.0,30.984051293310227,0.0,195.08112,24.255480028949506,0.14534899488374367,0,1069,0
51649634-A16E-4323-809B-7E15C362D5BD,12756,11,93.4,0,0.0,0,0.0,-1,112,188.0,0.0,0.0,0.0,0.0,0.0,0.0,0.0,0.0,0,1069,0
7D009E15-757B-4BA5-9B51-239AB1A261F2,12756,1,0.0,0,0.0,0,0.0,-1,102,251.0,83.56790300864519,231.5428,0.0,30.05614886990923,0.0,124.8,-3.568697761731613,0.12590497569422976,0,1069,0
DFFDD77E-1474-4BCF-8ADD-E88ABCAE0D13,2269,3,0.5,0,0.0,0,0.0,-1,98,452.0,92.84201343940882,375.0,-16.6,23.17878255114447,0.0,123.0,7.990934091455387,-0.07071306242664693,0,1069,0
E22F25BB-34C0-4A1C-A7F8-E2B037338F14,1755,2,241.0,4,0.8319088319088319,289,60.105413105413106,423,100,1246.0,368.02464968395276,830.7,0.0,118.36647571049758,0.0,534.2,-36.09367746173052,-3.7391880913514948,0,1069,0
B661AA1C-BEA1-47C2-96FF-01C42B0F6063,6163,4,178.33333333333334,3,0.177673211098491,674,39.91724809346098,137,98,129.0,36.258088823139715,147.53,0.0,8.586586102247427,0.296122018497485,47.62485199999999,6.925896021767699,-0.04085996100860305,0,1069,0
B49E420D-017F-45B2-AD09-690BB04224C5,2438,3,325.5,3,0.4491386382280558,360,53.89663658736669,367,87,251.0,71.3250506653763,171.8945,-34.22894,26.506410724923605,0.0,106.08442,1.6622182784894477,0.16241300155687866,0,1069,0
0D73717F-9B64-45D8-9390-42A477B75B22,2977,4,88.0,2,0.24521330198186095,78,9.563318777292578,764,84,473.0,103.18842025675384,360.5347,-43.45978,32.82720957138906,0.0,145.6604,18.90538092611652,0.37448129070851216,0,1069,0
195D4A28-7382-4A32-9F2B-BDDC68B010A1,10309,4,59.333333333333336,1,0.03540595596081094,27,0.9559608109418954,306,68,318.0,103.79663827155282,206.9336,0.0,39.37797353293431,0.0,155.6641,-26.6341681055806,-0.07212885374053735,0,1069,0
5CB79D86-032A-42DA-AF90-0E1332BA04C4,4813,2,1.0,1,0.07583627675046749,834,63.24745480988988,496,73,450.0,109.52255065278058,201.0,-10.85,23.156531235498935,0.0,141.0,4.835319717589783,-0.03885939279208308,0,1069,0
789538B1-103F-4BBB-9681-2AAC7E5B54E7,4503,2,6.0,4,0.32422829224961136,535,43.365534088385516,244,73,208.0,33.294268428076585,237.2923,0.0,8.060317234160937,0.4052853653120142,43.905484,-4.918686474014859,-0.2996384255777104,0,1069,0
34BDDE82-82B6-484F-A68B-5DD3017F0D80,4772,4,43.0,0,0.0,0,0.0,-1,3,400.0,143.42315479258687,303.6,0.0,38.53110259558913,0.0,193.35999999999765,-7.2171980024634195,0.2356150736486589,0,1069,0
1A9B0851-50C5-42E5-83C2-55BC5588285B,3076,2,728.0,1,0.11866059817945385,4,0.4746423927178154,104,67,250.0,65.14632867348742,159.0,0.0,18.768792346613495,0.0,91.0,-6.818936698178774,0.0006262204295335867,0,1069,0
D984B4DF-76DD-41F3-992B-70589E5FBDE1,2558,2,1.0,6,0.8561376075058639,276,39.38232994526974,272,62,301.0,104.46392654644012,539.4805,0.0,21.07554640234615,0.28537920250195464,128.8928,-4.270856042512648,0.06905342985398805,0,1069,1
9175FD58-1638-47AA-8B16-4041EF9F43BE,3512,1,0.0,2,0.20785876993166286,11672,1213.0637813211845,61,62,452.0,115.06743952312065,242.4871,0.0003521013,21.414285051508358,0.0,139.94628,-5.57251589101493,0.17073888781762475,0,1069,0
5739BAFF-F3B3-4D68-8255-E61A5CD65DBD,6198,3,232.0,2,0.11777992900935787,387,22.790416263310746,841,48,259.0,50.78578327409619,115.963,0.0,13.716691145025962,0.0,68.67047,7.190386442184675,-0.17366273178890998,0,1069,0
E80093A2-E813-4D0B-B4C0-B12BF07A58A2,12756,9,63.5,1,0.028613985575415495,17,0.48643775478206336,789,6,887.0,206.97144288251252,552.0,0.0,92.02481983949934,0.0,314.0,-103.70099535164832,3.826183673796098,0,1069,0
1EFF23EC-E7A0-4535-8747-37BC6B2B0CF9,12756,7,98.0,2,0.05722797115083099,15,0.4292097836312324,436,16,399.0,159.36566881051561,346.0003,0.0,41.55924991895863,0.0,200.4822,3.065147777447379,-0.46351921739898466,0,1069,0
62F835CA-317D-46C9-90DA-C87C8CD69E20,10160,5,253.25,2,0.0718503937007874,75,2.6943897637795273,841,38,188.0,42.44298075736463,138.1113,0.0,10.604161165386001,0.0,57.71771399999999,2.965000849794471,-0.010305487313609071,0,1069,0
30C3AEA4-3841-4F2F-9493-E2E62AE7FEA4,6242,3,3.5,3,0.17542454341557193,106,6.198333867350208,474,45,158.0,27.492815185361064,137.0,0.0,14.80185532041867,0.0,49.0,8.350240370194495,-0.0893000050303791,0,1069,0
B844FC6F-EF8F-42FF-92AB-06DE9BF9C2DC,4852,3,241.0,0,0.0,0,0.0,-1,45,314.0,86.18103866074276,459.9609,0.0,29.774481946290713,0.3761335531739489,123.0,-5.4960077965452285,0.0958664306978167,0,1069,0
50B491E2-4948-470F-83CB-A07016264463,4296,3,307.0,2,0.16992551210428306,4615,392.10311918063314,93,39,542.0,114.69779377640197,411.9742,-1.84794,73.67620131529974,0.0,213.42373999999998,-69.6188426298049,1.7058643458784615,0,1069,0
749B5EBB-7FE5-4728-B3D8-CAA50CE673F8,6014,6,107.0,1,0.06069171932158297,121,7.3436980379115395,841,20,269.0,89.67918522374077,169.5257,0.0,19.930316563290894,0.0,116.0325,-7.662748308848791,0.12824477823552136,0,1069,0
B55107E0-4499-4EE7-8DBA-C4114403A0E5,12756,4,157.0,1,0.028613985575415495,41,1.1731734085920351,786,14,739.0,176.4083178251055,606.76,0.0,104.72874714784935,0.0,309.94399999999996,-58.424880325105505,1.1222981455185863,0,1069,0
F21D382B-46AC-4A96-9C63-95FD7C9CE1AE,4931,4,114.33333333333333,0,0.0,0,0.0,-1,12,1734.0,468.33879981441135,1171.826,-91.81165,201.86023338279915,0.0,756.81192,-78.95350011456571,2.862609535317897,0,1069,0
1F3135EA-5ADD-41B0-BBB6-8DA2CA41D6A9,10281,3,269.5,2,0.07100476607333917,9,0.31952144733002624,423,10,146.0,34.53356588069198,1146.798,0.003754629,10.404718718548915,0.1775119151833479,43.70845,4.06955091995308,-0.054262594085177945,0,1069,0
6AB8C606-0992-47F0-AA31-A4206C93525B,738,3,300.0,1,0.494579945799458,60943,30141.18563685637,649,0,497.0,55.65130844587566,494.0,0.0,25.65906679525785,0.0,88.0,-2.44706461871516,0.003396909997981976,0,769,0
A9308171-2840-4077-9F49-45BCBB738070,8753,3,389.5,2,0.0833999771506912,349,14.553296012795613,256,3,346.0,76.09739941428636,184.4,-31.48009,29.52757375263622,0.0,112.8,-0.23981453774314332,-0.14075977029636527,0,1069,0
BBC31DC0-B7CC-4E6A-8F9C-43891A705AAB,12756,2,181.0,1,0.028613985575415495,4104,117.43179680150519,454,283,314.0,80.38382327112349,190.0,-1.46,28.722682295585887,0.0,115.0,-4.411060925444474,0.09308127889581942,0,1069,0
625C3816-E8C2-4A8C-ACFC-C7DD02C07D20,935,2,7.0,4,1.5614973262032086,703,274.4331550802139,244,766,151.0,14.222281366871144,500.0,0.0,53.26277938623918,709.7005347593583,12.23145,-3.6616936676427496,-0.00471922213488754,14,1069,0
A9693C1B-395A-4C3D-8F96-0D0006596C22,12756,7,33.833333333333336,1,0.028613985575415495,323,9.242317340859204,841,567,84.0,11.403958203379966,188.5983,0.0,2.4512274939421292,0.11445594230166198,14.342765999999997,-0.55726131001577,-0.008785207730160494,0,1069,0
72E1682D-34E5-4D99-BC5B-72D1DA524E78,3488,1,0.0,4,0.41857798165137616,136,14.23165137614679,433,769,250.0,39.28388856016562,125.6862,0.0,17.260702895887437,0.0,62.29860999999999,5.652910139911533,-0.082403853993967,0,1069,0
E5E993A9-BBB8-42BD-BB85-83857243B3E8,6265,4,227.0,2,0.11652035115722267,168,9.787709497206704,480,87,269.0,61.62016364566809,413.3616,0.0,14.302179008315155,0.2913008778930567,86.12698,16.669890588899825,-0.3723237771307855,0,1069,0
4E42BD1F-F152-41F6-8C37-B03B91B72C24,12756,3,93.0,0,0.0,0,0.0,-1,581,489.0,107.50072281778738,239.0,0.0,24.344933390286645,0.0,139.0,12.103212367397802,-0.2147915494826822,0,1069,0
CB739177-12CB-41DD-8CF4-5B37A7E1C906,4734,6,70.8,1,0.07710181664554289,319,24.59547950992818,841,410,1524.0,433.08055294431034,810.0,0.0,55.77576382810097,0.0,504.0,-6.170367381038716,0.32818867971201054,0,1069,0
39A56711-63D6-48D1-AB88-F8538F388120,4151,2,42.0,1,0.087930619127921,190,16.706817634304986,220,766,151.0,29.703973928847894,139.0,0.0,7.802572505591354,0.0,40.0,-0.01832578069974744,0.006922436697688296,0,1069,0
E0FE1F49-6C09-4610-A5D1-DB7EF44A313D,8258,5,153.25,5,0.22099782029547105,72,3.182368612254783,544,150,708.0,172.27833093202705,681.6454,0.0,104.31436421458248,0.0,304.26898,11.724527864269248,-0.5061720817158168,0,1069,0
C6047CE0-9451-4ECC-AAF2-DFCA6190BDC9,12756,5,152.25,2,0.05722797115083099,44,1.2590153653182816,2,147,452.0,130.0883412399253,797.7214,-44.0297,43.98894465450812,0.05722797115083099,184.10609999999994,-18.14980236878334,0.26072628361687783,0,1069,0
75ADE5F4-067C-4930-BB4B-A03E975DEC67,6377,1,0.0,1,0.05723694527207151,110,6.296063979927866,841,753,269.0,71.11201003076883,142.8666,0.0,13.160010514732653,0.0,89.0,5.403337191453389,0.07269047276062698,0,1069,0
79940172-DE11-4491-B298-EC92A07E899B,9531,5,184.75,1,0.03829608645472668,55,2.1062847550099675,439,46,489.0,155.77732603901723,276.0,0.0,28.39134372707698,0.0,190.0,-4.311276656301175,0.1625596209864437,0,1069,0
B05F4C1F-99C0-406E-8224-06E97829F2B2,6297,5,207.5,2,0.11592821978720026,13,0.7535334286168017,982,126,312.0,36.5544920700983,91.40901,-341.95,11.29180948502205,0.0,51.91563,0.3774244175560213,0.12349794704990404,0,1069,1
8F12CE1C-05AF-490C-8BB8-1CA1FFF9A086,5294,5,157.75,3,0.2068379297317718,227,15.650736683037401,463,96,301.0,75.55399571894371,504.4127,0.01555736,18.105689207347737,0.34472988288628637,99.013936,-19.737933561536302,0.04804848637458044,0,1069,0
84BD511D-6277-47EE-B645-4874358E846D,3951,3,80.0,2,0.18476335105036698,233,21.524930397367754,841,563,301.0,86.00111717901696,158.909,-8.317545,19.558708297660246,0.0,110.58345999999999,17.240656721446015,0.1395836657193831,0,1069,0
0AAAA21C-8D90-42CB-9758-50887F2ADCA0,6581,2,0.0,1,0.05546269563896065,186,10.31606138884668,841,717,269.0,92.52640913329928,158.2944,0.0,21.498473325405808,0.0,122.33652,-2.9330452737313806,0.21261648164031685,0,1069,0
AFC46547-FE9B-467E-96B1-2F633B2D3EA5,5629,6,130.0,1,0.06484277846864452,143,9.272517321016167,695,66,451.0,82.93280146430901,206.1064,0.0,28.604432817695454,0.0,117.6234,-21.953629344633086,-0.0045402257180830845,0,1069,0
2703E2CA-ABC0-4280-99F0-BADFE8890649,8828,3,272.0,7,0.28942002718622567,204,8.434526506570005,4,152,314.0,50.751845804575645,176.0,0.0,26.34292774192142,0.0,86.0,-13.866583458896635,0.417513078889466,0,1069,0
7F6B8819-A0B9-42EF-A026-381CFD1D6188,756,1,0.0,0,0.0,0,0.0,-1,689,678.0,44.714281135697924,162.7922,0.0,30.086188821144276,0.0,86.84921,-4.320424408768908,0.018284889133336306,0,805,0
08239E64-D3DE-44B3-A081-FAA5940F7543,8382,5,147.25,4,0.17418277260796947,44,1.916010498687664,103,185,314.0,41.89260850078386,1000.83,0.0,13.352724803446256,0.21772846575996183,57.0,-5.659429488438178,0.0276572782190415,0,1069,0
5ACB72DB-4E4E-42E7-9253-6DCD965927CD,4448,2,1.0,4,0.32823741007194246,38,3.118255395683453,111,668,301.0,43.60529180162838,103.4156,-45.3,13.319706412075785,0.0,60.713708,2.1146699423531032,-0.05419733888733481,0,1069,0
D7EC6434-BF8F-4699-8A20-1FA3E017D34B,12756,3,0.5,1,0.028613985575415495,5,0.14306992787707745,887,643,489.0,109.55798905911128,221.0,0.0,28.942176954400807,0.0,146.0,-0.3019705405927624,-0.07044628280593755,0,1069,0
26F11D4C-5846-41DE-B0C2-EEC7F41FBFD0,9348,4,93.0,2,0.0780915703893881,143,5.58354728284125,327,445,100.0,44.96543052723335,96.4273,0.0,7.678902200303901,0.0,54.0,1.918944472766647,-0.03384785158666203,0,1069,0
174492BE-3335-447B-B0B4-1436DF5F9F12,4258,2,238.0,1,0.08572099577266322,17,1.4572569281352747,255,381,188.0,21.224590711852834,138.5683,0.0,7.0257528350944645,0.0,29.703273999999993,-3.0287038356182663,0.024868764585689134,0,1069,0
50F4C3E1-66C7-47EA-8E7E-AA173597A0BD,12756,3,104.5,2,0.05722797115083099,11,0.3147538413295704,198,619,313.0,48.39778200888588,188.0,-25.09178,28.935459901833116,0.0,89.0,-6.157041268145143,0.19790692037879834,0,1069,0
022B9D83-1EE0-48A0-AF7C-E057A504F1D9,3951,3,31.5,2,0.18476335105036698,773,71.41103518096683,311,556,301.0,85.57637534430872,171.4468,0.0004522573,19.507184781878134,0.0,110.199,17.221234104765358,0.1394957500856511,0,1069,0
C934F421-91CC-4E16-9087-2EE88663A6A3,6600,3,297.0,1,0.0553030303030303,4,0.2212121212121212,748,20,377.0,64.42874653746577,208.0107,-1.749512,29.714318082653257,0.0,105.98669999999998,1.6954506217780647,0.03401956702411341,0,1069,0
06A8DAD9-0ABC-4738-A1ED-648A8800DFC0,7985,5,117.25,0,0.0,0,0.0,-1,491,489.0,108.11336115321316,201.0,0.0,26.598983439412184,0.0,143.0,8.483166624564618,-0.14530834853880506,0,1069,0
CFC05757-D065-4373-91F8-A452AB1F1396,8609,4,234.33333333333334,2,0.08479498199558602,98,4.154954117783715,236,235,761.0,111.03960163868413,386.7279,0.0,70.98199754964868,0.0,208.6395,-50.453265177264385,0.44593624700119355,0,1069,0
03492447-A122-438A-B6A8-A9FA08AFB3C7,347,7,73.0,3,3.155619596541787,30601,32188.371757925073,478,409,150.6,40.80239799079538,165.0057,0.0,30.28146383990177,1.0518731988472623,74.56374,-40.801629399938896,-1.611058163902395e-05,0,1069,0
65B7D5D1-9325-4311-B19C-75F2BCAE89AF,5147,2,1.0,4,0.28366038469011073,130,9.2189625024286,152,605,133.0,40.821291306238976,81.29862,0.0,12.047924425833754,0.0,55.897093999999996,2.6135795608906562,0.11646574579562587,0,1069,0
CA28800D-A383-4B2B-9631-772BCCC7F6DB,12756,9,37.75,1,0.028613985575415495,24,0.6867356538099718,601,296,496.0,141.60105034010186,320.6305,-40.9519,71.03744350033146,0.0,208.71684,27.372110765608,-0.4192641398522658,0,1069,0
6BF8DCB5-9A56-49C5-8472-B5BEF5B15078,3244,3,0.5,0,0.0,0,0.0,-1,600,452.0,95.2111665484918,246.0,0.0,42.67303124383006,0.0,153.0,-15.1807653139239,0.048645351735165335,0,1069,0
270C0041-C543-4B27-BB02-7B5DB2AACFE6,5148,2,2.0,1,0.0709013209013209,17,1.2053224553224553,791,597,188.0,18.023186557995665,97.0,0.0,8.766522069832796,0.0,30.0,-2.171720508612948,0.006500631079268402,0,1069,0
BBF323B9-A2C3-4D77-AF75-A57446178B99,5647,2,202.0,0,0.0,0,0.0,-1,596,251.0,49.97654625986847,235.5896,0.0,12.840497849851902,0.0,65.3591,-9.540452318124643,0.05883236504165775,0,1069,1
2AA63D69-C695-4A9C-A97C-C9BC8EF077C1,9565,4,97.66666666666667,10,0.3815995818086774,2340,89.29430214323052,118,524,259.0,94.62863202658669,229.9768,-2.178168e-05,24.130638714173298,0.0,125.6616,15.640943033598518,0.06278941796302036,0,1069,0
D382CDA4-884A-4B9B-A22D-ABB67EFB11E4,12756,3,202.5,1,0.028613985575415495,12,0.3433678269049859,53,184,433.0,35.29270069522595,376.5,0.0,36.0322711690673,0.0,85.35439,27.705578478230834,-0.08949226490176705,0,1069,1
F059AF20-A1E6-4084-961A-8C9AF508F85C,1765,3,0.5,0,0.0,0,0.0,-1,573,629.0,81.17856014552422,782.7759,0.0,39.990839092754285,0.41359773371104813,137.4229,-8.269279102237178,-0.09770282303978574,0,1069,0
5BD94305-EA73-4031-BD99-1BDB7D4E8EE2,12756,3,76.0,1,0.028613985575415495,118,3.3764502978990283,841,565,346.0,71.08389973469006,414.9719,0.0,40.43985994358998,0.20029789902790845,126.6172,8.49817168804141,-0.6525078254255967,0,1069,0
AFA3066C-0692-4489-9DD1-346974AFC63B,5050,4,22.0,1,0.07227722772277229,1951,141.01287128712872,366,489,176.0,35.88701223597677,154.35,0.0,14.84536565002892,0.0,56.54,4.301994708467674,-0.07104986612434683,0,1069,1
720C8CBB-10A6-4A55-B307-BD54DC897475,5098,2,14.0,0,0.0,0,0.0,-1,542,489.0,110.40656163198398,226.0,0.0,28.017366147529,0.0,148.0,12.236648244559234,-0.02396717930437888,0,1069,0
B9DA195A-C798-40F8-BC58-AB1D1ABDA256,12756,1,0.0,0,0.0,0,0.0,-1,553,188.0,36.096920514938816,234.5,0.0,7.4749627679674635,0.14306992787707745,46.0,-2.378170514938816,0.007766333749447338,0,1069,0
851C0F1D-CE35-437C-BAD1-873DC0DCD321,6429,1,0.0,1,0.05677399284492145,357,20.268315445636958,841,550,676.0,97.92069548449857,217.8497,0.0,25.206591778477026,0.0,132.843,34.570747037877965,0.002672678798236285,0,1069,0
6F6D633F-3DF8-4747-B5D0-7FA33C5B1654,727,4,97.66666666666667,5,2.5103163686382395,1395,700.3782668500688,314,253,1188.0,205.93352320437847,1072.52,0.0,85.17009092107635,0.0,316.18,-46.31327166116861,0.1436437237334627,0,742,0
D7A38D08-22DE-44EE-9374-6818BDDDF83C,6314,3,19.5,4,0.23123218245169466,50,2.890402280646183,103,510,314.0,42.670376706759384,840.0,0.0,13.236334850430595,0.2890402280646183,58.0,-6.206873620339628,0.02838387683889876,0,1069,0
EB3F0C5A-EF42-4536-8273-A67A4ABA5E44,2957,2,285.0,1,0.12343591477849172,424,52.33682786608049,841,244,542.0,120.2002059824234,408.2005,0.0,67.96283028439368,0.0,211.70657999999997,-5.725565997083891,-0.227643666431847,0,1069,0
B8FA83EE-4339-4D27-8FC3-4871FECC6BCB,1765,5,61.25,0,0.0,0,0.0,-1,376,629.0,81.39439467359671,225.6234,0.0,40.02264776208175,0.0,137.80044,-8.204379915340539,-0.09763244565323043,0,1069,0
E37643E2-E950-46D4-A7B3-2D4BE8BE1CA3,2780,3,222.0,3,0.39388489208633093,528,69.32374100719424,93,524,301.0,63.56210987671356,237.4877,0.008464055,19.308417304608188,0.0,89.744258,-13.94334032771743,-0.011507936304102967,0,1069,1
FCFE37C8-7C41-4533-8EC3-C1D377BA22B5,12756,5,55.25,4,0.11445594230166198,165,4.721307619943556,593,516,99999.0,17.352232386163788,239.342,0.0,19.81571099025649,0.0,44.32373,-17.352232386163788,0.0,0,1069,0
6AAB6026-ABA0-4B4E-8E70-853E097CA073,1292,4,207.0,3,0.8475232198142415,245,69.21439628482972,454,148,452.0,103.08380687296311,199.3295,0.0,27.72756500767821,0.0,143.33,14.479571500493662,0.07056085649794852,0,1069,0
57806FEE-DB0D-4805-A542-4467F5D4B48C,2831,2,0.0,4,0.5157188272695161,413,53.24796891557754,467,504,181.0,36.90350992451814,87.78651,-373.2394,16.47434191237221,0.0,60.61813,7.407229161130012,-0.13285751980679228,0,1069,0
9CAF453B-F121-408C-9BA8-1B544FF2CDDF,12756,3,175.0,1,0.028613985575415495,8,0.22891188460332396,173,232,266.0,88.62524812004395,154.0,1.3,17.67899433345543,0.0,114.5,-1.042578366957514,0.23042889382769444,0,1069,0
34BE3784-CDAE-409E-92F5-606D4F251F34,669,3,205.5,5,2.7279521674140508,152,82.92974588938715,116,122,416.0,20.685336876848833,399.9599,0.0,25.365215110655157,0.0,52.37997700000008,41.75851036859869,-0.04282937414404722,0,755,0
6567AD54-68F7-4EF8-9098-EACE464D8897,3793,2,1.0,3,0.28868969153704194,413,39.742947534932775,841,484,301.0,49.26571156839878,113.5633,-0.02,13.616762355899343,0.0,67.01582,7.491198670567272,-0.17614933121773682,0,1069,0
415E2AC6-9736-4B8F-AEBF-1E2F89FC80E3,2090,1,0.0,0,0.0,0,0.0,-1,481,931.1,82.3026855172481,246.0,0.0,41.83103456432188,0.0,140.0,-3.882005254902424,-0.23418782072212294,0,1069,0
51F67213-28DB-4C56-8826-D9B8552B56A5,2896,4,58.0,1,0.12603591160220995,239,30.122582872928177,841,297,301.0,127.2895851406064,224.2425,0.0,21.17539703281765,0.0,153.07012,-19.533828320390356,0.4675245083028372,0,1069,0
DA0A2BEA-7166-4832-A6D4-0D9A8B23CD53,515,6,68.8,4,2.8349514563106792,13233,9378.728155339806,349,122,226.0,32.136321754397436,93.27705,0.0,13.441318416561492,0.0,47.12330200000002,0.4537918837198447,0.062238004151718006,0,532,0
AD3296B7-7646-4DAD-9915-2E176E681BC1,488,5,94.0,3,2.2438524590163933,287,214.66188524590163,310,87,226.0,23.803504470672856,82.65611,0.0,12.785122024511347,0.0,38.97005800000001,-1.1734651226790298,0.11271075484454535,0,532,0
284D8099-54AD-4BA2-9F1D-CBDBFC7678E7,1825,2,1.0,1,0.2,27,5.4,459,460,753.0,251.56509339770508,668.7936,-156.5964,106.22490014495571,0.0,392.33943999999997,-47.00329264924832,-1.8441943900427142,0,1069,0
91432895-B2E5-42C5-8793-8D9B2956CDA6,3900,3,325.0,3,0.28076923076923077,369,34.534615384615385,244,143,452.0,28.32237695284297,121.8503,-0.6455656,21.868348844786883,0.0,55.872874,16.270356213592212,0.15194391869894555,0,1069,0
2FDF257B-B499-4681-AC67-D61934D29759,4208,3,46.0,5,0.4336977186311787,466,40.420627376425855,244,360,452.0,197.64161058239608,536.0,-35.34,40.950220796570626,0.17347908745247148,252.0,13.420889417603917,0.05943314903968871,0,1069,0
2189B5AA-6168-4CC0-B28E-DCBA48BC1489,9001,2,329.0,1,0.0405510498833463,11,0.44606154871680925,198,451,301.0,47.20236395122522,181.0,-25.56258,29.118234336062443,0.0,88.0,-6.012857778385715,0.19939041399712565,0,1069,0
D6254F08-DE85-4CE6-9C7C-DA0882B4B70B,1707,2,170.0,3,0.6414762741652021,493,105.41593438781489,117,445,602.0,81.09873576970864,966.9294,0.0,13.898453645022506,0.4276508494434681,99.320432,4.333415008069139,-0.00695913446570233,0,1069,0
0EBC3A03-57B6-4B5A-B505-78FD4F82CE62,12756,4,128.66666666666666,0,0.0,0,0.0,-1,238,314.0,27.346476655873726,144.0,0.0,19.715336413320692,0.0,56.0,-6.642078507725579,0.15940165223871747,0,1069,0
EEC3CB4D-F102-4DB2-A192-4C69F0BD3C01,1846,1,0.0,9,1.7795232936078005,935,184.8726977248104,273,443,452.0,86.57650297605495,189.0,0.0,24.6450001308964,0.0,118.0,11.120489207587013,-0.31371641611915213,0,1069,0
25288F52-2B7B-430A-B67C-336DE7F68A2C,10125,4,125.66666666666667,3,0.10814814814814815,20,0.7209876543209877,151,416,188.0,38.23342887841999,136.0799,-723.0,13.512233515953106,0.0,54.753907999999996,-1.5958628521082687,0.05307754145976045,0,1069,0
E4B22469-BD58-4ECA-86AE-79D306D83E7E,5568,2,0.0,0,0.0,0,0.0,-1,434,511.0,162.9306013085334,296.243,-3.383485,36.08397657313019,0.0,208.56148,4.343472885911041,0.33320358700304936,0,1069,0
63641D07-2034-4A57-8871-AAEB24E848FA,12756,2,329.0,1,0.028613985575415495,560,16.023831922232677,291,101,188.0,51.03160293474796,120.0,-66.7,12.924056987929276,0.0,68.0,-5.972189354501047,0.03377760400228182,0,1069,0
A9499AB9-2DA8-46C7-98EE-CB387B56CF5A,514,2,1.0,0,0.0,0,0.0,-1,410,678.0,82.98324584730189,300.0,0.0,69.70450110314908,0.0,114.08298000000002,8.167650143438863,-0.2347923319523747,0,685,0
27FF59CA-C2BB-451E-9481-9E3A649EF76D,8725,8,69.42857142857143,3,0.12550143266475644,20,0.836676217765043,63,50,415.0,178.46679389215947,361.0,-1.0,52.40900008315524,0.0,244.0,-23.22827424401129,-0.007161803392654969,0,1069,0
B1B22AA8-821E-4D5A-AE1C-317C4CB08AA1,3915,3,3.0,2,0.18646232439335886,81,7.551724137931034,349,374,452.0,75.81217187956572,216.3182,0.0,35.38483409395354,0.0,122.77053999999997,-4.186028784195358,0.21902268130947558,0,1069,0
9AE14878-F871-4485-A8E4-6331F02F5038,2467,2,284.0,0,0.0,0,0.0,-1,90,302.0,47.60941994229771,147.4399,0.0,21.25655047653509,0.0,71.659078,-12.12314361942503,0.036546222538923014,0,1069,0
43D48296-363B-493B-97E8-135A4D2D738D,6185,2,4.0,2,0.11802748585286983,54,3.1867421180274857,733,374,1247.0,191.09100499589067,588.363,0.0,95.90117569106437,0.0,328.49588,-59.93104230322092,-0.44562193284970947,0,1069,0
5DED95B0-E8F9-4EDA-8695-40B4917BA061,12756,1,0.0,0,0.0,0,0.0,-1,367,573.0,79.944723463523,312.1284,0.0,48.474870036928934,0.0,156.4771,5.3958154392547755,0.21360101717397326,0,1069,0
D60B02FE-1AD7-4AFC-8112-59F271ABC336,5253,2,199.0,3,0.20845231296402056,12,0.8338092518560822,247,167,148.0,49.60462979477475,181.5361,0.01731228,9.466224602609511,0.20845231296402056,61.19099,-1.0704218402994456,-0.06911646720736367,0,1069,0
816653E7-90DE-4268-BEA5-5A35ED0BA3A9,213,4,107.0,6,10.28169014084507,510,873.9436619718309,208,32,226.0,34.95702446544849,237.0,0.0,18.060626118190847,8.568075117370892,54.0,-0.6272405148312075,0.02857154289735332,0,1069,0
AB7E6766-7227-46CA-98D5-764CA6CF4552,5044,5,111.5,3,0.2170896114195083,682,49.35170499603489,353,352,487.0,100.49948324933291,327.0,-1.26853,31.834819151400353,0.0,141.0,16.631303787704127,-0.1296506084428614,0,1069,0
0EBC7B84-5B08-4F34-AC76-BFE03BE79CE2,523,1,0.0,5,3.4894837476099427,688,480.15296367112813,302,349,452.0,60.88005222408375,150.46,0.0,28.337159638747174,0.0,94.30321500000001,-0.6131012902874531,0.16627692918130693,0,602,0
BE7CE2C8-18C7-47F9-B010-505AAB63A382,9201,8,84.0,0,0.0,0,0.0,-1,2,452.0,133.90865674407877,294.0,0.0,40.64462825853874,0.0,186.0,-27.04669686753556,-0.08015341400182827,0,1069,0
A44CC9FB-6BF6-42FA-A9DA-43CBD87F6A08,499,6,28.6,0,0.0,0,0.0,-1,319,226.0,17.291546216909698,65.4575,0.0,10.658733323378202,0.0,30.88663400000001,0.2899351908835115,0.03668437581004114,0,532,0
52CEF3D7-B755-440E-914B-E90185699A93,3767,1,0.0,0,0.0,0,0.0,-1,311,90.0,16.83520080702674,44.06598,0.0,6.677661972250742,0.0,25.51459,0.6951426767541236,-0.0333733038940407,0,1069,0
7788101C-D03E-4DE9-B82A-77ACA3BFE323,375,2,0.0,1,0.9733333333333333,8,7.786666666666666,243,302,402.0,21.102446281781653,162.0124,-21.7793,28.18845993058213,0.0,64.86777800000002,15.598064008573289,-0.13677460483014164,0,805,0
F3B79ACA-9389-4CCD-8FEE-3534CBF7C147,398,3,55.5,0,0.0,0,0.0,-1,217,887.0,80.23875161875097,235.4648,0.0,49.31098183644105,0.0,147.47668000000002,-4.503956064970097,0.40793612009141766,0,448,0
EA9B4423-F67A-4115-A93E-97EE9843D486,12756,5,31.25,1,0.028613985575415495,52,1.4879272499216056,235,284,264.0,106.79024179230716,214.1,0.0,36.741154404617404,0.0,154.2,-1.007433150177505,0.21568612722205927,0,1069,0
8BBD03B9-5906-43F7-8551-542DE32729E9,1561,2,1.0,1,0.2338244714926329,10,2.3382447149263292,959,281,452.0,107.99887879861312,253.4523,0.0,44.71952355773139,0.0,164.39502,-16.560624673304474,0.1276078111822522,0,1069,0
7F1776E8-6AE9-49D6-9A08-03CFAE0C5F35,5994,5,7.75,2,0.12178845512178846,16,0.9743076409743077,207,235,489.0,97.82657224820623,234.4173,0.0,30.132626370699285,0.0,136.95909999999998,-4.963974436477827,0.24240996393922754,0,1069,0
68393A79-FE6B-4B86-AB40-6CE88137A76E,9844,3,146.0,3,0.1112352702153596,210,7.786468915075172,521,255,141.0,40.08976163384441,124.8,-2.296912,18.099212767738567,0.0,60.57,-4.538976911622186,-0.023560900865711894,0,1069,0
97DE8F48-CDF0-4327-9EAC-AB2B73FB697F,1256,1,0.0,0,0.0,0,0.0,-1,255,753.0,176.43834585986846,494.0,-14.515,56.08675063549814,0.0,261.0,-7.345560366041298,0.08277175851597979,0,1069,0
66C36BAE-71F9-4D8B-8D0F-1886931FC598,6155,5,68.25,7,0.4151096669374492,316,18.739236393176277,4,206,734.0,153.9601942917817,355.6895,-0.7,48.078302070379756,0.0,219.43616,43.52074036657322,-0.05971262807517544,0,1069,0
9BC821B2-CCB1-455D-934C-E0800CBD0CD5,6940,2,1.0,0,0.0,0,0.0,-1,251,801.0,238.83799954985133,427.07,0.43,48.75437908790954,0.0,303.59,13.746625450148656,0.7218548780597245,0,1069,0
DF4F2003-6EAF-45F7-8020-9013817C6D00,12756,5,139.75,0,0.0,0,0.0,-1,32,250.0,55.9176326639301,297.46,0.0,26.64509146637015,0.14306992787707745,88.40332,-11.518558589856028,0.10839712721731355,0,1069,0
DC78C785-DE0F-48D9-8170-6F5F1EDAC962,5547,2,229.0,2,0.13160266810888768,179,11.778438795745448,778,245,314.0,25.788251901097397,207.0,-26.6,28.193503993890232,0.0,75.0,-13.19411609862826,0.21515744970800843,0,1069,0
FDD9C72D-F18E-4907-8818-5B7D2032B7C5,6050,2,1.0,2,0.12066115702479338,45,2.714876033057851,501,242,400.0,128.27775537671653,276.1907,0.0,35.10442019731598,0.0,172.34464,-10.870673723938737,0.19236578556670123,0,1069,0
CAAC2AF6-6F91-488C-8E1A-9807951C955C,6147,2,0.0,1,0.059378558646494224,6,0.35627135187896536,677,237,325.0,85.49138914074953,180.4,-71.23009,19.934407389366367,0.0,111.09,2.7672049950529214,-0.04955561271862101,0,1069,0
7D6A66AC-8CED-4DCB-8189-AF743326D9B9,6971,7,81.83333333333333,1,0.05235977621575097,181,9.477119495050925,841,225,748.0,225.2227025000813,992.0,0.0,61.763515729847505,0.2617988810787548,301.3641,-6.343311570297345,0.3260826630852078,0,1069,0
BB67EE48-B027-4D81-83A2-3809F056824F,4931,4,69.0,2,0.1480429933076455,86,6.365848712228757,94,24,1734.0,461.68993103527686,1025.763,-146.1375,200.1836459950697,0.0,747.66072,-75.03844395194346,2.9229080772795286,0,1069,0
25A7D8AB-326A-4464-90E9-F1A74466E9A5,912,3,76.0,16,6.4035087719298245,1133,453.4484649122807,89,221,60.0,4.9396229144529835,24.281,-0.498,5.648969028866182,0.0,12.342,1.5449702182630665,-0.00465218562648968,0,1014,0
B34F4910-E39E-4D7A-8DB1-1F921964B5C5,4591,4,11.666666666666666,2,0.15900675234153777,70,5.565236331953822,431,220,226.0,36.92638093796796,163.4039,0.0,21.89445377924852,0.0,66.35964999999999,12.446650953004259,-0.40728416754298274,0,1069,0
FBB8FC67-8C01-467D-A12B-01B71AC82D42,5934,3,408.5,7,0.4305695989214695,394,24.234917425008426,272,8,269.0,104.2885459705517,224.9494,0.0,21.118998222851193,0.0,128.58068,-3.797845497480708,0.020370567390311102,0,1069,1
125918EE-4CCE-4177-A086-BEEED0C2412B,12756,3,220.0,6,0.17168391345249295,425,12.160943869551584,83,199,259.0,116.01405909519471,385.3159,-152.0502,35.561629929123264,0.14306992787707745,159.3097,14.874060074249712,-0.16122100299799008,0,1069,0
49D98260-F113-459B-BD5D-136417B81C53,2503,1,0.0,1,0.14582500998801437,8,1.166600079904115,727,188,472.0,118.88695801843528,457.0977,0.0,20.29041748905386,0.0,144.16073999999998,-8.117017200534036,-0.1595975343344849,0,1069,0
B7C053D0-9734-48F1-B3A8-9114744DF765,6185,3,90.5,0,0.0,0,0.0,-1,171,1247.0,189.4895268619613,585.1356,0.0,95.18901888822113,0.0,325.93559999999997,-57.937637258952066,-0.5009302813964012,0,1069,0
5E0193DC-45E4-4A39-A181-2527641BCA71,352,5,32.5,12,12.443181818181818,604,626.3068181818181,89,170,151.0,22.163731889884655,73.885,0.0,14.302571090710384,0.0,36.935,9.005626597769663,-0.015226489667250227,0,476,0
98B781DF-4CCB-40B5-87E9-FA0B8D3C4B20,2766,4,83.33333333333333,10,1.319595083152567,1028,135.6543745480839,165,165,301.0,49.722302715495644,96.93604,0.0,12.19260316093096,0.0,65.78293,11.0674368061093,-0.15455829986218989,0,1069,0
41BEAA45-C12F-40F6-A19D-77FF8F50DC5D,1984,1,0.0,0,0.0,0,0.0,-1,163,265.0,59.55179037828097,174.7969,-3.227356,24.916701212506055,0.0,89.50317999999999,-10.093164415858126,0.10270755881442993,0,1069,0
B730A01E-E8E9-4C5B-BD25-C42FD456A1E5,182,2,7.0,1,2.0054945054945055,505,1012.7747252747253,21,154,803.0,74.77861207307757,810.0,0.0,62.630373610943764,4.010989010989011,148.43518,53.597207306552036,0.04129127172066605,0,293,0
7FBD9408-D2B6-41D7-8358-F38BB3ACA907,2842,2,309.0,0,0.0,0,0.0,-1,148,151.0,18.16327261592954,72.27811,-2.599853,3.7745131704576647,0.0,22.98444,2.540915335227865,-0.027685115755224466,0,1069,0
B2E793B5-BA4A-4229-BCF3-2023FC784814,3656,2,1.0,2,0.199671772428884,283,28.25355579868709,576,136,602.0,153.46765901384921,405.4499,0.0,31.05516171302718,0.0,194.09946,23.820156763928566,0.1365604034881501,0,1069,0
2B187E80-8A1A-4948-8BD0-A7153C49F0CB,1059,2,0.0,0,0.0,0,0.0,-1,136,250.0,27.198453949429833,94.83833,-6.040794,9.39213376507307,0.0,39.074086,-2.8771783870069925,0.023111167851575784,0,1069,0
8EF84F38-2FDA-4126-939B-EB8D49676A85,6050,2,364.0,2,0.12066115702479338,111,6.6966942148760324,500,131,400.0,129.88144524856028,278.1186,-58.86918,35.534442061120174,0.0,174.39066,-11.11861573312818,0.1946038073720881,0,1069,0
74F518BC-6301-4C64-A447-7F5D7D314F82,2353,2,1.0,8,1.2409689757756055,526,81.59371015724606,244,129,452.0,193.60011161181833,346.9695,-36.44,39.600424044469136,0.0,245.70362,12.997742022440917,0.05771784906553314,0,1069,0
B3A5AEE1-A2D9-40D9-B866-178D0D703D27,505,4,30.333333333333332,1,0.7227722772277227,8,5.782178217821782,28,125,417.0,65.86190943583809,282.0468,0.0,61.3970300460117,0.0,171.53374000000002,8.998005048806974,0.202559519531327,0,574,0
BD647A47-459B-4481-92BC-9F34D9044F0F,4007,1,0.0,0,0.0,0,0.0,-1,123,831.0,175.12170166685098,369.0,0.0,78.41694945213972,0.0,261.0,23.97390011864283,0.1970574217139713,0,1069,0
E1C5CFB5-EFDF-4355-AF99-B7199F65F0AD,4819,3,326.5,0,0.0,0,0.0,-1,108,554.0,212.3301672445309,520.58,0.0,41.708409556745615,0.0,268.2,10.428227817197467,0.12049618608586302,0,1069,0
CF125889-D248-461C-837E-0415B1E65984,3013,3,367.5,1,0.12114171921672752,7,0.8479920345170926,803,67,250.0,65.33731926387428,152.0,-1.470137,19.27277026959535,0.0,92.0,-6.568414942886626,0.0006756092429676383,0,1069,0
E647C5AD-F118-4F53-B710-2FC7C9BC8096,12756,1,0.0,0,0.0,0,0.0,-1,101,282.0,32.550434211316166,123.0,0.0,11.53087200183093,0.0,45.0,-3.447347791563079,-0.002602173107818902,0,1069,0
3713DA25-75F6-46FF-BCB7-9797A7F289C6,2873,3,0.5,1,0.12704490080055691,7,0.8893143056038983,1011,97,887.0,66.67450071695929,206.4528,-88.0,27.126012134052992,0.0,104.17404,-23.623803910709285,0.25154425805005975,0,1069,0
67D91F7D-F058-4F09-85E7-9BFD07230C81,4118,2,812.0,4,0.35454103933948516,375,33.23822243807673,85,80,158.0,61.850572884249345,107.5,-27.07218,13.852616831864617,0.0,80.0,1.5761246466148506,-0.040722334261728145,0,1069,0
20641858-E610-4DD7-A517-032F5CF38EC3,5269,3,1.5,7,0.48491174795976466,127,8.797684570127158,189,75,251.0,52.06769059656906,118.2549,0.008972168,23.439264733229066,0.0,83.1913,-0.5723310711909733,-0.06313955319147921,0,1069,0
999B1355-80ED-477C-B0DB-57F491662D00,3046,4,148.33333333333334,5,0.5991464215364413,482,57.757715036112934,56,78,1246.0,284.4931202412842,827.0507,-10.67349,156.41102072388244,0.0,509.0767599999999,-42.580003634046534,-1.3804858728572516,0,1069,0
CB2189DE-A08B-4576-B7CD-5F712979C65C,2185,2,438.0,2,0.3340961098398169,67,11.192219679633867,189,73,603.0,208.70226897220394,381.4936,0.0,35.53125257895318,0.0,251.265,-44.7647842322348,-0.22791716275745913,0,1069,0
3F112FC8-560C-4F3B-88D4-6D4AD1717952,3670,2,321.0,2,0.1989100817438692,42,4.177111716621253,263,52,904.0,131.7805175883872,409.9875,-3.17,60.666663072641846,0.0,216.9934,7.218172710995503,-0.08200443319948293,0,1069,0
C0961F9E-19D6-4D8E-AECE-8E15D1E4D786,12756,2,67.0,3,0.08584195672624648,61939,1772.3216525556602,215,44,726.0,228.79097425956405,611.9,0.0,86.52229405265086,0.0,333.88,-13.23184848795907,-0.6863425863049093,0,1069,0
770C8A25-EB48-4D4C-88EF-91A1E00D3A27,12756,2,54.0,4,0.11445594230166198,219,6.266462841015993,426,41,261.0,49.4016062586143,542.9186,0.0,11.7986977109281,0.14306992787707745,64.27975799999999,5.276265004703603,-0.033769072457387514,0,1069,0
AA0510DC-5FB2-440A-B2E6-1959058E011B,2195,3,250.5,1,0.1662870159453303,8,1.3302961275626424,753,38,151.0,34.614081497344905,87.15195,0.0,7.988861877526985,0.0,43.804222,3.6319523764837953,-0.05738672551777527,0,1069,0
3690E5CA-2090-4DA5-A805-327DE86B80CA,4476,2,0.0,6,0.48927613941018766,841,68.5802055406613,93,31,142.0,17.471885051064547,70.505,0.0,3.5431504637869833,0.0,21.607954,0.2128800197687859,-0.001797806749935204,0,1069,0
01F7288F-0F48-4BC6-A531-FA1A7629A20A,3719,4,33.666666666666664,1,0.09814466254369454,108,10.59962355471901,135,28,831.0,113.36717789852062,412.4885,-2.475639,58.74079243614094,0.0,181.77218,-28.753773556161065,0.603918440718911,0,1069,0
3EB5027B-DB08-4931-8549-C2DAAF253F64,12756,5,124.25,2,0.05722797115083099,162,4.6354656632173095,244,27,751.0,139.3069014758663,416.0889,-0.3444895,59.499351908427826,0.0,223.5352,3.8447300796892705,-0.15084562108848484,0,1069,0
803A4BE4-7A83-4CC2-B52F-2328EDDD7381,182,3,69.5,0,0.0,0,0.0,-1,22,803.0,74.14362196671978,805.0,0.0,61.920637721856345,4.010989010989011,147.04098,52.56656536437589,0.025335170674866528,0,293,0
63EFD9D9-EEBA-49B7-9A49-02D344868BE3,23,1,0.0,0,0.0,0,0.0,-1,20,1039.0,16.173517989111883,422.9305,0.0,46.93274629513104,0.0,48.12451,5.020868133804786,1.022879790208636,0,119,0
4F727414-F7E6-4B01-869D-C6717BCED803,4375,3,368.5,5,0.41714285714285715,270,22.525714285714287,341,1,452.0,165.61510252167525,354.092,-0.4808291,61.09616731633736,0.0,247.29958,-60.5334014607586,0.06296948564669239,0,1069,0
FD954650-C53A-46A6-BFD1-D91E4B9651E9,12756,0,0.0,1,0.028613985575415495,12,0.3433678269049859,72,0,489.0,104.52474491371066,186.0,0.0,23.983302819230403,0.0,135.0,11.92525508628934,-0.21035964659572173,0,1069,0
8A0188AC-39B0-4F80-9F94-B06A743028BB,4421,3,98.5,1,0.08256050667269849,15,1.2384076000904773,784,152,451.0,129.50217770109492,278.9171,0.0,35.6510737710254,0.0,174.10546,-11.452459561434438,0.19426768349476914,0,1069,0
9809289C-CDFF-429C-AF50-CDE2FD3210F2,9432,5,238.0,4,0.1547921967769296,159,6.152989821882952,193,44,266.0,113.50472948525633,233.0409,0.0,37.048235132298004,0.0,145.26332,-55.74998828078102,-1.8686029182164803,0,1069,0
A84C30F4-9736-4403-AA25-3BED51DC5A2B,8255,2,108.0,1,0.044215626892792244,185,8.179890975166566,343,25,375.0,122.41141705751102,230.78,-18.7,33.101361719131916,0.0,157.73,-5.640044372325832,0.06578764810916977,0,1069,0
C13CA763-0AA5-493F-BB21-60C6094CEAC1,12756,3,346.0,1,0.028613985575415495,118,3.3764502978990283,899,360,326.0,100.29558525748337,264.1347,0.0,52.50594955165438,0.0,152.3438,-50.15294258641856,0.044400795506657195,0,1069,0
E5881D0A-9BDC-49AC-A85E-FF64CD676A2F,2834,3,291.5,0,0.0,0,0.0,-1,461,452.0,69.87695239541524,262.1021,0.0,40.64571594784377,0.0,126.34429999999999,-8.251612146958458,0.07009395590442269,0,1069,0
D8094B5F-F4A1-4926-8E0B-288E2BADD0DD,3899,5,145.5,4,0.3744549884585791,352,32.952038984354964,244,460,452.0,28.694931091631005,171.2718,-3.533,21.6426746180012,0.0,56.007642,16.099387539464672,0.1521230443518614,0,1069,0
21DB4D85-15F5-41AC-932D-D07DA4E0A08E,6016,4,149.66666666666666,2,0.12134308510638298,14,0.8494015957446809,165,582,489.0,122.28736961431628,388.0,-307.6875,37.07576076019176,0.0,170.0,4.441179768399778,0.004332953771030801,0,1069,0
CD2CC60C-A7FC-4B36-917D-175D718DDD25,12756,5,242.5,5,0.14306992787707745,220,6.2950768265914085,564,55,739.0,268.957256349893,585.0,0.0,92.27314348325392,0.0,391.0,-108.80548165853497,0.295296458639015,0,1069,0
5F483BB0-26D4-4780-B11A-39CEC912ABA2,12756,1,0.0,5,0.14306992787707745,1036,29.64408905613045,250,970,264.0,111.25520237746132,707.68,0.0,23.075872481484218,0.14306992787707745,141.33254,-3.8451594553934,-0.20862814577657512,0,1069,0
E3D46CDE-05B2-4898-8487-DF6FECFD428C,5095,3,432.0,1,0.07163886162904809,48,3.4386653581943083,1022,101,452.0,127.08818160115008,291.0,-13.8214,37.43264596880799,0.0,177.0,16.436818398849923,0.20676146575010196,0,1069,0
8E608B9D-7222-4821-B0AA-9FD27A832275,6923,1,0.0,0,0.0,0,0.0,-1,947,600.0,183.03623858092593,474.6093,-11.4,50.5893363621919,0.0,250.9765,1.4423867462345754,-0.15007403837483613,0,1069,0
D39AC5D9-A1B3-41E7-8AE8-2D9B3351878B,9000,1,0.0,1,0.04055555555555556,73,2.9605555555555556,324,946,271.0,22.004272382906706,159.9827,0.0,10.991427825990169,0.0,37.100228,-1.5122954001906557,0.043216601186114124,0,1069,0
2913AA43-DAB3-4727-97D2-C38B86F71128,1085,2,12.0,5,1.6820276497695854,136,45.75115207373272,634,919,624.0,27.541422652364254,473.1488,0.0,29.47411082863691,0.0,68.0,27.361048001185125,0.05498300450267768,0,1069,0
C505FE32-41AA-4382-8989-6883FD0BA9F6,3662,1,0.0,1,0.09967231021299837,5,0.49836155106499186,794,925,1039.0,227.79698469358019,470.1715,0.0,42.03461444850994,0.0,281.8641,-7.779472471357963,0.28106810805383453,0,1069,0
8C4FBEC2-F1A5-4336-883A-E15C18D81F97,1396,1,0.0,1,0.26146131805157596,375,98.04799426934098,841,921,624.0,105.9358759553624,264.0076,0.0,62.93156348722082,0.0,197.6471,-67.28819012611856,0.21188865874344867,0,1069,0
8BB51D34-33B4-430E-B693-6CCC2F22F5B9,1126,2,227.0,3,0.9724689165186501,452,146.51865008880995,841,689,602.0,17.651953810065894,138.0,-4.628,18.546975337221877,0.0,43.0,-10.522864303893055,0.16038668468443745,0,1069,0
5B838E1C-3993-4E59-A9EC-FF210637E797,935,1,0.0,0,0.0,0,0.0,-1,898,482.0,89.84650098628478,252.4308,0.0,66.94177422728345,0.0,189.06583999999998,-37.99374755688663,0.5341713119733872,0,1069,0
7EBA0E3D-E744-4672-BD7B-86F0F3BF8B56,12756,2,882.0,1,0.028613985575415495,58,1.6596111633740986,199,14,452.0,105.42834729097686,232.0,0.0,30.60333305686452,0.0,146.0,4.45768665964043,0.49051843391722794,0,1069,0
7EE4A26C-1EB5-4987-A73A-90C17F51FB24,5316,3,344.5,1,0.06866064710308503,69,4.737584650112867,877,184,768.0,87.8128178393516,259.3,0.0,29.270181572625237,0.0,130.0,6.968902839660757,-0.2628638595072199,0,1069,0
94B0146D-48B4-491F-933B-B7D9DF0E074E,3596,2,0.0,0,0.0,0,0.0,-1,854,452.0,41.54583396273914,188.7297,-1.55999,30.75443652360576,0.0,83.96534799999998,9.133851944436785,-0.041876860165743844,0,1069,0
3748EB92-5990-48E4-B964-9F2F1ECE202A,12756,3,51.0,1,0.028613985575415495,337,9.642913138915022,841,749,269.0,39.05588869597339,515.1967,-1.818,51.20069402744083,0.14306992787707745,114.5,-38.448975115726476,0.0006380645987382176,0,1069,0
0929FEE4-99CA-4E47-9961-7725857D46B1,974,2,256.0,28,10.49281314168378,24410,9147.484599589323,0,593,301.0,49.44409706203204,138.3514,0.0,27.237705780826683,0.0,80.46722,24.06160815324573,-0.05232657291774061,0,1069,0
A2377B8D-B5A5-4125-8875-F7B199E6A415,3020,1,0.0,1,0.12086092715231789,5,0.6043046357615894,510,850,451.0,59.42767893733697,238.4,0.0,61.580759968909526,0.0,169.0,-42.476907332398696,-0.037263745409831094,0,1069,0
BA7B92C9-C317-4FDE-98AB-7CA26DEF0FB2,6285,1,0.0,0,0.0,0,0.0,-1,836,312.0,55.21028186369086,129.0,0.0,20.116707094097187,0.0,82.0,-17.763059641468637,0.15463134451895494,0,1069,0
6085C67E-1F01-449C-B43B-43ED266AB867,12756,5,193.0,2,0.05722797115083099,356,10.186578864847915,88,62,314.0,34.50691950905826,109.1,-32.26303,19.778911423323176,0.0,60.3,0.5441375897071765,0.28047385251034435,0,1069,0
8ABC2B43-ED95-4E5B-9E70-40FFCFC10E0B,8897,1,0.0,1,0.041025064628526474,1801,73.88614139597618,301,801,314.0,48.80189033741633,237.111,0.0,27.812310537823024,0.0,88.0,-7.058834781860774,0.2729432760331362,0,1069,1
33C64837-862E-4D62-8B39-E659102BE80F,3076,2,758.0,1,0.11866059817945385,4,0.4746423927178154,104,38,250.0,65.89986469520643,222.0,-18.8,18.969201264885214,0.0,92.0,-4.792765929774333,-0.07394225624569141,0,1069,0
CDE3BF80-45A8-4454-A382-5832C64A3A3B,12756,6,150.8,2,0.05722797115083099,28,0.8011915961116338,488,30,188.0,19.585377516571583,90.0,-15.67459,14.248274124458923,0.0,40.0,-4.416936158546891,0.2218155076301092,0,1069,0
50407294-CFB1-4B51-9BAC-CA1E4E222106,1931,2,1.0,1,0.18902123252200934,235,44.41998964267219,841,731,602.0,51.60467688776579,205.364,-2.102661,11.307047366087193,0.0,63.198614,6.050019488777416,0.10832714064031185,0,1069,0
FF43581C-077D-46BB-8122-361C7B35518C,1264,2,587.0,1,0.2887658227848101,2,0.5775316455696202,269,142,452.0,100.11352537042289,174.8959,-9.599999,19.786124808109847,0.0,129.00905999999998,-14.722453341101911,-0.1810576171110276,0,1069,0
C8D30CC8-EE14-4099-A3EA-204972D0D165,1707,4,109.33333333333333,4,0.8553016988869362,442,94.51083772700645,723,391,831.0,234.61339935541577,20482050.0,0.0,52239.16525473024,0.21382542472173405,126.05624,-141.90930719415036,0.3254740633245006,1,1069,0
13510E1A-9690-4369-9442-4DA1C4ADBEEB,5833,1,0.0,0,0.0,0,0.0,-1,716,209.0,53.524708434432455,113.21,0.0,13.196498125331667,0.0,71.67,2.438776133468778,0.010672723655816617,0,1069,0
7A0D8C02-A584-4215-9DBC-2D8329900CC6,12756,6,131.4,4,0.11445594230166198,64,1.8312950768265917,1,107,789.0,168.4693769801452,584.03,0.0,98.63785759585353,0.0,294.35,12.98209601368194,-0.5611016089093924,0,1069,0
9DA0A802-E704-4C2F-AC5C-FBA1233EAD9A,9303,3,305.5,1,0.039234655487477156,846,33.19251854240567,249,71,820.0,224.25243437919167,946.0,0.0,88.22739395659619,0.039234655487477156,323.0,-145.62928623104352,-1.0550258833967843,0,1069,0
C8DCBAAC-E4EA-4EE4-8FD3-2B32C4D6C764,4668,5,90.0,2,0.15638389031705227,23,1.7984147386461011,396,315,150.0,45.82768370943296,101.558,0.0,15.571584154063848,0.0,65.4704,3.120764685628764,0.0006755407388648333,0,1069,0
E46BEB47-635B-4F8C-B788-9549B07FB1BD,2965,7,69.5,7,0.8617200674536256,533,65.61382799325463,298,257,450.0,103.64932660495555,363.6,-19.8818,49.53948564610476,0.0,168.24,5.085013672822228,0.5018056647367626,0,1069,0
8361C020-2620-4529-B0A0-03C216F6FA9E,3505,3,283.5,1,0.10413694721825963,198,20.619115549215405,712,109,831.0,170.78040233575754,363.2014,0.0,75.28766870720347,0.0,252.4733,22.06897948384122,0.18387701043160615,0,1069,0
78B3EBC8-F56B-4BB3-A5F7-2706B151DA0D,3635,1,0.0,1,0.10041265474552959,15,1.5061898211829436,374,633,451.0,163.03550702453364,408.9703,0.0,89.10770189135029,0.0,280.68683999999996,21.298840037349095,-0.7378189509694608,0,1069,0
307666EB-D13B-45F5-AE71-0625CA7FFA8D,12756,5,88.75,3,0.08584195672624648,322,9.213703355283789,370,290,301.0,50.150231905052465,252.7,0.0,17.82242862808573,0.0,73.8,1.748039700117296,0.03257574093224534,0,1069,0
C2BB26A4-687B-4185-8F3F-1387DB51C500,4447,1,0.0,0,0.0,0,0.0,-1,598,538.0,87.62334383354909,281.0,0.0,26.7810195456043,0.0,121.0,2.774109870154618,0.36326061059199993,0,1069,0
37269223-9280-4724-8C43-59E4154D0EB4,3871,2,197.0,3,0.2828726427279773,67,6.317489020924826,396,572,150.0,45.532436929017024,100.6699,0.0,15.255831196627605,0.0,64.86178199999999,2.9429952307823655,0.0002437537681934259,0,1069,0
3AF39594-F1F2-41DD-8019-F6DC70309A84,2172,2,1.0,3,0.5041436464088398,350,58.816758747697975,660,563,831.0,180.22573685201036,449.3375,0.0,68.12970349651536,0.0,271.22268,-20.984044991670856,0.45948306026850866,0,1069,0
26245C96-2CD6-40BA-8241-3769DFA5D8BD,717,1,0.0,1,0.509065550906555,4,2.03626220362622,107,538,602.5,63.7880527010356,273.6766,-124.1082,63.32002708121078,0.0,166.2052,116.07590186763724,-0.0017948276006310865,0,1069,0
BEDECAEF-22CF-4F6B-A9D9-03809C319826,674,4,179.0,7,3.7908011869436202,960,519.8813056379822,43,44,452.0,99.19460854800413,299.0,-0.2568916,48.539462663981745,0.0,145.0,30.934481112489678,0.19115625597342026,0,805,0
1EAE67FA-5497-4F17-BD60-E50D2108D271,3482,4,129.33333333333334,0,0.0,0,0.0,-1,531,452.0,46.38717466677942,166.0,-22.6,13.728023883496723,0.0,64.0,6.663288296183538,-0.12526683678374725,0,1069,0
47385182-ECF8-458B-B139-DD5CC20E28E6,8841,3,10.0,3,0.12385476756023074,203,8.380839271575613,87,524,271.0,81.07547268292493,255.6026,0.0,42.497319793235775,0.0,138.49746,29.499903433896066,-0.23330661385585025,0,1069,0
E7E3043D-F19C-4229-92BD-9AAE6F2042B6,8393,2,1.0,3,0.13046586441081853,303,13.177052305492671,44,493,301.0,57.155320490050535,240.4425,0.0,23.555056291282803,0.0,87.3,-4.296678510806714,-0.014353646739072906,0,1069,0
6A97A554-D7C2-4618-A10A-D667E7BD57BA,3838,4,46.666666666666664,3,0.28530484627410113,624,59.343408025013034,350,345,371.0,68.58269809132423,150.0,-2.972473,28.477109783845236,0.0,105.0,1.4652185753424334,-0.08179010440253806,0,1069,0
552C4C96-F16B-47E5-9B2D-3230736F71DF,2376,2,0.0,0,0.0,0,0.0,-1,483,452.0,109.28040214145858,281.0,-13.6,42.67140650083495,0.0,164.0,-4.651003993310425,0.1140581484681625,0,1069,0
D67E77B7-40F0-4C8E-A09B-FD42FCDD03F1,1722,3,121.5,3,0.6358885017421603,383,81.18176538908246,841,479,831.0,27.712237064366704,86.12652,0.0778044,15.615587367598403,0.0,50.488078,13.594459706775275,0.02000278253552795,0,1069,0
5583101A-4AF5-483C-B8D1-A32F4E33B8D5,12756,3,99.0,3,0.08584195672624648,241,6.895970523675134,480,272,269.0,53.56874017604586,143.9,0.0,21.80312288373239,0.0,78.3,25.461568465929453,-0.3851021616752881,0,1069,0
FAF71C56-C66C-4B45-A802-D78BB4F6E1EB,12756,1,0.0,2,0.05722797115083099,456,13.047977422389465,6,467,264.0,73.49387756936648,156.0,-496.0,18.37879821956629,0.0,98.25,7.693853912115003,0.05368632615815773,0,1069,0
32C858E9-875B-43D7-992D-62985F5ADA2F,4116,2,0.0,0,0.0,0,0.0,-1,451,301.0,27.95599260546293,101.1027,-34.14572,13.950797217535438,0.0,46.83441399999999,-1.4497167651851548,0.0655631186449401,0,1069,0
CD150240-E82B-43BB-80F7-CB70234FFF5F,5134,3,129.0,0,0.0,0,0.0,-1,255,188.0,24.6676329329916,98.0,0.0,9.94448760982553,0.0,38.0,-4.471105155213824,0.016234571712081716,0,1069,0
95BA4402-942E-49AD-8E3B-7C16BF60F656,12756,5,115.0,6,0.17168391345249295,1253,35.85332392599561,187,80,225.999,30.61742208135201,111.5699,0.0,33.83391793257708,0.0,74.35441999999999,28.455100076827,-0.17652226015964143,0,1069,0
97C338DC-7669-4BA4-8B57-DF87ED9B047E,2968,2,0.0,1,0.12297843665768195,307,37.754380053908356,841,418,602.0,81.15955948932198,239.6476,0.03456794,42.134856580127995,0.0,149.53552,49.086689595554546,0.10984038779809802,0,1069,0
0EC04EA5-F77E-4D6D-8583-EE00C9E5B9D0,2824,2,0.0,0,0.0,0,0.0,-1,409,748.0,94.35123536714434,405.0395,0.0,37.06360320801259,0.0,140.07569999999998,24.129178775602554,-0.6828489641092254,0,1069,1
EE6A50AE-34AB-4577-A6B8-DE0A643921BD,5118,2,90.0,0,0.0,0,0.0,-1,409,188.0,18.56195699491306,100.0,0.0,9.083301002269591,0.0,32.0,-7.366663785036517,-0.027982707055752367,0,1069,0
DB233991-1F7F-4264-B67A-2B8477FECCE1,12756,3,156.0,0,0.0,0,0.0,-1,82,266.0,118.5843261391948,258.9601,-31.4528,61.94518243836737,0.0,185.28,-3.296564306633087,-1.5081408177720304,0,1069,0
5F90C0FB-7BDD-44DB-A6D2-AF1B38DFFC84,12756,1,0.0,4,0.11445594230166198,14,0.4005957980558169,121,374,488.0,56.42315754960938,203.3936,-37.1265,57.96678523671951,0.0,160.0708,-40.04052745854456,-0.0399592216251728,0,1069,0
8E086990-00A0-45D9-A1AC-9A79E3A11D21,416,3,56.5,1,0.8774038461538461,34,29.83173076923077,377,241,1246.0,237.4609916799964,1003.679,0.0,195.13610716599436,0.0,536.82442,77.681612944232,-2.6210847132040382,0,469,0
2F6DA7D1-915A-4335-B0EF-1B35C34A0E1F,2422,2,61.0,0,0.0,0,0.0,-1,263,301.0,48.82567430844941,108.6,-6.236812,12.625509996575582,0.0,66.60001,-1.163772158758043,0.09322077397982612,0,1069,0
41E5118C-A42B-4BDE-AB32-9C3566EDAA39,12756,5,43.5,0,0.0,0,0.0,-1,317,432.0,115.88942481997306,211.23,0.0,23.57737255387761,0.0,145.67,-9.524411702689108,0.07442245556139974,0,1069,0
1F9A92EA-F9E2-498F-AAD3-AD6DBB1E865E,5652,2,1.0,1,0.06457891012031139,27,1.7436305732484076,916,314,131.0,28.437919818899736,232.6,0.0,17.6463816192577,0.06457891012031139,49.5,0.09784406998915074,-0.034542073095471984,0,1069,0
857F915F-1C2B-47F1-A172-492B94761B5B,430,3,79.0,0,0.0,0,0.0,-1,270,603.0,82.04279687232902,314.9013,-14.18723,86.35771801647653,0.0,204.06616000000002,80.10843233137466,-0.09093184538116272,0,805,0
F6E0DA25-85FB-4E53-BC0D-EE9B432BC47F,398,3,35.5,0,0.0,0,0.0,-1,219,887.0,80.41730802745067,235.3271,0.0,49.29005632476115,0.0,147.65893,-4.730179338330302,0.40827702754787004,0,448,0
D4F6F205-A6A6-4F9D-8BCA-2F2E629CAB34,3127,3,360.0,2,0.23345059162136234,46,5.3693636072913336,63,284,451.0,104.3632015716227,275.1525,-28.45106,60.82658757107777,0.0,191.26335999999998,-14.69227934284261,-0.21175695654167737,0,1069,0
42D1D8CB-80FB-4477-992F-5B36682F7037,3225,4,123.0,1,0.11317829457364342,6,0.6790697674418605,270,270,1040.0,160.884949865723,531.1835,-1.288677,77.74984443098623,0.0,268.3038,-58.75734252536806,0.26560280392523744,0,1069,0
E4EFA749-DE05-4CE0-B294-FACEAF47AD4B,2740,4,242.0,2,0.2664233576642336,86,11.456204379562044,423,249,361.0,70.81665047758037,225.7917,-31.30568,33.666053479289594,0.0,115.0707,4.984367569487532,-0.03757428796395273,0,1069,0
ABFFDC0D-9FB7-4D3B-BD20-B94AB1BC7402,2684,1,0.0,1,0.13599105812220566,203,27.60618479880775,841,248,301.0,88.09496700401363,1047.416,0.0,18.211095188111337,0.13599105812220566,113.81844,0.5201876032394637,0.09149526698132514,0,1069,0
C23B93D1-6D8D-440E-911A-D6D9192CC4D2,4517,3,249.5,2,0.1616116891742307,24,1.9393402700907683,244,244,803.0,91.5965107353295,284.79,0.0,51.52438809511672,0.0,165.9,25.895152844917405,0.36139182249284707,0,1069,0
4F62C8AA-4BDA-4961-B66F-9BFCA812D0F7,899,1,0.0,0,0.0,0,0.0,-1,237,250.0,23.117834569977948,82.53806,0.0,13.060674966898821,0.0,38.347916,0.6948970326455068,0.014542779314867818,0,1069,0
3851D4EC-7685-4C83-A34B-CDA4C8243E2D,7217,3,93.5,0,0.0,0,0.0,-1,49,798.0,115.77297358547783,380.9532,0.0,63.46700681447397,0.0,206.92528,-43.57040726669079,0.27070317313779374,0,1069,0
98A71AE0-3C28-4381-A1BF-3523AFCFD83D,5733,1,0.0,6,0.3819989534275248,411,26.16692830978545,171,234,391.0,147.84654807686286,283.3233,0.0,44.322077014157756,0.0,214.74352,-13.756656018992487,0.182568851297821,0,1069,0
8F9C870E-251F-4857-81C1-D587DEF9AE60,1193,3,93.5,2,0.6119027661357921,135,41.30343671416597,221,34,452.0,105.02919740925341,240.1837,-0.3500977,29.482293610698836,0.0,145.6652,-14.148305541197857,0.08338091201980362,0,1069,0
06B483A0-1832-4A94-BA54-4BA71368635F,397,1,0.0,0,0.0,0,0.0,-1,222,678.0,30.963323956159705,124.4909,0.0,15.914853788103713,0.0,50.20849,2.7058760963094315,-0.0293193727060829,0,448,0
E49AEB5A-C1B2-4A2F-9519-C650809EBE04,4364,2,558.0,2,0.16727772685609532,327,27.349908340971584,125,215,126.0,52.210022043566994,134.4155,0.006354059,23.43325660914041,4.349220898258478,79.760436,18.204140558786392,0.19811860162265504,0,1069,0
000D19AE-90F4-4E04-AE7D-E5CF952562D1,12756,3,100.5,2,0.05722797115083099,7,0.20029789902790845,833,11,156.0,31.489867993694734,61.54682,0.0,9.404143745196807,0.0,43.937594,-0.5102979221515191,0.033282028509697935,0,1069,0
EF58576A-4576-43DD-887F-CC0B3A5E04FD,4448,2,1.0,8,0.6564748201438849,116,9.518884892086332,111,206,301.0,43.39585225789782,101.9544,0.0,13.248936015029678,0.0,60.429033999999994,2.358536764555872,-0.055534259070038984,0,1069,0
FE858CB0-C9EA-45C7-AE2C-E2BFBE6BB351,2503,1,0.0,0,0.0,0,0.0,-1,189,472.0,119.73789406324198,457.1287,0.0,20.450243419912596,0.0,145.21008,-8.241597665865456,-0.15908157553241847,0,1069,0
50B4237B-C3AC-48AE-8E9A-D392D1A2B753,8522,7,107.0,5,0.21415160760384888,248,10.621919737150904,245,120,251.0,93.52643456699215,190.0,-36.933,23.34379044023237,0.0,122.1,8.492593210785614,0.08197190553922772,0,1069,0
D8706D99-4904-41E9-9C7E-17063B75A4E5,12756,3,153.5,5,0.14306992787707745,3072,87.90216368767639,841,178,171.0,19.19509819967605,86.30524,0.0,4.9465264096650525,0.0,25.43671,5.637501753256053,0.11722898793722615,0,1069,0
1D499149-57AC-4248-B6E0-06E8AAB47AD4,6695,2,1.0,9,0.4906646751306945,610,33.25616131441374,26,164,271.0,87.49349534063631,156.9,-21.76611,25.948444458606723,0.0,118.4,-15.955254599895582,0.023904505814549108,0,1069,0
BE12FD01-7810-404E-A4AC-D3C4E35D4411,12756,3,116.0,5,0.14306992787707745,148,4.234869865161493,385,153,199.0,62.22326105043356,239.5522,0.0,20.659391183316398,0.14306992787707745,88.0,3.8338377149985448,0.3260500839152034,0,1069,0
662BF047-B6C0-4A85-8580-647D11D6390E,7937,6,111.8,5,0.229935743983873,778,35.77800176389064,251,129,157.0,40.41537298777285,451.8761,-18.30736,10.599197257597444,0.8737558271387175,53.132926,4.515975988230238,0.01054198699737955,0,1069,0
45F6B4E0-1554-446A-8FC5-19241EF68471,2354,2,0.0,8,1.2404418011894647,797,123.57901444350041,244,122,452.0,195.22475041150872,326.8742,0.0,39.919696958481865,0.0,247.70532,13.057076995898683,0.05751571716653027,0,1069,0
16D976FF-3466-4459-A793-C8E92BE70270,7056,2,1.0,1,0.05172902494331066,28,1.4484126984126984,150,108,377.0,119.65157589758873,211.5007,0.0,20.90840492718888,0.0,148.30805999999998,7.53197800055942,0.29112535497055264,0,1069,0
917651D5-EB52-470C-9071-6CC2D91D9F57,2269,3,0.5,0,0.0,0,0.0,-1,96,452.0,92.40804152816357,182.0,0.0,22.97285833429768,0.0,122.0,7.961171434799397,-0.07033830193952234,0,1069,0
5FF4882C-FDA4-4E16-9B33-337133325796,2473,1,0.0,2,0.2951880307319046,525,77.48685806712496,608,95,1039.0,172.06164991341143,492.4461,0.0,110.93416477124936,0.0,328.58074,7.2742665457707005,-1.570912404640448,0,1069,0
8855687A-DBD5-4C17-AA82-2D9C378569D9,3566,3,23.5,0,0.0,0,0.0,-1,32,630.0,161.37693707298396,531.78,0.3159409,37.44869518492611,0.0,209.97959999999998,1.6993638957043231,-0.023893904819054287,0,1069,1
06B0E02E-A74C-4F9F-945B-0397916C946A,4182,1,0.0,2,0.17455762792922047,1959,170.97919655667144,369,78,452.0,115.94036567237049,304.6803,0.0,82.40083207413583,0.0,231.56658,4.214412463509149,-1.1957805019692567,0,1069,0
B4F2A313-F31F-44D8-A8CB-AD58324CC2F6,5473,2,90.0,1,0.06669102868627809,38,2.5342590900785678,171,51,490.0,143.8500401511771,702.0,0.0,47.03140178963117,0.06669102868627809,204.8,-3.7880302267944046,0.3191855583689947,0,1069,0
753CCF25-D9A0-46CF-99E4-DE76429A20A6,5325,7,45.833333333333336,6,0.4112676056338028,135,9.253521126760564,242,48,301.0,99.52905755541619,240.25,-31.86622,17.462357914005334,0.0,125.7804,14.670186284685968,0.05680892944362237,0,1069,1
672B6ADA-B729-4284-A6B4-39D5B4F69203,69,2,1.0,0,0.0,0,0.0,-1,45,416.0,43.03712787711141,175.299,0.0,44.514093804118275,0.0,109.2225,13.386007906839211,0.5251444976459962,0,119,1
BF5709D0-85AF-4054-9BA6-4847386CD54A,1099,2,1.0,16,5.313921747042766,419566,139346.3057324841,145,36,451.0,65.02954971266661,354.92,0.0,50.203842938949094,0.0,134.1,0.8781887394938792,0.043200573187987694,0,1069,0
09B55CF9-E0DB-4D5A-8A18-E83FD35C5802,1290,3,0.5,1,0.28294573643410853,11,3.112403100775194,33,33,452.0,43.619124695680654,513.7,0.0,26.772684566632275,1.4147286821705427,82.08967,-5.595742566745464,0.4570259223625404,0,1069,0
237221B0-4D26-443E-A990-4A458A0E1B0E,1655,2,618.0,2,0.44108761329305135,17,3.7492447129909365,840,14,452.0,40.666048471673804,84.46326,-224.1681,11.055842451993161,0.0,55.53277799999999,1.690931531412609,-0.34682791694110376,0,1069,0
C1D9855E-7BD2-4741-9672-99A92F1509BB,12756,4,154.33333333333334,2,0.05722797115083099,32,0.9156475384132958,14,14,301.0,111.55951541609475,218.77,-26.85544,30.278751192828416,0.0,148.12,3.311995386374363,-0.05525720482192402,0,1069,0
52BDF23D-D520-45A5-BAF7-3AE0588B443A,3677,2,0.0,2,0.19853141147674735,699,69.38672831112319,401,3,312.0,39.609986376205875,112.2864,0.0,19.664565334021802,0.0,64.441594,15.334499696324983,-0.1547136897136972,0,1069,0
EAB87D4F-8510-48D3-9851-A3E73A5F1D61,12756,3,49.0,1,0.028613985575415495,34,0.9728755095641267,473,505,269.0,104.74552084410678,211.27,0.0,24.99843168350522,0.0,137.51,1.7817391867574202,-0.016127860435547745,0,1069,0
30B29AA4-275A-4F18-9FC0-A0EBB7060768,1043,3,88.0,0,0.0,0,0.0,-1,29,415.0,79.90036897463621,1024.0,0.0,47.94959909865573,1.7497603068072867,147.43174,3.2012733147928145,-0.8408747897054645,0,1069,0
1CE56AEA-BF03-4F9A-95FC-818D504DE34A,2481,2,356.0,0,0.0,0,0.0,-1,655,602.0,189.906589494147,351.7194,0.005063998,36.81801372400693,0.0,236.46053999999998,-15.104384458653158,0.3005494774136058,0,1069,0
BF3AEF5D-C6F4-4B6E-AB23-E20259719D21,2019,4,206.0,2,0.3615651312530956,1683,304.25705794947993,560,363,1662.0,343.7625010570687,940.0,-23.0,120.42339847702407,0.0,487.0,-41.855710933611874,-0.3861526114338113,0,1069,0
7FD4D90D-20B0-48CB-BA23-936982304829,5068,4,288.6666666666667,1,0.07202052091554854,164,11.81136543014996,25,79,682.0,161.95271566418324,324.1945,0.08881455,37.854826535485486,0.0,211.87886,3.324906034813665,-0.02637154974883878,0,1069,1
5B3AB9AD-02B9-4E85-92E0-C124E60EB941,962,4,278.3333333333333,2,0.7588357588357588,79,29.974012474012472,98,97,302.0,49.126265298988365,205.927,-445.4993,34.341576987590166,0.0,97.76680000000002,26.320189639283235,-0.02006038376944659,0,973,0
1ACDD6C6-89CD-4DE8-8308-D72D65051964,1441,2,322.0,3,0.7598889659958362,516,130.70090215128383,107,598,151.0,8.37875621843918,26.46654,-2.454,5.684594177383025,0.0,16.28196,6.930541013428103,0.020004603669334504,0,1069,0
233D30A4-11C2-4F96-BAE3-0183124C3A60,955,2,196.0,1,0.38219895287958117,9,3.4397905759162306,787,724,452.0,113.20083963356154,241.0,0.0,41.05607558149783,0.0,167.0,-5.128308769364011,0.07788364361387914,0,963,0
91149E01-0E5E-4D04-96C3-98C024D00242,1641,1,0.0,1,0.22242535039609992,91,20.240706886045093,841,906,250.0,41.13565381557566,235.9262,-0.1003746,9.031520744972815,0.0,51.19566,0.7611725671403917,0.00904561333585621,0,1069,0
336DA11F-9E69-4F24-A98B-05D713991A6B,1078,1,0.0,0,0.0,0,0.0,-1,901,250.0,39.43521351014461,724.9043,-1.598337,18.868112469038017,0.3385899814471243,64.37610999999998,6.617350868944904,0.39068677117285405,0,1069,0
0426A25C-3A1D-4759-AB6B-27D5F04588AC,919,3,101.0,3,1.1915125136017408,34,13.503808487486397,103,685,250.0,43.82208924175324,300.0,-2.883911,21.36929734103889,0.397170837867247,66.0,4.036244091580095,0.04028297960877919,0,1069,0
B6EBB536-F394-4378-99FB-5EE0CD3D886A,12756,2,757.0,1,0.028613985575415495,707,20.230087801818755,962,106,472.0,143.344255235014,265.1184,0.0,42.256843206400454,0.0,187.8296,-53.57273563161894,2.106228664263541,0,1069,0
1D2EA738-97F5-413A-BA15-7C99BC5120C3,12756,3,144.5,4,0.11445594230166198,223,6.380918783317655,201,545,128.0,16.262217692402764,311.5034,0.0,6.41712355598527,0.14306992787707745,24.0,5.225166566856494,-0.005818190860347123,0,1069,0
9B56DC62-22B0-46D6-9480-9DD877B4CE56,12756,4,272.6666666666667,0,0.0,0,0.0,-1,2,452.0,2.2143336232366466,214.4088,0.0,8.681272305906024,0.0,0.0,11.435101470142985,-0.017270968505213504,0,1069,0
8E599CFF-1A47-4F5D-8C3D-4D9DE9F29F6C,1443,1,0.0,1,0.25294525294525294,507,128.24324324324323,841,809,209.0,28.260807017218188,246.1852,0.0,7.781537959853221,1.2647262647262647,38.900426,8.614046060713914,-0.006373331481860281,0,1069,0
51C9901A-7D43-453E-AF50-3B8251DA3D54,905,1,0.0,0,0.0,0,0.0,-1,791,831.0,116.17873303225456,233.7652,0.0,28.61388143946087,0.0,152.1745,-24.609826561575545,0.16069734196714694,0,896,0
F240884B-62D1-45A4-93F4-EDD499BEF2A2,953,2,668.0,1,0.3830010493179433,87,33.32109129066107,414,114,1663.0,514.5746139832182,1261.672,-4.021505,275.08173980075424,0.0,847.5739,175.32623530482192,-1.9950254439132817,0,1069,0
19F215C0-9EEA-489E-94E9-E5C8410E8D75,884,1,0.0,0,0.0,0,0.0,-1,770,887.0,31.654853888470765,99.308,0.0,12.115467668745763,0.0,47.336,-2.060459135384349,0.044685450650030406,0,896,1
A237E64F-3AAA-48A5-A4E6-A71866DDF30E,786,1,0.0,2,0.9287531806615776,28,13.002544529262087,728,766,661.0,154.0638568890348,478.5409,0.0,49.4943865117322,0.0,208.5754,4.385955818526924,-0.24813926083997803,0,805,0
88FBCAD3-5D91-4ACF-BEF1-4552774DC1B7,40,3,295.5,1,9.125,24,219.0,361,170,602.0,103.68024666213482,262.08,0.0,46.04939466594464,0.0,154.32,-31.29359846846198,2.491017753367508,0,1069,0
E4F0D14F-8944-4C02-BC15-E8EC2E96B87F,1443,1,0.0,3,0.7588357588357588,622,157.33194733194733,841,753,1040.0,194.00155882466976,375.7616,0.0,32.38513617596767,0.0,235.72208,34.792724879033926,0.020178219784570017,0,1069,0
B9F60663-A5FA-4DFD-8B23-69C9C962CFBD,4084,1,0.0,1,0.08937316356513222,11,0.9831047992164544,53,736,451.0,52.618811848335035,865.83,0.0,29.37002158367987,0.08937316356513222,93.55469,9.319591205985951,-0.08989857572992092,0,1069,0
329ECA34-1A6C-404D-A263-A4FE82BE2DDA,1264,1,0.0,2,0.5775316455696202,74,21.36867088607595,172,728,452.0,99.59271509585953,173.6115,-5.0,19.565702538759638,0.0,128.05306,-14.524060352032365,-0.1801730325326841,0,1069,0
30A862C5-7497-4067-8931-549953D91397,793,4,214.0,3,1.3808322824716266,192,88.3732660781841,164,81,452.0,134.25290542783083,543.8719,0.0,28.949870972650732,0.46027742749054223,163.51896000000002,4.150607568311159,-0.010968359426653472,0,805,0
758E6981-F6AE-4472-A222-EF7502F0AF06,12756,4,189.33333333333334,3,0.08584195672624648,2259,64.6389934148636,386,150,281.0,81.03816620209852,180.65,-16.19285,25.312285898996073,0.0,110.54,14.203191050987897,0.09633528659221986,0,1069,0
9F783F39-6CA6-4323-87AC-FC4F7CA6184B,853,2,7.0,3,1.283704572098476,290,124.09144196951935,734,718,832.0,181.8707189427036,661.2498,-4.788715,143.74358903659726,0.0,388.88762,45.34256551447234,-2.6719454396498974,0,994,0
AFF3BDD3-24C5-4873-9A1F-5E095330A78F,3817,1,0.0,1,0.09562483625884202,28,2.6774954152475767,265,700,630.0,167.97048989832624,302.0,0.0,33.30168794282975,0.0,211.0,-8.98283557733859,0.22721517974312588,0,1069,0
EABD1DC0-2B36-4163-8546-FDA15DE785C8,5391,3,0.5,2,0.13541086996846596,38,2.5728065294008533,377,679,225.999,66.64294202498563,174.679,-189.028,15.123312475950572,0.0,84.63135,-3.765216312022673,-0.18239933127439284,0,1069,0
F2B54665-CE9B-4376-9E79-3189E65F7032,6600,2,0.0,0,0.0,0,0.0,-1,672,377.0,59.63304759090725,201.9065,0.0,27.729038286326016,0.0,97.271658,-26.112895857188114,0.13172647155470327,0,1069,0
49903CB2-EDF7-4F70-98B8-E9C744BCE113,12756,2,1.0,1,0.028613985575415495,3,0.08584195672624648,181,665,452.0,103.48768593675801,227.0,0.0,29.53143651456667,0.0,143.0,4.382530112624707,0.4921350601125024,0,1069,0
A7D4AA4D-5547-40F0-9CEE-A67E752A87A0,12756,3,313.5,1,0.028613985575415495,9,0.25752587017873946,784,26,313.0,49.92165136944063,175.5,0.0,17.66861891569075,0.0,73.3,1.8432714702198538,0.031344724762152734,0,1069,0
DCE85A26-44E7-4A58-88F2-42C2F116CDFF,1396,1,0.0,0,0.0,0,0.0,-1,634,452.0,56.64156147577198,263.7538,0.0,30.078099193888328,0.0,96.492628,13.208234927082955,0.5484550555244716,0,1069,0
13DF5815-4243-46F0-8103-8D9B28746CC4,3076,3,67.0,1,0.11866059817945385,7,0.8306241872561769,674,612,554.0,73.96391436143294,320.0,-26.9935,49.254057449590256,0.0,146.0,17.114557860789276,0.7941032386256572,0,1069,0
15E070C7-6367-4FE4-9C7E-EA228076BB92,2164,1,0.0,0,0.0,0,0.0,-1,604,0.0,127.78217369123938,1338.5,0.0,39.441838404321324,0.0,171.4193,13.246595499347038,-0.04589543991441405,0,735,0
67DB43A7-C55F-4065-8527-A93E6160DE6B,2222,4,174.0,4,0.6570657065706571,61,10.02025202520252,151,45,188.0,38.28909364637339,142.0074,0.009983522,13.262021089312618,0.0,55.151696,-2.4270268250221534,0.058843557296527314,0,1069,0
A68AACA3-3F7D-43AF-9946-EE67D1A379A2,3678,1,0.0,1,0.09923871669385537,198,19.649265905383363,841,552,301.0,90.45321530687517,162.0,-35.88287,21.782750609170147,0.0,121.5,-2.32659493650479,0.2014729184672248,0,1069,0
763B8726-F3DA-4386-A9DC-DD1ABFD5005B,1722,2,0.0,1,0.2119628339140534,353,74.82288037166086,841,542,831.0,27.464372189927598,136.8802,0.0,15.335023877934574,0.0,49.57158,13.231472042094016,0.020937599343216057,0,1069,0
8DDC5086-1AC5-4E69-9E58-5B0798DF3901,3663,2,15.0,3,0.2989352989352989,148,14.747474747474747,474,531,301.0,81.89517519003772,256.2762,-3.605957,42.64071330974406,0.0,139.48857999999998,29.242638362766343,-0.23449855683028503,0,1069,0
A3CB7B3F-267E-40FA-BC84-02F007DABDD2,12756,3,78.5,0,0.0,0,0.0,-1,373,424.0,149.06647758689107,305.83,-122.23,42.41865339703107,0.0,205.87,-42.29186030294045,-0.25680021767674,0,1069,0
AB491B85-112D-44AC-A2B8-8AC3F712907A,3742,1,0.0,3,0.2926242650988776,203,19.800908605024052,775,487,831.0,219.06022862097652,721.7,0.0,143.15356872776786,0.0,406.1,6.262425700088329,-2.102525814797921,0,1069,0
135779A2-0D81-4211-ADD9-341969F51C72,8739,4,69.0,4,0.16706717015676853,985,41.140290651104245,420,467,432.0,107.9736711396827,309.34,0.0,22.906356710074725,0.0,139.37,5.660986267724709,-0.07229105673779726,0,1069,0
7BA18F7B-A213-4052-9481-787037F7ECE4,12756,6,121.8,2,0.05722797115083099,327,9.356773283160866,480,148,269.0,52.91626170874992,189.4,0.0,22.54259782944662,0.0,77.0,-40.38209504208326,0.6403436752594209,0,1069,0
E4ADD619-7565-47CB-86F1-6ACA2B1B7CC4,12756,7,31.0,4,0.11445594230166198,183,5.236359360301035,340,281,289.0,36.58648732786043,200.44,0.0,19.49090159996857,0.0,63.63,-3.6422843957616635,-0.05312970908620385,0,1069,0
82A393EE-D05A-402D-8465-3B3BE32802E7,7813,2,141.0,1,0.046717010111352875,187,8.736080890822986,591,451,678.0,117.4368420181484,406.3499,0.0,58.85193032610867,0.0,201.27571999999998,43.069541060555295,0.0333752662261301,0,1069,0
71631192-5D15-4D93-9FAB-AC9917F9BC53,4668,2,1.0,3,0.2345758354755784,65,5.082476435304199,396,447,150.0,45.73956141731771,99.9804,0.0,15.506233713915085,0.0,65.2732,3.068534138237851,0.00017361965121304344,0,1069,0
213BC80D-6102-4D6D-8B7A-6B9D2B84DE55,681,1,0.0,3,1.6079295154185023,144,77.18061674008811,68,448,452.0,78.19518033812071,225.9679,0.0,50.448084061477616,0.0,145.48844000000005,21.953908442280508,-0.13244792332122376,0,805,0
5DF86EBE-48A5-457C-8F61-0851605E4394,8711,2,238.0,5,0.2095052232809092,58,2.4302605900585466,3,204,314.0,65.04460924073194,185.0,0.0,22.20770344143882,0.0,95.0,-7.767603067892438,0.38218778724392716,0,1069,0
E2BF7BB2-56C6-46BA-AF3A-50184DECF8B7,3454,2,272.0,4,0.42269832078749275,488,51.569195136074114,528,158,100.0,38.13934843418528,70.01427,-0.22,8.596516721482878,0.0,49.436396,6.4027707000739795,-0.0677149787960099,0,1069,0
DFA17F76-9611-49C6-8262-CC3BE7A37BF1,3860,2,7.0,2,0.18911917098445596,162,15.318652849740934,669,429,831.0,115.73540149349172,246.3542,0.0,33.37788449716734,0.0,158.16568,-1.0344257998188908,0.48522767236858344,0,1069,0
8F662221-D026-4BB2-8615-77455C45AD9F,493,2,256.0,0,0.0,0,0.0,-1,146,452.0,18.791502804315442,141.3391,-11.1,22.552593559986057,0.0,51.656866,17.486480650468508,0.25673799442327033,0,1069,0
AC0839C9-0CE9-4AAC-9784-E5A103ADB818,4227,2,1.0,1,0.08634965696711616,3345,288.8396025550036,68,400,259.0,36.701618745568446,228.8226,0.0,20.49694358413745,0.0,63.75,-8.280129548037582,0.08506279924816744,0,1069,0
A834C603-B611-4CB0-8CB0-33298C75F137,2621,2,0.0,0,0.0,0,0.0,-1,382,452.0,153.89498775731005,354.5573,0.0,61.973389114066826,0.0,233.17033999999998,9.639610351563391,-0.2096509277161519,0,1069,0
4B5682E6-FE5B-4FB3-B395-BD970311A60B,4834,4,0.0,1,0.07550682664460073,14,1.0570955730244103,248,377,452.0,104.10710640115269,270.0,-27.47813,24.113509849979316,0.0,132.0,2.0574769321806485,0.0523447682154569,0,1069,0
A5194BF0-97F6-4E87-8875-7A1A3CF7F22E,3915,3,3.0,1,0.09323116219667943,18,1.6781609195402298,812,374,452.0,76.73408370220587,218.3913,0.0,35.69626679833361,0.0,124.0966,-4.214561180060798,0.2206799741044812,0,1069,0
08EB17B0-6627-4B7C-9618-BF11DE6D95C7,2422,3,32.0,0,0.0,0,0.0,-1,260,301.0,48.658439738315984,151.2,0.0,12.57580861832398,0.0,66.3,-1.3388060608468493,0.09243686260416525,0,1069,0
713C5599-A6BC-4392-A658-4006DB5B9B50,9711,2,0.0,1,0.03758624240551951,8,0.3006899392441561,322,322,295.0,85.98103971585994,234.5654,0.0,19.78084814573839,0.0,111.12,1.8270999446338863,-0.06508180536700575,0,1069,0
A1FC7D15-7B15-4289-9817-CB7434B9ED25,2793,2,1.0,2,0.26136770497672757,72,9.40923737916219,592,315,452.0,74.0434352703832,205.8768,0.0,30.42605629360606,0.0,114.16827999999998,-7.287176940367772,0.11944991246518667,0,1069,0
8FA4B4A4-0EB6-4083-8003-B209A1BDDEA2,2818,3,47.0,0,0.0,0,0.0,-1,200,150.0,48.093885121886856,120.0192,-35.70796,14.144255029084508,0.0,66.64857599999999,-1.781138122889942,0.11814080682573497,0,1069,0
0169A51B-10B3-4672-BA04-98689DC352F2,3559,2,344.0,0,0.0,0,0.0,-1,281,624.0,123.12623165078355,335.4211,-7.736378,73.2717914364306,0.0,220.2174,-21.945923271153916,-0.47103778630432575,0,1069,0
9D6EEFAA-F031-4CFD-AD6C-BF47868D8F23,9723,3,126.5,1,0.03753985395454078,50,1.8769926977270388,473,280,301.0,105.24678006719702,234.0829,0.0,25.09325231161176,0.0,137.71399999999994,1.2601497167536024,-0.012697561541765037,0,1069,0
99260EB7-3218-433D-897E-9FA6F7362196,1899,1,0.0,2,0.3844128488678252,307,59.00737230121116,267,257,734.0,162.1621251219498,99999.0,0.05578987,443.75017293696595,0.5766192733017377,227.77739999999997,42.48329142280329,-0.05334653111172163,1,1069,0
83636987-57D4-4726-A764-982C4DF82A4A,1707,3,164.0,4,0.8553016988869362,475,101.56707674282367,117,243,602.0,81.26694759977102,180.4356,-150.9444,13.68980765913083,0.0,99.599052,4.17156240717344,-0.009444097199439207,0,1069,0
755EAB3D-8720-49E6-9610-D737FDFF7467,397,1,0.0,0,0.0,0,0.0,-1,223,678.0,30.98423136908498,80.31113,0.0,15.9101754312598,0.0,50.237832000000004,2.7303190267483544,-0.029428583421968253,0,448,0
AFF299B1-0349-45C4-9D74-9ABA3BCA105B,4463,7,19.666666666666668,3,0.24535066099036523,112,9.159758010306968,104,104,256.0,77.47820486967156,270.0,0.0,47.1271867783261,0.08178355366345508,144.0,33.19201117971116,-0.39200575745531296,0,1069,0
9DFB9A62-BA5C-47A6-93DD-FA0CE49F59FF,12756,1,0.0,2,0.05722797115083099,10,0.2861398557541549,566,180,77.0,21.325650662635578,82.43401,0.0,14.35853744628308,0.17168391345249295,42.272591999999996,3.923958312403002,-0.1514989569162657,0,1069,0
92318A20-6162-48D2-8FF9-E096F80EC4CA,4442,4,22.666666666666668,1,0.08217019360648356,5,0.4108509680324178,419,94,301.0,62.066474962391766,174.1286,0.0,33.134682492455674,0.0,105.26007999999999,13.342077555486327,-0.23665544384073134,0,1069,0
9F234378-BB89-424B-9F5F-F8F3CA3AA034,2554,1,0.0,0,0.0,0,0.0,-1,150,250.0,62.106466605085636,152.0,0.0,19.561519458089013,0.0,91.0,-0.9505252470609449,0.047826492068008625,0,1069,0
472BAB2C-F259-4641-8F8E-46C47F0CB1CF,1435,3,220.0,3,0.7630662020905923,680,172.9616724738676,137,49,302.0,71.36907058188868,225.0,0.0,16.597986846260028,0.0,93.843638,13.33842195206195,-0.07915352509348769,0,1069,0
83150C52-35D0-44C9-9112-C284CF0A5784,3937,3,13.0,1,0.09271018542037085,67,6.211582423164847,555,106,831.0,107.97049637877538,227.9445,0.0,22.16078253490322,0.0,132.577,12.069344287891283,0.3632422134133064,0,1069,0
34C2D473-F269-45FE-8525-7DA4878EE20B,157,1,0.0,0,0.0,0,0.0,-1,126,678.0,26.48697754989794,600.23,0.0,33.18305790993702,0.0,73.87161,22.139320805426134,0.15453505739164727,0,314,0
BAE54530-1896-49C6-897D-732E3D6A4D95,3734,2,677.0,2,0.1955008034279593,261,25.512854847348688,467,126,80.0,22.268747913593582,129.6846,0.0,4.01139356192473,0.48875200856989826,27.203384,0.9322878243693786,-0.0011446433368769756,0,1069,0
FF9ABA08-F1C2-4CDE-88E4-71135C87F91B,10102,2,521.0,1,0.036131459117006534,109,3.938329043753712,629,119,416.0,150.90417848657688,281.0807,0.0,41.820346959520855,0.0,198.1768,2.861469271602118,0.08151445012595654,0,1069,0
4C0BDC14-DD24-425C-BBFD-65BCEB0AC073,3512,2,0.0,1,0.10392938496583143,208,21.617312072892936,841,108,452.0,114.25605694709563,242.8603,0.02987746,19.57460850151359,0.0,138.25724,9.691554313706845,-0.14797756676305418,0,1069,0
F32771BC-4602-4639-A49B-CF672F1FC57A,4499,2,196.0,0,0.0,0,0.0,-1,87,804.0,187.78142185848938,397.5,-29.99943,31.77791728070607,0.0,232.5,-5.734546858489381,-0.047355383380844836,0,1069,0
75328D3F-EE47-4DFD-A2DE-AF4860737775,1451,2,1.0,2,0.5031013094417643,348,87.53962784286699,841,73,90.0,2.0630184437999572,323.1117,-33.58037,2.1043304583958693,1.2577532736044108,4.0,0.5719053987954132,0.008264834421600975,0,1069,0
E81CD061-8C64-41ED-AF9E-C14F199512D7,5477,3,23.5,2,0.13328464487858316,30,1.9992696731787474,623,7,804.0,135.9269218420447,439.765,0.0,43.49872744296618,0.0,184.10855999999998,0.718247192677552,0.027340745667485084,0,1069,0
575C9142-8228-4CC8-907A-34C0AA53DFF2,674,2,538.0,7,3.7908011869436202,960,519.8813056379822,43,45,452.0,100.26949129864829,292.0,-704.6049,49.3314662941323,0.0,145.0,30.928657005364045,0.1921908480606842,0,805,0
36C742A4-0795-4B0F-A7E1-87D9DCA1F8C9,8496,1,0.0,0,0.0,0,0.0,-1,43,251.0,71.72692798970967,361.3678,0.0,13.272285314584115,0.08592278719397364,89.60696999999999,-6.4592391802960805,0.09322420323090769,0,1069,0
1CAC6153-2470-47FA-A448-30C82F04D4C4,1193,3,95.5,0,0.0,0,0.0,-1,33,452.0,104.60668966245355,238.2195,0.0,29.219898732507797,0.0,144.8507,-13.881129234984414,0.08202785008200132,0,1069,0
976E238F-CDA8-440B-BC0F-90D22D4ECBA1,10174,3,101.5,1,0.0358757617456261,7,0.25113033221938275,907,18,156.0,26.826186519825015,239.01,0.0,6.461172024375709,0.17937880872813053,35.324999999999996,-0.5254077135055688,-0.013682546308194635,0,1069,0
3DEE382B-B84C-4B12-88B7-0C7584E1BD7A,12756,4,240.33333333333334,2,0.05722797115083099,411,11.760348071495768,361,16,538.0,83.3810248079973,164.428,0.0,25.493408344302914,0.0,115.01993999999999,-6.7531148820713724,-0.37266937533220595,0,1069,0
E345B333-A917-4E07-B06F-69340FD89087,2369,0,0.0,1,0.15407344871253692,366,56.39088222878852,841,0,416.0,60.06763963949794,114.4351,-29.88103,15.942515662964446,0.0,80.26727199999999,-10.334306218525718,-0.017790248583390112,0,1069,0
FB16BEB4-78CA-4B11-85AA-16C4F7B384FD,5146,0,0.0,0,0.0,0,0.0,-1,0,753.0,195.82741379100614,498.7553,-8.3,57.685121836625974,0.0,271.25517999999994,-19.495169341160477,1.1162612429499663,0,1069,0
21E6288E-F54E-4B81-A4F3-0B50E6D52145,12756,3,76.5,1,0.028613985575415495,239556,6854.651928504234,316,640,678.0,109.62240016678916,544.0449,0.0,76.1720731845917,0.0,210.8643,93.42303003614293,-1.3844519061312135,0,1069,0
442DE724-EAD0-4E68-B96E-5F5071214095,4070,1,0.0,1,0.08968058968058969,304,27.262899262899264,841,781,504.0,16.22220299650029,202.6,0.0,31.54293918947432,0.0,65.9,-16.22220299650029,0.0,0,1069,0
B8A60FBD-CDC6-4EAB-88E6-E4A10168F69E,1346,1,0.0,0,0.0,0,0.0,-1,774,887.0,92.51362328497727,209.3543,-18.56,26.94681772847413,0.0,130.10768000000002,8.823299103911623,0.22478397541868636,0,1069,0
E554C17B-1BE0-4A75-A4EC-344359693CE6,8222,1,0.0,4,0.1775723668207249,83,3.684626611530041,669,749,489.0,106.8734173915966,348.2184,0.0,43.158984905203305,0.0,164.82,-11.718038077090426,-0.33593698564968427,0,1069,0
D930D9DF-F1CB-48D3-B922-F791DC37BDC9,732,2,85.0,1,0.4986338797814207,12,5.9836065573770485,341,640,542.4,158.2498795848274,322.3049,0.0,75.98235201709294,0.0,250.28102,-28.848892905043442,0.09311276923122166,0,805,0
E8C1B437-90CA-425C-AE12-9D21EF47DB8E,12756,3,21.0,1,0.028613985575415495,126,3.6053621825023523,841,724,269.0,106.59470633779361,218.28,-35.37552,27.479518440224993,0.0,146.4,-16.99681765569484,-0.13297470291151373,0,1069,0
D3FB5DCE-F33B-4FD3-91AF-CEA0446341CF,12756,2,334.0,8,0.22891188460332396,719,20.57345562872374,364,382,138.0,27.73789969858255,193.259,0.0,5.969428638172305,0.14306992787707745,35.2,-0.2988873544467481,0.12776433304635101,0,1069,0
90A13DCB-D4A2-4B76-BAA5-79CC692D6B82,6594,1,0.0,2,0.11070670306339096,387,21.421747042766153,248,676,138.0,15.554609236430814,62.94376,0.0,3.2361548115929684,0.0,19.77043,1.8469168578593091,-0.009187910092942442,0,1069,0
5CD63272-9719-4D60-84D8-2041F64F5A46,2829,3,182.0,1,0.12902085542594557,66,8.515376458112408,913,283,301.0,74.95032023831857,151.326,0.0,27.575726159333513,0.0,109.3545,2.6105783537338993,0.15449877643112103,0,1069,0
E22D3F3A-FA23-47A2-8C2F-C52A5BAF8653,12756,1,0.0,2,0.05722797115083099,20,0.5722797115083098,255,626,188.0,33.094537265590304,138.4107,0.0,10.10945786755262,0.0,46.25631,-1.1736739399730212,0.049200334941871295,0,1069,0
5AAAA079-9B8F-4E03-8799-8BFD262DA47A,2164,1,0.0,0,0.0,0,0.0,-1,605,0.0,74.98875747282688,173.9432,-679.58,25.498735481939665,0.0,105.10833000000001,22.316894999395345,0.14711512689715436,0,735,0
B2E9766F-804A-44A5-ACA7-AF88F98CCCC9,1445,1,0.0,2,0.5051903114186851,432,109.12110726643598,467,543,301.0,38.99589800495034,419.0932,-56.45736,22.619918692807534,1.2629757785467128,68.626838,8.696419147827449,-0.018571649792201623,0,1069,0
30CB4D98-4210-4B66-AAF8-8AD83F64C821,3542,1,0.0,1,0.10304912478825523,134,13.8085827216262,913,486,831.0,205.82077606302468,715.0,0.0,132.51343925890373,0.0,381.2,-1.83647050746913,-2.0171048208972326,0,1069,0
90390E04-CE6D-4CFB-9991-61729D467616,4208,1,0.0,6,0.5204372623574144,364,31.57319391634981,244,486,452.0,198.17392988869878,538.0,0.0,40.715403613708894,0.17347908745247148,252.0,13.221131839696284,0.060170665788438035,0,1069,0
2504F7E4-B16E-4820-A3C8-990EA331CE7D,2376,1,0.0,1,0.15361952861952863,2,0.30723905723905726,141,481,452.0,110.04427719268574,283.0,-17.1,42.86514523965642,0.0,165.0,-4.682162995154883,0.11340294640846921,0,1069,0
1571A9B6-264E-4927-A936-09BC7C62B46C,4087,2,432.0,1,0.0893075605578664,196,17.504281869341817,476,46,624.0,141.80704431245,497.7,0.0,82.02457476093547,0.0,254.3,-7.735763448252442,-0.20924443118277575,0,1069,0
542358FF-AC42-4DFB-8750-AB5B18AD23A6,6183,1,0.0,0,0.0,0,0.0,-1,478,380.0,78.28200771497525,184.1,0.0,20.733945970848286,0.0,106.4,-9.170341048308572,0.08052278973621077,0,1069,0
55FC5510-5348-4FD2-B755-C17BB5DDE25F,12756,2,115.0,5,0.14306992787707745,126,3.6053621825023523,218,463,84.0,25.04391373278604,120.2,-164.3568,14.666614354960112,0.05722797115083099,38.9,12.09268348943618,0.008602222267916772,0,1069,0
00B6496F-EAFA-4096-B929-2089B745186C,605,2,264.0,2,1.2066115702479339,29,17.49586776859504,42,193,151.0,29.797583808378224,107.0,0.0,20.360758518455167,0.0,56.0,6.001335944708199,-0.1447645571241473,0,665,0
FD7E9A32-A7EB-4B3A-B2CB-B5EB87374171,1555,1,0.0,1,0.2347266881028939,39,9.154340836012862,748,419,1247.0,120.61130734207156,478.5198,0.009231586,55.19775058290735,0.0,194.28897999999998,-8.646663849103987,-0.6355400330210373,0,1069,0
9C75526F-F996-4B7C-B82F-8AB30EBC0F6F,12756,2,364.0,1,0.028613985575415495,26,0.7439636249608028,263,52,375.0,70.99293007449569,273.6572,-234.05,34.16763373061304,0.0,114.7461,13.829293286924056,-0.07665077957906831,0,1069,0
6FEFA82C-5808-4D65-B94C-14C208CA49EE,12756,1,0.0,2,0.05722797115083099,250,7.153496393853874,445,415,1370.0,435.6247108601612,871.06,0.0,120.59500176769627,0.0,607.2539999999999,-8.59659743423532,1.8615076421182641,0,1069,0
A80E1052-90E2-4B3A-804C-17865D1BA07E,519,2,1.0,0,0.0,0,0.0,-1,412,678.0,83.76619195258644,300.0,0.0,69.34757613328803,0.0,114.36090000000002,7.768125214080229,-0.2341220594781791,0,685,0
56C99268-1D8D-4C94-A10D-F12C55F78A8C,572,1,0.0,3,1.9143356643356644,7958,5078.0944055944055,396,401,301.0,28.022444954547222,1391.821,0.0,28.220741467421938,3.1905594405594404,65.39917,27.49454899938797,-0.1881442484017278,0,896,0
8525D1B3-BF24-4075-AC3E-8D9DDC54BF57,6040,2,0.0,1,0.060430463576158944,20,1.2086092715231789,74,388,1386.0,332.9931009557852,1002.0,0.0,136.3923433773743,0.0,513.0,-10.870184289118583,-0.9434484367072148,0,1069,0
1FACDCB4-5269-425C-BB15-58C8C0541010,5253,2,199.0,0,0.0,0,0.0,-1,166,148.0,49.248764127465634,93.78883,0.0138089,9.407429819451098,0.0,60.80448,-1.126353705397726,-0.06868836065099874,0,1069,0
75360B96-86FA-4D7B-BFB7-431A3C4D9D0D,535,1,0.0,0,0.0,0,0.0,-1,354,603.0,95.64092373646608,506.0982,-0.6175378,106.02930960570042,0.0,263.675,77.13054570033947,1.0421311711833918,0,805,0
11922B9E-E038-4CE8-ABE1-37C22C1B28DF,4853,2,0.0,0,0.0,0,0.0,-1,283,497.0,73.17982527467524,201.0,0.0,36.92615402828644,0.0,126.0,-11.637927126527089,0.33583175563508066,0,1069,0
218C0101-E229-4D72-80D3-15A4C3F9552B,1561,2,0.0,1,0.2338244714926329,10,2.3382447149263292,959,278,452.0,108.26841117475853,261.7181,-30.61999,44.86837251475716,0.0,164.844,-16.581041205622725,0.12849078974442127,0,1069,0
A48A293C-6D20-4654-AC4F-CB3318781CF8,2747,1,0.0,0,0.0,0,0.0,-1,252,151.0,35.57087888370943,233.75,0.0,6.654369398827399,0.6643611212231526,44.0,-2.3464961676600495,0.03393720303829607,0,1069,0
F9BCC417-ED7C-4E4C-AC1A-C1735F2A828E,6242,3,69.0,4,0.2338993912207626,322,18.82890099327139,427,108,158.0,27.27499398283971,81.0,0.0,14.639677145113474,0.0,48.0,8.493678856666463,-0.0890841576235209,0,1069,0
AE68AC8E-69DC-4AD3-8551-EBB9F9D71F93,12756,1,0.0,6,0.17168391345249295,397,11.35975227343995,237,231,200.0,29.022399790422963,116.8477,0.03515625,11.29499867344043,0.0,43.58203,-3.6671528832470344,-0.018702017800176298,0,1069,0
1B81C6A7-3250-408D-B086-33D52FB8FBA9,2653,2,0.0,1,0.1375800980022616,273,37.559366754617415,841,220,301.0,105.80873842377072,226.605,0.0,19.665435524778413,0.0,133.03722,14.200107882556452,0.13640543183932652,0,1069,0
CA7373A4-A59E-4483-870E-E081AA484ECB,398,1,0.0,0,0.0,0,0.0,-1,218,887.0,80.7653679981979,236.6321,0.0,49.5648963121779,0.0,148.42164,-4.784057231994197,0.40929722938514584,0,448,0
2585C2EA-7C0D-4139-B72C-17F06D171433,2675,1,0.0,1,0.13644859813084112,454,61.94766355140187,841,202,1039.0,176.31896677244856,534.4375,0.1717913,113.49950841180197,0.0,336.8175,6.6064739922890965,-1.6108232230553914,0,1069,0
BB0BB08A-AC4C-4A36-88A5-19B50961CE00,2554,1,0.0,0,0.0,0,0.0,-1,199,250.0,68.79328907550398,153.0,0.0,19.38053950368562,0.0,96.0,-6.827934137232376,0.04778430578986531,0,1069,0
E7CE180B-AFE6-4AFA-9BFD-1BA15069FE42,345,2,15.0,1,1.0579710144927537,3,3.1739130434782608,12,179,451.0,38.33810213003712,131.158,0.0,33.74983763504108,0.0,81.08103100000001,34.80907829835794,0.26425083483666145,0,560,1
2736960A-0787-412A-B145-142AD19DDEBC,5826,2,0.0,0,0.0,0,0.0,-1,178,209.0,53.6386768101895,167.61,-18.3,13.327360707637835,0.0,71.86,2.595796955242598,0.01066734004650053,0,1069,0
2B419C55-B2F6-4719-A5FA-17C2C73242FB,4007,1,0.0,1,0.09109059146493637,221,20.13102071375094,841,163,416.0,67.97438320425168,246.0,0.0,43.913035512351804,0.0,126.0,7.2853390897297885,-0.7288770207839872,0,1069,0
8ED1FE13-8DE2-430D-80C1-1C4495111195,12756,2,109.0,2,0.05722797115083099,29,0.8298055816870493,30,3,313.0,37.09343966902366,167.0,0.0,14.10998406906862,0.0,55.0,-5.872297693715019,-0.0050376589702734965,0,1069,0
9A7C329D-C7F7-4E67-832D-F4A87B19C8AC,1264,1,0.0,1,0.2887658227848101,52,15.015822784810126,841,102,624.0,246.85731374227692,574.6124,-5.16,52.82877199584905,0.0,307.99057999999997,-5.484614071752219,0.18526359754553937,0,1069,0
C217F203-006F-4BDA-97DF-1589479D3ABF,2474,1,0.0,1,0.1475343573160873,41,6.048908649959579,801,80,497.0,76.21120948174362,241.4,0.0,26.57497421772434,0.0,110.0,-3.092845284212757,0.014721524833813268,0,1069,0
5EC7437A-A15B-4E3F-A4C6-D452BC4F5234,348,1,0.0,0,0.0,0,0.0,-1,53,301.0,80.11163935029109,204.708,0.0,51.55835206099986,0.0,138.0567,37.35810846915335,0.17172461784480286,0,434,0
1BE54786-C0DB-4CC4-A60E-96CC5B590B71,6769,2,21.0,0,0.0,0,0.0,-1,10,734.0,122.29096753114287,618.18,0.0,56.09261422811215,0.0,198.0,8.88889357996824,-0.19510090408980643,0,1069,0
7A839D99-FC0A-4EE0-846C-9F9063724C66,1634,0,0.0,2,0.44675642594859244,288,64.33292533659731,85,0,301.0,124.48476248017587,219.8574,0.0,20.437385225622013,0.0,149.61512,-19.457701953941296,0.4572319953640012,0,1069,0
3EFAEA8A-BCCD-489D-BCC0-821E6C29F878,23,1,0.0,0,0.0,0,0.0,-1,17,1039.0,17.055629163321758,422.0871,0.0,49.24102730961884,0.0,49.2375,5.304879718931328,1.0814770727468892,0,119,1
7B1D74D4-00DA-4932-BBF7-2D1DA8F93BE4,3951,1,0.0,1,0.09238167552518349,40,3.6952670210073397,841,774,567.0,68.15690254919436,239.8,-122.4365,30.175776924968584,0.0,108.4,30.330072759447617,0.3116069656518277,0,1069,0
908B1A97-D6B7-4453-8242-B47FA006277F,5785,1,0.0,1,0.06309420916162489,110,6.940363007778738,841,738,266.0,93.43435046192275,319.469,0.0,19.026337157935476,0.18928262748487468,120.51499999999999,0.6609590720278646,0.09487001935529644,0,1069,0
51670481-C0B0-43A4-BFC6-48F3FC483BF8,6600,1,0.0,0,0.0,0,0.0,-1,722,377.0,59.48267132417857,179.4144,-14.53967,27.527017760746766,0.0,96.62503199999999,-26.14048207942548,0.13084636825405585,0,1069,0
CB3A882A-FF9C-4B39-B3B7-338BB9DF45CA,3658,2,681.0,1,0.09978130125751776,279,27.838983050847457,890,24,1039.0,229.51224831760203,410.5554,0.0,42.40106192820172,0.0,283.5228,-7.872345670997106,0.27230379334076615,0,1069,0
64C02E7F-3A0F-493B-9E0C-DB50E342A769,3492,2,62.0,0,0.0,0,0.0,-1,626,301.0,1025.6977210117543,142608400.0,-0.56,363722.13697360037,0.20904925544100803,129.79796,-933.4555591922327,-0.12747816080178387,1,1069,0
D9479808-04FE-44E0-BD50-049346B3FE38,3041,1,0.0,1,0.12002630713581058,29,3.480762906938507,755,661,250.0,62.15408874173047,211.0,0.0,20.22577412815924,0.0,88.0,-6.704551704693429,0.08960948539595075,0,1069,0
734B1ECC-26C4-47AD-80EC-DCFF57342D09,6600,2,1.0,0,0.0,0,0.0,-1,630,377.0,60.59237631134935,205.1851,-14.82,28.142878517552976,0.0,98.81219999999999,-26.50909370000676,0.13407257979417533,0,1069,0
162459D6-0522-437D-BAFD-0B5F027A8B79,1264,2,433.0,7,2.021360759493671,457,131.96598101265823,100,101,451.0,21.42166044771576,74.90896,0.0,6.022454959364141,0.0,29.020826,-0.6950257653855125,0.08947353494468441,0,1069,0
C7E215A2-2BF2-4BD2-889F-D3F55755D736,8823,1,0.0,1,0.0413691488155956,36,1.4892893573614416,826,521,313.0,34.638735293800046,189.0,-61.58681,25.6724969878008,0.0,77.0,-13.280093318491403,0.28701611538689387,0,1069,0
300E0CEF-4D09-4BCE-BECA-E7231710793F,1826,3,20.5,0,0.0,0,0.0,-1,420,753.0,252.18653754407487,599.15,0.0,106.18168452990422,0.0,392.9885,-46.94888529870454,-1.841275104477055,0,1069,0
595403C8-1F79-45B3-9ECA-FF1E3DC7CD24,523,2,72.0,5,3.4894837476099427,210,146.55831739961758,302,350,452.0,60.809001464262614,144.7471,0.0,28.77765826608545,0.0,94.79809700000001,-0.12829593417002627,0.16790895832070665,0,602,0
B98E9270-B97C-45C2-9351-B30785B414C4,416,1,0.0,0,0.0,0,0.0,-1,398,271.0,32.11286375045893,3996.304,0.0,23.968917899227264,0.8774038461538461,55.59503400000001,10.43841663380033,0.0055942570973147076,0,482,0
8A85296D-C193-437F-A2B8-920D5EB795AC,1753,1,0.0,0,0.0,0,0.0,-1,252,99999.0,92.35749906157474,308.1649,0.0,85.70465224188867,0.0,217.7467,-11.128726795139542,-0.34968043285194556,0,1069,0
159FC4C3-805D-4FC4-9FE2-91FF028BA0C4,4762,2,1.0,0,0.0,0,0.0,-1,248,188.0,55.18916137048144,349.94,0.01,13.895416899445065,0.15329693406131875,74.14,2.5450330739629976,0.01486812500851971,0,1069,0
71795A45-8FB3-43AF-85B9-014106A6EBDC,6715,2,6.0,0,0.0,0,0.0,-1,241,920.0,186.7652667774789,621.5515,0.0,95.85288087163322,0.0,323.6389,9.91386902499022,0.8527146927145343,0,1069,0
91E99317-F64C-499F-AD57-260034B07F09,3524,2,149.0,1,0.10357548240635642,278,28.793984108967084,841,229,301.0,107.64546594920215,181.7191,-69.07047,20.30144286807954,0.0,135.7936,14.856614692001571,0.14423031103680023,0,1069,0
F9AB7870-787C-455A-A54F-6B624F62A429,397,1,0.0,0,0.0,0,0.0,-1,222,678.0,30.70500579377039,79.72689,0.0,15.780911872130885,0.0,49.810938,2.6504964996709646,-0.028959135134857525,0,448,0
0147A16F-CD50-442E-AEDF-88FCD75E7F17,4753,1,0.0,1,0.07679360403955396,101,7.75615400799495,1062,211,128.0,14.92355502806924,697.3709,0.0,7.723981986950233,0.3839680201977698,24.0,5.848667194152982,-0.01584317679825358,0,1069,0
111998E7-9D92-4538-BDCD-0CF26438B2BD,1043,3,88.0,0,0.0,0,0.0,-1,30,415.0,80.09923636214327,310.6207,0.0,47.83605636820641,0.0,147.87864,3.0306961056808035,-0.8457297085507262,0,1069,0
53349B7E-CBF8-4090-A4CB-C5DE42EDEEDD,4496,1,0.0,2,0.16236654804270464,266,21.594750889679716,608,185,326.0,61.27867933180249,769.1667,0.0,14.891896871244453,0.40591637010676157,78.74999,8.035361959092569,-0.02902736053326224,0,1069,0
2E9AD20F-FC82-4CCD-B899-1668319A610F,5854,2,1.0,2,0.12470105910488555,10,0.6235052955244278,566,181,77.0,21.26362591808849,80.53368,0.0,14.11120216550062,0.18705158865732832,41.85068999999999,3.896839076865213,-0.14931010404228753,0,1069,0
999FFCB6-B610-4C8A-98E9-7D40808E8F06,360,1,0.0,1,1.0138888888888888,108,109.5,345,180,451.0,43.19861579277148,199.8729,0.0,36.6563952336026,0.0,86.49472200000002,30.601280985006298,0.2667873731495734,0,560,1
5BF57D13-AAC5-4B0D-8BCB-F2CA28DF0CB1,2146,2,0.0,4,0.6803355079217148,418,71.0950605778192,78,87,301.2,44.2639734075163,92.33346,0.0,12.958331591513227,0.0,61.352667999999994,6.479666989271507,0.01731448239804191,0,1069,0
12D8F1DE-4A7E-4B0A-B3AC-C2F179F7F302,12756,1,0.0,2,0.05722797115083099,535,15.308482282847288,441,57,1370.0,425.2745042348514,849.27,-4.344956,117.19384672189354,0.0,592.45,-10.455941734851365,1.8567158754163986,0,1069,0
11F09D04-EA56-4B69-B391-867753EBA81D,1290,3,0.5,2,0.5658914728682171,7,1.9806201550387597,36,41,452.0,43.09543528518933,513.7,0.0,26.4708819077959,1.4147286821705427,81.06531199999998,-5.194460759572053,0.45891296041690705,0,1069,0
A693AD9B-DF6E-4CB9-ADB9-720C564849BD,3769,2,0.0,1,0.09684266383656141,322,31.183337755372776,841,14,126.0,12.692621351929064,71.8894,0.0,4.7497220793804935,0.0,19.35484,-0.4178098497685703,0.03528348956042964,0,1069,0
48E8BEE5-9E91-4DEA-9EE5-0C9076F210E8,2775,1,0.0,5,0.6576576576576577,198,26.043243243243243,399,13,453.0,108.32267217126461,248.739,0.0,20.526815358938308,0.0,133.01814,16.036329718395876,0.2954747225462301,0,1069,0
5B4324E3-C3D5-4E29-A3DB-4F517115E5BF,12756,1,0.0,0,0.0,0,0.0,-1,815,434.0,16.2248635022605,40.40527,0.0,8.18759205337604,0.0,26.85547,3.1535442373999913,0.03775860213730762,0,1069,0
1F170920-B265-4766-B927-DAA65F95640A,7517,1,0.0,8,0.3884528402288147,472,22.918717573500068,271,804,263.0,104.96973530999757,227.0,0.0,21.220705958878412,0.0,129.4,-3.486216791479066,0.048177735705729176,0,1069,1
8D8BC86A-CDC2-4AAF-B02D-7F7A2E57C62A,4308,1,0.0,7,0.5930826369545033,260,22.02878365831012,272,796,263.0,106.13817366985903,231.8511,0.0,21.16066997669557,0.0,130.70273999999998,-3.64047281492077,0.04831851536645517,0,1069,1
C11B57EB-0777-4FED-9325-E09683E78ACE,12756,1,0.0,1,0.028613985575415495,109,3.1189244277202888,324,785,271.0,31.429865579566364,159.2473,0.0,20.676671724228864,0.0,53.2878,-21.660983628023153,0.042467646185622904,0,1069,0
9E1F64C4-AEE8-4475-B918-BD14FB11C39A,12756,1,0.0,0,0.0,0,0.0,-1,780,479.0,120.0467611661582,325.0,0.0,30.868390602629614,0.0,160.0,-0.33356672171376545,-0.06984544273881942,0,1069,0
0FD2461E-3677-456B-A2E9-02C8FD481D42,8496,1,0.0,1,0.04296139359698682,124,5.327212806026366,841,745,251.0,69.18356763522348,520.4246,0.0,13.938288280653762,0.08592278719397364,88.2,5.066964772183923,0.10844415519970671,0,1069,0
216F6E5D-E258-4CEA-A712-898B2A85FF8D,12756,1,0.0,0,0.0,0,0.0,-1,717,151.0,24.33859348520429,117.2801,0.0,7.85252968818425,0.0,35.0,-1.7236243494018204,-0.030949408477520063,0,1069,0
0FE81E09-8393-4AAA-8E75-909048EBD2B7,4153,1,0.0,0,0.0,0,0.0,-1,715,188.0,55.22487955921862,109.73,0.0,13.574917739784466,0.0,73.87399999999994,2.5320718296702722,0.01432036819812072,0,1069,0
98A6B2E8-599B-4D17-B4E7-A425AAA0622D,615,2,18.0,1,0.5934959349593496,17,10.089430894308943,3,581,301.0,67.66239535894252,255.1001,0.0,38.038086348320746,0.0,112.12064,11.822225339352244,0.14165323194826668,0,665,0
C11B0376-0E4D-4DBF-9760-495F7B34A162,759,1,0.0,2,0.9617918313570488,808,388.56389986824774,712,592,416.0,75.11251325215511,227.9,-102.0024,32.88749109003447,0.0,120.2,9.54105927870907,0.007822302021663565,0,769,0
7D6DCE0E-F19E-4098-8F2A-6011DE6DD9A0,8337,1,0.0,0,0.0,0,0.0,-1,579,377.0,116.97539775118881,301.68,-10.11829,45.85428738500205,0.0,178.08,20.204805952514903,-0.21070001783498876,0,1069,0
A7A859FB-3644-4B4C-AD52-F0FE7FCDAF51,6301,1,0.0,0,0.0,0,0.0,-1,557,269.0,94.82354052986787,2049.0,0.0,28.460081896219137,0.34756387874940486,125.40084,-5.458686431025285,-0.12319803028452285,0,1069,0
26CAD814-DEA7-4F53-9C05-9773CBB71794,9054,1,0.0,1,0.04031367351446875,25,1.0078418378617187,502,520,407.0,119.01503868429099,308.21,-281.16,47.34397862276797,0.0,181.63,21.49301301323989,-0.21681337259301198,0,1069,0
690D4FD0-C958-4078-B99D-B805ABC80E41,12756,1,0.0,0,0.0,0,0.0,-1,465,314.0,44.050913632608456,209.0,-9.84,19.377260449647743,0.0,69.0,-1.8028426449541328,0.41250114325954756,0,1069,0
9C6ABA26-3BA6-453C-89DA-225A58494EF5,528,1,0.0,3,2.0738636363636362,256,176.96969696969697,167,396,452.0,19.731036034119793,98.68127,0.0,24.948523684432242,0.0,58.56197100000001,26.05869970121972,-0.015648851817028457,0,602,0
90C243BA-1C52-45AB-926F-F3E63FF62CA0,4158,1,0.0,4,0.3511303511303512,125,10.972823472823473,695,378,200.0,26.396444820662605,71.99097,-119.6059,12.6111617584962,0.0,44.21997,0.5402816428404833,-0.20259782949424598,0,1069,0
1C1B9269-2936-4198-8FEF-0FE212124956,396,1,0.0,0,0.0,0,0.0,-1,353,226.0,19.63008027539952,101.0,0.0,14.590421507600777,0.0,35.0,-1.6110216334242118,0.02434565538496439,0,469,0
0A7E9711-8C7E-416A-869D-15FA72B625AD,8727,1,0.0,2,0.08364844734731293,7,0.29276956571559526,631,348,739.0,118.29556467289419,404.425,0.0,73.46762538049354,0.0,219.99389999999997,-59.32700008261641,0.4489858668965406,0,1069,0
5836278A-6DCF-42EB-A8D2-0BAED33170E4,766,1,0.0,0,0.0,0,0.0,-1,298,301.0,1.5476724532708466,66.71906,-44.4,9.046247477429956,0.0,0.0,2.4097131825316223,-0.050495128596128445,0,896,1
7F2D0DE9-09B2-4EE4-8837-EDF731C415C9,338,1,0.0,0,0.0,0,0.0,-1,214,99999.0,21.84347690387016,122.0,0.0,31.72231286490956,0.0,72.0,-21.84347690387016,0.0,0,357,0
6E3DB6AC-1E72-4DB6-B940-27E796AEE9EB,203,1,0.0,0,0.0,0,0.0,-1,38,887.0,79.60370998202272,600.23,0.0,70.86829876052538,0.0,172.92177999999998,63.072970449304435,-0.3851167479051391,0,322,0
13A0A4DE-FF1C-416E-B3D0-1D93EFC3779F,5818,1,0.0,0,0.0,0,0.0,-1,14,961.0,286.227870808251,594.0699,-17.97813,77.23891843971742,0.0,376.28621999999996,-42.43347070022631,-2.488124681728315,0,1069,0
3996F15A-47A7-465D-BFB8-20FCC40CC39E,1149,0,0.0,0,0.0,0,0.0,-1,0,453.0,7.131862709452469,55.69553,0.0,3.7274606769387817,0.0,11.411527999999999,-0.09675325798642032,0.02049701048362727,0,1069,0
