id_equipamento,idade_dias,num_manutencoes,intervalo_medio_manut,num_falhas_historico,taxa_falhas_ano,minutos_falha_historico,taxa_minutos_falha_ano,dias_desde_ultima_falha,dias_desde_ultima_manut,limite_potencia,utilizacao_media,utilizacao_maxima,utilizacao_minima,utilizacao_desvio,taxa_sobrecargas_ano,p90_utilizacao,delta_utilizacao,utilizacao_tendencia_90d,dias_acima_80pct_limite,dias_com_dados_util,vai_falhar
F239CDD0-6ABC-4E85-8155-849BFED176DD,12751,11,93.2,18,0.5152537055917183,1255,35.92463336208925,13,125,741.0,224.44393425819737,455.4583,0.0,76.45260309953143,0.0,281.78943999999996,42.575622786555755,0.9236168716243074,0,1064,0
140D7CE9-2398-4B37-BF23-E597E20E1234,6877,3,293.0,2,0.10615093790897194,495,26.272357132470553,836,470,487.0,119.36107221033284,519.6515,0.0,55.13293985353445,0.05307546895448597,168.6452,2.9410369392041957,-0.03978870580776664,0,1064,0
5680A0F5-83E4-4AB1-94D3-427C75B6CA33,10510,7,154.33333333333334,1,0.034728829686013325,5,0.17364414843006662,674,122,407.0,45.88688243933276,189.9586,0.0,32.01413062579788,0.0,90.58764999999995,-15.318916407804984,0.1342775146286,0,1064,0
111ADE95-8574-41F6-9BF9-2B67EF7A95C6,8426,7,170.16666666666666,2,0.08663660099691431,78,3.378827438879658,836,24,188.0,44.14976513272673,231.03,0.01036914,10.92857753957797,0.2165915024922858,59.771722,3.7105012996660207,-0.0205192773897578,0,1064,0
9ACC3111-44AF-4292-926E-4661533CEC10,12751,4,292.3333333333333,3,0.08587561759861972,155,4.436906909262019,402,166,266.0,149.58695484520317,236.9,-27.1,22.17978008489713,0.0,176.4,-0.5053190427340439,0.25258191454807455,0,1064,0
AED1F5C4-0302-4541-886C-584F8D7BAFD4,2829,3,209.5,2,0.25804171085189115,1893,244.23647932131496,70,624,452.0,69.94059977497106,258.5451,-1.656494,40.65673857557373,0.0,126.30944,-10.710818054292055,-0.019454333257934914,0,1064,0
C8D59FD5-A8B0-4A8C-A957-F1CEEABA7EFC,12751,6,166.2,2,0.057250411732413145,958,27.422947219825897,816,208,324.0,169.78770881476012,304.0137,-370.0966,32.678110896057945,0.0,209.1797,-0.8430195308094994,-0.031254762185022766,0,1064,0
63C274E2-FF8F-48BE-9430-D0099841D0CE,3517,3,215.0,1,0.10378163207278931,53,5.500426499857833,121,616,451.0,134.2672369283625,227.3683,0.04074871,19.095266868846494,0.0,158.47778,0.15818211947700433,0.21792039581005945,0,1064,0
8023F211-A03E-4A6A-9DF7-3E088F3BD1BD,1212,5,169.25,1,0.30115511551155116,23,6.926567656765676,967,359,482.0,62.91977447816309,243.8531,0.0,34.77671407865381,0.0,107.71614,-10.441552509760314,0.44564057412580355,0,1064,0
78600FF0-ABFF-4154-87B9-47180890E6B9,2952,3,24.5,2,0.247289972899729,332,41.050135501355015,29,985,490.0,84.43335905431124,196.2717,0.0,28.107555490816946,0.0,118.3296,3.712435871923333,0.08424056773758955,0,1064,0
D05B54E3-8C01-490F-B9DB-B13A9F4BB8D7,12751,4,4.666666666666667,0,0.0,0,0.0,-1,1016,200.0,42.6876369799421,357.1797,0.0,31.681595559704984,0.14312602933103288,84.0,-42.6876369799421,0.0,0,1064,0
8E4DB99F-E4AB-406B-9034-A5BF1E1665A1,9201,13,70.08333333333333,3,0.11900880339093577,653,25.904249538093683,184,185,259.0,45.48428511502088,106.5674,0.0,17.690425145928916,0.0,63.45703,13.109652354500717,-0.11931936005337006,0,1064,0
E1B50D7E-9ECA-4DF4-890D-CFA2B6C970C1,841,9,28.75,4,1.7360285374554103,189,82.02734839476814,652,796,722.0,173.72260279235593,412.7343,0.0,58.79271087483938,0.0,242.28717999999998,-10.878428283096639,-0.056141154667170394,0,1064,0
4CE784EE-65E4-4168-BDFE-8B64BD300EAA,12751,5,187.25,6,0.17175123519723945,587,16.802995843463258,160,279,489.0,126.57631867757685,379.0,-307.125,38.86105143269889,0.0,174.0,4.1776165076083345,-0.014941773790217546,0,1064,0
77BEE62F-612C-40BC-B8C7-5C4A547C2328,12751,5,156.75,1,0.028625205866206573,89,2.547643322092385,960,398,266.0,115.0674224185822,206.6,0.0,22.279496778671906,0.0,143.2,-1.3152542087056531,0.19687983312973298,0,1064,0
BAA8A8EF-F082-42DB-BCA0-CC851F318378,584,9,104.375,4,2.5,415,259.375,340,189,678.0,151.20744939133505,378.2227,0.0,57.30420072459329,0.0,225.8789,-35.5093012431869,0.08509166655223291,0,1064,0
14D77E1B-0EE7-473C-9AA3-62DDBF2A4431,12751,6,128.4,2,0.057250411732413145,90,2.5762685279585917,380,381,455.0,104.48616411811224,343.6523,0.0,60.346069969360386,0.0,186.6211,-3.847350429840631,-0.6768968229492307,0,1064,0
4F8F1F3C-CC15-4CE4-83A8-0B21806528E4,12751,6,183.8,3,0.08587561759861972,21263,608.6577523331504,462,98,706.0,232.71724991125245,538.7278,0.0,102.26218890494455,0.0,345.67941999999994,-205.56097102197776,1.6277568876763386,0,1064,0
4592F955-D4C0-425B-8D9F-27B64019C189,6382,5,73.5,0,0.0,0,0.0,-1,724,312.0,38.26020711470717,92.0,-347.9079,11.231472757613481,0.0,53.0,0.29125893467554675,0.10026403579771158,0,1064,1
4D6AA979-6948-44E5-8AE9-84055A94F4E6,9742,9,104.0,5,0.18733319646889757,381,14.274789570929993,88,211,151.0,19.03774250258988,239.0,0.0,13.313392918838998,0.03746663929377951,36.0,8.58841490481753,0.031173773168130445,0,1064,0
A47D7EBD-BF11-450F-9725-C86375E38DEA,403,4,251.66666666666666,2,1.8114143920595533,70,63.39950372208437,195,256,226.0,36.93980527884345,168.0,-112.1648,18.606550892020906,0.0,57.0,-11.908709599831106,-0.039042600138131774,0,1064,0
E0991600-E200-4AC5-B956-72C797B539C3,12751,8,138.85714285714286,5,0.14312602933103288,11198,320.5450552897812,584,31,450.0,141.56672557464688,324.84,0.0,53.62611994710421,0.0,206.02,-40.58303498822714,-0.32542127800425613,0,1064,1
4D40A75C-4A61-40B3-B59F-455C13BF30E9,3106,4,243.66666666666666,0,0.0,0,0.0,-1,274,416.0,62.50966643046396,223.3955,-0.41,36.74078907360049,0.0,112.3081,26.291844879181106,-0.11565891733551185,0,1064,0
E10035E9-3800-4DB9-874D-4EBDA6974EB4,2147,3,168.0,5,0.8500232883092688,437,74.29203539823008,421,670,451.8,57.185688782598184,235.05,0.0,22.39805139144235,0.0,88.25122800000001,16.5720481224944,-0.227006860356298,0,1064,0
8F95A664-DE6F-49FB-859A-3C27EF11F534,7092,9,58.625,2,0.10293288212069937,104,5.352509870276368,748,528,489.0,118.74546590646179,372.0,0.0,45.00580940925991,0.0,178.0,-13.547240597819808,0.0034685923729859086,0,1064,0
0D22829A-A658-4CBB-94CF-DD30D0CE3D8F,5388,5,236.5,0,0.0,0,0.0,-1,49,753.0,191.53617687442693,481.925,0.0,65.40237335010663,0.0,264.5401,15.70588779455457,-0.061762356740062814,0,1064,0
A7294F99-D0EE-49B8-90CF-85455254D4D6,12751,2,7.0,0,0.0,0,0.0,-1,993,309.0,46.07506527387636,224.6338,0.0,19.662628891399937,0.0,76.31836,-0.49388889578994366,0.01921790960242103,0,1064,0
79A2FFC8-C67F-40FC-978D-B76D38EACB5D,880,7,88.0,9,3.732954545454546,859,356.28977272727275,652,502,722.0,176.48785135921887,449.6615,0.0,62.601259669080065,0.0,247.35594,-13.560052943323768,-0.0581212222892605,0,1064,0
A1A0482E-6F36-444C-A35C-F70EF4EBBEBD,4869,5,177.0,0,0.0,0,0.0,-1,282,251.0,46.91129549455956,114.8287,0.008167955,15.706283111155201,0.0,67.005676,-5.435884149991665,0.10374171000384035,0,1064,0
EA32ACF8-6379-4AD9-BD8D-14D4F18CAFA3,4279,3,349.5,2,0.1706006076186025,70,5.9710212666510865,122,291,151.0,44.066860071761425,374.6707,0.0,10.659693148574902,0.4265015190465062,58.0,-7.060610071761424,-0.022221021799710784,0,1064,0
035C52AA-9DBB-446B-988D-E23209B52E51,12751,5,161.5,1,0.028625205866206573,112,3.2060230570151362,836,342,269.0,93.47361478762409,181.32,-38.2,24.68320001514723,0.0,122.16,-0.10886918731544881,0.16905908993328983,0,1064,0
ADEA2DFD-972E-4FDA-B7E4-6DCF28D53FAF,12751,4,230.66666666666666,14,0.40075288212689203,331,9.474943141714377,188,295,361.0,66.59908049958499,275.02,0.0,40.73721752192618,0.0,122.24399999999994,-15.339278802054118,-0.43169439699924034,0,1064,0
5A561BBF-6709-4B68-A7CB-FB2292AFBB33,12751,9,107.5,1,0.028625205866206573,117,3.349149086346169,836,124,269.0,82.555369409112,234.4922,-38.4,31.84977896742256,0.0,111.0,10.282542881011466,0.16725503865352412,0,1064,0
C59A2686-32D0-485E-8B4A-857EBDFAA744,4605,2,28.0,1,0.07926167209554831,63,4.993485342019544,702,958,302.0,50.59395167796826,207.4882,0.01532496,33.22471880520944,0.0,98.32512799999999,25.864426677510124,0.056295180477799925,0,1064,0
309A1924-4FB3-4EC0-9F38-01BA96669D63,2679,8,76.0,1,0.1362448674878686,101,13.760731616274729,1035,463,452.0,121.47135426424936,369.0,0.0,43.77768452226171,0.0,180.0,-13.125135128446885,0.0010191587437721943,0,1064,0
66E47D33-8F50-4FA8-96C8-4ECBD8B47802,6252,9,78.25,2,0.11676263595649393,150,8.757197696737045,321,355,258.0,98.07677325973323,230.4,-2.761532,17.238399327850342,0.0,119.7,-6.897961531338169,0.05816788080824423,0,1064,0
23808D82-D775-495E-B7BA-ADEA8CEB3FEC,12751,5,196.75,1,0.028625205866206573,3,0.08587561759861972,322,197,451.0,94.48097063428473,201.29,-55.23553,31.624439795444097,0.0,125.44,10.989648192875762,0.0573736583847927,0,1064,0
7AB01D09-68D9-4089-96D7-3F01B0328BCD,4886,1,0.0,0,0.0,0,0.0,-1,983,377.0,114.72000257944171,240.9536,0.0170373,25.23901775973399,0.0,147.16513999999998,-6.5452168587627,0.5370255035680317,0,1064,0
CCB3457B-F244-4A1E-803A-AC30C15C9135,2224,7,87.0,1,0.16411870503597123,333,54.65152877697842,836,453,301.0,53.195745170805125,176.3749,0.0,16.89120362706592,0.0,77.201624,-11.893806817950185,0.042415101502834375,0,1064,0
D298764B-043A-4443-8031-42DB085E61A3,12751,6,187.6,2,0.057250411732413145,215,6.1544192612344135,836,40,269.0,99.82755622134935,229.0151,0.0,24.93414777030685,0.0,135.78,-15.041843105608606,-0.1663276971186179,0,1064,0
F19B40CD-A10F-4673-8DC8-69FA5F18182E,8090,5,230.75,1,0.045117428924598274,9,0.40605686032138444,260,52,1358.0,554.7195736142792,981.24,-543.22,142.04779762297062,0.0,719.68,-41.87486528094587,0.7369469138846704,0,1064,0
C468DD2E-00CF-4027-89C2-EAAAB75DCED4,8096,7,154.33333333333334,3,0.13525197628458496,227,10.234066205533596,835,49,106.0,28.854804538628947,53.4,-0.3443916,4.316431310169598,0.0,34.2,0.35934669593895663,0.045855169591098,0,1064,0
A7B8CCE1-0118-44BA-9392-9B46CB15E59E,6634,10,95.55555555555556,0,0.0,0,0.0,-1,131,472.0,151.93728716919486,262.7563,0.0,30.70904267187694,0.0,191.1621,-6.902878236324483,-0.4865738581050695,0,1064,0
BC3612ED-EC0E-4454-A9E6-597BD5A7AF56,12751,9,121.25,0,0.0,0,0.0,-1,0,315.0,78.03530271007209,240.0,0.0,28.38406412507239,0.0,110.46,25.08322204764397,-0.1459901556080225,0,1064,1
1BFEC5F0-269D-4A77-A8FE-B324855362B3,12751,2,942.0,0,0.0,0,0.0,-1,31,314.0,84.0093122844053,199.03,-16.24106,27.792626921429555,0.0,118.18,-20.184378642429998,-1.1918263434444285,0,1064,0
5787E14C-7EE0-41B1-B1A5-59B80110213E,12751,4,307.3333333333333,5,0.14312602933103288,256,7.328052701748883,291,48,188.0,32.67062095198259,110.0,0.0,17.36948195950908,0.0,61.0,13.298283369005063,-0.034156423060963274,0,1064,0
3AA9BAE5-5478-4EAC-9B47-8ADF1CB0A257,2448,3,397.5,2,0.29820261437908496,36,5.367647058823529,98,176,250.0,50.58698051527055,163.0371,0.0,15.339311619794586,0.0,69.0,-4.449171873295235,0.026810808833238484,0,1064,0
84D93928-D366-40B9-B0CD-38CC8B66D347,10097,3,408.0,2,0.07229870258492621,90,3.2534416163216795,169,155,416.0,151.36626427155284,293.4998,0.0,39.235940389260364,0.0,196.6766,0.2777955047588989,0.13233728910899634,0,1064,0
5E86FC79-E6CD-446E-9C63-AC9E1707FBDC,5457,4,231.33333333333334,1,0.06688656771119662,47,3.1436686824262416,276,276,126.0,47.970030044030665,126.0,-2.33007,14.97404477309738,0.0,67.5,-2.6075300440306677,0.13075551165434934,0,1064,0
624B1859-E127-4462-BAA7-7CA58C3E877D,1086,8,72.85714285714286,0,0.0,0,0.0,-1,457,887.0,81.91008910164241,289.2185,-119.6904,50.693454154805785,0.0,151.19981999999996,-18.516579833123885,-0.2759534918417736,0,1064,0
346D5839-3153-4B86-9E48-E483953CA857,3967,5,205.0,1,0.09200907486765818,6,0.552054449205949,970,148,554.0,120.9766159015666,344.1686,0.0,50.50136862396446,0.0,186.55138,-23.161568069776465,0.4271643809260103,0,1064,0
35DD7336-6232-45C8-AC65-865B74AF82F7,6228,10,101.11111111111111,3,0.1758188824662813,75,4.395472061657033,413,54,215.0,56.37226575741103,121.8274,0.0,13.039794063418352,0.0,73.278382,-6.0383657268801585,0.25892408313318893,0,1064,0
C2FAE1E4-0998-46CE-BDDF-ABFF133095CF,12751,9,109.875,6,0.17175123519723945,382,10.934828640890911,651,109,462.0,117.67196260631212,422.7,0.0,59.06427399265088,0.0,184.2,-1.6427771888738363,-0.08034417992344893,0,1064,0
869E16C5-F63C-4408-BE22-07DD3864C3FD,2250,5,93.0,3,0.4866666666666667,452,73.32444444444445,417,663,1330.0,228.43655645277659,873.3069,0.0,121.46192430498527,0.0,423.72353999999996,-104.42085785401115,-0.10946967365553732,0,1064,0
80F8F1CB-814E-4E45-8D98-C829821FC6EF,12751,2,0.0,0,0.0,0,0.0,-1,961,99999.0,0.0,0.0,0.0,0.0,0.0,0.0,0.0,0.0,0,1064,0
00E09BD9-1407-4988-A183-D1FCB78D4E71,12751,9,100.25,0,0.0,0,0.0,-1,178,800.0,284.73916860666503,615.0879,0.0,71.28093776570498,0.0,380.383,7.739366339322601,0.1902821011564833,0,1064,0
5BC608D4-1CB8-4A06-97D9-A52C66D8FE89,12751,6,180.2,2,0.057250411732413145,47,1.345384675711709,413,54,208.0,64.63505893996125,134.9521,-26.27249,15.050857281569414,0.0,84.23424199999998,-6.56877494859706,0.2980134082684482,0,1064,0
B6E89437-3901-4A40-A9A0-2382B7C4A7CC,12751,2,76.0,5,0.14312602933103288,1516,43.39581209316917,577,880,99999.0,72.50802326003385,268.6962,0.0,47.8176141838627,0.0,130.4021,-72.49803591265731,0.00017493407267929492,0,1064,0
DDCA2D1C-96E4-44E8-B08C-07C0F868055F,12751,18,60.8235294117647,8,0.22900164692965258,176,5.038036232452357,42,13,200.0,55.14193071042501,559.48,0.0,32.17787277882783,0.08587561759861972,98.0,28.97350138834043,0.06272104923782383,0,1064,0
0D64E8E7-5C77-4B76-BCBB-E9DC376AFAD8,7159,3,213.5,5,0.2549238720491689,54103,2758.429249895237,41,526,798.0,170.29260592814057,632.8123,0.0,68.73585719051414,0.0,253.8281,-21.59239285638131,0.31070150862404905,0,1064,0
9F341F7C-2641-4A78-ABBA-50A9DBFE3D8D,12751,13,58.5,6,0.17175123519723945,234,6.698298172692338,42,246,241.0,52.38012176645513,536.0,0.0,31.67005313761135,0.14312602933103288,94.0,29.22034119650783,0.06821166764979512,0,1064,0
50F9C677-6882-4699-91F9-DE04F0DAF557,12751,7,149.0,1,0.028625205866206573,4,0.11450082346482629,973,71,417.0,137.8290065714183,308.3862,0.0,34.78296574619438,0.0,174.6094,8.849716377655795,0.027362633387382665,0,1064,0
0C5B0AA2-5077-4328-B167-81CC2F03E17A,6573,5,173.0,1,0.055530199300167345,141,7.829758101323596,896,256,435.0,157.28200242184954,313.2807,-35.96607,38.787744892036784,0.0,208.9074,-13.315904790676711,0.08258434397123136,0,1064,0
98CC0281-EE7B-4AC2-A169-A459241C7670,12751,8,122.28571428571429,2,0.057250411732413145,140,4.00752882126892,403,90,470.0,130.71090875861887,1333.2,0.0,64.57940773142849,0.14312602933103288,208.1909,-8.354932077291707,0.5301197594758129,0,1064,0
1276D2BF-363A-46A7-AF31-BD3C63815533,2903,3,4.0,6,0.7543920082673097,104,13.076128143300034,89,949,90.0,29.82716682830851,80.01047,-4.67,16.811957318064184,0.0,54.816706,7.05429860602791,-0.16124539173353317,0,1064,0
1365214D-F4D9-4FFC-930F-32DC34064799,12751,5,221.25,3,0.08587561759861972,185,5.295663085248216,470,60,256.0,73.46445833857143,234.965,-2.938464,38.26670849935646,0.0,125.0749,27.215934950996484,-0.1619531167803201,0,1064,1
08EB8303-7573-4051-A6DE-AD9898401BF8,12751,11,98.7,2,0.057250411732413145,1062,30.39996862991138,370,59,259.0,83.88359741600055,179.2,0.0,22.921849554367725,0.0,108.4,-2.711786385907942,0.15731391521980212,0,1064,0
A90C95E3-C878-43A0-AFEA-D5352D3E0667,2982,9,95.125,0,0.0,0,0.0,-1,215,1180.0,133.96580515969862,801.8799,0.0,54.60527693231109,0.0,193.1152,37.63143126931371,0.11353185680543389,0,1064,1
6E8DBE3C-4A05-445A-8254-7FE5F2384A53,3040,8,81.42857142857143,14,1.680921052631579,2331,279.8733552631579,441,475,831.0,210.5636707123117,789.896,-7.859729,141.1246986550488,0.0,383.65906,5.277202423367328,-1.890807986951905,0,1064,0
527230AF-BDA0-4414-803F-A9AE9A58209E,7729,13,72.41666666666667,4,0.18889895199896495,330,15.584163539914607,321,97,251.0,96.47323403799173,233.4,-13.24505,17.548684495301753,0.0,117.9,-6.582763358979378,0.061035513071946906,0,1064,1
D9386093-6D65-4863-8CA4-A73B5947FFA1,483,11,93.4,0,0.0,0,0.0,-1,17,301.0,31.075441824125686,154.6127,0.0,36.117071002053265,0.0,81.0718,36.167120600257036,0.01897217848562029,0,1064,0
53EA041F-A40B-404B-B759-96E33C44F52C,2476,3,86.0,0,0.0,0,0.0,-1,769,602.0,191.34693336228372,525.3,0.002204452,37.48086209994255,0.0,238.13678,-16.66385314854918,0.296440790613569,0,1064,0
84AA2AB3-4D86-4C5D-A887-D03D6E04E384,1078,1,0.0,1,0.3385899814471243,18,6.094619666048238,434,942,452.0,68.0644151814492,283.7075,0.0,34.306662317425726,0.0,115.74643999999999,-16.873397652668345,-0.012321405334326217,0,1064,0
85BA9BE0-A063-41CF-8A8B-6F55EA4FBDF6,989,6,115.2,2,0.7381193124368048,69,25.46511627906977,949,371,151.0,35.516418474567004,126.8,0.0,11.535377505893827,0.0,49.333905,0.403303747886703,0.08477913367976733,0,1017,0
6C0776E3-8490-41EB-8FAA-A036FA96F525,4291,3,446.5,1,0.08506175716616174,416,35.38569098112328,836,42,542.0,121.69972537823989,413.91,0.004389791,69.9738373915442,0.0,215.50365999999997,-4.996655251492911,-0.32909004923156077,0,1064,0
19C2D2FC-18E5-4CC8-AB00-42F530EF12CC,1438,2,185.0,2,0.5076495132127955,369,93.66133518776078,836,749,1040.0,193.40296862078208,524.9402,0.0,31.891641569253217,0.0,234.21182,32.14991746718087,0.14453225071775577,0,1064,0
A127858E-B72A-4E34-AB5B-6F2983E83348,2191,7,98.33333333333333,2,0.3331811958010041,160,26.65449566408033,118,341,602.0,122.67950406551337,306.2753,0.0,46.52878843331616,0.0,180.30795999999998,18.548053790968126,-0.29699579554532435,0,1064,0
6F9ECBF4-7CC7-4B22-AA2C-0468DCE1A12F,3347,8,122.42857142857143,1,0.10905288317896623,63,6.870331640274872,45,75,226.0,22.412318896697535,114.0279,0.0,13.209168023975245,0.0,39.784608,3.0810240595524654,0.0972866039282766,0,1064,0
5B009B1D-13C0-421B-8A3D-4D9D5387B8AE,12751,8,62.285714285714285,11,0.3148772645282723,4715,134.967845659164,566,493,99999.0,12.231637231429936,77.47803,0.0,14.342200660890246,0.0,31.04248,-12.231637231429936,0.0,0,1064,0
5A6C3F9F-DB74-459D-82A8-BE84B7A0B5D2,9119,3,232.0,3,0.12007895602588002,89,3.5623423621011074,141,463,314.0,34.84596672473808,115.7,0.0,17.104177393464045,0.0,58.3,-11.510688946960304,-0.20240776181790762,0,1064,0
951A6CB6-9915-45B3-B842-22E5C6FAA977,12751,2,116.0,1,0.028625205866206573,91,2.6048937338247984,972,925,803.0,211.20135270657417,1996.49,-279.99,147.62348113708157,0.11450082346482629,384.4299,-179.3448272112038,-1.9027977145087964,0,1064,0
FB912600-0A28-4998-A9DE-4B1CA9AFC007,12751,7,90.33333333333333,4,0.11450082346482629,1263,36.153635009018906,627,447,300.0,49.92158462989929,126.8921,-10.23551,18.261996013104678,0.0,75.57678,3.6983334009648985,0.022368841892866982,0,1064,0
43F3B249-81CF-4520-BC73-572928C04E1C,5938,5,79.5,1,0.061468507915122934,4,0.24587403166049174,449,603,377.0,65.45336937507044,215.7935,0.0,30.354299826886216,0.0,107.91377999999999,1.7978239741579642,0.012995263684295004,0,1064,0
CCA3F62C-3ECA-4F0D-9E13-740291ED19C3,8055,8,125.28571428571429,3,0.13594040968342644,37,1.6765983860955926,91,41,150.0,55.9841324215232,270.1449,-2.0,23.97900919326501,0.2718808193668529,87.0,-45.141616989424435,-0.4269214191967335,0,1064,1
AE11A6F6-9BAC-4F37-AF8B-E21BA0D249A7,6839,6,134.4,3,0.16011112735780084,35,1.8679631525076765,164,246,798.0,207.54836895455796,730.8465,0.0,108.1794678378245,0.0,342.1875,40.49978959821982,-0.6875775333948848,0,1064,0
091A9B8A-F32C-4375-99C0-780361B1ECE4,12751,17,60.0625,5,0.14312602933103288,4149,118.76597913889107,2,19,440.0,126.01141203053719,332.7637,0.0,46.45439151663128,0.0,185.9741,-8.975379502751707,-0.22579226235002897,0,1064,0
8D7F599A-E3D7-4794-BCCC-A88BAEA0921F,4835,6,154.8,2,0.15098241985522234,499,37.67011375387797,132,139,129.0,35.97431520727747,145.6951,0.006116094,8.610596264107201,0.37745604963805585,47.369603999999995,7.121431953216359,-0.025300078745475803,0,1064,0
04E69428-F9F6-451C-B02B-366623A29F1C,5185,4,215.66666666666666,0,0.0,0,0.0,-1,264,315.0,125.193932101381,340.9546,0.0,41.67228958436966,0.35197685631629705,168.3949,-70.1234994363347,0.08787616984059102,0,1064,0
67B5A77C-FDB1-46DC-824D-F0C43CC85E65,12751,10,86.11111111111111,4,0.11450082346482629,421,12.051211669672968,90,131,251.0,105.57589241015118,195.3,0.0,26.815264146140205,0.0,140.4,-12.18153284224995,0.12915162708693959,0,1064,0
DD6BB91B-D0E6-4032-8F4C-1D6C6471FE06,8917,4,140.0,3,0.12279914769541325,318,13.016709655713806,458,488,269.0,153.21435966001556,273.7,0.0,31.525918924709657,0.040933049231804415,192.8,-27.033364289645178,0.022419988978859377,0,1064,0
DD4C4138-5AB7-4FD7-84FA-07BC8DB4DC3B,10124,4,151.33333333333334,1,0.03605294350059265,79,2.8481825365468194,193,600,489.0,123.3023438411968,282.0,0.0,36.347402221344566,0.0,170.0,-1.4245660634190216,-0.0170210771335553,0,1064,0
BCB45581-9CC0-4607-8BB1-477B6E92CF1E,5700,3,312.0,1,0.06403508771929825,27,1.7289473684210526,911,283,131.0,28.415576960557363,76.5,-15.0,17.364609839697607,0.0,49.5,-0.1490260122548932,0.015174455477445498,0,1064,0
B510BBF6-3B68-453D-B89A-D6DF249A471F,4437,3,397.0,0,0.0,0,0.0,-1,111,301.0,62.7282829942677,182.7204,0.0,33.379838564997584,0.0,106.22321999999998,14.418372156040945,-0.27081646802693565,0,1064,0
E9FC4B54-6AD5-434E-B3DF-E388AE5CE9E1,5667,2,0.0,1,0.06440797600141168,23,1.4813834480324688,911,904,131.0,28.02824685203945,116.1409,0.0,17.306653860616095,0.0,49.5,-0.1496588697863679,0.014474266161664877,0,1064,0
AE6D1D2D-2D77-4C15-8E56-6C675A7A76FB,1636,1,0.0,1,0.22310513447432764,152,33.9119804400978,836,904,250.0,39.89448285124211,236.3501,0.0,8.928025061417346,0.0,49.54419,0.9969328138813509,0.013913981862148851,0,1064,0
7A814E4E-113F-4241-9E4E-A11CCB4B81A7,5920,2,14.0,12,0.7398648648648648,1509,93.03800675675676,123,889,264.0,111.60734912128203,833.48,0.0,24.53169484791413,0.30827702702702703,142.492,-1.1610907879486945,-0.1530908761027893,0,1064,0
86F0B828-D353-4298-8E94-24D33B57D303,4210,3,325.5,0,0.0,0,0.0,-1,250,452.0,145.15638534282743,454.099,0.0,23.377203501946376,0.17339667458432304,167.6239,20.201291459641737,-0.4346046950208273,0,1064,0
7A6F5E69-5A04-4CBF-91B9-93597B53F05B,4291,2,2.0,0,0.0,0,0.0,-1,901,151.0,24.103431802466552,331.7688,-11.9,5.370232137814274,0.34024702866464696,31.0,2.793867580249497,0.061122715195724056,0,1064,0
B5BA0E46-F802-497F-8FB4-5A3B2AD78CAB,4254,12,80.72727272727273,6,0.5148095909732017,777,66.66784203102962,369,14,301.0,29.730288065968878,100.1875,0.0,14.767698173039813,0.0,49.261812,-6.175558185683382,-0.07431210409389494,0,1064,0
87590A23-C0F5-4AC5-AD1B-19AA71EF7F7B,1202,3,65.5,1,0.3036605657237937,6,1.821963394342762,1013,859,452.0,54.800908164998994,125.3336,-9.038255,18.6894013434238,0.0,81.84191399999999,4.688688140556565,0.19403506127523462,0,1064,0
4DB1A6C1-28BB-4FDE-8B25-1359372E6823,1034,2,56.0,11,3.882978723404255,5007,1767.461315280464,60,901,602.0,53.517054962753335,138.2765,0.0,23.07869626089871,0.0,84.150298,22.39452601332691,-0.037156571178844695,0,1064,0
6A3BD889-72BA-4693-9A92-8AA1074FB370,91,13,71.91666666666667,3,12.032967032967033,14,56.15384615384615,288,33,452.0,113.63732993197279,270.0,0.0,38.720511357140715,0.0,155.0,-1.7374070924666114,0.18052977505214823,0,99,0
9E3215DE-B13D-45BE-8785-E7EFD7DF04B4,6982,5,162.5,3,0.1568318533371527,50,2.613864222285878,237,244,490.0,86.68290524802214,717.6804,0.0,37.87805722729647,0.05227728444571756,135.42298,-2.051703801031394,-0.063598065549388,0,1064,0
F4E603C6-F513-47F8-BAB8-89A5EDEEA250,12751,18,51.529411764705884,10,0.28625205866206577,216,6.18304446710062,104,85,188.0,35.925473997921664,109.0,0.0,17.419577396315834,0.0,59.0,-2.580875232489568,-0.0622457962345944,0,1064,0
5892C982-419F-4265-98B7-6CD0D7C0F2CA,12751,3,197.0,3,0.08587561759861972,4855,138.97537448043292,566,500,99999.0,9.971905498777181,193.0,0.0,12.93864050135845,0.0,26.35498,-9.971905498777181,0.0,0,1064,0
4764B324-754C-4709-AB20-B507812E1F39,12751,3,192.0,5,0.14312602933103288,29949,857.2962904870207,540,552,300.0,31.070741940630164,133.1177,0.0,11.334027135603774,0.0,47.69897,-1.1397687168647295,0.02129505360169638,0,1064,0
0DA38EE8-2C8F-4957-9314-78C3CDCA156A,12751,2,120.0,3,0.08587561759861972,101,2.891145792486864,80,894,160.0,61.534536508787184,233.2578,0.0,14.024369455787483,0.14312602933103288,79.5,1.9160421949165212,-0.05759172943168006,0,1064,0
36FB2CDE-4F84-4E29-831C-169E6A129F03,3267,2,1.0,2,0.22344658708295073,96,10.725436179981635,421,894,181.0,41.41297726464149,72.63777,-6.174105,9.709797561390603,0.0,53.967348,5.188218281114679,0.02633457907539112,0,1064,0
D986131B-4B84-4DE8-8BD6-C5782EFD6B64,930,2,75.0,3,1.1774193548387097,707,277.47849462365593,239,817,415.0,19.3659704741221,42.40417,-9.861,7.548662065378478,0.0,25.23804,1.2545533460939495,-0.025128141924834712,0,1064,0
A78368AF-8EC7-4A0F-864F-E56BE0BFDACE,12751,15,68.14285714285714,6,0.17175123519723945,7560,216.4065563485217,2,6,461.0,122.58127939821253,325.9888,0.0,45.73874167446244,0.0,182.373,-9.04022557197797,-0.2885538269909943,0,1064,0
58B94B72-5A8B-4265-859F-C8A42977D4A2,12751,5,126.25,3,0.08587561759861972,422,12.079836875539174,7,382,284.0,0.0,0.0,0.0,0.0,0.0,0.0,0.0,0.0,0,1064,0
1822C8E1-4D94-4AA7-BD98-62579A5C12A1,8648,4,77.33333333333333,4,0.16882516188714153,74,3.1232654949121184,52,656,739.0,264.98416071846384,556.2332,0.0,88.26979573594572,0.0,382.95689999999996,-96.73182202070151,0.1298529450577001,0,1064,0
9E7D8206-B9AA-4402-B6B1-BD01C6880C60,12751,5,150.0,6,0.17175123519723945,347,9.932946435573681,824,285,649.0,153.71795327435999,1009.0,0.0,45.8762263970779,0.14312602933103288,213.75,23.757763456349892,-0.14082137415645155,0,1064,0
3F8CB57D-232F-4AFA-8982-21F12C598ABA,4786,4,111.66666666666667,1,0.07626410363560385,9,0.6863769327204347,551,551,128.0,8.081834860954075,99.30642,0.0,8.184786761384709,0.0,19.5,-8.081834860954075,0.0,0,1064,0
F1983F15-7F51-4D7A-A3A0-712D2EB7DF30,6920,7,142.33333333333334,1,0.05274566473988439,2975,156.91835260115607,756,25,798.0,208.93889862429523,556.7811,0.0,104.26084972833478,0.0,344.72218,10.429550459511859,-1.8804310300571385,0,1064,0
47B23687-9630-4FD3-A667-184C83CB1869,12751,11,83.0,2,0.057250411732413145,12,0.3435024703944789,660,47,300.0,27.11846934225231,81.89392,0.0,13.473228016970502,0.0,44.99817,-6.974161947962191,0.06240652220151206,0,1064,0
34BE9C23-C440-41D2-B64E-FB877B82CC26,3718,5,28.25,0,0.0,0,0.0,-1,844,151.0,39.63595814570576,937.077,0.0,14.689183706073887,0.49085529854760623,57.5,4.556171483923869,0.014389350765714595,0,1064,0
A4C9F3F6-F74C-4B75-9891-FAE0F4BB135F,12751,5,85.5,2,0.057250411732413145,49,1.402635087444122,64,534,803.0,269.29410599841833,1781.27,0.0,151.6065833029314,0.14312602933103288,508.392,153.82648141670512,0.4789147950074475,0,1064,0
DF39C2B8-B194-4461-93CF-F8717023C467,9954,14,58.69230769230769,2,0.07333735181836448,1446,53.02290536467752,195,118,479.0,59.019155986327426,230.0,0.0,19.84983211578401,0.0,86.0,-12.854186850524954,0.06742933512592346,0,1064,0
33919A4E-8F11-445E-BDDC-4A17FE681A9C,2354,3,38.0,3,0.46516567544604925,376,58.30076465590484,362,796,251.0,67.69902877583444,213.1302,0.0,25.503153273054238,0.0,101.02529999999999,1.1126908903692794,0.14775450528214348,0,1064,0
1D8017D7-E18F-40E9-8C24-00317FBD323F,12751,11,92.8,1,0.028625205866206573,750,21.46890439965493,109,113,1143.0,195.63982501750903,2998.323,0.0,95.61412068250729,0.08587561759861972,288.33683999999994,47.17272610903419,0.04485470104882239,0,1064,0
B9D48F63-C043-4173-A67E-F23A31D900DB,12751,38,18.0,6,0.17175123519723945,42,1.2022586463806761,276,185,1083.0,203.73150498858237,643.9819,0.0,100.45478931531416,0.0,338.0127,-29.2862001861904,-0.2990753267395952,0,1064,0
28DA8065-B3BF-4CA2-916A-4BF7784FDD8B,342,5,185.5,7,7.470760233918129,661,705.453216374269,263,125,226.0,46.16750157663485,113.0191,0.0,20.15177216723628,0.0,67.889106,6.8319518994454,0.03497709973848545,0,380,1
F0E862AB-F49F-485A-89DF-A6CF42B265E0,9342,3,431.5,0,0.0,0,0.0,-1,6,1245.0,567.6750331684171,1079.55,-544.53,132.37217022506755,0.0,729.684,68.21571528837296,-0.5885815235540678,0,1064,0
056D6EC5-21CC-4C5B-B7CA-3D38576A0279,9928,13,69.91666666666667,4,0.14705882352941177,414,15.220588235294118,25,127,259.0,87.13409008006168,170.64,0.0,20.956003723334383,0.0,111.2,-4.041918280678971,0.14839839019670406,0,1064,0
AEA2D23E-9BE7-4555-B4E4-220F5AABFC92,12751,7,110.83333333333333,3,0.08587561759861972,183,5.238412673515803,453,198,803.0,208.37269521865014,589.8285,0.0,62.31128872629947,0.0,286.1938,-5.5338708660266605,0.04221678982239586,0,1064,0
30AA272A-2443-466C-8986-905EB5D3F7AD,1041,2,21.0,3,1.0518731988472623,45,15.778097982708934,695,866,301.0,35.0976938401511,140.1394,0.0,13.47314914610506,0.0,48.45428,-1.6075926680831998,-0.0013010238124138572,0,1064,0
EE4D2C52-4A10-45E0-B6F5-521EAEFDAD37,1302,2,721.0,2,0.5606758832565285,55,15.418586789554533,391,143,150.0,46.20586241447777,543.739,-60.68541,15.508184754826036,0.28033794162826425,65.747398,2.7785624063555545,-0.03882497988371207,0,1064,0
25F29DF5-0E1A-4FE9-998F-5E7F27FF09E0,12751,3,29.0,1,0.028625205866206573,45,1.2881342639792959,837,805,452.0,58.25225157359989,223.8281,0.0,29.91908240446719,0.0,98.87695,-13.637857979911622,0.1220254965586251,0,1064,0
FC6B3965-A1E8-439C-BB1D-0672F06F6AD5,12751,4,124.66666666666667,0,0.0,0,0.0,-1,486,690.0,129.63909636101616,463.47,0.0,61.081573528784894,0.0,208.04,39.750233885897416,0.8541790813222156,0,1064,0
69C1837D-05FB-4DCE-9762-49EE62C325F2,12751,7,112.66666666666667,0,0.0,0,0.0,-1,184,555.0,82.43123203448206,300.6,-14.19146,49.84935645938389,0.0,150.0,-11.733916796827742,0.1828393774516598,0,1064,0
AD4CF9BC-FF28-484E-9298-0888B25E0C4F,9614,4,279.0,1,0.03796546702725192,380,14.42687747035573,836,20,193.0,23.138441001718874,139.0038,0.0,9.823593711509568,0.0,34.82521,3.8973310962749537,0.059062959469709395,0,1064,0
1303801B-9DB3-496F-8BB0-64867A2873B6,4477,1,0.0,2,0.16305561760107215,857,69.86933214205942,597,856,150.0,33.48738450815322,127.5189,-8.566734,12.74608361918898,0.0,50.0,3.061689565920858,-0.014736387208332967,0,1064,0
9FC1C01F-67B5-498C-9767-59A59BDAC33C,4477,1,0.0,1,0.08152780880053608,863,70.35849899486263,597,856,150.0,33.35401648290601,74.0,-17.0,12.694845342312027,0.0,50.0,3.0491470973408994,-0.014926568437840739,0,1064,0
4BA78034-FD46-43EE-A492-91B02B6AA81C,3596,4,83.33333333333333,1,0.10150166852057842,5,0.5075083426028921,855,603,452.0,60.70315986569242,235.6567,0.0,32.976685824942265,0.0,107.0,-8.572064186680073,-0.5424392243213193,0,1064,0
BDE9DF47-1D5C-4BB5-A915-C6CF640FB6B3,4196,2,499.0,3,0.2609628217349857,283,24.61749285033365,109,355,753.0,299.8254313646173,483.7311,0.0,56.91840767633268,0.0,374.23656,-15.770423174030896,-0.3830032605657247,0,1064,0
08B98F4E-B5D2-41BE-8170-FD13A74212B6,7668,5,76.25,1,0.047600417318727176,69,3.284428794992175,28,573,251.0,86.19609807959898,235.5157,-10.10948,34.905727196665005,0.0,127.79241999999999,3.6159186639195298,0.24597009990960625,0,1064,0
528A33E0-3710-44BB-ADBB-31CC96707FD7,1034,3,50.5,12,4.235976789168278,5373,1896.6586073500966,685,852,602.0,53.365379353816486,137.8136,-22.61637,23.034324518107713,0.0,83.951442,22.281895952510673,-0.03681466148949039,0,1064,0
71CC2757-211A-4D92-973D-6FE88DB85E16,8187,9,78.375,3,0.13374862587028216,2937,130.93990472700622,453,223,803.0,73.99903752803468,348.1875,0.0,79.67321741598164,0.0,171.594,-72.59297091051924,-0.0023493559245438586,0,1064,0
29C7EAB8-D7D7-4A3B-879E-1DD369918805,918,3,71.0,0,0.0,0,0.0,-1,754,602.0,101.46464260397235,296.8852,-941.73,57.21515049598358,0.0,170.25629999999998,33.09311291423751,-0.4760544822077164,0,1064,0
8AE501DF-C350-4C40-81DC-A2C546FC5FD2,12751,3,61.0,1,0.028625205866206573,144,4.122029644733747,836,726,269.0,38.90668732253295,513.5625,-1.84608,50.85130812420156,0.11450082346482629,113.7,-38.35177991512555,0.0006597522327854204,0,1064,0
69B1356D-9B55-4313-A586-70B6E0AF1C7B,4744,11,61.4,2,0.1538785834738617,25,1.9234822934232714,274,238,490.0,86.63210841047012,233.9625,0.0,35.94353909931899,0.0,133.2942,-3.6552438377077863,-0.054920046874124454,0,1064,0
1C735AAE-BF43-4FC0-A480-B058C93EA0BC,1965,6,160.6,8,1.4860050890585241,215,39.93638676844784,679,42,151.0,43.04890831181402,231.1351,-24.59,13.877802413731938,0.18575063613231552,58.363282,-0.36613159933881434,0.0058780067644231505,0,1064,0
556A3991-C410-4811-B60B-4FF7A80A1ACB,5155,12,57.18181818181818,3,0.21241513094083414,38,2.690591658583899,2,292,471.0,131.33192583744017,288.8838,-49.69661,50.544161025245465,0.0,196.3531,-8.638727455297413,-0.2670766278593835,0,1064,0
8E05A8A5-DD1B-4B13-92EB-C31DC70FEDE3,12751,7,137.33333333333334,4,0.11450082346482629,117,3.349149086346169,275,13,497.0,42.73007205066827,283.0,0.0,35.82076692972277,0.0,87.0,28.823168690072478,-0.34230517713672204,0,1064,0
4CE9C71E-D028-4FF1-95B3-64E7F3D0B71C,4403,5,204.75,4,0.33159209629797864,328,27.19055189643425,403,96,624.0,106.07316010737135,264.7833,0.05165524,63.60709682846187,0.0,198.5692,-68.08356913827413,0.044596809644817346,0,1064,0
6AED5992-7C51-4238-A9F6-C08E540DE9DF,6425,2,1.0,0,0.0,0,0.0,-1,835,485.0,74.39206270908849,328.2493,0.1116015,56.30639403445128,0.0,166.06518,-0.0026002907243025675,0.21040064255011498,0,1064,0
6EB5F12C-D18F-4C82-993A-D3CCA383645E,12751,6,103.2,6,0.17175123519723945,359,10.27644890596816,240,524,256.0,99.69928909670799,236.0945,0.0,26.584625892512737,0.0,131.5892,9.816390693415485,0.08047850734305445,0,1064,0
15BCC681-BAF8-4836-8374-8E8F76FAF496,12751,15,59.0,3,0.08587561759861972,79,2.2613912634303195,282,214,266.0,55.75157384475874,400.0,-2.660278,37.69087707660715,0.028625205866206573,101.9785,-55.75157384475874,0.0,0,1064,0
A349FD0E-894E-41AC-8DEF-BE606B973E11,1438,3,224.5,2,0.5076495132127955,411,104.32197496522949,462,509,301.0,39.3725277377401,163.8731,-12.16988,22.259833298218854,0.0,68.848614,8.729759136488305,-0.02590298345079476,0,1064,0
C3ECB37A-111B-4258-BA51-B70E4D7FD316,3071,7,38.833333333333336,2,0.23770758710517748,112,13.311624877889939,812,579,554.0,73.85763733031823,246.0,0.0,49.025858058154355,0.0,146.0,13.246683657336092,0.5526928335916472,0,1064,0
7D626F8A-1B14-4815-9BA8-A7E1C57ADBAC,9771,5,196.25,0,0.0,0,0.0,-1,26,151.0,8.516844627352983,34.0,0.0,3.5051668952400847,0.0,12.0,-3.838006772135498,0.0058684725080508674,0,1064,0
EB09302D-6254-41C9-99E7-3B47FB47A1A5,5527,4,3.3333333333333335,1,0.0660394427356613,4,0.2641577709426452,325,802,450.0,161.31398577123923,345.0,0.0,44.645815220317026,0.0,220.0,-43.164680215683674,-0.2894810401834155,0,1064,1
8E7EEB14-88C7-4566-AB9C-B7652DCC1FF8,1671,2,179.0,1,0.21843207660083783,6,1.310592459605027,156,810,678.0,70.63419001467908,163.0,0.0,14.314758040327137,0.0,90.0,10.601458133469066,0.0492719723056076,0,1064,0
C5C33F4D-06F6-4F27-877D-B9CEB5C8A18E,2132,5,164.25,3,0.5136022514071295,481,82.34756097560975,147,148,803.0,240.428074003477,486.68,0.0,127.32123379357537,0.0,394.6,59.80113818788098,-1.3634285845764083,0,1064,0
E25A9E4D-8B06-4CC8-BA96-6BCCD553FF0E,2052,6,99.6,3,0.533625730994152,24,4.269005847953216,104,306,661.0,148.9732639997206,421.0515,-28.4,41.57444561806951,0.0,207.49329999999998,15.365124025742375,0.10914737897152935,0,1064,0
E9EA01A7-51FB-4007-89A4-3B90EFB7F30D,1438,1,0.0,1,0.25382475660639775,351,89.09248956884562,836,804,209.0,28.02006181792879,254.5073,0.0,7.754814168433136,1.2691237830319888,38.621391999999986,8.647501186700836,0.006050198914555155,0,1064,0
CC7E70EA-3730-4F8E-A341-78672A20898A,4254,7,128.0,7,0.6006111894687353,1190,102.103902209685,304,34,301.0,30.3596426319188,148.0931,0.0,15.08931130628166,0.0,49.885208,-1.662637594418797,0.18538125223768218,0,1064,0
FE545373-09C7-4B48-83D2-0F570115D144,4146,2,1.0,0,0.0,0,0.0,-1,800,452.0,117.49107688079631,430.8,0.0,29.462101568115454,0.0,155.0,7.770034230314792,-0.06609126412509561,0,1064,0
9D35A429-C049-4FF8-9B46-54C59CEF091E,12751,3,395.5,3,0.08587561759861972,253,7.2421770841502635,462,8,80.0,21.789631344931937,80.93059,0.0,3.9653207915094666,0.028625205866206573,26.680175999999996,0.9075342446513979,-0.0018888998674610473,0,1064,0
A4988DFE-12D9-4329-AC56-03D916CB9DDD,2784,6,87.4,1,0.13110632183908047,1078,141.33261494252875,857,360,301.0,67.80093191239617,125.5963,-13.2,18.402663002266184,0.0,90.70315,-1.1209330906369104,0.1808797132881635,0,1064,0
1027E58E-BAC6-4764-A221-B5E9CD14F578,6457,13,52.166666666666664,2,0.11305559857518971,30,1.6958339786278458,2,169,472.0,115.58434330109083,335.083,0.0,49.51528314083742,0.0,186.1267,3.072126348600534,-0.2413128491218736,0,1064,0
9A16E6CC-35EA-4085-8F3B-26C879F429AF,7121,3,270.5,1,0.051256845948602726,18,0.9226232270748491,910,258,134.0,37.11569675088918,76.4,0.0,11.625537260360153,0.0,51.8,3.1092029447126777,0.032948575064384505,0,1064,0
E8041C3A-6723-4437-A50A-1372FD649736,3799,6,135.4,1,0.09607791524085285,84,8.07054488023164,663,117,452.0,107.27675478738357,289.6738,-1.440048,43.45917578131435,0.0,161.36411999999999,-16.527269777969977,0.19342282379881262,0,1064,0
300C9711-3ACB-4AEF-BB6F-34E20D5D9A0B,9748,5,76.75,1,0.037443578169881,33,1.235638079606073,28,552,251.0,99.50900530329392,272.0423,-4.266948,40.14343136549779,0.336992203528929,147.4672,6.564153071620439,0.28965116992826007,0,1064,0
4EC99980-7AE9-4198-A8EE-8F5D45187CE4,12751,8,109.28571428571429,8,0.22900164692965258,633,18.11975531330876,32,285,741.0,236.75833990725263,455.0842,0.0,53.34662783950143,0.0,284.39905999999996,32.75876249398195,0.9286729463626133,0,1064,0
2023419F-4043-4170-AEA7-05DBFA33862A,12751,4,249.0,2,0.057250411732413145,383,10.963453846757117,120,48,301.0,17.551447693470564,66.12592,0.0,8.690440501867636,0.0,26.326517999999997,-7.365802056904206,-0.36161257500574967,0,1064,0
17BC69F2-B472-4E68-B3FF-ACA5DF03A22B,3471,2,203.0,1,0.1051570152693748,18,1.8928262748487465,786,796,151.0,19.03440953681858,135.0,0.0,9.012008723811913,0.0,31.0,-1.284023734349443,0.0704765220214523,0,1064,0
A36BFD2A-F7A3-4F18-89A2-9C3BBE26BE72,12751,12,83.0,0,0.0,0,0.0,-1,138,479.0,56.51907317806374,243.0,0.0,28.218736354253778,0.0,96.0,-7.1666812027551,0.18738110100465613,0,1064,0
1CA24DE5-6DBA-4B99-A85E-2EA01B6014B3,12751,9,67.625,0,0.0,0,0.0,-1,249,693.0,161.06996549625518,312.4,0.0,39.33391845037161,0.0,206.3,1.0837459234979008,0.4201791316256238,0,1064,1
CA42DCD8-C723-4A4E-A419-075957FF3D66,3078,10,59.0,7,0.8300844704353476,141,16.72027290448343,93,257,717.0,165.12744031529775,383.7634,0.006523287,45.700879824790384,0.0,225.06127999999998,-2.4664975390631696,0.0030932586120027937,0,1064,0
DF31F146-AF53-46F7-B6EA-C3E4CD17D847,12751,4,241.66666666666666,5,0.14312602933103288,551,15.772488432279822,49,157,259.0,78.81638784270376,195.511,0.0,25.727615152756115,0.0,105.19686,43.30228661272835,0.4551435632849445,0,1064,0
2A5A656E-58E0-41C8-A030-B15FE0F53430,12751,11,63.1,5,0.14312602933103288,723,20.696023841267355,721,199,302.0,67.21306931615288,226.8677,0.0,32.99248289691763,0.0,104.718,0.8340076298347583,-0.017662430781414332,0,1064,0
02AD46F5-AA2C-477A-BAC0-9B37656EB37F,8622,5,95.0,1,0.042333565298074693,63,2.6670146137787056,908,670,98.0,25.37943086607345,60.00026,0.0,9.578537213118226,0.0,36.265106,1.6417721700993901,0.02682731441611338,0,1064,0
37B802CD-A714-4468-8211-FC89C5384BB7,12751,5,202.0,0,0.0,0,0.0,-1,83,107.0,24.377298863298382,63.75095,-7.136641,5.545583497850958,0.0,30.555536,-1.6799012116283514,0.06617816337184029,0,1064,0
038FF4AB-E23A-42A5-A516-276DEA942BB5,6669,2,115.0,2,0.10946168840905683,97,5.308891887839256,170,674,136.0,38.3134329944362,79.40333,0.0,13.941301052586649,0.0,55.79782199999999,0.9267702241209008,0.09794434393431714,0,1064,0
4D70620B-BFBC-4F9B-8011-D2C9B02C00FA,4146,2,7.0,0,0.0,0,0.0,-1,789,151.0,26.754525245276714,59.0,-44.25,7.2569520859742065,0.0,36.0,0.3952432732418032,0.021034089713841735,0,1064,0
C3FD8C18-F21C-4F8D-AFB0-AE5BFA90FF98,12751,6,192.8,3,0.08587561759861972,1416,40.53329150654851,284,61,228.0,44.23990414756188,3261.424,0.0,20.885918571204783,0.028625205866206573,70.02953,-2.8195790627625,0.061551434242472614,0,1064,0
AB54C437-ADC5-456C-A346-438A3B4BB50E,6989,3,346.0,3,0.1566747746458721,665,34.729575046501644,516,102,820.0,123.81481929846348,454.0,0.0,78.58252126667489,0.0,236.0,-41.74923287871039,-0.04096790641742754,0,1064,0
CD712F25-2578-4742-8566-6A43356A5998,5546,4,197.0,9,0.5923187883159033,1471,96.81121529029932,159,207,392.0,124.93219398333463,277.3879,-12.50327,32.511493837627334,0.0,156.15142,11.721012034412269,-0.02542333241600062,0,1064,0
FA08B10A-47AA-4772-989C-E679E91CA2EE,12751,5,41.75,2,0.057250411732413145,369,10.562700964630226,50,775,107.0,36.455845012319706,97.9,-153.4085,6.768179132694329,0.0,45.0,1.0834682592852332,0.04516495520705565,0,1064,0
5EEB6A31-85AD-48E8-B1AC-6C5B174D7321,12751,5,140.0,0,0.0,0,0.0,-1,220,693.0,170.0028728197141,328.6,-4.096977,41.020316863029876,0.0,217.6,1.206988291397039,0.44040719476098183,0,1064,0
DEA79AE6-198D-4E74-BD03-0DD4BD589EC7,12751,11,76.4,0,0.0,0,0.0,-1,10,800.0,301.8138704724161,1010.925,0.0,90.8561009337907,0.028625205866206573,412.8113,1.5846364411641503,-0.021572058713531662,0,1064,0
9DD19E83-FCEA-4D9E-9268-C0CAE7F360EF,12751,10,43.888888888888886,6,0.17175123519723945,369,10.562700964630226,788,644,739.0,110.47791170475861,454.77,0.0,60.88073505860945,0.0,185.06,57.4904694680809,0.8402269255919671,0,1064,0
C4F3FAC7-F8EF-4BBA-B4C7-B428523D59D5,2406,6,120.0,9,1.3653366583541147,189,28.67206982543641,57,384,151.0,25.883005408806884,98.2241,0.0,10.169284529317885,0.0,39.587832,1.3387894317255231,0.07242070775845057,0,1064,0
3E35053E-1B5D-4BFA-8924-2C873EB506EB,5857,9,68.625,4,0.24927437254567184,356,22.185419156564794,418,224,256.0,75.70015561063875,249.6,-1.851,45.29714302904134,0.0,140.4,34.023316873003225,-0.3403112518531195,0,1064,0
0D71D5CD-14C2-40C4-9DC2-1A42AECB1007,5854,4,82.66666666666667,0,0.0,0,0.0,-1,775,251.0,88.04820280907735,286.0,0.0,43.416359251496175,0.2494021182097711,152.0,-22.221813920188467,-0.07326636118777839,0,1064,0
A9441B94-9CE5-48A5-98C9-4C5026B2554B,6920,13,81.08333333333333,3,0.15823699421965318,15,0.7911849710982658,559,49,203.0,38.68392949342187,110.0,0.0,18.88971926793401,0.0,64.0,-3.2223554193477995,-0.06133347509755777,0,1064,0
039F4325-748B-4AD3-856B-A4107D4F9B4A,4399,3,154.0,0,0.0,0,0.0,-1,465,554.0,118.82489367936107,337.3034,0.0,52.250507491100095,0.0,185.61373999999998,-20.00842416408328,0.42691241351336573,0,1064,0
DD003CA7-B370-4F1C-A878-C9186208F1EE,9076,4,218.0,4,0.16086381665932128,155,6.2334728955487,138,120,792.0,242.67891835014083,974.68,-24.358,83.25758339884239,0.04021595416483032,347.76,9.619632575785062,-0.10077379923471978,0,1064,0
E50B28CD-CAA2-43B2-A05B-6EDC4F3DA836,1372,4,201.0,0,0.0,0,0.0,-1,169,887.0,97.25815528137929,236.667,0.0,31.457815706211875,0.0,136.32514,-4.969080959620015,-0.10049540399086974,0,1064,0
FED111EB-CCDD-4817-8961-13BF305C41EA,8402,6,189.8,1,0.04344203761009283,14,0.6081885265412996,523,90,178.0,34.19937487563445,123.4269,0.01054682,14.56957542952695,0.0,55.007514,0.08390776427450675,0.0814149096628933,0,1064,0
1D8C85DB-215C-4A9B-95F8-CFAAF8B7FF81,12751,9,50.25,5,0.14312602933103288,495,14.169476903772255,517,505,99999.0,9.8358908608397,239.63,0.0,11.421624394593348,0.0,23.9624,-9.8358908608397,0.0,0,1064,0
78AC9471-AC70-4BEB-8641-A51A07FE0B39,6354,6,147.8,5,0.28722064841045014,662,38.0280138495436,107,27,259.0,94.90866785284334,206.5869,0.0,24.58356033767212,0.0,126.4307,12.131177916446788,-0.006106563685948372,0,1064,0
637B4840-C7EB-4E4D-A7FA-BA12322AF8DC,5511,5,111.75,1,0.06623117401560516,223,14.76955180547995,836,322,811.0,427.40222837890093,629.5574,0.0,33.88485112381439,0.0,464.69773999999995,17.279854537765686,0.2788780473922719,0,1064,0
15E752D2-5816-4ABC-9A94-9413FC7C5BF9,994,7,136.33333333333334,0,0.0,0,0.0,-1,156,802.0,106.34347892377473,346.5729,0.0,69.29488239666101,0.0,187.5916,27.675347699682064,-0.9104042814272273,0,1064,0
78FE1262-E81F-4AA3-9E68-B4DF3DB9BDAD,1287,4,216.66666666666666,3,0.8508158508158508,253,71.75213675213675,449,142,452.0,103.6989704857294,196.1997,0.0,28.717519872703694,0.0,145.423,14.878432586029845,0.07419228217750284,0,1064,0
5ACB4C39-0501-4B0F-B92D-F4D32196BFA8,5909,5,243.5,3,0.18531054323912677,73,4.509223218818751,434,18,377.0,42.726187373780284,240.8213,0.0,30.554721186523818,0.0,84.0,-14.094474410817323,0.14174846688889436,0,1064,0
22610DBA-9F12-4164-BCC2-BAF02CC3C38F,7012,4,201.0,1,0.05205362236166572,207,10.775099828864803,836,152,171.0,18.805702808028396,235.1959,0.0,4.8751446010748705,0.2602681118083286,24.79924,3.094864174764812,0.018532460229123096,0,1064,0
A212072B-32B4-49B4-ABBC-CF03C659F7E3,4006,8,97.71428571428571,5,0.45556665002496255,661,60.22591113330005,124,274,1188.0,303.15335507525805,934.24,0.0,154.44339560375022,0.0,537.75,-137.10916603204817,0.20839712207253616,0,1064,0
53FACE0D-C0E1-4009-91C9-CA879B3F48F0,12751,6,73.6,1,0.028625205866206573,60,1.7175123519723945,836,405,266.0,112.23229590803689,319.9,0.0,29.95727164889957,0.028625205866206573,148.2,-29.851277389441194,0.02484069820952158,0,1064,0
063B9AB9-5AC9-4600-862E-B3FDC77392F0,12751,11,88.0,1,0.028625205866206573,189,5.410163908713042,689,36,887.0,233.8559823204167,558.0,0.0,112.00374865284441,0.0,367.0,-60.4656273821451,0.10527357058240097,0,1064,0
5976B219-558E-4D60-97C1-37CB026B0D81,5108,5,181.5,3,0.2143696162881754,426,30.440485512920908,102,26,357.0,40.50043526113185,140.0,-3.289,19.407974681846174,0.0,59.0,3.4007221462755624,-0.05948568181718552,0,1064,0
62F5BB0D-8F8B-4278-8C01-3DB60B53DEC9,12751,5,141.75,7,0.20037644106344601,2108,60.341933965963456,183,184,450.0,91.53065959923401,350.0,-10.07334,48.039173272753125,0.0,147.0,7.0725039810129005,0.379496954356428,0,1064,0
D00320B6-6D62-4359-BB2E-76E9F7739537,12751,4,181.0,5,0.14312602933103288,1744,49.92235903066427,227,204,199.0,61.2581474716843,239.6283,0.0,20.393926885487748,0.14312602933103288,87.0,2.592469812266316,0.33527836084011053,0,1064,0
A98F3C84-3F34-48AE-9052-56A5E5934AC2,12751,14,68.23076923076923,3,0.08587561759861972,26,0.7442553525213709,317,84,887.0,278.508896327619,576.0,0.0,81.27342496696657,0.0,369.4,-0.4237188584832552,1.4080935746523582,0,1064,0
A78A0D46-2591-45E4-A2FF-82E5246E3094,12751,6,156.2,0,0.0,0,0.0,-1,214,1044.0,16.34042323749894,521.246,-728.1993,72.70316637245013,0.0,0.0,176.85156373780973,5.135848900618775,0,1064,0
5E761A88-76FE-4198-8E85-039CE77EDEF9,4086,2,143.0,4,0.3573176700930005,575,51.36441507586882,239,600,452.0,207.4224200830615,435.8955,0.0,43.233618065967995,0.0,262.8326,14.182193898419968,0.32833094882521924,0,1064,0
DF88F395-7D5B-4E72-AB84-030D8C44E9C9,7604,6,18.4,0,0.0,0,0.0,-1,727,440.0,186.00938648140283,348.58,0.0,41.59921825995756,0.0,245.99,27.61610194452308,-0.41566740692746296,0,1064,0
CD471C9E-4DB6-4A0B-A7BC-EDB6084321E5,4309,9,91.25,2,0.16941285681132515,209,17.703643536783478,458,10,301.0,77.54033297341971,504.8663,0.0,18.28825945268607,0.42353214202831285,101.3671,-20.864506933666625,0.04641788711972352,0,1064,0
67283C11-F89A-4F7F-BAC7-026CCF896C40,12751,1,0.0,0,0.0,0,0.0,-1,740,188.0,29.244636521244118,78.2,-24.0,9.946891038528,0.0,42.1,-2.6398294198552286,0.01513433869713911,0,1064,0
D28C46DC-BF3E-41DE-AD8D-98E577997D49,9888,6,127.0,2,0.07382686084142395,57,2.1040655339805827,371,102,489.0,75.7893337857558,1061.0,-112.125,43.664508489221014,0.036913430420711976,132.0,23.343431822947906,0.695503270724715,0,1064,1
C82E945E-0D25-461E-915C-B4C89B4C6015,8922,9,89.125,2,0.08182021968168572,89,3.6409997758350143,20,17,739.0,166.40542619827852,409.0731,-2.6,72.25136853559313,0.0,252.48097999999993,19.226132443696798,-0.27927596228176443,0,1064,1
D7226C0C-05E0-4A38-8ACE-0DF171DE1DF7,4370,2,174.0,5,0.41762013729977115,554,46.27231121281464,336,733,452.0,165.60845689341843,351.4146,-135.7022,61.01937425355234,0.0,247.11027999999996,-60.83744697212214,0.08715290092159551,0,1064,0
1DB4A099-6EE9-476A-8F02-F2CBF243200B,9526,4,264.3333333333333,2,0.07663237455385262,133,5.096052907831199,45,8,489.0,153.2137870495239,310.0,0.0,29.5338242638907,0.0,189.0,-2.747667058281621,0.03252319295969955,0,1064,0
03043F46-6D02-4C93-8520-5A32BB0B8D14,2979,3,317.0,0,0.0,0,0.0,-1,92,1246.0,184.44337513969953,491.9,0.0,49.25552415469101,0.0,248.5,-12.60150013969951,-0.014364913592611606,0,1064,0
B8553E8A-AEDB-4CAE-AE4A-3F3CFC08026D,12751,6,111.8,1,0.028625205866206573,92,2.6335189396910046,754,194,314.0,61.5842856862758,188.0,0.0,20.49427467072926,0.0,88.0,-6.2999492665227095,0.02563936791459457,0,1064,0
580F42B9-F6B8-45AC-B957-36049DF0A63A,12751,5,150.75,3,0.08587561759861972,711,20.352521370872875,4,152,377.0,157.57672654504012,333.7983,-483.7,41.103462934355626,0.0,211.65335999999996,31.223735666751537,-0.06295820383165536,0,1064,0
1D49708A-644C-4562-9BDC-F363556740C4,907,7,85.16666666666667,17,6.841234840132304,1190,478.88643880926134,84,216,60.0,5.271419878725737,27.062,-5.72205e-05,5.846379513524256,0.0,12.468,1.605481355842164,-0.00854404270303881,0,1009,0
A307702A-865B-442F-A6F3-D9CFDD7DE0E8,942,7,66.66666666666667,1,0.3874734607218684,11,4.262208067940552,627,485,887.0,116.83024456971252,527.9236,-4.22,73.52983716500965,0.0,211.2182799999999,10.453887764315269,0.3828803945053319,0,1064,0
237A5DCE-58B2-45C6-BB33-140395E78921,7172,12,43.63636363636363,3,0.15267707752370327,58,2.95175683212493,353,299,472.0,156.43470338164266,534.313,0.0,42.61286105451039,0.2544617958728388,201.9653,-4.1742189896673665,0.16790024394858635,0,1064,0
0CA68153-851D-4968-A9DC-0C42009EFDE9,12751,11,72.2,0,0.0,0,0.0,-1,73,693.0,191.0708220404949,481.1312,0.0,87.68165975518869,0.0,310.01964000000004,-42.08773142459984,0.24240108601014518,0,1064,0
B09F4E36-28B7-431A-90DE-64AB1C2A7F8A,12751,8,47.857142857142854,1,0.028625205866206573,164,4.694533762057878,836,509,269.0,136.34182880521806,261.9,0.0,21.703150869242652,0.0,161.7,-19.601273249662498,0.3769415176998478,0,1064,0
09531D9B-5C40-4E4C-9FF9-8F254CE91CDE,12751,11,82.5,2,0.057250411732413145,434,12.423339345933654,110,5,800.0,321.5586949076056,790.2831,-3.236415,81.07773127880036,0.0,415.192,10.871381828505491,0.6556716805626939,0,1064,0
730975BB-1E09-4FC7-A169-C4AD051BA7C3,3372,5,139.0,7,0.7577105575326215,454,49.1429418742586,450,363,416.0,77.83331137274376,265.6706,0.0,40.30834483118347,0.0,132.63786,-13.40699685823759,-0.40974868404772086,0,1064,0
8D49D287-FE99-40A8-B5DA-B98817B8B295,12751,7,134.66666666666666,1,0.028625205866206573,98,2.805270174888244,32,33,271.0,77.06210032554068,162.4763,0.0,15.15967303239284,0.0,92.36037,6.4236810643513,0.02291260329108292,0,1064,0
3820730B-D446-4C90-947C-92FE4D813F7A,12751,7,115.16666666666667,3,0.08587561759861972,278,7.957807230805428,32,56,271.0,78.54519098103093,172.9087,0.0,13.85044022910739,0.0,92.97354,5.394373349509209,0.042013174432647085,0,1064,0
2FB42A0F-3126-4CA4-850B-AFED58E6F1BD,4531,3,349.5,4,0.3222246744647981,658,53.00595894945928,239,18,901.0,150.11366646342975,491.0889,-67.0,64.76131811322325,0.0,229.248,19.506791920057907,0.2989730524748928,0,1064,0
322348D6-CAA9-48CF-801B-69047E083E89,1048,3,132.0,1,0.34828244274809156,4,1.3931297709923662,149,717,452.0,82.34857482685106,293.8461,0.0,44.81790829261787,0.0,144.60943999999995,9.339763758025484,0.16773877026076128,0,1064,0
9DED6C01-5F39-4D14-ACAD-AAB508EEB6BA,4366,3,118.0,2,0.16720109940448924,169530,14172.80119102153,41,716,887.0,147.89008737221172,356.5359,0.0,72.19505890784912,0.0,233.32858,-4.439464135329018,0.2869098164546964,0,1064,0
BAC94273-4572-4578-8CA3-1DBFB8291294,12751,18,38.23529411764706,4,0.11450082346482629,184,5.267037879382009,420,398,269.0,73.81736371807172,514.576,-74.02341,21.01648212344443,0.14312602933103288,100.28792,0.47453269165050926,0.19135784895991295,0,1064,0
1B963941-733C-4279-AA9A-F207BD0D1F18,12751,20,42.73684210526316,3,0.08587561759861972,47,1.345384675711709,411,110,452.0,101.9565763861673,772.1361,0.0,44.31964820735082,0.028625205866206573,152.948,0.27080097340061116,-0.026276463169993203,0,1064,0
1A17FB4A-5F58-4C7D-BF39-6C6911CEFE88,4391,8,92.85714285714286,1,0.08312457299020724,60,4.9874743794124345,66,60,800.0,310.12854758698296,645.9803,0.0,84.13426809486504,0.0,416.9873,-3.7424509052700046,0.03562350514294561,0,1064,0
6BCF5FA9-D936-49A4-956D-17D01F084F47,5563,5,177.0,0,0.0,0,0.0,-1,2,511.0,165.6832733366277,436.402,-184.722,36.59608370293809,0.0,211.75155999999998,1.522818888920142,0.3204873111141366,0,1064,0
1774AC61-DAD0-4225-B1C7-8C3D76A609E5,1926,2,1.0,2,0.37902388369678086,220,41.692627206645895,732,712,602.0,49.94649430154502,179.693,-2.464044,11.111679638192141,0.0,61.023046,0.3638628728376929,-0.09749651828534678,0,1064,0
1C3CBB2F-4D26-49E4-B33F-736EB1D4587E,12751,11,86.4,0,0.0,0,0.0,-1,8,578.0,72.89716215454848,181.8956,0.0,28.332899499460787,0.0,107.3974,2.6635776093404075,-0.3001248956342143,0,1064,0
531FCD46-83A5-4F94-B5DF-71B7B1C992D4,6740,7,76.33333333333333,3,0.16246290801186944,37,2.0037091988130564,24,490,223.0,32.23258067253198,145.3582,0.0,16.857419278841736,0.0,54.370062,-11.860959473797415,-0.039733872428338694,0,1064,0
3155C5B4-C6ED-4649-9E4C-8FF87F25F000,10126,6,122.0,1,0.0360458226348015,291,10.489334386727236,902,89,1270.0,312.22523779889156,691.16,0.0,108.04204750548533,0.0,444.08399999999995,33.85560479370099,-0.8831774864756143,0,1064,0
F62BD0CA-53E7-4460-BB66-910DBE0F2DDE,3812,1,0.0,0,0.0,0,0.0,-1,695,630.0,168.70939238074075,310.0,0.0,33.164719199956004,0.0,212.0,-8.842802874567923,0.21511189081399398,0,1064,0
E2C1F887-0A50-491D-B7A1-BEDC33CE0F2B,3364,5,201.75,1,0.10850178359096314,359,38.952140309155766,836,152,301.0,67.67244802057226,246.8191,0.0,43.82978189259135,0.0,137.79668,7.6818194391499475,0.15221494823142565,0,1064,0
9224BD01-549B-44D0-A062-5E612F54A67D,12751,5,0.0,5,0.14312602933103288,762,21.812406870049408,430,683,100.0,14.246605021430392,77.39868,0.0,11.929411119397283,0.0,28.39966,9.922378692149854,0.0706613491473373,0,1064,0
7084F0EA-F33F-446D-BA3E-7209E8CA9A41,12751,4,46.0,3,0.08587561759861972,228,6.526546937495099,13,685,314.0,50.13069140627553,173.0,-46.0,26.023754241586325,0.0,85.0,-15.447203751954547,0.2672664206371855,0,1064,0
5859D661-EAE9-4855-8537-DF33D4EC934C,2447,3,116.0,1,0.1491622394769105,434,64.73641193297917,836,684,301.0,30.65490220416125,146.5724,0.0,21.070100878083835,0.0,61.021169999999984,7.4449076209159095,-0.05483420261530304,0,1064,0
53BA14D9-3C5C-4616-AB93-017E1C32B497,5303,2,292.0,2,0.1376579294738827,346,23.814821798981708,90,391,274.0,111.708931649552,206.25,0.0,28.10246688427551,0.0,148.75,-13.521143316218655,0.1396199323246588,0,1064,0
0FEAB975-926F-4BBC-98D3-89BE8924FB20,12751,4,207.33333333333334,12,0.3435024703944789,737,21.096776723394246,104,133,376.0,132.5899832209201,430.916,0.02126971,44.30493088519387,0.08587561759861972,194.38322,-8.901263820457118,0.007382562093163998,0,1064,0
7D8B619B-1A1F-4C8B-B1DB-74F8055D6D1A,3666,2,356.0,2,0.19912711402073105,17,1.6925804691762139,166,320,150.0,20.871397486389508,539.1084,0.0,8.39631112659639,0.4978177850518276,31.0,-2.4132956345376577,0.0004881146734904038,0,1064,1
5A4968D3-4F8F-4884-B729-C3F532CB9B58,4329,4,172.66666666666666,4,0.3372603372603373,380,32.039732039732044,282,397,301.0,14.83363544418484,40.37077,0.02820016,3.291909306256681,0.0,18.63008,-0.8029815534440985,0.005969766200089227,0,1064,0
7E1FF200-9640-48B3-9D6A-480E4A296740,4896,6,22.2,3,0.22365196078431374,264,19.681372549019606,394,558,251.0,96.91242651157464,152.9352,0.0,13.69753150437929,0.0,113.32448,0.27029154166609715,0.1312847010301038,0,1064,0
DBC62C1B-1683-4972-ABF7-FAD2EBCF66FF,12751,15,56.92857142857143,4,0.11450082346482629,60,1.7175123519723945,733,148,461.0,131.24378064891476,319.4197,0.0,71.63118376292107,0.0,197.852,22.721804631177832,0.15627975457345913,0,1064,0
90294E09-1B40-4D4B-B3A1-2C9C8ABAD9B4,1034,5,88.5,9,3.1769825918762087,2696,951.6827852998065,820,601,416.0,40.61477095575366,101.192,-22.17479,10.508490107659492,0.0,50.528292,9.704227399184603,0.19043774392239207,0,1064,0
C33CE1CE-EF0C-4763-853D-5ADE9D22023B,4272,3,223.0,1,0.08544007490636704,236,20.163857677902623,410,217,602.0,177.7149723856425,286.2,0.0,34.81486212538386,0.0,216.1,-4.807649854778333,-0.24525351209357424,0,1064,1
D3CE6410-E249-437E-87CD-BAB7A359B7FB,4278,2,35.0,0,0.0,0,0.0,-1,627,452.0,112.60892612233427,291.0,0.0,43.396957616210315,0.0,171.0,19.21838869248056,-0.16455392298102559,0,1064,0
96C29E72-3A47-42C9-ADA7-07FF12C18ECF,8414,4,76.66666666666667,1,0.04338008081768481,36,1.5616829094366533,840,510,126.0,40.83449842189573,81.0,0.0,12.074691941435145,0.0,56.0,2.3022839855116786,0.11509541072739685,0,1064,0
C04FEE63-ADE6-4FDF-A858-A00078197C51,1650,6,105.8,0,0.0,0,0.0,-1,426,678.0,49.496296483167434,539.4024,-37.2,27.57908799706414,0.0,85.0,-7.109336606624225,0.16536695202422103,0,1064,0
335C0ACD-5064-49CF-874F-A665F861F7AE,12751,5,116.75,3,0.08587561759861972,57,1.6316367343737748,102,490,225.999,28.754573235174018,799.9007,-4.882813e-05,28.16962884540439,0.057250411732413145,62.68485,20.558030104183064,-0.14561491954211686,0,1064,1
2AD2958A-9832-4E44-8829-835B86560F81,8305,11,101.3,1,0.04394942805538832,272,11.954244431065623,836,13,901.0,194.44941363133714,386.5273,-13.38,46.42229320578091,0.0,250.1044,-8.588922526398875,-0.01816711226369746,0,1064,0
0F8EA3F7-DE6F-424F-9B2C-73F34BCA6330,4796,6,95.2,1,0.07610508757297747,65,4.946830692243536,330,177,473.0,100.61499669330894,366.7786,0.06575783,53.09265769382036,0.0,174.22387999999998,-58.29202708451264,0.22499622031237682,0,1064,0
51292C18-31ED-4D63-B6FF-52F12960B6B0,2765,7,48.666666666666664,3,0.3960216998191682,522,68.90777576853526,1,361,1247.0,319.53477989039067,787.2072,0.0,188.2223049876151,0.0,582.0067799999999,-38.339074086995595,-2.054870330749697,0,1064,0
77654BD6-E4C2-41AB-9495-B1ECCFD1C628,12751,11,63.4,0,0.0,0,0.0,-1,73,99.9995,7.793735437838138,79.30042,0.0,13.323658549988934,0.0,28.60829,9.924533199399516,-0.01705141009368535,0,1064,0
BAAF667E-703D-4EB8-9EF0-B8B82B90AF23,8370,4,263.0,3,0.13082437275985664,1394,60.78972520908005,235,39,251.0,73.41986828707184,177.4,-16.266,22.762706049286198,0.0,101.5,-26.37057044756567,-1.3296896793386486,0,1064,0
5C0A84A2-ACFF-44F6-BD8A-DDA8476E0243,12751,10,67.55555555555556,2,0.057250411732413145,52,1.4885107050427417,427,429,269.0,79.38517098941878,1013.519,0.0,22.31236586966298,0.028625205866206573,107.81058,0.1921502436059086,0.20848192019355455,0,1064,0
5DA4F020-A8EF-4993-9B53-FD9AD31CC80A,12751,3,186.0,4,0.11450082346482629,2132,61.028938906752416,429,642,267.0,80.30591125111924,203.88,0.0,31.322480419922385,0.0,124.27,7.113727637769642,0.1246078596808142,0,1064,0
312981FC-E0DB-4FC9-A22D-3FBF3758377C,10206,12,47.27272727272727,2,0.07152655300803448,107,3.826670585929845,232,114,235.999,56.26468696279909,129.5776,-28.72266,14.094396919386693,0.0,72.81494,-14.748573681934893,0.014682505029158433,0,1064,0
494789BE-7AEF-49FA-A3F8-C72011A46C07,4727,6,93.0,0,0.0,0,0.0,-1,168,693.0,108.09241656107237,211.3531,0.0,20.997299598717806,0.0,131.99368,9.89377169741529,0.4496340658739491,0,1064,0
578C8533-3CBE-4331-9D4F-38BD6E87928C,3436,2,607.0,2,0.21245634458672877,184,19.545983701979047,364,28,452.0,115.11000188424516,302.2222,0.0,81.92533603382572,0.0,229.76214,11.40084014360977,-1.0961996927009705,0,1064,0
C77DC20A-45BB-45CF-91B7-EB9F38FCAB26,3005,8,72.0,2,0.24292845257903492,587,71.29950083194674,641,425,415.0,77.36314494636717,341.644,0.0,40.37805575141645,0.0,132.04437999999996,-13.422609741737546,-0.4073901942463962,0,1064,0
9AB321E0-E4A3-48F6-BB81-9B07AB1BDF9F,4200,2,277.0,3,0.26071428571428573,202,17.554761904761904,364,635,452.0,115.24904963387687,302.0185,0.0,81.69232408493512,0.0,229.65578,11.70267976187931,-1.0895672284833942,0,1064,0
6182B77A-39DC-4FFA-B4DE-4C269400AF62,5598,3,217.0,1,0.06520185780635941,7,0.4564130046445159,779,236,314.0,53.309869376937,195.0,0.0,19.01178027452897,0.0,78.0,1.2165966724457178,0.032901238378711214,0,1064,0
2FFCC62F-4FEF-4B9C-ACB6-A1EFCDD68B58,12751,16,37.266666666666666,2,0.057250411732413145,63,1.8033879695710142,297,75,235.999,60.80565183945832,399.9634,0.0,15.33644789422504,0.028625205866206573,78.79639,-18.057325386526216,0.036448810291466925,0,1064,0
BF27730A-1062-44DA-AFBF-F53BDC915EC3,12751,4,83.66666666666667,1,0.028625205866206573,15,0.4293780879930986,358,376,261.0,60.75417139561588,282.5585,0.0,22.619974722247594,0.11450082346482629,89.59083,-0.08059114739057094,-0.09468129350412015,0,1064,0
1E07BAE7-73EA-46CE-B7A9-E0370849DB47,1094,10,107.33333333333333,3,1.0009140767824498,129,43.03930530164534,782,39,887.0,182.80681082342642,493.3319,0.0,77.38998390319469,0.0,274.5209,-22.757291069568367,0.07971445427804705,0,1064,0
DD39BD46-C53B-4406-ADFC-44C9D5A4EEFA,942,11,63.6,5,1.937367303609342,8207,3179.994692144374,122,246,887.0,114.78682974480905,381.1188,-0.46,73.27141874172541,0.0,209.7321,12.528187819542794,0.3827148491783465,0,1064,0
CC375D16-BB36-44E5-AEA2-38D64FFB1798,12751,6,102.6,6,0.17175123519723945,5615,160.73053093874992,5,108,1370.0,317.2517326658257,826.61,-361.73,121.44055275937613,0.0,484.75,-58.93409377693689,0.279435656207889,0,1064,0
E57197DC-6EA9-4F3C-B3EB-4ED92D17A6C6,1048,7,160.16666666666666,0,0.0,0,0.0,-1,16,452.0,85.55644582646545,248.4846,0.0,39.894907842500054,0.0,143.3182,4.082879177392584,0.11187505363765474,0,1064,0
FB435CCC-49EC-4293-9E12-8848430AB34B,3786,3,245.0,6,0.5784469096671949,1078,103.92762810353936,47,394,301.0,76.90131357959254,208.2538,0.0,24.996732437094735,0.0,102.6939,41.794908798754676,0.4367021820279569,0,1064,0
049F4E33-511A-40DA-AEE8-FA4368601894,12751,9,25.25,3,0.08587561759861972,47,1.345384675711709,192,456,470.0,160.05553692182514,1008.07,0.0,53.938809635406656,0.17175123519723945,212.4023,-7.543105946516505,0.10386450822332387,0,1064,0
552652D8-4570-4DA8-A1B0-E419BC77A04B,8581,7,131.83333333333334,0,0.0,0,0.0,-1,227,472.0,139.88595121798346,471.0,0.0,31.066829026411295,0.0,176.4679,-0.8032649602674269,0.09119835033918863,0,1064,0
68AA5796-52C8-484F-9DCB-DB5E8835BEF9,7000,12,65.0,1,0.052142857142857144,434,22.630000000000003,128,16,452.0,110.92282449156393,245.2874,0.0,24.420695708683915,0.0,139.0938,-3.9426996956401155,0.3339752027990703,0,1064,0
796651F4-2341-4804-915D-A592B87EC674,12751,8,76.71428571428571,0,0.0,0,0.0,-1,76,472.0,155.56016976573662,732.7881,0.0,69.52982957528656,0.14312602933103288,215.9912,-36.4306408597721,2.4277767328479096,0,1064,0
1610F0BE-08DA-4EA2-A731-A68E5D89F150,12751,10,82.55555555555556,10,0.28625205866206577,2551,73.02290016469297,147,193,259.0,78.129656455978,214.3982,-15.06,26.236705293973532,0.0,104.73984,44.053063396645456,0.45639409900675276,0,1064,0
DCB8F634-92D6-4E91-A14F-1E1BA289F0F2,2837,3,45.5,1,0.12865703207613677,375,48.24638702855129,836,523,151.0,11.05533421449999,29.4,-11.20524,4.112743846450322,0.0,15.68,1.536758378092605,-0.005028666090476378,0,1064,0
6796302D-5EE7-4A4A-8EF0-46CFBEB168EB,12751,8,31.428571428571427,0,0.0,0,0.0,-1,461,259.0,95.94640441288959,2029.0,0.0,29.045838386001282,0.14312602933103288,127.1,-5.552067993136504,-0.09785047765393734,0,1064,0
E589611A-9F2F-43DD-B486-B63BD2FCA1F3,12751,1,0.0,1,0.028625205866206573,129,3.692651556740648,836,614,141.0,28.0683962242185,125.9,0.0,14.68499688361433,0.0,48.6,4.8264185954574295,0.13418611356046153,0,1064,0
E1CFEB9D-B220-4FC7-9D44-E63904BCEF82,5472,4,180.0,7,0.46692251461988304,351,23.41282894736842,26,345,395.0,174.161358976691,361.9185,0.01429563,37.37251609983135,0.0,222.31553999999997,-10.445759017767386,0.10319759826775272,0,1064,1
6DED620A-7A47-4EDC-96E1-CF9E74554308,624,11,32.3,6,3.5096153846153846,29795,17428.165064102563,312,284,678.0,123.86121165936369,382.0,0.0,88.83010774468352,0.0,238.0,2.274899451747416,-0.0058357684763399075,0,730,0
94C39812-BC1C-485D-A316-AEDD8B235507,7980,6,159.2,0,0.0,0,0.0,-1,160,489.0,107.63940724738083,254.0,0.0,26.645874857502076,0.0,142.0,8.549944604471023,-0.12454132426054561,0,1064,0
97CB5650-DC04-4E1A-8A96-782066AEADFA,12751,13,73.58333333333333,10,0.28625205866206577,1634,46.77358638538154,398,1,218.999,37.41917372815866,173.0347,0.0,39.86745196850422,0.0,81.178402,18.23138800028437,0.0602679823272518,0,1064,0
5B376294-316F-478F-8235-507F0B951C67,3421,6,102.2,2,0.2133878982753581,28,2.9874305758550133,561,101,490.0,122.49720895388448,270.8837,-103.9867,31.42112594162783,0.0,160.283,-3.322305122094363,0.10499521741813377,0,1064,0
FBEDE38E-E6F2-4587-9B05-3A116BFA9A28,3507,5,144.0,2,0.20815511833475903,561,58.38751069289991,628,31,452.0,116.68137655753723,249.8689,0.009360424,20.168200073646556,0.0,141.30554,7.986104777777115,-0.11825194261931929,0,1064,0
739D0037-CFA2-4D01-9B9C-F24DA571991E,5477,12,84.36363636363636,1,0.06664232243929158,38,2.53240825269308,840,27,261.0,30.16434751220532,235.4852,0.0,13.869837100799641,0.0,48.0,-8.67684751220532,0.050661947291142054,0,1064,0
3697A454-05B7-4A7F-9EFD-A7C6EC7A63BF,8460,6,89.2,4,0.17257683215130024,576,24.851063829787236,297,596,266.0,76.82256775811891,223.5,-2.492714,28.112909917521282,0.0,115.1,-2.4807544864368083,0.08226572896401078,0,1064,0
8B3CBC04-0E04-4D93-B8EC-53C1D5B36F6A,2651,2,0.0,0,0.0,0,0.0,-1,593,347.0,21.19123611571562,122.5566,0.0,12.012358248326954,0.0,38.42054,1.7891859906115393,-0.07145203186964294,0,1064,0
48530EFB-01FE-4AF6-AE0A-8AF27F3F3003,9131,9,107.25,2,0.0799474318256489,44,1.7588435001642757,531,40,261.0,104.72000030462658,378.6778,0.0,48.21202640329452,0.19986857956412224,165.6,19.10358765833638,0.27680625294378336,0,1064,0
161BB03E-9934-47A2-AF1E-6D2E5420371A,12751,39,22.13157894736842,0,0.0,0,0.0,-1,28,1083.0,211.4169136230186,915.5884,0.0,107.19689543781168,0.0,349.6094,-37.450663885572595,-0.32242379992614706,0,1064,0
575F6BD7-B6D0-4D7D-88A1-ADE8E25DCCE1,5219,5,129.75,0,0.0,0,0.0,-1,420,400.0,91.7672973412981,282.4227,0.0,47.493433372355476,0.0,157.0,-23.473084378335145,0.32768465928573176,0,1064,0
3D02237E-52DC-48D0-A424-F9146A2FE717,12751,3,66.0,2,0.057250411732413145,217,6.211669672966827,322,503,98.0,36.04434128986909,95.8,0.0,17.836092491032637,0.0,56.6,0.7929349541895547,-0.020990228576095074,0,1064,0
AEBAED0D-838D-4DFE-A656-A2B31FD07529,5376,4,95.0,2,0.13578869047619047,67,4.548921130952381,66,582,511.0,53.25298546595554,218.0,0.02005204,25.06771489876453,0.0,86.46740799999998,6.025068754708045,-0.14728885423349708,0,1064,0
38FBACB2-837D-4E4E-8D03-B5E91A48F188,12751,9,64.75,3,0.08587561759861972,764,21.869657281781823,393,253,803.0,208.2511415024803,532.1503,0.0,63.38826989820967,0.0,284.32543999999916,-6.630689075782755,0.034167146233564254,0,1064,0
CE80BE38-EA62-41E0-9A23-B701BB719304,2850,3,87.5,1,0.1280701754385965,19,2.433333333333333,463,404,301.0,40.18053024964609,93.741,0.0,17.743718669584673,0.0,61.63015,1.3931970887026708,0.1571693369348536,0,1064,0
AAE94654-1BF0-4685-9517-9455367E1819,3041,7,82.83333333333333,3,0.36007892140743175,598,71.77573166721473,51,80,1246.0,285.3939167957655,692.8052,0.0,156.93551648930503,0.0,509.65378,-38.98307067294141,-1.088719809835686,0,1064,0
3FF158E7-DC5F-4CD0-9142-09E24B0EF3EC,8215,6,39.2,0,0.0,0,0.0,-1,579,753.0,198.50824648342885,420.0439,0.0,58.03934336540795,0.0,274.585,-26.32649525503382,0.7502863482938952,0,1064,0
0B6F7610-23BE-4C8A-BE40-A7682629EE32,12751,3,238.5,5,0.14312602933103288,20629,590.5093718139755,241,101,538.0,65.61389854431498,212.6221,0.0,36.540126742535605,0.0,108.728,-53.719062118389054,-0.5905931399407345,0,1064,0
1DE88476-8617-4FC9-91B8-E785414FA395,1813,3,206.5,5,1.006618863761721,8201,1651.0562603419746,458,165,301.0,75.83906013428032,166.053,0.02312617,18.17158760350625,0.0,98.987318,-19.983182919002537,0.05175370103699967,0,1064,0
83B9B9D3-05E8-471E-8652-A76652FF0CB2,12751,4,242.33333333333334,6,0.17175123519723945,357,10.219198494235746,507,103,450.0,131.4173434548746,386.91,-0.59,37.97647322220837,0.0,181.73,-16.89810425734376,0.289425962510133,0,1064,0
9D8FC919-9213-48A4-8913-B26BF7EDE3C4,4141,2,474.0,0,0.0,0,0.0,-1,102,452.0,145.43811083218412,352.0,0.0,33.76579800010812,0.0,186.0,-12.152771326011276,-0.027354657410965006,0,1064,0
CFED983A-90E5-4DE8-B1A4-0A7C82262203,4570,8,113.0,2,0.15973741794310722,195,15.574398249452955,453,61,803.0,247.82761265216624,489.8071,0.0,71.02791064778928,0.0,323.5474,-20.246362204635375,0.02285742711698136,0,1064,1
1396E67C-1FD6-42AD-8CDA-88D91DA2D0CD,4142,3,0.5,1,0.08812168034765815,102,8.98841139546113,824,568,452.0,145.4027624670113,352.0,-22.91559,64.72692475546224,0.0,229.0,-16.15970691145577,0.018469587008790346,0,1064,0
14AB8259-78C6-428F-9729-CBCC512979E2,10275,5,58.0,4,0.14209245742092458,244,8.667639902676399,415,569,489.0,90.83555361852282,657.2795,0.0101646,53.093962737815204,0.17761557177615572,163.27732,27.39578592331361,-0.07934929227567133,0,1064,0
94CC3F23-A1B2-4EBF-9B32-31E8D31D6B51,12751,8,74.71428571428571,5,0.14312602933103288,4305,123.2315112540193,355,46,99.9995,10.793874404176933,86.06876,0.0,15.529437521371323,0.0,34.654576,6.80589290151751,-0.021292043304472638,0,1064,0
3C4021F2-DC7A-43D1-98C1-F6F0A981C668,3477,3,0.5,0,0.0,0,0.0,-1,567,452.0,46.56411863509513,497.0,-49.3,14.015265088534356,0.5248777681909692,64.0,6.769137537744378,-0.11458416219657619,0,1064,0
6F8C19AE-D47E-4D76-99B1-E45A0540A6E4,12751,5,108.0,1,0.028625205866206573,168,4.809034585522705,836,537,88.0,15.750075326642241,232.1056,0.0,17.01631248198087,0.08587561759861972,39.43372,-15.71516802664224,-3.3648296792540056e-17,0,1064,0
F1B37FA2-DFDC-4280-8A70-0E6B55E811E4,2829,3,335.5,2,0.25804171085189115,88,11.35383527748321,70,371,452.0,70.44812439731514,260.5839,0.0,40.91781710099936,0.0,127.15259999999999,-9.711491770771929,-0.06774009897432808,0,1064,0
C9567B67-6E01-40B4-8643-87BA3D0335EE,7264,2,0.0,1,0.050247797356828196,294,14.772852422907489,836,558,134.0,18.000079339370092,113.0878,0.0,6.3931094700774125,0.0,25.99718,2.3838393620959586,-0.03435569930726363,0,1064,0
3DF520E4-7689-4A2E-85B9-A5CE7C2FFE86,8756,14,70.38461538461539,0,0.0,0,0.0,-1,16,301.0,22.90678481894946,223.0312,0.0,31.514736688811574,0.0,70.72716799999999,42.53948793197647,0.019731552218548387,0,1064,0
E5A62A8B-D42F-44E2-817F-5ECBCC83891F,9295,9,98.25,4,0.15707369553523398,495,19.437869822485208,224,198,251.0,93.09018721568296,200.9,0.0,32.33489821167602,0.0,132.8,-7.932521955652092,-0.0026112032973578865,0,1064,0
688156CA-06E3-4EFE-821B-569593790822,10287,10,105.0,2,0.07096335180324681,43,1.5257120637698065,79,8,407.0,140.96000522185258,316.0,-44.33382,44.76545112217795,0.0,197.0,-38.09148670333407,-0.5634472477170327,0,1064,0
B09C6D2B-450D-45BD-B2B7-ECA2AEA3587E,558,21,37.2,2,1.3082437275985663,36,23.548387096774196,961,284,678.0,152.9790520041567,392.0,0.0,79.57105116625237,0.0,250.0,-26.792169288107317,-0.0053753778474074955,0,1064,0
B3276020-5E5D-4551-8248-24160FE39953,5084,8,116.71428571428571,0,0.0,0,0.0,-1,185,870.0,204.53878983489656,437.7909,0.01352869,49.087363615723014,0.0,263.89448,6.612179648128148,0.2364998288595553,0,1064,0
A247B87E-89B6-40DB-A582-6C1219A43347,8305,11,98.8,2,0.08789885611077664,180,7.910897049969898,13,50,901.0,194.79146795945545,388.9512,-10.58407,45.356004149985495,0.0,249.90552,-9.889633194686951,0.13220916615949282,0,1064,0
49CDD374-7817-4DD6-87E1-29355F56E953,12751,6,142.2,4,0.11450082346482629,339,9.703944788644028,350,83,107.0,31.440957732195255,207.9075,0.0,9.248196014235901,0.08587561759861972,40.9,2.380022206076351,0.1366651175499224,0,1064,0
5EC41322-BCC3-4C82-8C54-BB599A1CA006,7264,2,1.0,1,0.050247797356828196,304,15.275330396475772,836,551,134.0,18.776968841262168,84.49085,0.0,5.820083813599883,0.0,25.99718,2.34684647748783,-0.033459373681672254,0,1064,0
D27247AC-2C6B-4730-8EA1-90FD66830349,7530,4,100.0,0,0.0,0,0.0,-1,251,490.0,67.73467822193102,237.5486,0.0,35.608304013169615,0.0,115.315,-4.005995528643979,0.136116917005759,0,1064,1
FA5ED7C3-6B48-41CC-BEA7-70D7D89AE087,8734,7,136.16666666666666,7,0.29253492099839706,92,3.844744675978933,536,103,653.0,86.4804897547694,288.7369,0.0,44.5694523549021,0.0,150.56619999999992,20.550863717452827,0.16421637175133424,0,1064,0
C6ED89AF-04D8-447D-8FDB-B2A1CA3FA0B6,6425,8,40.42857142857143,1,0.05680933852140078,93,5.283268482490272,388,547,485.0,74.17952869274711,330.8474,-185.95,57.26431234067062,0.0,167.56213999999997,0.5338054641973287,0.21076075021532584,0,1064,0
36F1BEA9-9279-4C2D-9BED-A1673776F56D,4744,9,90.25,2,0.1538785834738617,21,1.615725126475548,388,184,225.999,36.87737271503264,110.5957,0.0,15.235796082913685,0.0,56.54297,1.846678912436495,0.1263853703655372,0,1064,1
DB5E61BA-B974-4894-B987-F981DD5A8187,5289,3,227.0,2,0.1380223104556627,199,13.73321989033844,458,92,301.0,76.6105893225042,222.2603,0.03056435,18.246503500728824,0.0,100.34928,-20.68572224920173,0.05209436334670302,0,1064,0
0D0C57C6-4E07-41E5-B24F-238D824A940C,8181,12,82.0909090909091,4,0.17846229067351177,326,14.54467668989121,793,11,739.0,205.22009847100338,600.0,0.0,108.36435949504086,0.0,339.8438,21.33035590739476,-2.236866521765003,0,1064,0
1D9ED9B6-C222-46DE-B61F-13738452DF11,2454,14,36.69230769230769,3,0.4462102689486553,387,57.56112469437653,84,74,623.0,175.17723295999528,375.2777,0.0,36.710680089216126,0.0,219.5484,25.70846177765901,0.47457381695483275,0,1064,0
430868C8-CCC6-4943-AA95-91E0B2DDBA06,12751,20,45.73684210526316,3,0.08587561759861972,38,1.0877578229158498,82,83,470.0,93.57739959017039,584.5,0.0,76.0858694206868,0.14312602933103288,206.3599,-60.493719124946615,-0.08310694215253633,0,1064,0
EF701F11-B8AF-4832-8DBD-ABB7EABEAC74,12751,13,69.08333333333333,3,0.08587561759861972,103,2.9483962042192773,256,138,126.0,38.286626319653344,96.96001,0.0,16.059616965572285,0.0,59.7,-2.8074570077706227,-0.035832175522276605,0,1064,0
003F13BB-8478-4AFF-8754-26F032F8718A,12751,9,110.25,0,0.0,0,0.0,-1,101,489.0,51.71556856875829,227.0,0.0,24.453806473843716,0.0,85.0,-0.0036086922150815326,-0.058254505586018274,0,1064,0
9ADF1D5F-5918-4C45-9473-FE6880E5EA89,12751,2,1.0,2,0.057250411732413145,233,6.669672966826131,257,541,788.0,224.24997665054542,435.63,0.0,78.86839087876795,0.0,305.74,-57.68425597153305,4.150592280482749,0,1064,0
56029DF6-E1ED-42ED-97A6-FBFBC73376C3,12751,13,15.75,1,0.028625205866206573,29,0.8301309701199906,638,468,470.0,165.75191669264805,960.56,0.0,45.30613200482733,0.17175123519723945,212.73004,-13.416069028296192,0.10282591424452985,0,1064,0
9A79782A-BB1D-48A4-BEDA-3A1D87A148CC,12751,8,90.0,2,0.057250411732413145,68,1.946513998902047,241,203,138.0,32.15310472645173,522.5793,0.0,12.68443870352144,0.20037644106344601,48.449644,-4.229481643257284,0.017977971332660107,0,1064,0
E4C6B277-46F2-497F-9115-2465A88659BF,12751,2,3.0,2,0.057250411732413145,43,1.2308838522468828,557,536,792.0,226.64610338089105,444.45,0.02,57.59687919867755,0.0,306.68,-41.19409335002686,0.3051814290056993,0,1064,0
5540E277-052D-4923-BB5E-0376C62450BB,1740,5,68.0,23,4.82471264367816,298,62.51149425287356,188,263,361.0,63.14024090079173,342.4075,-2.0,38.66920472442197,0.0,115.95138,-14.627757726424448,-0.40439983764248033,0,1064,0
3915581C-6D6F-45E7-B556-603E272C0F03,1737,4,113.66666666666667,2,0.4202648244099021,127,26.686816350028785,352,194,472.0,44.05857638375369,241.9371,-16.59344,27.94495136797335,0.0,84.11115399999998,5.540077128437666,0.01562527264964077,0,1064,0
9F1817D7-7F29-400E-AB9A-FF78AABC7B87,7512,2,267.0,7,0.340122470713525,483,23.468450479233226,267,535,263.0,104.59809289771056,205.8,0.0,21.194012680620602,0.0,128.9,-3.756217897710556,0.06806541616925424,0,1064,1
667BD908-B879-45F1-BD32-7F82F4C5E358,3069,17,55.625,3,0.3567937438905181,411,48.88074291300098,108,105,1180.0,145.43792853097725,1595.849,0.0,48.22579748452459,0.11893124796350603,201.236,27.639485015380757,0.10526544689108504,0,1064,0
AA5E904A-D9F8-42BD-BC30-63242884D129,12751,4,86.0,2,0.057250411732413145,483,13.825974433377775,243,533,138.0,15.060689067702787,48.3,0.0,3.324135209441607,0.0,19.4,1.7437631099206694,0.0014788921689991878,0,1064,0
248B4DB8-9DFB-404F-A2A9-CCD9F6648EE7,12751,6,80.4,2,0.057250411732413145,1764,50.4948631479884,131,132,811.0,412.85407916324095,608.3342,-33.22943,39.00753931502521,0.0,452.351,18.263119100647884,0.2644101369792424,0,1064,0
1C7EBA1D-ADC4-41C3-83DD-A089F8D8D9BB,12751,4,161.66666666666666,2,0.057250411732413145,449,12.852717433926752,577,103,250.0,52.87737892815361,297.55,0.0,26.04757045897168,0.14312602933103288,83.69141,-9.564338804696824,0.0779473803349815,0,1064,0
32369048-1F6A-4C9F-ABFB-7778EDF9E872,12751,31,22.4,4,0.11450082346482629,69,1.9751392047682537,34,350,788.0,307.4860816825374,609.91,0.0,107.75098780332833,0.0,446.69,-65.98537412080904,-0.7288815714562753,0,1064,0
54239F60-1E94-4327-BE4F-348C634509D3,12751,1,0.0,2,0.057250411732413145,2380,68.12798996157164,20,525,920.0,101.62470305260543,377.3804,0.0,39.43661823305425,0.0,149.9634,-6.717821279457269,-0.1676746472267807,0,1064,0
B8847579-5A5D-429D-B6F7-1810F2A7800E,4111,8,71.85714285714286,1,0.08878618341036244,236,20.953539284845537,836,525,269.0,128.89092198396153,216.9,0.0,21.80411320770996,0.0,155.1,-21.752827848159072,0.42599846002927194,0,1064,0
64883052-ADC7-4180-929D-CA9A2E68CB69,6493,9,105.625,1,0.05621438472200831,286,16.077314030494378,714,91,399.0,89.70298211826909,273.0,0.0,49.19579805772867,0.0,156.0,-22.04148520468884,0.34402218152213154,0,1064,0
9A68001A-05D9-4FBC-AD45-F66F2745BF7F,12751,4,148.66666666666666,2,0.057250411732413145,938,26.850443102501767,768,523,88.0,28.985802414019886,233.8802,0.0,8.573942107032135,0.08587561759861972,40.31608,-2.1198438469674166,0.05781993287674874,0,1064,0
13AF42D5-1028-473A-83DD-5333B7836BC2,1721,2,1.0,1,0.21208599651365484,386,81.86519465427077,836,519,831.0,37.94643418849203,162.9753,0.0,22.367746553150365,0.0,67.120002,-0.4911816953593089,-0.13921115954265886,0,1064,0
41B39B6C-F9EB-4721-BDE0-27D99E2380C1,5319,2,0.0,1,0.06862192141379958,6,0.4117315284827975,748,518,188.0,34.92634537803107,90.38031,0.01011564,7.899106667654301,0.0,44.103742,4.001151137246701,-0.03969768921750107,0,1064,0
60A33438-5964-424A-9A3C-B4A4D69048E0,12751,8,86.57142857142857,5,0.14312602933103288,1614,46.20108226805741,357,117,346.0,122.29670613632057,342.0,0.0,74.5246662879951,0.0,228.0,-22.131196877061313,-1.512171427199672,0,1064,1
ECE0CACE-DDBE-44BE-96A1-41C159DA9FBD,1524,3,199.0,6,1.437007874015748,594,142.26377952755905,32,516,453.0,118.93037714951603,437.57,0.0,24.465010097614734,0.0,149.32032,7.312302367613597,0.04871511592468479,0,1064,0
258F7945-6FCA-4CA5-801A-C4E5D9B05288,12751,9,118.0,1,0.028625205866206573,11,0.3148772645282723,711,14,377.0,126.65782836438855,281.9916,0.0,32.000444688887804,0.0,167.4042,-7.911775998647812,-0.2774260641084065,0,1064,0
62E7B5B8-FA81-4B52-8CB2-EE7D19382A7F,12751,12,84.9090909090909,9,0.2576268527958592,442,12.652340992863305,281,81,266.0,121.10907209001904,241.5016,0.0,29.52477059275986,0.0,149.56784,2.9785543575118254,0.5361525789545506,0,1064,0
925E60E9-F346-41CF-87A0-E44ACDE15F51,12751,8,93.57142857142857,0,0.0,0,0.0,-1,220,470.0,74.21220950202867,354.7485,0.0,60.59015492649352,0.0,156.665,37.45161744442194,0.11976132185502159,0,1064,0
966BD1FE-5DD4-41D7-AF98-7C128185B402,12751,5,114.0,1,0.028625205866206573,19,0.5438789114579249,45,299,496.0,163.58123632295909,360.7178,0.0,54.74155893236216,0.0,217.9138,-106.23753986076773,-2.7535241308822105,0,1064,0
FCB862B1-ABE5-48AA-B81F-C5CEB36E1E0F,12751,11,61.9,3,0.08587561759861972,137,3.9216532036703007,458,425,269.0,150.98312477174247,269.3,0.0,31.909036112557036,0.028625205866206573,190.3,-26.265292981618998,0.021746266114122233,0,1064,0
14BEAC7E-9296-44CC-9D7A-24892B1FDEDB,12751,4,2.6666666666666665,1,0.028625205866206573,231,6.612422555093719,836,499,811.0,415.8403512447143,613.5336,0.0,32.05992648505402,0.0,452.351,16.96225119355728,0.26660388885419634,0,1064,0
B2BFFF06-E91B-405F-994C-DC504CC9B88E,8564,13,50.166666666666664,8,0.34096216721158334,512,21.821578701541334,36,103,259.0,63.7236977007588,542.3265,0.0,24.125639557151057,0.2131013545072396,90.0,2.5044272992412075,-0.014712635990791303,0,1064,0
0A516F19-B818-4F5B-9812-54A6EC55126E,12751,10,70.55555555555556,4,0.11450082346482629,445,12.738216610461926,523,5,85.0,38.261914144457435,69.96094,0.0,8.72210660274898,0.0,49.76807,6.150676456391331,-0.040791631563442024,0,1064,1
9EDE1B26-525D-4FAF-9A20-517D073AF4A8,9714,5,23.75,2,0.07514926909614988,161,6.0495161622400655,258,446,538.0,102.46173285283025,223.3398,0.0,26.965853600095404,0.0,137.5977,-4.5814977432623465,0.291198367299493,0,1064,0
EEA9CEA5-E054-4328-A593-401064F6D49D,9924,6,123.0,4,0.147118097541314,285,10.482164449818622,362,103,251.0,73.18416635851953,215.8781,0.0,22.519816148838753,0.0,104.95231999999997,-6.382714635834347,0.130176963521387,0,1064,0
0FF7E89D-2290-45E9-9563-C220858C2851,12751,4,19.0,1,0.028625205866206573,10,0.28625205866206577,711,443,377.0,122.77010635756994,299.762,0.0,32.31879224192756,0.0,164.3829,-7.836884498542176,-0.02064312236346866,0,1064,1
0AA4184A-5FD1-4EBE-8948-77CB8090CFF3,12751,6,179.0,0,0.0,0,0.0,-1,86,311.0,115.82594648859462,188.9098,0.0,25.958610290321438,0.0,142.87362,-30.003113151287522,1.3782327028549992,0,1064,0
B94308CB-123F-4045-9FE2-F77909423414,12751,3,72.0,3,0.08587561759861972,186,5.3242882911144225,773,346,301.0,24.159196638062312,121.0,-24.6,27.17448942333484,0.0,72.0,-13.132576267691942,0.1153383705349939,0,1064,0
9E3EA23E-4B8C-4DA8-9E92-E98097922E74,8531,8,121.14285714285714,3,0.12835540968233503,253,10.82463954987692,531,90,693.0,177.29209109720472,319.0918,0.0,34.4484015667237,0.0,217.8192,5.178266441375513,0.8261458734638892,0,1064,0
0A50ADC8-70FA-41B2-96B3-B4CB799000D9,3169,3,234.0,1,0.11517828968128746,92890,10698.911328494793,573,438,188.0,40.163725702092066,550.6155,0.0,16.909081050921223,0.46071315872514984,61.0,0.295147754698057,0.053173974381803525,0,1064,0
F7581B81-A4E0-4431-ACE4-5424BF6B6594,6312,3,179.5,2,0.11565272496831432,39,2.255228136882129,483,241,188.0,20.602448254001448,88.0,-4.0,13.877526273806176,0.0,41.0,-6.35784948856935,0.17307486520969054,0,1064,0
B9A7AC63-0F8C-4A5C-A032-1EFCCDC25ADA,639,14,57.38461538461539,1,0.5712050078247262,22,12.566510172143975,612,15,301.0,43.883372311658285,209.8981,0.0,43.43456076087012,0.0,100.73592,22.90830187815653,0.03090054147282085,0,1064,0
B2E1EA37-EEC2-4D09-8861-23CFEE530360,2854,7,108.83333333333333,3,0.3836720392431675,121,15.474772249474423,332,375,888.0,89.04056903370436,467.1713,0.0,61.51575285298366,0.0,177.88554,-32.78391994496978,0.24678173309629176,0,1064,0
92ECC55D-ED45-4166-A5B8-EACD1562041F,4835,8,146.42857142857142,4,0.3019648397104447,571,43.10548086866598,113,27,259.0,96.99876929069023,235.5005,-4.737869,25.3281003365228,0.0,129.4976,15.610444570420881,0.08526094742824576,0,1064,0
5CB4CBE4-6402-4AE7-B3DF-98CC6BB720D3,12751,5,30.75,1,0.028625205866206573,85,2.433142498627559,813,454,259.0,96.20815387533904,224.8,0.0,26.452168800851556,0.0,127.1,-4.859658504968664,-0.09458469381231557,0,1064,0
45FDF356-DD1F-44C2-A584-E941A7EDE373,4086,2,1.0,3,0.26798825256975034,484,43.23543808125306,39,481,301.0,75.73443200688858,235.8924,-28.62403,27.21738963134758,0.0,113.4,-4.979100211595366,0.005352884128572913,0,1064,0
1B3CD8C5-7527-4D02-B0D9-AABD1549A928,3792,1,0.0,2,0.19251054852320676,280,26.951476793248947,421,479,301.0,49.666346154425604,539.7876,0.0,12.68555897732917,0.48127637130801687,65.25672,6.590455904216363,-0.050882751948170026,0,1064,0
71265105-B927-491F-9FBC-F2FA23EE7DA2,12751,6,84.0,1,0.028625205866206573,45,1.2881342639792959,784,210,887.0,179.38156424215884,518.0,0.0,85.30811555494778,0.0,279.0,41.0713678566066,0.11440758575568734,0,1064,0
9F243EB4-BCBA-4017-9DC7-9F43C953F9E3,12751,6,87.8,0,0.0,0,0.0,-1,33,470.0,149.11679846797858,262.3901,-14.27516,29.97019857994456,0.0,187.5916,-8.279214615355158,-0.4379986925004854,0,1064,0
6C0CB2E3-7484-4778-9DF5-1570E497B587,12751,3,168.5,1,0.028625205866206573,7,0.20037644106344601,471,135,988.0,188.83699268660914,489.95,0.0,61.91210090401322,0.0,270.16,61.748292035613076,0.4103260662036509,0,1064,0
1C456EB6-0CF3-4CFD-8D17-BC62269BB4BC,1356,3,3.0,0,0.0,0,0.0,-1,473,452.0,0.5128841899093919,234.013,0.0,7.140795371287353,0.0,0.2821024,-0.48410185606294126,3.233391801282723e-05,0,1064,0
C1D7B3B2-D959-41C9-97B4-D1F5AA6E8617,2274,4,158.0,2,0.3210202286719437,184,29.53386103781882,45,234,452.0,63.05992863398407,184.0,0.0,30.30310659009631,0.0,106.0,-15.516101473490245,-0.017278767840612087,0,1064,0
11F11A16-C2CE-47F1-9C82-BDB79130A408,5084,9,104.875,2,0.14358772619984264,19,1.3640833988985053,177,178,870.0,201.174928765454,431.7801,0.05103945,48.55637190874026,0.0,259.81838,5.341154961397848,0.19858336209184013,0,1064,0
825FD6F8-C5E0-4948-9D32-0296BE1A1638,12751,8,47.42857142857143,3,0.08587561759861972,155,4.436906909262019,458,461,269.0,154.9352254331501,274.8,0.0,32.36731106512389,0.028625205866206573,195.9,-27.26274858129824,0.02347242800882336,1,1064,0
7E4E7B1A-B727-4786-AD49-75E4949A0932,8734,2,0.0,0,0.0,0,0.0,-1,464,432.0,105.00915765834243,193.1,-55.00813,22.046055434886934,0.0,135.34,6.717227372521762,-0.022230473698279043,0,1064,0
99D6BD31-288A-4FAE-8C4A-84337D45A57F,12751,19,37.333333333333336,7,0.20037644106344601,107,3.0628970276841034,420,152,302.0,74.8009091895057,247.6685,0.0,35.40840015499372,0.0,111.6028,-6.642701852314346,-0.03090468823032476,0,1064,0
EC697299-CD8A-436D-B3EF-9E16C125A226,12751,9,100.625,0,0.0,0,0.0,-1,30,256.0,120.14989045863915,226.0,0.0,33.11253842838068,0.0,163.2,-9.119844162342858,0.22190561934934208,0,1064,0
B9AF7179-5388-49FB-A4F6-BACF792F555B,12751,7,146.33333333333334,3,0.08587561759861972,74,2.1182652340992867,836,76,266.0,112.22838236161091,538.0,0.0,29.7501343030257,0.14312602933103288,148.2,-30.021082978663387,0.03373496042022064,0,1064,0
59C704E4-CEE2-4F85-B5CB-B668829E57E1,4198,1,0.0,3,0.26083849452120056,326,28.344449737970464,239,460,452.0,207.54860991382034,433.9721,0.09083761,41.91217057744496,0.0,261.60893999999996,12.911203830778447,0.32580731333580604,0,1064,0
1DB47FC0-1369-4CD2-A113-85AD76DD1CDA,4435,2,134.0,7,0.5760992108229989,462,38.022547914317926,357,325,1665.0,134.4165300910274,788.5336,-9.271603,138.82525054596246,0.0,346.91673999999995,172.43060520958218,0.4299055337178137,0,1064,0
FD4C51BB-D7BE-4399-A257-91CC3787DE7E,7036,13,78.25,2,0.1037521318931211,34,1.7637862421830588,92,93,485.0,82.75924820282734,524.1211,0.0,60.15143713716983,0.25938032973280273,155.5939,-47.64508721362981,0.6844912363792012,0,1064,0
A1CC1BDB-781D-462B-A8B9-24B955DD0178,12751,7,125.16666666666667,1,0.028625205866206573,17,0.48662849972551175,1048,207,276.0,81.38504126831928,161.5831,0.0,23.87232458737735,0.0,107.6172,18.490396527205405,-0.042094298750402645,0,1064,0
7ACED623-4DAA-4992-A633-5FA69828C5D0,1733,5,141.75,2,0.42123485285631856,180,37.91113675706867,1053,393,473.0,52.96764259474914,156.22,-133.8345,25.077585888279962,0.0,86.506948,6.2950847713851275,-0.1617606357851477,0,1064,0
373DDDA5-15BC-4199-A764-F67130D6A47E,12751,14,63.69230769230769,1,0.028625205866206573,351,10.047447259038508,309,145,452.0,232.25056842170616,408.1055,0.0,46.87217304369039,0.0,295.3122,7.514073553602486,0.06380331046791521,0,1064,0
1DA594CC-4FA6-41AD-A042-958720AEB69E,12751,8,92.42857142857143,1,0.028625205866206573,35,1.00188220531723,744,382,259.0,90.70206218440988,176.7,0.0,21.7357218036369,0.0,115.8,-4.557072667434582,0.1604402206375895,0,1064,0
40022EE1-B7D0-4DB3-B86C-62880F6F7616,6863,2,75.0,0,0.0,0,0.0,-1,378,489.0,138.9924314777755,335.0,0.0,39.47696303446477,0.0,190.0,-7.295517897528612,0.04987572768459261,0,1064,0
49D2D922-82B3-4127-A08E-B7B2B5C2588D,12751,8,69.14285714285714,3,0.08587561759861972,569,16.28774213787154,91,131,377.0,157.33132202065204,356.2565,0.0,41.703939728576636,0.0,211.96679999999998,33.852004352033134,0.012200519007081693,0,1064,0
C947BAAB-68EA-467B-A2EB-3B6CFA782789,2765,6,12.2,5,0.6600361663652803,686,90.55696202531647,372,389,1247.0,212.04190866767533,1102.826,-3.9,159.11896885135033,0.0,461.14041999999995,116.65106958301914,-2.3100996699000533,0,1064,0
A001F69E-136B-4677-A604-BFCD09CEAF73,4044,1,0.0,6,0.5415430267062314,161,14.531404549950544,13,453,313.0,53.142137287836505,184.0,0.0,27.657740886491002,0.0,90.0,-16.50810951005873,0.28431247799223036,0,1064,0
F9D5C172-6871-4FEE-8882-253AFB1C2501,6595,4,334.3333333333333,0,0.0,0,0.0,-1,16,377.0,64.59762128162373,212.1169,-7.54834,29.997093497029674,0.0,106.2885,1.4812040745105293,0.0074944606375925435,0,1064,0
56C7011C-9798-4256-BB1E-023A5ECD44EC,4111,2,1.0,0,0.0,0,0.0,-1,449,301.0,28.063998309042727,101.4189,-64.39418,14.027887144071704,0.0,47.07705,-1.6796827228544586,0.060711352340744075,0,1064,0
D24AD388-D1CE-4809-88E3-EB3D3A6F5014,9427,11,100.3,1,0.03871857430783918,78,3.0200487960114564,1021,41,181.0,33.26372410928257,148.6832,0.007047985,14.89642713350416,0.0,54.533394,-0.32857600210363813,-0.019708163862247406,0,1064,0
CF40FE82-D363-4D1F-938B-EE8102B0A334,676,1,0.0,0,0.0,0,0.0,-1,444,452.0,78.34629719988001,259.6419,0.0,50.659701773589944,0.0,145.72364000000002,22.58462656362306,-0.17154223437306126,0,800,0
0E41E983-C12B-4075-BE2D-46C19AFCC1C7,2431,4,96.0,4,0.6005758946935418,319,47.89592760180995,247,218,1494.0,623.7414876574275,28313600.0,-73.248,72382.46223821801,0.15014397367338544,612.99,-198.6002546327361,2.010405031713702,1,1064,0
A3F0913E-39A4-45EC-B7E3-40BB476D203B,5235,12,77.27272727272727,4,0.2788920725883477,646,45.04106972301815,87,89,496.0,176.41632579370878,965.02,0.0,43.973857498357035,0.3486150907354346,224.3652,-17.688147232751987,0.2157403425061329,0,1064,0
CE6A579A-7416-4E20-A2F8-3B21E0A04A9A,6035,3,24.0,2,0.12096106048053025,26,1.5724937862468933,63,391,1386.0,334.1600660708987,879.0,0.0,136.13995854974675,0.0,514.5,-15.589236649602412,-1.24422388938657,0,1064,0
85B01A8D-4AB0-41E9-ABFF-75BB9ACE6BCE,12751,4,174.66666666666666,4,0.11450082346482629,201,5.753666379107521,402,320,266.0,154.8892106243505,247.5,0.0,23.11957841189898,0.0,182.7,-1.217297044103617,0.2858278914176443,0,1064,0
1BEDC70D-3287-4694-9165-AF42FCD0354B,12751,4,138.33333333333334,8,0.22900164692965258,1160,33.20523880479963,88,20,142.0,17.4944236409161,69.97994,0.0,3.4963721907805927,0.0,21.582226,0.39848322699285177,-0.0016795010579262566,0,1064,0
A90EFE72-06AE-4E04-AAE6-B22F1EE6B388,5338,4,135.0,0,0.0,0,0.0,-1,432,511.0,106.05761887325063,345.482,0.01381847,51.064284944771565,0.0,176.15529999999998,-23.9091082348247,0.07840860231125157,0,1064,0
28CE465F-2312-4D3B-AD39-FCA36090BE92,3997,3,29.0,1,0.09131848886664999,33,3.0135101325994498,826,425,188.0,29.302812376688642,101.0,0.0,14.850072947017441,0.0,49.0,-5.06322904335531,0.06365194834293984,0,1064,0
7E0B653C-DBF7-4B6E-B89E-0FD5F9E0F5AF,9154,6,205.6,1,0.03987327944068167,304,12.121476949967228,1045,5,630.0,114.24527410613892,800.4243,0.0,147.2163209758651,0.03987327944068167,326.2869,156.6638269046635,-0.08845558474895045,0,1064,1
5EE63FB1-43A9-46FA-B067-920C8406EC5C,12751,7,61.0,1,0.028625205866206573,6,0.17175123519723945,66,61,800.0,6.297216165665623,561.5845,0.0,47.49579841683899,0.0,0.0,0.6118646908158585,-0.057366285681139384,0,1064,0
88466642-3067-427F-8CA7-378290AF3079,12751,4,167.33333333333334,2,0.057250411732413145,47,1.345384675711709,857,428,269.0,66.63247433126588,124.6,-18.6,18.530676034170806,0.0,89.7,-1.4125051954634245,0.18737447009913574,0,1064,0
BF6065CE-C857-4CB9-849E-4FD99ABA2556,12751,8,73.42857142857143,0,0.0,0,0.0,-1,202,489.0,124.50998973903155,313.0,0.0,56.351986075540985,0.0,200.0,-7.63830764026612,-0.03804144773257463,0,1064,0
2624BF05-3ED5-44F7-93E5-8DFF1CBBDBE9,768,6,144.0,0,0.0,0,0.0,-1,16,99999.0,107.35945092481978,207.0947,0.0,73.28056520092491,0.0,186.7816,13.222815384802132,-0.5729871172065468,0,737,0
0D06F5FE-373C-4A1A-BA06-F2C4FDA5507A,12751,2,0.0,0,0.0,0,0.0,-1,422,295.0,88.13668230865254,184.99,0.0,20.430001661745152,0.0,114.44399999999995,3.2897289567795696,-0.030497951850568555,0,1064,0
C42E7BCE-B693-4075-A043-8BAD0FAEF6E9,3794,2,398.0,2,0.19240906694781235,852,81.96626251976805,868,422,739.0,99.86381620389918,590.0,0.0,169.55444728280554,0.0,505.0,-71.79213410513374,0.1491740521234701,0,1064,0
B04BFC21-3290-4756-A2E7-64B78912DBB3,6457,6,186.0,2,0.11305559857518971,166,9.383614681740747,131,15,472.0,52.294085770258874,250.3052,-310.3609,34.232083790426614,0.0,101.72607999999957,-15.183877099734183,0.0588153521279153,0,1064,0
B4E33BDE-C3C8-4319-90A5-089A5546D686,12751,2,0.0,1,0.028625205866206573,4,0.11450082346482629,419,420,295.0,90.54705118667772,191.36,-12.30672,21.072521959032798,0.0,117.65,3.660154060235868,-0.032394243916808334,0,1064,0
7B71FC6C-41CF-41A9-8C0D-127B28D9F211,2963,2,0.0,1,0.12318596017549781,305,37.571717853526835,836,415,602.0,80.54467845693804,271.2956,0.04452702,42.04428653525787,0.0,149.00323999999998,48.62322608550022,0.12096048600581208,0,1064,0
8EF70AD9-6B4D-4180-A78E-52B4A563C1CB,1399,8,78.57142857142857,2,0.5218012866333095,46,12.001429592566119,726,173,1247.0,124.75545897061353,492.4829,0.05251756,55.74905738021528,0.0,198.11425999999997,-6.233627085582668,-0.6523739673972346,0,1064,0
43858604-7112-4C41-812A-B7FAA0363D05,15893,3,9.0,0,0.0,0,0.0,-1,392,99999.0,53.709859850565195,80.93739,0.0,15.634699099741505,0.0,58.74228,5.032420149434813,-5.501720571101963e-14,0,436,0
47ED5567-2313-4A87-B35C-774542F6E400,12751,9,37.75,1,0.028625205866206573,6,0.17175123519723945,410,105,627.0,25.96044818833779,483.424,0.0,80.64914285354722,0.0,0.0,242.26825308481037,-0.030312285850594096,0,1064,1
8E59FCAD-16EF-45D4-AF77-804198137915,8853,2,308.0,1,0.04122896193380775,147,6.0606574042697385,428,103,314.0,43.64257257913951,142.2363,0.0,19.079477151831373,0.0,68.38379,-3.6737531095870466,0.29166677504313243,0,1064,0
E4018002-6340-496F-A54A-E19B68740521,5020,4,98.66666666666667,2,0.1454183266932271,11,0.799800796812749,645,410,775.0,157.51112810119804,540.5,0.0,47.21683525408953,0.0,225.6,-24.334368287926424,-0.1102389164655879,0,1064,0
A6B9150B-39CC-43C1-BD6B-14A8BBC14DB4,6465,9,122.0,3,0.1693735498839907,118,6.662026295436968,311,38,472.0,142.70882286444413,604.0,0.0,34.39246043024147,0.5081206496519721,189.651,-1.379517517221899,0.0908526111624238,0,1064,0
C30593A4-376B-47C3-AE95-23F4D64D848F,12751,16,49.333333333333336,0,0.0,0,0.0,-1,11,470.0,84.92043969543091,355.79,0.0,51.025890056235184,0.0,156.0059,-24.87303042961301,-0.20725881176360292,0,1064,0
71E2AD5C-CA5C-430F-BC2A-90756CDB3232,6450,6,65.2,3,0.16976744186046513,44,2.489922480620155,575,362,269.0,102.41119254448881,239.526,0.0,48.462253898982055,0.0,163.4035,19.757431268011175,0.2829485824169062,0,1064,0
29754746-2F17-4BD7-8EC4-762BF963B1D6,12751,4,28.0,4,0.11450082346482629,220,6.297545290565446,721,404,138.0,36.827881665544716,89.61,0.0,14.064262589126132,0.0,56.55,4.075845186307141,-0.07928021292070526,0,1064,0
76635ABF-250D-4129-9630-39E925152686,2742,2,0.0,1,0.13311451495258936,118,15.707512764405543,952,404,452.0,152.98854501482288,352.3737,-3.672785,61.64993339095677,0.0,231.99305999999996,10.902486393433321,-0.20413476044482123,0,1064,0
5385F0C2-D3E5-405C-89B5-D1756B5597EA,3043,2,34.0,2,0.23989484061781136,122026,14636.703910614524,427,404,188.0,37.6761861662622,86.0,-47.407,15.319754142252082,0.0,55.0,-4.578423820583183,0.03629454710912155,0,1064,0
8CD521A3-0C86-4E2F-982F-98BEE1A214AA,8011,4,121.0,0,0.0,0,0.0,-1,35,920.0,103.30270480337501,394.4092,0.0,41.65521221681882,0.0,152.71,-8.175443791029323,0.017659457301449556,0,1064,0
D8AE955C-E591-4791-9CBF-FE419A630610,12751,10,79.55555555555556,0,0.0,0,0.0,-1,131,452.0,244.04828117341032,403.7842,0.0,42.800144849750176,0.0,290.387,-9.053306281434999,0.059799196539817044,0,1064,0
CE5B2C9F-07AD-4F89-8889-80F2C0E4C5B9,5789,3,250.0,1,0.06305061323199171,3,0.18915183969597513,842,134,961.0,192.11429436672833,445.0473,-30.34,58.28934129492849,0.0,268.63302,5.784422904104986,-0.27345087785606786,0,1064,0
28DA31FA-71CF-4651-BD2D-702C8645BA99,12751,5,143.0,3,0.08587561759861972,803,22.98604031056388,263,93,450.0,143.1715504519401,306.24,0.0,49.794545627923405,0.0,202.07,-11.09108980379196,0.3003251561691441,0,1064,0
8EE5AAC7-E730-4E0F-814D-0FD7021F3306,1352,3,113.0,0,0.0,0,0.0,-1,167,887.0,97.48328809365583,237.58,0.0,31.325841617814838,0.0,136.48668,-4.868846484087925,-0.10037562007664486,0,1064,0
98DA4ABA-30CE-4BBD-9C92-A86A1AE277DF,515,6,18.6,0,0.0,0,0.0,-1,335,226.0,22.725708251514952,70.25793,0.0,10.30101691918357,0.0,34.983038,0.4465424498739381,-0.03186458469669387,0,527,0
ED2FF8D8-C022-4CA5-BBD1-CF2B7470FD98,6081,3,207.0,1,0.060023022529189285,30,1.8006906758756784,963,389,653.0,141.5437512660793,312.0,0.0,74.15815277558443,0.0,226.5,-14.078936451264497,0.018324964673157994,0,1064,0
D63D69CD-8056-448A-834D-A586FBAD43F9,4063,3,186.5,0,0.0,0,0.0,-1,387,1454.0,260.89072253074045,690.0878,0.0,118.35507015530591,0.0,408.679,-27.111372900030574,-0.32404354743831637,0,1064,0
3253AA9C-A677-4F6D-8C47-F84B5CF9A766,6744,8,134.0,1,0.05412218268090154,3,0.16236654804270462,747,82,472.0,171.54346071565354,875.9766,0.0,37.768046025548045,0.2706109134045077,217.1631,8.118615783574853,-0.6240899260170074,0,1064,0
705149D9-EC34-47C5-AE18-70CA66BB30E4,10114,7,129.33333333333334,5,0.18044295036582955,444,16.023333992485664,335,192,276.0,114.8946481206742,222.8,0.0,30.280076655083718,0.0,152.79399999999995,3.7000771879677785,-0.012819284959848605,0,1064,0
3E5F5EA7-229F-43C5-ACB6-31BB16E119AB,5828,3,88.5,5,0.313143445435827,177,11.085277968428278,167,254,188.0,22.59919076186057,82.0,-146.6096,9.518746033952139,0.0,34.0,1.650963559127085,0.06825591179521671,0,1064,0
8822DF66-4505-49AB-A848-E43FE989B197,2302,4,284.3333333333333,2,0.317115551694179,435,68.97263249348393,791,14,800.0,185.75997561865796,339.13,0.0,40.449521825367064,0.0,237.59,34.384234257885254,0.15478267207179144,0,1064,0
0D0A767F-EBB4-4406-B84D-335B96C1D7AE,12751,5,137.5,0,0.0,0,0.0,-1,235,693.0,158.53723397910323,356.0,0.0,43.15385908075075,0.0,208.3,-4.464332744535341,0.5289761195939755,0,1064,0
E515D8AF-829D-4C8C-8EA3-8FB73BDB2737,3596,3,154.0,4,0.40600667408231367,213,21.619855394883203,393,181,150.0,20.36477089283497,84.0,0.0,13.078630175305296,0.0,39.0,-6.717085707649783,0.166222281671714,0,1064,0
C1BD0250-66A2-4DA0-88F3-7804E8371109,12751,4,53.0,4,0.11450082346482629,221,6.3261704964316525,215,377,100.0,34.231100404556656,72.12,-20.2006,13.946103528874355,0.0,49.8,2.7515230693630954,-0.046144862648031845,0,1064,0
295C66AE-7C82-4E81-A5DE-E9DD0818BFDF,3910,2,7.0,2,0.18670076726342713,16,1.493606138107417,807,369,452.0,75.17845800818915,214.0244,0.0,35.01228242357222,0.0,121.6519,-4.850969631105826,0.17679511088039782,0,1064,0
D43B94DD-D497-4DC6-8FDA-B97D71C6C380,2770,10,110.66666666666667,3,0.3953068592057762,269,35.44584837545126,601,4,473.0,102.68681825262897,263.855,-44.05509,33.036873652114366,0.0,145.8435,10.551050565272277,-0.21549265338668472,0,1064,0
66E888E2-5EF7-46A2-8D90-4C7EFDF1C081,12751,7,134.5,2,0.057250411732413145,204,5.839541996706141,835,170,452.0,96.13410451142758,305.7543,-30.05048,62.84146451401937,0.0,156.16122,42.65494957267737,-0.026667053035375064,0,1064,0
D4C6545C-E04F-44FA-A5E1-F4FF96372DE4,6487,5,150.0,1,0.05626637891166949,79,4.445043934021889,471,369,266.0,59.484993150296404,251.3341,0.0,39.568802642089324,0.0,117.71391999999997,35.546826588438165,-0.5947667423525125,0,1064,0
3A171E90-2058-4BBA-BA24-0F764AB7ADBD,8305,8,76.14285714285714,5,0.21974714027694162,375,16.48103552077062,0,82,450.0,46.32651955031671,460.9563,0.0,35.512688809379924,0.04394942805538832,102.58005999999999,-13.884338364913937,-0.027204668793212754,0,1064,0
E946F0DA-6E00-490B-A0FD-2C018F732C83,5602,5,121.5,0,0.0,0,0.0,-1,366,858.0,211.50059270935316,841.4727,0.0,71.32338178811428,0.0,294.6343,52.8777492736715,0.5683289059403789,0,1064,0
C2127EBF-00FE-4E9F-B978-E53A692AA9AD,3939,7,53.333333333333336,0,0.0,0,0.0,-1,44,529.0,91.37341206006263,1199.524,0.0,58.44639029068678,0.09266311246509266,160.4004,-10.79638385473855,-0.7408385804868959,0,1064,0
2DA285B5-C033-4B53-A60D-0A7E6ECE1674,3848,4,104.33333333333333,2,0.1897089397089397,324,30.732848232848234,650,363,301.0,78.21546766625056,522.0,-126.4236,27.139475658166262,0.1897089397089397,97.5,-0.12094606131229568,0.12231448326946887,0,1064,0
ABEF99A0-CDEA-4A8F-B398-A42175A5A6E4,5248,1,0.0,1,0.06955030487804878,143,9.945693597560975,836,362,376.0,60.67113517301763,207.48,-181.4281,16.02037441119806,0.0,80.97978599999999,-10.143869261945099,0.0022514260103927643,0,1064,0
2B237092-E2D5-4546-9B3B-00032C042A74,8461,5,67.75,2,0.08627821770476303,94,4.055076232123862,362,362,271.0,73.34860742053836,162.3771,0.0,25.548423564563457,0.0,107.93749999999997,-17.553576419226623,0.043366208519460187,0,1064,0
A3757C7A-557A-4C32-8414-0181B78DD544,12751,2,243.0,2,0.057250411732413145,23,0.6583797349227511,25,362,301.0,37.924996242002,128.0,0.0,14.176301027152322,0.0,56.0,-4.6454437728662015,-0.02191920127316626,0,1064,0
044D2030-8A75-4C9B-B2C2-D203522170BC,12751,10,68.55555555555556,1,0.028625205866206573,6,0.17175123519723945,363,361,452.0,228.26092086590808,370.1843,0.0,46.61282941364037,0.0,291.3574,4.9092569041536365,0.03703937919268575,0,1064,0
09B31A71-CAC2-4E04-B4CF-2E157DE15EF8,458,5,1.0,2,1.5938864628820961,170,135.48034934497818,88,359,452.0,67.3995307442996,147.046,0.0,27.83638944474231,0.0,113.13,-8.818556645534166,-0.03616362179607314,0,604,0
AE400705-ECD5-40E8-BD0C-EACA2712A65D,4738,8,104.57142857142857,2,0.15407344871253692,63,4.8533136344449135,158,14,126.0,46.32391916709693,143.7,0.0,14.415341688667745,0.38518362178134236,64.5,-4.205053426356194,0.08049613463935679,0,1064,0
9D94996F-3AF4-449E-9E14-D8A0FF6B4B2B,4708,5,91.75,0,0.0,0,0.0,-1,355,870.0,324.0345987763304,574.03,0.05112257,63.91585447065767,0.0,401.31198,36.265431115644844,0.4483198092125092,0,1064,0
93ED9622-C4B5-4DF9-809F-49D53655E66A,12751,14,44.07692307692308,1,0.028625205866206573,693,19.837267665281157,763,187,452.0,228.37386045403267,388.0826,0.0,46.56034208499246,0.0,293.541,11.864437437171034,0.06368412495175138,0,1064,0
90406650-B2C8-4D79-80EB-FBE0051A221C,530,1,0.0,0,0.0,0,0.0,-1,353,416.0,32.78980159800896,152.6105,-320.1438,29.39779304352729,0.0,70.624768,6.561446105463261,-0.042707231067833244,0,800,0
4BBBCD2F-5319-4621-AD46-0CDF609BF552,12751,6,89.8,0,0.0,0,0.0,-1,287,1245.0,594.0787592724515,1138.26,0.0,136.8536980350285,0.0,754.31,109.05337961643738,0.7912952787946259,0,1064,0
0F4626AA-2E91-4390-B948-4686E8B3F4C6,530,1,0.0,0,0.0,0,0.0,-1,351,416.0,32.373016289788296,529.4462,0.0,29.512639706928386,3.443396226415094,70.36186,6.772998681585165,-0.04156104381872107,0,800,0
8E8B43CF-CAAB-4851-BF3C-B0EA1DB9267E,9633,12,39.90909090909091,3,0.11367175334786671,927,35.12457178449081,485,351,472.0,116.5407925841955,798.7671,0.0,35.69651547876717,0.0378905844492889,159.1797,-29.8935567392881,0.06441470063339776,0,1064,0
7F009C31-F8C1-482C-8931-B8E8A5A7A4D9,6723,3,301.0,3,0.16287371709058457,315,17.10174029451138,32,348,271.0,91.00528876689367,196.3328,0.0,15.407743815794786,0.0,108.60773999999999,3.5035622047112582,0.04063117427725637,0,1064,0
781BF431-2FF4-4439-AEEA-8D061FE10A3F,8716,4,103.33333333333333,1,0.04187700780174392,205,8.584786599357503,80,31,1023.0,134.65434141575224,494.345,0.0,79.3341558219799,0.0,246.679,-18.846162789209046,0.15009727384028212,0,1064,0
093C4FA8-F9CF-4F3E-B5D6-F4B3FDE93482,4205,4,186.33333333333334,8,0.6944114149821641,945,82.02734839476814,15,334,756.0,247.01124552308062,420.0,-26.54484,39.419241888021155,0.0,292.5,21.911786884326773,0.8939113710881105,0,1064,0
C20FA49F-6282-409C-B929-B381EFEFBFF9,9616,7,47.666666666666664,7,0.26570299500831945,2420,91.85732113144759,682,324,141.0,38.48966850915318,120.0,0.0,17.727433507125173,0.0,58.2,-5.7699262252025605,-0.008039177218984641,0,1064,0
CFFEEEAF-0A23-4D7D-9526-D5875D45E1DD,737,8,117.0,2,0.9905020352781547,11593,5741.445047489824,573,131,226.0,45.586819732430534,416.0,-8.7,18.913737606970198,0.49525101763907736,66.0,-8.298702448479915,0.05520423188959185,0,1064,0
2947A2FD-92C9-4582-8F94-09CAA38BD4C3,12751,7,19.333333333333332,1,0.028625205866206573,7,0.20037644106344601,294,251,297.0,37.27490457155556,199.05,-37.58214,19.69777112629237,0.0,65.06,-3.4862942320493886,-0.05576806292961555,0,1064,0
4542F5A7-6E08-48C7-A40D-DF73520189BD,753,8,135.42857142857142,3,1.454183266932271,2703,1310.219123505976,37,34,226.0,47.09128888934196,361.0,-31.0,19.290455983559813,0.9694555112881805,69.0,-0.17956049428023135,0.04737096029226379,0,1064,0
221573AA-43DA-4D40-ABBF-84545988447F,8639,11,64.4,0,0.0,0,0.0,-1,154,403.0,93.10016029464012,305.9064,0.0,32.332190384072064,0.0,136.6968,-8.246949270951859,0.07633323033317016,0,1064,0
97DA23A0-9719-48C1-A30A-B077EBEAFBA2,9049,3,30.5,0,0.0,0,0.0,-1,313,452.0,114.0968038717183,300.61,-46.17,46.223067708393124,0.0,175.13,22.340112023343437,-0.17576531339045343,0,1064,0
D8C2BE43-382E-481B-B564-0245CF70823B,4381,3,125.5,0,0.0,0,0.0,-1,61,99.9995,24.216870257694097,119.8853,0.0,12.879853727138023,0.08331431180095869,42.1875,-6.566674702832987,-0.015501079806795288,0,1064,0
D46170DF-C4CF-4244-A0F1-56C7ED6C1D0C,10011,12,57.72727272727273,6,0.21875936469883128,1362,49.6583757866347,142,40,259.0,91.057805223944,156.75,-121.8648,17.04551904410463,0.0,112.5,9.88727579457452,0.08981111351186301,0,1064,0
65086A22-90E5-418C-8FE5-AFD21B477971,12751,8,78.85714285714286,1,0.028625205866206573,324,9.27456670065093,310,309,555.0,75.86738816528656,344.4,-21.24427,51.245876761109386,0.0,144.0,-4.36706358920631,0.18192743357987373,0,1064,0
70C65F87-2E0A-4FD2-A063-F87E064F9BE1,4990,12,83.63636363636364,1,0.07314629258517034,4,0.2925851703406814,287,35,452.0,127.67773164299672,321.0,0.0,38.14677976631631,0.0,177.0,16.559768357003293,0.2800119356297894,0,1064,0
393BC993-536C-417C-BA81-60FF9F395097,3666,3,0.0,1,0.09956355701036552,192,19.11620294599018,836,305,451.0,142.6513716753555,328.3166,0.0,101.7577140065459,0.0,287.94678000000005,4.5172041108790495,-0.8590692751304077,0,1064,0
6ABFCF04-1648-438A-9F7D-D0D42C6A2645,3997,3,115.5,5,0.4565924443332499,247,22.555666750062546,27,306,99.0,14.06640174352807,155.4983,0.0,6.373826014342107,0.6392294220665499,25.3,-5.17033689823486,0.12202549016802157,0,1064,0
B3ED7F8B-BF7D-4EA9-8CF8-764506F8FA14,12751,9,62.125,5,0.14312602933103288,1146,32.80448592267273,66,16,800.0,292.84437466259715,638.9465,0.0,86.17164136169583,0.0,398.9868,-5.58572523358481,0.07693559079054722,0,1064,0
5CCFA156-830E-46F9-8D51-5815272EFE68,1986,4,153.0,1,0.1837865055387714,92,16.90835850956697,960,299,276.0,115.34202766415918,928.006,0.0,23.086888438371414,0.918932527693857,144.18474,-2.2844507891591803,0.18178723918466483,0,1064,0
C850A04F-46E0-4B44-9B44-2EF8428B8E9C,12751,6,153.0,2,0.057250411732413145,207,5.925417614304761,109,220,1370.0,251.94662535504915,842.9,0.0,132.6893331873209,0.0,437.734,-60.72803816369114,-0.404286754080499,0,1064,0
96D134A8-2554-40C7-A6FA-2CE6F76BC128,12751,4,88.0,0,0.0,0,0.0,-1,285,540.0,104.21520322566941,228.0,0.0,39.1842243177624,0.0,157.0,-9.34321248492867,-0.0751906385334278,0,1064,0
20B1E304-E6E1-4BB6-BB65-333FA534C91C,5117,14,57.69230769230769,1,0.07133085792456517,12,0.8559702950947821,425,284,489.0,160.18601181645283,432.0,0.0,72.24546247320934,0.0,251.0,-42.65252416213184,-0.002008935716914448,0,1064,0
B952BE16-2028-45C6-8A6C-F90063BF8DA3,4329,9,49.125,1,0.08431508431508432,321,27.065142065142066,836,279,452.0,131.29388428486308,266.0443,-1.68,42.24393363621645,0.0,188.86308,-27.93922309427667,0.2038166289818828,0,1064,1
52717067-F22C-49F8-971A-C341FB9C58D2,4329,16,49.4,4,0.3372603372603373,327,27.57103257103257,209,244,301.0,14.033739429424733,102.9604,0.01752469,3.4512541845855864,0.0,18.17334,-0.8684276363691783,0.008088679910858772,0,1064,0
674D8274-555B-4237-BBE7-4A4DD6B87DED,7012,15,71.07142857142857,3,0.15616086708499716,153,7.964204221334855,245,17,472.0,158.6412178434974,482.9102,0.0,40.19350514123611,0.10410724472333144,198.8525,-1.3118929669541899,-0.523315843459361,0,1064,0
40BD559B-B854-4802-AAB1-3084DCB120F9,12751,14,61.46153846153846,2,0.057250411732413145,531,15.19998431495569,298,76,100.0,25.636871648558568,235.4852,0.0,9.762688182467079,0.14312602933103288,36.5,-11.81784386630548,-0.44503430933703403,0,1064,0
E10E0B59-BAC2-49E7-A361-9292C7DF3965,369,1,0.0,0,0.0,0,0.0,-1,276,473.0,73.59706826694801,750.047,0.0,41.405884987883965,3.956639566395664,128.1602,5.791826121323595,0.07785340081975978,0,414,0
0F938D37-20F0-41B2-8539-C48E24236A39,12751,9,91.0,0,0.0,0,0.0,-1,275,800.0,287.0683959737136,456.4819,0.0,67.91184451651525,0.0,370.5322,0.05341256023694996,-0.0324979274764626,0,1064,0
DD62E7B5-6E77-446E-BD93-B8D728F05646,10273,9,91.375,5,0.17765015088095007,59,2.096271780395211,559,0,407.0,174.0602007587888,347.0,-16.82,51.19741559601056,0.0,239.0,-21.062747055085083,-0.22882769020425717,0,1064,0
EB075F9B-63E3-4157-9EB2-E559CBF7AE9E,3243,2,780.0,0,0.0,0,0.0,-1,265,226.0,36.30486960565856,113.1586,-32.85494,17.306762727520596,0.0,60.1883,-9.648550039377692,0.16901374445099981,0,1064,0
0E8744D7-AFE5-4969-BC9E-C8CF208F4C3E,5989,6,121.0,1,0.06094506595424946,42,2.559692770078477,202,229,489.0,97.10928256829098,244.2205,-0.4180517,30.067976992606074,0.0,135.96341999999999,-6.494374930945298,0.20538218501018904,0,1064,0
B0812993-F37E-4499-A0CF-346635825E82,1094,4,239.0,5,1.6681901279707496,140,46.70932358318099,521,253,887.0,188.24640134207587,637.2681,0.0,77.57959742494614,0.0,281.0822,-20.202083524946232,0.1026135049713024,0,1064,0
F885761E-B4E9-4892-966C-BF14A6414F79,6982,8,89.85714285714286,3,0.1568318533371527,69,3.607132626754512,237,247,490.0,86.96559352392961,251.4025,-23.54589,37.35269027880853,0.0,134.78688,-2.772104444377149,-0.06372629258404477,0,1064,0
E46E07CE-14C5-488C-A7DA-B4961E2EE29C,12751,7,144.5,2,0.057250411732413145,47,1.345384675711709,357,177,403.0,43.63941860829897,197.3,0.0,26.7290959345859,0.0,80.5,8.806244971947947,0.20931709676087545,0,1064,0
853B2A98-BB89-4CF7-ACA6-783BAAA2BFD0,2647,2,1.0,1,0.13789195315451455,277,38.19607102380053,836,243,301.0,103.28847461521366,592.7252,0.0,19.51534548767123,0.6894597657725727,130.02224,13.658567154848072,0.15323378550496325,0,1064,0
938B7EB9-30F7-4CC5-916A-3522AEB20D24,12751,6,203.6,0,0.0,0,0.0,-1,34,693.0,140.57451513177156,339.4254,-0.214293,51.1822907630576,0.0,222.10381999999996,-41.922566287635775,0.20194683376653882,0,1064,0
62350768-56A6-45AA-84FE-ACDA16D3E757,12751,8,93.57142857142857,1,0.028625205866206573,22,0.6297545290565446,844,186,452.0,169.53000965642096,326.0,0.0,52.46580242026577,0.0,233.0,-18.538111508272806,-0.19780980047849347,0,1064,0
65A025C1-444F-4856-870C-D631C3C1A59A,3800,4,186.66666666666666,1,0.09605263157894736,55,5.282894736842105,663,243,452.0,106.04352121546289,297.67,-0.5719568,42.919271687687065,0.0,159.45546,-16.2580860177777,0.19124778409432322,0,1064,0
6596D8C1-F67C-49FC-BD69-46FCC509FF94,2753,8,45.0,4,0.5303305484925536,112,14.849255357791499,218,0,1181.0,313.7901174660187,674.7599,-4.882999e-06,89.33299056968428,0.0,429.0979999999999,1.5421879968502594,-0.2583723024903494,0,1064,0
E10F250B-888B-4DD7-BDEC-6862BD43F761,12751,6,113.6,0,0.0,0,0.0,-1,157,706.0,214.3407378938608,668.6909,-0.04,87.40194520996572,0.0,308.3496,13.926029314472544,-0.8705610670169891,0,1064,1
CEE998A4-39A9-42D6-81E7-4FA37CF7086C,1001,4,223.0,4,1.4585414585414587,272,99.18081918081919,359,181,301.0,120.54959833742328,244.0679,0.0,22.425301280063174,0.0,145.1992,2.9827794125767184,0.5153722786225511,0,1009,0
0352433F-3BB4-44E3-8CF2-999700F5D7CF,2735,4,254.33333333333334,5,0.6672760511882998,527,70.3308957952468,417,21,166.0,41.68693055030162,106.7666,-10.78819,10.673356367962059,0.0,56.15134,1.849949337044059,0.004011273349891694,0,1064,0
819430A9-5491-4BF8-9511-91228BB1B29F,8422,5,202.25,2,0.08667774875326525,428,18.549038233198765,7,90,284.0,33.25897741854948,243.4866,0.0,55.006375371637105,0.0,125.8481,35.12971111231472,1.2720076744145254,0,1064,0
D6471B2A-9253-4B30-95B0-32699A51325F,12751,3,94.5,4,0.11450082346482629,6284,179.88079366324212,172,234,1370.0,434.9552613932696,871.63,0.0,125.34638121848033,0.0,609.83,-12.743099356232563,2.009232083978965,0,1064,0
DB06597D-4FC8-4EA8-976B-6780A98A79E6,894,2,0.0,0,0.0,0,0.0,-1,232,250.0,23.04480727791474,82.2095,-6.962652,12.979208856726846,0.0,38.27318599999999,0.571400943535874,0.00028853350834341163,0,1064,0
86C3E933-98B8-4ADA-827E-279C1C5EF633,2274,3,237.5,2,0.3210202286719437,268,43.01671064204046,45,233,452.0,63.32787258131213,231.0,0.0,30.38254810815302,0.0,106.0,-15.697857149213363,-0.01737657369684563,0,1064,0
50268015-DCBB-415F-B4B4-946B81D7272D,3250,3,0.5,0,0.0,0,0.0,-1,232,417.0,38.750155867705395,284.6,0.0,27.62272118206661,0.0,76.0,9.295044749578558,0.20626928107261408,0,1064,0
1ED97052-3D8C-4DFA-8C03-0BD915897D56,894,2,0.0,0,0.0,0,0.0,-1,232,250.0,23.057305267392998,168.0,0.0,13.086986909868637,0.0,38.313808,0.593382436310705,-0.000260057505979518,0,1064,0
983FA7B4-487F-44D5-9898-82D148985D61,12751,6,165.8,2,0.057250411732413145,67,1.9178887930358404,54,75,399.0,153.88586907706576,334.9197,0.0,42.98905077324431,0.0,195.96996,7.760374210326233,1.0592359530402415,0,1064,0
B91B5C6C-6661-443C-9A47-A42052D4C8DF,12751,9,95.75,2,0.057250411732413145,130,3.7212767626068546,90,132,251.0,107.65938166227686,199.7,0.0,27.083801438729353,0.0,143.3,-13.059451106721298,0.13550300562932419,0,1064,0
3F087177-A702-4FFD-8DDA-90CAFEBE3427,12751,13,16.25,6,0.17175123519723945,41,1.1736334405144695,85,77,236.0,102.21027012362441,226.7761,0.0,22.729512821380602,0.0,130.0049,-1.8676195086552667,0.0344308663328547,0,1064,0
E5BDAC79-F720-49E4-911E-AD54290DBA2E,347,5,32.25,11,11.570605187319885,1196,1258.0403458213257,84,165,151.0,21.96139791078737,72.591,0.0,14.268517641230563,0.0,36.711,8.965334882422507,-0.006358200315112608,0,471,0
C02A2364-7C86-49B5-94A7-1314E72DF8B5,12751,8,139.57142857142858,1,0.028625205866206573,33,0.944631793584817,53,53,377.0,141.50132130353515,354.35,0.0,32.71539820060998,0.0,168.2281,-48.99520335831912,0.8212358559155093,0,1064,0
58B83194-807D-4677-9C88-F8300C24D2CF,4897,8,119.14285714285714,6,0.44721257913007967,460,34.28629773330611,232,13,301.0,67.56427617701766,179.6577,0.01739342,11.55448859324126,0.0,82.144746,11.565609568456097,0.06397911392418425,0,1064,0
E4E31BBF-8D77-4DDB-A964-B07912693386,12751,8,38.0,4,0.11450082346482629,385,11.02070425848953,180,47,800.0,293.60362874368485,535.5622,0.0,67.89001383349033,0.0,378.02178,-6.413905880413267,0.016433515352557847,0,1064,0
324AFB1D-3068-4650-930D-2DC56B95C98B,8496,7,92.66666666666667,1,0.04296139359698682,58,2.4917608286252357,426,219,256.0,77.57163873675557,534.6613,0.0,48.502897169892016,0.2577683615819209,146.62854,39.21738663561325,-0.36620706940209447,0,1064,0
0959092E-7BF9-4CAB-8090-CDF2B9569A6E,1764,1,0.0,0,0.0,0,0.0,-1,219,99999.0,66.58976852695758,302.715,-4.726318,81.85952833863689,0.0,214.7741,6.776749662687465,-0.20737272703015439,0,1064,0
23F740A0-66FE-4729-B02B-EDE286F0663D,12751,19,48.388888888888886,2,0.057250411732413145,58,1.6602619402399812,211,94,281.0,80.4934550441483,183.2,-1.996812,24.77738657777719,0.0,111.33,11.499693103999846,0.17103282641195755,0,1064,0
14A135B0-F3E4-4A4E-8FDF-BBD69D993931,12751,14,51.23076923076923,2,0.057250411732413145,27,0.7728805583875775,298,137,887.0,248.18180544411695,593.2,0.0,105.55281565247246,0.0,357.2,55.47654332131515,0.578172808256816,0,1064,0
864540A9-190E-422C-ACFE-F9A9823DBA84,2611,3,341.0,1,0.13979318268862503,308,43.056300268096514,836,217,602.0,78.10823936192558,242.8182,0.01071729,42.635709051959,0.0,147.46465999999998,48.77819911492627,0.1202643467996686,0,1064,0
7A158859-C4BD-4450-B4B5-75650AFC04FB,4430,9,123.0,1,0.08239277652370203,449,36.99435665914221,836,8,1665.0,136.56431318310763,1553.569,-24.5,139.17833055157152,0.0,348.3175799999998,169.65144778583146,0.3563303182428991,0,1064,0
9E62F979-A179-4F88-86E7-38ACA676731D,3715,3,175.0,2,0.19650067294751009,198,19.4535666218035,805,215,301.0,99.50235839948498,232.2697,0.0,37.261125448638026,0.0,146.5032,8.713178179990322,0.3129125062998409,0,1064,0
0E07EAFD-5109-44B6-8A6B-C76AF6595D2E,2175,4,41.333333333333336,3,0.503448275862069,248,41.6183908045977,236,181,301.0,89.97015793379387,189.6746,0.0,36.049790713639744,0.0,130.1806,6.935669363659841,-0.11605080989289336,0,1064,0
B8E56FCB-06BD-4FED-A6CC-EE00F46BDF56,10322,8,17.571428571428573,5,0.17680682038364656,3677,130.02373571013368,181,143,407.0,177.77145816858052,354.0,0.0,52.82739225115007,0.0,243.0,-21.017600143889155,-0.0760857536139997,0,1064,0
18218745-2D63-4B41-8766-EA8B62385C69,12751,7,140.83333333333334,0,0.0,0,0.0,-1,3,489.0,80.66423622644716,234.3736,0.0,25.662765767595857,0.0,111.0,0.06670513157753533,0.46175368015249785,0,1064,0
5C9BE7A7-AA37-485B-909B-00F453F9CE90,4262,1,0.0,2,0.1712810886907555,790,67.65603003284842,773,207,312.0,25.47514479053298,188.0,-8.292095,27.77023723616983,0.0,74.0,-16.49080360457002,0.12520963611881356,0,1064,0
8705BB84-E115-4C31-BD92-8B4A77C586DC,12751,6,132.2,3,0.08587561759861972,1264,36.18226021488511,552,197,200.0,42.77201043089532,106.0,0.0,19.988274933177337,0.0,70.0,-4.696470307438531,0.10847755552808552,0,1064,0
02DE9555-030F-4CEB-9826-8027C8D8866F,12751,5,139.5,4,0.11450082346482629,458,13.110344286722611,836,117,259.0,113.32711587409074,954.9747,0.0,34.91454102103094,0.14312602933103288,155.3484,15.064926498440116,-0.0995683682287162,0,1064,0
39A3D048-F051-4059-A42B-7CF3509A5139,6734,5,199.25,2,0.10840510840510842,33,1.7886842886842889,33,197,223.0,32.27438808409466,145.1878,-2.8,16.899657178784636,0.0,54.45505,-11.883800177651757,-0.040822619060073624,0,1064,0
B86D9233-90F3-44E4-A9E8-78D2E0B1DC5A,5161,5,140.25,4,0.28289091261383453,226,15.98333656268165,314,194,490.0,127.95249893527748,280.41,-81.1172,33.53524064643933,0.0,173.62,-5.995637052561435,0.10514701460617083,0,1064,0
822231DC-09F1-428B-A704-46FC74A68F2A,6935,5,167.0,0,0.0,0,0.0,-1,171,1270.0,323.3348549256504,719.12,-5.19811,111.55675632636368,0.0,459.614,38.47640973484346,-1.0039744372880228,0,1064,0
38238D1F-2E54-4556-A09D-2389F9AEE16E,4848,5,173.0,0,0.0,0,0.0,-1,194,497.0,73.56959280515925,201.0,0.0,37.195443912770244,0.0,126.0,-12.191352064418503,0.20550856758717173,0,1064,0
13833E7F-3713-4F53-85C4-5A6652F8065A,12751,5,159.0,1,0.028625205866206573,45,1.2881342639792959,837,163,452.0,56.96282385170483,205.2612,0.0,30.310868210048728,0.0,98.07129,-12.55484215054743,0.12146938426911134,0,1064,0
7A3ED9C6-E64E-4BA4-9BDC-8A012AB76DF8,4370,3,283.5,5,0.41762013729977115,230,19.210526315789473,336,187,452.0,165.16307994134212,355.5764,0.0,60.902588234996216,0.0,246.50943999999998,-61.217513242268026,0.08623129948360668,0,1064,0
0DF7E048-E83E-4498-A720-482CCA458E66,12751,10,102.11111111111111,0,0.0,0,0.0,-1,13,266.0,120.79578021208182,194.0,-2.344,22.817132683940194,0.0,148.0,7.102059687609525,0.1380212638916292,0,1064,0
0C85AD71-ABBB-43F0-A0A1-43436145C921,12751,11,90.1,2,0.057250411732413145,37,1.0591326170496433,744,65,259.0,86.82109475984758,170.1,0.0,20.97245445937372,0.0,110.7,-4.158469146421652,0.16508474967810094,0,1064,0
D06E1410-9C36-4BC3-85D0-4F18DDA1A6C2,3127,10,103.0,2,0.23345059162136234,470,54.86088903102014,594,47,831.0,221.94922519544855,994.752,-48.74616,60.67194664034739,0.5836264790534058,296.35765999999995,-8.467571158411488,0.32241807069898415,0,1064,0
6443015B-EBB4-426A-BAFF-AFD88D559560,4007,1,0.0,0,0.0,0,0.0,-1,184,250.0,21.74844189027953,100.7812,0.0,14.80209650813451,0.0,45.15642599999998,6.541685792513679,0.10431115721080038,0,1064,0
4D2A2F97-7674-4BC5-832B-0C7D8D9BD081,8706,4,103.66666666666667,3,0.12577532736044109,290,12.158281644842637,444,128,314.0,63.2565014920886,236.0238,0.0,21.75444285758338,0.0,93.0,-9.719850257520704,0.24571946468009603,0,1064,0
4E406B15-0671-40D0-BD75-9BEC1D8FB8BB,5311,3,431.5,0,0.0,0,0.0,-1,180,768.0,88.8404130757874,257.9,-6.858307,29.030033245737712,0.0,130.9,8.559062232854572,-0.23891293163775645,0,1064,0
792BCFB4-4F15-47BF-9D97-B18346DF05BB,2721,5,212.75,10,1.3414185961043734,344,46.144799705990444,21,162,301.0,80.16179091120668,187.521,-21.52786,24.107690295201007,0.0,108.97787999999998,-14.358213327487547,-0.0020857788112905442,0,1064,0
560FFDCD-48C9-499F-9FFD-8CC02E008B48,12751,8,123.85714285714286,2,0.057250411732413145,108,3.09152223355031,63,57,800.0,294.3215623700877,841.8126,-63.92524,68.45543154594661,0.057250411732413145,378.82784000000004,-6.5994482750259635,-0.06269117111971269,0,1064,0
742017CE-7333-4270-958F-EB2F9006419C,10037,3,127.5,4,0.1454617913719239,102,3.709275679984059,182,112,491.0,66.82438664479405,288.1,-53.75211,29.164057971795337,0.0,107.7,31.632627244094834,0.2913625539046049,0,1064,1
9EB2677B-75FA-4C84-A833-11CE4A5BC09D,5311,3,280.0,1,0.06872528713989833,89,6.116550555450951,742,177,768.0,88.23337713048421,262.8,0.0,29.957838355322625,0.0,132.1,8.51149941272567,-0.24468944497044798,0,1064,0
17A853F8-A8CE-4A1D-AE94-32AF6BC42736,6424,2,63.0,1,0.056818181818181816,323,18.352272727272727,836,114,676.0,97.14555939065283,216.8579,0.0,24.832227665408187,0.0,131.6681,33.78780428604469,0.04498639433468255,0,1064,0
0EC82B9E-A2C8-4F31-A054-D53BAC6B8620,2765,7,45.833333333333336,4,0.5280289330922242,549,72.47197106690778,372,175,1247.0,213.39295058476412,1120.567,-27.28765,160.01669665329968,0.0,463.8742,116.99430000628527,-2.322133337590794,0,1064,0
50000832-22FC-46AE-B154-E74A23D7E98F,12751,13,49.166666666666664,4,0.11450082346482629,267,7.642929966277155,240,150,256.0,99.90375238683374,191.0078,0.0,27.072669381428977,0.0,132.0,8.835572490481056,0.07936003124346779,0,1064,0
1FBF8807-07B1-4E64-B30B-C2D1E1877D3D,12751,5,31.0,0,0.0,0,0.0,-1,43,490.0,44.86876066278013,199.9512,0.0,35.200066267046935,0.0,91.55273,13.286045233053208,-0.04695568949933348,0,1064,0
76D18AE2-B110-46B9-BE7B-1E7B80244F9F,12751,7,56.333333333333336,0,0.0,0,0.0,-1,35,452.0,145.4589978195769,345.5612,0.0,19.53152494526325,0.0,165.1245,18.811998637213208,-0.44622603327246185,0,1064,0
BB3CE716-58DB-4B32-970C-02A89E44791D,9098,3,283.0,1,0.040118707408221585,83,3.3298527148823918,836,166,264.0,83.35976327881077,168.5,0.0,27.796268106281747,0.0,121.4,11.65470431378182,0.006947948534932137,0,1064,0
48EE7266-1BDE-47A4-82BF-CDD1F395B94F,7666,5,165.25,1,0.04761283589877381,322,15.331333159405165,836,135,103.0,10.372779555920827,35.45337,0.0,2.3584328833682138,0.0,13.4354,-0.33507955592082794,-1.11735371645282e-14,0,1064,0
197B52E6-8B04-4F65-A492-9B84CD190EC9,12751,6,8.6,1,0.028625205866206573,5,0.14312602933103288,81,145,1083.0,292.8117347054853,867.1875,0.0,131.14849388505647,0.0,445.5872,55.721591938804806,-2.365251812489288,0,1064,0
254F228D-C6F6-48B2-B7FC-DD75BF4E652C,5794,3,204.5,7,0.44097342078011736,3276,206.3755609250949,141,165,538.0,79.06064327246467,261.5904,0.0,39.61154267650171,0.0,130.7952,22.88889376457236,0.8521756229620758,0,1064,0
32A76D07-F177-4B55-BD4B-878270ADF332,1352,4,76.33333333333333,0,0.0,0,0.0,-1,163,887.0,97.65628513105935,285.0,0.0,31.386333514175643,0.0,136.70814,-5.063442746028485,-0.09988299999723471,0,1064,0
5BFA5E09-A362-42B7-BA96-472D41DC178D,12751,24,33.34782608695652,1,0.028625205866206573,28,0.8015057642537841,744,57,251.0,70.89648889805694,235.7483,0.0,29.3611526167606,0.0,105.41058,-1.9034066449628,0.0005802626910800051,0,1064,0
CAFFBD2A-7BF0-4CC7-8871-DB1A6403BF51,9112,5,156.0,3,0.120171202809482,692,27.719490781387183,132,164,129.0,21.05473329928696,183.0408,0.0,4.451985739063219,0.120171202809482,26.85059,3.583421693691438,-0.009706197830518008,0,1064,0
4841D8B3-A9B2-4003-A5B5-DA09D70BE96C,12751,7,146.5,2,0.057250411732413145,446,12.766841816328132,551,164,377.0,162.46296825791234,605.0,0.0,43.00224014791568,0.057250411732413145,218.70466,34.46301791955682,0.022708324528901418,0,1064,0
E1A8FA71-2D4E-4C7C-8B97-8BBD0C91DA38,2576,2,1.0,0,0.0,0,0.0,-1,163,301.0,70.75321457126144,122.4362,0.0,12.604770299667337,0.0,87.825618,-4.792507997958964,0.1097188407330218,0,1064,0
30D3BFE8-F44A-4B29-9DC6-326B60A5615F,12751,15,35.285714285714285,4,0.11450082346482629,462,13.224845110187438,523,75,85.0,38.41407666128345,71.30127,0.0,8.876460558114132,0.0,50.05371,6.59393760029063,-0.02420372975063111,0,1064,1
92905D91-5F31-4F9F-86E5-BF755E08C9DE,4821,5,14.25,1,0.07571043352001659,434,32.8583281476872,836,160,693.0,58.754596851451254,168.75,-1.288032,31.99414458843943,0.0,101.25,-19.600951538951257,0.11403606383215023,0,1064,0
D931B089-7749-4B86-B7B9-766ADA0C110B,347,13,11.5,2,2.1037463976945245,1385,1456.8443804034582,54,76,804.0,170.432145785507,598.769,0.0,145.20953234079823,0.0,347.29337,90.24539613856709,-0.055381026669413504,0,549,0
39A868D5-CF3F-49E1-9798-927E95D83E24,10037,6,101.4,3,0.10909634352894292,169,6.1457606854637845,421,7,157.0,40.30196003762645,70.92947,-58.54089,9.54199010051212,0.0,52.476001999999994,4.4872691035116645,0.010766272784031269,0,1064,0
C129B3A2-C318-4389-9EC5-F6DAFD5593FE,12751,9,46.875,3,0.08587561759861972,68,1.946513998902047,741,87,1245.0,584.2098126883083,1092.41,-136.64,150.77987582045196,0.0,752.42,88.39562635490154,2.6753917899095163,0,1064,0
A1583F11-F115-4E6B-8407-9F2EE54C0B9F,12751,9,71.875,2,0.057250411732413145,48,1.3740098815779156,660,34,489.0,152.3435590438346,320.0,0.0,53.87655089469581,0.0,221.0,-9.59054978457533,0.00010866682201195601,0,1064,0
28FD5180-AB14-4ED6-8F46-FBD6DF6BC65F,9215,4,7.0,2,0.0792186652197504,5932,234.9625610417797,761,152,346.0,71.80473900061436,887.392,0.0,40.575344253589186,0.19804666304937601,128.5,12.04158816142268,-0.6501073177293203,0,1064,0
CEC5D20A-7411-4E20-BCF4-9E248A60837E,5830,4,187.66666666666666,4,0.2504288164665523,403,25.230703259005146,462,96,160.0,35.970074593437566,86.31833,0.0,16.858599327953577,0.0,60.10037599999999,8.722081482565521,-0.07907721626708655,0,1064,0
6FDCC79E-AE91-4A12-B0E5-DBC66A0B3E0B,12751,8,26.571428571428573,3,0.08587561759861972,523,14.970982668026037,15,31,489.0,127.15942439259054,534.0536,0.0,49.228399055024376,0.028625205866206573,188.18098,-16.841713465893008,0.16849120462678838,0,1064,0
B3AE58AF-D117-41E1-B509-AB12BD5D8F84,1709,10,56.888888888888886,1,0.21357519016968987,4,0.8543007606787595,620,146,1663.0,273.7488475220379,893.6599,0.09155414,91.96846547629329,0.0,378.7594,32.64413234678926,-0.002965137974578384,0,1064,0
8A9CF1CD-0742-4354-A6DB-E3BCD6310CD5,4836,9,105.375,3,0.22642679900744417,356,26.86931348221671,321,131,251.0,99.20481745946265,241.5,0.0,17.965079211518525,0.0,121.5,-7.774840607610798,0.0562769237627987,1,1064,0
991CF82D-9B61-487D-94EE-5A0FB7E9A4BC,1086,6,198.6,2,0.6721915285451197,439,147.54604051565377,155,26,888.0,116.83806679838177,413.2542,-40.0093,70.57859639636963,0.0,216.0136,15.061901349766359,-0.03729531737355924,0,1064,0
79BE139F-AB21-4F01-AFBF-B966A7F65F35,12751,5,43.5,3,0.08587561759861972,113,3.234648262881343,193,113,452.0,126.6871683656434,2175.495,0.0,46.5843706402262,0.028625205866206573,186.2173,-14.998191035936614,0.26555901136522037,0,1064,0
CE8A429F-C0C8-442C-8ED8-62FA0BE76EEF,12751,8,101.85714285714286,1,0.028625205866206573,25,0.7156301466551643,66,87,803.0,250.3613154299536,801.5453,-586.98,122.50853634038418,0.0,393.219,89.53695400323454,1.3067694929568452,0,1064,0
6A3BC26D-9625-4E3A-ACD7-46E7225FD9CB,7555,8,109.71428571428571,2,0.09662475181998675,561,27.103242885506287,718,121,208.0,43.03709231502479,118.5336,0.0,18.30826019048743,0.0,67.0,-3.4560544527562698,-0.00988840213993552,0,1064,0
7C97E11E-49F1-4C09-8FFE-9E5694BC59D7,8720,8,65.71428571428571,1,0.041857798165137614,11,0.4604357798165138,58,28,415.0,177.72813033846762,877.0,-6.2784,85.38073683148976,59.60550458715596,241.0,-23.40619331686267,-0.4570884534534897,11,1064,0
A183AE88-0CCD-43E3-9CFD-1C22EA5B9BFC,182,5,7.5,2,4.010989010989011,96,192.52747252747253,69,131,555.0,32.1329579802099,799.0777,0.0,30.1508223925015,4.010989010989011,74.85655,-0.6690236491836714,0.009979324438521018,0,218,0
F758E62E-6DE1-47DD-B4A9-8A8D43EA40F1,4345,7,88.33333333333333,5,0.42002301495972383,1028,86.35673187571922,191,113,452.0,131.61048358563986,2256.745,0.0,47.4267817225195,0.3360184119677791,192.0,-14.88255568209047,0.2803182193862685,0,1064,0
DC1037C6-DB13-4BB4-B5DF-ED9615D88208,7312,6,186.2,1,0.049917943107221,16,0.798687089715536,895,38,414.0,40.033910771781684,226.7578,-12.7,36.13207969118851,0.0,83.20312,-39.08702954338662,-0.01804189011103488,0,1064,0
BFF392BC-577A-430C-96D3-5D0E2112E162,9286,9,68.875,0,0.0,0,0.0,-1,20,452.0,1.7491157060807674,128.9625,0.0,7.844209926163079,0.0,0.0,8.616976501743308,-0.35986946455626023,0,1064,0
054F99E1-BBE0-4652-BF4E-1D72094A40F4,5468,2,124.0,1,0.06675201170446232,41,2.7368324798829553,166,10,490.0,141.08601418660584,349.63,0.0,46.087233924027004,0.0,200.77,-4.1636763540440995,0.24781109464176165,0,1064,0
0D2A5155-DBEC-439D-A275-E3705BD72AA8,12751,5,175.75,14,0.40075288212689203,3255,93.1750450945024,104,134,376.0,145.33059764797133,338.0,0.0,47.9167744147453,0.0,211.0,-8.20544332698367,0.008488130679009838,0,1064,1
15238378-C75A-4456-A293-8EACB714B279,9771,4,227.0,2,0.07471087913212568,11,0.4109098352266912,257,131,151.0,21.10166790877385,43.0,0.0,5.491772470323212,0.0,28.0,-1.32157531618126,0.03685948882576452,0,1064,0
E6946B30-E217-4772-A8F2-EDDF48594007,348,6,76.6,5,5.244252873563219,145,152.08333333333334,322,104,226.0,45.59269887523258,127.0,-89.3,16.3368688848543,0.0,66.0,-5.068856282639985,0.01654050797305353,0,1064,0
A9CF3A2C-161B-4512-8A8C-CF3B45C25843,12751,12,62.18181818181818,3,0.08587561759861972,297,8.501686142263353,18,0,741.0,244.3942622456293,396.7578,0.0,51.25962054184528,0.0,291.58042,-54.585375758823744,-3.168518253214894,0,1064,1
452330AD-2F39-4C09-B014-3E21FDCF4046,289,7,33.166666666666664,0,0.0,0,0.0,-1,79,472.0,50.092390117499015,999.1739,0.0,70.43293025283059,3.7889273356401385,149.99295,-18.40673033730611,0.030967850438475174,0,387,0
6D8E26F6-EF80-49A0-A334-86A9CC07606B,12751,4,23.666666666666668,1,0.028625205866206573,16,0.45800329385930516,1048,127,276.0,55.37451131830608,138.1836,0.0,17.716773276672,0.0,75.933544,-9.723612152411015,-0.09827561480937522,0,1064,0
373BE085-2525-463A-856A-036D6A1FCD2B,9613,4,35.333333333333336,1,0.03796941641527099,91,3.45521689378966,453,128,271.0,25.974267949845434,77.65625,-53.40542,17.239348362754612,0.0,46.65331999999998,6.8392590763891405,0.050536656884907404,0,1064,0
99CD5C44-DBCF-4F5D-8CA3-FDD9508FC4FE,2910,12,49.81818181818182,1,0.1254295532646048,75,9.407216494845361,223,0,452.0,153.41389182549165,353.7225,0.0,61.838966201028576,0.0,232.57098,11.035791227749087,-0.20928971604661542,0,1064,0
98BAFF66-96A5-46FD-AEEB-947E869F99D9,5119,2,0.0,1,0.0713029888650127,7,0.4991209220550889,84,124,1039.0,161.08392763106266,628.5,0.0,79.77048176161563,0.0,270.2,-62.81530108785279,0.18598175129065486,0,1064,0
0E1EFDA6-4CFD-43ED-941E-2236A69EE917,6479,16,45.733333333333334,3,0.16900756289550856,305,17.18243556104337,694,47,259.0,90.59393353274034,183.75,-8.205465,16.728920385693904,0.0,111.75,11.08164517096337,0.029666385424713754,0,1064,0
6CD33829-8A6C-4778-8BD6-E3606033983A,6641,3,232.5,2,0.10992320433669628,1454,79.91416955277819,58,122,377.0,177.66168463791854,378.556,-7.799988,53.31265295987668,0.05496160216834814,243.3072,-13.243775520634557,-0.21374736655205154,1,1064,0
2BD05842-C822-4B32-90E6-AE4E4ED497B5,12751,11,86.5,4,0.11450082346482629,125,3.578150733275822,121,105,377.0,127.63197907512729,284.9854,0.0,27.99453618211142,0.0,151.6663,-11.244147789479157,0.0020055778301407787,0,1064,0
92D1B331-43BB-4AB4-8533-685FDCE75A8A,7063,2,1.0,0,0.0,0,0.0,-1,117,497.0,90.15620775520074,313.53,0.06,54.8366549066947,0.0,172.61399999999995,-17.306538002114323,-0.18803011803019615,0,1064,0
76E43C8C-544B-439F-AF27-2FC492938676,5337,8,40.0,7,0.4787333708075698,97,6.633876709762038,237,38,301.0,98.85370815851083,240.8846,0.008972168,17.396028146990194,0.0,125.0663,14.449089874253389,0.025426334509127454,0,1064,0
E1CB2A4B-6019-49F5-8AC3-700EE7461768,12751,7,124.66666666666667,6,0.17175123519723945,274,7.843306407340601,145,115,693.0,226.65217016214945,394.6,0.0,27.25302586694636,0.0,257.9,-15.118018927581574,0.23338922729352551,0,1064,0
1AC1C574-BD15-4F62-9C7C-BAFE4220F780,12751,11,51.1,0,0.0,0,0.0,-1,78,706.0,221.88855773319256,1998.465,0.0,87.0446002451281,0.11450082346482629,316.25161999999983,0.3905020938290136,-0.05996085157574191,0,1064,1
DF7F18E3-8854-40DA-BBC7-FD0BBFB79A1C,4802,3,426.0,3,0.22802998750520617,426,32.380258225739276,88,112,259.0,66.29445119035908,233.1762,0.01313791,20.334550713782125,0.0,93.861944,-14.791218659746434,-0.010916665435448088,0,1064,1
D575E2B8-849E-44B4-ADE1-B032BB48C657,8076,4,249.0,2,0.0903912828132739,619,27.976102030708272,459,103,375.0,138.26066488482522,403.34,0.0,46.14027980419365,0.13558692421991086,194.44,-20.15102120948211,0.1761866238033753,0,1064,0
274A3B8D-5C78-41A0-87DE-1A828ED02C48,709,4,234.66666666666666,4,2.0592383638928067,32852,16912.524682651623,108,109,497.0,42.51210705013496,255.0,0.0,34.43387098824154,0.0,91.0,28.683031838753934,-0.3057120106278241,0,1064,0
66D9C403-3113-485F-BFE7-C5B5AFCB1D83,8337,12,77.18181818181819,1,0.043780736475950585,528,23.11622885930191,1060,106,739.0,88.39854276738973,443.7591,-50.1,57.34110561781909,0.0,171.39112,-31.537750692544037,0.21230410968370608,0,1064,0
BBB6A57C-8FCC-4797-A32B-C607596EE51F,10069,8,131.42857142857142,3,0.10874962756976861,38935,1411.3889164763136,160,105,489.0,121.12887543445726,350.0,-307.0938,40.399490904710554,0.0,171.0,8.271973330974845,0.026491896576041202,0,1064,0
8CA5C88C-E442-4CAB-9163-07A7295021A4,4141,2,433.0,1,0.08814296063752716,25,2.2035740159381794,177,100,452.0,144.38785813263445,431.1371,0.0,34.12747171787796,0.0,186.0,-11.314324182017174,-0.027110628655705488,0,1064,0
20EE3B08-3F70-4CDC-B7CD-B4B6D7EFC497,4024,5,256.0,1,0.09070576540755468,13,1.1791749502982107,58,9,452.0,183.09853705640916,387.2,0.0,52.28971159754291,0.0,248.8,-29.7766188936005,0.6432017381311299,0,1064,0
80F74B56-E49B-456A-AA72-EE7EF373FAB1,5661,4,32.333333333333336,8,0.5158099275746334,598,38.55679208620385,32,96,402.0,118.27750678073552,265.0,0.0,25.837709751479057,0.0,150.0,10.212462355066961,0.03032838987882582,0,1064,1
8D4FE0DC-9C23-4AAF-B28D-2C90851B134F,6981,4,233.66666666666666,5,0.2614238647758201,300,15.685431886549205,95,96,734.0,151.73575854996503,355.0,0.0,45.52435562600946,0.0,208.0,2.6015772270411617,-0.15785582980024732,0,1064,0
DB3C99CD-9393-4AAD-B2A4-05740DFA76D1,-16,11,87.6,1,0.0,652,0.0,288,5,452.0,85.60131889390682,201.0,0.0,23.920583185237007,0.0,118.0,-13.545146054400647,0.0988825780959944,0,1064,0
FF0AA7C0-6553-4E3E-B265-B1FD2B36C206,12751,7,32.5,1,0.028625205866206573,168,4.809034585522705,836,29,251.0,98.55644905435216,208.2036,-11.07723,32.23646190244818,0.0,139.30754,-10.118757782947839,-0.0054023622076167935,0,1064,0
14D19538-77CD-4509-8593-134C1D663F49,5955,8,105.0,0,0.0,0,0.0,-1,91,489.0,104.6445081815734,295.1255,0.0,41.81757323984857,0.0,160.8913,-13.191681973934521,0.19698234208484758,0,1064,0
F3C72DA8-746F-4BFA-AF0B-CDB4AFEFD28D,12751,3,341.5,0,0.0,0,0.0,-1,90,312.0,55.28914036612704,136.0,-1.9,20.19843057969123,0.0,82.0,-19.234973699460376,0.15821169051503362,0,1064,0
BF1E6491-B741-4888-90A8-7135C7A10D42,4531,4,303.3333333333333,4,0.3222246744647981,670,53.972632972853674,50,89,225.0,29.698655517082948,69.58008,-0.202634,6.245512095301909,0.0,37.53662,4.70194538253125,0.0601559422111145,0,1064,0
377D8035-8E88-4BC1-88E2-385158BC0C17,2462,2,47.0,0,0.0,0,0.0,-1,36,302.0,47.927272163677735,1041.261,0.0,21.60003012282696,0.14825345247766045,72.12873,-11.816798501082054,-0.0074927896919246015,0,1064,0
0B604511-D550-455C-A815-9F752D51C59E,817,4,44.0,4,1.7870257037943698,231,103.20073439412485,239,48,451.0,197.24255399943803,298.0,0.0,37.05054352565177,0.0,244.0,12.927970691919995,0.3230495991730133,0,520,0
E4F52558-59FE-4BF5-8B4B-4149F3599B93,12751,6,35.2,3,0.08587561759861972,939,26.879068308367973,53,79,1039.0,134.15390397570044,492.7368,0.0,78.93876749076107,0.0,245.5444,-18.8728058113486,0.09011673434695071,0,1064,0
E7C975C1-526E-4E0E-94D3-6A9ACC47F556,12751,2,0.0,5,0.14312602933103288,260,7.442553525213709,86,81,450.0,101.48466563882697,363.0,-10.35292,44.64568529583123,0.0,159.0,-26.89786008327141,-0.8731247684900543,0,1064,0
7C9FD8ED-0444-44C5-BE90-4A54401B42F9,3741,6,42.4,4,0.3902699812884256,383,37.36835070836675,232,5,301.0,67.278873189658,161.3619,0.0,11.33868402701043,0.0,81.861206,8.890745134416065,0.08535787744136153,0,1064,0
2189AC8E-3FEC-4A31-A660-EB794CA97567,7040,9,123.875,3,0.15553977272727273,371,19.235085227272727,372,34,763.0,220.72387006805207,462.7991,0.0,89.9816136110502,0.0,319.9768,-120.86601169421346,1.4012976602697353,0,1064,1
B0F7390C-6116-4937-8C35-D8F887A7EF90,12751,1,0.0,2,0.057250411732413145,279,7.986432436671634,421,77,261.0,49.18469924429535,125.9868,-106.941,11.510298612695582,0.0,64.130798,5.316878395079655,-0.021376205318353686,0,1064,0
F84DCB9B-F130-4277-A5D2-0A9807D3463D,12751,4,262.0,2,0.057250411732413145,40,1.145008234648263,660,76,452.0,150.29616259386825,318.0,0.0,53.16182498612936,0.0,218.0,-14.38427987781887,0.16499727904209546,0,1064,0
FFFDB39B-D066-4224-9848-6D9ACF52BE69,2155,3,84.5,2,0.33874709976798145,257,43.52900232018561,835,75,301.2,44.50126437261694,319.9724,0.01071342,13.146567499083135,0.8468677494199536,61.668775999999994,6.539954790697102,0.015174825527937044,0,1064,0
877E4C2A-402B-4EB8-B31A-4B22E138185C,1970,7,150.0,2,0.37055837563451777,37,6.855329949238579,844,75,301.0,74.62457897268096,262.2364,0.0,41.676602584144845,0.0,132.74273999999997,53.791662541979534,-0.09983345510718339,0,1064,0
41A1D1DA-43DD-449B-A2DE-37FC4BF6B391,12751,5,68.5,7,0.20037644106344601,856,24.503176221472827,462,75,264.0,112.32981155565433,265.7938,0.0,23.15340417656804,0.028625205866206573,142.56142,-1.9617352105154282,-0.12037243800188875,0,1064,0
EB21CB81-C854-433D-A187-77C1504AF8F9,5033,5,174.25,0,0.0,0,0.0,-1,70,259.0,130.429515935016,243.8835,0.0,36.56840985355958,0.0,179.86921999999998,-12.82460417915182,0.20326089123452457,0,1064,0
D25583F6-FEC0-4046-B2BD-EDC9B903B6C2,4445,8,116.85714285714286,4,0.32845894263217096,735,60.354330708661415,203,52,181.0,57.848162776275466,182.2769,0.0,25.80974019047653,0.32845894263217096,88.56354,-34.38924087585571,0.7154607341492084,0,1064,0
42918901-CC0A-4828-BAFD-BB861E440C5D,12751,4,301.3333333333333,2,0.057250411732413145,182,5.209787467649597,836,65,266.0,113.43655715098002,268.4,-39.4,23.31061652413815,0.028625205866206573,143.0,4.54809562679776,0.2274392872004165,0,1064,0
123DA990-7674-4A6B-9D4F-61A9223F8AF1,12751,7,99.66666666666667,4,0.11450082346482629,39,1.1163830287820564,478,34,266.0,119.77193185181069,194.4,-3.04,21.824788465818663,0.0,146.4,3.0551428063683232,0.202766313755472,0,1064,0
7EE736BE-2EFD-402E-BB49-4A8EFD89B1AE,4436,3,59.0,3,0.24684400360685302,78,6.417944093778178,195,68,193.0,24.470009856150373,534.52,0.0,10.039478056961798,0.16456266907123535,35.65059,1.9264218182323418,0.09178643406819895,0,1064,0
4129116B-40CE-4E4F-AD47-C6FC5815983B,392,4,93.0,6,5.586734693877551,781,727.2066326530612,263,68,226.0,50.865973382047386,109.2983,0.0,15.060974866754625,0.0,70.49091,1.3905404613168102,0.016632857875063703,0,380,0
69B934B9-23D6-4AE0-9FFF-FCEEC30B599D,12751,8,99.0,7,0.20037644106344601,962,27.537448043290723,139,68,256.0,4.42336714913264,445.0,0.0,18.489558273360757,0.17175123519723945,0.0,-4.42336714913264,0.0,0,1064,0
9D5E0888-AED0-4421-A5AB-7A8439AAAEA3,5085,2,1.0,4,0.2871189773844641,330,23.68731563421829,166,68,391.0,146.1877872761377,278.5,-604.0,43.650484395955964,0.0,212.0,-15.547085115643881,0.2552125491028848,0,1064,0
4DE3157C-A45C-4533-ADE6-753F54E1D0D1,8986,6,179.8,0,0.0,0,0.0,-1,38,820.0,123.41101648512813,436.0,0.0,73.31325256322837,0.0,228.0,-39.9009856209306,0.1295065005738384,0,1064,0
511322E9-E726-47A3-B34A-2FE59DE46B4A,12751,4,296.3333333333333,2,0.057250411732413145,71,2.0323896165006667,836,64,266.0,116.61703733059926,283.4,-6.466375,24.13232926139682,0.028625205866206573,147.3,4.323140138536544,0.2470522252403257,0,1064,0
D980B5F9-43F2-4558-84B7-2BEBFA474220,9593,4,250.33333333333334,3,0.11414573126237881,344,13.088710518086105,32,64,271.0,96.06830005984105,209.0926,0.0,16.42515413649412,0.0,115.10356,-0.4792566300262564,0.01618870608223089,0,1064,1
F2678BD3-6AE1-4216-A103-B84BBD8D527F,12751,12,28.727272727272727,0,0.0,0,0.0,-1,43,788.0,85.53797610566835,452.01,0.0,64.21831072255479,0.0,173.12,-12.956649716779467,0.15100862417849778,0,1064,0
7408DC56-68AB-4F1B-AAE4-7BCED4AFE0EB,3651,6,204.4,2,0.19994522048753768,577,57.68419611065462,836,2,151.0,39.45424882521715,276.0,0.0,13.981030268541682,0.49986305121884417,57.5,4.4891346624371735,0.017073081153095384,0,1064,0
26C1600C-6E36-4699-9514-8F4F8B7B5F1C,7649,4,321.3333333333333,3,0.1431559681004053,798,38.07948751470781,201,61,228.0,51.364970457351625,209.0,0.0,18.595604949833668,0.0,75.2,-1.1977790991726138,0.0914729527578377,0,1064,0
87B0FC7B-CFC3-4BED-B4D6-B9A86E4C0C34,4747,7,145.16666666666666,2,0.15378133558036655,61,4.690330735201179,45,61,226.0,22.447738263504288,205.8016,0.0,12.91110036756061,0.0,39.6,3.7009654507704006,0.10138101180579219,0,1064,0
84A3DB08-E6EA-4D2B-A671-02A8B2D6C633,12751,5,135.75,2,0.057250411732413145,97,2.776644969022038,759,53,473.0,98.68143414891475,248.0164,0.0,34.30080800715026,0.0,141.3574,-19.601682786028945,-0.012247439719257127,0,1064,0
1EC7AB52-FDE2-44DF-B256-0AF19450EE57,2656,2,0.0,1,0.1374246987951807,61,8.382906626506024,618,52,803.0,131.21842676661856,382.8577,0.0,41.30919851907526,0.0,181.137,5.33701045483204,0.2607559190485278,0,1064,0
AA75FA33-9E52-47D9-8FEE-A5BC69C0712E,6781,7,152.83333333333334,4,0.21530747677333725,106,5.705648134493438,33,31,223.0,32.96313090676739,148.5255,0.0,17.235590872485776,0.0,55.579704,-12.445738499749027,-0.035241859601559976,0,1064,1
D9EEC8F0-5C25-4E15-857F-5A3C7DB717F9,5472,2,0.0,2,0.133406432748538,155,10.338998538011696,235,47,804.0,139.07908775761894,446.7563,0.0,43.87391513061437,0.0,188.18394,3.383066498553916,0.2937713261055222,0,1064,0
F1ACDD45-7F87-4CDC-A972-21CBC8A9065D,2267,4,263.3333333333333,9,1.4490516100573445,588,94.67137185707985,411,40,208.0,39.52603353875699,464.8922,0.0,21.734964218957003,8.855315394794884,70.70235,15.80880857289425,-0.1916239165574899,0,1064,0
D30FEB9F-EE6F-4D1D-A866-3F9C49A8C632,2132,6,148.6,2,0.3424015009380863,52,8.902439024390244,652,6,452.4,131.74353540721316,399.3103,-35.19893,43.69077686331725,0.0,189.00397999999998,-24.045178343773344,-0.04827930316114906,0,1064,0
B69589E2-6807-418A-B60E-EB9DF2CF9414,4555,3,153.5,0,0.0,0,0.0,-1,47,301.0,101.31196403031952,209.3423,0.6445879,26.34765017644828,0.0,132.80468,-14.152679349694509,0.27803594846231927,0,1064,1
807F912E-403C-4C70-8A4E-842A99653258,4904,2,1.0,4,0.29771615008156604,335,24.933727569331158,462,47,264.0,110.83887917040397,524.5007,0.0,22.568980740197222,0.3721451876019576,140.36888,-1.813089724416315,-0.14684491914765102,0,1064,0
11ED973B-5F01-4B0B-813A-97DA58168C83,7240,2,697.0,0,0.0,0,0.0,-1,45,450.0,112.05659590737679,208.03,0.0,24.567337975650663,0.0,143.51,21.048422611141746,0.11515964247974238,0,1064,0
5274FE5A-D854-4898-BCA6-251B934FF370,1916,1,0.0,1,0.19050104384133612,235,44.76774530271398,46,42,708.0,103.69519862620011,238.0501,0.0,33.64126869095551,0.0,147.1007,2.6782348846023467,0.101670959815472,0,1064,0
75C1D0C1-B81B-4D77-92A1-CB0AB19F2E10,12751,8,29.714285714285715,1,0.028625205866206573,28,0.8015057642537841,301,37,306.0,103.4639185539289,464.0,0.0,39.10739810137581,0.14312602933103288,154.8828,-27.32325521843508,-0.04077593062456857,0,1064,0
C9DA295C-FDC8-494F-8CD0-864EBF9A2BFE,12751,2,1.0,5,0.14312602933103288,72,2.0610148223668734,17,36,792.0,221.97549752625693,597.37,0.01,56.4665086980842,0.0,300.49,-40.82042885341738,0.28561231096186496,0,1064,0
A3568790-8909-4A14-BC34-BE2796EBAAC2,1285,3,3.5,0,0.0,0,0.0,-1,27,452.0,43.08722524189874,513.7,0.0,26.517033921809144,1.4202334630350195,81.245656,-7.208105964398747,0.42398402837269034,0,1064,0
8E9F1020-6887-47D2-897C-C8C8FB015B90,12751,5,242.0,1,0.028625205866206573,121,3.4636499098109956,90,8,151.0,8.680815256818315,119.0,0.0,2.7001243750999064,0.0,11.0,-0.771555997559056,-0.0430170848710271,0,1064,0
59210FF9-D5FE-4EEF-B238-D10ACCA19706,3445,4,235.33333333333334,4,0.42380261248185774,527,55.83599419448476,102,33,301.0,56.6457196762501,148.7008,0.0,17.29304329219825,0.0,79.14365199999999,5.683731615416562,-0.23831384619930404,0,1064,0
D85F6C68-413B-4541-B487-97D96FBD9BF0,4845,4,208.33333333333334,1,0.07533539731682147,329,24.785345717234264,836,30,675.0,96.38986528579737,352.6052,0.0,25.481835146944913,0.0,131.296,32.3387418330298,0.0018622146342868377,0,1064,0
607B267C-54D0-4206-9517-FE3935888926,6374,7,129.33333333333334,0,0.0,0,0.0,-1,29,489.0,78.26840370643174,229.0,0.0,26.370189368713103,0.0,109.0,-32.079977780505814,-0.5864242499074612,0,1064,0
45D920F7-00C9-4288-B627-F1B234B33629,6450,7,110.16666666666667,0,0.0,0,0.0,-1,29,181.0,60.32016496447874,185.2539,-127.0965,23.751898682769333,0.39612403100775195,89.25781,-14.061258160466394,-0.46120369640748393,0,1064,1
86A0511C-438D-4C45-93B4-5CA8959ACC25,2532,2,0.0,5,0.7207740916271722,65,9.370063191153237,441,26,452.0,79.32930477068044,202.2754,0.0,29.415810168988333,0.0,115.21041999999998,-11.782663871567777,0.08148741886859592,0,1064,0
222B2D58-B4E6-4608-A993-EE22E726CC11,12751,4,287.0,3,0.08587561759861972,383,10.963453846757117,25,26,78.0,12.633629843035937,187.4019,-96.26875,2.557532342456784,0.14312602933103288,15.63703,1.8593910217017182,0.005582094416924062,0,1064,0
068B377A-FD3C-4F29-9C9A-92AC88378806,4204,6,110.2,1,0.0868220742150333,364,31.603235014272123,836,22,832.0,194.13429046912887,390.0,0.0,44.755083378213,0.0,250.0,-8.30111145678319,0.05349288663877903,0,1064,0
0F0728DC-114B-4FA9-947E-6DE866090D6D,3530,3,118.5,2,0.20679886685552407,94,9.719546742209632,12,22,451.0,180.87624410183557,366.5321,-15.44369,59.81238557331836,0.0,253.41438,62.536066429451466,-0.3665844398399461,0,1064,0
F23D9E97-D7AD-48C5-848E-EB3BE56A2D84,9812,4,323.6666666666667,10,0.37199347737464333,1361,50.62831227068896,38,18,450.0,97.1227370643173,344.45,0.0,47.42221213637975,0.0,153.76,4.321894108522201,0.27927445317886285,0,1064,1
F230D24D-7437-46E8-97E4-1683B8C7725F,7000,10,77.44444444444444,1,0.052142857142857144,403,21.01357142857143,464,16,452.0,111.59276598417065,251.2848,0.0,24.820510623936286,0.0,141.5863,-4.088446519664473,0.18693838162452156,0,1064,0
DD781548-7E94-4620-ABAF-F126BA57E2A3,12751,3,56.0,0,0.0,0,0.0,-1,16,1370.0,315.99817642330095,850.39,0.0,129.01706016663508,0.0,491.8799999999997,-72.18186160848609,0.11541825579724108,0,1064,0
B9DAFA34-ACAD-45A2-9EA9-FA166E912DA2,18,1,0.0,0,0.0,0,0.0,-1,14,1039.0,13.274276637022925,348.2782,0.0,40.864993391061894,0.0,46.08219,3.391290890832014,0.8622970239998425,0,114,0
0D36B8DE-6935-4684-825C-8EEF2AFB468D,9830,7,164.83333333333334,2,0.07426246185147509,1637,60.78382502543236,276,10,150.999,54.44840885456627,259.5215,0.0,23.351426623934913,0.9282807731434385,82.91931,-12.329816023359477,-0.4248963668936842,1,1064,0
7338441F-16FE-4E26-83E1-567455692E6F,3650,2,355.0,2,0.2,36,3.6,503,8,250.0,62.29958078127144,538.7697,0.0,21.840319501676404,0.2,91.0,-16.90675670719736,-0.24383811673143105,0,1064,0
183F635A-7D31-489D-8B9B-0140D4625984,4992,7,166.5,1,0.07311698717948717,5,0.3655849358974359,655,8,682.0,181.70344363045453,302.3207,0.006910498,40.05287485744573,0.0,232.32587999999998,5.252849753773859,-0.0891248998969501,0,1064,0
AEBA6A3D-153A-425E-B838-E54D62817C3C,2001,6,73.4,0,0.0,0,0.0,-1,5,415.68,91.96228432808957,223.68,0.0,29.812472446581005,0.0,129.30836,-6.348948873228466,-0.04745941409424367,0,1064,0
C54CE7F4-0609-4E82-ACE8-41E113F04B46,342,5,155.25,11,11.739766081871345,733,782.2953216374269,11,6,226.0,46.904975770428806,125.2441,0.0,20.693831935327193,0.0,73.97461,-15.677660955613991,-0.004761561784064087,0,1064,0
6D91627C-0809-4F4A-B786-CFFA4028E126,4359,4,217.33333333333334,2,0.16746960311998163,19,1.5909612296398257,695,5,452.0,132.44785604991927,324.0,0.0,40.538752381377755,0.0,185.0,4.660477283414053,0.5025288901692281,0,1064,0
6C890ABD-5E44-4EA7-B7D1-7B01729CB2A5,2917,4,130.0,0,0.0,0,0.0,-1,1,452.0,135.10652789571722,260.9429,0.0,29.778437849268037,0.0,172.2858,-7.2840448216431355,0.15471114035100236,0,1064,0
5F0C3A57-9E28-444B-AD0F-C50B861004C1,4992,9,89.75,3,0.21935096153846154,65,4.752604166666666,247,0,682.0,181.98350480534174,302.9641,0.01949582,40.09278599697548,0.0,232.58908,5.431313973780959,-0.08364785644473478,0,1064,0
3287E045-CC5A-44F5-89DA-DCD69DA1E5F1,6662,8,53.142857142857146,6,0.32873011107775446,219,11.998649054338038,316,363,251.0,100.81687059529304,237.9,-86.18622,37.87293786814904,0.0,148.0,9.016572732639062,0.3172475442560593,0,1064,0
168B55CD-3653-4846-B11A-2C029F97E6BE,1446,2,1.0,2,0.5048409405255878,292,73.70677731673582,74,75,90.0,3.299919430103851,7.507507,-131.248,0.9108645253661918,0.0,4.204204,0.44407929322176587,-0.0011870499712677818,0,1064,0
31233CF7-B98C-421C-BC39-314064817E1E,3999,4,126.0,1,0.09127281820455113,83,7.575643910977744,64,51,554.0,69.55061617141699,189.7942,0.0,24.982383548994836,0.0,100.8969,19.258446408829926,0.10349898935502892,0,1064,0
81737197-5406-4565-9D1C-43D983177299,7978,3,136.5,1,0.04575081474053648,65,2.973802958134871,319,701,693.0,141.2837929539825,394.656,0.0,56.09551744298226,0.0,222.288,32.81462926823974,0.637486652673026,0,1064,0
2E270BD4-33B3-4CB2-B24B-C8E7FFF4B72D,4603,1,0.0,8,0.6343688898544427,1478,117.1996524006083,32,670,402.0,120.6843796524342,390.8688,0.0,24.599745705716153,0.0,151.28076,7.244332788152207,0.04414420863274531,0,1064,0
C3F611C1-25DF-46AE-B06C-114862138B82,994,4,60.0,0,0.0,0,0.0,-1,789,802.0,108.58596144849584,524.6429,0.0,69.07332567532696,0.0,189.2166,26.950824487460963,-0.9050393580776358,0,1064,0
C4B816A6-01D9-49D2-9464-EE4D11138AFE,12751,11,91.9,2,0.057250411732413145,79,2.2613912634303195,358,36,266.0,116.47912840588992,276.2,0.0,24.5166906023339,0.028625205866206573,147.3,3.1411107916409406,0.2457795829845356,0,1064,0
ED424732-3580-4C2C-9F42-057AED83126A,375,2,143.0,1,0.9733333333333333,84,81.75999999999999,64,65,803.0,11.460548800998906,999.9147,0.0,55.0111236431212,8.76,3.84402,-7.780528835643968,-0.036056251597425176,0,464,0
5B6A4864-6D93-42FC-94D0-4E97AB2041BB,8054,5,67.0,1,0.04531909610131612,1,0.04531909610131612,659,344,150.0,25.07223316469181,347.0,0.0,24.612336091713512,0.04531909610131612,56.0,28.881470539011893,0.8398634033465333,0,1064,0
9E5EC2AA-D247-40C5-AC4F-1F8592D6DFE7,994,4,271.0,0,0.0,0,0.0,-1,155,802.0,91.81224189064552,288.6543,-121.6507,63.88877514553457,0.0,174.34385999999992,-77.4673676492875,-0.76033033653222,0,1064,0
7EEC2A6F-8B55-4FA9-A5BF-C96FB85F3618,6561,0,0.0,2,0.11126352690138698,9,0.5006858710562414,1045,0,489.0,94.06695772088858,205.0,-187.8,20.749292297463512,0.0,121.0,9.182502155654632,0.13965527294169763,0,1064,0
F8D8B824-1D6B-4827-9884-6254A2C7CF5B,12751,4,83.66666666666667,1,0.028625205866206573,22,0.6297545290565446,301,295,276.0,95.61223304056023,200.8789,0.0,34.06354955126783,0.0,141.0645,-23.27363748431023,-0.05280477090188655,0,1064,0
A119817A-A6B1-4E40-AA55-7B3AC6AA0B59,1144,1,0.0,0,0.0,0,0.0,-1,960,453.0,7.177715265968225,82.88313,0.0,3.7613501251209867,0.0,11.48477,-0.18178276288180584,0.021805436914931187,0,1064,0
870FB91B-E5D8-4EA0-B4EA-4A3A8FC2E635,7178,2,19.0,5,0.25424909445528004,110546,5621.244079130677,41,933,798.0,157.90089424420452,377.578,0.0,70.09181899240454,0.0,243.9843,-12.22818779435886,0.30907863309758077,0,1064,0
9E31BE67-A0C8-4797-AAE7-CEAD8350BE84,1072,7,162.33333333333334,1,0.34048507462686567,230,78.31156716417911,1018,82,753.0,203.13611644722792,461.1739,0.0,58.51046604313759,0.0,271.2545,-4.233390590746438,-0.011162660188011434,0,1064,0
29A38419-1EBD-47A7-9E93-FAF29C4D415A,12751,6,175.2,1,0.028625205866206573,30,0.8587561759861972,357,178,403.0,44.26569464338232,241.4,0.0,27.251751403520768,0.0,81.8,8.908001344272009,0.20134259259254922,0,1064,0
C92771E1-8125-4EDF-A205-E93AE3DADC26,12751,6,158.6,0,0.0,0,0.0,-1,255,739.0,175.82875792865684,430.0,0.0,56.226205808223476,0.0,249.0,8.640763676281438,-0.26135193873977075,0,1064,0
A1478965-DF45-4C9E-A2C1-51B8554473DF,1437,5,173.25,2,0.5080027835768963,156,39.62421711899791,352,353,416.0,59.31232278612481,213.4098,-0.03,35.37104854397479,0.0,107.84296,24.50256590794156,-0.11892696608514731,0,1064,0
420071ED-4053-473C-BE00-F2AD57C552C9,7130,6,185.0,3,0.1535764375876578,385,19.70897615708275,708,110,264.0,78.00200252278654,169.0,0.0,25.546288241806582,0.0,112.5,9.114525254991236,0.00759679978772654,0,1064,0
144C568D-B7F1-4C0C-9A19-274906B7F19E,12751,2,6.0,0,0.0,0,0.0,-1,1028,262.0,3.6349512232120094,185.7422,0.0,20.77016038896837,0.0,0.0,-3.6349512232120094,0.0,0,1064,0
4003EE70-B45C-44C7-891F-BB1F6EF6F1CB,12751,5,233.25,2,0.057250411732413145,143,4.09340443886754,403,98,440.0,135.63618046265856,325.1953,0.0,64.97265522192193,0.0,215.8813,-9.499047156331372,0.5385073061368044,0,1064,0
4A54D358-17CE-4805-8FA5-0AA098671906,8763,5,117.25,3,0.12495720643615199,3773,157.1545132945338,417,557,1330.0,244.05907718176945,908.0792,0.0,125.74543747699418,0.0,449.06868,-105.76931225738676,-0.11495076808307444,0,1064,0
18971934-C7F4-4707-BE7F-465705C731B3,4429,2,847.0,3,0.24723413863174531,309,25.46511627906977,308,179,326.0,61.88532332834447,370.4519,0.0,14.660051489238409,0.4120568977195755,80.0,8.00539618708764,-0.012293686344516094,0,1064,0
0942C5EB-FC42-41D6-BEFF-7265CCA5583F,12751,4,177.33333333333334,3,0.08587561759861972,2842,81.35283507175909,468,493,276.0,110.97385279758444,217.43,0.0,30.045258049338567,0.0,147.88399999999993,4.346877912292115,-0.01240731994816286,0,1064,0
80904C47-EAC6-45D1-96FB-37B55200D33C,3302,2,1.0,0,0.0,0,0.0,-1,1023,301.0,77.84954640347173,180.0,-6.953444,28.03553633189982,0.0,116.25,-3.6903064343359375,0.07280041145904793,0,1064,0
FF9BC881-886E-4CB1-84B1-BB30CDDB0ADD,2809,3,143.5,1,0.12993948024207905,18,2.338910644357423,110,733,451.0,100.42615359573092,232.4771,0.0,37.596841565284855,0.0,140.9257,-14.369892667413026,0.16071733400006266,0,1064,0
612A09FC-6A8A-4303-A78E-87F7616EC271,12751,8,143.28571428571428,1,0.028625205866206573,5,0.14312602933103288,885,41,693.0,137.97311231822073,337.7295,-9.0,46.324911170952184,0.0,209.9905399999999,-43.705233503097276,0.12691155828465964,0,1064,0
B958F294-B632-4375-82AE-0CBE6CBAF442,1041,3,110.5,8,2.8049951969260327,651,228.2564841498559,463,796,301.0,33.62969649035665,68.54248,0.0,12.79030922764668,0.0,46.0701,-1.623036853010973,0.00026635081717106557,0,1064,0
CAE06DB1-C28C-4DD7-8229-3FC558CC8FCD,3288,3,184.0,1,0.11100973236009733,37,4.1073600973236015,369,649,451.0,180.6528727669911,2099712.0,0.0,5368.246515086572,0.11100973236009733,287.83848,11.059647053842212,-0.7104100388585787,1,1064,0
A67F23BF-12EA-4930-833E-716FD347EA9B,8062,3,471.0,0,0.0,0,0.0,-1,73,1245.0,309.0924463586634,832.57,0.0,126.4726750832122,0.0,481.78399999999993,-87.79459836483619,1.0959999296893723,0,1064,0
C182103F-59D6-42A0-96E7-3C5AB13F279B,5830,4,303.0,6,0.37564322469982847,292,18.28130360205832,462,97,160.0,39.14727891423856,894.3032,0.0,17.536652546446316,0.31303602058319036,63.53278399999999,10.773280752428107,-0.05759243671491554,0,1064,0
040F8C6B-6154-4F65-90DE-0A928E5DF927,2381,6,187.4,8,1.22637547249055,127,19.468710625787484,238,59,151.0,25.587845181536597,80.31917,0.0,9.838257068796457,0.0,38.826774,-0.5381986577271825,0.1010025810928773,0,1064,0
0A766EC1-AA11-4B41-841B-B550585BD4FA,12751,15,64.92857142857143,0,0.0,0,0.0,-1,84,301.0,124.06341832393294,353.9307,0.0,40.405008269491,0.14312602933103288,166.4063,-70.74378275055331,0.055531991357423545,0,1064,0
AF6F4292-7FD7-4D2E-8B50-818B9A886964,9357,7,149.0,3,0.11702468739980763,72,2.8085924975953835,362,96,251.0,70.78672520874208,212.4987,0.0,22.05855864420263,0.0,101.9661,-6.373776080732824,0.12280094582413119,0,1064,0
AD25229F-6579-44E2-BF43-AC29981611E0,2903,4,169.33333333333334,2,0.2514640027557699,204,25.64932828108853,836,481,831.0,169.53463944168172,609.7018,-13.30965,31.69935363102696,0.0,207.07343999999998,2.7445124603244437,0.642515517044154,0,1064,0
C1EC1AEA-C136-48C4-93D2-98466AFE7BC7,3267,3,172.0,3,0.3351698806244261,36,4.022038567493113,464,644,472.0,94.13869803919819,353.5162,-0.0778222,47.6366265215993,0.0,159.7545,5.037476806480811,-0.3191142281409892,0,1064,0
F0BE2E77-EABB-44C4-9A60-79EDF3CD87B7,12751,4,142.0,3,0.08587561759861972,199,5.696415967375108,469,560,251.0,84.01323019280164,179.1,0.0,37.20622387559727,0.0,126.3,-0.009578684313993335,-0.0021847695115202914,0,1064,0
50CFD97F-A9A9-448D-BFDE-393B797DF7C3,12751,5,177.75,6,0.17175123519723945,233,6.669672966826131,359,272,266.0,122.4891685628108,248.4488,0.0,29.06889948861488,0.0,150.96,4.906387468824988,0.5367547825399256,0,1064,0
78151CF6-B676-4D65-A75E-25D3A6BC8D2B,12751,4,153.66666666666666,4,0.11450082346482629,121,3.4636499098109956,58,523,160.0,61.65700881005445,136.6894,0.0,14.061097029468161,0.0,79.5,1.8964634121677761,-0.05752116173470643,0,1064,0
D8DDFCFE-66F5-44DA-9087-612B676696F1,12751,4,130.33333333333334,2,0.057250411732413145,170,4.866284997255118,836,589,269.0,94.86387236342127,186.72,0.0,26.950489853985697,0.0,125.64325999999998,0.4803636813318235,0.17288882405455375,0,1064,0
56C72817-7EEB-4404-A234-6C6D0755A29D,6237,4,307.0,0,0.0,0,0.0,-1,55,145.0,44.59905376747469,239.5976,0.0,22.544630743896846,0.2926086259419593,74.0,-13.550288335375928,0.0385958714610122,0,1064,0
5779EC43-21C7-4667-BC05-73CC8E6FED7A,2448,2,794.0,2,0.29820261437908496,99,14.761029411764707,98,177,250.0,50.84327922873267,135.0,-4.577637,15.258775428275955,0.0,70.0,-4.796057006510445,0.02642667361764081,0,1064,0
0418827B-4B88-4512-9481-DB3A730A5550,12751,5,136.0,1,0.028625205866206573,85,2.433142498627559,960,425,266.0,106.05579983660877,927.1177,0.0,35.561381880850824,0.14312602933103288,140.1,7.341430101662837,0.19670233064885845,0,1064,0
84793B37-3551-41B0-B566-499DDB1E68FE,7348,2,66.0,1,0.04967338051170386,6,0.2980402830702232,156,968,678.0,70.42585111138706,163.0,0.0,14.378081009632085,0.0,90.0,10.619673579970964,0.049094081116477555,0,1064,0
F880248A-50DD-45A4-AC83-91D3571C3492,12751,4,84.33333333333333,6,0.17175123519723945,79334,2270.952082189632,569,709,99999.0,11.337554584079813,109.5947,0.0,14.621001372203812,0.0,30.76172,-11.337554584079813,0.0,0,1064,0
80C35AF4-575C-4DF8-85E1-1CFE30E08EE3,7347,3,16.5,6,0.2980808493262556,244,12.12195453926773,43,958,126.0,43.311567614730045,111.0351,0.0,17.844862547979982,0.0,67.3828,2.349799731797731,-0.06343504046086079,0,1064,0
87192324-493C-4DB8-9CA3-A519F745E6ED,12751,13,55.916666666666664,2,0.057250411732413145,190,5.438789114579249,805,279,264.0,105.33243406387288,232.1,0.0,40.27613587929348,0.0,155.76,11.082993788750585,0.33720080251724455,0,1064,0
3E2ECBE0-F314-49FB-B271-F42762483208,6430,5,117.0,2,0.1135303265940902,74264,4215.608087091758,41,589,739.0,177.15010379916345,408.3658,0.0,69.39626020754827,0.0,264.0455,-19.659476231262232,0.3248994664451849,0,1064,0
3D9B1E81-7F71-4E0D-BBE5-F1D7A487CD05,1034,6,16.8,6,2.117988394584139,729,257.3355899419729,820,867,416.0,40.359289621297066,100.8622,-1.989993,10.78937610154891,0.0,50.302665999999995,9.813352495215284,0.189734789959739,0,1064,0
7E47271A-9402-41EB-AB36-67F25E9ADADF,1342,4,151.33333333333334,4,1.0879284649776453,158,42.97317436661699,67,486,452.0,121.99140250014705,411.0,0.0,39.4300650002641,0.0,173.0,16.144853081643106,-0.003955816454383809,0,1064,0
0DB51A8A-4907-4EAA-9E2E-1EA4B14D04FB,1188,11,89.0,7,2.1506734006734005,859,263.9183501683502,440,96,151.0,48.678355516865246,225.4,0.0,18.878181305941443,0.6144781144781145,72.5,1.7365133144619094,0.09629885142777045,0,1064,0
0D0B09B9-5288-48F2-8CC9-56475F27ABF0,2343,2,116.0,1,0.15578318395219803,35,5.452411438326931,814,928,678.0,110.28662175813658,329.0127,0.0,60.18918810144234,0.0,195.64175999999998,49.788506952511554,0.10077309112164035,0,1064,0
6B14C01A-EAA3-49A8-9309-76CD84D81B27,2191,2,1.0,2,0.3331811958010041,213,35.48379735280694,118,926,602.0,123.10253948344848,322.0629,0.0,46.44911845938912,0.0,180.70626,18.362962193249047,-0.2976560921908869,0,1064,0
7D79BF7B-842E-4995-BE09-FD1FD3655FB3,946,6,164.6,1,0.38583509513742076,49,18.905919661733616,300,97,603.0,108.10163531909775,305.4399,0.0,49.38449535436211,0.0,165.2299,-1.126837737770586,-0.089034066370441,0,968,0
9C5EBED9-6596-468C-AF05-09865B4D5E6E,2447,3,105.5,1,0.1491622394769105,456,68.01798120147119,836,712,301.0,30.77349735418903,176.1974,0.0,21.160308477240477,0.0,61.26486799999999,7.51334455314122,-0.05464187334259824,0,1064,0
DF69803E-1C67-4624-ADAB-3F63B21E25AC,12751,6,168.2,0,0.0,0,0.0,-1,79,800.0,271.68696913388544,616.2964,0.0,69.95175357623015,0.0,361.9263,9.815111923213294,0.006072407973045385,0,1064,1
78761FDA-39E5-4EA9-A4D9-7FDC815F320C,5177,5,92.25,0,0.0,0,0.0,-1,569,400.0,92.15972597430184,273.0,-105.7181,47.671834532127484,0.0,157.0,-23.539818566894425,0.33070360766984735,0,1064,0
DDB78145-F203-4785-B820-79E009E09EB1,12751,2,1.0,1,0.028625205866206573,81,2.3186416751627323,42,919,489.0,107.5902540406648,225.0,-21.6,28.509966137054818,0.0,145.0,-2.987399102393198,-0.03878742460213503,0,1064,0
7F340B6C-D32A-4F8B-90CD-C862EEA99414,1001,2,0.0,0,0.0,0,0.0,-1,909,1454.0,266.85133924728933,614.7714,0.0,112.66553309836848,0.0,402.44793999999996,-58.37407664412575,-1.7439445950735684,0,1064,0
3B353B6F-8AC4-452E-9DC5-A5FBCC9DCFED,4154,4,27.666666666666668,0,0.0,0,0.0,-1,820,452.0,139.56073473762638,360.0,0.0,50.73675022100948,0.0,202.0,-34.5817995524412,-0.1264659445840267,0,1064,0
EC3B46F5-6D6B-45FC-A05A-70A2224997C2,4154,4,25.666666666666668,0,0.0,0,0.0,-1,826,452.0,140.74386583619705,363.0,0.0,51.09409772845056,0.0,204.0,-34.960223860888405,-0.13032415981865192,0,1064,0
95A3ABCE-D88C-4314-A9E9-B8513A60052C,12751,4,296.0,3,0.08587561759861972,177,5.0666614383185635,467,61,120.0,43.9812793532322,115.0,0.0,15.145441930513925,0.0,64.0,-18.46021453841739,0.0561030054007356,0,1064,0
089F8EF0-AC2D-4868-B833-05A867DBEF61,12751,12,69.27272727272727,3,0.08587561759861972,869,24.875303897733513,465,274,706.0,283.2168046118347,800.0214,0.0,85.62014618885426,0.08587561759861972,352.075,-18.086393824797653,0.01974061894904522,7,1064,0
38E168C4-670A-4DE6-BE88-9E9A6C7679F7,6744,10,85.88888888888889,4,0.21648873072360617,71,3.8426749703440093,458,178,188.0,41.60061274126021,106.7106,0.0,20.81139803729044,0.0,70.1442,-3.8039519224330505,0.10889392057269563,0,1064,0
0E5946F9-90B0-4BC0-9696-BA28B2584FDD,7356,3,0.5,0,0.0,0,0.0,-1,883,2144.0,302.46706748919985,1136.965,0.0,162.63079220525168,0.0,523.784,-61.53322635416896,-0.2616708049767415,0,1064,0
20EC2CBC-C6A7-403B-ADC6-1A560025E4E4,12751,4,205.66666666666666,2,0.057250411732413145,120,3.435024703944789,571,263,452.0,137.89341168201784,349.4885,0.0,69.10016535929408,0.0,209.54147999999992,19.639638989278467,0.12511897477382786,0,1064,0
783B3D90-1BE7-4FFC-B3A8-DDA22416F1C5,4852,3,69.5,0,0.0,0,0.0,-1,880,251.0,51.259529790524084,121.6339,-48.79591,17.552276280863765,0.0,72.478062,-9.595040532854327,0.10421141104919021,0,1064,0
BF613F99-2DCD-4D53-813D-35CBDD081C47,4368,4,277.3333333333333,0,0.0,0,0.0,-1,45,451.0,88.18553092268327,240.0,0.0,19.42263802441294,0.0,114.0,7.248496855094501,-0.04091022897211705,0,1064,0
327067B8-5F05-47D8-B046-55DD26FB513A,12751,5,191.5,1,0.028625205866206573,152,4.351031291663399,607,107,412.0,89.57954453064238,317.3,-9.3,39.84654551303872,0.0,137.92,8.810741734789715,0.33683872551701594,0,1064,0
E1B23343-11EE-4D06-B68E-1C6E37035CB4,4677,7,69.5,0,0.0,0,0.0,-1,453,628.0,150.1902155946013,308.1528,-144.9404,30.28258891312049,0.0,188.21696,-23.227797153243287,0.4830957999626256,0,1064,0
C97B79D4-FD5E-452D-83B2-30FAA1368686,12751,7,69.83333333333333,1,0.028625205866206573,162,4.637283350325465,836,450,693.0,225.68916585515697,362.8,-25.1,27.176195475100798,0.0,256.7,-14.755192089724886,0.23225030639337227,0,1064,0
B603BEBA-4D07-4357-90B6-856CED27A507,12751,1,0.0,1,0.028625205866206573,42,1.2022586463806761,606,868,450.0,148.42720516054817,335.33,0.0,54.83433789120113,0.0,214.69,-37.76883864820249,-0.29062485937919236,0,1064,1
B5C30833-D82F-4AFF-ABA3-B71921FC635D,12751,8,77.42857142857143,3,0.08587561759861972,34,0.9732569994510235,338,321,683.0,118.03842889541002,459.55,0.0,69.32793835490638,0.0,202.94,49.3974723391579,0.838150778788297,0,1064,0
FE5E6CA4-8A0C-4EF9-8E1C-50B67AD61764,4030,1,0.0,2,0.18114143920595532,504,45.64764267990074,243,864,138.0,13.163074205755294,82.0,0.0,3.590391858557421,0.0,17.5,1.4187159177014959,0.0015602634984508913,0,1064,0
101E536C-C816-4B20-9C6A-6C97C7CBD9F1,7555,3,377.0,3,0.14493712772998013,80,3.86499007279947,64,108,208.0,43.64958868910573,213.0,0.0,18.53651721705036,0.04831237590999338,68.0,-11.181682641189056,0.4223517037159807,0,1064,0
CD1ECB28-EEF7-4014-B417-A5A5D5041015,3575,2,768.0,3,0.3062937062937063,381,38.899300699300696,239,84,452.0,205.3418600264511,360.6054,-9.461337,43.32319021782203,0.0,260.58486,13.127306440423922,0.39438075531451505,0,1064,0
0103621A-B5FB-4EAF-B661-5933B9E2990B,12751,13,68.5,3,0.08587561759861972,939,26.879068308367973,38,27,800.0,349.597768162437,790.2831,-16.18726,94.80617035361507,0.0,461.9751,24.86022034836543,-0.4502141644205363,0,1064,0
19BC1D55-5791-4C12-B27E-D8D1D52D5867,918,1,0.0,0,0.0,0,0.0,-1,851,602.0,101.88835226019727,297.9818,-4.394419,57.73718499705845,0.0,171.87614,33.211637559401495,-0.48306402217023814,0,1064,0
4A7D9253-FDDD-405A-B7B0-ACECFA3C0672,12751,8,107.71428571428571,2,0.057250411732413145,68,1.946513998902047,290,87,800.0,328.17011635000364,685.1807,-0.7576736,93.19471231869247,0.0,435.6079,34.36540997252723,0.31616043915423764,0,1064,0
510E2E04-AAB2-41AA-BAC8-1BFCCA3C09DF,12751,15,67.78571428571429,4,0.11450082346482629,201,5.753666379107521,316,5,264.0,99.87240492075524,244.6,0.0,40.0970114947619,0.0,149.2,12.09402297893611,0.3015041454110904,0,1064,0
91DD3FA9-4DBB-436F-895C-F1C6C1DBDAD9,12751,6,108.0,2,0.057250411732413145,284,8.129558466002667,259,293,1370.0,247.46251411438692,851.17,0.0,142.80320770202903,0.0,448.35,-174.50557892920176,-3.016172051419407,0,1064,0
4E1662A1-23AE-4383-BA23-9721548AB53D,3806,4,9.0,0,0.0,0,0.0,-1,806,887.0,255.76270509166076,737.0,0.0,69.05476966748381,0.0,344.0,62.21136898241329,-0.11758276056059516,0,1064,0
39D80A8A-0BD1-44F7-BB17-EBA6C2EF8815,12751,3,172.5,2,0.057250411732413145,21617,618.7910752097876,88,514,455.0,105.20118252870782,343.9453,0.0,59.508127969155765,0.0,186.3281,-31.48802825941769,0.8513921718736084,0,1064,0
EB2E1E6A-7867-4982-9FB9-70632A10CDB9,5901,4,189.66666666666666,1,0.06185392306388747,46,2.845280460938824,837,257,452.0,57.68105232934913,237.6709,-45.50362,33.30512306364494,0.0,101.0376,-10.9791321648908,0.1095246205951387,0,1064,0
1C285E62-A053-48E3-9F57-B8FB2791E2DC,1287,5,171.0,3,0.8508158508158508,725,205.6138306138306,449,141,452.0,102.7995984116413,391.1461,-17.72805,28.003446669133332,0.0,143.284,14.070125057494508,0.07356191977164638,0,1064,0
7A2E33FB-CCD9-484B-A45A-D606B7718AA8,12751,1,0.0,2,0.057250411732413145,8,0.22900164692965258,157,824,151.0,52.72901353402132,288.0,0.0,14.594370846772357,0.057250411732413145,70.0,1.5344123919046027,-0.010119104782079984,0,1064,0
B162CAC1-5ECC-41A5-82DA-750E8A7DFE7B,6669,3,47.5,1,0.054730844204528416,169,9.249512670565302,836,724,271.0,128.1223646732176,223.5446,-3.0,21.036897415923658,0.0,153.614,-21.51805917861884,0.4182215791037584,0,1064,0
4B563A1D-CE3A-4E0C-BB18-464300998D19,12751,5,228.25,0,0.0,0,0.0,-1,45,452.0,118.02810737734218,259.7622,0.0,36.305242753782686,0.0,162.9982,-36.78025608837615,-0.10549843301221898,0,1064,0
3AA438F5-B9FA-4DB5-ABE5-0FCDF077797C,12751,6,137.6,2,0.057250411732413145,46,1.3167594698455023,660,126,489.0,163.54309454593582,339.0,0.0,56.55932363589146,0.0,236.0,-9.106520471861728,-0.004296598116974385,0,1064,0
DB5A98A6-9ECB-42CB-9D8D-32C1F7C7D8A8,7035,3,187.0,1,0.051883439943141436,11,0.5707178393745558,977,438,377.0,118.57041302347258,384.2925,0.0,20.730190373503998,0.051883439943141436,146.83277999999999,6.031871321434821,0.29602349061544625,0,1064,0
30B9750D-9A0B-4170-A5BF-C90D2A092FE6,6611,6,192.8,1,0.05521101194978067,158,8.723339888065345,836,82,152.0,28.184173229431337,121.8745,0.0,13.65269394855203,0.0,47.320974,4.3377424471118715,0.13377388953091732,0,1064,0
5F2943CA-E070-4A84-AE21-4DF654FBACE4,3323,2,13.0,1,0.1098405055672585,53,5.821546795064701,139,1041,301.0,99.02152677027847,192.8708,0.0,25.887159224491093,0.0,130.0163,-13.326948969661188,0.26635157451667313,0,1064,1
BA499951-FC9B-497B-A257-37CB581DB410,12751,4,225.0,0,0.0,0,0.0,-1,361,988.0,187.37586848967692,494.08,0.0,61.304183241994544,0.0,267.85,59.433044318965045,0.4115688099351563,0,1064,0
A0146C0A-219D-4E78-9BC2-9B62DC02D44F,12751,2,6.0,1,0.028625205866206573,5,0.14312602933103288,616,1021,309.0,61.66350907749319,165.7471,0.0,20.922538549072335,0.0,90.89355,-1.6555202017215862,0.013216751206651273,0,1064,0
C58977FC-E817-45E6-A8A8-F3AF3EC2D644,12751,3,498.0,1,0.028625205866206573,79,2.2613912634303195,193,24,489.0,122.67018417196597,280.0,0.0,36.10769239888133,0.0,169.0,-2.0611563941881883,-0.03825558025008329,0,1064,0
81149ADE-1FBF-4DEA-B7BD-33428148236F,5674,5,248.0,0,0.0,0,0.0,-1,26,145.0,44.314517084185695,595.0482,0.0,22.65368360984572,0.3216425801903419,73.0,-13.409038689123967,0.0267711948891435,0,1064,1
3A89B0FC-9977-4FF6-A6B2-91AE0D168FD1,12751,6,153.2,5,0.14312602933103288,89,2.547643322092385,245,252,188.0,22.895039675962536,83.0,-144.4463,9.545809072595242,0.0,34.0,-1.117339058678585,0.03345914904901672,0,1064,0
D6F046AA-8A21-41ED-92BD-CE6AFBBDC257,12751,5,125.0,6,0.17175123519723945,45,1.2881342639792959,461,518,472.0,134.12292127637951,799.0488,0.0,40.39014566882979,0.028625205866206573,176.4221,3.5947439589600094,0.09242868400578419,0,1064,0
A96BEA97-ED58-4E41-A8CA-51A4EF1D2650,12751,7,147.5,2,0.057250411732413145,495,14.169476903772255,173,157,432.0,113.45808309423751,207.31,0.0,23.553083825014127,0.0,142.64,-10.30620346460789,-0.023262827372477268,0,1064,0
0959DAA1-AD8D-4913-9DBB-B8276F0346CB,6212,11,96.0,7,0.4113007083065035,440,25.853187379265936,275,40,259.0,112.5949705069376,331.374,0.0,34.69385058802171,0.2937862202189311,154.448,15.239533023309335,-0.10276437958242239,0,1064,0
E08256B1-31CF-4C4F-8B11-25AB5404E475,3267,3,73.0,2,0.22344658708295073,81,9.049586776859504,414,856,472.0,93.9075037045756,570.307,-9.3125,47.75426748616067,0.44689317416590146,159.7545,5.097195377060217,-0.3233130827626153,0,1064,0
3CF93F4B-5D55-4CE2-BC88-3C72DE853BE3,12751,2,117.0,1,0.028625205866206573,26,0.7442553525213709,970,886,527.0,182.6133416267883,308.9905,0.0,39.789885734821226,0.0,240.2344,25.136437817656116,-0.32093994035636275,0,1064,0
4F299892-5A7B-46C9-9776-EF49E2EC385B,4610,2,1.0,0,0.0,0,0.0,-1,994,250.0,18.86027436653225,373.0,0.0,17.840560765976413,0.15835140997830802,45.0,-12.073468810976692,0.06543314675336806,0,1064,0
03305618-8601-4B76-8E80-AD1AE27609A4,2590,4,192.0,1,0.14092664092664092,125,17.615830115830114,453,411,803.0,244.7076598266746,949.585,-24.46836,57.57161262629743,0.28185328185328185,310.3638,-11.068471578217753,-0.043917365855868744,0,1064,1
32BA210A-70F5-4937-B0AD-C2E9FDA1C70D,12751,6,196.0,3,0.08587561759861972,17,0.48662849972551175,496,5,479.0,117.71827278868679,301.8219,0.0,41.782344963165926,0.0,168.74952,-34.962138638794826,0.6803221085490752,0,1064,0
2877D2BE-ADF5-4E02-B930-7FEAE4EAC2E3,10460,6,167.6,2,0.06978967495219886,508,17.72657743785851,583,146,479.0,56.657889618265834,222.0,-5.15977,28.235523783616287,0.0,96.0,-7.295158136784352,0.18563522931496432,0,1064,0
F4B22715-8AD5-43E3-9B1D-CEB6AA6B186B,1184,4,300.0,0,0.0,0,0.0,-1,76,603.0,124.6569577879901,490.9829,0.0,65.0610314109936,0.0,189.5065,-19.27919558636971,-0.06611194882157634,0,1064,0
E4731289-4021-456C-B1C0-35471BE3887E,2224,4,40.333333333333336,2,0.32823741007194246,452,74.181654676259,835,852,301.0,53.097989051846255,200.7087,-222.5,17.212616278209378,0.0,78.114342,-12.326723806012915,0.041843972513372955,0,1064,0
FE508FA3-95CA-46C7-8F8F-C489B7E9A41B,3586,2,1.0,3,0.30535415504740654,329,33.487172336865584,693,968,301.0,84.61699849560478,266.1736,0.0,44.06490982623742,0.0,144.18077999999997,30.915759943824227,-0.18405403261177014,0,1064,0
458C9317-2ED9-4E0D-A157-FEEB84349913,9456,11,92.6,4,0.15439932318104907,1011,39.02442893401015,289,31,739.0,91.8545441437712,377.7464,0.0,63.24812157908718,0.0,183.83712,-35.90134273860144,0.2791598779377358,0,1064,0
8066BFEF-9678-40A1-8F55-0CDD267C2FEC,12751,5,44.75,1,0.028625205866206573,282,8.072308054270254,836,777,107.0,43.399647104791285,99.2,-2.117635,9.45323005204179,0.0,55.3,4.4724053643445245,0.11215073420125493,0,1064,0
45B4C5AF-AD77-4D6E-A306-29B600B035B0,6545,2,32.0,0,0.0,0,0.0,-1,924,251.0,61.6932222625041,124.5935,0.0,21.82133434977346,0.0,88.436596,5.258649892727384,0.1607787103498375,0,1064,0
F1CEC826-C74D-4DF2-8C04-3FC8C9379645,12751,3,265.0,0,0.0,0,0.0,-1,425,678.0,49.441707823825055,539.6312,0.0,27.466908626304072,0.0,85.0,-7.123960910244811,0.16420351392258067,0,1064,0
48C35BFD-4DA0-43C5-92DE-4AEC3E5D6D0A,12751,2,231.0,0,0.0,0,0.0,-1,725,151.0,32.3994627696772,150.0,0.0,11.874244355667319,0.0,49.0,-5.191515238813004,0.1341591668838648,0,1064,0
3BB36FED-8F33-4EB6-A9E1-EEC15C9BE2E4,5570,3,190.0,1,0.06552962298025135,45,2.9488330341113107,28,572,266.0,99.57163708507322,1322.0,0.0,40.13056148374266,0.39317773788150806,146.90212,5.696015366315677,0.28569912893638144,0,1064,0
59714C45-7F19-4ADF-AB64-383589441535,3957,1,0.0,0,0.0,0,0.0,-1,952,887.0,151.62947450291165,545.627,0.0,84.25320584489282,0.0,264.0884,37.42906865210381,-1.0419652229019463,0,1064,0
D3BA5D04-B303-4EC7-BAC7-84B8E1F6765C,90,11,94.3,2,8.11111111111111,226,916.5555555555557,836,78,346.0,59.639277572045714,479.1862,-0.001,46.629487849962864,4.055555555555555,126.9,-19.36935101000868,0.606206986977806,0,1064,0
FEB0DC7B-70AE-4770-A41D-63203CDEC0D7,4576,4,95.0,2,0.15952797202797203,16,1.2762237762237763,938,765,753.0,190.85577679003313,568.3344,-30.0859,74.27996481513986,0.0,263.3458,18.528400137435995,-0.07669649413757355,0,1064,0
385D0432-7208-4080-8224-C6B79E54406D,4840,6,182.4,1,0.07541322314049587,290,21.869834710743802,947,34,206.0,41.130631568096845,219.1518,0.0,19.546245234006804,0.37706611570247933,67.25012,-11.045314459686356,0.1956848385973954,0,1064,0
B9E051C8-32D0-4223-A2D5-FA7E228CE28A,12751,12,77.18181818181819,2,0.057250411732413145,262,7.4998039369461225,496,82,256.0,122.16450585025525,230.2,0.0,33.562552043690275,0.0,166.2,-9.870107702107092,0.1614463948451691,0,1064,0
08F51991-D070-4C61-972E-E73585D7A7C8,12751,6,179.0,4,0.11450082346482629,436,12.480589757666067,27,35,301.0,114.48705476422647,223.91,0.0,38.4374072438003,0.0,154.52,-11.316747665461051,0.6109953549362938,0,1064,0
CBDE2D9A-4FBA-476B-8A6F-3BD26AC07A7D,12751,4,336.3333333333333,2,0.057250411732413145,126,3.6067759391420284,421,33,78.0,12.144820222025137,294.0802,0.0,2.7444809630201172,0.14312602933103288,15.011478,1.9385752997572698,0.01065795988970231,0,1064,0
67013822-50EA-4C0C-A499-E18A86BF8D0A,1248,2,920.0,5,1.4623397435897436,229,66.97516025641025,27,8,99.0,9.822699384400714,143.6828,0.0,6.640234623140505,1.4623397435897436,22.234,-3.224942904933121,0.13122323541197867,0,1064,0
CEA0063D-D90E-4C37-A135-A4E0ABFEC701,12240,4,206.0,8,0.238562091503268,367,10.944035947712418,263,304,148.0,54.17355553470757,123.6762,0.0,17.131044732502414,0.0,75.68355,3.4129979297985997,0.00356387618264738,0,1064,0
BCB99DFB-301D-47A7-BAE5-4346EE59A479,5178,3,460.5,1,0.0704905368868289,3,0.21147161066048667,42,0,400.0,133.99859180742712,4310.928,-5.565529,31.360592526701538,0.0704905368868289,170.86774,-7.442199888445629,0.16357896094213503,0,1064,0
9E00283D-2CBB-4BEF-9B06-1E66D4686550,12751,4,139.33333333333334,2,0.057250411732413145,46,1.3167594698455023,836,495,259.0,92.85949401115637,584.0,0.0,39.16431895301024,0.14312602933103288,141.9,-12.32605265012242,0.1511025823245077,0,1064,1
E019CCCA-A54F-4A7E-821E-C3590B3DA268,12751,14,63.84615384615385,1,0.028625205866206573,15,0.4293780879930986,998,72,887.0,93.91200657486259,455.0,0.0,64.3513796676816,0.0,179.0,42.59671256093988,-1.0763771133154967,0,1064,0
71A4FDF8-3D80-481F-AFF5-B7489AA6400B,5206,5,183.75,0,0.0,0,0.0,-1,173,256.0,104.54828577486653,243.4782,-16.89596,43.04912181523704,0.0,159.20479999999998,7.626433410318668,-0.1336337184678744,0,1064,0
DD28E303-2043-4765-9DBC-00AB4836A5FF,7147,3,59.5,2,0.10214075836015112,114,5.822023226528613,406,785,271.0,69.7397889639363,128.7,0.0,19.042412658420865,0.0,93.4,-1.2577287787511153,0.18927635670607318,0,1064,0
C3066597-CB16-4B8F-BBAB-4EF7BDCFF6FC,5280,8,125.42857142857143,5,0.3456439393939394,2133,147.45170454545456,370,25,489.0,73.15363918644245,348.0,0.0,42.56354701607569,0.0,126.0,7.635558344421753,-1.1977992253274419,0,1064,1
4A139140-8535-4803-9239-67A5E2757A68,4768,5,110.25,2,0.1531040268456376,240,18.37248322147651,135,482,232.0,71.66145139055075,198.6288,-8.400001,27.105940396611725,0.0,108.27329999999998,-7.543075624192724,-0.013301342565674786,0,1064,0
0BF3CDD0-DF96-496B-9134-F2849E801EBF,5447,7,71.0,2,0.1340187259041674,430,28.814026069395997,7,468,284.0,122.17134218905018,250.3086,0.0,29.15487647601555,0.0,158.24398,1.3700994382646314,-0.05313695882848742,0,1064,0
81E7573E-370D-41FF-94AD-2CF63FD8095E,3365,3,69.0,0,0.0,0,0.0,-1,756,450.0,108.36644942451,192.98,0.0,22.331323773906185,0.0,139.14,6.188008908823335,-0.0241284783673539,0,1064,0
B67A6759-A83E-488C-8696-4C5E87CD94E1,2043,4,163.33333333333334,2,0.3573176700930005,531,94.86784140969162,277,390,1039.0,51.950477832362566,417.5107,0.0,35.499433434780165,0.0,107.69589999999998,13.10102935220533,-0.2425574685941617,0,1064,1
702BC098-B23F-4DB2-8277-D6F642CA8B28,12751,4,166.33333333333334,4,0.11450082346482629,407,11.650458787546075,141,455,314.0,34.49696168544577,109.9,-57.49477,17.03356700257992,0.0,58.2,-10.29244008050749,-0.2011547950593226,0,1064,0
AE54E534-A74D-46DC-8F22-8C0F7C94B5F6,3355,4,269.3333333333333,1,0.10879284649776454,360,39.16542473919523,836,152,301.0,66.92626771269222,264.1913,0.0,43.338140982456615,0.0,136.25986,7.5544117116133265,0.14983507826045317,0,1064,0
D929BBFD-057B-4A77-B3AE-032C4BCE5DCA,12751,6,135.0,0,0.0,0,0.0,-1,187,452.0,169.11683305469685,339.0,-214.6522,55.00511824575424,0.0,234.0,-18.06289786951166,-0.07132070488827325,0,1064,0
582A4AA7-2C97-4452-8B75-B9B6B7DD2790,12751,12,58.18181818181818,1,0.028625205866206573,71,2.0323896165006667,575,248,251.0,105.4719220081565,239.5,-127.6779,47.725156232922956,0.0,165.9,19.874474596781766,0.2822688843614729,0,1064,0
52732ACA-3F3D-41EB-A1C3-5E7DB087D478,12751,7,103.83333333333333,0,0.0,0,0.0,-1,233,203.0,46.06766357094774,115.0,0.0,21.60938410989236,0.0,76.0,-5.079546286997122,0.11920710375763106,0,1064,0
30A963E2-56DC-4C6F-85FE-19F9FD54A91D,3591,5,171.0,0,0.0,0,0.0,-1,163,452.0,41.27325299639233,185.661,-10.81999,30.32293948210696,0.0,83.13439599999998,8.624026387326808,-0.08568882550462975,0,1064,0
68EEE1C6-80EB-449A-855A-A3EB182BEC07,2395,5,201.25,15,2.2860125260960333,740,112.77661795407099,104,250,452.0,116.89651187780296,430.0,0.0,41.63487749747276,0.0,175.0,-10.824519756661005,-0.08144506189332124,0,1064,0
FCEE839F-3F98-48A6-98A7-8D6BB1B743CA,12751,7,84.83333333333333,1,0.028625205866206573,187,5.352913496980629,836,433,269.0,67.23880074035826,533.8332,0.0,23.483050808849686,0.17175123519723945,89.6,11.582071605320763,0.11920181602888606,0,1064,0
3332C3FD-EFD6-4F55-B9DF-F37C156D5C58,12751,5,84.0,1,0.028625205866206573,404,11.564583169947456,870,541,753.0,163.36757339538715,415.7583,-40.73291,84.30870505468096,0.0,248.9596,32.97323484535357,-0.060674180263645246,0,1064,0
DEDF2C8D-203D-46B8-AA25-2DC6F0A3ED75,5221,2,1.0,0,0.0,0,0.0,-1,826,490.0,104.2287887948852,295.363,0.0,42.24064034261077,0.0,161.27676,-13.497380793573498,0.19965214120190988,0,1064,0
F88C8391-493F-46C4-ACA6-90849D55A536,12751,1,0.0,3,0.08587561759861972,2325,66.55360363893028,591,1056,339.0,76.99539458318901,179.3701,-30.61992,20.164267530155975,0.0,103.3447,-1.1709482591149367,0.025012429759201947,0,1064,0
703A4E81-90DE-4C1A-A628-96004C4CDBC5,3365,4,165.33333333333334,1,0.10846953937592867,266,28.852897473997025,836,551,301.0,81.63129268595553,127.6,0.0,10.898834309282966,0.0,95.7,-0.03856120447406397,0.1333795210198958,0,1064,0
134082F5-20EE-4BF6-BF65-99DD9D94FF79,4831,3,175.0,1,0.07555371558683503,16,1.2088594493893605,110,684,377.0,105.27089887004061,233.6672,0.0,39.41876265659524,0.0,147.73588,-15.088169100750491,0.17026383958985572,0,1064,0
891C53D5-3FCA-44CD-AA86-AB4177A748C4,2432,4,339.6666666666667,8,1.200657894736842,177,26.56455592105263,57,13,159.0,26.407935030590732,72.52126,0.0,9.761735635123241,0.0,39.58705199999999,1.0763985887217693,0.06328440897648738,0,1064,0
5F9C4547-A81F-43B4-83D1-13C75F9A5B82,1082,2,573.0,2,0.6746765249537893,10029,3383.1654343807763,427,459,301.0,72.34623131412287,170.9804,0.0,21.811963442220655,0.0,100.73124,-1.0416334499253423,0.254575729344672,0,1064,0
596E0C13-45F2-4528-82B0-67DE8C99E9D5,9710,2,796.0,3,0.11277033985581875,309,11.61534500514933,167,223,271.0,50.12693216703812,234.7766,-82.45698,15.73040957035695,0.0,76.72266,-3.353532167038125,-4.663708555906961e-14,0,1064,0
AFFD3861-8CE7-4386-B3CA-B427D9CB71FD,8463,4,326.6666666666667,0,0.0,0,0.0,-1,36,251.0,71.2846293201605,122.0282,0.0,13.249844874118274,0.0,89.13293399999999,-7.041197784666679,0.07948190090105887,0,1064,0
7D4391B2-5728-488A-9F43-F11A6A98C583,2691,3,422.0,0,0.0,0,0.0,-1,170,452.0,66.62754238433536,319.56,-266.6347,37.60434247375803,0.0,119.47,-12.398245316434128,-0.3086576686422854,0,1064,0
ECF72A82-D21D-4399-8DA5-9C3CF153E3C1,1094,2,937.0,9,3.002742230347349,765330,255343.19012797077,140,61,451.0,36.66105217059351,540.1393,0.0,40.82118584978141,1.6681901279707496,100.0507,30.34757748758551,0.07332913933755511,0,1064,0
CCB80281-C883-469C-AD11-C4D27D11A485,12751,6,174.2,0,0.0,0,0.0,-1,119,1083.0,269.10397077472925,2000.527,-98.87186,123.95912028230657,0.11450082346482629,422.5159,-42.049489233139724,4.122765246452939,0,1064,0
A72CBAE4-05E9-4164-B9DA-AA5FF0A39B10,8299,2,35.0,0,0.0,0,0.0,-1,991,825.0,298.79751154548484,2176.88,0.0,113.7503523650385,0.17592481021809855,452.27,111.03257245914477,-1.422437090204784,0,1064,0
D26CB470-C959-4C4A-82B4-09BA54EE72E6,12751,8,104.28571428571429,4,0.11450082346482629,254,7.27080229001647,402,264,266.0,148.20193651270856,235.5,-26.8,22.421153198894782,0.0,175.1,-0.24981459912831383,0.25383026825429156,0,1064,0
3E4F934A-22F9-4600-8BB4-8AA3E9C087FB,12751,6,178.2,3,0.08587561759861972,17,0.48662849972551175,337,94,489.0,55.841549667100196,251.0,-5.003362,24.150164802250142,0.0,89.0,-2.099883000433529,-0.043215097428636655,0,1064,0
02BA5F51-59B4-4241-A510-5A266306282B,12751,3,305.0,5,0.14312602933103288,571,16.344992549603955,690,373,104.0,15.417707842556222,62.5,-125.2329,7.123907171269633,0.0,24.4751,1.910575554974642,0.023037189392822167,0,1064,0
85FB3038-427D-4E5A-9C5C-56E9B64A6AC4,1991,2,335.0,1,0.1833249623304872,87,15.949271722752387,554,642,1662.0,329.04677210349854,727.0,0.0,122.69895798371792,0.0,476.0,-31.202327659054106,-0.6062421972537521,0,1064,0
A0FE2471-47AB-42E3-A823-0B978173C4D6,3036,5,200.75,2,0.2404479578392622,615,73.93774703557312,51,221,451.0,71.75706937522989,226.9861,0.0,60.786181492593634,0.0,183.42937999999998,-32.71670854374841,-0.18236977480031755,0,1064,0
E84D8F35-5DED-432C-872B-BB6B793DA00D,7978,2,12.0,1,0.04575081474053648,87,3.980320882426674,319,961,693.0,141.6102235622756,395.52,0.0,56.18956620250404,0.0,222.768,32.708817178465154,0.6349536678052116,0,1064,0
3D628AD5-874B-4E64-A57D-D1C6EDB91862,12751,6,189.6,2,0.057250411732413145,21,0.6011293231903381,401,23,377.0,128.53829705239497,309.1003,0.0,33.515031064912975,0.0,172.4304,-8.677520560496802,-0.013998350970686737,0,1064,0
F1B45926-7AE0-4CA1-B40A-C46260188C67,1546,2,0.0,0,0.0,0,0.0,-1,971,452.0,94.76235091479475,353.0,-10.97358,42.76730813894131,0.0,153.0,-15.360113260473767,-0.0196292523540487,0,1064,0
B0DFA93B-E5B3-4A08-B1BB-431B7C523AF7,12751,5,224.75,3,0.08587561759861972,291,8.329934907066113,88,63,259.0,64.65060970119012,233.2703,0.0,20.134971565419697,0.0,91.574,-13.737512324646914,-0.010215330196280537,0,1064,1
65E5D0F8-52B5-4A98-A61C-E26A92BA8A86,12751,14,57.15384615384615,4,0.11450082346482629,130,3.7212767626068546,282,213,276.0,59.641684376322644,267.5386,0.0,35.807459419323756,0.0,104.0428,-1.9168718311065973,-0.2715389765661044,0,1064,0
BF8835C5-990C-426F-B526-B722CDC26D5F,2476,3,430.0,2,0.2948303715670436,134,19.753634894991922,408,97,452.0,110.5387904451299,187.4053,0.01310423,19.375640046525454,0.0,134.97128,-2.1200575801607755,0.22787926443298634,0,1064,0
8D099868-8322-4ED7-B0AC-732C59DF4466,12751,9,110.125,3,0.08587561759861972,530,15.171359109089485,514,75,100.0,25.424642665701572,71.3,0.0,7.564581558671275,0.0,34.2,2.7544005470299098,0.12934378048333753,0,1064,0
D5FE6817-1890-46E9-A1C2-E36AEC24D09E,6355,5,131.5,1,0.05743509047993706,1,0.05743509047993706,972,426,775.0,163.51523993052604,457.2,0.0,49.17633361102189,0.0,229.2,-24.141720927439593,-0.1094871748536875,0,1064,0
D232FB56-3008-4BE3-AE13-006A8B011A04,12751,5,193.5,0,0.0,0,0.0,-1,149,452.0,144.02075311142627,305.7999,0.0,35.77226468357082,0.0,186.86093999999997,-8.127614208648481,0.10473267885368862,0,1064,0
A6575B86-32B9-4A08-A709-A89581E4E58C,8743,12,81.54545454545455,1,0.04174768386137481,19,0.7932059933661215,1051,22,470.0,141.96422873587483,349.1821,0.0,64.91961406668418,0.0,221.7407,-9.050808567664944,0.5246382510562628,0,1064,0
FAD5955E-330A-4F2B-BA3C-AF46A7EB9141,2948,3,146.5,1,0.12381275440976934,23,2.847693351424695,836,626,301.0,0.601243155340638,5.451586,0.0,0.37439001638190955,0.0,1.1546919999999998,-0.3007511266340794,-0.0002215459380478105,0,1064,0
FCF47850-2BD4-43B9-A61B-74F4F893419D,1379,3,163.5,1,0.26468455402465557,48,12.704858593183467,736,587,887.0,84.47037940486383,295.5011,0.0,51.7242751390259,0.0,155.20146,-19.2650229959132,-0.2827721119983566,0,1064,0
621D22C0-464B-4623-A92C-4F152A8DB7B9,1629,4,151.33333333333334,0,0.0,0,0.0,-1,460,887.0,84.23108029384278,296.2057,0.0,51.67728949070929,0.0,154.93676,-19.27593945665143,-0.28233071390565573,0,1064,0
60DE7DBA-7A39-48ED-8C19-37BA7939D964,5108,2,511.0,3,0.2143696162881754,441,31.512333594361785,102,404,129.0,7.206186645055455,933.0,0.0,13.242039195415703,0.3572826938136257,28.0,13.238566441364297,0.08443120549860489,0,1064,0
47A5FFAD-993D-4B88-8A5D-8860C7C5D531,3428,3,72.5,1,0.10647607934655777,8,0.8518086347724622,742,768,734.0,157.4780469909146,394.5086,0.0,47.408926927632756,0.0,216.2693,3.1931363022952723,-0.17758187835391137,0,1064,0
BD438B48-65EE-42A9-8504-2CA87CE3D9BA,8299,3,224.0,1,0.04398120255452464,5,0.2199060127726232,540,540,825.0,287.871899672564,702.64,0.0,111.03910043703213,0.0,463.01,127.51880325953476,-1.0808308804703897,0,1064,0
A8A5245D-E7DA-429A-B6C0-0C8B76505476,12751,3,234.0,3,0.08587561759861972,167,4.780409379656498,402,432,266.0,150.2569330161365,237.6,0.0,22.031294151272714,0.0,177.1,0.12592963818448766,0.261499173423195,0,1064,0
D61AD443-F61E-4E59-A4AC-C0A5AF47F6E9,4730,7,89.33333333333333,4,0.3086680761099366,684,52.782241014799155,619,357,1524.0,430.9075379995686,804.0,0.0,54.663763245547194,0.0,498.0,-5.871889604506862,0.4454140550041073,0,1064,0
B974679A-1ECF-4E81-BA23-1882B09D8C39,9561,4,161.0,4,0.15270369208241816,59339,2265.321096119653,374,407,395.0,149.1565412967868,589.0604,0.0,61.09843072789336,0.03817592302060454,209.82712,11.18990493855273,0.10794965034591093,0,1064,0
8ECEA5F6-88CB-472C-986C-087ECC5B0128,12751,2,114.0,2,0.057250411732413145,767120,21958.967924084387,491,889,555.0,77.1434140173979,272.2656,0.0,76.85039391565122,0.0,168.9453,-77.1434140173979,0.0,0,1064,0
015D38B7-1E72-4215-89EE-60DA1BE3D511,4772,3,218.0,3,0.22946353730092203,32,2.4476110645431683,388,434,225.999,37.504066171495424,111.6028,0.0,15.232272457901248,0.0,57.1106,1.6339578513440856,0.1276977891492916,0,1064,1
0B5AD3F1-F959-45DA-9F0A-ABB53C99CAF5,12751,2,34.0,1,0.028625205866206573,5,0.14312602933103288,560,837,412.0,88.5485946769821,282.23,-6.86,35.16069844395428,0.0,136.28,7.291906866227762,0.3236085627854502,0,1064,0
2890FA10-3AB3-494A-9979-3EBA965EFC67,5097,6,140.4,0,0.0,0,0.0,-1,155,188.0,39.687336553066245,99.82724,0.0,18.789839439389837,0.0,65.584994,-4.32510684014958,0.10269528480702275,0,1064,0
62DD5160-6FC9-4DDE-ADEE-2D5C01D717D4,10019,10,71.44444444444444,1,0.036430781515121274,24,0.8743387563629105,1043,233,479.0,59.13117700497363,232.0,0.0,19.899622976749836,0.0,86.0,-13.099695523492151,0.06371374152269169,0,1064,1
C383D645-F93C-45E1-A259-52EE6554D9C3,12751,6,169.8,0,0.0,0,0.0,-1,1,489.0,80.06260970805258,234.9138,0.0,26.09698848795195,0.0,111.0,1.331294612935082,0.473026905470666,0,1064,0
54742AD1-B566-4347-81B8-8A0D98593C11,12751,6,78.0,1,0.028625205866206573,329,9.417692729981963,836,461,693.0,242.85495434849386,394.6,0.0,31.02455264298113,0.0,277.5,-17.539005274419765,0.26543501598256775,0,1064,0
951EF7D8-8780-48A6-98B0-90BC0148854F,8216,6,161.0,7,0.3109785783836417,441,19.591650438169427,79,40,245.0,86.58393418308967,227.1,-31.51968,33.8049829809415,0.0,133.54,6.264602082342421,0.14946779494944926,0,1064,0
353B1324-0EB2-4EDB-BB3A-B5C518F87B68,4329,3,184.0,2,0.16863016863016864,309,26.053361053361055,279,475,452.0,131.11013375606677,266.0704,-62.73737,41.27750614097911,0.0,187.9371,-28.24636924989393,0.21471441755488718,0,1064,0
E982614A-95D5-40B5-9990-9989ECF9F50C,8462,4,160.0,2,0.0862680217442685,70,3.0193807610493972,427,361,269.0,75.83061306270301,479.926,0.0,18.713325052977105,0.21567005436067124,100.72207999999999,0.9671113979451462,0.19993355739556504,0,1064,0
DD549033-7750-4EC7-B238-D207A907376E,12751,14,61.38461538461539,8,0.22900164692965258,409,11.707709199278488,294,35,159.0,40.277506796280726,135.6324,-25.27,13.433081713006002,0.0,55.796803999999995,2.051648712996588,-0.0012365636887232499,0,1064,0
C87E7066-6AF7-4E62-80CE-BBDC10C985C2,2168,2,195.0,0,0.0,0,0.0,-1,643,250.0,59.035488813152334,237.9838,-72.89876,23.11452928663082,0.0,89.60001,-6.528447326886898,0.046520972608024416,0,1064,0
D89AE226-4A70-4E95-8F42-9ABB15BED2BD,9181,7,159.83333333333334,2,0.07951203572595578,168,6.679011000980286,684,96,693.0,232.6567958856588,433.0719,0.0,63.5394311233084,0.0,310.7117,-8.87646671359093,0.33836479615261406,0,1064,0
43310AF9-A91A-4A1E-B1EA-3AB22FD0600A,1233,3,196.0,2,0.592051905920519,166,49.14030819140308,426,663,226.0,35.915469690752715,162.3192,-53.42881,21.76954128409558,0.0,64.99375999999998,13.747153811870739,-0.36446460103505623,0,1064,0
71325C08-995D-45AA-B1B6-858700B36BD8,9742,2,17.0,3,0.11239991788133853,2772,103.8575241223568,679,1038,1270.0,322.9536631454117,719.64,0.0,112.18143480660625,0.0,459.53,38.28230984841542,-1.0042387451815487,0,1064,0
DCB79EDB-51DA-42CC-8D88-BAFDB7C9D1F2,10050,5,209.0,1,0.03631840796019901,29,1.0532338308457712,861,216,407.0,47.5870828231038,189.8231,0.0,33.241349698724825,0.0,93.64765,-17.06194598061151,0.13511348087559344,0,1064,0
70D97D06-EEDB-4620-AACA-3C3774C72A47,2147,3,174.5,4,0.680018630647415,420,71.40195621797858,421,671,451.8,57.54310728749665,205.4536,0.0,22.484950686398253,0.0,88.739182,16.634381573074336,-0.2271795756338481,0,1064,0
D0F53A9B-B47B-4FCD-BEE4-D44CEA55CEDA,1821,3,328.0,0,0.0,0,0.0,-1,360,753.0,0.47426031478298375,239.9767,0.0,9.51968214002937,0.0,0.0,-0.47426031478298375,0.0,0,1064,0
1C0E435A-C134-4347-89B4-E66983185C67,12751,2,183.0,0,0.0,0,0.0,-1,813,518.0,74.27626364536916,207.0313,0.0,34.87891929096301,0.0,122.4609,40.941870235032084,0.48333788514519505,0,1064,0
B6565142-0266-48A2-8635-79C0D8A9A75A,4610,2,0.0,0,0.0,0,0.0,-1,996,250.0,18.952766213317037,105.0,0.0,17.828141050281534,0.0,45.0,-12.318275472576296,0.07180190284122537,0,1064,0
7DEE2F6C-25B1-4C45-9165-277335D80FDB,5909,5,241.75,1,0.06177018107970892,22,1.3589439837535964,490,28,377.0,43.122624160463246,177.0,0.0,30.612319795088574,0.0,87.0,-14.312207493796581,0.15017783402612714,0,1064,0
7C2EE4F9-48BD-4695-AE5C-745084D36E91,12751,2,63.0,3,0.08587561759861972,182,5.209787467649597,967,992,101.0,0.7465340891658552,86.70906,0.0,5.724468905987404,0.0,0.0,-0.7465340891658552,0.0,0,1064,0
A467E6AC-6954-4289-B08E-5203E6AED0A9,1547,1,0.0,1,0.23594053005817714,112,26.42533936651584,127,992,301.0,45.9454613856583,112.9607,0.02827294,15.320118598241908,0.0,65.516518,-5.355813218073422,0.1006713658405402,0,1064,0
4641D0B3-55D2-4610-8CA9-64F5108FBD2A,530,9,110.125,1,0.6886792452830188,63,43.386792452830186,20,143,678.0,143.04202587048306,383.0,0.0,60.311996546352596,0.0,218.2617,-28.411007351964543,0.08019291361977565,0,1064,0
EABA266E-5971-4319-B289-76B58959B272,4605,1,0.0,0,0.0,0,0.0,-1,985,99999.0,199.01749834099087,646.422,-17.73434,134.91624760887453,0.0,394.4976,66.07066778555236,0.28367168940585447,0,1064,0
645D282B-61B4-4513-B5F7-D2A9D16695E7,6863,3,126.0,0,0.0,0,0.0,-1,725,489.0,127.55389716320168,251.0,0.0,29.993744428841847,0.0,168.0,-0.7261965459177304,0.04777253021623127,0,1064,0
EDAE9693-FF75-41C4-A9F9-1EC775DCAC2C,12751,7,90.5,7,0.20037644106344601,313,8.959689436122657,406,426,269.0,65.62458384259544,116.8,0.0,18.424246758791238,0.0,88.4,-1.0258261265460504,0.1818468729563693,0,1064,1
54DF2AC2-08E8-4796-9F51-0AE512D10818,12751,5,137.75,5,0.14312602933103288,413,11.822210022743315,88,413,259.0,64.4205057182678,233.9981,0.0,19.597168704584703,0.0,90.8,-12.571030728067193,0.0464396069742384,0,1064,1
886124C7-24B2-407F-AFE9-3E8C5C2B6FBA,3338,3,94.5,0,0.0,0,0.0,-1,769,452.0,71.0112260168463,237.7979,-3.7,35.22165428139671,0.0,119.00064,-3.069714936908028,0.1354723094468076,0,1064,1
E7B3BDAE-CD94-4E23-9BDA-CB3572944E67,3393,2,20.0,1,0.1075744179192455,62,6.669613910993221,121,936,451.0,134.40752648901048,270.0,0.04254523,19.04186212128633,0.0,158.71866,0.16427564833520591,0.2187463122640829,0,1064,0
2D0CC930-23BF-467A-994D-7E1B7264918D,12751,4,275.6666666666667,0,0.0,0,0.0,-1,143,265.0,56.89474326050899,160.4732,-3.172758,27.083973744983094,0.0,90.53163,-3.9626594910645423,0.08554478785762161,0,1064,0
3BCC6676-AA3F-4F9F-A889-E02D04919D2C,12751,4,251.66666666666666,2,0.057250411732413145,20,0.5725041173241315,192,194,226.0,36.89369697200847,170.0,-0.5851979,19.175971657751607,0.0,58.0,-11.491459317687482,-0.039927254393571913,0,1064,0
9E962D84-5185-4D44-BE32-7738296BE4CD,12751,4,248.66666666666666,3,0.08587561759861972,280,8.01505764253784,214,203,452.0,146.97136573143715,949.8596,-165.315,36.559154229149655,0.028625205866206573,190.5884,-8.21936439193098,0.10699674584984022,0,1064,0
B372A68C-1DA1-4CC9-8D63-0DF99DDCEBE9,7235,6,183.4,1,0.05044920525224602,375,18.918451969592258,194,28,377.0,106.01231266524408,246.0,-29.4,37.91128724088354,0.0,152.4,-44.51768999934903,-1.4894543456057772,0,1064,0
2FC0AB13-853C-4DE0-9B92-83F046AB2B4A,4487,5,205.5,1,0.08134611098729665,8,0.6507688878983732,941,116,792.0,118.64003084780435,436.0,-35.98437,76.34464554675063,0.0,228.0,-40.17668208237225,-0.04609308190776729,0,1064,0
7385215F-E55C-47DD-BD9F-64A206D48BEE,7018,6,156.8,0,0.0,0,0.0,-1,153,400.0,90.99974977157909,271.0,0.0,47.776589366556074,0.0,156.0,-23.894348537011183,0.3408240843633596,0,1064,0
6865C41D-68D9-4AF3-9CFC-4C8AE008CBC1,12751,3,214.0,2,0.057250411732413145,46,1.3167594698455023,243,508,407.0,105.98551459335847,271.02,0.0,25.31915720506114,0.0,134.31399999999994,2.816442968369927,0.059082134625573685,0,1064,0
ED71725D-711F-4F01-89D3-49238120657A,-10,7,136.33333333333334,2,0.0,1188,0.0,445,115,452.0,91.53912800999755,451.0,0.0,40.22448143710017,0.0,135.10474000000002,-91.53218276361484,-0.00022106395182305692,0,1064,1
D9737CB8-54FC-46DE-B36C-566B76A43BB9,6606,4,268.3333333333333,9,0.49727520435967304,251,13.868452921586437,115,115,235.999,63.476351282919744,169.0796,-54.6628,28.304663476228665,0.0,90.47241,11.951924768777793,-0.06361140099894148,0,1064,0
914F6355-1212-4395-BE0E-55712F524310,5108,2,608.0,4,0.28582615505090053,464,33.155833985904465,102,306,258.0,53.35730264759128,109.0,0.0,13.14861570915537,0.0,71.0,5.031740562285258,-0.18708642585053575,0,1064,0
3F471218-FD78-4A69-953A-233ABD829ADD,8305,10,92.0,2,0.08789885611077664,236,10.372065021071643,236,82,450.0,49.03971339127883,224.0,-0.2520762,35.46208651953596,0.0,104.0,5.138450188968086,0.3025650743346984,0,1064,0
7ABA0B82-836C-4A75-9624-9AE7E4F89BB3,4991,2,751.0,0,0.0,0,0.0,-1,162,682.0,181.60454494522995,301.5269,0.1995625,39.371240605099544,0.0,232.00318,6.032520824831778,-0.02901824093413563,0,1064,0
1664D711-FBFE-4BAB-8601-ECE56ED1692B,1077,2,219.0,4,1.3556174558960075,238,80.65923862581245,835,691,602.0,15.772301345363282,235.7021,0.0,19.587485381745793,0.0,45.0,-14.024461839190442,0.05395716435042338,0,1064,0
D3F9E81D-17B1-4532-B2B4-E50459C020DD,5477,1,0.0,6,0.3998539346357495,111,7.397297790761366,45,909,979.0,279.3112527483387,563.3571,0.0,96.85237474134745,0.0,411.7539,21.157451971958665,-0.34364687387562615,0,1064,0
17B966C6-8880-4C40-86FC-17FBAEF9AC4E,12751,3,233.5,0,0.0,0,0.0,-1,440,301.0,48.63432135529747,185.0,0.0,27.90309377347102,0.0,88.0,-7.972284318260435,0.1382037334284193,0,1064,1
7B2D3C96-43B6-4FA0-AB85-1112EC3265F7,10288,5,192.0,0,0.0,0,0.0,-1,121,452.0,104.22340964792461,229.0,-2.952,30.00013363127188,0.0,144.0,2.3829946730630382,0.4763356129928331,0,1064,0
A0DA4AB1-4E3D-4A00-B35F-D803557F15D7,12751,4,274.3333333333333,2,0.057250411732413145,7,0.20037644106344601,487,64,120.0,59.063335615364004,139.6385,-4.1,14.675799774783002,0.2576268527958592,78.0,-6.328999195610919,0.14840658197395423,1,1064,0
575027EE-0D74-43BC-94A0-E3B64141152E,2102,4,197.0,1,0.1736441484300666,492,85.43292102759277,836,292,1039.0,51.65902737672067,537.9292,0.0,35.43516518376039,0.0,106.86645999999999,12.876033790871915,-0.24724431323901963,0,1064,0
2A44B059-4961-4BFB-AE93-36214ECB6718,12751,3,402.0,3,0.08587561759861972,217,6.211669672966827,433,75,452.0,135.53550446018943,350.6214,0.0,66.03732257738096,0.0,196.9481,22.65161814011921,0.1354302032782632,0,1064,0
CAC86566-186F-445F-8D6B-5F9C9B7998E7,2340,2,1.0,0,0.0,0,0.0,-1,863,1039.0,288.2339801125438,497.5063,-11.95917,63.481416990770526,0.0,374.0587,-40.4314382992722,0.345278841117563,0,1064,1
C51C6412-E1C8-4148-B4A4-D305B89E7C77,969,2,257.0,20,7.533539731682147,23412,8818.761609907122,23,587,301.0,48.8611544265295,137.5312,0.0,27.28371087115099,0.0,80.02663,24.759939829643322,0.0078146817987797,0,1064,1
BF7DF309-F8B5-42A8-80DF-F33F7B3F23CC,12751,5,189.0,2,0.057250411732413145,11,0.3148772645282723,499,100,452.0,84.18420921918606,258.75,0.0,35.56764530064137,0.0,131.55,8.6138625400732,0.30703667976834464,0,1064,0
8882E55D-02C6-4912-AA59-6B172B7CE495,854,1,0.0,0,0.0,0,0.0,-1,841,301.0,60.811779294966605,248.2377,0.0,36.874845527291136,0.0,103.40787999999999,23.39971756213216,0.05717606848368412,0,996,0
9504E535-EA35-4A77-B780-C91CFFF034B3,854,3,405.5,1,0.42740046838407497,71,30.34543325526932,753,29,301.0,56.65218764373198,247.2527,0.0,38.49804136364933,0.0,102.1908,26.903987264840566,0.04842101810395635,0,1064,0
25AA28D4-530C-487E-B23A-4B36DA7B0D2F,12751,5,70.5,1,0.028625205866206573,198,5.667790761508901,840,557,138.0,41.01049747820034,969.3001,0.0,14.397604871430309,0.40075288212689203,58.117742,-6.8961987397744196,-0.021749579773485968,0,1064,0
BFB1CBA4-5945-4727-B97F-86C77ADF2661,12751,4,167.66666666666666,6,0.17175123519723945,567,16.230491726139128,61,320,226.0,37.63077713046201,101.2207,0.0,16.19562864228492,0.0,56.81763,-23.619131243887935,-0.5263512066065941,0,1064,0
8CF2A5DF-7CF3-4B04-A284-8BC476C4F5D1,2837,4,116.66666666666667,1,0.12865703207613677,353,45.41593232287628,836,523,151.0,10.886307710203454,29.4,-1.9725520000000002e-33,4.148126320330343,0.0,15.68,1.6006768576977812,-0.006910032331393039,0,1064,0
7838F992-B6AE-49F6-9D65-1643965275CA,12751,4,251.33333333333334,2,0.057250411732413145,242,6.927299819621991,836,61,324.0,69.90997815862168,519.9437,-9.187823,27.336172325802377,0.057250411732413145,98.78931,-38.07186167573387,-0.13784485450440082,0,1064,0
D09194E5-090B-4E02-B4F1-DF1660B32E3C,7824,8,124.14285714285714,3,0.13995398773006135,137,6.391232106339468,36,158,1082.0,322.84273064565673,616.7908,0.0,93.4148673988909,0.0,444.7632,5.939358042614913,-0.7050741700167626,0,1064,0
6939EDE7-AB90-483E-9569-5D300FB6F6C9,3483,2,264.0,2,0.20958943439563593,41,4.296583405110537,684,763,250.0,39.46700821611051,238.0,0.0,17.37496836539905,0.0,62.593582,6.413351700710486,-0.1266839836462937,0,1064,0
8EC1309B-7A39-4510-B425-A85B6984B741,2476,2,14.0,2,0.2948303715670436,148,21.81744749596123,408,1020,452.0,110.86381380008294,492.4323,0.03612974,19.57972597501944,0.737075928917609,135.50392,-2.1550206064101047,0.2296366573953099,0,1064,0
9BDE514B-020F-404D-8A35-FB43737D32D8,3106,4,140.0,0,0.0,0,0.0,-1,594,301.0,72.6926864278033,873.3192,-1.257899,41.57685877266132,0.5875724404378622,130.3751,52.96686120954237,-0.0924366009487993,0,1064,0
B15C85AF-347A-4C23-A1B0-16BF49F6793A,3568,2,251.0,1,0.1022982062780269,61,6.240190582959641,569,750,452.0,121.22417767595074,1224.082,0.01196694,26.974688405951106,0.4091928251121076,155.06861999999998,-6.839152952956908,0.5640652429019868,0,1064,0
46935390-998D-4ADB-9EE1-8F805F665B29,10110,3,492.0,3,0.10830860534124628,45,1.6246290801186942,354,13,800.0,298.02751437979964,599.6461,-117.326,68.43514911773255,0.0,383.62534,-9.47378714214534,-0.15729155649102983,0,1064,0
D94FC0EA-7ECE-4263-83D7-C903DE84DEFF,10126,6,174.4,5,0.1802291131740075,266,9.5881888208572,106,120,497.0,89.74658943708458,316.43,0.0,55.551935761843694,0.0,172.28,-17.007890363010503,-0.18077815391025476,0,1064,0
6C12752C-D69D-4470-A654-CD97E112AACD,12751,3,340.5,0,0.0,0,0.0,-1,302,188.0,28.838364886835247,237.84,0.0,14.80711805544483,0.14312602933103288,48.0,-5.0520994547364815,0.0637236878809709,0,1064,0
0499D104-91A5-4C2C-ADB9-93B751EA04E4,9742,5,221.25,0,0.0,0,0.0,-1,97,151.0,22.47488815716274,80.0,0.0,9.773218338510487,0.0,33.0,-2.760381984323235,-0.05265099029146129,0,1064,0
FF463EF6-C8E2-43F3-86C4-604A6B5F27BF,12751,12,88.54545454545455,2,0.057250411732413145,81,2.3186416751627323,836,56,266.0,116.3829000633958,276.3,0.0,24.642408528285507,0.028625205866206573,147.2,4.895386973641251,0.23211081157699565,0,1064,0
5857F116-46F2-4144-9266-187B3561C77B,4690,2,404.0,1,0.07782515991471214,216,16.810234541577824,836,566,86.0,28.888767000267965,73.5,-12.30628,8.409239440580476,0.0,40.0,-1.8780802718729035,0.06272525071680084,0,1064,0
2073F33A-AC6F-4451-B6CD-5BC5966B1EA1,1809,3,116.0,2,0.4035378662244334,314,63.35544499723604,836,734,1247.0,539.1703729519368,727.0559,0.0,73.49577785071916,0.0,632.7263,45.16923660824841,0.23486736410589873,0,1064,0
57C3CF66-E30C-416B-821B-51ACB8B43448,6938,4,272.6666666666667,0,0.0,0,0.0,-1,141,1126.0,232.14999241021653,810.0585,0.0,133.21679528903283,0.0,422.3632,102.85988460598722,-1.2288928865038562,0,1064,0
08B439BD-C31C-45E1-BF75-FB72C43AC8EE,3306,2,1.0,2,0.220810647307925,44,4.85783424077435,721,956,151.0,35.670441875208326,87.27,0.0,13.959401236837772,0.0,55.26,4.421141458125007,-0.06687334513181481,0,1064,0
573F935A-5A4F-4D09-9A77-9626B32FBB6D,12751,4,278.0,1,0.028625205866206573,24,0.6870049407889578,944,119,221.0,64.06144810342666,321.387,0.0,27.273189194301615,0.057250411732413145,95.02326,-10.36026443629703,0.08675177563228965,0,1064,0
FE9D18AC-FF6F-406E-88E0-9D258741BB1D,4737,3,159.0,3,0.2311589613679544,154,11.866160016888326,651,635,693.0,164.14201961537708,315.3061,-13.21866,30.827123981335564,0.0,202.007,4.1434748884809665,0.7408827643026177,0,1064,0
AD1F929A-DE63-4ECA-BBF6-054FAC6D4E8B,6200,4,145.66666666666666,0,0.0,0,0.0,-1,515,400.0,147.32607105945482,298.4,0.0,38.19491324262126,0.0,197.2,-9.388663652047427,0.23796051638735816,0,1064,0
AD28BEBD-7B0A-48DA-A06A-D0474308F9C0,3908,6,104.4,2,0.18679631525076765,110,10.273797338792221,342,421,920.0,162.51672113408992,437.0584,0.0,71.59170710151001,0.0,267.1187,14.541189781033552,0.2930487929795385,0,1064,0
6DD6EFA3-E5E9-4C15-ABB8-FD90FAD164AC,9333,5,227.0,1,0.03910853959069967,62,2.4247294546233795,836,6,693.0,231.35982493290066,431.4423,0.0,63.24302710933366,0.0,308.9264,-12.31823890737212,0.18017479704743283,0,1064,0
7911DB3D-781F-44BF-A4E1-F04D901D3E41,12751,10,108.22222222222223,8,0.22900164692965258,309,8.84518861265783,41,19,266.0,118.78114115707123,262.8241,0.0,24.37477956655442,0.0,144.36038,1.5923596415398862,0.48982259877924916,0,1064,0
D59DDC65-B0C8-40A6-9851-50D0726C9E1F,10034,7,147.33333333333334,1,0.0363763205102651,32,1.1640422563284831,356,28,266.0,118.81795211168769,251.76,0.0,44.74148540846741,0.0,169.32,-88.84189434085435,1.2361631271630735,0,1064,0
BA516C92-B8BA-4932-89EC-F76BA19FF692,1087,3,250.0,9,3.0220791168353265,259,86.96872125114996,430,398,180.0,34.13800268836263,91.4921,0.0,13.2930986024624,0.0,52.84914199999999,3.8379184928873684,0.0845991465021069,0,1064,0
9FC14863-3CC6-4419-8EAC-8A14391D1053,12751,5,162.25,2,0.057250411732413145,205,5.868167202572348,90,243,251.0,108.01814558111721,200.1,0.0,27.098439026176024,0.0,143.7,-13.131340025561656,0.13561508508129222,0,1064,0
391BDC4B-A13E-4AF6-9809-DE1B069E15B8,2168,3,86.5,0,0.0,0,0.0,-1,720,250.0,57.51182302507074,148.8,0.0,22.408442299518047,0.0,87.2,-6.339164453851609,0.04395234798455843,0,1064,0
81921EC1-9D95-4D11-ABCA-9F41056FDFAE,4082,3,128.0,1,0.0894169524742773,6,0.5365017148456639,799,632,624.0,57.1173762053578,283.4639,-0.01787822,44.79414092828574,0.0,112.37419999999999,-33.888124966931876,0.1384571470923307,0,1064,0
CEDB03AA-14E6-4AF4-A22B-70BD5C240A69,5820,2,350.0,2,0.1254295532646048,601,37.69158075601375,286,537,188.0,48.952100230708396,101.0,0.0,12.157922469402736,0.0,66.0,-6.199399613424447,0.015066046105328036,0,1064,0
EDE16837-3A93-434E-8EC3-6C82B254D307,5325,1,0.0,0,0.0,0,0.0,-1,887,416.0,159.28565500398017,299.8828,0.0,37.24938215089671,0.0,203.9063,-1.8232970661715342,0.1485018371360156,0,1064,0
C13B1F0E-8DF7-4DBF-8B0F-5711BF854F0F,12751,6,111.8,1,0.028625205866206573,11,0.3148772645282723,863,302,555.0,77.08370926062206,344.4,-21.29142,52.57151461391616,0.0,147.0,-5.9341254998195865,0.1837555055676146,0,1064,0
55AE5DBD-8F36-4635-B56A-191A5A142912,12751,2,306.0,0,0.0,0,0.0,-1,556,266.0,51.537499555307924,138.9395,0.0,12.973632457112364,0.0,67.076876,-9.618694869351131,0.04710140666939532,0,1064,1
7AFA9DF1-8E26-45B1-B1FA-1ABD84FC5533,12751,5,200.5,1,0.028625205866206573,98,2.805270174888244,258,57,450.0,120.76229881290399,254.8828,0.0,49.5480952673065,0.0,166.8213,28.97139784064538,-0.011301906277440342,0,1064,0
0AF08811-0440-44C2-983C-AC2BBB85C7EC,12751,2,312.0,2,0.057250411732413145,69,1.9751392047682537,693,539,527.0,73.16520328268643,196.875,-42.45663,31.64771199606507,0.0,116.7969,37.06569546345554,0.4599966631219073,0,1064,1
4838A492-89EE-487C-BCEC-C7FE34C6DF3B,4406,2,0.0,0,0.0,0,0.0,-1,848,554.0,121.0153370831073,343.1349,0.0,50.544422040611636,0.0,186.68733999999998,-23.198834014125808,0.4267996739842529,0,1064,0
CFE21D01-E519-4F8F-994D-1EE5E98268D4,12751,6,142.8,3,0.08587561759861972,599,17.146498313857737,208,128,693.0,248.09505774245622,406.3,0.0,32.42368375396168,0.0,284.5,-18.335505273320422,0.26063024470307133,0,1064,0
C35E8565-17DA-4303-A1D7-9A9FD54D7440,3997,1,0.0,1,0.09131848886664999,2,0.18263697773329998,1006,842,887.0,70.0551848410857,217.0,0.0,28.730637777662064,0.0,110.0,-25.17177434725854,0.18612820284165027,0,1064,0
E6464C40-4171-4D14-B258-96BD51732EE0,4515,3,54.5,2,0.16168327796234772,338,27.324473975636767,836,807,624.0,105.59626779599552,539.7876,0.07529975,63.740730448341324,0.0,198.21688,-68.43954966777021,0.04617921685584191,0,1064,0
79EF276C-3569-474F-AC05-EE8F1FBBC038,5577,5,197.25,5,0.32723686569840416,760,49.740003586157435,349,40,138.0,29.61880820081539,546.779,0.0,6.301936958954318,0.32723686569840416,36.67619,1.8161995045549801,0.010016071647543567,0,1064,0
226FA0AE-EA74-4C4D-9121-0A1FC45E49F7,12751,10,85.0,1,0.028625205866206573,22,0.6297545290565446,450,54,437.0,161.85311684994804,533.7,0.0,36.109119124677285,0.14312602933103288,208.7472,-18.927295177880126,0.10374714112668793,0,1064,0
54545F03-85D8-41FE-BD75-1BF99660F253,6746,2,4.0,1,0.05410613697005633,20,1.0821227394011266,816,813,803.0,261.8902817598352,541.9922,0.0,53.85297988010111,0.0,302.399,-4.193213858600643,0.3680428539414846,0,1064,0
45BD2F42-F612-46C5-91AE-7340948897A0,3234,6,153.0,0,0.0,0,0.0,-1,50,84.0,23.564134475357335,90.51721,0.0,15.8834313231549,2.9344465058750777,46.728344,4.709123652034641,-0.15500571097503985,0,1064,0
B70327BD-54B3-4AF3-AD2F-374725749C99,2624,3,294.0,1,0.13910060975609756,86,11.96265243902439,216,216,250.0,36.41064286381015,138.3914,-231.9782,11.293673833527722,0.0,49.882054000000004,2.1602869131960176,0.11942565847803797,0,1064,0
CAE19294-B1D9-46C0-ADD6-2B699443BDB5,12751,6,147.8,18,0.5152537055917183,1469,42.050427417457456,29,61,376.0,124.29266841173931,329.0,0.0,46.25059856013424,0.0,186.0,-12.003239399393635,-0.0679175641255395,0,1064,0
48820C0E-3CCF-4017-8A83-4D510210E544,12751,8,122.0,4,0.11450082346482629,482,13.79734922751157,254,42,461.0,126.12575848287987,800.3197,0.0,73.74347033109518,0.17175123519723945,196.62344,29.342600001688012,0.15224269513597355,0,1064,0
7DCBA3BF-C461-43D2-9388-494393ACD18C,3106,12,32.27272727272727,7,0.822601416613007,223,26.205730843528652,93,424,717.0,164.10411198032793,368.4234,0.007983411,45.095984339706256,0.0,223.53078,-2.6023030181365527,0.00398175643697241,0,1064,0
6D874067-376B-4E91-8E62-6A1F26BA7EFE,4930,8,37.42857142857143,3,0.22210953346855983,20,1.4807302231237323,544,548,920.0,174.3676659078042,446.5204,0.03689134,70.24417159874679,0.0,274.94652,21.118648579850117,0.27151661463102644,0,1064,0
4B87FBD1-5119-4F64-A8B0-56EA6844A1B4,5108,5,124.75,1,0.07145653876272513,3801,271.6063038371183,145,308,395.0,116.49693507225162,204.8257,0.0,22.099784332185763,0.0,144.8767,6.718818360618741,0.30600779331628253,0,1064,0
BC1A0767-7D63-4966-A45F-C69C2B6720A7,1717,4,152.33333333333334,1,0.21258008153756552,369,78.44205008736168,836,344,451.0,63.59069261278504,318.2505,-7.956126,35.53186326544956,0.0,113.45317999999999,28.924999750640872,0.04455664610105404,0,1064,0
434A719B-8929-42EE-85B0-BCD8390A2FD4,4146,2,0.0,0,0.0,0,0.0,-1,798,452.0,117.81806482062912,542.7101,0.0,29.857171865144778,0.44018330921369997,156.0,7.9478302410992825,-0.07526249239744769,0,1064,0
60D4B1B4-1E0D-4236-AC69-F3AE586A8F1D,6222,3,292.0,2,0.117325618772099,385,22.585181613629057,120,211,84.0,18.79899668968936,66.12852,0.0,8.331081537155058,0.0,27.04531,6.160094847386258,0.08767877935798837,0,1064,0
9F376D6D-F527-405E-BA33-CC75D29896CA,12751,1,0.0,1,0.028625205866206573,35,1.00188220531723,821,796,313.0,36.39523017744286,144.0,0.0,26.69087412805347,0.0,81.0,-16.323933881146566,0.17523425388592684,0,1064,0
A813927B-ADCC-4F53-9034-AF9AC78B3F6B,824,4,114.0,1,0.44296116504854366,13,5.758495145631068,671,451,753.0,137.9255814656565,402.6877,-1.182,51.92803700083042,0.0,188.0943,28.465240466442253,0.10776589125756973,0,891,0
4EBE1ECE-606C-46A0-B2F9-989FA0DA81E7,4399,3,373.0,1,0.08297340304614685,71,5.891111616276427,45,46,451.0,89.17203342330743,290.6211,0.0,19.638815148273483,0.0,116.0,7.1163925026184955,-0.04857812807260412,0,1064,0
EF9F8FC6-EF23-4520-80A2-DF7A9EA82C2E,2891,3,101.5,1,0.1262538913870633,17,2.1463161535800763,463,587,301.0,39.459422764649325,106.5778,0.0,17.431552698237983,0.0,60.54882,1.397841702788945,0.15508033630051624,0,1064,0
20A69E41-B138-45F4-B805-694EF0C43A87,3895,4,236.0,4,0.3748395378690629,345,32.329910141206675,239,139,452.0,28.25294122269252,122.3371,0.0005835696,21.853658648673335,0.0,55.819548,16.17913243201427,0.12341958858926012,0,1064,0
9664692D-2042-40DC-A05E-28893CF7D0BF,4113,4,108.66666666666667,3,0.2662290299051787,305,27.066618040359838,262,456,734.0,145.2371352587544,347.4693,-13.0108,69.45411102135718,0.0,229.6667,59.56783455143079,0.015610301928938792,0,1064,0
B5436533-5880-4038-9A64-C2BA7CAEA666,4471,6,117.0,1,0.08163721762469246,11,0.8980093938716172,248,189,314.0,29.050196630121494,159.0,-4.015089,19.603592105283305,0.0,58.0,-8.582449716541248,0.08835395773596408,0,1064,0
943FD77E-B890-494F-9B86-8E962BC85129,930,2,0.0,4,1.5698924731182795,660,259.03225806451616,239,767,151.0,8.269218167168823,24.73297,0.0,3.675624686565829,0.0,12.04376,2.2481080786645116,0.00018662176753783983,0,1064,0
72A308E8-6508-453F-80F6-000D170432F1,12751,5,174.5,2,0.057250411732413145,15,0.4293780879930986,432,67,472.0,139.45212055061123,389.5379,-32.87768,86.42687996472307,0.0,238.12142,-9.590745633867414,1.2341715621760407,0,1064,0
CCA0AF18-F42A-4AE2-A993-8AEB1B02DAE5,12751,4,136.66666666666666,1,0.028625205866206573,40,1.145008234648263,230,349,264.0,99.34572274475676,204.5,0.0,33.31198374404544,0.0,141.7,-2.5007073124265133,0.20850307307358018,0,1064,0
C852126A-A2BE-436B-B7D3-A12C44115ABD,5280,3,0.5,3,0.20738636363636365,17,1.175189393939394,70,755,489.0,97.26620705980773,542.9,0.0,20.782587082675164,0.3456439393939394,124.0,9.186725038957704,0.1410901208653069,0,1064,0
10C57184-042F-41C2-8FD4-8127F55287E7,5084,9,86.125,2,0.14358772619984264,17,1.2204956726986624,326,56,870.0,201.20072608405823,433.2058,-19.4625,48.42574080665445,0.0,260.15878,4.819306930231875,0.19666145183087527,0,1064,0
8A5D8DB0-38BE-402C-BBB2-249372283E4D,7281,3,359.5,0,0.0,0,0.0,-1,26,450.0,110.58225695556413,204.21,0.0,24.274681902941822,0.0,141.6,20.34003239628774,0.09002847459436354,0,1064,0
A72BD56D-7FA5-4317-AB3A-A394D5404236,8202,6,126.2,1,0.04450134113630822,376,16.73250426725189,453,205,803.0,76.49754960851466,463.7369,0.0,55.478241554915385,0.0,125.38066,32.48255226031249,-0.005916798654946244,0,1064,1
B9EA2DFA-D4D1-4A7B-AE67-B016338A08AA,12751,4,51.0,0,0.0,0,0.0,-1,591,452.0,110.9934453653101,318.6141,0.0,72.14989492720969,0.0,188.2387,28.820835567560266,-0.017378660239968927,0,1064,0
6BA3AF5F-A1DB-4453-B0FF-436B72B71550,12751,2,0.0,0,0.0,0,0.0,-1,743,392.0,112.7234179178165,185.6867,0.0,18.12601062373049,0.0,136.35544000000002,4.29059386150449,-0.23375155392996327,0,1064,0
49C016C3-520D-4853-8EF2-81B177ED8825,1504,3,108.5,2,0.4853723404255319,454,110.17952127659575,835,516,301.0,97.01807465691112,224.8,0.0,23.380853185316866,0.0,130.53454,-11.40155452882469,-0.16495757774860073,0,1064,0
3D5714B3-E512-47CC-A8C0-C849047C9878,8377,2,91.0,3,0.13071505312164258,184,8.01718992479408,322,629,100.0,38.1234146871385,57.9,0.0,6.251072227793103,0.0,46.3,-0.2831291933113391,-0.03139793778842608,0,1064,0
8F6E3CDE-8753-48A8-82A2-F3C9DA2C96BF,12751,4,51.0,5,0.14312602933103288,330,9.44631793584817,424,565,264.0,88.5345113100054,241.8,-794.5035,35.96526644078969,0.0,139.8,10.695303086599552,-0.5411965789787794,0,1064,0
67E58C5A-8E95-41B8-92F3-E6B672032201,1702,4,110.66666666666667,2,0.4289071680376028,449,96.28965922444183,718,381,831.0,348.5451754530838,18909180.0,0.0,68364.13378752503,0.4289071680376028,126.11614,-254.87522222391715,0.29419010885366675,1,1064,0
EC098375-B938-4880-A7C8-4EB8C297FC03,12751,4,94.66666666666667,1,0.028625205866206573,165,4.723158967924085,836,425,269.0,87.45241978027148,183.3543,0.0,20.657030725850507,0.0,116.33749999999999,-2.928058292617166,0.1895024138507451,0,1064,0
DBBA78B9-5F4F-4381-9883-AA275249DB94,8388,12,49.45454545454545,7,0.3046018121125417,931,40.512041010968055,123,142,301.0,64.2907200624808,542.6331,0.0,15.875142638892193,0.21757272293752983,85.5,-1.8562293217400594,-0.0038219739062996154,0,1064,0
31301640-2226-41DC-B1A9-EBC5A4DE58B5,9455,3,216.5,2,0.07720782654680064,41,1.582760444209413,166,257,188.0,21.399883665453213,69.0,-53.0,8.297669965873736,0.0,32.0,-6.351581196317412,0.017266077659323278,0,1064,0
CE399C1D-9475-42B2-A10B-6D1B2FEAF527,2946,6,122.0,17,2.1062457569585877,1382,171.2253903598099,228,347,188.0,-19.506421274843635,0.0,-61.5,9.736934968102515,0.0,0.0,19.506421274843635,0.0,0,1064,0
0362A7F3-A940-436C-88B4-9AE1E666EBC0,12751,3,114.5,0,0.0,0,0.0,-1,590,119.0,15.07086164685341,149.76,0.0,21.383615089380974,0.057250411732413145,49.68,-15.07086164685341,0.0,0,1064,0
40A5B8E3-4F46-4245-9A30-23AF39FB3B4F,8699,5,161.0,0,0.0,0,0.0,-1,36,693.0,179.5849137657754,378.0,0.0,80.90675125336155,0.0,267.0,21.684762160150512,0.31051312919272067,0,1064,0
5EB18AA2-19DE-47F3-8B9F-24DD3BE012E5,5985,3,243.0,1,0.060985797827903095,329,20.06432748538012,836,183,133.0,43.02257215138654,99.94489,0.0,13.685224596187009,0.0,60.86029,3.970179454477652,0.013418510881842862,0,1064,0
7557F0E7-2BAE-4289-8899-242ED9B3EE10,10512,6,126.4,0,0.0,0,0.0,-1,210,407.0,46.20403844006671,398.3401,0.0,32.67267169817814,0.0,91.73647,-15.492854269125353,0.13473019121406055,0,1064,0
0546D5F3-6EF7-482D-9386-567CB1639566,5542,1,0.0,6,0.39516420064958496,281,18.50685673042223,577,663,188.0,28.920098569601393,319.0,0.0,12.15442592326464,0.46102490075784913,46.0,1.6732656279294709,0.03315384158077858,0,1064,0
C1509DEB-8344-42FD-91B5-65E8E93FC165,12751,5,156.5,3,0.08587561759861972,68,1.946513998902047,127,33,489.0,121.9590992493755,303.9775,0.0,42.701035757862506,0.0,173.88143999999997,-36.04951721277058,-1.262915730432241,0,1064,0
254BFB28-EF86-46B8-81C3-3DCB0782773E,825,3,39.5,2,0.8848484848484848,1194,528.2545454545455,568,658,450.0,77.76469063507096,270.45,0.0,41.567032093924766,0.0,128.65,18.992851031595706,0.3288604777452285,0,947,0
0C8A89C0-AFD8-4542-A1C7-AC4198C5ED37,2868,3,230.0,1,0.12726638772663876,182,23.162482566248258,395,189,777.0,218.1213625192965,748.2,0.0,43.456586101618896,0.0,271.6618,23.821233591814604,-0.5122997689360664,0,1064,0
1D0139A9-546B-4410-98A5-EF44AE53DBA1,5090,1,0.0,0,0.0,0,0.0,-1,649,489.0,116.09394341435359,227.0,0.0,29.05409230798783,0.0,154.0,11.02580967206616,0.0030462151247424613,0,1064,0
92AAE5D8-79F8-4413-94A3-33A7894130B8,12751,5,134.75,4,0.11450082346482629,1130,32.346482628813426,186,87,663.0,171.84934751529013,694.3537,-1.411111,82.5010756188594,0.057250411732413145,235.0342,-112.92541603226545,1.3988191857979748,0,1064,0
462C0070-90D1-47B8-B17B-FE1F0836461E,12751,2,342.0,4,0.11450082346482629,1302,37.27001803780096,374,626,1370.0,438.28148483402725,807.96,0.0,122.48191276390574,0.0,612.16,-14.799842858718591,2.020757872485084,0,1064,0
AC52B34B-D800-4D88-A136-D15385665CA3,12751,3,227.5,4,0.11450082346482629,91,2.6048937338247984,369,425,104.0,17.847828531897232,352.9,0.0,7.460186345226393,0.057250411732413145,26.0,-17.847828531897232,0.0,0,1064,0
5FB23539-F40F-467E-81AF-3F9848C0F79B,4128,2,126.0,0,0.0,0,0.0,-1,615,1247.0,296.8475217183789,686.6897,-3.53,115.41250125921012,0.0,468.13548,182.13281812730008,0.6875388918037749,0,1064,0
0C817BA4-271B-4C0C-A9A6-EF78579AD9BD,12751,4,19.666666666666668,2,0.057250411732413145,713,20.409771782605286,614,557,452.0,116.45881070800682,464.44,0.0,43.55462212550477,0.11450082346482629,174.77,19.546704724091953,-0.17332240605850163,0,1064,0
7AB02050-BE16-4E86-99CF-7FBFB7D8400E,2917,2,0.0,2,0.250257113472746,284,35.53651011312993,807,610,151.0,35.71044864875463,234.2568,-35.45,10.92463806486969,0.37538567020911895,50.0,-6.46446099443364,0.0070890096170724975,0,1064,0
B52D06BF-8FE9-476B-AC66-5502470254A9,12751,4,9.0,0,0.0,0,0.0,-1,580,282.0,30.93815577065102,97.0,-44.7,11.058131092675339,0.0,44.0,-2.095254536083118,-0.012802677971246807,0,1064,0
2162DBD3-BC3F-4F28-9CB6-9FC2E4B5DE8E,751,1,0.0,0,0.0,0,0.0,-1,600,678.0,44.60849828812764,162.9295,0.0,30.020884248488713,0.0,86.77597000000007,-4.56708427138382,-0.0028126119293232135,0,800,0
5F318A4F-B8BB-4B45-B26A-D75B9C8E4051,7729,5,19.5,2,0.09444947599948247,279,13.175701901927805,615,599,251.0,60.298257837020536,514.0,0.0,40.24813392135651,0.23612368999870617,119.49465999999995,36.27840883041775,-0.6061545091975281,0,1064,0
2392ED53-E2AE-4D43-BE95-A9067BBB0D6B,6503,1,0.0,0,0.0,0,0.0,-1,590,269.0,90.88235281383204,187.9434,0.0,17.947644748972575,0.0,117.35278,-2.3858777852826734,0.2921348865491368,0,1064,1
6545E4B5-126B-4F8B-99D1-D6A633A02B45,12751,5,35.75,4,0.11450082346482629,340,9.732569994510236,62,443,488.0,147.6361884750371,536.87,0.0,40.662372575072,0.14312602933103288,202.91,-39.9650187219507,-0.2600318775067118,0,1064,1
E88FEECA-C31D-40F6-9CFA-EAC22B9C9885,12751,3,41.5,1,0.028625205866206573,4,0.11450082346482629,635,586,188.0,30.03063778127798,138.785,0.0,15.171864426504644,0.0,50.0,-5.050930991154523,0.04978946875011989,0,1064,0
1FCA5E9B-62A4-4670-B189-9121A55174CF,3425,5,52.25,2,0.21313868613138687,417,44.43941605839416,102,376,416.0,33.29668947740952,192.8626,0.0,15.919732049288834,0.0,48.14421599999999,1.772662112868261,-0.031041971331086722,0,1064,0
B2F5EE12-7D0C-449F-9C00-3B0C09AE260F,2233,4,188.33333333333334,6,0.9807433945364981,323,52.79668607254814,38,26,489.0,88.63763691201257,311.1475,0.0,53.00800677103228,0.0,160.6744,27.55152292177216,-0.11422090839976883,0,1064,0
6B97EC58-3A8F-4853-B9E5-0FC6D32CB782,12751,3,0.5,0,0.0,0,0.0,-1,582,523.0,80.38010516000574,321.6244,0.0,48.96073030754152,0.0,157.7157,3.810296113913992,0.2873232950472167,0,1064,0
954A1AEE-2A12-4D99-A1B2-A583D6155930,2837,4,11.666666666666666,1,0.12865703207613677,123,15.824814945364823,6,544,151.0,18.303709512676544,41.92131,0.0,3.8245726089178524,0.0,23.129,2.680478174591972,-0.01286979635856734,0,1064,0
D3573AEA-0C75-456D-962E-55892348EF0E,7866,3,302.5,1,0.04640223747775235,132,6.1250953470633105,690,107,955.0,150.64405557275157,1201.875,0.0,64.53604852291927,0.04640223747775235,227.6922,-23.15051113833799,0.3557624991018621,0,1064,0
E92FEBC9-D26C-4814-8C7B-F0EB7E2E0D38,9745,3,216.0,2,0.07491021036428938,70,2.621857362750128,542,145,141.0,39.25838097603378,114.5508,0.0,17.41557402590371,0.0,59.32,-4.531456593317728,-0.01172781619133376,0,1064,0
4870D3E9-B523-4119-BD26-273283DF0939,7491,8,101.71428571428571,2,0.09745027366172741,159,7.747296756107329,42,86,1382.0,275.5338697743894,867.24,-70.27345,132.19459591075156,0.0,461.75,-60.58718073117956,-0.592088596328994,0,1064,0
508E3286-B2CC-4151-8711-C32B9E97B6C5,6746,2,7.0,4,0.21642454788022533,693,37.49555292024904,261,565,803.0,241.22909875506875,401.5503,0.0,53.790647026773335,0.0,307.9834,4.131179022709034,-0.000276097186448716,0,1064,0
0C337E90-C8DF-451D-A9F3-1447F9B49CE6,12751,1,0.0,1,0.028625205866206573,44,1.2595090581130892,796,563,792.0,218.68666165600263,449.67,0.0,57.4010107144694,0.0,296.234,-37.75971258192857,0.30107671043047923,0,1064,0
72E185DB-B9FE-4BEB-98BF-8950E5072BB4,12751,3,149.0,1,0.028625205866206573,181,5.18116226178339,602,261,266.0,93.06359114589529,160.8,0.0,18.446355408097883,0.0,120.2,-1.9374105903397236,0.2728310250921865,0,1064,0
0C530106-0EB3-4B06-97F8-B0FBA94809EE,12751,2,45.0,1,0.028625205866206573,114,3.2632734687475495,836,514,395.0,66.33031692922546,365.0,-29.58497,66.78890141357206,0.0,147.0,-66.33031692922546,0.0,0,1064,0
4E2C99F6-2E9A-4949-B7B2-C7C9CCF45E6D,4329,2,75.0,4,0.3372603372603373,609,51.34788634788635,279,482,452.0,132.9006285687568,267.6082,0.06163254,40.07540975153682,0.0,187.85587999999998,-26.910175648232112,0.20750547928347154,0,1064,0
9D4BD847-8AA1-4705-A90E-3D053ECC8A01,2185,2,244.0,1,0.16704805491990846,42,7.016018306636155,796,313,497.0,75.66918049501004,235.7,0.0,26.453688542953785,0.0,110.0,-3.028748396244609,0.022039757994744343,0,1064,0
E0D4FC66-F84A-4835-94CD-B0FA8144AF12,5050,4,241.66666666666666,7,0.505940594059406,376,27.17623762376238,58,76,264.0,85.76731649056578,209.0,0.0,36.05098960721523,0.0,137.0,15.578749012520646,-0.2201860154949296,0,1064,0
FED49662-EC92-43C7-B43C-5500FD9ACAE1,12751,6,70.6,1,0.028625205866206573,202,5.782291584973728,601,226,266.0,93.19006259582893,161.4,0.0,18.522832099035398,0.0,120.3,-1.8453789538536114,0.27325771242898506,0,1064,0
952239C5-D3DA-4BC9-BD6F-215E81E4EBB5,10281,1,0.0,5,0.1775119151833479,991,35.18286158933956,146,554,188.0,37.11729986567976,129.6142,-19.60703,13.3660760482973,0.0,54.058174,-2.4543881240131,0.024314392762105563,0,1064,0
E4620871-1E6B-4F9B-A1AD-BA312DA2991A,8394,1,0.0,0,0.0,0,0.0,-1,554,251.0,52.385366666721126,117.9296,0.0,13.325247724908698,0.0,68.49880999999999,-10.223804109159403,0.029274665699086558,0,1064,1
E020129A-E1B9-4C74-A2BA-9A2EAC5E43D8,3204,5,107.0,0,0.0,0,0.0,-1,192,887.0,157.42408053938715,2048.0,0.0,47.864298861226644,0.11392009987515606,221.34206,-24.15573665358471,-0.106082433975749,0,1064,0
184A220E-3158-4A4A-B9FB-6B022D7A2CBD,8996,3,203.0,11,0.4463094708759449,951,38.58548243663851,20,145,251.0,83.00124567956367,151.4,0.0,24.98398455008579,0.0,112.8,-14.74582901281984,-0.008134349003087474,0,1064,0
FC159190-9B7E-4A2F-9810-EEC819F428E7,690,12,41.0,12,6.3478260869565215,4518,2389.9565217391305,127,97,301.0,55.173306092523404,200.1293,0.0,18.542624142417754,0.0,72.179676,9.994424094205002,-0.0036375610821351156,0,737,0
B0D8707A-E15A-4F2A-84EF-950F34F3804D,6194,3,235.0,0,0.0,0,0.0,-1,78,400.0,149.19478716660024,301.2,0.0,38.80978758739803,0.0,200.0,-10.646608154254551,0.2845405011134143,0,1064,0
0FBE9D7E-E88D-4F40-823B-DCC3D84E8186,1992,5,119.5,2,0.36646586345381527,287,52.587851405622494,554,497,1662.0,345.5084933225277,945.0,-29.97876,120.54052266492224,0.0,489.0,-44.60316924845364,-0.5518723733614634,0,1064,0
93CC4229-77D3-4EE6-A427-EB8D046F43DA,4494,4,155.0,2,0.16243880729862037,97,7.878282153983088,342,75,804.0,188.5125862424595,1674.656,0.0,33.304663608762475,0.4060970182465509,232.5,-6.558303835052072,-0.046749169993731805,0,1064,0
70B7AC8B-8E82-463C-9CBC-C4ABAB197FFA,5479,12,51.18181818181818,3,0.1998539879540062,251,16.721116992151853,733,6,535.0,174.70574818755608,376.5974,0.0,36.64473186088379,0.0,219.30421999999967,25.556959026795766,0.10510778455643108,0,1064,0
59DCC837-2368-4FBA-98B4-D225B684101E,712,3,157.0,1,0.5126404494382023,51,26.144662921348313,51,221,542.0,45.94818384727446,186.0661,-13.67728,32.34024939701743,0.0,90.86598,0.4476114516452938,-0.2166058014982951,0,764,0
209EB4C0-E63E-478E-A305-E8F3B77F307B,1737,4,52.666666666666664,2,0.4202648244099021,143,30.048934945308,412,374,472.0,43.73095089622698,251.8151,0.0,27.776309060375485,0.0,83.579822,5.5700780935878385,0.015416099421920852,0,1064,0
561A0161-97F0-46AA-AC51-EDD6468D88CD,12751,4,107.66666666666667,2,0.057250411732413145,20,0.5725041173241315,504,204,306.0,60.511289073639105,150.0977,0.0,19.098503912376085,0.0,82.03058399999999,-6.699673090228615,-0.10166291095425417,0,1064,0
90E5D015-459C-4F18-AA9F-F1DA845ABA9C,12751,1,0.0,3,0.08587561759861972,194,5.553289938044076,209,526,792.0,216.17169887652196,440.72,0.0,71.94051604178016,0.0,303.00399999999996,-126.40201137652194,-2.881717159297426,0,1064,0
4E122FE7-704A-452D-9967-877E01CD93E6,12751,4,153.33333333333334,0,0.0,0,0.0,-1,58,432.0,113.92521294842722,205.7,0.0,23.16391890542039,0.0,143.39,-10.779717578056832,-0.007834462873886746,0,1064,0
BD1E5AE5-A8F9-4859-95B6-CF29DB31498B,5101,2,17.0,2,0.14310919427563223,31,2.2181925112722998,25,519,313.0,40.48833215236754,171.0,0.0,15.372323650086336,0.0,60.0,-5.812097584466308,-0.028252459151370587,0,1064,0
56A6E8B4-5CB0-4FC6-941E-80CF6B752D5B,1721,2,1.0,2,0.4241719930273097,433,91.83323649041255,835,516,831.0,37.56283193169201,482.3438,0.0,22.081488010448215,0.0,66.61945,-0.5250861750947919,-0.13944563942989358,0,1064,0
388C3696-9A66-4D81-B6DF-71463D42FC58,12751,4,167.33333333333334,2,0.057250411732413145,194,5.553289938044076,530,262,798.0,204.8566209389113,556.0,0.0,76.10441551255165,0.0,299.0,-82.77205303767674,-3.163448162324819,0,1064,0
8279B13B-B969-4823-9B7F-4062A583A5B6,8461,3,225.0,1,0.043139108852381515,101,4.3570499940905325,37,508,251.0,125.23420948080808,203.04,0.0,22.57067927921443,0.0,152.88,7.663624302370934,0.16917787761337114,0,1064,0
4F43BEE4-EE32-4363-BECE-ADB0CDC9381E,6530,4,65.0,1,0.055895865237366005,21,1.173813169984686,358,475,269.0,58.629333275079574,205.6556,0.0,22.15664232682049,0.0,86.626746,-0.02786258163821742,-0.08870943131902771,0,1064,0
C8CE04A2-2920-4BDB-BB04-646C1768EDC8,1280,1,0.0,1,0.28515625,70,19.9609375,836,500,1039.0,245.72993952692357,653.0061,-46.3125,45.44455946967673,0.0,301.9323,31.78218401474308,-0.424572414421589,0,1064,0
DDBD0F06-A031-441A-B893-77B34ABBEA40,4082,3,79.0,2,0.1788339049485546,106,9.478196962273396,471,436,624.0,148.0354137028698,473.9,-6.620637,85.17769025122085,0.0,266.4,-18.233361233502507,-0.4513755927718309,0,1064,0
CA49E920-2F97-4BE1-B8D7-661D1DF2BD22,8388,3,66.5,3,0.1305436337625179,294,12.793276108726753,39,363,301.0,57.929524141437966,213.8,0.0,23.81967470076021,0.0,88.4,-4.469963951468827,0.0001988413785131477,0,1064,0
6834BFCB-B69B-4C1D-91F8-7927ED064E29,12751,5,69.0,5,0.14312602933103288,358,10.247823700101954,215,253,100.0,23.61200613645128,52.0,0.0,7.440218683672797,0.0,32.2,2.9732878682555075,-0.03389551109736062,0,1064,0
3F8B8808-332F-42CC-95C5-5E25C2CC3B0C,4835,3,58.5,1,0.07549120992761117,13,0.9813857290589452,110,495,377.0,105.2347225063886,233.38,0.0,39.40373917478723,0.0,147.6641,-15.114670194968824,0.16976434270512497,0,1064,0
5C5A7F54-7A76-4786-A969-B33B6066F4C0,10283,4,65.33333333333333,1,0.03549547797335408,449,15.937469610035981,424,495,489.0,110.63277098433406,286.0,-30.7,50.250134615106745,0.0,178.0,-6.37736974976616,-0.03670034709370614,0,1064,0
DB74109B-2CDA-4D4C-86CD-252E49F1C0E1,9026,5,145.0,1,0.040438732550409924,144,5.82317748725903,836,452,811.0,434.35350273791397,939.3906,0.0,34.16687460556489,0.12131619765122978,473.1488,18.208162570728007,0.2850815041976343,0,1064,0
8851D927-6303-4FAE-992B-A1231C700070,5196,2,44.0,1,0.07024634334103157,100,7.0246343341031565,138,449,400.0,138.13471752166242,3052.211,0.0,33.95288062400656,0.07024634334103157,177.45054,-10.818272477680964,0.17399412731498504,0,1064,0
A71477A6-16AD-4759-8D98-7AB56DC5AB7D,12751,6,91.2,0,0.0,0,0.0,-1,34,269.0,120.28859603652118,195.36,-2.8,22.38096878303146,0.0,147.36,5.801163775207215,0.24656015737985681,0,1064,0
E808587E-D5AA-4244-A5AF-DB648578235D,9714,4,82.33333333333333,2,0.07514926909614988,143,5.3731727403747165,162,236,538.0,94.52276642932678,238.8672,0.0,25.69985988829352,0.0,128.3203,-3.717075364511956,0.2699634206645694,0,1064,1
D84B2D7C-8B4D-46BC-8D7F-CB05FA4D42A5,12751,3,154.5,0,0.0,0,0.0,-1,176,452.0,43.60099745704446,351.9877,0.0,34.63187163795545,0.0,89.35845,13.755652370887631,-0.05909681989609049,0,1064,0
46FFA32E-6E7B-4C98-BCA8-18F18C7FFDCE,1858,2,0.0,2,0.39289558665231433,342,67.18514531754575,39,474,301.0,74.66942634536329,237.13,0.0,27.366759612282298,0.0,112.75744,-5.368196298835514,0.0007989466463533118,0,1064,0
046598F9-2198-432A-A014-F6A1E74A2D50,12751,10,67.22222222222223,1,0.028625205866206573,136,3.893027997804094,453,124,800.0,222.37528912430855,544.3234,-20.1731,58.1408806367135,0.0,295.20324,2.06332859251242,-0.07279916878935093,0,1064,1
3CE7605A-49CF-4E96-823B-2EBF42078853,4216,6,124.0,1,0.08657495256166983,110,9.523244781783681,356,118,554.0,215.35346801126744,358.0,0.0,42.858751883199936,0.0,272.0,8.828013470214046,0.0628441782934013,0,1064,0
A873313E-28D4-427B-A9D7-CDAAFE189971,4406,2,1.0,1,0.08284157966409442,2,0.16568315932818883,106,463,554.0,121.9710485110616,345.5042,0.0,50.87288769900969,0.0,188.07182,-23.45979662757395,0.4280910780302487,0,1064,0
3CC4911B-5570-49E4-AEBF-9FBC2337558A,562,1,0.0,1,0.6494661921708186,22,14.288256227758009,432,462,1039.0,49.56303313124375,528.8867,-60.60374,45.22589952948996,0.0,111.02,31.151809152706882,0.1599371305555987,0,800,0
9F8173AB-DFC6-4848-ABCA-5223A11E46C2,523,2,76.0,3,2.0936902485659656,255,177.96367112810708,162,384,452.0,19.642471182807473,99.71751,0.0,25.107519281264427,0.0,58.780487,26.289837317192532,-0.037826497177339775,0,597,0
7EDB4110-47B4-4ECA-96CF-ECBE373A28CA,632,3,180.0,1,0.5775316455696202,53,30.609177215189874,1,114,1247.0,266.7181936475784,630.3384,0.0,155.67585318105205,0.0,465.35659999999996,16.46534500211294,-2.068332931882687,0,663,0
7D54DBF2-7A13-4C9B-BC1B-04FB690E46EA,6276,4,27.666666666666668,9,0.5234225621414914,1351,78.57154238368388,215,362,136.0,44.795529418299814,104.2,-0.4879012,18.09512748666169,0.0,64.9,3.4306166769934023,-0.060146114832185224,0,1064,0
0F17F090-0884-4740-829A-4C37996ECB61,1717,3,178.0,1,0.21258008153756552,361,76.74140943506116,836,446,451.0,62.64312473034495,324.3729,0.0,34.536907167057656,0.0,112.89298,29.653595434006903,0.043261499842713325,0,1064,0
EE138E80-2ED9-43EB-B510-7187B7935211,4142,2,0.0,1,0.08812168034765815,235,20.708594881699664,824,446,452.0,141.53950492787914,377.0,0.0,67.37221018081019,0.0,228.0,-12.779165421706296,0.01909963735793987,0,1064,0
C478FDFE-420B-4816-85D1-60C7F6D63E6C,1773,3,61.5,4,0.823463056965595,197,40.55555555555556,983,446,1247.0,296.3569606674466,686.0895,0.0,115.87397859917326,0.0,468.04294,183.18621974922007,0.6975638892428738,0,1064,0
1A4B99DC-E3DB-470A-9044-B8C7FF877052,474,2,131.0,2,1.540084388185654,264,203.29113924050634,449,309,887.0,106.51578628238336,555.55,0.0,66.73222409611991,0.0,194.56023999999994,-30.921839049744463,0.2594802429503147,0,549,0
41ED13D4-3691-4CE6-9987-E93FB75246C9,2765,4,97.33333333333333,2,0.2640144665461121,530,69.96383363471972,1,362,1247.0,319.5025012054062,782.1739,-15.3,187.56126339473943,0.0,580.26514,-36.012780785714824,-2.08658240312523,0,1064,0
2BFC78EB-D465-421A-804C-F758F59776B7,12751,7,60.666666666666664,0,0.0,0,0.0,-1,69,499.0,70.41008303384814,191.3086,-16.47943,24.228542185850728,0.0,101.0742,19.55438251784939,0.2796057458939109,0,1064,0
EEBB029A-143F-46FC-B3BE-BABBF68CF3C0,6920,7,82.0,0,0.0,0,0.0,-1,74,407.0,140.41139715428707,312.7041,0.0,47.12890865068966,0.0,199.20272,-50.33666224533644,1.0213367034429957,0,1064,0
3A2DF9C0-4CA5-4BB0-8F69-41E306415434,4814,3,123.5,1,0.07582052347320316,292,22.13959285417532,731,180,554.0,211.53400360767807,387.4,0.0,41.54013149721559,0.0,267.3,8.420471700963901,0.062138810003767586,0,1064,0
2F0B4580-9C56-40B9-A79E-011AA226D402,2826,15,39.642857142857146,6,0.7749469214437367,467,60.316702052370836,263,236,160.0,50.53639366423758,152.757,-14.57095,20.58150019081446,0.0,79.45302199999999,13.005413738540199,-0.16934171051988645,0,1064,0
0B12EC05-9178-47BE-B0DB-5F6AD150B22C,12751,4,179.33333333333334,2,0.057250411732413145,164,4.694533762057878,781,0,450.0,148.25013162796475,414.75,0.0,40.02843775176402,0.0,201.27,-17.297766658828948,0.27712099859138944,0,1064,0
A805F55E-8340-4A1B-B342-62A243DE1527,1341,1,0.0,0,0.0,0,0.0,-1,416,887.0,92.09577053376644,208.9132,-208.88,26.784644723533567,0.0,129.40596,7.469666962375527,0.14598076990234465,0,1064,0
870EFCB6-0506-4C36-900B-58B90AE08897,2761,2,0.0,6,0.7931908728721477,517,68.34661354581674,399,411,301.0,50.25771948904299,144.8135,0.0,12.267487157400048,0.0,66.57944,11.879783287191572,-0.1393630289016692,0,1064,0
E1656FE3-DAA7-41A4-B529-23A70618047A,2840,3,129.5,1,0.12852112676056338,9,1.1566901408450705,439,152,748.0,94.08771043351611,404.8377,0.0,36.77381824385387,0.0,139.42102,28.17277142605181,-0.43284481951031734,0,1064,1
AFA767E0-ADC2-47E6-8265-041F5856400B,6081,2,1.0,0,0.0,0,0.0,-1,397,653.0,123.96180777665727,397.7569,0.0,82.27727485077978,0.0,226.1755,-0.5341546902375143,0.04627913771807643,0,1064,0
25DA5517-8E5A-4428-AE69-F814D532E82C,12751,3,283.5,2,0.057250411732413145,432,12.36608893420124,7,398,284.0,92.35299892310267,368.901,0.0,50.26066928564725,0.028625205866206573,144.4264,1.7671863199528843,-0.2615414430446384,0,1064,0
410F273B-56EE-477A-8190-71177633F867,12751,3,39.5,3,0.08587561759861972,58,1.6602619402399812,393,316,295.0,89.31376544863961,187.58,0.0,20.405095992573642,0.0,115.79,3.5635887180270345,-0.030111769057085565,0,1064,0
587FA9B5-D4C9-4DB1-A1E7-DB3CB5771DAB,4007,2,1.0,0,0.0,0,0.0,-1,393,301.0,37.23842689223369,532.4835,-27.9,20.909233896139977,0.09109059146493637,64.5,-7.645139855196653,0.05907056426716737,0,1064,0
9D1143F3-C71B-4BE6-A967-39B81623748A,12751,2,0.0,0,0.0,0,0.0,-1,393,239.0,51.706527749122586,536.0,0.0,30.928298158623562,0.17175123519723945,93.0,28.261219164457657,0.06773630032049409,0,1064,0
5686885C-CDF1-4BBC-8012-0BFB570FFC5C,5136,7,68.33333333333333,3,0.21320093457943923,298,21.17795950155763,694,103,259.0,90.86477074492669,185.0,0.0,16.74116940536129,0.0,112.5,12.35070154905479,0.05323201880937804,0,1064,0
F46EF20A-0F69-4085-B391-71F3B111B8EB,4430,3,193.0,4,0.3295711060948081,346,28.507900677200904,111,371,1665.0,130.76083578541736,696.2038,-15.60709,134.21468041442574,0.0,332.95489999999995,176.33198365979095,0.4286904997702021,0,1064,0
216DB755-ABE2-42E4-AA82-E1E20F31103F,1882,4,52.666666666666664,1,0.19394261424017,18,3.4909670563230604,807,369,452.0,74.4635657279667,238.3347,0.0,35.24864156513024,0.0,121.24748,-4.829885505050029,0.17827082639180067,0,1064,0
EE323BF7-DFDE-4CF6-9557-60ACB23A6E6C,4120,1,0.0,0,0.0,0,0.0,-1,366,452.0,99.34330370505926,849.87,0.0,22.669170334162665,0.08859223300970873,126.0,1.9944277764222278,0.05695473378048478,0,1064,0
3E2A058E-FC59-4E75-A86D-E8B1D3EB2EFE,12751,9,77.0,1,0.028625205866206573,175,5.00941102658615,422,71,693.0,188.03269613881716,459.5814,0.0,102.74984543121863,0.0,317.08012,-179.13738580316902,-0.5631649600745512,0,1064,0
48A0384D-7E79-4BFA-B8D2-6081AD2F90F9,8557,4,34.666666666666664,2,0.08531027229169101,1321,56.34743484866191,147,356,406.0,92.50930947410248,323.72,-28.68541,31.765774216372137,0.0,134.2568,-9.977150134056174,0.0773870352002561,0,1064,0
8049872E-28FB-42EE-B30F-D5C6EB0017E0,8482,3,87.0,6,0.25819382221174253,116,4.991747229427022,89,180,77.0,30.86326950064893,114.7132,0.006320088,17.353564054817042,1.2479368073567556,56.661758,7.315554399235328,-0.16570327276286256,0,1064,0
BA6B93E6-32D4-4904-BE4D-AB3B5635BEC5,12751,6,83.4,2,0.057250411732413145,163,4.665908556191671,721,216,920.0,176.35203789596036,535.4004,0.0,105.2304320334985,0.0,303.4058,32.01826130481126,2.779807034978519,0,1064,0
C6C80C9C-0461-4D1D-B482-AF468A879CAC,4531,2,1.0,4,0.3222246744647981,659,53.08651511807548,239,348,901.0,148.79162189260623,489.2578,1.831055,64.95121246908629,0.0,228.1494,21.23712153779499,0.36792192507896626,0,1064,0
AE983F2F-0D33-4E8A-B78D-FC2DE082B356,527,5,84.25,0,0.0,0,0.0,-1,13,1246.0,209.9466330587042,629.2313,0.0,130.03628096671224,0.0,377.51665,26.959482637283458,-1.8123934623401905,0,583,0
91FC46BC-EAEC-420E-90E7-8B9EB6FDFB6A,1922,6,63.6,5,0.949531737773153,241,45.767429760665976,418,189,554.0,97.54879792509493,321.0908,-26.95652,57.39055507325476,0.0,181.1078,33.8780295351674,-0.42388088719729644,0,1064,0
39792953-EFB1-4EE9-86F6-C318FBFA1550,389,6,64.0,2,1.8766066838046274,97,91.01542416452443,273,21,602.0,177.81420334199996,360.0257,0.0,56.35632106746095,0.0,247.34077,-25.449591849716,-0.04871401648480866,0,407,0
142AECE8-7660-4809-94E9-B4F2F2C010E9,501,5,82.0,3,2.18562874251497,51,37.15568862275449,327,138,226.0,25.48265993405505,108.1698,0.0,13.031450225035647,0.0,41.42098200000001,1.0025794872412455,0.19007694604384742,0,527,0
2330284F-71E7-4FEA-AAEA-073E1C52A071,4531,3,154.0,4,0.3222246744647981,547,44.06422423306113,239,19,901.0,149.41770282009972,488.5254,-151.0,64.47348648231426,0.0,228.1494,20.82466413746201,0.35403004215697736,0,1064,0
6F0E2563-148C-4B04-A3E1-F7FDA69F387A,5293,7,46.833333333333336,7,0.4827130171925184,141,9.723219346306443,237,37,301.0,99.19777971811418,240.9741,0.008972168,17.437444050572594,0.0,125.3867,14.429990595105266,0.02534328919055398,0,1064,0
D698C919-8F96-4908-9794-7E94FBC4C880,12751,2,420.0,4,0.11450082346482629,1981,56.706532820955225,736,316,726.0,235.7657346722699,521.68,0.0,72.41318420138538,0.0,332.65,-19.381369703134084,-0.7562566097554474,0,1064,0
7C0FE479-4111-4BB5-8D55-607B41C9B0F3,5610,3,214.5,2,0.13012477718360071,10,0.6506238859180036,308,309,450.0,117.17471249027821,218.38,0.0,26.156460514392005,0.0,150.23,22.57844800354897,0.12391700278485017,0,1064,0
58682C71-82CE-4105-A731-736CAC1F991D,1846,2,297.0,0,0.0,0,0.0,-1,306,452.0,144.5242232146242,307.5027,0.0,35.874956353152456,0.0,187.5092,-8.169488668327887,0.10528333370362275,0,1064,0
61D3E1D8-1995-428B-80E4-318ED8513EE0,370,1,0.0,1,0.9864864864864864,10,9.864864864864865,238,296,402.0,20.981005367108637,161.8541,0.0,28.158662189320093,0.0,64.78844400000001,16.918597480190748,-0.22136227465472544,0,800,0
BB5BDBB3-30F0-45A0-90C5-6AD5CACD8AA3,6571,2,247.0,0,0.0,0,0.0,-1,293,188.0,34.83720091257263,119.6,0.0,6.644753190575121,0.0,44.0,-1.6681422705973148,0.011190053184403836,0,1064,0
9FE556DC-9229-4044-A12D-D158ECD9C8EC,1054,2,10.0,1,0.34629981024667933,4,1.3851992409867173,311,274,250.0,27.103351701516928,84.55215,0.0,9.335559321063686,0.0,38.925114,-3.0343536101589024,0.013298633054240918,0,1064,0
6036494F-799D-432A-951B-0FD9BCAE3383,6982,2,0.0,0,0.0,0,0.0,-1,278,768.0,97.55602949250036,282.7339,0.0,36.80360640594402,0.0,146.3098,3.690121853487298,0.08733005181540109,0,1064,0
283B275A-3D7F-4D6F-9327-8752BC9AE288,12751,7,63.0,3,0.08587561759861972,258,7.385303113481296,113,113,706.0,248.95316248132443,493.9087,-0.9,70.14196626315497,0.0,338.635,-38.25934103070708,-2.1749583323847443,0,1064,0
51EDDA54-2C7E-4CBF-A0A9-01946FB3154F,6982,1,0.0,0,0.0,0,0.0,-1,276,768.0,98.68808146922036,286.2928,0.0,37.09880908695793,0.0,147.8916,3.7505905414277976,0.08810126622127316,0,1064,0
51D47ABB-49D8-4264-BF61-141D4150B9FF,5778,6,158.4,2,0.12634129456559365,66,4.16926272066459,204,13,953.0,138.7370480797807,750.6409,0.0,92.03943641457016,0.0,253.7842,-18.94861051133934,-0.06062541780266866,0,1064,0
FF43FC19-CB5F-4E57-B4F2-97863D71913A,4465,2,132.0,1,0.08174692049272116,296,24.197088465845464,836,131,490.0,88.20986641042566,258.0,0.0,27.824549486877014,0.0,122.0,2.905565782475577,0.08874392290534802,0,1064,0
844C1E94-D91C-4693-A425-0673A5E23C9F,3926,3,19.0,1,0.09296994396332145,47,4.369587366276108,252,214,511.0,161.1233365686178,294.4316,0.1511501,35.8481560643665,0.0,206.714,1.4790765031414708,0.310869403834008,0,1064,0
5C17EFDE-AC38-42A1-8921-47450C93FC46,4773,3,283.0,0,0.0,0,0.0,-1,243,250.0,34.98726528851621,142.5,0.0,11.945212979368252,0.0,50.0,2.2851112546936605,0.12603836550462655,0,1064,0
F867B201-9236-4A2E-9E95-E4D3B5D842B9,12751,6,145.4,2,0.057250411732413145,46,1.3167594698455023,13,55,499.0,71.30390635723202,191.1,0.0,24.54907920897255,0.0,102.7,21.605430062521066,0.09969090834251085,0,1064,0
7814E77A-3787-4332-A9BD-C92B5DC2C0B1,5161,8,123.14285714285714,5,0.3536136407672931,109,7.708777368726991,155,38,490.0,106.46188451632933,266.83,-14.72,43.448713090215286,0.0,149.11999999999972,13.042521347868202,0.10500228766229029,0,1064,0
18D3BF84-9B53-48D3-B063-F7DFA6FA89ED,12751,3,227.0,3,0.08587561759861972,290,8.301309701199907,458,229,269.0,154.3482781277981,254.4,0.0,31.74881612097317,0.0,194.2,-27.258092942612905,0.022388749411099283,1,1064,0
725409A2-0E3D-4446-987F-EB1FF410D697,12751,7,83.33333333333333,2,0.057250411732413145,112,3.2060230570151362,35,222,803.0,297.6066171664695,799.1638,0.0,131.7705262030777,0.0,437.9883,81.45209339603048,0.2763794257020699,0,1064,0
39A2C8C4-7F28-47CA-9AA4-8961A6AAA602,4078,1,0.0,1,0.0895046591466405,8,0.716037273173124,799,213,624.0,62.65791100950284,276.754,-6.019614,36.33218257539168,0.0,110.21831999999998,-23.610917102867035,0.13674231815138674,0,1064,0
9683C647-7AFE-4F37-B4CB-37BD2E7380EC,6193,1,0.0,2,0.1178750201840788,158,9.312126594542226,235,212,269.0,74.46732400321555,171.7468,0.0,20.76455348107459,0.0,101.993,24.887531575488154,0.7753916590444921,0,1064,0
93132377-10BF-46AB-B748-AE3094FFF34C,4807,2,0.0,5,0.3796546702725192,140,10.630330767630538,238,208,294.0,86.10030124308038,536.6702,0.0,33.589037186511234,0.3796546702725192,132.61399999999995,6.178113880376415,0.14331431292378055,0,1064,0
E4DDABB0-5441-4865-8C23-A2516C0A5149,1922,4,6.333333333333333,5,0.949531737773153,150,28.48595213319459,426,189,554.0,105.00035606526498,310.8095,0.0,58.61890171144007,0.0,190.5982,34.15765466513625,-0.4360196914784099,0,1064,0
F28238AC-EDF1-4E47-991A-034656708A18,9347,15,42.285714285714285,0,0.0,0,0.0,-1,202,693.0,177.25773471638553,384.6,0.0,43.923168497905785,0.0,229.8,-3.1116467534225762,0.5646143613979246,0,1064,0
2246E459-92C8-4031-A2E2-7B0A5D166EAA,12751,5,47.5,1,0.028625205866206573,4,0.11450082346482629,117,8,630.0,38.70820745848229,587.9417,0.0,103.64024659382376,0.0,237.95609999999996,226.97864974830784,0.12084358491877555,0,1064,1
36D8819D-C1FE-41D7-8634-80B330BC8E60,12751,10,78.88888888888889,0,0.0,0,0.0,-1,17,529.0,71.22374963729112,283.2687,-14.1602,54.29891128935315,0.0,142.0898,9.19351225236936,-0.7610999218771842,0,1064,0
4020B8F4-3A21-4DF9-8501-1C464D81E73B,3606,5,117.5,1,0.1012201885745979,173,17.511092623405435,186,80,120.0,30.943078808466936,90.5029,-2.0,8.271009716976138,0.0,43.34035,-1.524915198667557,-0.0430070799822976,0,1064,0
AF87F62F-3C03-4D0D-9722-8060B5CB41B3,12751,3,212.0,7,0.20037644106344601,407,11.650458787546075,89,7,77.0,28.961180566863884,80.10583,0.002974187,16.36985844673905,0.057250411732413145,53.29392,6.992334628291982,-0.15233772631963088,0,1064,0
6B7D69EB-3F90-4DB5-B105-55BDEBD0EB6A,8915,3,81.0,5,0.2047111609646663,99,4.0532809871003925,172,11,440.0,272.48900292078145,413.97,-15.57002,83.46363870728207,0.0,343.17,7.388848931070413,-1.0296798072924929,1,1064,0
BD959831-3BDF-418D-AD85-DA021C5F8822,5468,6,61.2,0,0.0,0,0.0,-1,55,490.0,141.34383564294444,802.0,0.0,46.48386020746924,0.06675201170446232,201.36,-4.369902130598774,0.2588512359457906,0,1064,1
62A73906-3EF3-45D1-9D3C-8606A3D65A90,6361,5,105.0,3,0.17214274485143843,378,21.689985851281243,469,92,269.0,93.57676585574515,533.0723,0.0,33.29130106024597,0.2869045747523974,134.3,-8.53861446917108,0.0026385284562221527,0,1064,0
5C4DB19D-9BCD-473F-B857-7118091B3580,12751,1,0.0,2,0.057250411732413145,44,1.2595090581130892,807,143,188.0,34.397013944002566,81.0,0.0,10.47572361238548,0.0,48.0,-6.284050981039602,0.006461245787060285,0,1064,0
543FA16C-1207-4E8C-A1C0-499F0B8A249B,5041,3,38.5,1,0.0724062685975005,58,4.199563578655029,908,64,133.0,37.52949187660434,83.71803,0.0,13.860900651698598,0.0,54.80238,0.8875691235036882,0.09594996532928216,0,1064,0
59F7DD56-C665-42DE-B997-94823778B39B,4926,7,74.5,3,0.2222898903775883,29,2.1488022736500203,977,26,1734.0,461.9345980876693,1165.093,-82.24992,202.6520962595115,0.0,750.7300399999999,-93.51104986158907,2.1435813268444996,0,1064,0
702910A0-BA44-4766-AA67-D86F6A3B3F99,7453,4,86.33333333333333,1,0.04897356769086274,249,12.194418355024823,836,131,693.0,52.05785729437215,265.1713,0.0,27.36073652509562,0.0,87.35054,-16.091954631563503,0.09796888669322802,0,1064,0
76DEF8EC-BC05-45F4-9A17-EE19804E89BC,2719,3,2.0,0,0.0,0,0.0,-1,129,472.0,73.95635114305489,380.5664,0.0,60.3804756906829,0.0,156.4453,36.657179452855615,0.11700710912236671,0,1064,0
2868313B-49FA-4E25-9459-4D66A1A117E6,4864,2,439.0,1,0.07504111842105263,30,2.2512335526315788,767,122,251.0,96.17556167978589,232.5,0.0,13.22565518024212,0.0,112.26838,-0.003269408952562003,0.12921738174857308,0,1064,0
104A009D-8BA7-4B68-BC2F-F007BF0D7B6D,7439,6,107.0,1,0.04906573464175292,158,7.752386073396962,45,2,820.0,228.53165186259454,652.0,0.0,91.50156279747492,0.0,335.0,9.631696902837547,3.0293981767295355,0,1064,1
0AC983BF-C77D-463D-A8D8-993E4D5E7C21,3651,3,373.0,2,0.19994522048753768,712,71.18049849356342,368,117,602.0,154.01023777202087,319.9472,0.0,30.852658972776684,0.0,194.74186,23.43581948106558,0.14937491635896452,0,1064,0
51649634-A16E-4323-809B-7E15C362D5BD,12751,11,93.4,0,0.0,0,0.0,-1,107,188.0,0.0,0.0,0.0,0.0,0.0,0.0,0.0,0.0,0,1064,0
7D009E15-757B-4BA5-9B51-239AB1A261F2,12751,1,0.0,0,0.0,0,0.0,-1,97,251.0,83.53188237015299,231.5428,0.0,30.041341749236302,0.0,124.8,-4.15287002447397,0.08168538182575891,0,1064,0
DFFDD77E-1474-4BCF-8ADD-E88ABCAE0D13,2264,3,0.5,0,0.0,0,0.0,-1,93,452.0,92.78898481768807,375.0,-16.6,23.177983476761213,0.0,123.0,7.760706540336614,-0.07712920662369077,0,1064,0
E22F25BB-34C0-4A1C-A7F8-E2B037338F14,1750,2,241.0,4,0.8342857142857143,289,60.27714285714286,418,95,1246.0,368.4681277455607,830.7,0.0,118.1646300064119,0.0,534.4,-22.94479441222734,-4.171104034334883,0,1064,0
B661AA1C-BEA1-47C2-96FF-01C42B0F6063,6158,4,178.33333333333334,3,0.17781747320558622,674,39.94965898018837,132,93,129.0,36.23958580773951,147.53,0.0,8.570397429767224,0.2963624553426437,47.57081,7.067414133618513,-0.02627755317075981,0,1064,0
B49E420D-017F-45B2-AD09-690BB04224C5,2433,3,325.5,3,0.4500616522811344,360,54.00739827373613,362,82,251.0,71.29948138989917,171.8945,-34.22894,26.42289950919504,0.0,105.99658,0.9107027783492896,0.1795078349928209,0,1064,0
0D73717F-9B64-45D8-9390-42A477B75B22,2972,4,88.0,2,0.24562584118438763,78,9.579407806191117,759,79,473.0,102.87889986137887,360.5347,-43.45978,32.4567149606787,0.0,145.1111,15.541192473497674,0.25930147120805075,0,1064,0
195D4A28-7382-4A32-9F2B-BDDC68B010A1,10304,4,59.333333333333336,1,0.03542313664596273,27,0.9564246894409938,301,63,318.0,103.9350568492422,206.9336,0.0,39.347253381879945,0.0,155.6641,-27.140865971850218,-0.028588153327703633,0,1064,0
5CB79D86-032A-42DA-AF90-0E1332BA04C4,4808,2,1.0,1,0.07591514143094842,834,63.31322795341098,491,68,450.0,109.56545873195344,201.0,-10.85,23.14546345817292,0.0,141.0,5.661393119898406,0.00946516030774547,0,1064,0
789538B1-103F-4BBB-9681-2AAC7E5B54E7,4498,2,6.0,4,0.3245887060915963,535,43.413739439751005,239,68,208.0,33.35831988491984,237.2923,0.0,8.018576680949511,0.40573588261449534,43.926122,-4.081802891583418,-0.29166374026554476,0,1064,0
34BDDE82-82B6-484F-A68B-5DD3017F0D80,4767,3,32.0,0,0.0,0,0.0,-1,64,400.0,143.44459610867477,303.6,0.0,38.54246599604001,0.0,193.6,-7.829318330896996,0.2528724396700732,0,1064,0
1A9B0851-50C5-42E5-83C2-55BC5588285B,3071,2,728.0,1,0.11885379355258874,4,0.47541517421035495,99,62,250.0,65.15575540981263,159.0,0.0,18.791934328248473,0.0,91.0,-6.684690594997811,-0.04375180063388428,0,1064,0
D984B4DF-76DD-41F3-992B-70589E5FBDE1,2553,2,1.0,6,0.8578143360752056,276,39.45945945945946,267,57,301.0,104.47864444067658,539.4805,0.0,21.090353450861095,0.2859381120250686,128.93414,-4.635643246934293,0.08258693045128261,0,1064,1
9175FD58-1638-47AA-8B16-4041EF9F43BE,3507,1,0.0,2,0.20815511833475903,11672,1214.7932706016538,56,57,452.0,115.03237961106858,242.4871,0.0003521013,21.42672599015645,0.0,139.91062,-5.811050598561593,0.0916570617274616,0,1064,0
5739BAFF-F3B3-4D68-8255-E61A5CD65DBD,6193,3,232.0,2,0.1178750201840788,387,22.80881640561925,836,43,259.0,50.80116588328629,115.963,0.0,13.734274331542537,0.0,68.72736,7.594928770263095,-0.12178973702120696,0,1064,0
E80093A2-E813-4D0B-B4C0-B12BF07A58A2,12751,9,63.5,1,0.028625205866206573,17,0.48662849972551175,784,1,887.0,206.7056997392276,552.0,0.0,92.05693636382142,0.0,314.0,-118.07105467749922,3.561175991091786,0,1064,0
1EFF23EC-E7A0-4535-8747-37BC6B2B0CF9,12751,7,98.0,2,0.057250411732413145,15,0.4293780879930986,431,11,399.0,159.36905349254698,346.0003,0.0,41.61833854535971,0.0,200.5554,2.905597979675207,-0.4239113774450413,0,1064,0
62F835CA-317D-46C9-90DA-C87C8CD69E20,10155,5,253.25,2,0.07188577055637617,75,2.6957163958641064,836,33,188.0,42.428680856349004,138.1113,0.0,10.602855421086405,0.0,57.687408,2.8783033812113317,-0.004552171564875286,0,1064,0
30C3AEA4-3841-4F2F-9493-E2E62AE7FEA4,6237,3,3.5,3,0.17556517556517556,106,6.203302869969537,469,40,158.0,27.482095590397826,137.0,0.0,14.825883094863865,0.0,49.0,8.955944533058961,-0.08146736222582825,0,1064,0
B844FC6F-EF8F-42FF-92AB-06DE9BF9C2DC,4847,3,241.0,0,0.0,0,0.0,-1,40,314.0,86.17418503859301,459.9609,0.0,29.777871739051093,0.3765215597276666,123.0,-5.907827013901652,0.07261413160282172,0,1064,0
50B491E2-4948-470F-83CB-A07016264463,4291,3,307.0,2,0.17012351433232348,4615,392.56000932183645,88,34,542.0,114.69726805038296,411.9742,-1.84794,73.74217810239378,0.0,213.59539999999998,-74.76424594488157,1.509252105760255,0,1064,0
749B5EBB-7FE5-4728-B3D8-CAA50CE673F8,6009,6,107.0,1,0.06074222000332834,121,7.349808620402729,836,15,269.0,89.69388515322828,169.5257,0.0,19.95061880691645,0.0,116.10234,-8.245360723675816,0.13038209709862003,0,1064,0
B55107E0-4499-4EE7-8DBA-C4114403A0E5,12751,4,157.0,1,0.028625205866206573,41,1.1736334405144695,781,9,739.0,176.30901098838612,606.76,0.0,104.63438607331258,0.0,309.66,-61.21123398221329,0.7063001462228133,0,1064,0
F21D382B-46AC-4A96-9C63-95FD7C9CE1AE,4926,4,114.33333333333333,0,0.0,0,0.0,-1,7,1734.0,467.5753346786096,1171.826,-91.81165,201.69972606048196,0.0,756.39542,-92.87353662228242,1.9973705764843601,0,1064,0
1F3135EA-5ADD-41B0-BBB6-8DA2CA41D6A9,10276,3,269.5,2,0.07103931490852472,9,0.31967691708836127,418,5,146.0,34.51818748673679,1146.798,0.003754629,10.404927140744293,0.1775982872713118,43.67297,3.9864220825811074,-0.041814341315653626,0,1064,0
6AB8C606-0992-47F0-AA31-A4206C93525B,733,1,0.0,1,0.49795361527967263,60943,30346.787175989088,644,596,497.0,55.65185421238084,494.0,0.0,25.679571007159858,0.0,88.0,-2.3304035950968895,-0.019705564930336025,0,764,0
A9308171-2840-4077-9F49-45BCBB738070,8748,2,770.0,2,0.08344764517604024,349,14.561614083219022,251,8,346.0,76.1165078706203,184.4,-31.48009,29.450691413401383,0.0,112.7,-0.136044907657336,-0.12015586057728696,0,1064,0
BBC31DC0-B7CC-4E6A-8F9C-43891A705AAB,12751,2,181.0,1,0.028625205866206573,4104,117.47784487491178,449,278,314.0,80.37398288967171,190.0,-1.46,28.724581962135712,0.0,115.0,-4.804847087202575,0.07213190471610462,0,1064,0
625C3816-E8C2-4A8C-ACFC-C7DD02C07D20,930,2,7.0,4,1.5698924731182795,703,275.90860215053766,239,761,151.0,14.24243746939029,500.0,0.0,53.38695106328358,713.516129032258,12.23145,-3.68468216885017,0.00019042049766230564,14,1064,0
A9693C1B-395A-4C3D-8F96-0D0006596C22,12751,7,33.833333333333336,1,0.028625205866206573,323,9.245941494784724,836,562,84.0,11.403823659218155,188.5983,0.0,2.4550518100130225,0.11450082346482629,14.3539,-0.6225793910854378,-0.008995177401370347,0,1064,0
72E1682D-34E5-4D99-BC5B-72D1DA524E78,3483,1,0.0,4,0.41917886879127186,136,14.252081538903244,428,764,250.0,39.25758501195096,125.6862,0.0,17.269037880155242,0.0,62.275984,6.335640736351515,-0.12290481165649496,0,1064,0
E5E993A9-BBB8-42BD-BB85-83857243B3E8,6260,4,227.0,2,0.11661341853035144,168,9.795527156549522,475,82,269.0,61.65954788289176,413.3616,0.0,14.320113543709207,0.29153354632587863,86.15223399999999,18.168896377139106,-0.28358390248747917,0,1064,0
4E42BD1F-F152-41F6-8C37-B03B91B72C24,12751,3,93.0,0,0.0,0,0.0,-1,576,489.0,107.48165519623285,239.0,0.0,24.35843263933384,0.0,139.0,12.543884927223942,-0.1812028119613615,0,1064,0
CB739177-12CB-41DD-8CF4-5B37A7E1C906,4729,6,70.8,1,0.07718333685768661,319,24.62148445760203,836,405,1524.0,433.2232784282418,810.0,0.0,55.828992739728314,0.0,504.0,-5.43577805015542,0.453188682512975,0,1064,0
39A56711-63D6-48D1-AB88-F8538F388120,4146,2,42.0,1,0.08803666184273999,190,16.7269657501206,215,761,151.0,29.69352905527198,139.0,0.0,7.807989657583378,0.0,40.0,-0.1676802898398826,0.0005544237285534271,0,1064,0
E0FE1F49-6C09-4610-A5D1-DB7EF44A313D,8253,5,153.25,5,0.22113170968132803,72,3.1842966194111235,539,145,708.0,172.11248726651542,681.6454,0.0,104.15463905464725,0.0,303.8109399999999,8.842919369287046,-0.4976080328849092,0,1064,0
C6047CE0-9451-4ECC-AAF2-DFCA6190BDC9,12751,5,152.25,0,0.0,0,0.0,-1,142,452.0,130.07486099629426,797.7214,-44.0297,43.9264257064953,0.057250411732413145,184.01844,-20.22888979413375,0.23616094746598523,0,1064,1
75ADE5F4-067C-4930-BB4B-A03E975DEC67,6372,1,0.0,1,0.05728185812931576,110,6.301004394224734,836,748,269.0,71.07737074774356,142.8666,0.0,13.131392874337715,0.0,88.9,5.004211042379907,0.08557977550948198,0,1064,0
79940172-DE11-4491-B298-EC92A07E899B,9526,5,184.75,1,0.03831618727692631,55,2.107390300230947,434,41,489.0,155.74577633703032,276.0,0.0,28.376697125985064,0.0,190.0,-5.050791769129091,0.13040847521170743,0,1064,0
B05F4C1F-99C0-406E-8224-06E97829F2B2,6292,5,207.5,2,0.11602034329307058,13,0.7541322314049588,977,121,312.0,36.514789111478564,91.40901,-341.95,11.28861352938295,0.0,51.91563,-0.14998318169460845,0.09986003122067148,0,1064,1
8F12CE1C-05AF-490C-8BB8-1CA1FFF9A086,5289,5,157.75,3,0.20703346568349407,227,15.665532236717716,458,91,301.0,75.62362505105035,504.4127,0.01555736,18.1140980892376,0.3450557761391568,99.066284,-20.434612223889857,0.05082924896415461,0,1064,0
84BD511D-6277-47EE-B645-4874358E846D,3946,3,80.0,2,0.1849974657881399,233,21.552204764318297,836,558,301.0,85.89832055362658,158.909,-8.317545,19.457301954795888,0.0,110.35334,16.531749124614166,0.15672721449541016,0,1064,0
0AAAA21C-8D90-42CB-9758-50887F2ADCA0,6576,2,0.0,1,0.05550486618004866,186,10.323905109489052,836,712,269.0,92.50268003349323,158.2944,0.0,21.45244672929432,0.0,122.24405999999999,-3.8944897109623753,0.21564545504352836,0,1064,0
AFC46547-FE9B-467E-96B1-2F633B2D3EA5,5624,6,130.0,1,0.064900426742532,143,9.280761024182077,690,61,451.0,82.94849131218723,206.1064,0.0,28.48526299823537,0.0,117.543,-22.942549103853892,-0.08414243860919672,0,1064,0
2703E2CA-ABC0-4280-99F0-BADFE8890649,8823,3,272.0,6,0.24821489289357362,173,7.1568627450980395,13,147,314.0,50.652028992137616,176.0,0.0,26.30739959673324,0.0,86.0,-15.562908621767242,0.2716762586144385,0,1064,1
7F6B8819-A0B9-42EF-A026-381CFD1D6188,751,1,0.0,0,0.0,0,0.0,-1,684,678.0,44.73912732903534,162.7922,0.0,30.140621020190714,0.0,86.97052000000006,-4.010911504189664,-0.004979208629705962,0,800,0
08239E64-D3DE-44B3-A081-FAA5940F7543,8377,5,147.25,4,0.17428673749552345,44,1.917154112450758,98,180,314.0,41.89156722895031,1000.83,0.0,13.372869326448033,0.21785842186940432,57.0,-5.92636661166636,0.0012092828103718839,0,1064,0
5ACB72DB-4E4E-42E7-9253-6DCD965927CD,4443,2,1.0,4,0.32860679720909297,38,3.121764573486383,106,663,301.0,43.58435712999357,103.4156,-45.3,13.318688435189522,0.0,60.69135,1.9253235561175472,-0.05796454973355337,0,1064,0
D7EC6434-BF8F-4699-8A20-1FA3E017D34B,12751,3,0.5,1,0.028625205866206573,5,0.14312602933103288,882,638,489.0,109.56647071107858,221.0,0.0,28.979769752967865,0.0,146.0,-0.5575200937946363,-0.043099628212093316,0,1064,0
26F11D4C-5846-41DE-B0C2-EEC7F41FBFD0,9343,4,93.0,2,0.07813336187520069,143,5.586535374076849,322,440,100.0,44.95957334409537,96.4273,0.0,7.6911758975544116,0.0,54.0,1.895141162077472,-0.026946725247334498,0,1064,0
174492BE-3335-447B-B0B4-1436DF5F9F12,4253,2,238.0,1,0.08582177286621208,17,1.4589701387256053,250,376,188.0,21.230690696641332,138.5683,0.0,7.036028390646374,0.0,29.72626,-3.10151468846232,0.016490996682815725,0,1064,0
50F4C3E1-66C7-47EA-8E7E-AA173597A0BD,12751,3,104.5,2,0.057250411732413145,11,0.3148772645282723,193,614,313.0,48.315062937512664,188.0,-25.09178,28.870467297497548,0.0,89.0,-7.208812937512661,0.09420636063891,0,1064,0
022B9D83-1EE0-48A0-AF7C-E057A504F1D9,3946,3,31.5,2,0.1849974657881399,773,71.50152052711607,306,551,301.0,85.4736851350889,171.4468,0.0004522573,19.405992377853504,0.0,109.97058,16.511840749941953,0.15669203269770396,0,1064,0
C934F421-91CC-4E16-9087-2EE88663A6A3,6595,3,297.0,1,0.05534495830174374,4,0.22137983320697496,743,15,377.0,64.40155707846701,208.0107,-1.749512,29.73490836043165,0.0,106.0047,1.6538916648817548,0.008311705626498802,0,1064,0
06A8DAD9-0ABC-4738-A1ED-648A8800DFC0,7980,5,117.25,0,0.0,0,0.0,-1,486,489.0,108.08777814086937,201.0,0.0,26.604302924127968,0.0,143.0,8.561064451723212,-0.12529387487264396,0,1064,0
CFC05757-D065-4373-91F8-A452AB1F1396,8604,4,234.33333333333334,2,0.08484425848442585,98,4.1573686657368665,231,230,761.0,111.12912849268331,386.7279,0.0,71.1006177195129,0.0,208.84733999999997,-51.70338399576972,0.2891603428303456,0,1064,0
03492447-A122-438A-B6A8-A9FA08AFB3C7,342,7,73.0,3,3.2017543859649122,30601,32658.96198830409,473,404,150.6,40.99440049102983,165.0057,0.0,30.222689213750176,1.067251461988304,74.56374,-40.993541477719646,-1.5842630177252363e-05,0,1064,0
65B7D5D1-9325-4311-B19C-75F2BCAE89AF,5142,2,1.0,4,0.2839362115908207,130,9.227926876701673,147,600,133.0,40.795926374173725,81.29862,0.0,11.997233529444394,0.0,55.845195999999994,2.2167881567676275,0.12239283936953584,0,1064,0
CA28800D-A383-4B2B-9631-772BCCC7F6DB,12751,9,37.75,1,0.028625205866206573,24,0.6870049407889578,596,291,496.0,141.45664552231494,320.6305,-40.9519,71.13690564566012,0.0,208.66833999999997,28.14663167135791,-0.4826127863472637,0,1064,0
6BF8DCB5-9A56-49C5-8472-B5BEF5B15078,3239,3,0.5,0,0.0,0,0.0,-1,595,452.0,95.23002869149778,246.0,0.0,42.653222769052995,0.0,153.0,-15.450013259399014,-0.01740984255036929,0,1064,0
270C0041-C543-4B27-BB02-7B5DB2AACFE6,5143,2,2.0,1,0.07097025082636593,17,1.2064942640482208,786,592,188.0,18.055620984667367,97.0,0.0,8.76412138709058,0.0,30.0,-2.0620253056550215,0.03237190919773782,0,1064,0
BBF323B9-A2C3-4D77-AF75-A57446178B99,5642,2,202.0,0,0.0,0,0.0,-1,591,251.0,49.99376333963675,235.5896,0.0,12.823944176626279,0.0,65.373986,-9.778209668186129,0.02847865027377384,0,1064,1
2AA63D69-C695-4A9C-A97C-C9BC8EF077C1,9560,4,97.66666666666667,10,0.3817991631799163,2340,89.34100418410041,113,519,259.0,94.55125059926077,229.9768,-2.178168e-05,24.076791864014677,0.0,125.5078,15.32409244472069,0.08206620083573585,0,1064,0
D382CDA4-884A-4B9B-A22D-ABB67EFB11E4,12751,3,202.5,1,0.028625205866206573,12,0.3435024703944789,48,179,433.0,35.26950948417392,376.5,0.0,36.089859677454065,0.0,85.54971,29.538619914591507,-0.03225500951575615,0,1064,1
F059AF20-A1E6-4084-961A-8C9AF508F85C,1760,3,0.5,0,0.0,0,0.0,-1,568,629.0,81.21486666793678,782.7759,0.0,40.03570295461018,0.4147727272727273,137.5254,-8.987812058291695,-0.05892693492430882,0,1064,0
5BD94305-EA73-4031-BD99-1BDB7D4E8EE2,12751,3,76.0,1,0.028625205866206573,118,3.3777742922123757,836,560,346.0,71.24074379175266,414.9719,0.0,40.44996093313648,0.20037644106344601,126.7044,12.795668814620797,-0.6206792827679486,0,1064,0
AFA3066C-0692-4489-9DD1-346974AFC63B,5045,4,22.0,1,0.07234886025768088,1951,141.1526263627354,361,484,176.0,35.88118537060396,154.35,0.0,14.831508253768973,0.0,56.51,4.58712481458123,-0.06612604779743778,0,1064,1
720C8CBB-10A6-4A55-B307-BD54DC897475,5093,2,14.0,0,0.0,0,0.0,-1,537,489.0,110.35742482370088,226.0,0.0,28.013118427107667,0.0,148.0,12.073439373829984,0.003597494889509691,0,1064,0
B9DA195A-C798-40F8-BC58-AB1D1ABDA256,12751,1,0.0,0,0.0,0,0.0,-1,548,188.0,36.103925310606705,234.5,0.0,7.479892247717156,0.14312602933103288,46.0,-2.5938172859153497,0.014517967467372743,0,1064,0
851C0F1D-CE35-437C-BAD1-873DC0DCD321,6424,1,0.0,1,0.056818181818181816,357,20.284090909090907,836,545,676.0,97.75988030590437,217.8497,0.0,25.136237260890162,0.0,132.5989,34.09458196261417,0.046006548727885434,0,1064,0
6F6D633F-3DF8-4747-B5D0-7FA33C5B1654,722,4,97.66666666666667,5,2.5277008310249305,1395,705.2285318559557,309,248,1188.0,206.2377175800121,1072.52,0.0,85.32743550932194,0.0,316.52,-47.78376310470344,0.202807652865092,0,737,0
D7A38D08-22DE-44EE-9374-6818BDDDF83C,6309,3,19.5,4,0.23141543826279917,50,2.8926929782849897,98,505,314.0,42.67173397295549,840.0,0.0,13.256149844037584,0.289269297828499,58.0,-6.480298787770302,0.0019203902630505099,0,1064,0
EB3F0C5A-EF42-4536-8273-A67A4ABA5E44,2952,2,285.0,1,0.1236449864498645,424,52.42547425474255,836,239,542.0,120.22419079558453,408.2005,0.0,68.01457862625249,0.0,211.83166,-4.422710530152443,-0.3137120809314727,0,1064,0
B8FA83EE-4339-4D27-8FC3-4871FECC6BCB,1760,5,61.25,0,0.0,0,0.0,-1,371,629.0,81.43029724226996,225.6234,0.0,40.06733149687019,0.0,137.9485,-8.92639347706934,-0.05876177467876002,0,1064,0
E37643E2-E950-46D4-A7B3-2D4BE8BE1CA3,2775,3,222.0,3,0.3945945945945946,528,69.44864864864866,88,519,301.0,63.63232129874807,237.4877,0.008464055,19.31110710403648,0.0,89.78535399999998,-13.9635993872824,-0.0072318261225613025,0,1064,1
FCFE37C8-7C41-4533-8EC3-C1D377BA22B5,12751,5,55.25,4,0.11450082346482629,165,4.723158967924085,588,511,99999.0,17.4338862145379,239.342,0.0,19.826411672276123,0.0,44.39697,-17.4338862145379,0.0,0,1064,0
6AAB6026-ABA0-4B4E-8E70-853E097CA073,1287,4,207.0,3,0.8508158508158508,245,69.48329448329449,449,143,452.0,102.9984730878326,199.3295,0.0,27.720007524432123,0.0,143.33,14.082959099667406,0.07391323451272172,0,1064,0
57806FEE-DB0D-4805-A542-4467F5D4B48C,2826,2,0.0,4,0.5166312809624911,413,53.34217975937721,462,499,181.0,36.95048382970975,87.78651,-373.2394,16.487756881366202,0.0,60.65003999999999,8.68870069390136,-0.08786539714052667,0,1064,0
9CAF453B-F121-408C-9BA8-1B544FF2CDDF,12751,3,175.0,1,0.028625205866206573,8,0.22900164692965258,168,227,266.0,88.61737121667635,154.0,1.3,17.707717210930955,0.0,114.5,-1.8376721426022726,0.2603688784165602,0,1064,0
34BE3784-CDAE-409E-92F5-606D4F251F34,664,3,205.5,5,2.748493975903614,152,83.55421686746988,111,117,416.0,20.533926267378686,399.9599,0.0,25.312578909595167,0.0,51.64871900000007,42.98212064782193,0.029440157261182594,0,750,0
6567AD54-68F7-4EF8-9098-EACE464D8897,3788,2,1.0,3,0.28907074973600844,413,39.7954065469905,836,479,301.0,49.285445347109864,113.5633,-0.02,13.632505303641098,0.0,67.096492,7.945870856362355,-0.11861945497501093,0,1064,0
415E2AC6-9736-4B8F-AEBF-1E2F89FC80E3,2085,1,0.0,0,0.0,0,0.0,-1,476,931.1,82.37600199017037,246.0,0.0,41.90034890456874,0.0,140.0,-3.8596424577629733,-0.15622667123865946,0,1064,0
51F67213-28DB-4C56-8826-D9B8552B56A5,2891,4,58.0,1,0.1262538913870633,239,30.17468004150813,836,292,301.0,127.2660341694171,224.2425,0.0,21.179185362061673,0.0,153.01882,-21.6477731686455,0.4200820150857978,0,1064,0
DA0A2BEA-7166-4832-A6D4-0D9A8B23CD53,510,6,68.8,4,2.8627450980392157,13233,9470.676470588234,344,117,226.0,32.08898498079081,93.27705,0.0,13.449273916941928,0.0,47.01515400000003,0.2180207113388164,0.0468659768563955,0,527,0
AD3296B7-7646-4DAD-9915-2E176E681BC1,483,5,94.0,3,2.267080745341615,287,216.8840579710145,305,82,226.0,23.72866507294211,82.65611,0.0,12.752163385256273,0.0,38.70621200000002,-1.6976210189297625,0.08351619063622892,0,527,0
284D8099-54AD-4BA2-9F1D-CBDBFC7678E7,1820,2,1.0,1,0.20054945054945053,27,5.414835164835164,454,455,753.0,252.0424732688636,668.7936,-156.5964,106.24255341289553,0.0,392.81807999999995,-46.51737551423395,-1.5005285214169477,0,1064,0
91432895-B2E5-42C5-8793-8D9B2956CDA6,3895,3,325.0,3,0.2811296534017972,369,34.57894736842105,239,138,452.0,28.216320424292295,121.8503,-0.6455656,21.829755048251656,0.0,55.78298399999999,16.11473216961203,0.12155931899699245,0,1064,0
2FDF257B-B499-4681-AC67-D61934D29759,4203,3,46.0,5,0.43421365691172975,466,40.46871282417321,239,355,452.0,197.61482723012674,536.0,-35.34,41.0077289952795,0.1736854627646919,252.0,14.600296226663374,0.045884494198907645,0,1064,0
2189B5AA-6168-4CC0-B28E-DCBA48BC1489,8996,2,329.0,1,0.040573588261449536,11,0.4463094708759449,193,446,301.0,47.118764521427124,181.0,-25.56258,29.05493918146371,0.0,88.0,-7.07053921278515,0.0958021223470319,0,1064,0
D6254F08-DE85-4CE6-9C7C-DA0882B4B70B,1702,2,170.0,3,0.6433607520564042,493,105.7256169212691,112,440,602.0,81.08949887129347,966.9294,0.0,13.911305384562503,0.4289071680376028,99.321276,4.376870246762081,0.008972547075343605,0,1064,0
0EBC3A03-57B6-4B5A-B505-78FD4F82CE62,12751,4,128.66666666666666,0,0.0,0,0.0,-1,233,314.0,27.276044997140655,144.0,0.0,19.711547483704074,0.0,56.0,-7.862464750227076,0.08105756083282607,0,1064,0
EEC3CB4D-F102-4DB2-A192-4C69F0BD3C01,1841,1,0.0,9,1.7843563280825638,935,185.37479630635525,268,438,452.0,86.57821584117066,189.0,0.0,24.641591684359582,0.0,118.0,12.47911577071207,-0.3127308149938431,0,1064,0
25288F52-2B7B-430A-B67C-336DE7F68A2C,10120,4,125.66666666666667,3,0.10820158102766798,20,0.7213438735177865,146,411,188.0,38.20095809768749,136.0799,-723.0,13.482463360894148,0.0,54.678934,-2.12575304714737,0.025496689301743886,0,1064,0
E4B22469-BD58-4ECA-86AE-79D306D83E7E,5563,2,0.0,0,0.0,0,0.0,-1,429,511.0,162.79931115829285,296.243,-3.383485,36.02501294008178,0.0,208.31001999999998,1.7316251256577573,0.3320682682462753,0,1064,0
63641D07-2034-4A57-8871-AAEB24E848FA,12751,2,329.0,1,0.028625205866206573,560,16.03011528507568,286,96,188.0,51.043189032854706,120.0,-66.7,12.940007691738154,0.0,68.0,-6.019886563718906,0.0103061420476751,0,1064,0
A9499AB9-2DA8-46C7-98EE-CB387B56CF5A,509,2,1.0,0,0.0,0,0.0,-1,405,678.0,83.10720244663769,300.0,0.0,69.9325533429983,0.0,114.21556,9.643165386695642,-0.1495448799635583,0,680,0
27FF59CA-C2BB-451E-9481-9E3A649EF76D,8720,8,69.42857142857143,3,0.12557339449541285,20,0.8371559633027523,58,45,415.0,178.50256077931076,361.0,-1.0,52.486342245436795,0.0,244.0,-21.551780591039147,-0.22973184248072026,0,1064,0
B1B22AA8-821E-4D5A-AE1C-317C4CB08AA1,3910,3,3.0,2,0.18670076726342713,81,7.561381074168798,344,369,452.0,75.77529923376053,216.3182,0.0,35.41365775450986,0.0,122.78038,-4.914776998729664,0.17921680494785322,0,1064,0
9AE14878-F871-4485-A8E4-6331F02F5038,2462,2,284.0,0,0.0,0,0.0,-1,85,302.0,47.668691547533776,147.4399,0.0,21.241420057138953,0.0,71.673928,-11.621063270258311,0.0033598666700337117,0,1064,0
43D48296-363B-493B-97E8-135A4D2D738D,6180,2,4.0,2,0.11812297734627833,54,3.1893203883495147,728,369,1247.0,191.55274643657668,588.363,0.0,95.83635361455529,0.0,328.80156,-58.07484877461681,-0.30852032181542005,0,1064,0
5DED95B0-E8F9-4EDA-8695-40B4917BA061,12751,1,0.0,0,0.0,0,0.0,-1,362,573.0,79.88642916668519,312.1284,0.0,48.44724496744774,0.0,156.0642,3.4773753333148107,0.2854336190784209,0,1064,0
D60B02FE-1AD7-4AFC-8112-59F271ABC336,5248,2,199.0,3,0.20865091463414634,12,0.8346036585365854,242,162,148.0,49.63428747626801,181.5361,0.01731228,9.429625796206157,0.20865091463414634,61.192268,-0.7075599245704751,-0.05515412059735708,0,1064,0
816653E7-90DE-4268-BEA5-5A35ED0BA3A9,208,4,107.0,6,10.528846153846153,510,894.9519230769231,203,27,226.0,34.93541145176364,237.0,0.0,18.09092975680532,8.774038461538462,54.0,-0.8915071307759845,0.00808450288783912,0,1064,0
AB7E6766-7227-46CA-98D5-764CA6CF4552,5039,5,111.5,3,0.21730502083746778,682,49.400674737051006,348,347,487.0,100.47522702536615,327.0,-1.26853,31.844817364284506,0.0,141.0,17.208337789448663,-0.07813944794293788,0,1064,0
0EBC7B84-5B08-4F34-AC76-BFE03BE79CE2,518,1,0.0,5,3.523166023166023,688,484.7876447876448,297,344,452.0,60.930876520249804,150.46,0.0,28.41331776836113,0.0,94.443207,-0.433361281669562,0.19225133465717772,0,597,0
BE7CE2C8-18C7-47F9-B010-505AAB63A382,9196,7,95.33333333333333,0,0.0,0,0.0,-1,14,452.0,134.32774366726358,294.0,0.0,40.057964901275874,0.0,186.0,-24.63414798825123,0.20886660675976773,0,1064,0
A44CC9FB-6BF6-42FA-A9DA-43CBD87F6A08,494,6,28.6,0,0.0,0,0.0,-1,314,226.0,17.24818855913922,65.4575,0.0,10.632062710788624,0.0,30.75437,0.033110125660162026,0.024099787143172933,0,527,0
52CEF3D7-B755-440E-914B-E90185699A93,3762,1,0.0,0,0.0,0,0.0,-1,306,90.0,16.84521066041227,44.06598,0.0,6.673643636981028,0.0,25.527189999999997,0.7618118697343377,-0.017403488972336376,0,1064,0
7788101C-D03E-4DE9-B82A-77ACA3BFE323,370,2,0.0,1,0.9864864864864864,8,7.891891891891891,238,297,402.0,20.99902137549015,162.0124,-21.7793,28.20278026062861,0.0,64.859336,16.922331614093185,-0.22201547297310442,0,800,0
F3B79ACA-9389-4CCD-8FEE-3534CBF7C147,393,3,55.5,0,0.0,0,0.0,-1,212,887.0,79.93875781805185,235.4648,0.0,49.353888219901144,0.0,147.33382,-5.5491305574037,0.2656068102350853,0,443,0
EA9B4423-F67A-4115-A93E-97EE9843D486,12751,5,31.25,1,0.028625205866206573,52,1.4885107050427417,230,279,264.0,106.76134555939272,214.1,0.0,36.63784080039253,0.0,154.1,-2.114401114562483,0.23462430201724813,0,1064,0
8BBD03B9-5906-43F7-8551-542DE32729E9,1556,2,1.0,1,0.23457583547557842,10,2.3457583547557843,954,276,452.0,108.00207522560014,253.4523,0.0,44.70358438992985,0.0,164.37738,-18.043023015029135,0.10470039539309373,0,1064,0
7F1776E8-6AE9-49D6-9A08-03CFAE0C5F35,5989,5,7.75,2,0.12189013190849891,16,0.9751210552679913,202,230,489.0,97.75398877267052,234.4173,0.0,30.119609937814268,0.0,136.86178,-6.684790966343371,0.20640823199301114,0,1064,0
68393A79-FE6B-4B86-AB40-6CE88137A76E,9839,3,146.0,3,0.11129179794694584,210,7.790425856286208,516,250,141.0,40.12668954156346,124.8,-2.296912,18.07811449743062,0.0,60.57,-4.606321486007907,0.0023769206760441736,0,1064,0
97DE8F48-CDF0-4327-9EAC-AB2B73FB697F,1251,1,0.0,0,0.0,0,0.0,-1,250,753.0,176.45933384747102,494.0,-14.515,56.187233150122154,0.0,261.2,-8.19301440302658,0.11357937994157849,0,1064,0
66C36BAE-71F9-4D8B-8D0F-1886931FC598,6150,5,68.25,6,0.35609756097560974,251,14.896747967479675,16,201,734.0,153.7583848766883,355.6895,-0.7,47.91764294756296,0.0,218.96905999999998,42.47489670487036,0.023659403450913646,0,1064,1
9BC821B2-CCB1-455D-934C-E0800CBD0CD5,6935,2,1.0,0,0.0,0,0.0,-1,246,801.0,238.52436167495603,427.07,0.43,48.499337236618565,0.0,303.05,9.810433078130387,0.5970007705567338,0,1064,0
DF4F2003-6EAF-45F7-8020-9013817C6D00,12751,5,139.75,0,0.0,0,0.0,-1,27,250.0,55.90780105830441,297.46,0.0,26.696537957165823,0.14312602933103288,88.5498,-12.531875132378481,0.0723695883807859,0,1064,0
DC78C785-DE0F-48D9-8170-6F5F1EDAC962,5542,2,229.0,2,0.1317214002165283,179,11.789065319379285,773,240,314.0,25.722068924951145,207.0,-26.6,28.232705094759172,0.0,75.0,-14.980710900259787,0.12993453695700394,0,1064,0
FDD9C72D-F18E-4907-8818-5B7D2032B7C5,6045,2,1.0,2,0.1207609594706369,45,2.7171215880893302,496,237,400.0,128.21942431304777,276.1907,0.0,35.06026074548571,0.0,172.1881,-12.682442430331719,0.13735276490571147,0,1064,0
CAAC2AF6-6F91-488C-8E1A-9807951C955C,6142,2,0.0,1,0.05942689677629437,6,0.3565613806577662,672,232,325.0,85.48134594129682,180.4,-71.23009,19.940139685614056,0.0,111.08,2.673279058703173,-0.03775934729033212,0,1064,0
7D6A66AC-8CED-4DCB-8189-AF743326D9B9,6966,7,81.83333333333333,1,0.05239735859890898,181,9.483921906402527,836,220,748.0,225.19449216519507,992.0,0.0,61.741053347852905,0.2619867929945449,301.3184,-7.762892501614857,0.32590880068279066,0,1064,0
BB67EE48-B027-4D81-83A2-3809F056824F,4926,4,69.0,2,0.14819326025172555,86,6.372310190824199,89,19,1734.0,460.8859273579641,1025.763,-146.1375,199.97803457161055,0.0,747.15874,-89.61651828389,2.0681150845689262,0,1064,0
25A7D8AB-326A-4464-90E9-F1A74466E9A5,907,3,76.0,16,6.438809261300992,1133,455.9481808158765,84,216,60.0,4.930465614902896,24.281,-0.498,5.64774885792297,0.0,12.338,1.592803212257599,-0.009302305382929905,0,1009,0
B34F4910-E39E-4D7A-8DB1-1F921964B5C5,4586,4,11.666666666666666,2,0.15918011338857393,70,5.571303968600088,426,215,226.0,36.955816639578586,163.4039,0.0,21.928612652445967,0.0,66.43958199999999,13.998816352551046,-0.36842354233908203,0,1064,0
FBB8FC67-8C01-467D-A12B-01B71AC82D42,5929,3,408.5,7,0.4309327036599764,394,24.255355034575814,267,3,269.0,104.30273941496142,224.9494,0.0,21.1342609617927,0.0,128.61628000000002,-4.158211113186724,0.03634412557250485,0,1064,1
125918EE-4CCE-4177-A086-BEEED0C2412B,12751,3,220.0,6,0.17175123519723945,425,12.165712493137795,78,194,259.0,115.99414809415254,385.3159,-152.0502,35.53404565983947,0.14312602933103288,159.3097,15.407758025523378,-0.11388063759022027,0,1064,0
49D98260-F113-459B-BD5D-136417B81C53,2498,1,0.0,1,0.14611689351481186,8,1.1689351481184949,722,183,472.0,118.96380975184142,457.0977,0.0,20.265580144799525,0.0,144.20748,-6.815394368353793,-0.1864885168489032,0,1064,0
B7C053D0-9734-48F1-B3A8-9114744DF765,6180,3,90.5,0,0.0,0,0.0,-1,166,1247.0,189.94747413467832,585.1356,0.0,95.12478877626926,0.0,326.3319,-56.09467006847461,-0.35396446534462805,0,1064,0
5E0193DC-45E4-4A39-A181-2527641BCA71,347,5,32.5,12,12.622478386167147,604,635.3314121037464,84,165,151.0,22.073480518904866,73.885,0.0,14.335918809330948,0.0,36.91,9.028411224922294,-0.006823154950571868,0,471,0
98B781DF-4CCB-40B5-87E9-FA0B8D3C4B20,2761,4,83.33333333333333,10,1.3219847881202462,1028,135.90003621876133,160,160,301.0,49.71627410964857,96.93604,0.0,12.208823118159959,0.0,65.84702,12.008082874919324,-0.14005876010762144,0,1064,0
41BEAA45-C12F-40F6-A19D-77FF8F50DC5D,1979,1,0.0,0,0.0,0,0.0,-1,158,265.0,59.56821100506512,174.7969,-3.227356,24.932529760432267,0.0,89.57894,-10.517396056376853,0.08017912496548714,0,1064,0
B730A01E-E8E9-4C5B-BD25-C42FD456A1E5,177,2,7.0,1,2.062146892655367,505,1041.3841807909605,16,149,803.0,73.76657056744186,810.0,0.0,62.66671277743546,4.124293785310734,148.29786000000004,55.399472606169226,-0.043067259369708184,0,288,0
7FBD9408-D2B6-41D7-8358-F38BB3ACA907,2837,2,309.0,0,0.0,0,0.0,-1,143,151.0,18.167209390982112,72.27811,-2.599853,3.775551786404758,0.0,22.98444,2.674675062027145,-0.011172361970920544,0,1064,0
B2E793B5-BA4A-4229-BCF3-2023FC784814,3651,2,1.0,2,0.19994522048753768,283,28.29224869898658,571,131,602.0,153.31844157582333,405.4499,0.0,30.92673473745594,0.0,193.75758,23.003532608590262,0.13873959850365158,0,1064,0
2B187E80-8A1A-4948-8BD0-A7153C49F0CB,1054,2,0.0,0,0.0,0,0.0,-1,131,250.0,27.200822691406277,94.83833,-6.040794,9.400159125239194,0.0,39.08141,-2.995209839631581,0.013054295115800772,0,1064,0
8EF84F38-2FDA-4126-939B-EB8D49676A85,6045,2,364.0,2,0.1207609594706369,111,6.702233250620348,495,126,400.0,129.8231589060986,278.1186,-58.86918,35.49118979202262,0.0,174.2422,-12.953134255635646,0.13925182782099968,0,1064,0
74F518BC-6301-4C64-A447-7F5D7D314F82,2348,2,1.0,8,1.243611584327087,526,81.76746166950596,239,124,452.0,193.57375650623825,346.9695,-36.44,39.65579437176177,0.0,245.80074,14.137076626477807,0.044154989744768405,0,1064,0
B3A5AEE1-A2D9-40D9-B866-178D0D703D27,500,4,30.333333333333332,1,0.7300000000000001,8,5.840000000000001,23,120,417.0,65.67392060326445,282.0468,0.0,61.302765034576915,0.0,171.11563000000007,7.820543390639884,0.1975268703939162,0,569,0
BD647A47-459B-4481-92BC-9F34D9044F0F,4002,1,0.0,0,0.0,0,0.0,-1,118,831.0,174.983986563752,369.0,0.0,78.43370848593432,0.0,261.0,21.59471707359367,0.31573205204670785,0,1064,0
E1C5CFB5-EFDF-4355-AF99-B7199F65F0AD,4814,3,326.5,0,0.0,0,0.0,-1,103,554.0,212.1558864627109,520.58,0.0,41.601386818844,0.0,268.0,8.389283290375516,0.06192180790473947,0,1064,0
CF125889-D248-461C-837E-0415B1E65984,3008,3,367.5,1,0.12134308510638298,7,0.8494015957446809,798,62,250.0,65.34550758120609,152.0,-1.470137,19.29741446916557,0.0,92.0,-6.43192733429251,-0.04386698403558074,0,1064,0
E647C5AD-F118-4F53-B710-2FC7C9BC8096,12751,1,0.0,0,0.0,0,0.0,-1,96,282.0,32.55033821983962,123.0,0.0,11.535908965682093,0.0,45.0,-3.6863721704569024,-0.012757347729287043,0,1064,0
3713DA25-75F6-46FF-BCB7-9797A7F289C6,2868,3,0.5,1,0.12726638772663876,7,0.8908647140864714,1006,92,887.0,66.73894363150704,206.4528,-88.0,27.153653070603188,0.0,104.2693,-23.557764028189133,0.17093942846775761,0,1064,0
67D91F7D-F058-4F09-85E7-9BFD07230C81,4113,2,812.0,4,0.3549720398735716,375,33.27862873814734,80,75,158.0,61.85290880663629,107.5,-27.07218,13.847536705042547,0.0,80.0,1.9362501439809918,-0.048208255020115755,0,1064,0
20641858-E610-4DD7-A517-032F5CF38EC3,5264,3,1.5,7,0.48537234042553196,127,8.806041033434651,184,70,251.0,52.09368743018144,118.2549,0.008972168,23.460533266457777,0.0,83.26454,-0.05629541529717841,-0.06000288278858289,0,1064,0
999B1355-80ED-477C-B0DB-57F491662D00,3041,4,148.33333333333334,5,0.6001315356790529,482,57.8526800394607,51,73,1246.0,284.9481217055553,827.0507,-10.67349,156.51463646789963,0.0,509.5861399999999,-36.73513349106457,-1.372607396576008,0,1064,0
CB2189DE-A08B-4576-B7CD-5F712979C65C,2180,2,438.0,2,0.3348623853211009,67,11.21788990825688,184,68,603.0,208.93971421235625,381.4936,0.0,35.342462949837376,0.0,251.265,-42.080929904485856,-0.365643764721361,0,1064,0
3F112FC8-560C-4F3B-88D4-6D4AD1717952,3665,2,321.0,2,0.19918144611186903,42,4.18281036834925,258,47,904.0,131.777432001281,409.9875,-3.17,60.726390717918235,0.0,216.9934,6.3000673598301375,0.023667887560287093,0,1064,0
C0961F9E-19D6-4D8E-AECE-8E15D1E4D786,12751,2,67.0,3,0.08587561759861972,61939,1773.016626146969,210,39,726.0,228.64667283196192,611.9,0.0,86.66736020903285,0.0,334.08,-15.61957252331996,-0.8531848582131905,0,1064,0
770C8A25-EB48-4D4C-88EF-91A1E00D3A27,12751,2,54.0,4,0.11450082346482629,219,6.26892008469924,421,36,261.0,49.380835989124684,542.9186,0.0,11.789638293529853,0.14312602933103288,64.24553999999999,5.416273760304328,-0.034555887917801016,0,1064,0
AA0510DC-5FB2-440A-B2E6-1959058E011B,2190,3,250.5,1,0.16666666666666666,8,1.3333333333333333,748,33,151.0,34.59964044815165,87.15195,0.0,7.975009850145135,0.0,43.765632,3.547870303377664,-0.04673000061294068,0,1064,0
3690E5CA-2090-4DA5-A805-327DE86B80CA,4471,2,0.0,6,0.4898233057481548,841,68.65690002236636,88,26,142.0,17.472516141777824,70.505,0.0,3.5468606347598,0.0,21.613097999999997,0.1973101844567431,0.0017862286779632218,0,1064,0
01F7288F-0F48-4BC6-A531-FA1A7629A20A,3714,4,33.666666666666664,1,0.09827679052234788,108,10.613893376413571,130,23,831.0,113.57705298492802,412.4885,-2.475639,58.750812359591144,0.0,181.99004000000002,-30.427304840770617,0.81310328323179,0,1064,0
3EB5027B-DB08-4931-8549-C2DAAF253F64,12751,5,124.25,2,0.057250411732413145,162,4.637283350325465,239,22,751.0,139.30584959087167,416.0889,-0.3444895,59.55761796419047,0.0,223.8281,2.903557515609805,-0.06579429341885458,0,1064,0
803A4BE4-7A83-4CC2-B52F-2328EDDD7381,177,3,69.5,0,0.0,0,0.0,-1,17,803.0,73.14441676951819,805.0,0.0,61.957391100641395,4.124293785310734,146.96378,54.36190753071331,-0.061578532055351666,0,288,0
63EFD9D9-EEBA-49B7-9A49-02D344868BE3,18,1,0.0,0,0.0,0,0.0,-1,15,1039.0,13.072361307725402,422.9305,0.0,42.50922937934604,0.0,43.00198,3.330060824836327,0.8440349607625521,0,114,0
4F727414-F7E6-4B01-869D-C6717BCED803,4370,2,733.0,5,0.41762013729977115,270,22.55148741418764,336,0,452.0,165.8877013109016,354.092,-0.4808291,61.00912567779117,0.0,247.48621999999995,-61.36278826869251,0.07844897656683691,0,1064,0
FD954650-C53A-46A6-BFD1-D91E4B9651E9,12751,0,0.0,1,0.028625205866206573,12,0.3435024703944789,67,0,489.0,104.50658768128255,186.0,0.0,23.995667042903982,0.0,135.0,12.359770343408798,-0.1763140625501369,0,1064,0
8A0188AC-39B0-4F80-9F94-B06A743028BB,4416,3,98.5,1,0.08265398550724638,15,1.2398097826086956,779,147,451.0,129.44551403508478,278.9171,0.0,35.60943352346548,0.0,173.90382,-13.290254531998372,0.1390969897562862,0,1064,0
9809289C-CDFF-429C-AF50-CDE2FD3210F2,9427,5,238.0,4,0.15487429723135673,159,6.15625331494643,188,39,266.0,114.03884495206101,233.0409,0.0,36.30592686048943,0.0,145.32546,-50.26604812644373,-1.8190401060717536,0,1064,0
A84C30F4-9736-4403-AA25-3BED51DC5A2B,8250,2,108.0,1,0.04424242424242424,185,8.184848484848485,338,20,375.0,122.31200363382067,230.78,-18.7,33.079895321020025,0.0,157.53,-6.980850856042878,-0.0443117257275686,0,1064,0
C13CA763-0AA5-493F-BB21-60C6094CEAC1,12751,3,346.0,1,0.028625205866206573,118,3.3777742922123757,894,355,326.0,100.50672327028924,264.1347,0.0,52.53180566123705,0.0,152.5391,-51.184046488807766,0.0548950592627581,0,1064,0
E5881D0A-9BDC-49AC-A85E-FF64CD676A2F,2829,3,291.5,0,0.0,0,0.0,-1,456,452.0,69.7721330977014,262.1021,0.0,40.58905196452698,0.0,126.09641999999997,-9.459125666374227,-0.07394579266365058,0,1064,0
D8094B5F-F4A1-4926-8E0B-288E2BADD0DD,3894,5,145.5,4,0.37493579866461224,352,32.994350282485875,239,455,452.0,28.589888521003353,171.2718,-3.533,21.60364048673191,0.0,55.920832,15.940129330771342,0.12223552970156093,0,1064,0
21DB4D85-15F5-41AC-932D-D07DA4E0A08E,6011,4,149.66666666666666,2,0.12144401929795375,14,0.8501081350856763,160,577,489.0,122.1944712902024,388.0,-307.6875,37.02759516543877,0.0,170.0,2.7014392036247585,0.006951075349833768,0,1064,0
CD2CC60C-A7FC-4B36-917D-175D718DDD25,12751,5,242.5,5,0.14312602933103288,220,6.297545290565446,559,50,739.0,269.36406273503826,585.0,0.0,92.23665103447642,0.0,391.0,-109.32216458689012,0.13778798708559467,0,1064,0
5F483BB0-26D4-4780-B11A-39CEC912ABA2,12751,1,0.0,5,0.14312602933103288,1036,29.65571327739001,245,965,264.0,111.30971054605344,707.68,0.0,23.078810968502598,0.14312602933103288,141.39178,-2.614654836948489,-0.23239329012109208,0,1064,0
E3D46CDE-05B2-4898-8487-DF6FECFD428C,5090,3,432.0,1,0.07170923379174853,48,3.4420432220039294,1017,96,452.0,127.02730524093668,291.0,-13.8214,37.40611340332555,0.0,177.0,15.788666981285544,0.27941704051242594,0,1064,0
8E608B9D-7222-4821-B0AA-9FD27A832275,6918,1,0.0,0,0.0,0,0.0,-1,942,600.0,182.95321844706453,474.6093,-11.4,50.62034154689528,0.0,250.9765,0.06297439552807305,-0.17909847749169452,0,1064,0
D39AC5D9-A1B3-41E7-8AE8-2D9B3351878B,8995,1,0.0,1,0.0405780989438577,73,2.962201222901612,319,941,271.0,22.00098553619834,159.9827,0.0,10.998770074868746,0.0,37.108176,-1.5416502253187083,0.028929724092405254,0,1064,0
2913AA43-DAB3-4727-97D2-C38B86F71128,1080,2,12.0,5,1.6898148148148149,136,45.96296296296297,629,914,624.0,27.39255249067036,473.1488,0.0,29.444156460609896,0.0,68.0,27.16686252861976,0.044606442115003316,0,1064,0
C505FE32-41AA-4382-8989-6883FD0BA9F6,3657,1,0.0,1,0.09980858627290129,5,0.49904293136450645,789,920,1039.0,227.79947489716162,470.1715,0.0,42.048878721308874,0.0,281.92267999999996,-9.951874997470242,0.36376739115578205,0,1064,0
8C4FBEC2-F1A5-4336-883A-E15C18D81F97,1391,1,0.0,1,0.26240115025161753,375,98.40043134435658,836,916,624.0,106.14738468632152,264.0076,0.0,62.99404471066806,0.0,197.7692,-67.63070195429991,0.05546612407466719,0,1064,0
8BB51D34-33B4-430E-B693-6CCC2F22F5B9,1121,2,227.0,3,0.9768064228367529,452,147.1721677074041,836,684,602.0,17.618729230427366,138.0,-4.628,18.580583230750307,0.0,43.0,-11.325750835365639,0.08194284388104368,0,1064,0
5B838E1C-3993-4E59-A9EC-FF210637E797,930,1,0.0,0,0.0,0,0.0,-1,893,482.0,90.01092970935055,252.4308,0.0,66.96874794588037,0.0,189.09362,-39.08927005232894,0.5682215410128687,0,1064,0
7EBA0E3D-E744-4672-BD7B-86F0F3BF8B56,12751,2,882.0,1,0.028625205866206573,58,1.6602619402399812,194,9,452.0,105.29026478527126,232.0,0.0,30.545942136172886,0.0,146.0,2.075398794975655,0.4649836170902782,0,1064,0
7EE4A26C-1EB5-4987-A73A-90C17F51FB24,5311,3,344.5,1,0.06872528713989833,69,4.742044812652985,872,179,768.0,87.85678921872857,259.3,0.0,29.268393064927828,0.0,130.2,8.482400596086237,-0.24013492177828363,0,1064,0
94B0146D-48B4-491F-933B-B7D9DF0E074E,3591,2,0.0,0,0.0,0,0.0,-1,849,452.0,41.45755913226846,188.7297,-1.55999,30.634855859655374,0.0,83.72038599999999,8.818053893503148,-0.08819932165830453,0,1064,0
3748EB92-5990-48E4-B964-9F2F1ECE202A,12751,3,51.0,1,0.028625205866206573,337,9.646694376911615,836,744,269.0,39.236365666707414,515.1967,-1.818,51.25321883265831,0.14312602933103288,114.5,-38.63798603707779,0.00046383184023578405,0,1064,0
0929FEE4-99CA-4E47-9961-7725857D46B1,969,2,256.0,27,10.170278637770899,24396,9189.411764705883,23,588,301.0,49.386778043651596,138.3514,0.0,27.259915904043012,0.0,80.4615,24.58001381360149,0.0075085955186931,0,1064,1
A2377B8D-B5A5-4125-8875-F7B199E6A415,3015,1,0.0,1,0.12106135986733002,5,0.6053067993366501,505,845,451.0,59.585880384557576,238.4,0.0,61.67707441936902,0.0,169.0,-42.88888964381684,-0.08706647597098982,0,1064,0
BA7B92C9-C317-4FDE-98AB-7CA26DEF0FB2,6280,1,0.0,0,0.0,0,0.0,-1,831,312.0,55.25374656100443,129.0,0.0,20.134849444639414,0.0,82.0,-18.730752733843936,0.15003121098623798,0,1064,0
6085C67E-1F01-449C-B43B-43ED266AB867,12751,5,193.0,2,0.057250411732413145,356,10.19057328836954,83,57,314.0,34.445643763808185,109.1,-32.26303,19.756941689828352,0.0,60.1,-0.6154894428205253,0.2649374751340824,0,1064,0
8ABC2B43-ED95-4E5B-9E70-40FFCFC10E0B,8892,1,0.0,1,0.04104813315339631,1801,73.92768780926676,296,796,314.0,48.718811530844995,237.111,0.0,27.81369417808833,0.0,88.0,-7.827530666647462,0.1444710252294183,0,1064,1
33C64837-862E-4D62-8B39-E659102BE80F,3071,2,758.0,1,0.11885379355258874,4,0.47541517421035495,99,33,250.0,65.91017731214912,222.0,-18.8,18.99244551810098,0.0,92.0,-4.657322373877513,-0.1020492356167163,0,1064,0
CDE3BF80-45A8-4454-A382-5832C64A3A3B,12751,6,150.8,2,0.057250411732413145,28,0.8015057642537841,483,25,188.0,19.5123839398851,90.0,-15.67459,14.218307971529605,0.0,40.0,-5.64286233494683,0.1564866833125192,0,1064,0
50407294-CFB1-4B51-9BAC-CA1E4E222106,1926,2,1.0,1,0.18951194184839043,235,44.535306334371754,836,726,602.0,51.568441425396045,205.364,-2.102661,11.309859354886344,0.0,63.13127,5.426159860869397,0.13782498233144547,0,1064,0
FF43581C-077D-46BB-8122-361C7B35518C,1259,2,587.0,1,0.28991262907069104,2,0.5798252581413821,264,137,452.0,100.21569346905044,174.8959,-9.599999,19.754096907324218,0.0,129.10708,-14.411233850223269,-0.1552881324021232,0,1064,0
C8D30CC8-EE14-4099-A3EA-204972D0D165,1702,4,109.33333333333333,4,0.8578143360752056,442,94.78848413631022,718,386,831.0,235.31392960746894,20482050.0,0.0,52361.930856754785,0.2144535840188014,126.13194,-141.28035885052446,0.29455721852998834,1,1064,0
13510E1A-9690-4369-9442-4DA1C4ADBEEB,5828,1,0.0,0,0.0,0,0.0,-1,711,209.0,53.52000518603723,113.21,0.0,13.20390276712475,0.0,71.68,2.1992131781603064,0.03696105886409426,0,1064,0
7A0D8C02-A584-4215-9DBC-2D8329900CC6,12751,6,131.4,3,0.08587561759861972,59,1.6888871461061878,236,102,789.0,168.3249341208362,584.03,0.0,98.50137267674644,0.0,293.93,10.394253379163814,-0.5287117699717951,0,1064,1
9DA0A802-E704-4C2F-AC5C-FBA1233EAD9A,9298,3,305.5,1,0.03925575392557539,846,33.21036782103678,244,66,820.0,224.17173710882508,946.0,0.0,88.33227137758647,0.03925575392557539,323.0,-143.1995920470967,-2.4043713101299367,0,1064,0
C8DCBAAC-E4EA-4EE4-8FD3-2B32C4D6C764,4663,5,90.0,2,0.15655157623847307,23,1.8003431267424403,391,310,150.0,45.77531103805709,101.558,0.0,15.546215499621026,0.0,65.2732,2.8652405977453768,-0.03874591593388727,0,1064,0
E46BEB47-635B-4F8C-B788-9549B07FB1BD,2960,7,69.5,7,0.8631756756756757,533,65.72466216216216,293,252,450.0,103.32966538132243,363.6,-19.8818,49.3572203007685,0.0,167.15399999999994,1.1479225816405432,0.302789187508201,0,1064,0
8361C020-2620-4529-B0A0-03C216F6FA9E,3500,3,283.5,1,0.10428571428571429,198,20.64857142857143,707,104,831.0,170.6545087133203,363.2014,0.0,75.30400146501097,0.0,252.4011,19.874422371787745,0.29466806876752344,0,1064,0
78B3EBC8-F56B-4BB3-A5F7-2706B151DA0D,3630,1,0.0,1,0.10055096418732783,15,1.5082644628099173,369,628,451.0,163.05723354520046,408.9703,0.0,89.13289579953712,0.0,280.8144,24.316685039058797,-0.7307792070921965,0,1064,0
307666EB-D13B-45F5-AE71-0625CA7FFA8D,12751,5,88.75,3,0.08587561759861972,322,9.217316288918516,365,285,301.0,50.140211886175145,252.7,0.0,17.81634988599562,0.0,73.8,1.7680288548742382,0.029922509848673506,0,1064,0
C2BB26A4-687B-4185-8F3F-1387DB51C500,4442,1,0.0,0,0.0,0,0.0,-1,593,538.0,87.58347511878542,281.0,0.0,26.822377505516368,0.0,121.0,1.9393643873874282,0.3763733977216402,0,1064,0
37269223-9280-4724-8C43-59E4154D0EB4,3866,2,197.0,3,0.28323848939472324,67,6.325659596482152,391,567,150.0,45.48152630995313,100.6699,0.0,15.230405836869581,0.0,64.77708799999999,2.6912925944450166,-0.03853410073030533,0,1064,0
3AF39594-F1F2-41DD-8019-F6DC70309A84,2167,2,1.0,3,0.5053068758652515,350,58.952468850946005,655,558,831.0,180.3645236976674,449.3375,0.0,68.17981396505733,0.0,271.43628,-21.66658382961188,0.5534535649798877,0,1064,0
26245C96-2CD6-40BA-8241-3769DFA5D8BD,712,1,0.0,1,0.5126404494382023,4,2.0505617977528092,102,533,602.5,63.25460728902665,273.6766,-124.1082,62.948294064062566,0.0,164.69895999999997,116.46742451035603,0.028887427714953826,0,1064,0
BEDECAEF-22CF-4F6B-A9D9-03809C319826,669,4,179.0,7,3.8191330343796714,960,523.7668161434977,38,39,452.0,98.98459348966011,299.0,-0.2568916,48.60624081884792,0.0,145.0,30.24488200108064,0.22865088106430526,0,800,0
1EAE67FA-5497-4F17-BD60-E50D2108D271,3477,4,129.33333333333334,0,0.0,0,0.0,-1,526,452.0,46.367742652296954,166.0,-22.6,13.739943348907833,0.0,64.0,6.806254261283293,-0.11422940875193593,0,1064,0
47385182-ECF8-458B-B139-DD5CC20E28E6,8836,3,10.0,3,0.12392485287460389,203,8.38558171118153,82,519,271.0,80.98064942413092,255.6026,0.0,42.440017843525226,0.0,138.26969999999997,29.774578864680805,-0.17419783927925378,0,1064,0
E7E3043D-F19C-4229-92BD-9AAE6F2042B6,8388,2,1.0,3,0.1305436337625179,303,13.184907010014307,39,488,301.0,57.18197371994744,240.4425,0.0,23.527638683116784,0.0,87.3,-4.399018468944355,4.303799589371398e-05,0,1064,0
6A97A554-D7C2-4618-A10A-D667E7BD57BA,3833,4,46.666666666666664,3,0.28567701539264284,624,59.420819201669715,345,340,371.0,68.57328376796487,150.0,-2.972473,28.43413071993213,0.0,105.0,1.2950032690721685,-0.07432999272893764,0,1064,0
552C4C96-F16B-47E5-9B2D-3230736F71DF,2371,2,0.0,0,0.0,0,0.0,-1,478,452.0,109.20132660597228,281.0,-13.6,42.567420358557484,0.0,164.0,-5.5589654948611695,0.01920716092054898,0,1064,0
D67E77B7-40F0-4C8E-A09B-FD42FCDD03F1,1717,3,121.5,3,0.6377402446126966,383,81.4181712288876,836,474,831.0,27.645844990496514,86.12652,0.0778044,15.593211795070228,0.0,50.43155199999999,13.6412880739325,0.017388008445733898,0,1064,0
5583101A-4AF5-483C-B8D1-A32F4E33B8D5,12751,3,99.0,3,0.08587561759861972,241,6.898674613755785,475,267,269.0,53.56706438949199,143.9,0.0,21.851576606276033,0.0,78.4,27.01306678334751,-0.2965914916337183,0,1064,0
FAF71C56-C66C-4B45-A802-D78BB4F6E1EB,12751,1,0.0,2,0.057250411732413145,456,13.053093874990198,1,462,264.0,73.42223929039848,156.0,-496.0,18.32866002529388,0.0,98.25,7.007274598490412,0.0455357142856365,0,1064,0
32C858E9-875B-43D7-992D-62985F5ADA2F,4111,2,0.0,0,0.0,0,0.0,-1,446,301.0,27.94721547955322,101.1027,-34.14572,13.976197025769627,0.0,46.881215999999995,-1.7384344239976635,0.059786648433139855,0,1064,0
CD150240-E82B-43BB-80F7-CB70234FFF5F,5129,3,129.0,0,0.0,0,0.0,-1,250,188.0,24.673401922068926,98.0,0.0,9.941258847354348,0.0,38.0,-4.61838648997016,0.0015192204798760945,0,1064,0
95BA4402-942E-49AD-8E3B-7C16BF60F656,12751,5,115.0,6,0.17175123519723945,1253,35.867382950356834,182,75,225.999,30.46715755056958,111.5699,0.0,33.83575107403924,0.0,74.3319,29.04132755282548,-0.22920303642203047,0,1064,0
97C338DC-7669-4BA4-8B57-DF87ED9B047E,2963,2,0.0,1,0.12318596017549781,307,37.81808977387783,836,413,602.0,80.90594569290947,239.6476,0.03456794,41.94829003542901,0.0,149.11527999999998,48.63699026388066,0.11937167060621796,0,1064,0
0EC04EA5-F77E-4D6D-8583-EE00C9E5B9D0,2819,2,0.0,0,0.0,0,0.0,-1,404,748.0,94.5746667122746,405.0395,0.0,36.97212661149669,0.0,140.15318,28.42506009405254,-0.4353427124229095,0,1064,1
EE6A50AE-34AB-4577-A6B8-DE0A643921BD,5113,2,90.0,0,0.0,0,0.0,-1,404,188.0,18.597671759834515,100.0,0.0,9.081059766711721,0.0,32.0,-7.060634722797479,-0.04732957429587974,0,1064,0
DB233991-1F7F-4264-B67A-2B8477FECCE1,12751,3,156.0,0,0.0,0,0.0,-1,77,266.0,118.86628808420528,258.9601,-31.4528,61.94443348288789,0.0,185.52,1.306899404992265,-1.3950051357233781,0,1064,0
5F90C0FB-7BDD-44DB-A6D2-AF1B38DFFC84,12751,1,0.0,4,0.11450082346482629,14,0.40075288212689203,116,369,488.0,56.575918063930416,203.3936,-37.1265,58.05548092037972,0.0,160.0708,-40.421268433745226,-0.0818255349867346,0,1064,0
8E086990-00A0-45D9-A1AC-9A79E3A11D21,411,3,56.5,1,0.8880778588807786,34,30.194647201946474,372,236,1246.0,238.42130265459778,1003.679,0.0,195.45872559176897,0.0,537.47942,91.8924423392294,-2.3315154959144158,0,464,0
2F6DA7D1-915A-4335-B0EF-1B35C34A0E1F,2417,2,61.0,0,0.0,0,0.0,-1,258,301.0,48.81552498313804,108.6,-6.236812,12.589615615035795,0.0,66.60001,-1.5758682578294056,0.09521181085109208,0,1064,0
41E5118C-A42B-4BDE-AB32-9C3566EDAA39,12751,5,43.5,0,0.0,0,0.0,-1,312,432.0,115.81902193559772,211.23,0.0,23.52933355889434,0.0,145.51,-10.820341380042166,-0.023310133166978348,0,1064,0
1F9A92EA-F9E2-498F-AAD3-AD6DBB1E865E,5647,2,1.0,1,0.0646360899592704,27,1.745174428900301,911,309,131.0,28.45909729620213,232.6,0.0,17.65622464639955,0.0646360899592704,49.5,-0.1438195184243547,0.013718771864812877,0,1064,0
857F915F-1C2B-47F1-A172-492B94761B5B,425,3,79.0,0,0.0,0,0.0,-1,265,603.0,81.53592418292396,314.9013,-14.18723,86.28376673626002,0.0,203.67296000000002,80.64087715272416,-0.0990392866181917,0,800,0
F6E0DA25-85FB-4E53-BC0D-EE9B432BC47F,393,3,35.5,0,0.0,0,0.0,-1,214,887.0,80.12042177764336,235.3271,0.0,49.33465343151856,0.0,147.54072,-5.765298977566189,0.2654687009302676,0,443,0
D4F6F205-A6A6-4F9D-8BCA-2F2E629CAB34,3122,3,360.0,2,0.2338244714926329,46,5.377962844330557,58,279,451.0,104.4475704196399,275.1525,-28.45106,60.88885393076743,0.0,191.43622,-14.513303957063513,-0.20344423858016006,0,1064,0
42D1D8CB-80FB-4477-992F-5B36682F7037,3220,4,123.0,1,0.11335403726708075,6,0.6801242236024845,265,265,1040.0,161.04042706227818,531.1835,-1.288677,77.80062848042759,0.0,268.50368,-60.780416843065225,0.1912451272607645,0,1064,0
E4EFA749-DE05-4CE0-B294-FACEAF47AD4B,2735,4,242.0,2,0.26691042047531993,86,11.477148080438756,418,244,361.0,70.80330848449417,225.7917,-31.30568,33.66463383810577,0.0,115.0707,4.775157089579906,-0.008234199192703335,0,1064,0
ABFFDC0D-9FB7-4D3B-BD20-B94AB1BC7402,2679,1,0.0,1,0.1362448674878686,203,27.65770810003733,836,243,301.0,88.08062498543204,1047.416,0.0,18.18470364032417,0.1362448674878686,113.75478,0.020287648055614227,0.10537262449002574,0,1064,0
C23B93D1-6D8D-440E-911A-D6D9192CC4D2,4512,3,249.5,2,0.16179078014184395,24,1.9414893617021276,239,239,803.0,91.2997510951133,284.79,0.0,51.31301499449417,0.0,165.9,23.67459998513361,0.24539435538442705,0,1064,0
4F62C8AA-4BDA-4961-B66F-9BFCA812D0F7,894,1,0.0,0,0.0,0,0.0,-1,232,250.0,23.100003677995122,82.53806,0.0,13.08215824697564,0.0,38.37492999999999,0.5902566491653687,-0.00029922344553304534,0,1064,0
3851D4EC-7685-4C83-A34B-CDA4C8243E2D,7212,3,93.5,0,0.0,0,0.0,-1,44,798.0,115.85848536226935,380.9532,0.0,63.57793039533015,0.0,207.21939999999998,-44.576744903050226,0.14287346065241094,0,1064,0
98A71AE0-3C28-4381-A1BF-3523AFCFD83D,5728,1,0.0,6,0.3823324022346369,411,26.189769553072626,166,229,391.0,147.89710968708556,283.3233,0.0,44.37036944703387,0.0,214.88559999999998,-14.731480823659638,0.21895990433935092,0,1064,0
8F9C870E-251F-4857-81C1-D587DEF9AE60,1188,3,93.5,2,0.6144781144781145,135,41.47727272727273,216,29,452.0,105.05560512108791,240.1837,-0.3500977,29.513439381452695,0.0,145.7824,-14.128176067075572,0.017020549735133866,0,1064,0
06B483A0-1832-4A94-BA54-4BA71368635F,392,1,0.0,0,0.0,0,0.0,-1,217,678.0,30.949879292191675,124.4909,0.0,15.961791207658253,0.0,50.26802899999999,2.8524742834256074,-0.025837179886210645,0,443,0
E49AEB5A-C1B2-4A2F-9519-C650809EBE04,4359,2,558.0,2,0.16746960311998163,327,27.381280110116997,120,210,126.0,52.12296301594321,134.4155,0.006354059,23.318443674021385,4.354209681119523,79.58395399999999,17.570960468431778,0.2414500703332432,0,1064,0
000D19AE-90F4-4E04-AE7D-E5CF952562D1,12751,3,100.5,2,0.057250411732413145,7,0.20037644106344601,828,6,156.0,31.486396009703547,61.54682,0.0,9.407225855008202,0.0,43.934698,-0.6230444682529281,0.03165103542767583,0,1064,0
EF58576A-4576-43DD-887F-CC0B3A5E04FD,4443,2,1.0,8,0.6572135944181859,116,9.529597119063695,106,201,301.0,43.37460570222185,101.9544,0.0,13.247659922131554,0.0,60.400501999999996,2.174216610355309,-0.058283545804683826,0,1064,0
FE858CB0-C9EA-45C7-AE2C-E2BFBE6BB351,2498,1,0.0,0,0.0,0,0.0,-1,184,472.0,119.81529489938367,457.1287,0.0,20.425608134215338,0.0,145.25278,-6.940539799846633,-0.18602474932616508,0,1064,0
50B4237B-C3AC-48AE-8E9A-D392D1A2B753,8517,7,107.0,5,0.2142773276975461,248,10.628155453798286,240,115,251.0,93.45132383930148,186.9,-36.933,23.246404241912312,0.0,122.0,7.9307440619330976,0.067871022028231,0,1064,0
D8706D99-4904-41E9-9C7E-17063B75A4E5,12751,3,153.5,5,0.14312602933103288,3072,87.9366324209866,836,173,171.0,19.148828778693787,86.30524,0.0,4.91183935518935,0.0,25.317,5.207948864901891,0.11620028684467039,0,1064,0
1D499149-57AC-4248-B6E0-06E8AAB47AD4,6690,2,1.0,9,0.4910313901345291,610,33.28101644245142,21,159,271.0,87.54360100015032,156.9,-21.76611,25.90036815342243,0.0,118.4,-16.130082481631803,-0.0076327438687690576,0,1064,0
BE12FD01-7810-404E-A4AC-D3C4E35D4411,12751,3,116.0,5,0.14312602933103288,148,4.236530468198573,380,148,199.0,62.137648940898124,239.5522,0.0,20.58372758613149,0.14312602933103288,88.0,2.0725362442870576,0.33469632739291094,0,1064,0
662BF047-B6C0-4A85-8580-647D11D6390E,7932,6,111.8,5,0.23008068582955118,778,35.800554715078164,246,124,157.0,40.40099122711612,451.8761,-18.30736,10.584915034432232,0.8743066061522945,53.089614,4.464716934535112,0.02566074478069119,0,1064,0
45F6B4E0-1554-446A-8FC5-19241EF68471,2349,2,0.0,8,1.2430821626223925,797,123.84206045125586,239,117,452.0,195.1984113400694,326.8742,0.0,39.97560364536463,0.0,247.80592,14.201658937708373,0.04409986400906863,0,1064,0
16D976FF-3466-4459-A793-C8E92BE70270,7051,2,1.0,1,0.05176570699191604,28,1.4494397957736491,145,103,377.0,119.5577195779188,211.5007,0.0,20.871926791329802,0.0,148.10634,6.05388138118613,0.29853959801782204,0,1064,0
917651D5-EB52-470C-9071-6CC2D91D9F57,2264,3,0.5,0,0.0,0,0.0,-1,91,452.0,92.35530400569908,182.0,0.0,22.97206231037634,0.0,122.0,7.733353401708328,-0.07668625070320594,0,1064,0
5FF4882C-FDA4-4E16-9B33-337133325796,2468,1,0.0,2,0.29578606158833065,525,77.6438411669368,603,90,1039.0,172.45033748716727,492.4461,0.0,110.96472540746431,0.0,328.80154,13.50842767726175,-1.309081374086256,0,1064,0
8855687A-DBD5-4C17-AA82-2D9C378569D9,3561,3,23.5,0,0.0,0,0.0,-1,27,630.0,161.33650393392853,531.78,0.3159409,37.43870402494323,0.0,209.90562,0.6095598518894008,-0.0032050099387969165,0,1064,1
06B0E02E-A74C-4F9F-945B-0397916C946A,4177,1,0.0,2,0.17476657888436678,1959,171.18386401723725,364,73,452.0,116.29225483463175,304.6803,0.0,82.40953467161889,0.0,231.65511999999998,11.707737598007128,-1.099155071403762,0,1064,0
B4F2A313-F31F-44D8-A8CB-AD58324CC2F6,5468,2,90.0,1,0.06675201170446232,38,2.5365764447695685,166,46,490.0,143.79922652120493,702.0,0.0,47.03886672205701,0.06675201170446232,204.71799999999988,-4.445621693272841,0.25783856322384635,0,1064,0
753CCF25-D9A0-46CF-99E4-DE76429A20A6,5320,7,45.833333333333336,6,0.4116541353383459,135,9.262218045112782,237,43,301.0,99.42690596235116,240.25,-31.86622,17.411935994644818,0.0,125.6156,14.35220746417076,0.030320227684443684,0,1064,1
672B6ADA-B729-4284-A6B4-39D5B4F69203,64,2,1.0,0,0.0,0,0.0,-1,40,416.0,42.24206074795649,175.299,0.0,45.157809606666454,0.0,109.7174,10.791933883987959,0.7056308945943052,0,114,1
BF5709D0-85AF-4054-9BA6-4847386CD54A,1094,2,1.0,16,5.338208409506398,419566,139983.1718464351,140,31,451.0,65.01866965419293,354.92,0.0,50.314855897715276,0.0,134.25,0.437367395961374,0.061240763657890065,0,1064,0
09B55CF9-E0DB-4D5A-8A18-E83FD35C5802,1285,3,0.5,1,0.2840466926070039,11,3.124513618677043,28,28,452.0,43.583586516812304,513.7,0.0,26.792949055566023,1.4202334630350195,82.174608,-6.990960758170331,0.4486674377501862,0,1064,0
237221B0-4D26-443E-A990-4A458A0E1B0E,1650,2,618.0,2,0.4424242424242424,17,3.7606060606060603,835,9,452.0,40.71106302172449,84.46326,-224.1681,11.054794322240658,0.0,55.57168,2.7429035917014275,-0.33218493957821604,0,1064,0
C1D9855E-7BD2-4741-9672-99A92F1509BB,12751,4,154.33333333333334,2,0.057250411732413145,32,0.9160065877186103,9,9,301.0,111.55435755468703,218.77,-26.85544,30.32404487895218,0.0,148.18,3.710566056424071,-0.06337322794778139,0,1064,0
52BDF23D-D520-45A5-BAF7-3AE0588B443A,3672,0,0.0,2,0.19880174291938996,699,69.48120915032679,396,0,312.0,39.63871976814786,112.2864,0.0,19.6720834126686,0.0,64.483406,16.359993153148437,-0.06261820683400579,0,1064,0
EAB87D4F-8510-48D3-9851-A3E73A5F1D61,12751,3,49.0,1,0.028625205866206573,34,0.9732569994510235,468,500,269.0,104.75661324515875,211.27,0.0,25.024399270703338,0.0,137.56,2.2319932363227366,-0.014326759590907552,0,1064,0
30B29AA4-275A-4F18-9FC0-A0EBB7060768,1038,3,88.0,0,0.0,0,0.0,-1,24,415.0,80.08517181734105,1024.0,0.0,47.973884997466556,1.758188824662813,147.6486,5.576086259433637,-0.6860751742272106,0,1064,0
1CE56AEA-BF03-4F9A-95FC-818D504DE34A,2476,2,356.0,0,0.0,0,0.0,-1,650,602.0,189.92319867474515,351.7194,0.005063998,36.79697172518886,0.0,236.48782,-16.534193766566148,0.30441188791639207,0,1064,0
BF3AEF5D-C6F4-4B6E-AB23-E20259719D21,2014,4,206.0,2,0.36246276067527305,1683,305.0124131082423,555,358,1662.0,343.7667492336952,940.0,-23.0,120.58167933510869,0.0,487.0,-43.93742824604084,-0.5498804150492652,0,1064,0
7FD4D90D-20B0-48CB-BA23-936982304829,5063,4,288.6666666666667,1,0.072091645269603,164,11.823029824214892,20,74,682.0,161.90371396804,324.1945,0.08881455,37.84257034764375,0.0,211.80986,2.2007013536421027,-0.004408102217591132,0,1064,1
5B3AB9AD-02B9-4E85-92E0-C124E60EB941,957,4,278.3333333333333,2,0.7628004179728317,79,30.130616509926856,93,92,302.0,48.998548533809206,205.927,-445.4993,34.294743017528354,0.0,97.43580000000003,25.36441442915376,0.06065636784141104,0,968,0
1ACDD6C6-89CD-4DE8-8308-D72D65051964,1436,2,322.0,3,0.7625348189415042,516,131.15598885793872,102,593,151.0,8.34753278680714,26.46654,-2.454,5.664658702793417,0.0,16.222694,6.759966555785452,0.035353166737535684,0,1064,0
233D30A4-11C2-4F96-BAE3-0183124C3A60,950,2,196.0,1,0.38421052631578945,9,3.457894736842105,782,719,452.0,113.09555029749978,241.0,0.0,41.00099365721875,0.0,167.0,-6.757973137005962,0.0010635172151026307,0,958,0
91149E01-0E5E-4D04-96C3-98C024D00242,1636,1,0.0,1,0.22310513447432764,91,20.302567237163814,836,901,250.0,41.14229278593135,235.9262,-0.1003746,9.030552116192561,0.0,51.19566,0.9463134470933383,0.013352755486462716,0,1064,0
336DA11F-9E69-4F24-A98B-05D713991A6B,1073,1,0.0,0,0.0,0,0.0,-1,896,250.0,39.240893609403486,724.9043,-1.598337,18.653567584779776,0.3401677539608574,64.01348999999999,4.715086862664421,0.26635979734634924,0,1064,0
0426A25C-3A1D-4759-AB6B-27D5F04588AC,914,3,101.0,3,1.198030634573304,34,13.577680525164112,98,680,250.0,43.776920747854675,300.0,-2.883911,21.394286815562058,0.399343544857768,66.0,3.653249005231743,0.026318921403147816,0,1064,0
B6EBB536-F394-4378-99FB-5EE0CD3D886A,12751,2,757.0,1,0.028625205866206573,707,20.23802054740805,957,101,472.0,143.30756856884324,265.1184,0.0,42.311982378784734,0.0,187.8296,-61.93274499168274,2.1800858992388354,0,1064,0
1D2EA738-97F5-413A-BA15-7C99BC5120C3,12751,3,144.5,4,0.11450082346482629,223,6.383420908164066,196,540,128.0,16.24253099008542,311.5034,0.0,6.412369650258462,0.14312602933103288,24.0,5.268001417321987,0.0003483797725173604,0,1064,0
9B56DC62-22B0-46D6-9480-9DD877B4CE56,12751,3,338.0,0,0.0,0,0.0,-1,140,452.0,2.1357977982902745,214.4088,0.0,8.535477460102504,0.0,0.0,12.55485131751991,-0.12298986424785285,0,1064,0
8E599CFF-1A47-4F5D-8C3D-4D9DE9F29F6C,1438,1,0.0,1,0.25382475660639775,507,128.68915159944368,836,804,209.0,28.23266942594718,246.1852,0.0,7.776401984960792,1.2691237830319888,38.861812,8.756732586398506,0.006103956082791192,0,1064,0
51C9901A-7D43-453E-AF50-3B8251DA3D54,900,1,0.0,0,0.0,0,0.0,-1,786,831.0,116.31465541662439,233.7652,0.0,28.569658053955543,0.0,152.261,-25.054670878815756,0.17687567078403535,0,891,0
F240884B-62D1-45A4-93F4-EDD499BEF2A2,948,2,668.0,1,0.3850210970464135,87,33.49683544303797,409,109,1663.0,513.9360118926468,1261.672,-4.021505,275.12797825552155,0.0,846.95554,182.56821919014646,-2.094747966088541,0,1064,0
19F215C0-9EEA-489E-94E9-E5C8410E8D75,879,1,0.0,0,0.0,0,0.0,-1,765,887.0,31.605252299841606,99.308,0.0,12.108087148793638,0.0,47.092,-3.182998904779879,0.03858249372348004,0,891,1
A237E64F-3AAA-48A5-A4E6-A71866DDF30E,781,1,0.0,2,0.9346991037131881,28,13.085787451984634,723,761,661.0,154.09682502317008,478.5409,0.0,49.53729114435291,0.0,208.59725999999998,4.188361674360777,-0.16528609350507634,0,800,0
88FBCAD3-5D91-4ACF-BEF1-4552774DC1B7,35,3,295.5,1,10.428571428571429,24,250.2857142857143,356,165,602.0,103.43897886129393,262.08,0.0,45.98314988003513,0.0,153.96,-39.66077511206553,2.4206134239521355,0,1064,0
E4F0D14F-8944-4C02-BC15-E8EC2E96B87F,1438,1,0.0,3,0.7614742698191933,622,157.8789986091794,836,748,1040.0,193.8402525893587,375.7616,0.0,32.313022588845406,0.0,235.41134,33.018490180703026,0.14706867894620312,0,1064,0
B9F60663-A5FA-4DFD-8B23-69C9C962CFBD,4079,1,0.0,1,0.08948271635204708,11,0.9843098798725178,48,731,451.0,52.68147108266288,865.83,0.0,29.39399793151564,0.08948271635204708,93.75,11.047839174281563,-0.03251489504711995,0,1064,0
329ECA34-1A6C-404D-A263-A4FE82BE2DDA,1259,1,0.0,2,0.5798252581413821,74,21.453534551231137,167,723,452.0,99.69402815826203,173.6115,-5.0,19.533350424992005,0.0,128.13425999999998,-14.213574500083027,-0.1541803381528349,0,1064,0
30A862C5-7497-4067-8931-549953D91397,788,4,214.0,3,1.3895939086294415,192,88.93401015228426,159,76,452.0,134.22714665391473,543.8719,0.0,28.99914347799387,0.4631979695431472,163.51051999999999,4.114360657813677,-0.006446151236224518,0,800,0
758E6981-F6AE-4472-A222-EF7502F0AF06,12751,4,189.33333333333334,3,0.08587561759861972,2259,64.66434005176065,381,145,281.0,80.98263305437007,180.65,-16.19285,25.308434395166383,0.0,110.53,13.833282840691666,0.14219329604012734,0,1064,0
9F783F39-6CA6-4323-87AC-FC4F7CA6184B,848,2,7.0,3,1.2912735849056605,290,124.82311320754718,729,713,832.0,182.27702214215358,661.2498,-4.788715,143.8738802922232,0.0,389.0746,57.60514559766125,-2.5297661258750455,0,989,0
AFF3BDD3-24C5-4873-9A1F-5E095330A78F,3812,1,0.0,1,0.09575026232948583,28,2.6810073452256034,260,695,630.0,167.98049436038875,302.0,0.0,33.33408907786422,0.0,211.0,-10.528333866561582,0.2749363204417984,0,1064,0
EABD1DC0-2B36-4163-8546-FDA15DE785C8,5386,3,0.5,2,0.13553657630894914,38,2.5751949498700335,372,674,225.999,66.64264202209681,174.679,-189.028,15.139347363168083,0.0,84.63135,-3.266386230430129,-0.24150734939963267,0,1064,0
F2B54665-CE9B-4376-9E79-3189E65F7032,6595,2,0.0,0,0.0,0,0.0,-1,667,377.0,59.681953953200825,201.9065,0.0,27.757202828120757,0.0,97.338864,-27.51220132920391,0.10033012113158331,0,1064,0
49903CB2-EDF7-4F70-98B8-E9C744BCE113,12751,2,1.0,1,0.028625205866206573,3,0.08587561759861972,176,660,452.0,103.35622877384695,227.0,0.0,29.476323820951077,0.0,143.0,2.3320428310913144,0.45470222661225457,0,1064,0
A7D4AA4D-5547-40F0-9CEE-A67E752A87A0,12751,3,313.5,1,0.028625205866206573,9,0.2576268527958592,779,21,313.0,49.91110341402681,175.5,0.0,17.662065480985337,0.0,73.3,1.8648919565750433,0.028489839838717442,0,1064,0
DCE85A26-44E7-4A58-88F2-42C2F116CDFF,1391,1,0.0,0,0.0,0,0.0,-1,629,452.0,56.49179144990752,263.7538,0.0,30.035139337854968,0.0,96.274606,10.752028287360993,0.5747568265435319,0,1064,0
13DF5815-4243-46F0-8103-8D9B28746CC4,3071,3,67.0,1,0.11885379355258874,7,0.8319765548681212,669,607,554.0,73.5731284388296,320.0,-26.9935,48.92899052572841,0.0,145.0,13.467689462404962,0.5558661220177471,0,1064,0
15E070C7-6367-4FE4-9C7E-EA228076BB92,2159,1,0.0,0,0.0,0,0.0,-1,599,0.0,127.73894795631551,1338.5,0.0,39.52695420570318,0.0,171.5133,13.58137669337583,-0.011690046577673845,0,730,0
67DB43A7-C55F-4065-8527-A93E6160DE6B,2217,4,174.0,4,0.6585475868290482,61,10.042850699142987,146,40,188.0,38.25993434010236,142.0074,0.009983522,13.222287235596575,0.0,55.072046,-2.9593036942912576,0.030179551924928737,0,1064,0
A68AACA3-3F7D-43AF-9946-EE67D1A379A2,3673,1,0.0,1,0.09937380887557855,198,19.676014157364552,836,547,301.0,90.42502584509205,162.0,-35.88287,21.736500587653897,0.0,121.5,-3.2747943636105674,0.20137534126290849,0,1064,0
763B8726-F3DA-4386-A9DC-DD1ABFD5005B,1717,2,0.0,1,0.21258008153756552,353,75.04076878276064,836,537,831.0,27.39954660697223,136.8802,0.0,15.31411223155977,0.0,49.50315,13.252499901669744,0.019621166740711026,0,1064,0
8DDC5086-1AC5-4E69-9E58-5B0798DF3901,3658,2,15.0,3,0.29934390377255327,148,14.76763258611263,469,526,301.0,81.7999956156511,256.2762,-3.605957,42.58257517487231,0.0,139.28158,29.512367934606672,-0.17751471221272425,0,1064,0
A3CB7B3F-267E-40FA-BC84-02F007DABDD2,12751,3,78.5,0,0.0,0,0.0,-1,368,424.0,149.28708144071842,305.83,-122.23,42.38059516364692,0.0,205.99,-41.77993174936039,-0.26900798223843797,0,1064,0
AB491B85-112D-44AC-A2B8-8AC3F712907A,3737,1,0.0,3,0.293015788065293,203,19.827401659084828,770,482,831.0,219.52777039754295,721.7,0.0,143.19087823222827,0.0,406.3,16.38919719512677,-1.9776915016905676,0,1064,0
135779A2-0D81-4211-ADD9-341969F51C72,8734,4,69.0,4,0.16716281199908403,985,41.163842454774446,415,462,432.0,108.01409741573916,309.34,0.0,22.896867831520524,0.0,139.5,6.453854744754679,-0.019441120988986548,0,1064,0
7BA18F7B-A213-4052-9481-787037F7ECE4,12751,6,121.8,2,0.057250411732413145,327,9.36044231824955,475,143,269.0,52.911988756730075,189.4,0.0,22.592804811530016,0.0,77.3,-43.36806128759427,0.5227369348296447,0,1064,0
E4ADD619-7565-47CB-86F1-6ACA2B1B7CC4,12751,7,31.0,4,0.11450082346482629,183,5.238412673515803,335,276,289.0,36.60998743488861,200.44,0.0,19.517093328013814,0.0,63.7,-3.5776780213083654,-0.04956219503554409,0,1064,0
82A393EE-D05A-402D-8465-3B3BE32802E7,7808,2,141.0,1,0.04674692622950819,187,8.741675204918032,586,446,678.0,117.21198266696229,406.3499,0.0,58.778876714699045,0.0,200.89239999999998,41.77983004137104,0.09393908522528174,0,1064,0
71631192-5D15-4D93-9FAB-AC9917F9BC53,4663,2,1.0,3,0.23482736435770962,65,5.087926227750375,391,442,150.0,45.68746746227296,99.9804,0.0,15.480714639472643,0.0,65.076,2.813568216739384,-0.039251049695256855,0,1064,0
213BC80D-6102-4D6D-8B7A-6B9D2B84DE55,676,1,0.0,3,1.6198224852071006,144,77.75147928994083,63,443,452.0,78.03496958470112,225.9679,0.0,50.39636363959675,0.0,145.13720000000004,22.28388359801494,-0.17023551677458085,0,800,0
5DF86EBE-48A5-457C-8F61-0851605E4394,8706,2,238.0,4,0.1677004364805881,55,2.3058810016080864,198,199,314.0,64.90238776493885,185.0,0.0,22.112963316995135,0.0,95.0,-9.96380751802527,0.2505029198848995,0,1064,1
E2BF7BB2-56C6-46BA-AF3A-50184DECF8B7,3449,2,272.0,4,0.4233111046680197,488,51.6439547694984,523,153,100.0,38.13682251277393,70.01427,-0.22,8.604903189451205,0.0,49.460734,6.678526395405086,-0.041279912276023414,0,1064,0
DFA17F76-9611-49C6-8262-CC3BE7A37BF1,3855,2,7.0,2,0.1893644617380026,162,15.33852140077821,664,424,831.0,115.64736031527971,246.3542,0.0,33.38929668009421,0.0,158.0965,-3.5104023091068655,0.4989573339368884,0,1064,0
8F662221-D026-4BB2-8615-77455C45AD9F,488,2,256.0,0,0.0,0,0.0,-1,141,452.0,18.656254027586975,141.3391,-11.1,22.50960938655236,0.0,51.53472,16.499703119558085,0.24442145654473765,0,1064,0
AC0839C9-0CE9-4AAC-9784-E5A103ADB818,4222,2,1.0,1,0.08645191852202748,3345,289.1816674561819,63,395,259.0,36.75075973582908,228.8226,0.0,20.51529221735119,0.0,63.75,-7.987063748174759,0.07910241547879326,0,1064,0
A834C603-B611-4CB0-8CB0-33298C75F137,2616,2,0.0,0,0.0,0,0.0,-1,377,452.0,153.90653124613254,354.5573,0.0,61.92811857111757,0.0,233.23702,10.9883634645156,-0.20556835006156424,0,1064,0
4B5682E6-FE5B-4FB3-B395-BD970311A60B,4829,4,0.0,1,0.07558500724787741,14,1.0581901014702837,243,372,452.0,104.09541488775024,270.0,-27.47813,24.13329631953378,0.0,132.0,1.8902332603979062,0.06145648982717302,0,1064,0
A5194BF0-97F6-4E87-8875-7A1A3CF7F22E,3910,3,3.0,1,0.09335038363171357,18,1.6803069053708442,807,369,452.0,76.69683508132961,218.3913,0.0,35.72539584618138,0.0,124.10558,-4.94996920347468,0.1805235728786772,0,1064,0
08EB17B0-6627-4B7C-9618-BF11DE6D95C7,2417,3,32.0,0,0.0,0,0.0,-1,255,301.0,48.64918770116466,151.2,0.0,12.540343543523303,0.0,66.3,-1.74719291258441,0.09425340907195101,0,1064,0
713C5599-A6BC-4392-A658-4006DB5B9B50,9706,2,0.0,1,0.03760560478054811,8,0.3008448382443849,317,317,295.0,85.98641331703779,234.5654,0.0,19.766116669422583,0.0,111.12,1.8401592138263965,-0.04400549564884259,0,1064,0
A1FC7D15-7B15-4289-9817-CB7434B9ED25,2788,2,1.0,2,0.2618364418938307,72,9.426111908177905,587,310,452.0,74.01158380446778,205.8768,0.0,30.42081080784731,0.0,114.12666,-8.522328101998639,0.0966191003525215,0,1064,0
8FA4B4A4-0EB6-4083-8003-B209A1BDDEA2,2813,3,47.0,0,0.0,0,0.0,-1,195,150.0,48.081802954703385,120.0192,-35.70796,14.100354425866714,0.0,66.585078,-2.339227057172522,0.12177298921742227,0,1064,0
0169A51B-10B3-4672-BA04-98689DC352F2,3554,2,344.0,0,0.0,0,0.0,-1,276,624.0,123.25348289659952,335.4211,-7.736378,73.33483866525188,0.0,220.40141999999994,-21.36481723070446,-0.4776834975175314,0,1064,0
9D6EEFAA-F031-4CFD-AD6C-BF47868D8F23,9718,3,126.5,1,0.037559168553200246,50,1.8779584276600123,468,275,301.0,105.25963674465872,234.0829,0.0,25.119421266315282,0.0,137.79,1.6885353232425189,-0.010710770762840872,0,1064,0
99260EB7-3218-433D-897E-9FA6F7362196,1894,1,0.0,2,0.38542766631467795,307,59.16314677930306,262,252,734.0,161.95434346625956,99999.0,0.05578987,444.76360829478585,0.5781414994720169,227.25645999999998,41.227991562289844,0.026902335639664477,1,1064,0
83636987-57D4-4726-A764-982C4DF82A4A,1702,3,164.0,4,0.8578143360752056,475,101.86545240893066,112,238,602.0,81.2594106036325,180.4356,-150.9444,13.701959375174333,0.0,99.606068,4.237403722756383,0.006458481870681664,0,1064,0
755EAB3D-8720-49E6-9610-D737FDFF7467,392,1,0.0,0,0.0,0,0.0,-1,218,678.0,30.97069265605656,80.31113,0.0,15.957094775549137,0.0,50.28004,2.876639346258255,-0.025811401325871425,0,443,0
AFF299B1-0349-45C4-9D74-9ABA3BCA105B,4458,7,19.666666666666668,3,0.2456258411843876,112,9.170031404217138,99,99,256.0,77.43418274980883,270.0,0.0,47.15434743453882,0.08187528039479587,144.0,35.432329595870186,-0.35291977061652413,0,1064,0
9DFB9A62-BA5C-47A6-93DD-FA0CE49F59FF,12751,1,0.0,2,0.057250411732413145,10,0.28625205866206577,561,175,77.0,21.334563511450977,82.43401,0.0,14.358583058853105,0.17175123519723945,42.268451999999996,4.4521935837496365,-0.14245861765128456,0,1064,0
92318A20-6162-48D2-8FF9-E096F80EC4CA,4437,4,22.666666666666668,1,0.08226279017354068,5,0.41131395086770345,414,89,301.0,62.02158438583593,174.1286,0.0,33.11130782441376,0.0,105.17078,13.866202997814547,-0.2378351284756956,0,1064,0
9F234378-BB89-424B-9F5F-F8F3CA3AA034,2549,1,0.0,0,0.0,0,0.0,-1,145,250.0,62.06919155202049,152.0,0.0,19.56446043579956,0.0,91.0,-1.382926119921727,0.012080023596821116,0,1064,0
472BAB2C-F259-4641-8F8E-46C47F0CB1CF,1430,3,220.0,3,0.7657342657342657,680,173.56643356643357,132,44,302.0,71.3333535813525,225.0,0.0,16.564265422718325,0.0,93.738024,13.633722751980827,-0.05264160543262523,0,1064,0
83150C52-35D0-44C9-9112-C284CF0A5784,3932,3,13.0,1,0.09282807731434385,67,6.219481180061038,550,101,831.0,107.87506862261205,227.9445,0.0,22.125329491588307,0.0,132.40698,10.262563031708936,0.42241386780022666,0,1064,0
34C2D473-F269-45FE-8525-7DA4878EE20B,152,1,0.0,0,0.0,0,0.0,-1,121,678.0,25.988651639971142,600.23,0.0,33.04112365295535,0.0,73.36807,22.02516529359367,0.13013669682198473,0,309,0
BAE54530-1896-49C6-897D-732E3D6A4D95,3729,2,677.0,2,0.19576293912577097,261,25.547063555913113,462,121,80.0,22.26866766050573,129.6846,0.0,4.010743261520123,0.48940734781442746,27.1981,1.0067948365621717,0.0009521219102042861,0,1064,0
FF9ABA08-F1C2-4CDE-88E4-71135C87F91B,10097,2,521.0,1,0.036149351292463106,109,3.9402792908784785,624,114,416.0,150.89220597035433,281.0807,0.0,41.8208093092504,0.0,198.1768,2.055886083349378,0.13535852609955878,0,1064,0
4C0BDC14-DD24-425C-BBFD-65BCEB0AC073,3507,2,0.0,1,0.10407755916737951,208,21.64813230681494,836,103,452.0,114.22805550841576,242.8603,0.02987746,19.58296923829269,0.0,138.22874,9.450855897448434,-0.10317501140756807,0,1064,0
F32771BC-4602-4639-A49B-CF672F1FC57A,4494,2,196.0,0,0.0,0,0.0,-1,82,804.0,187.78406960492003,397.5,-29.99943,31.77319594271027,0.0,232.5,-6.37839830862373,-0.04486107681349121,0,1064,0
75328D3F-EE47-4DFD-A2DE-AF4860737775,1446,2,1.0,2,0.5048409405255878,348,87.84232365145229,836,68,90.0,2.059158315044645,323.1117,-33.58037,2.107798875321064,1.2621023513139695,4.0,0.5266914534766509,0.009510994784355076,0,1064,0
E81CD061-8C64-41ED-AF9E-C14F199512D7,5472,3,23.5,2,0.133406432748538,30,2.00109649122807,618,2,804.0,135.8355418765939,439.765,0.0,43.5493670727854,0.0,184.08652,-0.8493415077667521,-0.006773664778133592,0,1064,0
575C9142-8228-4CC8-907A-34C0AA53DFF2,669,2,538.0,7,3.8191330343796714,960,523.7668161434977,38,40,452.0,100.05997109384916,292.0,-704.6049,49.40308652622785,0.0,145.0,30.288563047354558,0.22724781467808075,0,800,0
36C742A4-0795-4B0F-A7E1-87D9DCA1F8C9,8491,1,0.0,0,0.0,0,0.0,-1,38,251.0,71.73497912130883,361.3678,0.0,13.269703135802612,0.08597338358261689,89.631152,-6.900043791061918,0.08532289380484599,0,1064,0
1CAC6153-2470-47FA-A448-30C82F04D4C4,1188,3,95.5,0,0.0,0,0.0,-1,28,452.0,104.63196767389725,238.2195,0.0,29.251270296588334,0.0,144.95427999999998,-13.863931509545395,0.01612767748124358,0,1064,0
976E238F-CDA8-440B-BC0F-90D22D4ECBA1,10169,3,101.5,1,0.03589340151440653,7,0.2512538106008457,902,13,156.0,26.852877708399877,239.01,0.0,6.453010069632202,0.17946700757203263,35.340358,-0.25483282291376597,0.005991616314363219,0,1064,0
3DEE382B-B84C-4B12-88B7-0C7584E1BD7A,12751,4,240.33333333333334,2,0.057250411732413145,411,11.764959611010902,356,11,538.0,83.33240832549492,164.428,0.0,25.528424212234466,0.0,115.03701999999998,-7.458471516852953,-0.4513803884179578,0,1064,0
E345B333-A917-4E07-B06F-69340FD89087,2364,0,0.0,1,0.15439932318104907,366,56.51015228426396,836,0,416.0,60.139779205912795,114.4351,-29.88103,15.874857899409413,0.0,80.30545599999999,-10.137843414724522,0.0018308907718343,0,1064,0
FB16BEB4-78CA-4B11-85AA-16C4F7B384FD,5141,0,0.0,0,0.0,0,0.0,-1,0,753.0,195.56341364741482,498.7553,-8.3,57.60174985294454,0.0,270.8178,-24.395224376581467,0.8810039023809415,0,1064,0
21E6288E-F54E-4B81-A4F3-0B50E6D52145,12751,3,76.5,1,0.028625205866206573,239556,6857.339816484982,311,635,678.0,109.10215228322888,544.0449,0.0,75.70348760155288,0.0,210.0586,96.723766697481,-1.6884543221542392,0,1064,0
442DE724-EAD0-4E68-B96E-5F5071214095,4065,1,0.0,1,0.0897908979089791,304,27.296432964329643,836,776,504.0,16.29853928279752,202.6,0.0,31.597385994039605,0.0,66.1,-16.29853928279752,0.0,0,1064,0
B8A60FBD-CDC6-4EAB-88E6-E4A10168F69E,1341,1,0.0,0,0.0,0,0.0,-1,769,887.0,92.37302834262289,209.3543,-18.56,26.88314027973746,0.0,129.85255999999998,7.725060070185748,0.14754952225174492,0,1064,0
E554C17B-1BE0-4A75-A4EC-344359693CE6,8217,1,0.0,4,0.17768041864427409,83,3.6868686868686873,664,744,489.0,107.02326426633404,348.2184,0.0,43.148701969578134,0.0,164.96,-10.923329393185881,-0.2431171279556586,0,1064,0
D930D9DF-F1CB-48D3-B922-F791DC37BDC9,727,2,85.0,1,0.5020632737276479,12,6.024759284731775,336,635,542.4,158.40719819814808,322.3049,0.0,76.07743057125259,0.0,250.48804,-29.725309676543134,0.11066820165943388,0,800,0
E8C1B437-90CA-425C-AE12-9D21EF47DB8E,12751,3,21.0,1,0.028625205866206573,126,3.6067759391420284,836,719,269.0,106.68148017888069,218.28,-35.37552,27.476085658161942,0.0,146.46,-16.36364247363379,-0.1672691730461509,0,1064,0
D3FB5DCE-F33B-4FD3-91AF-CEA0446341CF,12751,2,334.0,8,0.22900164692965258,719,20.581523017802528,359,377,138.0,27.735474239505383,193.259,0.0,5.972767554616209,0.14312602933103288,35.2,-0.8883137472214351,0.15895176815494352,0,1064,0
90A13DCB-D4A2-4B76-BAA5-79CC692D6B82,6589,1,0.0,2,0.11079071179238124,387,21.438002731825772,243,671,138.0,15.550171968902076,62.94376,0.0,3.2299963878382933,0.0,19.75561,1.8555499831812572,-0.002705374407409139,0,1064,0
5CD63272-9719-4D60-84D8-2041F64F5A46,2824,3,182.0,1,0.12924929178470254,66,8.530453257790368,908,278,301.0,74.92908430592063,151.326,0.0,27.51856672704276,0.0,109.22994,1.8116644426904855,0.19235978784216967,0,1064,0
E22D3F3A-FA23-47A2-8C2F-C52A5BAF8653,12751,1,0.0,2,0.057250411732413145,20,0.5725041173241315,250,621,188.0,33.07770314036221,138.4107,0.0,10.116858577822079,0.0,46.242452,-1.48303166659678,0.0348587596376489,0,1064,0
5AAAA079-9B8F-4E03-8799-8BFD262DA47A,2159,1,0.0,0,0.0,0,0.0,-1,600,0.0,74.85003116000954,173.9432,-679.58,25.49924992321866,0.0,104.95453000000002,21.532587245083064,0.22163148718683442,0,730,0
B2E9766F-804A-44A5-ACA7-AF88F98CCCC9,1440,1,0.0,2,0.5069444444444444,432,109.5,462,538,301.0,38.96939845939729,419.0932,-56.45736,22.658903177192148,1.2673611111111112,68.667706,9.200488372392833,-0.025831320790680123,0,1064,0
30CB4D98-4210-4B66-AAF8-8AD83F64C821,3537,1,0.0,1,0.1031947978512864,134,13.828102912072378,908,481,831.0,206.29555668590717,715.0,0.0,132.51728738502268,0.0,381.4,7.844775104216268,-1.9140780583339692,0,1064,0
90390E04-CE6D-4CFB-9991-61729D467616,4203,1,0.0,6,0.5210563882940757,364,31.610754223173924,239,481,452.0,198.14825282503415,538.0,0.0,40.77203430979507,0.1736854627646919,252.0,14.409926187311527,0.04623375999759472,0,1064,0
2504F7E4-B16E-4820-A3C8-990EA331CE7D,2371,1,0.0,1,0.1539434837621257,2,0.3078869675242514,136,476,452.0,109.965417268491,283.0,-17.1,42.76114434079518,0.0,165.0,-5.586250601824332,0.018406364754579067,0,1064,0
1571A9B6-264E-4927-A936-09BC7C62B46C,4082,2,432.0,1,0.0894169524742773,196,17.525722684958353,471,41,624.0,141.79984053683816,497.7,0.0,82.12895115535638,0.0,254.5,-8.247980968936929,-0.24458205288275545,0,1064,0
542358FF-AC42-4DFB-8750-AB5B18AD23A6,6178,1,0.0,0,0.0,0,0.0,-1,473,380.0,78.31043416314287,184.1,0.0,20.726713461806337,0.0,106.4,-9.023088484130525,0.04620259474185564,0,1064,0
55FC5510-5348-4FD2-B755-C17BB5DDE25F,12751,2,115.0,5,0.14312602933103288,126,3.6067759391420284,213,458,84.0,24.989705218715482,120.2,-164.3568,14.675015036073251,0.057250411732413145,38.9,12.066537065235135,0.01797372675178216,0,1064,0
00B6496F-EAFA-4096-B929-2089B745186C,600,2,264.0,2,1.2166666666666668,29,17.64166666666667,37,188,151.0,29.77235600990673,107.0,0.0,20.426473747273622,0.0,56.0,8.23420263206858,-0.2632308858432931,0,660,0
FD7E9A32-A7EB-4B3A-B2CB-B5EB87374171,1550,1,0.0,1,0.23548387096774193,39,9.183870967741935,743,414,1247.0,120.83512854519489,478.5198,0.009231586,55.154831158464475,0.0,194.44084,-5.145400208863109,-0.5820995841808368,0,1064,0
9C75526F-F996-4B7C-B82F-8AB30EBC0F6F,12751,2,364.0,1,0.028625205866206573,26,0.7442553525213709,258,47,375.0,70.91090235668301,273.6572,-234.05,34.112872980859215,0.0,114.5508,13.455787687144152,-0.07486947754349574,0,1064,0
6FEFA82C-5808-4D65-B94C-14C208CA49EE,12751,1,0.0,2,0.057250411732413145,250,7.156301466551644,440,410,1370.0,435.48609178926455,871.06,0.0,120.77605257025571,0.0,607.45,-15.214020030005315,1.9980777124973366,0,1064,0
A80E1052-90E2-4B3A-804C-17865D1BA07E,514,2,1.0,0,0.0,0,0.0,-1,407,678.0,83.89275865967784,300.0,0.0,69.57341093875955,0.0,114.53040000000001,9.236808403593756,-0.14894326021283147,0,680,0
56C99268-1D8D-4C94-A10D-F12C55F78A8C,567,1,0.0,3,1.9312169312169314,7958,5122.8747795414465,391,396,301.0,27.875453632462296,1391.821,0.0,28.17600157863115,3.2186948853615522,65.13214,27.427479007275352,-0.16464984262426471,0,891,0
8525D1B3-BF24-4075-AC3E-8D9DDC54BF57,6035,2,0.0,1,0.060480530240265125,20,1.2096106048053026,69,383,1386.0,332.6630149642173,1002.0,0.0,136.35518316258128,0.0,513.0,-15.246811260513596,-1.2379035134656746,0,1064,0
1FACDCB4-5269-425C-BB15-58C8C0541010,5248,2,199.0,0,0.0,0,0.0,-1,161,148.0,49.27854193725065,93.78883,0.0138089,9.370817168440947,0.0,60.805384000000004,-0.7647808485160894,-0.054871914431073206,0,1064,0
75360B96-86FA-4D7B-BFB7-431A3C4D9D0D,530,1,0.0,0,0.0,0,0.0,-1,349,603.0,95.00051155623095,506.0982,-0.6175378,105.83847150578116,0.0,262.95526000000007,72.9703806269481,1.158977698820729,0,800,0
11922B9E-E038-4CE8-ABE1-37C22C1B28DF,4848,2,0.0,0,0.0,0,0.0,-1,278,497.0,73.13175214205886,201.0,0.0,36.94393242509142,0.0,126.0,-12.05420584576256,0.20407337668568626,0,1064,0
218C0101-E229-4D72-80D3-15A4C3F9552B,1556,2,0.0,1,0.23457583547557842,10,2.3457583547557843,954,273,452.0,108.2714263728725,261.7181,-30.61999,44.85248296622891,0.0,164.82389999999998,-18.069994942085458,0.10557178121336089,0,1064,0
A48A293C-6D20-4654-AC4F-CB3318781CF8,2742,1,0.0,0,0.0,0,0.0,-1,247,151.0,35.573329966315264,233.75,0.0,6.656266470241283,0.6655725747629467,44.0,-2.4934688552041493,0.029624999428338697,0,1064,0
F9BCC417-ED7C-4E4C-AC1A-C1735F2A828E,6237,3,69.0,4,0.23408690075356742,322,18.84399551066218,422,103,158.0,27.264366989745568,81.0,0.0,14.663449793096762,0.0,48.0,9.09203733124209,-0.07958464236558065,0,1064,0
AE68AC8E-69DC-4AD3-8551-EBB9F9D71F93,12751,1,0.0,6,0.17175123519723945,397,11.36420672888401,232,226,200.0,29.03318814513291,116.8477,0.03515625,11.304865479144778,0.0,43.60547,-3.6625450090989595,-0.029886275191007203,0,1064,0
1B81C6A7-3250-408D-B086-33D52FB8FBA9,2648,2,0.0,1,0.13783987915407855,273,37.630287009063444,836,215,301.0,105.73030130792056,226.605,0.0,19.637689401766917,0.0,132.8853,13.766078989147331,0.15036776261861837,0,1064,0
CA7373A4-A59E-4483-870E-E081AA484ECB,393,1,0.0,0,0.0,0,0.0,-1,213,887.0,80.46829199000784,236.6321,0.0,49.61130077755384,0.0,148.26237,-5.830745550733155,0.26672090305764556,0,443,0
2585C2EA-7C0D-4139-B72C-17F06D171433,2670,1,0.0,1,0.13670411985018727,454,62.06367041198502,836,197,1039.0,176.72182371138706,534.4375,0.1717913,113.52676509998481,0.0,337.01534,16.34926635813457,-1.5629580692858471,0,1064,0
BB0BB08A-AC4C-4A36-88A5-19B50961CE00,2549,1,0.0,0,0.0,0,0.0,-1,194,250.0,68.78360434300392,153.0,0.0,19.389595815742602,0.0,96.0,-7.290162984979226,0.01207207794280806,0,1064,0
E7CE180B-AFE6-4AFA-9BFD-1BA15069FE42,340,2,15.0,1,1.0735294117647058,3,3.2205882352941178,7,174,451.0,37.88663915063911,131.158,0.0,33.51774396260039,0.0,80.571512,33.8564552862436,0.23938832160857612,0,555,1
2736960A-0787-412A-B145-142AD19DDEBC,5821,2,0.0,0,0.0,0,0.0,-1,173,209.0,53.63326161548165,167.61,-18.3,13.335129597264205,0.0,71.87,2.3501820573578485,0.0374333508251516,0,1064,0
2B419C55-B2F6-4719-A5FA-17C2C73242FB,4002,1,0.0,1,0.09120439780109946,221,20.15617191404298,836,158,416.0,68.13429455390929,246.0,0.0,43.924086488327596,0.0,126.0,11.720798095782072,-0.7097594331228414,0,1064,0
8ED1FE13-8DE2-430D-80C1-1C4495111195,12751,1,0.0,2,0.057250411732413145,29,0.8301309701199906,25,107,313.0,37.10483311221056,167.0,0.0,14.107880684196594,0.0,55.0,-5.948351630729075,-0.025853328943248745,0,1064,0
9A7C329D-C7F7-4E67-832D-F4A87B19C8AC,1259,1,0.0,1,0.28991262907069104,52,15.075456711675933,836,97,624.0,246.78527516557412,574.6124,-5.16,52.86816488783223,0.0,308.00084,-7.510795348444503,0.1644847006881347,0,1064,0
C217F203-006F-4BDA-97DF-1589479D3ABF,2469,1,0.0,1,0.1478331308221952,41,6.061158363710004,796,75,497.0,76.22787584881739,241.4,0.0,26.579975490591536,0.0,110.0,-3.0497894290643046,0.01572027639436497,0,1064,0
5EC7437A-A15B-4E3F-A4C6-D452BC4F5234,343,1,0.0,0,0.0,0,0.0,-1,48,301.0,79.59244728853986,204.708,0.0,51.48402750028858,0.0,137.4286,36.9719151397009,0.17675440335502185,0,429,0
1BE54786-C0DB-4CC4-A60E-96CC5B590B71,6764,2,21.0,0,0.0,0,0.0,-1,5,734.0,122.22740832550144,618.18,0.0,56.00490176080257,0.0,198.0,8.701758341165231,-0.21495846537995345,0,1064,0
7A839D99-FC0A-4EE0-846C-9F9063724C66,1629,0,0.0,2,0.4481276856967465,288,64.5303867403315,80,0,301.0,124.4638677716052,219.8574,0.0,20.44100465295839,0.0,149.58242,-21.511980694444702,0.4106194551406998,0,1064,0
3EFAEA8A-BCCD-489D-BCC0-821E6C29F878,18,1,0.0,0,0.0,0,0.0,-1,12,1039.0,13.986653010816791,422.0871,0.0,45.19144143928839,0.0,44.25843,3.573287663488763,0.9106717267601282,0,114,1
7B1D74D4-00DA-4932-BBF7-2D1DA8F93BE4,3946,1,0.0,1,0.09249873289406994,40,3.699949315762798,836,769,567.0,67.93325245367859,239.8,-122.4365,30.007031381651476,0.0,107.9,28.95937871916091,0.28445519680062437,0,1064,0
908B1A97-D6B7-4453-8242-B47FA006277F,5780,1,0.0,1,0.06314878892733564,110,6.946366782006921,836,733,266.0,93.41861653610617,319.469,0.0,18.996918824102945,0.18944636678200694,120.46019999999999,0.13232430031357012,0.10949901955194219,0,1064,0
51670481-C0B0-43A4-BFC6-48F3FC483BF8,6595,1,0.0,0,0.0,0,0.0,-1,717,377.0,59.532225996013246,179.4144,-14.53967,27.554588887265353,0.0,96.700024,-27.531953387911386,0.09973209621424103,0,1064,0
CB3A882A-FF9C-4B39-B3B7-338BB9DF45CA,3653,2,681.0,1,0.09991787571858747,279,27.877087325485903,885,19,1039.0,229.51393273131296,410.5554,0.0,42.41661045088937,0.0,283.60366,-10.054095138720385,0.3536889876777537,0,1064,0
64C02E7F-3A0F-493B-9E0C-DB50E342A769,3487,2,62.0,0,0.0,0,0.0,-1,621,301.0,1030.1093619585638,142608400.0,-0.56,364576.9100993091,0.20934901061084024,129.86334000000002,-937.7937545063262,-0.10112230420483051,1,1064,0
D9479808-04FE-44E0-BD50-049346B3FE38,3036,1,0.0,1,0.1202239789196311,29,3.486495388669302,750,656,250.0,62.1129922160424,211.0,0.0,20.2282744885945,0.0,88.0,-7.436449006165859,0.02475568542978921,0,1064,0
734B1ECC-26C4-47AD-80EC-DCFF57342D09,6595,2,1.0,0,0.0,0,0.0,-1,625,377.0,60.641983409875365,205.1851,-14.82,28.171508691181074,0.0,98.87622199999998,-27.931217880863016,0.1022338594416968,0,1064,0
162459D6-0522-437D-BAFD-0B5F027A8B79,1259,2,433.0,7,2.029388403494837,457,132.4900714853058,95,96,451.0,21.418440056905897,74.90896,0.0,6.026858976566398,0.0,29.024195999999996,-0.9478943277392311,0.09508911260670765,0,1064,0
C7E215A2-2BF2-4BD2-889F-D3F55755D736,8818,1,0.0,1,0.041392606033114086,36,1.490133817192107,821,516,313.0,34.536641202755426,189.0,-61.58681,25.67284613445181,0.0,77.0,-15.356471449669005,0.16536683769828744,0,1064,0
300E0CEF-4D09-4BCE-BECA-E7231710793F,1821,3,20.5,0,0.0,0,0.0,-1,415,753.0,252.66376683575265,599.15,0.0,106.19919883306706,0.0,393.59006,-46.43928479099958,-1.4989170083014698,0,1064,0
595403C8-1F79-45B3-9ECA-FF1E3DC7CD24,518,2,72.0,5,3.523166023166023,210,147.97297297297297,297,345,452.0,60.85606657278511,144.7471,0.0,28.8563257047696,0.0,94.939879,0.056555062245749355,0.19406895690992487,0,597,0
B98E9270-B97C-45C2-9351-B30785B414C4,411,1,0.0,0,0.0,0,0.0,-1,393,271.0,31.918900781560843,3996.304,0.0,23.95859976912507,0.8880778588807786,55.31703400000001,10.348535194519407,-0.035913121478803316,0,477,0
8A85296D-C193-437F-A2B8-920D5EB795AC,1748,1,0.0,0,0.0,0,0.0,-1,247,99999.0,92.47304460769573,308.1649,0.0,85.7444717735475,0.0,217.7467,-7.992456851059913,-0.4543802943075806,0,1064,0
159FC4C3-805D-4FC4-9FE2-91FF028BA0C4,4757,2,1.0,0,0.0,0,0.0,-1,243,188.0,55.183348212826864,349.94,0.01,13.903680394532504,0.15345806180365779,74.15,2.275388669889182,0.042169197271671406,0,1064,0
71795A45-8FB3-43AF-85B9-014106A6EBDC,6710,2,6.0,0,0.0,0,0.0,-1,236,920.0,186.77016715510726,621.5515,0.0,95.9473454791655,0.0,323.6389,9.381406918966803,0.9609859241880221,0,1064,0
91E99317-F64C-499F-AD57-260034B07F09,3519,2,149.0,1,0.10372264847968173,278,28.83489627735152,836,224,301.0,107.56233976440947,181.7191,-69.07047,20.26956111875303,0.0,135.65622,14.380310740220153,0.158641948097047,0,1064,0
F9AB7870-787C-455A-A54F-6B624F62A429,392,1,0.0,0,0.0,0,0.0,-1,217,678.0,30.69203064391202,79.72689,0.0,15.827446935348165,0.0,49.8763,2.7989903642669915,-0.02573794936266555,0,443,0
0147A16F-CD50-442E-AEDF-88FCD75E7F17,4748,1,0.0,1,0.07687447346251053,101,7.764321819713564,1057,206,128.0,14.902558992725822,697.3709,0.0,7.7244500949528945,0.3843723673125527,24.0,5.899987303570473,-0.0075528871877380615,0,1064,0
111998E7-9D92-4538-BDCD-0CF26438B2BD,1038,3,88.0,0,0.0,0,0.0,-1,25,415.0,80.2843781142379,310.6207,0.0,47.859435531153004,0.0,148.13173999999995,5.139571586718901,-0.6749314882456886,0,1064,0
53349B7E-CBF8-4090-A4CB-C5DE42EDEEDD,4491,1,0.0,2,0.1625473168559341,266,21.618793141839234,603,180,326.0,61.24573574385487,769.1667,0.0,14.895181609169503,0.4063682921398352,78.74999,7.933274693645139,-0.012345632807385886,0,1064,0
2E9AD20F-FC82-4CCD-B899-1668319A610F,5849,2,1.0,2,0.12480765942896221,10,0.6240382971448111,561,176,77.0,21.271968720374165,80.53368,0.0,14.110564580015241,0.18721148914344332,41.844785999999985,4.413595913699911,-0.14060831938801022,0,1064,0
999FFCB6-B610-4C8A-98E9-7D40808E8F06,355,1,0.0,1,1.028169014084507,108,111.04225352112677,340,175,451.0,42.78418400875036,199.8729,0.0,36.5164250896506,0.0,85.86275,29.59944816486076,0.24191110334774996,0,555,1
5BF57D13-AAC5-4B0D-8BCB-F2CA28DF0CB1,2141,2,0.0,4,0.6819243344231667,418,71.26109294722092,73,82,301.2,44.233918154968464,92.33346,0.0,12.93860062507085,0.0,61.271618,6.456144692436631,0.021520117940821464,0,1064,0
12D8F1DE-4A7E-4B0A-B3AC-C2F179F7F302,12751,1,0.0,2,0.057250411732413145,535,15.314485138420517,436,52,1370.0,425.13958487200586,849.27,-4.344956,117.36913509074807,0.0,592.7239999999999,-16.906665118919477,1.9747905697087986,0,1064,0
11F09D04-EA56-4B69-B391-867753EBA81D,1285,3,0.5,2,0.5680933852140078,7,1.9883268482490273,31,36,452.0,43.06036262548316,513.7,0.0,26.491000569085443,1.4202334630350195,81.140434,-6.572844039680689,0.45318525561110207,0,1064,0
A693AD9B-DF6E-4CB9-ADB9-720C564849BD,3764,2,0.0,1,0.096971307120085,322,31.224760892667373,836,9,126.0,12.69829848876195,71.8894,0.0,4.755885471254257,0.0,19.35484,-0.576243409440961,0.05071464583521026,0,1064,0
48E8BEE5-9E91-4DEA-9EE5-0C9076F210E8,2770,1,0.0,5,0.6588447653429603,198,26.09025270758123,394,8,453.0,108.20258805193224,248.739,0.0,20.459513320426762,0.0,132.74824,13.965402773685042,0.363783493030588,0,1064,0
5B4324E3-C3D5-4E29-A3DB-4F517115E5BF,12751,1,0.0,0,0.0,0,0.0,-1,810,434.0,16.212127396328274,40.40527,0.0,8.198514404500264,0.0,26.85547,2.539370183147035,0.080404849936306,0,1064,0
1F170920-B265-4766-B927-DAA65F95640A,7512,1,0.0,8,0.3887113951011715,472,22.933972310969118,266,799,263.0,104.98501702536484,227.0,0.0,21.235879089265694,0.0,129.4,-3.8533040624018753,0.06853671921077997,0,1064,1
8D8BC86A-CDC2-4AAF-B02D-7F7A2E57C62A,4303,1,0.0,7,0.5937717871252615,260,22.054380664652566,267,791,263.0,106.15398595290687,231.8511,0.0,21.174822243179094,0.0,130.74358,-4.010930933616734,0.0685443153183225,0,1064,1
C11B57EB-0777-4FED-9325-E09683E78ACE,12751,1,0.0,1,0.028625205866206573,109,3.1201474394165167,319,780,271.0,31.57776406275529,159.2473,0.0,20.612283278645645,0.0,53.2878,-21.297584194545415,0.08259696955430648,0,1064,0
9E1F64C4-AEE8-4475-B918-BD14FB11C39A,12751,1,0.0,0,0.0,0,0.0,-1,775,479.0,120.05524226858903,325.0,0.0,30.908826184312797,0.0,160.0,-0.6031589352556921,-0.041784708217409615,0,1064,0
0FD2461E-3677-456B-A2E9-02C8FD481D42,8491,1,0.0,1,0.04298669179130844,124,5.330349782122247,836,740,251.0,69.1436888629932,520.4246,0.0,13.916292962612042,0.08597338358261689,88.1,4.443818853056186,0.12487200637475032,0,1064,0
216F6E5D-E258-4CEA-A712-898B2A85FF8D,12751,1,0.0,0,0.0,0,0.0,-1,712,151.0,24.34803610749835,117.2801,0.0,7.855556323874111,0.0,35.0,-1.7403972186094592,-0.028299504282672833,0,1064,0
0FE81E09-8393-4AAA-8E75-909048EBD2B7,4148,1,0.0,0,0.0,0,0.0,-1,710,188.0,55.21913167371427,109.73,0.0,13.582501198762609,0.0,73.89,2.263489468261028,0.041577858834827314,0,1064,0
98A6B2E8-599B-4D17-B4E7-A425AAA0622D,610,2,18.0,0,0.0,0,0.0,-1,576,301.0,67.54082248759761,255.1001,0.0,37.960862564285584,0.0,111.82658,11.266806006445606,0.15299091557988345,0,660,1
C11B0376-0E4D-4DBF-9760-495F7B34A162,754,1,0.0,2,0.9681697612732094,808,391.14058355437663,707,587,416.0,75.08962453714344,227.9,-102.0024,32.966121931237915,0.0,120.3,9.707790586313351,0.044237428717688695,0,764,0
7D6DCE0E-F19E-4098-8F2A-6011DE6DD9A0,8332,1,0.0,0,0.0,0,0.0,-1,574,377.0,116.91761716847599,301.68,-10.11829,45.87118550280948,0.0,177.98399999999995,20.592697646338834,-0.17006635935863293,0,1064,0
A7A859FB-3644-4B4C-AD52-F0FE7FCDAF51,6296,1,0.0,0,0.0,0,0.0,-1,552,269.0,94.86789542239896,2049.0,0.0,28.45478127607504,0.3478398983481576,125.45568,-5.438164745624277,-0.09703245697871805,0,1064,0
26CAD814-DEA7-4F53-9C05-9773CBB71794,9049,1,0.0,1,0.04033594872361587,25,1.0083987180903968,497,515,407.0,118.95235003509644,308.21,-281.16,47.361537684426416,0.0,181.58399999999995,21.897565088360338,-0.17503194838883346,0,1064,0
690D4FD0-C958-4078-B99D-B805ABC80E41,12751,1,0.0,0,0.0,0,0.0,-1,460,314.0,43.901218898481766,209.0,-9.84,19.23828615006522,0.0,69.0,-3.7218207503336203,0.2946436574245313,0,1064,0
9C6ABA26-3BA6-453C-89DA-225A58494EF5,523,1,0.0,3,2.0936902485659656,256,178.66156787762907,162,391,452.0,19.460327327923288,98.68127,0.0,24.827893199181545,0.0,58.150542,25.94366847608906,-0.036577237724867234,0,597,0
90C243BA-1C52-45AB-926F-F3E63FF62CA0,4153,1,0.0,4,0.3515530941488081,125,10.986034192150253,690,373,200.0,26.389432734495806,71.99097,-119.6059,12.61749500985059,0.0,44.21997,-0.016925916208766267,-0.17466853698282245,0,1064,0
1C1B9269-2936-4198-8FEF-0FE212124956,391,1,0.0,0,0.0,0,0.0,-1,348,226.0,19.60790724881136,101.0,0.0,14.662560124885514,0.0,35.0,-1.81662638461383,0.011703262405493102,0,464,0
0A7E9711-8C7E-416A-869D-15FA72B625AD,8722,1,0.0,2,0.08369639990827792,7,0.2929373996789727,626,343,739.0,118.40812707614685,404.425,0.0,73.58343390230337,0.0,220.2301,-60.679410907936976,0.2681362847824874,0,1064,0
5836278A-6DCF-42EB-A8D2-0BAED33170E4,761,1,0.0,0,0.0,0,0.0,-1,293,301.0,1.5563671744914598,66.71906,-44.4,9.070876806864025,0.0,0.0,3.2438340253542193,-0.07575214548836372,0,891,1
7F2D0DE9-09B2-4EE4-8837-EDF731C415C9,333,1,0.0,0,0.0,0,0.0,-1,209,99999.0,22.154637543526434,122.0,0.0,31.839385366220654,0.0,73.0,-22.154637543526434,0.0,0,352,0
6E3DB6AC-1E72-4DB6-B940-27E796AEE9EB,198,1,0.0,0,0.0,0,0.0,-1,33,887.0,78.6230590161301,600.23,0.0,70.92484401341241,0.0,172.9736,64.74369311349952,-0.4218089366178427,0,317,0
13A0A4DE-FF1C-416E-B3D0-1D93EFC3779F,5813,1,0.0,0,0.0,0,0.0,-1,9,961.0,287.57476387184903,594.0699,-17.97813,74.87715957016337,0.0,376.53722,-28.741897953639125,-1.6256054452484807,0,1064,0
3996F15A-47A7-465D-BFB8-20FCC40CC39E,1144,0,0.0,0,0.0,0,0.0,-1,0,453.0,7.129776547648146,55.69553,0.0,3.7277317108510966,0.0,11.40741,-0.18094446169135647,0.021959500186231214,0,1064,0
