id_equipamento,idade_dias,num_manutencoes,intervalo_medio_manut,num_falhas_historico,taxa_falhas_ano,minutos_falha_historico,taxa_minutos_falha_ano,dias_desde_ultima_falha,dias_desde_ultima_manut,limite_potencia,utilizacao_media,utilizacao_maxima,utilizacao_minima,utilizacao_desvio,taxa_sobrecargas_ano,p90_utilizacao,delta_utilizacao,utilizacao_tendencia_90d,dias_acima_80pct_limite,dias_com_dados_util,vai_falhar
F239CDD0-6ABC-4E85-8155-849BFED176DD,12726,11,93.2,16,0.4589030331604589,1206,34.58981612446959,7,100,741.0,222.1819585711781,385.9529,0.0,75.7062697700946,0.0,278.4063,22.013888998266395,0.11923798494189564,0,1039,1
140D7CE9-2398-4B37-BF23-E597E20E1234,6852,3,293.0,2,0.10653823701109165,495,26.368213660245182,811,445,487.0,119.70142758630047,519.6515,0.0,55.57494517813364,0.053269118505545825,169.03253999999998,-1.491364354201707,0.839726916575357,0,1039,0
5680A0F5-83E4-4AB1-94D3-427C75B6CA33,10485,7,154.33333333333334,1,0.03481163567000477,5,0.17405817835002385,649,97,407.0,46.03002536562335,189.9586,0.0,32.205003727044826,0.0,91.088008,-17.277912321942797,-0.13800850341135448,0,1039,0
111ADE95-8574-41F6-9BF9-2B67EF7A95C6,8401,6,203.8,2,0.0868944173312701,78,3.3888822759195336,811,2,188.0,44.085544408410975,231.03,0.01036914,10.911778011045929,0.21723604332817523,59.661186,3.4717970250882573,0.034392417124166685,0,1039,0
9ACC3111-44AF-4292-926E-4661533CEC10,12726,4,292.3333333333333,3,0.08604431871758604,155,4.445623133741946,377,141,266.0,149.3417731431593,236.9,-27.1,22.114357166394818,0.0,175.9,-6.270654315998797,0.13176859397351562,0,1039,0
AED1F5C4-0302-4541-886C-584F8D7BAFD4,2804,3,209.5,2,0.2603423680456491,1893,246.41405135520685,45,599,452.0,70.13489212653356,258.5451,-1.656494,40.75647830225335,0.0,126.70218,-7.499764076379243,-0.2981253686023944,0,1039,0
C8D59FD5-A8B0-4A8C-A957-F1CEEABA7EFC,12726,6,166.2,2,0.05736287914505736,958,27.476819110482477,791,183,324.0,169.6899739285308,304.0137,-370.0966,32.290475965405285,0.0,209.1797,-1.6890268428826403,-0.16040581414216745,0,1039,0
63C274E2-FF8F-48BE-9430-D0099841D0CE,3492,3,215.0,1,0.10452462772050401,53,5.539805269186712,96,591,451.0,134.07149721169665,227.3683,0.04074871,19.015784425792667,0.0,158.13772,-5.0270397163263,0.19076307297299644,0,1039,0
8023F211-A03E-4A6A-9DF7-3E088F3BD1BD,1187,5,169.25,1,0.3074978938500421,23,7.072451558550969,942,334,482.0,62.66012852110879,243.8531,0.0,34.61741083409137,0.0,107.05915999999999,-19.146580019295527,0.06353780718074602,0,1039,0
78600FF0-ABFF-4154-87B9-47180890E6B9,2927,3,24.5,2,0.2494021182097711,332,41.400751622822,4,960,490.0,84.26591306018459,196.2717,0.0,27.996854879093288,0.0,118.039,2.4740066692907163,0.02082456739060959,0,1039,0
D05B54E3-8C01-490F-B9DB-B13A9F4BB8D7,12726,4,4.666666666666667,0,0.0,0,0.0,-1,991,200.0,43.71620654581111,357.1797,0.0,31.35192456193474,0.14340719786264342,85.0,-43.71620654581111,0.0,0,1039,0
8E4DB99F-E4AB-406B-9034-A5BF1E1665A1,9176,13,70.08333333333333,3,0.1193330427201395,653,25.974825632083697,159,160,259.0,45.29508319351837,106.5674,0.0,17.695174122747407,0.0,63.14941,14.405521695987794,0.029000634732969453,0,1039,0
E1B50D7E-9ECA-4DF4-890D-CFA2B6C970C1,816,9,28.75,4,1.7892156862745097,189,84.54044117647058,627,771,722.0,174.01576854123303,412.7343,0.0,59.084410330454574,0.0,242.93081999999998,-12.238703362992283,0.060186956157556745,0,1039,0
4CE784EE-65E4-4168-BDFE-8B64BD300EAA,12726,5,187.25,6,0.17208863743517208,587,16.836005029074336,135,254,489.0,126.58442236240606,379.0,-307.125,38.82911976725459,0.0,174.0,0.6008399832729481,0.339871463326409,0,1039,0
77BEE62F-612C-40BC-B8C7-5C4A547C2328,12726,5,156.75,1,0.02868143957252868,89,2.5526481219550528,935,373,266.0,114.89886753632699,206.6,0.0,22.15700400730299,0.0,142.8,-3.8410666104010573,-0.0015216041762071042,0,1039,0
BAA8A8EF-F082-42DB-BCA0-CC851F318378,559,9,104.375,4,2.6118067978533093,415,270.97495527728086,315,164,678.0,151.93272878124853,378.2227,0.0,57.569805160098525,0.0,226.8555,-35.17871643556951,-0.1789138348128327,0,1039,0
14D77E1B-0EE7-473C-9AA3-62DDBF2A4431,12726,6,128.4,2,0.05736287914505736,90,2.5813295615275815,355,356,455.0,104.87504320942125,343.6523,0.0,60.78124716567893,0.0,187.793,2.1711055807022035,-0.5130998458281424,0,1039,0
4F8F1F3C-CC15-4CE4-83A8-0B21806528E4,12726,6,183.8,3,0.08604431871758604,21263,609.8534496306773,437,73,706.0,235.96901673125095,538.7278,0.0,99.16006781912067,0.0,346.21531999999996,-187.95038855995466,-2.6022757880318204,0,1039,0
4592F955-D4C0-425B-8D9F-27B64019C189,6357,5,73.5,0,0.0,0,0.0,-1,699,312.0,38.161026658724154,92.0,-347.9079,11.282470556833795,0.0,53.0,-1.2324772760081046,0.03231400310048489,0,1039,1
4D6AA979-6948-44E5-8AE9-84055A94F4E6,9717,9,104.0,5,0.18781516929093342,381,14.311515899969127,63,186,151.0,18.806808697676615,239.0,0.0,13.304908948576989,0.037563033858186684,36.0,9.345891919607336,-0.028121841745466336,0,1039,0
A47D7EBD-BF11-450F-9725-C86375E38DEA,378,4,251.66666666666666,2,1.9312169312169314,70,67.5925925925926,170,231,226.0,37.24147319938155,168.0,-112.1648,18.654687681177624,0.0,58.0,-10.287692335184023,-0.11279884805168795,0,1039,0
E0991600-E200-4AC5-B956-72C797B539C3,12726,8,138.85714285714286,5,0.14340719786264342,11198,321.17476033317615,559,6,450.0,142.71370156686098,324.84,0.0,53.60174475771686,0.0,206.7,-36.52784662858937,-0.2942186849772283,0,1039,1
4D40A75C-4A61-40B3-B59F-455C13BF30E9,3081,4,243.66666666666666,0,0.0,0,0.0,-1,249,416.0,62.32219181396454,223.3955,-0.41,36.60479479993243,0.0,112.3081,26.62277481304163,0.5859347076213637,0,1039,0
E10035E9-3800-4DB9-874D-4EBDA6974EB4,2122,3,168.0,5,0.8600377002827521,437,75.16729500471253,396,645,451.8,56.99876346225412,235.05,0.0,22.17141246742375,0.0,87.79721199999999,18.899522653177968,0.004610734499841914,0,1039,0
8F95A664-DE6F-49FB-859A-3C27EF11F534,7067,9,58.625,2,0.10329701429177869,104,5.371444743172492,723,503,489.0,119.01501604309034,372.0,0.0,44.99436787423815,0.0,179.0,-17.295185796176767,0.09328329286185366,0,1039,0
0D22829A-A658-4CBB-94CF-DD30D0CE3D8F,5363,5,236.5,0,0.0,0,0.0,-1,24,753.0,191.13307675561012,481.925,0.0,65.89665843194234,0.0,264.5401,15.50247826830963,-0.051057434167322675,0,1039,0
A7294F99-D0EE-49B8-90CF-85455254D4D6,12726,2,7.0,0,0.0,0,0.0,-1,968,309.0,46.05010777065332,224.6338,0.0,19.724705254044363,0.0,76.64795,-1.0119889010545506,-0.004313876173027306,0,1039,0
79A2FFC8-C67F-40FC-978D-B76D38EACB5D,855,7,88.0,9,3.8421052631578947,859,366.7076023391813,627,477,722.0,176.846888002704,449.6615,0.0,62.94939597521571,0.0,248.043,-14.919764529710193,0.05697107192173223,0,1039,0
A1A0482E-6F36-444C-A35C-F70EF4EBBEBD,4844,5,177.0,0,0.0,0,0.0,-1,257,251.0,46.946781764891035,114.8287,0.008167955,15.53583545244916,0.0,66.92310599999999,-7.554852173625605,0.06184406689594593,0,1039,0
EA32ACF8-6379-4AD9-BD8D-14D4F18CAFA3,4254,3,349.5,2,0.17160319699106724,70,6.006111894687353,97,266,151.0,44.2591381862965,374.6707,0.0,10.616444050927168,0.4290079924776681,58.0,-5.599493124568099,-0.0658346595144736,0,1039,0
035C52AA-9DBB-446B-988D-E23209B52E51,12726,5,161.5,1,0.02868143957252868,112,3.2123212321232124,811,317,269.0,93.31090620740662,181.32,-38.2,24.824552971282674,0.0,122.4,-3.3898729890424164,0.08057078548612187,0,1039,0
ADEA2DFD-972E-4FDA-B7E4-6DCF28D53FAF,12726,4,230.66666666666666,14,0.40154015401540155,331,9.493556498506994,163,270,361.0,67.2316576867215,275.02,0.0,40.83094797804979,0.0,123.01,-7.561298118820261,-0.44809818884826513,0,1039,0
5A561BBF-6709-4B68-A7CB-FB2292AFBB33,12726,9,107.5,1,0.02868143957252868,117,3.355728429985856,811,99,269.0,82.14329712416419,234.4922,-38.4,32.013638977772075,0.0,110.52,7.218912035558034,0.08153640191338964,0,1039,0
C59A2686-32D0-485E-8B4A-857EBDFAA744,4580,2,28.0,1,0.0796943231441048,63,5.020742358078603,677,933,302.0,50.06846495787272,207.4882,0.01532496,32.98803962177622,0.0,97.14002799999999,26.300047901695166,0.20195448024177962,0,1039,0
309A1924-4FB3-4EC0-9F38-01BA96669D63,2654,8,76.0,1,0.1375282592313489,101,13.89035418236624,1010,438,452.0,121.7301364856399,369.0,0.0,43.77112588367638,0.0,180.0,-16.846725991812747,0.08854916930749615,0,1039,0
66E47D33-8F50-4FA8-96C8-4ECBD8B47802,6227,9,78.25,2,0.11723141159466838,150,8.792355869600128,296,330,258.0,98.15838780078577,230.4,-2.761532,17.367778200990685,0.0,120.0,-8.056921751403053,-0.01660032331389394,0,1039,0
23808D82-D775-495E-B7BA-ADEA8CEB3FEC,12726,5,196.75,1,0.02868143957252868,3,0.08604431871758604,297,172,451.0,94.2225172437704,201.29,-55.23553,31.817329121910188,0.0,125.31,9.906446490797506,0.1431600466220308,0,1039,0
7AB01D09-68D9-4089-96D7-3F01B0328BCD,4861,1,0.0,0,0.0,0,0.0,-1,958,377.0,114.38869071711929,240.9536,0.0170373,25.079617204431084,0.0,146.51058,-14.353344581316819,0.1402427462340109,0,1039,0
CCB3457B-F244-4A1E-803A-AC30C15C9135,2199,7,87.0,1,0.16598453842655753,333,55.272851296043655,811,428,301.0,53.441199461861764,176.3749,0.0,16.874715723535726,0.0,77.50263,-12.6606085959667,0.005445115749848009,0,1039,0
D298764B-043A-4443-8031-42DB085E61A3,12726,6,187.6,2,0.05736287914505736,215,6.166509508093666,811,15,269.0,100.18272676494408,229.0151,0.0,24.911777429532197,0.0,136.08,-11.067740804295951,-0.38614311411855756,0,1039,0
F19B40CD-A10F-4673-8DC8-69FA5F18182E,8065,5,230.75,1,0.04525728456292622,9,0.407315561066336,235,27,1358.0,552.8738535677713,981.24,-543.22,142.19001779996907,0.0,717.7739999999999,-69.56901174678359,-2.1844699808624144,0,1039,0
C468DD2E-00CF-4027-89C2-EAAAB75DCED4,8071,7,154.33333333333334,3,0.1356709205798538,227,10.265766323875605,810,24,106.0,28.79963306968214,53.4,-0.3443916,4.30772330965396,0.0,34.1,-0.4345559091883118,0.01478890855292659,0,1039,0
A7B8CCE1-0118-44BA-9392-9B46CB15E59E,6609,10,95.55555555555556,0,0.0,0,0.0,-1,106,472.0,152.45530872641174,262.7563,0.0,30.64253052274067,0.0,191.6199,0.04217406294009152,-0.30459408092864637,0,1039,0
BC3612ED-EC0E-4454-A9E6-597BD5A7AF56,12726,8,122.14285714285714,0,0.0,0,0.0,-1,91,315.0,77.73004987557478,240.0,0.0,28.377708320976335,0.0,110.04,27.451183538005466,0.26541342914525434,0,1039,1
1BFEC5F0-269D-4A77-A8FE-B324855362B3,12726,2,942.0,0,0.0,0,0.0,-1,6,314.0,85.82211659895454,199.03,-16.24106,25.17536159629297,0.0,118.51,1.6664289257368239,-0.3223130353313911,0,1039,0
5787E14C-7EE0-41B1-B1A5-59B80110213E,12726,4,307.3333333333333,5,0.14340719786264342,256,7.342448530567342,266,23,188.0,32.369070391614855,110.0,0.0,17.309824515940928,0.0,61.0,16.02151602813823,-0.12527495392669077,0,1039,0
3AA9BAE5-5478-4EAC-9B47-8ADF1CB0A257,2423,3,397.5,2,0.3012794056954189,36,5.4230293025175405,73,151,250.0,50.65013772915593,163.0371,0.0,15.432779073727202,0.0,70.0,-4.775523531625062,-0.029610251379957053,0,1039,0
84D93928-D366-40B9-B0CD-38CC8B66D347,10072,3,408.0,2,0.07247815726767276,90,3.261517077045274,144,130,416.0,151.37357852260928,293.4998,0.0,39.322297314821135,0.0,196.62293999999997,8.891586935801229,-0.25484022577798443,0,1039,0
5E86FC79-E6CD-446E-9C63-AC9E1707FBDC,5432,4,231.33333333333334,1,0.06719440353460972,47,3.1581369661266567,251,251,126.0,47.9252135907086,126.0,-2.33007,14.750872204273326,0.0,67.5,-5.290954331449342,0.10308217063831424,0,1039,0
624B1859-E127-4462-BAA7-7CA58C3E877D,1061,8,72.85714285714286,0,0.0,0,0.0,-1,432,887.0,82.48879440350854,289.2185,-119.6904,50.87481819671491,0.0,151.98911999999999,-13.419887369557927,-0.2745672206366013,0,1039,0
346D5839-3153-4B86-9E48-E483953CA857,3942,5,205.0,1,0.09259259259259259,6,0.5555555555555555,945,123,554.0,121.16021690791595,344.1686,0.0,50.6678864236139,0.0,186.91632,-30.669836908687557,0.20656860284812345,0,1039,0
35DD7336-6232-45C8-AC65-865B74AF82F7,6203,10,101.11111111111111,3,0.17652748669998386,75,4.413187167499596,388,29,215.0,56.32358046145221,121.8274,0.0,13.097150098012145,0.0,73.303218,-9.061347910859617,0.11171219568960418,0,1039,0
C2FAE1E4-0998-46CE-BDDF-ABFF133095CF,12726,9,109.875,6,0.17208863743517208,382,10.956309916705957,626,84,462.0,117.762832790726,422.7,0.0,59.58031632652967,0.0,184.9314,-13.018072855540808,0.5947158477291808,0,1039,0
869E16C5-F63C-4408-BE22-07DD3864C3FD,2225,5,93.0,3,0.49213483146067416,452,74.14831460674158,392,638,1330.0,230.88141077432778,873.3069,0.0,121.6786852771714,0.0,424.71018,-102.41056031367961,-0.40431610737107937,0,1039,0
80F8F1CB-814E-4E45-8D98-C829821FC6EF,12726,2,0.0,0,0.0,0,0.0,-1,936,99999.0,0.0,0.0,0.0,0.0,0.0,0.0,0.0,0.0,0,1039,0
00E09BD9-1407-4988-A183-D1FCB78D4E71,12726,9,100.25,0,0.0,0,0.0,-1,153,800.0,284.2022676206603,615.0879,0.0,71.22627594827341,0.0,380.383,0.8886320475495495,0.016108481756720996,0,1039,0
5BC608D4-1CB8-4A06-97D9-A52C66D8FE89,12726,6,180.2,2,0.05736287914505736,47,1.348027659908848,388,29,208.0,64.57421534999465,134.9521,-26.27249,15.115806737320357,0.0,84.257154,-10.353553995976128,0.14990865616964974,0,1039,0
B6E89437-3901-4A40-A9A0-2382B7C4A7CC,12726,2,76.0,5,0.14340719786264342,1516,43.48106239195348,552,855,99999.0,74.2551226846667,268.6962,0.0,47.030703082956,0.0,130.96473999999998,-74.24513533729017,0.0005448814998879758,0,1039,0
DDCA2D1C-96E4-44E8-B08C-07C0F868055F,12726,17,63.0,8,0.22945151658022944,176,5.047933364765048,17,15,200.0,54.55434746839171,559.48,0.0,31.907656874882004,0.08604431871758604,96.0,28.71864635876878,0.30101795832126127,0,1039,0
0D64E8E7-5C77-4B76-BCBB-E9DC376AFAD8,7134,3,213.5,5,0.25581721334454727,54103,2768.095738716008,16,501,798.0,170.50283395548402,632.8123,0.0,69.29384815391967,0.0,254.5312,-23.540738995607484,-0.10454790876917419,0,1039,0
9F341F7C-2641-4A78-ABBA-50A9DBFE3D8D,12726,13,58.5,6,0.17208863743517208,234,6.711456859971712,17,221,241.0,51.78366001003969,536.0,0.0,31.415943023310472,0.14340719786264342,93.0,28.90939554551587,0.3042219432668219,0,1039,0
50F9C677-6882-4699-91F9-DE04F0DAF557,12726,7,149.0,1,0.02868143957252868,4,0.11472575829011472,948,46,417.0,137.58678028273775,308.3862,0.0,35.06653902620977,0.0,174.7559,9.424344057540026,-0.033096231299277766,0,1039,0
0C5B0AA2-5077-4328-B167-81CC2F03E17A,6548,5,173.0,1,0.055742211362248016,141,7.859651802076971,871,231,435.0,157.4889716366029,313.2807,-35.96607,38.88641334736874,0.0,209.19405999999998,-13.362877373485617,-0.10217507917143874,0,1039,0
98CC0281-EE7B-4AC2-A169-A459241C7670,12726,8,122.28571428571429,2,0.05736287914505736,140,4.0154015401540155,378,65,470.0,130.4358394325567,1333.2,0.0,64.84571262016466,0.14340719786264342,208.9233,-25.084610533636933,0.5877235631735862,0,1039,0
1276D2BF-363A-46A7-AF31-BD3C63815533,2878,3,4.0,6,0.7609451007644197,104,13.189715079916608,64,924,90.0,29.83150791179798,80.01047,-4.67,16.851959176595102,0.0,54.961771999999996,9.765863478788436,-0.0069990368758754955,0,1039,0
1365214D-F4D9-4FFC-930F-32DC34064799,12726,5,221.25,3,0.08604431871758604,185,5.3060663209178065,445,35,256.0,72.97618871149143,234.965,-2.938464,37.93570111660362,0.0,123.8761,23.354326434727696,0.33233250402070935,0,1039,1
08EB8303-7573-4051-A6DE-AD9898401BF8,12726,11,98.7,2,0.05736287914505736,1062,30.45968882602546,345,34,259.0,83.80550691239364,179.2,0.0,22.9666147052871,0.0,108.3,-5.172569078288703,0.05440252414385245,0,1039,0
A90C95E3-C878-43A0-AFEA-D5352D3E0667,2957,9,95.125,0,0.0,0,0.0,-1,190,1180.0,133.1374206288193,801.8799,0.0,54.7324447189116,0.0,192.0166,39.49550138429797,0.17582937003923843,0,1039,1
6E8DBE3C-4A05-445A-8254-7FE5F2384A53,3015,8,81.42857142857143,14,1.6948590381426203,2331,282.1940298507463,416,450,831.0,212.2630627937799,789.896,-7.859729,141.56049003980837,0.0,384.67478,38.06737482427562,-0.676369173940925,0,1039,0
527230AF-BDA0-4414-803F-A9AE9A58209E,7704,13,72.41666666666667,4,0.18951194184839043,330,15.63473520249221,296,72,251.0,96.54437556775117,233.4,-13.24505,17.68306321203324,0.0,118.1,-9.646767543059823,0.057299380810532645,0,1039,1
D9386093-6D65-4863-8CA4-A73B5947FFA1,458,10,72.66666666666667,0,0.0,0,0.0,-1,272,301.0,30.20176107306886,154.6127,0.0,36.03446084596773,0.0,80.67287599999999,36.404774991745946,0.05343544362123586,0,1039,0
53EA041F-A40B-404B-B759-96E33C44F52C,2451,3,86.0,0,0.0,0,0.0,-1,744,602.0,191.51365692084673,525.3,0.002204452,37.41446748514544,0.0,238.47384,-22.170387957112155,0.17734512488437268,0,1039,0
84AA2AB3-4D86-4C5D-A887-D03D6E04E384,1053,1,0.0,1,0.3466286799620133,18,6.239316239316239,409,917,452.0,68.42856830369392,283.7075,0.0,34.40153184948464,0.0,116.15259999999999,-14.783492956317382,-0.16368300832904736,0,1039,0
85BA9BE0-A063-41CF-8A8B-6F55EA4FBDF6,964,6,115.2,2,0.7572614107883818,69,26.12551867219917,924,346,151.0,35.45894231034435,126.8,0.0,11.54848663497473,0.0,49.3,-1.163062680483236,0.0959978826879906,0,992,0
6C0776E3-8490-41EB-8FAA-A036FA96F525,4266,3,446.5,1,0.08556024378809189,416,35.59306141584623,811,17,542.0,122.18178931903023,413.91,0.004389791,70.13989575421282,0.0,216.28833999999995,-0.3424329330239857,0.014143494321612039,0,1039,0
19C2D2FC-18E5-4CC8-AB00-42F530EF12CC,1413,2,185.0,2,0.5166312809624911,369,95.31847133757961,811,724,1040.0,192.69005322213818,524.9402,0.0,31.572666582282373,0.0,232.90622,31.049172271688974,0.3010744961195721,0,1039,0
A127858E-B72A-4E34-AB5B-6F2983E83348,2166,7,98.33333333333333,2,0.33702677746999077,160,26.96214219759926,93,316,602.0,122.4741243880943,306.2753,0.0,46.25345601729608,0.0,179.80056,20.174694614992106,0.04178432294782562,0,1039,0
6F9ECBF4-7CC7-4B22-AA2C-0468DCE1A12F,3322,8,122.42857142857143,1,0.10987357013847081,63,6.922034918723661,20,50,226.0,22.272368360759536,114.0279,0.0,12.875288879817289,0.0,39.492203999999994,4.021953128283677,-0.0065648446487703,0,1039,0
5B009B1D-13C0-421B-8A3D-4D9D5387B8AE,12726,8,62.285714285714285,11,0.3154958352978155,4715,135.23298758447274,541,468,99999.0,12.52636166892716,77.47803,0.0,14.386217946220219,0.0,31.35986,-12.52636166892716,0.0,0,1039,0
5A6C3F9F-DB74-459D-82A8-BE84B7A0B5D2,9094,3,232.0,3,0.12040906091928745,89,3.572135473938861,116,438,314.0,35.206093627821986,115.7,0.0,17.1490493995802,0.0,58.3,-3.509704738933099,-0.4777812647195237,0,1039,0
951A6CB6-9915-45B3-B842-22E5C6FAA977,12726,2,116.0,1,0.02868143957252868,91,2.61001100110011,947,900,803.0,216.29030349029694,1996.49,-279.99,145.66090117386412,0.11472575829011472,386.8103,-109.55811026754002,-4.32786144659113,0,1039,0
FB912600-0A28-4998-A9DE-4B1CA9AFC007,12726,7,90.33333333333333,4,0.11472575829011472,1263,36.224658180103724,602,422,300.0,49.80067670000067,126.8921,-10.23551,18.246351266077276,0.0,75.57678,2.825530386419082,0.029327244205910794,0,1039,0
43F3B249-81CF-4520-BC73-572928C04E1C,5913,5,79.5,1,0.0617283950617284,4,0.2469135802469136,424,578,377.0,65.34522905342723,215.7935,0.0,30.41924501401145,0.0,107.92899999999999,4.310824336464748,-0.19810260730876228,0,1039,0
CCA3F62C-3ECA-4F0D-9E13-740291ED19C3,8030,8,125.28571428571429,3,0.13636363636363635,37,1.6818181818181819,66,16,150.0,57.333084456685434,270.1449,-2.0,22.616531056649933,0.2727272727272727,87.0,-37.85607828384593,-0.44778573486442136,0,1039,1
AE11A6F6-9BAC-4F37-AF8B-E21BA0D249A7,6814,6,134.4,3,0.1606985617845612,35,1.874816554153214,139,221,798.0,206.45401125616638,730.8465,0.0,108.13166139845455,0.0,341.0156,34.185572274234886,-0.4072161177977171,0,1039,0
091A9B8A-F32C-4375-99C0-780361B1ECE4,12726,16,61.6,4,0.11472575829011472,4142,118.7985227094138,66,31,440.0,126.52361253644341,332.7637,0.0,46.66422532008956,0.0,186.7676,-19.585780483503598,0.8797743230235647,0,1039,1
8D7F599A-E3D7-4794-BCCC-A88BAEA0921F,4810,6,154.8,2,0.15176715176715178,499,37.86590436590436,107,114,129.0,35.830572836613435,145.6951,0.006116094,8.465376093510164,0.3794178794178794,47.007158,6.9347549203310095,0.036847082957733555,0,1039,0
04E69428-F9F6-451C-B02B-366623A29F1C,5160,4,215.66666666666666,0,0.0,0,0.0,-1,239,315.0,126.77446117301064,340.9546,0.0,40.82577189144876,0.3536821705426357,168.7948,-74.38949433844274,0.048934651894791105,0,1039,0
67B5A77C-FDB1-46DC-824D-F0C43CC85E65,12726,10,86.11111111111111,4,0.11472575829011472,421,12.074886060034576,65,106,251.0,105.7409864999632,195.3,0.0,26.80994880925918,0.0,140.6,-14.452483413543447,0.025713428269520413,0,1039,0
DD6BB91B-D0E6-4032-8F4C-1D6C6471FE06,8892,4,140.0,3,0.12314439946018894,318,13.053306342780028,433,463,269.0,153.87782720019814,273.7,0.0,31.41288711943671,0.04104813315339631,193.1,-31.011067940938887,0.22462595976629926,0,1039,0
DD4C4138-5AB7-4FD7-84FA-07BC8DB4DC3B,10099,4,151.33333333333334,1,0.03614219229626696,79,2.8552331914050897,168,575,489.0,123.3669153661475,282.0,0.0,36.28366335225335,0.0,170.0,-3.0385974649129253,0.12158868493126988,0,1039,0
BCB45581-9CC0-4607-8BB1-477B6E92CF1E,5675,3,312.0,1,0.06431718061674009,27,1.7365638766519824,886,258,131.0,28.391114097559015,76.5,-15.0,17.40588351521464,0.0,49.5,0.373122038243455,-0.058135520612998086,0,1039,0
B510BBF6-3B68-453D-B89A-D6DF249A471F,4412,3,397.0,0,0.0,0,0.0,-1,86,301.0,62.52819562113769,182.7204,0.0,33.315721729510614,0.0,105.96864,15.199332750280526,-0.05556980241525938,0,1039,0
E9FC4B54-6AD5-434E-B3DF-E388AE5CE9E1,5642,2,0.0,1,0.06469337114498405,23,1.487947536334633,886,879,131.0,28.004350305273515,116.1409,0.0,17.347500531779566,0.0,49.5,0.39264045784376833,-0.05880321291783356,0,1039,0
AE6D1D2D-2D77-4C15-8E56-6C675A7A76FB,1611,1,0.0,1,0.22656734947237742,152,34.438237119801364,811,879,250.0,39.86232672030093,236.3501,0.0,8.892428391857177,0.0,49.54419,0.4996235590200584,0.035438174799777115,0,1039,0
7A814E4E-113F-4241-9E4E-A11CCB4B81A7,5895,2,14.0,12,0.7430025445292621,1509,93.43256997455471,98,864,264.0,111.67177564638872,833.48,0.0,24.569687904588662,0.3095843935538592,142.59699999999998,0.3461797548458492,-0.1421294142396426,0,1039,0
86F0B828-D353-4298-8E94-24D33B57D303,4185,3,325.5,0,0.0,0,0.0,-1,225,452.0,145.27127124826814,454.099,0.0,23.511155853466114,0.17443249701314217,167.8711,20.23495436901581,0.5035268825939647,0,1039,0
7A6F5E69-5A04-4CBF-91B9-93597B53F05B,4266,2,2.0,0,0.0,0,0.0,-1,876,151.0,23.982382283293287,331.7688,-11.9,5.326099832679627,0.34224097515236757,30.0,1.852571420410417,0.028109151564184524,0,1039,0
B5BA0E46-F802-497F-8FB4-5A3B2AD78CAB,4229,10,96.66666666666667,6,0.5178529203121305,777,67.0619531804209,344,8,301.0,29.976261668115953,100.1875,0.0,14.657761409494604,0.0,49.37893,-3.5936514397980552,-0.054387485800114745,0,1039,0
87590A23-C0F5-4AC5-AD1B-19AA71EF7F7B,1177,3,65.5,1,0.31011045029736617,6,1.860662701784197,988,834,452.0,54.495110898097145,125.3336,-9.038255,18.650832296121564,0.0,81.45155,0.9206584444954444,0.0982811302560855,0,1039,0
4DB1A6C1-28BB-4FDE-8B25-1359372E6823,1009,2,56.0,11,3.979187314172448,5007,1811.2537165510407,35,876,602.0,53.21273112562329,130.3286,0.0,22.738560612225786,0.0,83.519348,22.35642626172239,0.3598095309548397,0,1039,0
6A3BD889-72BA-4693-9A92-8AA1074FB370,66,13,71.91666666666667,3,16.59090909090909,14,77.42424242424242,263,8,452.0,111.92960426179604,270.0,0.0,41.9663413829677,0.0,154.0,0.0,-0.03901868478080736,0,74,0
9E3215DE-B13D-45BE-8785-E7EFD7DF04B4,6957,5,162.5,3,0.15739542906425183,50,2.623257151070864,212,219,490.0,86.75911762118324,717.6804,0.0,37.87220879621655,0.052465143021417276,135.67198,-7.009654317556681,0.23067896390465503,0,1039,0
F4E603C6-F513-47F8-BAB8-89A5EDEEA250,12726,18,51.529411764705884,10,0.28681439572528683,216,6.1951909476661955,79,60,188.0,36.036725186905564,109.0,0.0,17.441431590561262,0.0,59.0,-3.4692869153006285,0.04705176222027145,0,1039,0
5892C982-419F-4265-98B7-6CD0D7C0F2CA,12726,3,197.0,3,0.08604431871758604,4855,139.24838912462675,541,475,99999.0,10.212181120371872,193.0,0.0,12.999555346941158,0.0,26.613767999999787,-10.212181120371872,0.0,0,1039,0
4764B324-754C-4709-AB20-B507812E1F39,12726,3,192.0,5,0.14340719786264342,29949,858.9804337576614,515,527,300.0,31.07140911583794,133.1177,0.0,11.349975382756341,0.0,47.69897,-1.8697424846650996,0.017243477233101226,0,1039,0
0DA38EE8-2C8F-4957-9314-78C3CDCA156A,12726,2,120.0,3,0.08604431871758604,101,2.8968253968253967,55,869,160.0,61.515721001024055,233.2578,0.0,13.918815488132081,0.14340719786264342,79.5,1.69272807305002,0.005124175138161467,0,1039,0
36FB2CDE-4F84-4E29-831C-169E6A129F03,3242,2,1.0,2,0.22516964836520667,96,10.80814312152992,396,869,181.0,41.29197171451807,72.63777,-6.174105,9.609998216436026,0.0,53.717884,4.26803885160848,0.08494867058703681,0,1039,0
D986131B-4B84-4DE8-8BD6-C5782EFD6B64,905,2,75.0,3,1.2099447513812154,707,285.14364640883974,214,792,415.0,19.352244500686048,42.40417,-9.861,7.627739532972006,0.0,25.32959,1.3733888719991398,-0.003752675891077292,0,1039,0
A78368AF-8EC7-4A0F-864F-E56BE0BFDACE,12726,12,48.81818181818182,5,0.14340719786264342,7553,216.63091309130914,110,400,461.0,123.1500064850864,325.9888,0.0,45.864726224000556,0.0,182.8003,-0.5976911389444268,-0.16556984386024926,0,1039,1
58B94B72-5A8B-4265-859F-C8A42977D4A2,12726,5,126.25,2,0.05736287914505736,295,8.461024673895961,465,357,284.0,0.0,0.0,0.0,0.0,0.0,0.0,0.0,0.0,0,1039,1
1822C8E1-4D94-4AA7-BD98-62579A5C12A1,8623,4,77.33333333333333,4,0.1693146236808535,74,3.13232053809579,27,631,739.0,267.35060018158447,556.2332,0.0,87.71815148250366,0.0,383.98728,-98.56734942618323,0.17580180572540366,0,1039,0
9E7D8206-B9AA-4402-B6B1-BD01C6880C60,12726,5,150.0,6,0.17208863743517208,347,9.952459531667452,799,260,649.0,153.27212239145422,1009.0,0.0,45.616226675169536,0.14340719786264342,212.6074,27.263876903298865,-0.0810935573758049,0,1039,0
3F8CB57D-232F-4AFA-8982-21F12C598ABA,4761,4,111.66666666666667,1,0.07666456626759084,9,0.6899810964083176,526,526,128.0,8.27656874557417,99.30642,0.0,8.184935240697296,0.0,19.5,-8.27656874557417,0.0,0,1039,0
F1983F15-7F51-4D7A-A3A0-712D2EB7DF30,6895,7,142.33333333333334,1,0.05293691080493111,2975,157.48730964467006,731,0,798.0,210.57126271971262,556.7811,0.0,102.73492860689541,0.0,344.72754,33.689492106884614,-0.4378604489817114,0,1039,0
47B23687-9630-4FD3-A667-184C83CB1869,12726,11,83.0,2,0.05736287914505736,12,0.34417727487034416,635,22,300.0,27.214378346596877,81.89392,0.0,13.539122260071226,0.0,45.3186,-8.374948189961074,0.014964395360291817,0,1039,0
34BE9C23-C440-41D2-B64E-FB877B82CC26,3693,5,28.25,0,0.0,0,0.0,-1,819,151.0,39.533850810203006,937.077,0.0,14.571128276794337,0.4941781749255348,56.25,3.8510836033772406,0.06240646707637366,0,1039,0
A4C9F3F6-F74C-4B75-9891-FAE0F4BB135F,12726,5,85.5,2,0.05736287914505736,49,1.4053905390539054,39,509,803.0,265.36895116226145,1781.27,0.0,150.46825189283243,0.14340719786264342,508.392,110.6459037991583,2.4864259767950103,0,1039,0
DF39C2B8-B194-4461-93CF-F8717023C467,9929,14,58.69230769230769,2,0.07352200624433478,1446,53.15641051465405,170,93,479.0,59.23677605466946,230.0,0.0,19.89573033275751,0.0,86.0,-13.522192721336133,-0.05654487522469652,0,1039,0
33919A4E-8F11-445E-BDDC-4A17FE681A9C,2329,3,38.0,3,0.47015886646629457,376,58.92657793044226,337,771,251.0,67.44444982163553,213.1302,0.0,25.342930360417547,0.0,100.41204,-2.010761031049128,-0.011386841011412735,0,1039,0
1D8017D7-E18F-40E9-8C24-00317FBD323F,12726,11,92.8,1,0.02868143957252868,750,21.511079679396513,84,88,1143.0,194.11890316754906,2998.323,0.0,95.81012031964116,0.08604431871758604,285.4618,47.96859580721943,-0.44519184187219146,0,1039,0
B9D48F63-C043-4173-A67E-F23A31D900DB,12726,38,18.0,6,0.17208863743517208,42,1.2046204620462047,251,160,1083.0,205.12767685589714,643.9819,0.0,100.43715758357855,0.0,339.1724,-19.975481945611648,0.323750670629549,0,1039,0
28DA8065-B3BF-4CA2-916A-4BF7784FDD8B,317,5,185.5,7,8.05993690851735,661,761.0883280757098,238,100,226.0,45.60351933927065,113.0191,0.0,20.476355869837867,0.0,67.5744,5.547637359803424,0.0894051838418099,0,355,1
F0E862AB-F49F-485A-89DF-A6CF42B265E0,9317,2,1.0,0,0.0,0,0.0,-1,843,1245.0,567.852527994003,1079.55,-544.53,130.13902184851972,0.0,729.1439999999999,58.77527833315742,2.9301097694955285,0,1039,0
056D6EC5-21CC-4C5B-B7CA-3D38576A0279,9903,13,69.91666666666667,4,0.1474300716954458,414,15.259012420478642,0,102,259.0,87.09428757795817,170.64,0.0,20.952239584159628,0.0,111.1,-6.4615321011063145,0.05200758194305377,0,1039,0
AEA2D23E-9BE7-4555-B4E4-220F5AABFC92,12726,7,110.83333333333333,3,0.08604431871758604,183,5.248703441772749,428,173,803.0,208.56499858654547,589.8285,0.0,62.5681792598121,0.0,286.7432,-6.309568176823262,0.174495738320847,0,1039,0
30AA272A-2443-466C-8986-905EB5D3F7AD,1016,2,21.0,3,1.0777559055118109,45,16.166338582677163,670,841,301.0,35.1528003163841,140.1394,0.0,13.240050763156594,0.0,48.21014,-3.1135383163841013,0.09579128295557213,0,1039,0
EE4D2C52-4A10-45E0-B6F5-521EAEFDAD37,1277,2,721.0,2,0.5716523101018011,55,15.72043852779953,366,118,150.0,46.15648596702297,543.739,-60.68541,15.514732690408913,0.28582615505090053,65.669578,3.039998277267152,-0.019327069376582916,0,1039,0
25F29DF5-0E1A-4FE9-998F-5E7F27FF09E0,12726,3,29.0,1,0.02868143957252868,45,1.2906647807637908,812,780,452.0,58.42999976120931,223.8281,0.0,30.070397403661595,0.0,99.49951,-16.414265551733997,0.03636260223736717,0,1039,0
FC6B3965-A1E8-439C-BB1D-0672F06F6AD5,12726,4,124.66666666666667,0,0.0,0,0.0,-1,461,690.0,127.78457560161169,463.47,0.0,59.32987970033286,0.0,203.56399999999994,22.293054799622894,0.38752640643779535,0,1039,0
69C1837D-05FB-4DCE-9762-49EE62C325F2,12726,7,112.66666666666667,0,0.0,0,0.0,-1,159,555.0,82.42369178338363,300.6,-14.19146,49.83859547208551,0.0,150.0,-16.06994138369228,-0.015013340474196552,0,1039,0
AD4CF9BC-FF28-484E-9298-0888B25E0C4F,9589,3,311.0,1,0.03806444884763792,380,14.464490562102409,811,211,193.0,23.008162283159418,139.0038,0.0,9.763744961494835,0.0,34.58352,1.5951863364393475,0.12333491815688694,0,1039,0
1303801B-9DB3-496F-8BB0-64867A2873B6,4452,1,0.0,2,0.16397124887690925,857,70.26168014375561,572,831,150.0,33.45708194019691,127.5189,-8.566734,12.602322861544502,0.0,50.0,2.4091217635067963,0.08508000530469484,0,1039,0
9FC1C01F-67B5-498C-9767-59A59BDAC33C,4452,1,0.0,1,0.08198562443845463,863,70.75359389038634,572,831,150.0,33.32420167729758,74.0,-17.0,12.551577943783853,0.0,50.0,2.4065081992456285,0.08470124340907756,0,1039,0
4BA78034-FD46-43EE-A492-91B02B6AA81C,3571,4,83.33333333333333,1,0.10221226547185662,5,0.5110613273592831,830,578,452.0,61.18690142744316,235.6567,0.0,32.94744142731941,0.0,107.0,-6.039370563245633,-0.2089177676256948,0,1039,0
BDE9DF47-1D5C-4BB5-A915-C6CF640FB6B3,4171,2,499.0,3,0.26252697194917285,283,24.765044353871975,84,330,753.0,300.65954223300116,483.7311,0.0,56.52604191259721,0.0,374.66414,-15.029198853988873,0.2829401355955819,0,1039,0
08B98F4E-B5D2-41BE-8170-FD13A74212B6,7643,5,76.25,1,0.047756116708098914,69,3.2951720528588253,3,548,251.0,85.89448126974774,235.5157,-10.10948,34.756566657409344,0.0,127.03638,-2.443982620442185,0.24178081508621094,0,1039,0
528A33E0-3710-44BB-ADBB-31CC96707FD7,1009,3,50.5,12,4.340931615460852,5373,1943.6521308225967,660,827,602.0,53.0627554282557,129.8239,-22.61637,22.697098481011253,0.0,83.328678,22.2422228695838,0.3585224764579407,0,1039,0
71CC2757-211A-4D92-973D-6FE88DB85E16,8162,9,78.375,3,0.13415829453565303,2937,131.34097035040432,428,198,803.0,75.75016707660284,348.1875,0.0,79.8150600997584,0.0,171.594,-74.20594559789913,-0.00790649653809733,0,1039,0
29C7EAB8-D7D7-4A3B-879E-1DD369918805,893,3,71.0,0,0.0,0,0.0,-1,729,602.0,101.17256837147522,296.8852,-941.73,57.50117130331239,0.0,170.48777999999996,37.54078299449699,0.11768297878400344,0,1039,0
8AE501DF-C350-4C40-81DC-A2C546FC5FD2,12726,3,61.0,1,0.02868143957252868,144,4.130127298444131,811,701,269.0,39.830714806928725,513.5625,-1.84608,51.1064835114088,0.11472575829011472,114.0,-39.288808942654036,0.0012125925417742574,0,1039,0
69B1356D-9B55-4313-A586-70B6E0AF1C7B,4719,11,61.4,2,0.15469379105742742,25,1.9336723882178428,249,213,490.0,86.74425522864257,233.9625,0.0,35.924804869332945,0.0,133.50936,-8.735409467762935,0.23955447568834873,0,1039,0
1C735AAE-BF43-4FC0-A480-B058C93EA0BC,1940,6,160.6,8,1.5051546391752577,215,40.45103092783505,654,17,151.0,43.049573467432765,231.1351,-24.59,13.940415689395067,0.18814432989690721,58.44902999999999,-0.2894959476273158,-0.011281359821934393,0,1039,0
556A3991-C410-4811-B60B-4FF7A80A1ACB,5130,12,57.18181818181818,2,0.14230019493177387,28,1.9922027290448343,110,267,471.0,131.86751733374294,288.8838,-49.69661,50.77566626142803,0.0,196.8414,-0.27009550959866147,-0.17902834746792406,0,1039,1
8E05A8A5-DD1B-4B13-92EB-C31DC70FEDE3,12726,6,139.8,4,0.11472575829011472,117,3.355728429985856,250,113,497.0,42.42065053348638,283.0,0.0,35.810238985064395,0.0,86.0,38.87857786157535,-0.3660435902009855,0,1039,0
4CE9C71E-D028-4FF1-95B3-64E7F3D0B71C,4378,5,204.75,4,0.3334856098675194,328,27.34582000913659,378,71,624.0,107.5240430114959,264.7833,0.05165524,63.60782772510273,0.0,199.1991,-60.94288288779067,-0.6791325469254187,0,1039,0
6AED5992-7C51-4238-A9F6-C08E540DE9DF,6400,2,1.0,0,0.0,0,0.0,-1,810,485.0,74.18826413567304,328.2493,0.1116015,55.97170573744981,0.0,164.7305,-4.978569787980135,0.1363613523360129,0,1039,0
6EB5F12C-D18F-4C82-993A-D3CCA383645E,12726,6,103.2,6,0.17208863743517208,359,10.296636806537796,215,499,256.0,99.39351363128901,236.0945,0.0,26.268843533252117,0.0,130.83458,8.783422600964073,0.031748863336363155,0,1039,0
15BCC681-BAF8-4836-8374-8E8F76FAF496,12726,15,59.0,3,0.08604431871758604,79,2.265833726229766,257,189,266.0,57.09492232134372,400.0,-2.660278,37.12321818614346,0.02868143957252868,102.4,-57.09492232134372,0.0,0,1039,0
A349FD0E-894E-41AC-8DEF-BE606B973E11,1413,3,224.5,2,0.5166312809624911,411,106.16772823779192,437,484,301.0,39.162902119434825,163.8731,-12.16988,22.407718134854374,0.0,69.133974,8.809529421460233,-0.005161856069954214,0,1039,0
C3ECB37A-111B-4258-BA51-B70E4D7FD316,3046,7,38.833333333333336,2,0.2396585686145765,112,13.420879842416284,787,554,554.0,72.99069330754249,246.0,0.0,48.7634551567843,0.0,145.0,5.820494964062448,0.05505417907096053,0,1039,0
7D626F8A-1B14-4815-9BA8-A7E1C57ADBAC,9746,5,196.25,0,0.0,0,0.0,-1,1,151.0,8.604419826496736,34.0,0.0,3.4976720744420398,0.0,12.0,-3.9536988499829553,-0.0005945182428118824,0,1039,0
EB09302D-6254-41C9-99E7-3B47FB47A1A5,5502,4,3.3333333333333335,1,0.0663395129043984,4,0.2653580516175936,300,777,450.0,162.54595849525123,345.0,0.0,44.30307120790266,0.0,220.0,-39.73384429772037,-0.19460364333972355,0,1039,1
8E7EEB14-88C7-4566-AB9C-B7652DCC1FF8,1646,2,179.0,1,0.22174969623329283,6,1.330498177399757,131,785,678.0,70.35053586228223,149.0,0.0,14.1925725725483,0.0,90.0,7.955791298211594,0.1559571826425073,0,1039,0
C5C33F4D-06F6-4F27-877D-B9CEB5C8A18E,2107,5,164.25,3,0.5196962505932606,481,83.32463217845277,122,123,803.0,238.847324148467,486.68,0.0,127.99550945707752,0.0,396.06399999999996,83.35665810461944,-2.477645728439693,0,1039,0
E25A9E4D-8B06-4CC8-BA96-6BCCD553FF0E,2027,6,99.6,3,0.5402072027627035,24,4.321657622101628,79,281,661.0,148.55805255975457,421.0515,-28.4,41.286930508644225,0.0,206.49578,11.022172685978461,0.2895611847949466,0,1039,0
E9EA01A7-51FB-4007-89A4-3B90EFB7F30D,1413,1,0.0,1,0.25831564048124556,351,90.6687898089172,811,779,209.0,27.808384847067607,254.5073,0.0,7.622208562909379,1.291578202406228,38.124252,7.90654453101881,0.056284913267724265,0,1039,0
CC7E70EA-3730-4F8E-A341-78672A20898A,4229,7,128.0,7,0.6041617403641523,1190,102.70749586190588,279,9,301.0,30.18358437239888,116.1568,0.0,14.755969877122755,0.0,49.709025999999994,-3.627215977105667,-0.052906422431981286,0,1039,0
FE545373-09C7-4B48-83D2-0F570115D144,4121,2,1.0,0,0.0,0,0.0,-1,775,452.0,117.35511187762287,430.8,0.0,29.539576942409887,0.0,155.0,8.571739974228976,-0.019151198364805996,0,1039,0
9D35A429-C049-4FF8-9B46-54C59CEF091E,12726,2,677.0,3,0.08604431871758604,253,7.256404211849756,437,97,80.0,21.766644754542963,80.93059,0.0,3.9307949220674776,0.02868143957252868,26.622422,0.7393874980804966,0.008281112629566793,0,1039,0
A4988DFE-12D9-4329-AC56-03D916CB9DDD,2759,6,87.4,1,0.13229430953243929,1078,142.61326567596956,832,335,301.0,67.68826270736982,125.5963,-13.2,18.32900379941019,0.0,90.50659,-4.324229151042651,0.11926205683423516,0,1039,0
1027E58E-BAC6-4764-A221-B5E9CD14F578,6432,13,52.166666666666664,1,0.05674751243781095,17,0.9647077114427861,623,144,472.0,115.81401795960029,335.083,0.0,49.84627483585812,0.0,186.8591,11.217471449350327,-0.16494441328389392,0,1039,1
9A16E6CC-35EA-4085-8F3B-26C879F429AF,7096,3,270.5,1,0.051437429537767754,18,0.9258737316798196,885,233,134.0,37.00977807433587,76.4,0.0,11.449203321069758,0.0,51.5,2.445630880679566,0.022051585079225063,0,1039,0
E8041C3A-6723-4437-A50A-1372FD649736,3774,6,135.4,1,0.09671436142024377,84,8.124006359300477,638,92,452.0,107.45542455493516,289.6738,-1.440048,43.097448137252464,0.0,161.16849999999997,-15.342174627928998,-0.21160358421534223,0,1039,0
300C9711-3ACB-4AEF-BB6F-34E20D5D9A0B,9723,5,76.75,1,0.03753985395454078,33,1.2388151804998457,3,527,251.0,99.10015851592692,272.0423,-4.266948,39.90568854470764,0.3003188316363262,146.3906,-0.4316434839138026,0.28210933707238506,0,1039,0
4EC99980-7AE9-4198-A8EE-8F5D45187CE4,12726,8,109.28571428571429,8,0.22945151658022944,633,18.155351249410657,7,260,741.0,234.7406782988013,403.9957,0.0,52.02623894243345,0.0,280.91426,12.224184789161683,0.13371314227727524,0,1039,0
2023419F-4043-4170-AEA7-05DBFA33862A,12726,4,249.0,2,0.05736287914505736,383,10.984991356278485,95,23,301.0,17.974354329013035,66.12592,0.0,8.351168061101193,0.0,26.386572,-2.0232419528633443,-0.2613791391529014,0,1039,0
17BC69F2-B472-4E68-B3FF-ACA5DF03A22B,3446,2,203.0,1,0.10591990713871156,18,1.906558328496808,761,771,151.0,18.962611524225775,135.0,0.0,8.792569745025581,0.0,31.0,-2.95543559829985,-0.018977137095130985,0,1039,0
A36BFD2A-F7A3-4F18-89A2-9C3BBE26BE72,12726,12,83.0,0,0.0,0,0.0,-1,113,479.0,56.607935570328024,243.0,0.0,28.27348486087505,0.0,97.0,-9.850991125883581,0.21593852464635435,0,1039,0
1CA24DE5-6DBA-4B99-A85E-2EA01B6014B3,12726,9,67.625,0,0.0,0,0.0,-1,224,693.0,160.65670758857027,312.4,0.0,39.3418503333397,0.0,205.8,-3.475419008323371,0.023292456087246994,0,1039,1
CA42DCD8-C723-4A4E-A419-075957FF3D66,3053,10,59.0,7,0.8368817556501802,141,16.857189649525058,68,232,717.0,165.278428389853,383.7634,0.006523287,45.662534458877744,0.0,224.9354,-5.042831247052078,0.27928800130319287,0,1039,0
DF31F146-AF53-46F7-B6EA-C3E4CD17D847,12726,4,241.66666666666666,5,0.14340719786264342,551,15.803473204463304,24,132,259.0,77.41677499286227,195.511,0.0,23.87257170754041,0.0,103.69818,30.839530963341446,0.5771533597018733,0,1039,0
2A5A656E-58E0-41C8-A030-B15FE0F53430,12726,11,63.1,5,0.14340719786264342,723,20.736680810938235,696,174,302.0,67.2119690057802,226.8677,0.0,33.25630286374196,0.0,105.2856,-1.98634234983885,0.17363000647485297,0,1039,0
02AD46F5-AA2C-477A-BAC0-9B37656EB37F,8597,5,95.0,1,0.04245667093172037,63,2.674770268698383,883,645,98.0,25.32354148078403,60.00026,0.0,9.406893446232559,0.0,35.97672,0.5203875872869617,0.06182733450945123,0,1039,0
37B802CD-A714-4468-8211-FC89C5384BB7,12726,5,202.0,0,0.0,0,0.0,-1,58,107.0,24.37212954725478,63.75095,-7.136641,5.5599999367255775,0.0,30.55939,-1.5485885074674712,-0.0036983885989033145,0,1039,0
038FF4AB-E23A-42A5-A516-276DEA942BB5,6644,2,115.0,2,0.10987357013847081,97,5.3288681517158345,145,649,136.0,38.21159214772869,79.40333,0.0,13.708205225724953,0.0,55.23079799999999,-1.2313370920882534,0.08803545462919164,0,1039,0
4D70620B-BFBC-4F9B-8011-D2C9B02C00FA,4121,2,7.0,0,0.0,0,0.0,-1,764,151.0,26.716617321839365,59.0,-44.25,7.244736719398572,0.0,36.0,0.3305277398890283,-0.010954884690865346,0,1039,0
C3FD8C18-F21C-4F8D-AFB0-AE5BFA90FF98,12726,6,192.8,3,0.08604431871758604,1416,40.61291843470061,259,36,228.0,44.23398434354481,3261.424,0.0,20.933728827416072,0.02868143957252868,70.09617,-3.362690310211484,-0.022941887990442222,0,1039,0
AB54C437-ADC5-456C-A346-438A3B4BB50E,6964,3,346.0,3,0.15723721998851237,665,34.854250430786905,491,77,820.0,124.73052839826782,454.0,0.0,78.86122546573446,0.0,237.0,-44.75159321308264,-0.1144087861785289,0,1039,0
CD712F25-2578-4742-8566-6A43356A5998,5521,4,197.0,9,0.5950009056330375,1471,97.24959246513313,134,182,392.0,124.67276957939106,277.3879,-12.50327,32.73452484577069,0.0,156.0556,11.341812209189186,0.05568337521880283,0,1039,0
FA08B10A-47AA-4772-989C-E679E91CA2EE,12726,5,41.75,2,0.05736287914505736,369,10.583451202263083,25,750,107.0,36.38070959058144,97.9,-153.4085,6.802537238714182,0.0,45.0,0.10152034769016893,0.020182447078479743,0,1039,0
5EEB6A31-85AD-48E8-B1AC-6C5B174D7321,12726,5,140.0,0,0.0,0,0.0,-1,195,693.0,169.5696932642111,328.6,-4.096977,41.02621517806657,0.0,217.2,-3.640318264211089,0.030732697909505228,0,1039,0
DEA79AE6-198D-4E74-BD03-0DD4BD589EC7,12726,10,79.44444444444444,0,0.0,0,0.0,-1,35,800.0,301.7591223588786,1010.925,0.0,91.20405437588705,0.02868143957252868,414.0015,-1.8171126443724006,0.14398034789931613,0,1039,0
9DD19E83-FCEA-4D9E-9268-C0CAE7F360EF,12726,10,43.888888888888886,6,0.17208863743517208,369,10.583451202263083,763,619,739.0,108.20898362332423,446.06,0.0,58.543010833829456,0.0,180.9,41.01842069766343,0.36735362847709835,0,1039,0
C4F3FAC7-F8EF-4BBA-B4C7-B428523D59D5,2381,6,120.0,9,1.3796724065518688,189,28.973120537589246,32,359,151.0,25.788690114320712,98.2241,0.0,10.044576568405251,0.0,39.281268000000004,0.024267910933915005,0.035452662938273476,0,1039,0
3E35053E-1B5D-4BFA-8924-2C873EB506EB,5832,9,68.625,4,0.2503429355281207,356,22.280521262002743,393,199,256.0,75.12495939632683,249.6,-1.851,45.053452808521556,0.0,139.5,40.019499079290455,-0.23066023875479047,0,1039,0
0D71D5CD-14C2-40C4-9DC2-1A42AECB1007,5829,4,82.66666666666667,0,0.0,0,0.0,-1,750,251.0,88.61664692556909,286.0,0.0,43.38103365796825,0.2504717790358552,152.0,-21.881461740383898,-0.06098489525462554,0,1039,0
A9441B94-9CE5-48A5-98C9-4C5026B2554B,6895,13,81.08333333333333,3,0.15881073241479332,15,0.7940536620739667,534,24,203.0,38.812652686955765,110.0,0.0,18.911687073463916,0.0,64.0,-4.143671205474284,0.052763715685033435,0,1039,0
039F4325-748B-4AD3-856B-A4107D4F9B4A,4374,3,154.0,0,0.0,0,0.0,-1,440,554.0,118.93258207311571,337.3034,0.0,52.456781210905774,0.0,185.97719999999998,-27.469115115708306,0.2081230171264055,0,1039,0
DD003CA7-B370-4F1C-A878-C9186208F1EE,9051,4,218.0,4,0.1613081427466578,155,6.250690531432991,113,95,792.0,242.83100684706875,974.68,-24.358,83.78547221449796,0.04032703568666445,348.64,-13.391033081636607,1.6166857316631074,0,1039,0
E50B28CD-CAA2-43B2-A05B-6EDC4F3DA836,1347,4,201.0,0,0.0,0,0.0,-1,144,887.0,97.45257210551046,236.667,0.0,31.60909404544344,0.0,136.61176,-2.0776265947079793,-0.11673562420839029,0,1039,0
FED111EB-CCDD-4817-8961-13BF305C41EA,8377,6,189.8,1,0.04357168437388086,14,0.6100035812343321,498,65,178.0,34.19743350027911,123.4269,0.01054682,14.566189223674062,0.0,54.981643999999996,-1.4498431325615186,0.14353578208842485,0,1039,0
1D8C85DB-215C-4A9B-95F8-CFAAF8B7FF81,12726,9,50.25,5,0.14340719786264342,495,14.197312588401697,492,480,99999.0,10.072889174834513,239.63,0.0,11.454674232229388,0.0,24.19434,-10.072889174834513,0.0,0,1039,0
78AC9471-AC70-4BEB-8641-A51A07FE0B39,6329,6,147.8,5,0.28835519039342705,662,38.178227208089744,82,2,259.0,94.51714476664412,206.5869,0.0,24.28551318176752,0.0,125.5298,9.518301422399091,-0.016630132164911302,0,1039,0
637B4840-C7EB-4E4D-A7FA-BA12322AF8DC,5486,5,111.75,1,0.06653299307327744,223,14.836857455340867,811,297,811.0,426.74355753459,629.5574,0.0,33.62912723312541,0.0,463.22042,13.491568916027234,0.12221494271084117,0,1039,0
15E752D2-5816-4ABC-9A94-9413FC7C5BF9,969,7,136.33333333333334,0,0.0,0,0.0,-1,131,802.0,106.11905822130154,346.5729,0.0,69.2333004943504,0.0,187.294,54.752602898297226,-1.411646626109174,0,1039,0
78FE1262-E81F-4AA3-9E68-B4DF3DB9BDAD,1262,4,216.66666666666666,3,0.8676703645007925,253,73.17353407290017,424,117,452.0,103.33047677384593,196.1997,0.0,28.749521274886916,0.0,145.423,14.047441564117022,0.08023408666696809,0,1039,0
5ACB4C39-0501-4B0F-B92D-F4D32196BFA8,5884,4,77.0,3,0.18609789259007478,73,4.528382053025153,409,736,377.0,42.925303041356834,240.8213,0.0,30.456723930083516,0.0,84.0,-14.905858596912388,-0.06411113854937166,0,1039,0
22610DBA-9F12-4164-BCC2-BAF02CC3C38F,6987,4,201.0,1,0.0522398740518105,207,10.813653928724774,811,127,171.0,18.720395038639424,235.1959,0.0,4.820933538448426,0.2611993702590525,24.63925,2.4727799222402034,0.03588615710150969,0,1039,0
A212072B-32B4-49B4-ABBC-CF03C659F7E3,3981,8,97.71428571428571,5,0.458427530771163,661,60.60411956794775,99,249,1188.0,306.3721496984747,934.24,0.0,154.55851833101084,0.0,540.0439999999999,-145.15574074785738,0.28350048016887347,0,1039,0
53FACE0D-C0E1-4009-91C9-CA879B3F48F0,12726,6,73.6,1,0.02868143957252868,60,1.7208863743517209,811,380,266.0,112.87284665377794,319.9,0.0,29.55928912384378,0.02868143957252868,148.6,-29.563571962342763,-0.138905500449558,0,1039,0
063B9AB9-5AC9-4600-862E-B3FDC77392F0,12726,11,88.0,1,0.02868143957252868,189,5.420792079207921,664,11,887.0,235.2934152141466,558.0,0.0,112.73453965125346,0.0,369.0,-61.44974237464041,0.07691210163104358,0,1039,0
5976B219-558E-4D60-97C1-37CB026B0D81,5083,5,181.5,3,0.21542396222703128,426,30.59020263623844,77,1,357.0,40.43378220565302,140.0,-3.289,19.37961572449867,0.0,59.0,2.690369028914887,0.0020387176285633322,0,1039,0
62F5BB0D-8F8B-4278-8C01-3DB60B53DEC9,12726,5,141.75,7,0.20077007700770078,2108,60.46047461889046,158,159,450.0,91.00738006452174,350.0,-10.07334,48.07626561955329,0.0,146.0,1.598715614490601,0.08284761950483693,0,1039,0
D00320B6-6D62-4359-BB2E-76E9F7739537,12726,4,181.0,5,0.14340719786264342,1744,50.020430614490024,202,179,199.0,60.98428701600327,239.6283,0.0,20.416074809226817,0.14340719786264342,86.0,-2.2221728184724086,0.26629505014331784,0,1039,0
A98F3C84-3F34-48AE-9052-56A5E5934AC2,12726,14,68.23076923076923,3,0.08604431871758604,26,0.7457174288857458,292,59,887.0,277.6449476958911,576.0,0.0,81.31471888129023,0.0,368.0,-2.999824239100974,0.11513463024672932,0,1039,0
A78A0D46-2591-45E4-A2FF-82E5246E3094,12726,6,156.2,0,0.0,0,0.0,-1,189,1044.0,8.719693833622253,521.246,-728.1993,53.015349550130026,0.0,0.0,92.07909547964934,4.408721644195998,0,1039,0
5E761A88-76FE-4198-8E85-039CE77EDEF9,4061,2,143.0,4,0.3595173602560946,575,51.6806205368136,214,575,452.0,206.85023615258314,435.8955,0.0,43.350757598075546,0.0,262.43852,13.869753777972392,0.0466318330621713,0,1039,0
DF88F395-7D5B-4E72-AB84-030D8C44E9C9,7579,6,18.4,0,0.0,0,0.0,-1,702,440.0,185.70851096240472,348.58,0.0,41.88503107778076,0.0,246.4023,35.92909166105207,-0.24620668818303687,0,1039,0
CD471C9E-4DB6-4A0B-A7BC-EDB6084321E5,4284,8,77.42857142857143,2,0.1704014939309057,209,17.806956115779645,433,173,301.0,77.98190943857269,504.8663,0.0,18.23157177792434,0.4260037348272643,101.62068,-23.301392313572684,0.049726416137285886,0,1039,0
67283C11-F89A-4F7F-BAC7-026CCF896C40,12726,1,0.0,0,0.0,0,0.0,-1,715,188.0,29.287090298339432,78.2,-24.0,9.975136275670422,0.0,42.2,-2.659814060916588,-0.02081741339782866,0,1039,0
D28C46DC-BF3E-41DE-AD8D-98E577997D49,9863,6,127.0,2,0.07401399168609957,57,2.1093987630538376,346,77,489.0,74.75682902847349,1061.0,-112.125,42.78962119820982,0.037006995843049784,131.0,2.84321745214379,0.9861011316597957,0,1039,1
C82E945E-0D25-461E-915C-B4C89B4C6015,8897,8,71.0,1,0.041025064628526474,6,0.24615038777115883,501,208,739.0,166.33000492828316,409.0731,-2.6,72.59871865063697,0.0,252.88921999999994,19.293914824803267,0.3562042410355353,0,1039,1
D7226C0C-05E0-4A38-8ACE-0DF171DE1DF7,4345,2,174.0,5,0.42002301495972383,554,46.5385500575374,311,708,452.0,166.9467560957069,351.4146,-135.7022,60.82017678382753,0.0,247.97928,-63.68719906329949,-0.038111667679696114,0,1039,0
1DB4A099-6EE9-476A-8F02-F2CBF243200B,9501,3,380.5,2,0.07683401747184507,133,5.109462161877698,20,15,489.0,153.30124425227734,310.0,0.0,29.495978842640447,0.0,189.0,1.589882290932536,-0.1353375245230746,0,1039,0
03043F46-6D02-4C93-8520-5A32BB0B8D14,2954,3,317.0,0,0.0,0,0.0,-1,67,1246.0,184.7420488999846,491.9,0.0,49.56628586235722,0.0,249.3,-19.946948591342647,0.3291436128372865,0,1039,0
B8553E8A-AEDB-4CAE-AE4A-3F3CFC08026D,12726,6,111.8,1,0.02868143957252868,92,2.6386924406726386,729,169,314.0,61.67613164041846,188.0,0.0,20.51501375609983,0.0,88.0,-4.440406331776487,-0.17659318937415228,0,1039,0
580F42B9-F6B8-45AC-B957-36049DF0A63A,12726,5,150.75,2,0.05736287914505736,27,0.7743988684582744,731,127,377.0,156.84390845075623,333.7983,-483.7,40.62916645290732,0.0,210.19282,32.55512330001537,-0.03888593266505608,0,1039,1
1D49708A-644C-4562-9BDC-F363556740C4,882,7,85.16666666666667,17,7.035147392290249,1190,492.46031746031747,59,191,60.0,5.233540946900998,27.062,-5.72205e-05,5.844828155590955,0.0,12.451,1.37766383704962,0.011024676228884249,0,984,0
A307702A-865B-442F-A6F3-D9CFDD7DE0E8,917,7,66.66666666666667,1,0.3980370774263904,11,4.3784078516902945,602,460,887.0,116.16401321598721,527.9236,-4.22,73.5005500668446,0.0,210.5865,2.8111800490590895,0.1448422826021665,0,1039,0
237A5DCE-58B2-45C6-BB33-140395E78921,7147,12,43.63636363636363,3,0.15321113754022667,58,2.962081992444382,328,274,472.0,156.1939375695583,534.313,0.0,42.891442542305434,0.25535189590037777,201.9653,-10.533989003200276,-0.016734355352654603,0,1039,0
0CA68153-851D-4968-A9DC-0C42009EFDE9,12726,11,72.2,0,0.0,0,0.0,-1,48,693.0,192.08018167202343,481.1312,0.0,87.61496943365034,0.0,310.73548,-43.110956340696276,0.19812217409806285,0,1039,0
B09F4E36-28B7-431A-90DE-64AB1C2A7F8A,12726,8,47.857142857142854,1,0.02868143957252868,164,4.7037560898947035,811,484,269.0,136.39007743947738,261.9,0.0,21.78243398880637,0.0,161.8,-24.488904599971207,-0.054213448848391736,0,1039,0
09531D9B-5C40-4E4C-9FF9-8F254CE91CDE,12726,9,100.625,2,0.05736287914505736,434,12.447744774477448,85,2,800.0,321.15269923917896,790.2831,-3.236415,80.67644092649496,0.0,415.192,24.327498476870403,-0.22476025243203795,0,1039,0
730975BB-1E09-4FC7-A169-C4AD051BA7C3,3347,5,139.0,7,0.7633701822527637,454,49.51000896325067,425,338,416.0,78.37437963082323,265.6706,0.0,40.304173888484755,0.0,133.07592,-12.77965542002076,-0.11328452154891085,0,1039,0
8D49D287-FE99-40A8-B5DA-B98817B8B295,12726,7,134.66666666666666,1,0.02868143957252868,98,2.810781078107811,7,8,271.0,76.85913379446748,162.4763,0.0,15.195295033214016,0.0,92.11068,5.739293106226967,-0.007483036859395541,0,1039,0
3820730B-D446-4C90-947C-92FE4D813F7A,12726,7,115.16666666666667,3,0.08604431871758604,278,7.9734402011629735,7,31,271.0,78.3746854860522,172.9087,0.0,13.875852429293001,0.0,92.76151,4.818265322882979,0.01682094133288242,0,1039,0
2FB42A0F-3126-4CA4-850B-AFED58E6F1BD,4506,2,1.0,4,0.32401242787394585,658,53.300044385264094,214,692,901.0,149.68329165561184,491.0889,-67.0,65.07640588820637,0.0,229.248,7.6922426337400225,0.9643352522172426,0,1039,0
322348D6-CAA9-48CF-801B-69047E083E89,1023,3,132.0,1,0.3567937438905181,4,1.4271749755620724,124,692,452.0,81.90945490995736,293.8461,0.0,44.99006436451207,0.0,144.7201,4.65595606920931,0.08628172137327243,0,1039,0
9DED6C01-5F39-4D14-ACAD-AAB508EEB6BA,4341,3,118.0,2,0.16816401750748675,169530,14254.422944022113,16,691,887.0,147.71256016685965,356.5359,0.0,72.84236304047624,0.0,234.06101999999998,-5.639874689236194,-0.1092594902624293,0,1039,0
BAC94273-4572-4578-8CA3-1DBFB8291294,12726,18,38.23529411764706,4,0.11472575829011472,184,5.277384881345277,395,373,269.0,73.61700432878646,514.576,-74.02341,21.040384432454022,0.14340719786264342,100.05377999999997,-3.3768011258543567,0.097263724229152,0,1039,0
1B963941-733C-4279-AA9A-F207BD0D1F18,12726,20,42.73684210526316,3,0.08604431871758604,47,1.348027659908848,386,85,452.0,101.98092642231153,772.1361,0.0,44.63473330166652,0.02868143957252868,153.67962,-4.381198085120175,0.2878412284271816,0,1039,0
1A17FB4A-5F58-4C7D-BF39-6C6911CEFE88,4366,8,92.85714285714286,1,0.08360054970224462,60,5.016032982134677,41,35,800.0,310.13711350767704,645.9803,0.0,84.41346543656185,0.0,417.9872,-10.069342380902299,0.2190969061653745,0,1039,0
6BCF5FA9-D936-49A4-956D-17D01F084F47,5538,4,102.0,0,0.0,0,0.0,-1,380,511.0,165.35953131081072,436.402,-184.722,36.60347197778605,0.0,211.41284,-10.567754602477379,0.522112483510641,0,1039,0
1774AC61-DAD0-4225-B1C7-8C3D76A609E5,1901,2,1.0,2,0.38400841662283014,220,42.240925828511315,707,687,602.0,50.05050722058872,179.693,-2.464044,11.13091746256477,0.0,61.104956,1.6635413226211568,0.016804326586909155,0,1039,0
1C3CBB2F-4D26-49E4-B33F-736EB1D4587E,12726,10,92.22222222222223,0,0.0,0,0.0,-1,18,578.0,72.53980805906684,181.8956,0.0,28.176462644571796,0.0,106.7974,4.185000520408465,-0.794342108123301,0,1039,0
531FCD46-83A5-4F94-B5DF-71B7B1C992D4,6715,7,76.33333333333333,2,0.10871183916604617,28,1.5219657483246463,8,465,223.0,32.53666583410416,145.3582,0.0,16.88812511628417,0.0,54.654328,-10.583021696951384,-0.08446874516097894,0,1039,1
3155C5B4-C6ED-4649-9E4C-8FF87F25F000,10101,6,122.0,1,0.03613503613503613,291,10.515295515295515,877,64,1270.0,312.45438533599497,691.16,0.0,107.75514351854419,0.0,444.19,46.21025200968404,0.16342076753840779,0,1039,0
F62BD0CA-53E7-4460-BB66-910DBE0F2DDE,3787,1,0.0,0,0.0,0,0.0,-1,670,630.0,168.7162248087439,310.0,0.0,33.33935361542529,0.0,212.0,-11.804110611213048,0.04668986340320049,0,1039,0
E2C1F887-0A50-491D-B7A1-BEDC33CE0F2B,3339,5,201.75,1,0.10931416591793951,359,39.24378556454028,811,127,301.0,67.30973813746142,246.8191,0.0,43.923155744175645,0.0,138.18555999999998,4.985611758063271,0.014214074471743854,0,1039,0
9224BD01-549B-44D0-A062-5E612F54A67D,12726,5,0.0,5,0.14340719786264342,762,21.855256954266856,405,658,100.0,13.96460278416674,77.39868,0.0,11.905141439926654,0.0,28.19824,8.480631818996837,0.08834173747608837,0,1039,0
7084F0EA-F33F-446D-BA3E-7209E8CA9A41,12726,4,46.0,2,0.05736287914505736,84,2.4092409240924093,723,660,314.0,50.28272236240605,173.0,-46.0,26.063631796502147,0.0,85.0,-18.264666806850492,0.03485341125787746,0,1039,1
5859D661-EAE9-4855-8537-DF33D4EC934C,2422,3,116.0,1,0.15070189925681254,434,65.40462427745665,811,659,301.0,30.505536401922935,146.5724,0.0,20.972852914531277,0.0,60.71084199999999,7.031872362969043,0.03137344062517898,0,1039,0
53BA14D9-3C5C-4616-AB93-017E1C32B497,5278,2,292.0,2,0.13830996589617278,346,23.927624100037892,65,366,274.0,111.89593532359932,206.25,0.0,28.07802435413966,0.0,148.75,-15.988143201685716,0.028257096446429812,0,1039,0
0FEAB975-926F-4BBC-98D3-89BE8924FB20,12726,4,207.33333333333334,12,0.34417727487034416,737,21.13822096495364,79,108,376.0,132.69410407185288,430.916,0.02126971,44.43545159166522,0.08604431871758604,194.77996,-12.196174002483275,-0.006330271846268937,0,1039,0
7D8B619B-1A1F-4C8B-B1DB-74F8055D6D1A,3641,2,356.0,2,0.20049436967865972,17,1.7042021422686076,141,295,150.0,20.921529213490665,539.1084,0.0,8.42934584811417,0.5012359241966493,31.0,-2.0038594604042466,-0.036215890850742866,0,1039,1
5A4968D3-4F8F-4884-B729-C3F532CB9B58,4304,4,172.66666666666666,4,0.3392193308550186,380,32.22583643122677,257,372,301.0,14.842850430102938,40.37077,0.02820016,3.296530879605203,0.0,18.648222,-1.2250441990844188,0.011021634045571181,0,1039,0
7E1FF200-9640-48B3-9D6A-480E4A296740,4871,6,22.2,3,0.22479983576267706,264,19.78238554711558,369,533,251.0,96.73967444836254,152.9352,0.0,13.630319619766652,0.0,112.99907999999999,-2.1772790016032815,-0.0073520772964428115,0,1039,0
DBC62C1B-1683-4972-ABF7-FAD2EBCF66FF,12726,15,56.92857142857143,4,0.11472575829011472,60,1.7208863743517209,708,123,461.0,130.35581951667928,319.4197,0.0,72.14772494192214,0.0,197.7797,16.977009651530608,-0.027365197725761785,0,1039,0
90294E09-1B40-4D4B-B3A1-2C9C8ABAD9B4,1009,5,88.5,9,3.2556987115956395,2696,975.2626362735382,795,576,416.0,40.28234697435194,89.00196,-22.17479,10.23761200148489,0.0,50.09687,6.864350404506084,0.1874530061238326,0,1039,0
C33CE1CE-EF0C-4763-853D-5ADE9D22023B,4247,3,223.0,1,0.08594301860136568,236,20.282552389922298,385,192,602.0,178.32358845174593,286.2,0.0,34.32826801598154,0.0,216.4,1.849567412451563,0.1334023690623145,0,1039,1
D3CE6410-E249-437E-87CD-BAB7A359B7FB,4253,2,35.0,0,0.0,0,0.0,-1,602,452.0,112.30036048645646,291.0,0.0,43.43609946028061,0.0,171.0,18.575796920950964,0.1286412245680702,0,1039,0
96C29E72-3A47-42C9-ADA7-07FF12C18ECF,8389,4,76.66666666666667,1,0.04350935749195375,36,1.5663368697103348,815,485,126.0,40.66541795256581,74.4,0.0,11.796897476979952,0.0,55.6,-0.05886702663988075,0.0613355501136046,0,1039,0
C04FEE63-ADE6-4FDF-A858-A00078197C51,1625,6,105.8,0,0.0,0,0.0,-1,401,678.0,49.39775135033833,539.4024,-37.2,27.651328626630356,0.0,85.0,-8.315806905893886,-0.2100406771755567,0,1039,0
335C0ACD-5064-49CF-874F-A665F861F7AE,12726,5,116.75,3,0.08604431871758604,57,1.6348420556341348,77,465,225.999,28.37974458764451,799.9007,-4.882813e-05,28.325366790772506,0.05736287914505736,62.783545999999994,24.23818436403579,-0.14153554172420005,0,1039,1
2AD2958A-9832-4E44-8829-835B86560F81,8280,8,125.14285714285714,1,0.044082125603864736,272,11.99033816425121,811,126,901.0,194.6662801192046,386.5273,-13.38,46.18295655169212,0.0,250.5069,-9.42637644945151,0.01516927314053831,0,1039,0
0F8EA3F7-DE6F-424F-9B2C-73F34BCA6330,4771,6,95.2,1,0.07650387759379584,65,4.97275204359673,305,152,473.0,101.78837689922909,366.7786,0.06575783,53.01376964057156,0.0,175.02893999999998,-62.91568495324143,-0.015817710390665162,0,1039,0
51292C18-31ED-4D63-B6FF-52F12960B6B0,2740,7,48.666666666666664,2,0.2664233576642336,485,64.60766423357664,407,336,1247.0,322.7427666127692,787.2072,0.0,188.13299970931584,0.0,586.02764,-12.406153498803121,0.06917202809993636,0,1039,1
77654BD6-E4C2-41AB-9495-B1ECCFD1C628,12726,11,63.4,0,0.0,0,0.0,-1,48,99.9995,7.574341312073064,79.30042,0.0,13.329844179694684,0.0,28.559987999999997,9.677982343806566,0.03991247117741654,0,1039,0
BAAF667E-703D-4EB8-9EF0-B8B82B90AF23,8345,4,263.0,3,0.13121629718394248,1394,60.971839424805275,210,14,251.0,75.1889388515933,177.4,-16.266,19.94016491054831,0.0,101.8,-4.087781444185893,-0.7459584402282078,0,1039,0
5C0A84A2-ACFF-44F6-BD8A-DDA8476E0243,12726,10,67.55555555555556,2,0.05736287914505736,52,1.4914348577714915,402,404,269.0,79.17477896255197,1013.519,0.0,22.331093054138197,0.02868143957252868,107.53533999999998,-3.974130906224815,0.10426524304948546,0,1039,0
5DA4F020-A8EF-4993-9B53-FD9AD31CC80A,12726,3,186.0,4,0.11472575829011472,2132,61.14882916863115,404,617,267.0,80.1642815450414,203.88,0.0,31.165392249139494,0.0,123.96,-0.9792684277574608,0.57957461312091,0,1039,0
312981FC-E0DB-4FC9-A22D-3FBF3758377C,10181,12,47.27272727272727,2,0.07170219035458207,107,3.836067183970141,207,89,235.999,56.57323556404319,129.5776,-28.72266,14.075781830854286,0.0,72.81494,-17.41752983333331,0.07843260158486627,0,1039,0
494789BE-7AEF-49FA-A3F8-C72011A46C07,4702,6,93.0,0,0.0,0,0.0,-1,143,693.0,107.53332688354627,211.3531,0.0,20.75159962694928,0.0,131.15006,2.690314428182134,0.333422327652384,0,1039,0
578C8533-3CBE-4331-9D4F-38BD6E87928C,3411,2,607.0,2,0.2140134857812958,184,19.689240691879213,339,3,452.0,116.05549394602463,302.2222,0.0,81.84910336008977,0.0,229.99865999999997,27.916258054746976,-0.01475951433089846,0,1039,0
C77DC20A-45BB-45CF-91B7-EB9F38FCAB26,2980,8,72.0,2,0.2449664429530201,587,71.8976510067114,616,400,415.0,77.90300526198774,341.644,0.0,40.379253944352826,0.0,132.45082,-12.783227951030952,-0.11394708353575721,0,1039,0
9AB321E0-E4A3-48F6-BB81-9B07AB1BDF9F,4175,2,277.0,3,0.2622754491017964,202,17.65988023952096,339,610,452.0,116.19325277327434,302.0185,0.0,81.61377615570784,0.0,229.85345999999998,28.23837075257444,6.649363150452451e-05,0,1039,0
6182B77A-39DC-4FFA-B4DE-4C269400AF62,5573,3,217.0,1,0.06549434774807106,7,0.4584604342364974,754,211,314.0,53.23474926714946,195.0,0.0,19.07165857892731,0.0,78.0,1.2671797451962163,-0.04540746914347875,0,1039,0
2FFCC62F-4FEF-4B9C-ACB6-A1EFCDD68B58,12726,16,37.266666666666666,2,0.05736287914505736,63,1.806930693069307,272,50,235.999,61.175742974961004,399.9634,0.0,15.28358468269012,0.02868143957252868,78.79639,-19.642002101504204,-0.004935608990405577,0,1039,0
BF27730A-1062-44DA-AFBF-F53BDC915EC3,12726,4,83.66666666666667,1,0.02868143957252868,15,0.4302215935879302,333,351,261.0,60.899498033679805,282.5585,0.0,22.549108102652276,0.11472575829011472,89.6,-0.1257557488804224,0.13751747470184372,0,1039,0
1E07BAE7-73EA-46CE-B7A9-E0370849DB47,1069,10,107.33333333333333,3,1.0243217960710944,129,44.045837231057064,757,14,887.0,183.12526466357,493.3319,0.0,76.99133633604752,0.0,274.3988,-29.925241162798386,0.07690489162284708,0,1039,0
DD39BD46-C53B-4406-ADFC-44C9D5A4EEFA,917,11,63.6,5,1.990185387131952,8207,3266.690294438386,97,221,887.0,114.0708039346416,381.1188,-0.46,73.2181158638351,0.0,209.0149,4.931141529787411,0.14534301237059016,0,1039,0
CC375D16-BB36-44E5-AEA2-38D64FFB1798,12726,6,102.6,4,0.11472575829011472,5589,160.3005657708628,41,83,1370.0,318.4032051376442,826.61,-361.73,121.48725705674393,0.0,485.63399999999996,-68.23635945863182,0.39456985087300106,0,1039,1
E57197DC-6EA9-4F3C-B3EB-4ED92D17A6C6,1023,5,89.0,0,0.0,0,0.0,-1,598,452.0,85.3271159961046,248.4846,0.0,39.99403973217339,0.0,143.5327,0.5223923094509644,0.08628456000161319,0,1039,0
FB435CCC-49EC-4293-9E12-8848430AB34B,3761,3,245.0,6,0.5822919436320128,1078,104.6184525392183,22,369,301.0,75.55009913499848,208.2538,0.0,23.21528198751397,0.0,101.23865999999998,29.79188337915123,0.5527566596023078,0,1039,0
049F4E33-511A-40DA-AEE8-FA4368601894,12726,9,25.25,3,0.08604431871758604,47,1.348027659908848,167,431,470.0,160.16706155339241,1008.07,0.0,54.36529864487535,0.17208863743517208,212.64694,-5.709304860491159,-0.08835372575618991,0,1039,0
552652D8-4570-4DA8-A1B0-E419BC77A04B,8556,7,131.83333333333334,0,0.0,0,0.0,-1,202,472.0,139.72390795571823,471.0,0.0,31.248615293591957,0.0,176.4679,-0.8016712597305968,-0.1695467980559162,0,1039,0
68AA5796-52C8-484F-9DCB-DB5E8835BEF9,6975,10,46.0,1,0.05232974910394265,434,22.711111111111112,103,294,452.0,110.91902707207645,245.2874,0.0,24.421866325770708,0.0,139.14184,-14.949897258238238,0.7452545923141919,0,1039,0
796651F4-2341-4804-915D-A592B87EC674,12726,8,76.71428571428571,0,0.0,0,0.0,-1,51,472.0,155.24550783807427,732.7881,0.0,70.08940743923081,0.14340719786264342,216.156,-82.95465993387674,2.839516978005775,0,1039,0
1610F0BE-08DA-4EA2-A731-A68E5D89F150,12726,10,82.55555555555556,10,0.28681439572528683,2551,73.16635234952066,122,168,259.0,76.71357276660281,214.3982,-15.06,24.39305589121162,0.0,103.15227999999999,31.55891997799594,0.5830556852691379,0,1039,0
DCB8F634-92D6-4E91-A14F-1E1BA289F0F2,2812,3,45.5,1,0.129800853485064,375,48.675320056899004,811,498,151.0,11.025656375926161,29.4,-11.20524,4.084355286337142,0.0,15.68,1.3993220191355675,0.01752039117768338,0,1039,0
6796302D-5EE7-4A4A-8EF0-46CFBEB168EB,12726,8,31.428571428571427,0,0.0,0,0.0,-1,436,259.0,96.15540369596471,2029.0,0.0,28.98949989336579,0.14340719786264342,127.4,-5.355311103372117,-0.004915261600744615,0,1039,0
E589611A-9F2F-43DD-B486-B63BD2FCA1F3,12726,1,0.0,1,0.02868143957252868,129,3.6999057048562,811,589,141.0,27.79235444837926,125.9,0.0,14.396288877798648,0.0,48.2,2.0670359882719787,0.048929709115124224,0,1039,0
E1CFEB9D-B220-4FC7-9D44-E63904BCEF82,5447,4,180.0,7,0.469065540664586,351,23.520286396181383,1,320,395.0,174.29622378119205,361.9185,0.01429563,37.56606162525045,0.0,222.86436,-13.42392973430546,0.06470866898078854,0,1039,1
6DED620A-7A47-4EDC-96E1-CF9E74554308,599,11,32.3,6,3.656093489148581,29795,18155.550918196994,287,259,678.0,123.64283882422569,382.0,0.0,89.51863280799508,0.0,238.0,1.5559266078730758,-0.0935713371107871,0,705,0
94C39812-BC1C-485D-A316-AEDD8B235507,7955,6,159.2,0,0.0,0,0.0,-1,135,489.0,107.505108761303,254.0,0.0,26.635372203757182,0.0,142.0,10.146665930055022,-0.07115733309565392,0,1039,0
97CB5650-DC04-4E1A-8A96-782066AEADFA,12726,12,75.18181818181819,10,0.28681439572528683,1634,46.86547226151187,373,32,218.999,36.90497105580309,173.0347,0.0,40.165491476979184,0.0,81.478588,17.300675164152295,-0.0029565380924513633,0,1039,0
5B376294-316F-478F-8235-507F0B951C67,3396,6,102.2,2,0.2149587750294464,28,3.0094228504122498,536,76,490.0,122.5021894994679,270.8837,-103.9867,31.596119673439976,0.0,160.283,-5.394522307261113,0.09561353486742402,0,1039,0
FBEDE38E-E6F2-4587-9B05-3A116BFA9A28,3482,5,144.0,2,0.2096496266513498,561,58.806720275703626,603,6,452.0,116.65151354868983,249.8689,0.009360424,20.2388244860463,0.0,141.38479999999998,8.452199796655378,0.12037153725781702,0,1039,0
739D0037-CFA2-4D01-9B9C-F24DA571991E,5452,12,84.36363636363636,1,0.0669479090242113,38,2.544020542920029,815,2,261.0,30.278503147777545,235.4852,0.0,13.967260001733377,0.0,48.0,-8.348294814444213,-0.12110334266235635,0,1039,0
3697A454-05B7-4A7F-9EFD-A7C6EC7A63BF,8435,6,89.2,4,0.17308832246591582,576,24.92471843509188,272,571,266.0,76.73339418478719,223.5,-2.492714,28.07754187519647,0.0,115.1,-3.0047059131050844,-0.12576676132686407,0,1039,0
8B3CBC04-0E04-4D93-B8EC-53C1D5B36F6A,2626,2,0.0,0,0.0,0,0.0,-1,568,347.0,21.19858192260938,122.5566,0.0,12.00522055562368,0.0,38.42054,2.5971470815572815,-0.009390861968579975,0,1039,0
48530EFB-01FE-4AF6-AE0A-8AF27F3F3003,9106,9,107.25,2,0.08016692290797277,44,1.7636723039754008,506,15,261.0,104.03939096970021,378.6778,0.0,47.611899066252825,0.2004173072699319,163.9,13.53412754881829,0.2520588046991517,0,1039,0
161BB03E-9934-47A2-AF1E-6D2E5420371A,12726,39,22.13157894736842,0,0.0,0,0.0,-1,3,1083.0,212.9415134463051,915.5884,0.0,107.23833786572507,0.0,350.769,-27.935398142786568,0.18069815066745437,0,1039,0
575F6BD7-B6D0-4D7D-88A1-ADE8E25DCCE1,5194,5,129.75,0,0.0,0,0.0,-1,395,400.0,91.90339049910646,282.4227,0.0,47.70243870888952,0.0,157.0,-25.854239264538563,-0.26893815194384413,0,1039,0
3D02237E-52DC-48D0-A424-F9146A2FE717,12726,3,66.0,2,0.05736287914505736,217,6.223872387238724,297,478,98.0,36.03321281941943,95.8,0.0,17.82062375131975,0.0,56.5,0.531470832895387,0.010167687591483074,0,1039,0
AEBAED0D-838D-4DFE-A656-A2B31FD07529,5351,4,95.0,2,0.13642309848626424,67,4.570173799289853,41,557,511.0,53.19000978503457,218.0,0.02005204,25.08293398291065,0.0,86.36850999999999,5.337291149147525,0.01629719502705135,0,1039,0
38FBACB2-837D-4E4E-8D03-B5E91A48F188,12726,9,64.75,3,0.08604431871758604,764,21.912619833411913,368,228,803.0,208.46617346556724,532.1503,0.0,63.665672951924016,0.0,284.9579,-7.384303199363529,0.16037982776604381,0,1039,0
CE80BE38-EA62-41E0-9A23-B701BB719304,2825,3,87.5,1,0.12920353982300883,19,2.454867256637168,438,379,301.0,40.014103470189475,93.741,0.0,17.448515505738687,0.0,61.12392,-1.6674763978900913,0.10396019636903253,0,1039,0
AAE94654-1BF0-4685-9517-9455367E1819,3016,7,82.83333333333333,3,0.36306366047745353,598,72.37068965517241,26,55,1246.0,287.8952091812947,692.8052,0.0,156.88763801548927,0.0,511.79499999999996,-23.81177014720521,0.4624305684495149,0,1039,0
3FF158E7-DC5F-4CD0-9142-09E24B0EF3EC,8190,6,39.2,0,0.0,0,0.0,-1,554,753.0,198.37634212834737,420.0439,0.0,58.091089888608415,0.0,274.585,-29.309018084365903,-0.36366341179027434,0,1039,0
0B6F7610-23BE-4C8A-BE40-A7682629EE32,12726,3,238.5,5,0.14340719786264342,20629,591.6694169416942,216,76,538.0,67.19488226502106,212.6221,0.0,35.512221517854286,0.0,109.2041,-45.3439911299902,-0.7119102212510743,0,1039,0
1DE88476-8617-4FC9-91B8-E785414FA395,1788,3,206.5,5,1.0206935123042506,8201,1674.1414988814317,433,140,301.0,76.25295019434049,166.053,0.02312617,18.150860663211738,0.0,99.222612,-22.52478120977259,0.050987874582089344,0,1039,0
83B9B9D3-05E8-471E-8652-A76652FF0CB2,12726,4,242.33333333333334,6,0.17208863743517208,357,10.23927392739274,482,78,450.0,131.56102900131856,386.91,-0.59,38.09806758211943,0.0,182.32,-25.64052205687412,0.3140413865679845,0,1039,0
9D8FC919-9213-48A4-8913-B26BF7EDE3C4,4116,2,474.0,0,0.0,0,0.0,-1,77,452.0,145.7655131560101,352.0,0.0,33.7240316796247,0.0,187.0,-13.11975698317059,0.056732598445957474,0,1039,0
CFED983A-90E5-4DE8-B1A4-0A7C82262203,4545,8,113.0,2,0.16061606160616063,195,15.66006600660066,428,36,803.0,248.25516487560822,489.8071,0.0,71.3531320948297,0.0,324.4629,-18.271248417274847,-0.1782268563622429,0,1039,1
1396E67C-1FD6-42AD-8CDA-88D91DA2D0CD,4117,3,0.5,1,0.08865678892397377,102,9.042992470245325,799,543,452.0,145.71827609676922,352.0,-22.91559,64.5943978721703,0.0,230.0,-20.333090911584037,0.12936222121604085,0,1039,0
14AB8259-78C6-428F-9729-CBCC512979E2,10250,5,58.0,4,0.1424390243902439,244,8.688780487804877,390,544,489.0,90.42511991967727,657.2795,0.0101646,52.73827555085235,0.17804878048780487,162.40089999999998,25.484055255052667,0.41773917288880313,0,1039,0
94CC3F23-A1B2-4EBF-9B32-31E8D31D6B51,12726,8,74.71428571428571,5,0.14340719786264342,4305,123.47359735973598,330,21,99.9995,10.641790571404952,86.06876,0.0,15.616398373126065,0.0,34.76117599999999,6.473771719551836,0.02454857424439282,0,1039,0
3C4021F2-DC7A-43D1-98C1-F6F0A981C668,3452,3,0.5,0,0.0,0,0.0,-1,542,452.0,46.54143447094179,497.0,-49.3,14.077203316418474,0.5286790266512167,65.0,9.510417380910063,-0.03519398828393252,0,1039,0
6F8C19AE-D47E-4D76-99B1-E45A0540A6E4,12726,5,108.0,1,0.02868143957252868,168,4.818481848184819,811,512,88.0,16.12873633245798,232.1056,0.0,17.04223254989505,0.08604431871758604,39.53364,-16.09382903245798,-3.3648296792540056e-17,0,1039,0
F1B37FA2-DFDC-4280-8A70-0E6B55E811E4,2804,3,335.5,2,0.2603423680456491,88,11.455064194008559,45,346,452.0,70.65020422697731,260.5839,0.0,41.01489922639385,0.0,127.55699999999999,-6.393895947656318,-0.30309678579667554,0,1039,0
C9567B67-6E01-40B4-8643-87BA3D0335EE,7239,2,0.0,1,0.05042132891283327,294,14.82387070037298,811,533,134.0,17.99207323561145,113.0878,0.0,6.3875868281540225,0.0,25.99718,3.3787753062866983,-0.0032640131995822106,0,1039,0
3DF520E4-7689-4A2E-85B9-A5CE7C2FFE86,8731,13,53.333333333333336,0,0.0,0,0.0,-1,266,301.0,21.893670904850513,223.0312,0.0,31.115070611290236,0.0,69.93627599999999,43.004903173853194,0.06996004186496296,0,1039,0
E5A62A8B-D42F-44E2-817F-5ECBCC83891F,9270,9,98.25,4,0.1574973031283711,495,19.490291262135923,199,173,251.0,93.28559092646263,200.9,0.0,32.36622530339508,0.0,133.2,-9.236397616277458,0.061696006366732704,0,1039,0
688156CA-06E3-4EFE-821B-569593790822,10262,9,89.375,2,0.07113623075423894,43,1.5294289612161374,54,214,407.0,142.60893076616222,316.0,-44.33382,43.02610515276106,0.0,198.0,-29.720890642705427,0.21447452360363906,0,1039,0
B09C6D2B-450D-45BD-B2B7-ECA2AEA3587E,533,21,37.2,2,1.3696060037523452,36,24.652908067542214,936,259,678.0,153.53027508751265,392.0,0.0,79.78443418718993,0.0,250.0,-29.281895457883024,-0.04630538521000154,0,1039,0
B3276020-5E5D-4551-8248-24160FE39953,5059,8,116.71428571428571,0,0.0,0,0.0,-1,160,870.0,204.19152632519237,437.7909,0.01352869,49.09550855767111,0.0,263.55782,2.704604461844667,0.17392429594626574,0,1039,0
A247B87E-89B6-40DB-A582-6C1219A43347,8280,11,98.8,1,0.044082125603864736,149,6.568236714975846,811,25,901.0,194.81456776828665,388.9512,-10.58407,45.50574070545966,0.0,250.27605999999997,-13.182561692252676,-0.04771542748307724,0,1039,1
49CDD374-7817-4DD6-87E1-29355F56E953,12726,6,142.2,4,0.11472575829011472,339,9.723008015087224,325,58,107.0,31.283962730862676,207.9075,0.0,9.264612212972105,0.08604431871758604,40.8,0.5934215283965862,0.07059805623005137,0,1039,0
5EC41322-BCC3-4C82-8C54-BB599A1CA006,7239,2,1.0,1,0.05042132891283327,304,15.328083989501314,811,526,134.0,18.768376521595375,84.49085,0.0,5.804524282395563,0.0,25.99718,3.310674554021908,-0.0031582780199430126,0,1039,0
D27247AC-2C6B-4730-8EA1-90FD66830349,7505,4,100.0,0,0.0,0,0.0,-1,226,490.0,67.60930796364292,237.5486,0.0,35.64903565764498,0.0,115.315,-6.412417505078103,-0.09682886633169935,0,1039,1
FA5ED7C3-6B48-41CC-BEA7-70D7D89AE087,8709,7,136.16666666666666,7,0.29337466988173155,92,3.8557813755884713,511,78,653.0,85.80901356501369,288.7369,0.0,44.78670377985001,0.0,151.03709999999998,16.36181232001718,0.12026632435579125,0,1039,0
C6ED89AF-04D8-447D-8FDB-B2A1CA3FA0B6,6400,8,40.42857142857143,1,0.057031250000000006,93,5.303906250000001,363,522,485.0,73.95900048653114,330.8474,-185.95,56.919472950939365,0.0,166.25889999999995,-4.5065441782132325,0.13507575783184989,0,1039,0
36F1BEA9-9279-4C2D-9BED-A1673776F56D,4719,9,90.25,2,0.15469379105742742,21,1.624284806102988,363,159,225.999,36.67134060873319,110.5957,0.0,15.22789956837926,0.0,56.39648,-0.16648346891837917,-0.0022486117481705743,0,1039,1
DB5E61BA-B974-4894-B987-F981DD5A8187,5264,3,227.0,2,0.138677811550152,199,13.798442249240122,433,67,301.0,77.04070830890386,222.2603,0.03056435,18.208656376681866,0.0,100.60322,-23.500591498869134,0.058257620788328364,0,1039,0
0D0C57C6-4E07-41E5-B24F-238D824A940C,8156,11,71.2,4,0.179009318293281,326,14.589259440902403,768,177,739.0,206.34064212305162,600.0,0.0,107.11309537182453,0.0,339.8438,41.360187955652066,-0.3948702586650256,0,1039,0
1D9ED9B6-C222-46DE-B61F-13738452DF11,2429,14,36.69230769230769,3,0.4508027995059695,387,58.15356113627007,59,49,623.0,174.16456150588658,319.2175,0.0,36.015989273314574,0.0,217.8372,17.668980461706013,0.29074213974159374,0,1039,0
430868C8-CCC6-4943-AA95-91E0B2DDBA06,12726,20,45.73684210526316,3,0.08604431871758604,38,1.08989470375609,57,58,470.0,95.10412958481596,584.5,0.0,76.30409134128367,0.14340719786264342,207.55,-60.04081904089621,-0.0731391458399094,0,1039,0
EF701F11-B8AF-4832-8DBD-ABB7EABEAC74,12726,13,69.08333333333333,3,0.08604431871758604,103,2.9541882759704543,231,113,126.0,38.3671492231301,96.96001,0.0,16.122995331175154,0.0,59.9,-2.82250775623195,-0.023026756023698792,0,1039,0
003F13BB-8478-4AFF-8754-26F032F8718A,12726,9,110.25,0,0.0,0,0.0,-1,76,489.0,51.67849565281413,227.0,0.0,24.48373457001413,0.0,85.0,3.4740506434821654,-0.26419088090442744,0,1039,0
9ADF1D5F-5918-4C45-9473-FE6880E5EA89,12726,2,1.0,2,0.05736287914505736,233,6.6827754203991825,232,516,788.0,223.2991616682619,435.63,0.0,79.26366408029303,0.0,304.864,-77.0175575015952,1.2947353577029745,0,1039,0
56029DF6-E1ED-42ED-97A6-FBFBC73376C3,12726,13,15.75,1,0.02868143957252868,29,0.8317617476033318,613,443,470.0,166.00591734859816,960.56,0.0,45.56364155195954,0.17208863743517208,212.97225999999998,-11.698685518351226,-0.08930600911993421,0,1039,0
9A79782A-BB1D-48A4-BEDA-3A1D87A148CC,12726,8,90.0,2,0.05736287914505736,68,1.9503378909319504,216,178,138.0,32.20660968739082,522.5793,0.0,12.624487196128362,0.20077007700770078,48.44789,-4.926730501048226,-0.013135470705315086,0,1039,0
E4C6B277-46F2-497F-9115-2465A88659BF,12726,2,3.0,2,0.05736287914505736,43,1.2333019016187332,532,511,792.0,227.37354648711235,444.45,0.02,57.786722541506506,0.0,307.46,-49.40011747476666,0.27122502663778775,0,1039,0
5540E277-052D-4923-BB5E-0376C62450BB,1715,5,68.0,23,4.895043731778426,298,63.42274052478135,163,238,361.0,63.74095625941851,342.4075,-2.0,38.757751320431545,0.0,116.64402,-7.139510952836723,-0.42662583138854476,0,1039,0
3915581C-6D6F-45E7-B556-603E272C0F03,1712,4,113.66666666666667,2,0.42640186915887845,127,27.076518691588785,327,169,472.0,43.90951401821201,241.9371,-16.59344,27.919432538781866,0.0,83.921272,2.8481541093342884,0.12672486973576438,0,1039,0
9F1817D7-7F29-400E-AB9A-FF78AABC7B87,7487,2,267.0,7,0.34125818084680115,483,23.54681447842928,242,510,263.0,104.61876953556393,205.8,0.0,21.30404888260698,0.0,129.1,-5.798183115810858,0.05163267755955148,0,1039,1
667BD908-B879-45F1-BD32-7F82F4C5E358,3044,17,55.625,3,0.3597240473061761,411,49.282194480946124,83,80,1180.0,144.8577743259582,1595.849,0.0,48.33533639089691,0.11990801576872537,200.5036,25.39611274781882,0.4136922428239827,0,1039,0
AA5E904A-D9F8-42BD-BC30-63242884D129,12726,4,86.0,2,0.05736287914505736,483,13.853135313531354,218,508,138.0,15.019581760546695,48.3,0.0,3.275296580922498,0.0,19.2,1.514615786135403,0.01678367925479714,0,1039,0
248B4DB8-9DFB-404F-A2A9-CCD9F6648EE7,12726,6,80.4,2,0.05736287914505736,1764,50.5940594059406,106,107,811.0,412.18883256092425,608.3342,-33.22943,38.91859897382843,0.0,447.1516,14.855072153581887,0.11559707857696892,0,1039,0
1C7EBA1D-ADC4-41C3-83DD-A089F8D8D9BB,12726,4,161.66666666666666,2,0.05736287914505736,449,12.877966368065378,552,78,250.0,53.09200450889182,297.55,0.0,26.271644784373667,0.14340719786264342,83.98438,-9.34177302741034,0.019108268967775347,0,1039,0
32369048-1F6A-4C9F-ABFB-7778EDF9E872,12726,31,22.4,4,0.11472575829011472,69,1.979019330504479,9,325,788.0,309.73050379165636,609.91,0.0,107.48676233048997,0.0,447.94399999999996,-52.337790828693414,-0.3552513216083241,0,1039,0
54239F60-1E94-4327-BE4F-348C634509D3,12726,1,0.0,1,0.02868143957252868,696,19.96228194247996,342,500,920.0,101.80803671434403,377.3804,0.0,39.56344378670328,0.0,150.5814,-3.3196416016897103,-0.2935508174821471,0,1039,1
B8847579-5A5D-429D-B6F7-1810F2A7800E,4086,8,71.85714285714286,1,0.08932941752325012,236,21.081742535487027,811,500,269.0,128.93810129378144,216.9,0.0,21.829010226903925,0.0,155.2,-27.566550367855513,-0.051817171072889884,0,1039,0
64883052-ADC7-4180-929D-CA9A2E68CB69,6468,9,105.625,1,0.05643166357452072,286,16.139455782312925,689,66,399.0,89.79012486008017,273.0,0.0,49.43425668835016,0.0,157.0,-24.586035353907334,-0.2700137305475107,0,1039,0
9A68001A-05D9-4FBC-AD45-F66F2745BF7F,12726,4,148.66666666666666,2,0.05736287914505736,938,26.903190319031903,743,498,88.0,28.992915277409626,233.8802,0.0,8.59927253115793,0.08604431871758604,40.39232,-3.603934971159628,0.06255409366877855,0,1039,0
13AF42D5-1028-473A-83DD-5333B7836BC2,1696,2,1.0,1,0.2152122641509434,386,83.07193396226415,811,494,831.0,38.03447070665765,162.9753,0.0,22.263666566012013,0.0,66.95399599999999,4.04184278037939,-0.23719638630974607,0,1039,0
41B39B6C-F9EB-4721-BDE0-27D99E2380C1,5294,2,0.0,1,0.06894597657725728,6,0.4136758594635436,723,493,188.0,34.915204284520804,90.38031,0.01011564,7.849980954097428,0.0,44.006384,4.975415282917467,0.04653316659449,0,1039,0
60A33438-5964-424A-9A3C-B4A4D69048E0,12726,8,86.57142857142857,5,0.14340719786264342,1614,46.291843470061295,332,92,346.0,123.81334285408315,342.0,0.0,74.59206830523904,0.0,228.0,4.6688330718427835,-1.3217295345106161,0,1039,1
ECE0CACE-DDBE-44BE-96A1-41C159DA9FBD,1499,3,199.0,6,1.4609739826551034,594,144.63642428285522,7,491,453.0,118.69300987748902,437.57,0.0,24.282600051929702,0.0,148.82962,6.179201810165296,0.019879933469036326,0,1039,0
258F7945-6FCA-4CA5-801A-C4E5D9B05288,12726,8,129.42857142857142,1,0.02868143957252868,11,0.3154958352978155,686,28,377.0,126.99576308680317,281.9916,0.0,32.00688105615839,0.0,167.8711,-2.2270749679760087,-0.32069154290437624,0,1039,0
62E7B5B8-FA81-4B52-8CB2-EE7D19382A7F,12726,12,84.9090909090909,9,0.25813295615275816,442,12.677196291057678,256,56,266.0,120.55272179735586,241.5016,0.0,29.602814596372333,0.0,148.95878,-6.573726950133633,0.2741449506602507,0,1039,0
925E60E9-F346-41CF-87A0-E44ACDE15F51,12726,8,93.57142857142857,0,0.0,0,0.0,-1,195,470.0,73.02896437012255,354.7485,0.0,59.103494307614135,0.0,153.1494,38.06845658018608,-0.33190065856953976,0,1039,0
966BD1FE-5DD4-41D7-AF98-7C128185B402,12726,5,114.0,1,0.02868143957252868,19,0.544947351878045,20,274,496.0,167.52276818400074,360.7178,0.0,49.07690676886978,0.0,218.3899,-48.62681507057481,-3.5749446945379018,0,1039,0
FCB862B1-ABE5-48AA-B81F-C5CEB36E1E0F,12726,11,61.9,3,0.08604431871758604,137,3.9293572214364296,433,400,269.0,151.62858883419116,269.3,0.0,31.82760237275426,0.02868143957252868,190.6,-30.17469994530228,0.2219491889715537,0,1039,0
14BEAC7E-9296-44CC-9D7A-24892B1FDEDB,12726,4,2.6666666666666665,1,0.02868143957252868,231,6.625412541254126,811,474,811.0,415.20310661682527,613.5336,0.0,31.787152312988727,0.0,452.351,13.48447847576739,0.11446559981072338,0,1039,0
B2BFFF06-E91B-405F-994C-DC504CC9B88E,8539,13,50.166666666666664,8,0.34196041691064527,512,21.885466682281297,11,78,259.0,63.65117975797654,542.3265,0.0,24.317008643908093,0.2137252605691533,91.5,1.4333109827642048,0.030462265574565325,0,1039,0
0A516F19-B818-4F5B-9812-54A6EC55126E,12726,9,62.0,4,0.11472575829011472,445,12.763240609775263,498,120,85.0,38.152907236903225,69.96094,0.0,8.638191819490999,0.0,49.46045,5.807599390411596,0.04543069388820741,0,1039,1
9EDE1B26-525D-4FAF-9A20-517D073AF4A8,9689,5,23.75,2,0.07534317267003819,161,6.065125399938074,233,421,538.0,102.38902207803517,223.3398,0.0,27.082158417077753,0.0,137.5977,-7.7102278990228115,0.14633343648841457,0,1039,0
EEA9CEA5-E054-4328-A593-401064F6D49D,9899,6,123.0,4,0.14748964541872917,285,10.508637236084452,337,78,251.0,73.1473939430415,215.8781,0.0,22.48859733018666,0.0,104.78238,-10.357107584862483,0.04026725815766804,0,1039,0
0FF7E89D-2290-45E9-9563-C220858C2851,12726,4,19.0,1,0.02868143957252868,10,0.28681439572528683,686,418,377.0,122.93753381929697,299.762,0.0,32.43752330834511,0.0,164.8773,-8.687473598617956,-0.012600301706314952,0,1039,1
0AA4184A-5FD1-4EBE-8948-77CB8090CFF3,12726,6,179.0,0,0.0,0,0.0,-1,61,311.0,115.76467091809889,188.9098,0.0,26.13633012478811,0.0,142.99239999999998,-28.543944309186855,0.10256870050983302,0,1039,0
B94308CB-123F-4045-9FE2-F77909423414,12726,3,72.0,3,0.08604431871758604,186,5.334747760490335,748,321,301.0,24.357133199917005,121.0,-24.6,27.41403446057319,0.0,73.0,-15.532210360410833,0.01501551403236014,0,1039,0
9E3EA23E-4B8C-4DA8-9E92-E98097922E74,8506,8,121.14285714285714,3,0.12873265929931813,253,10.856454267575828,506,65,693.0,176.6348379362413,319.0918,0.0,33.97269215071581,0.0,216.4764,-6.825820660006713,0.5728860018530838,0,1039,0
0A50ADC8-70FA-41B2-96B3-B4CB799000D9,3144,3,234.0,1,0.1160941475826972,92890,10783.985368956744,548,413,188.0,40.098370079715146,550.6155,0.0,17.007126660190973,0.4643765903307888,61.0,-0.19428057354230788,-0.01629070575703644,0,1039,0
F7581B81-A4E0-4431-ACE4-5424BF6B6594,6287,3,179.5,2,0.11611261332909179,39,2.2641959599172896,458,216,188.0,20.56420917359963,88.0,-4.0,13.905994564194478,0.0,41.0,-9.24407028471074,0.001111762769056082,0,1039,0
B9A7AC63-0F8C-4A5C-A032-1EFCCDC25ADA,614,13,41.75,1,0.5944625407166124,22,13.078175895765472,587,235,301.0,43.32868958221435,209.8981,0.0,43.75201843003827,0.0,101.62583999999998,22.65269619633503,0.07124856381382971,0,1039,0
B2E1EA37-EEC2-4D09-8861-23CFEE530360,2829,7,108.83333333333333,3,0.3870625662778367,121,15.611523506539413,307,350,888.0,89.5358242714197,467.1713,0.0,61.774581119426706,0.0,178.7636,-31.18116758623451,-0.4523810365626603,0,1039,0
92ECC55D-ED45-4166-A5B8-EACD1562041F,4810,8,146.42857142857142,4,0.30353430353430355,571,43.32952182952183,88,2,259.0,96.60109877409117,235.5005,-4.737869,25.022704337143384,0.0,128.58112,12.819461606358672,0.20651387379406017,0,1039,0
5CB4CBE4-6402-4AE7-B3DF-98CC6BB720D3,12726,5,30.75,1,0.02868143957252868,85,2.437922363664938,788,429,259.0,96.39943777737321,224.8,0.0,26.33778125464003,0.0,127.4,-4.826004135397923,0.0054623856167906465,0,1039,0
45FDF356-DD1F-44C2-A584-E941A7EDE373,4061,2,1.0,3,0.26963802019207095,484,43.501600590987444,14,456,301.0,75.84020185176064,235.8924,-28.62403,26.93865229797188,0.0,113.2,-4.951652464183482,-0.011360067320507981,0,1039,0
1B3CD8C5-7527-4D02-B0D9-AABD1549A928,3767,1,0.0,2,0.19378816033979293,280,27.13034244757101,396,454,301.0,49.5364813557611,539.7876,0.0,12.566163371156344,0.48447040084948234,64.945572,6.760405350257422,-0.0036924756972127847,0,1039,0
71265105-B927-491F-9FBC-F2FA23EE7DA2,12726,6,84.0,1,0.02868143957252868,45,1.2906647807637908,759,185,887.0,178.3508737877074,518.0,0.0,85.70472110217565,0.0,279.0,32.70159534809508,0.5065618526290869,0,1039,0
9F243EB4-BCBA-4017-9DC7-9F43C953F9E3,12726,6,87.8,0,0.0,0,0.0,-1,8,470.0,149.62454865863046,262.3901,-14.27516,29.900023195133993,0.0,187.9578,-2.0562634780748965,-0.2937634402911397,0,1039,0
6C0CB2E3-7484-4778-9DF5-1570E497B587,12726,3,168.5,1,0.02868143957252868,7,0.20077007700770078,446,110,988.0,187.08964158305838,489.95,0.0,61.59097061473198,0.0,269.68399999999997,52.967589898423086,0.6246735250806237,0,1039,0
1C456EB6-0CF3-4CFD-8D17-BC62269BB4BC,1331,3,3.0,0,0.0,0,0.0,-1,448,452.0,0.5245208534755154,234.013,0.0,7.22591350745208,0.0,0.2821024,-0.49018184411286103,-0.0003040642422807583,0,1039,0
C1D7B3B2-D959-41C9-97B4-D1F5AA6E8617,2249,4,158.0,2,0.3245887060915963,184,29.86216096042686,20,209,452.0,63.39806368175521,184.0,0.0,30.46991006028155,0.0,106.0,-12.65346491632311,-0.2130080073900902,0,1039,0
11F11A16-C2CE-47F1-9C82-BDB79130A408,5059,9,104.875,2,0.14429729195493182,19,1.370824273571852,152,153,870.0,200.86251485282364,431.7801,0.05103945,48.56178585477523,0.0,259.52992,1.7457904866825231,0.12729425124481814,0,1039,0
825FD6F8-C5E0-4948-9D32-0296BE1A1638,12726,8,47.42857142857143,3,0.08604431871758604,155,4.445623133741946,433,436,269.0,155.6037350181049,274.8,0.0,32.27202779750942,0.02868143957252868,196.2,-31.27614242551232,0.2267907103299271,1,1039,0
7E4E7B1A-B727-4786-AD49-75E4949A0932,8709,2,0.0,0,0.0,0,0.0,-1,439,432.0,104.86803333063378,193.1,-55.00813,21.9754641437332,0.0,135.34,6.712548459489682,0.039750331545171096,0,1039,0
99D6BD31-288A-4FAE-8C4A-84337D45A57F,12726,19,37.333333333333336,7,0.20077007700770078,107,3.068914034260569,395,127,302.0,74.98699778697585,247.6685,0.0,35.69013380627835,0.0,111.9141,-9.629949907346216,0.17083618314784166,0,1039,0
EC697299-CD8A-436D-B3EF-9E16C125A226,12726,9,100.625,0,0.0,0,0.0,-1,5,256.0,120.19049702761585,226.0,0.0,33.08306660464664,0.0,163.4,-14.538776348603506,0.21415207295815997,0,1039,0
B9AF7179-5388-49FB-A4F6-BACF792F555B,12726,7,146.33333333333334,3,0.08604431871758604,74,2.1224265283671224,811,51,266.0,112.86827859472447,538.0,0.0,29.34437041201518,0.14340719786264342,148.5,-29.695331063705964,-0.13914920909116982,0,1039,0
59C704E4-CEE2-4F85-B5CB-B668829E57E1,4173,1,0.0,3,0.26240115025161753,326,28.51425832734244,214,435,452.0,207.00978350066535,433.9721,0.09083761,42.020383484767294,0.0,261.22848,12.59941426399513,0.046361899361506864,0,1039,0
1DB47FC0-1369-4CD2-A113-85AD76DD1CDA,4410,2,134.0,7,0.5793650793650794,462,38.23809523809524,332,300,1665.0,129.66488052430498,788.5336,-9.271603,135.5330914331752,0.0,323.69696,157.47782593907465,0.6252351480638375,0,1039,0
FD4C51BB-D7BE-4399-A257-91CC3787DE7E,7011,13,78.25,2,0.10412209385251747,34,1.770075595492797,67,68,485.0,83.54943081656148,524.1211,0.0,60.2787997502588,0.2603052346312937,156.0059,-45.35661833893803,-0.030727427576259354,0,1039,0
A1CC1BDB-781D-462B-A8B9-24B955DD0178,12726,7,125.16666666666667,1,0.02868143957252868,17,0.4875844727329876,1023,182,276.0,80.94491856206021,161.5831,0.0,23.938257726474664,0.0,107.34985999999996,15.540860048279313,0.13923099599450492,0,1039,0
7ACED623-4DAA-4992-A633-5FA69828C5D0,1708,5,141.75,2,0.42740046838407497,180,38.46604215456674,1028,368,473.0,52.91224957983014,156.22,-133.8345,25.093433384257533,0.0,86.437826,5.692921399799488,0.01953229953429477,0,1039,0
373DDDA5-15BC-4199-A764-F67130D6A47E,12726,14,63.69230769230769,1,0.02868143957252868,351,10.067185289957568,284,120,452.0,231.9774155099828,408.1055,0.0,46.91054531362841,0.0,295.0745,6.1351742199554735,0.029252850357385292,0,1039,0
1DA594CC-4FA6-41AD-A042-958720AEB69E,12726,8,92.42857142857143,1,0.02868143957252868,35,1.0038503850385039,719,357,259.0,90.66925252765937,176.7,0.0,21.727805931812618,0.0,115.8,-7.3106053378445495,0.06975414220883656,0,1039,0
40022EE1-B7D0-4DB3-B86C-62880F6F7616,6838,2,75.0,0,0.0,0,0.0,-1,353,489.0,139.10571099827985,335.0,0.0,39.67417236099148,0.0,191.0,-7.637192479761325,-0.03330075043570844,0,1039,0
49D2D922-82B3-4127-A08E-B7B2B5C2588D,12726,8,69.14285714285714,3,0.08604431871758604,569,16.31973911676882,66,106,377.0,156.45804819944115,306.502,0.0,41.27802535000373,0.0,210.40134,33.60347678205579,-0.026229564685163995,0,1039,0
C947BAAB-68EA-467B-A2EB-3B6CFA782789,2740,6,12.2,5,0.666058394160584,686,91.38321167883213,347,364,1247.0,211.85839948801595,1102.826,-3.9,158.49956976830487,0.0,459.03193999999996,148.7621321392989,0.23713700958532538,0,1039,0
A001F69E-136B-4677-A604-BFCD09CEAF73,4019,1,0.0,4,0.3632744463796964,62,5.630753918885294,659,428,313.0,53.30562825034971,184.0,0.0,27.70399831330773,0.0,90.0,-19.530010966399097,0.038462224417249696,0,1039,1
F9D5C172-6871-4FEE-8882-253AFB1C2501,6570,3,300.0,0,0.0,0,0.0,-1,395,377.0,64.50382907615374,212.1169,-7.54834,30.056968682686193,0.0,106.33551999999997,4.034395582256764,-0.196501135344916,0,1039,0
56C7011C-9798-4256-BB1E-023A5ECD44EC,4086,2,1.0,0,0.0,0,0.0,-1,424,301.0,28.06168560546494,101.4189,-64.39418,14.146905392139006,0.0,47.28529799999999,-3.238583844508149,0.08072797072315979,0,1039,0
D24AD388-D1CE-4809-88E3-EB3D3A6F5014,9402,11,100.3,1,0.03882152733460966,78,3.0280791320995535,996,16,181.0,33.2506699228751,148.6832,0.007047985,14.8891867978214,0.0,54.506389999999996,-2.017040570480116,0.017499026154925358,0,1039,0
CF40FE82-D363-4D1F-938B-EE8102B0A334,651,1,0.0,0,0.0,0,0.0,-1,419,452.0,77.71897749531212,259.6419,0.0,50.68605848481028,0.0,144.82150000000001,26.93771856456442,-0.22408929146247913,0,775,0
0E41E983-C12B-4075-BE2D-46C19AFCC1C7,2406,4,96.0,4,0.6068162926018288,319,48.39359933499584,222,193,1494.0,626.40774362647,28313600.0,-73.248,73249.31087212796,0.1517040731504572,611.71,-249.77506461412435,1.2297792617283898,1,1039,0
A3F0913E-39A4-45EC-B7E3-40BB476D203B,5210,12,77.27272727272727,4,0.2802303262955854,646,45.257197696737045,62,64,496.0,176.73299037941996,965.02,0.0,44.18012436031666,0.3502879078694818,224.7314,-19.736382831580443,0.10885293675587618,0,1039,0
CE6A579A-7416-4E20-A2F8-3B21E0A04A9A,6010,3,24.0,2,0.12146422628951746,26,1.579034941763727,38,366,1386.0,336.42900753853564,879.0,0.0,135.1415802699451,0.0,514.7442,5.091358919797699,0.3586508062206191,0,1039,0
85B01A8D-4AB0-41E9-ABFF-75BB9ACE6BCE,12726,4,174.66666666666666,4,0.11472575829011472,201,5.764969354078265,377,295,266.0,154.6480027709545,247.5,0.0,23.07102814016726,0.0,182.2399999999994,-7.382169437621172,0.16199986966827007,0,1039,0
1BEDC70D-3287-4694-9165-AF42FCD0354B,12726,3,166.0,8,0.22945151658022944,1160,33.27046990413327,63,78,142.0,17.489273809505242,69.97994,0.0,3.495879396973439,0.0,21.55147,-0.11173467688950112,0.032135124857482635,0,1039,0
A90EFE72-06AE-4E04-AAE6-B22F1EE6B388,5313,4,135.0,0,0.0,0,0.0,-1,407,511.0,106.5731216054098,345.482,0.01381847,51.27300387598885,0.0,176.82432,-30.06840373936042,0.28525347888667846,0,1039,0
28CE465F-2312-4D3B-AD39-FCA36090BE92,3972,3,29.0,1,0.0918932527693857,33,3.032477341389728,801,400,188.0,29.345548825155443,101.0,0.0,14.823521402346154,0.0,49.0,-5.774561170834456,-0.038570719750520156,0,1039,0
7E0B653C-DBF7-4B6E-B89E-0FD5F9E0F5AF,9129,5,197.5,1,0.039982473436301895,304,12.154671924635776,1020,218,630.0,110.40813174521944,800.4243,0.0,146.5910897605668,0.039982473436301895,325.2384,173.9272200294719,-0.9795369980179026,0,1039,1
5EE63FB1-43A9-46FA-B067-920C8406EC5C,12726,7,61.0,1,0.02868143957252868,6,0.17208863743517208,41,36,800.0,6.244032042407651,561.5845,0.0,47.163777221308486,0.0,0.0,0.26454801160469454,-0.0744193862925556,0,1039,0
88466642-3067-427F-8CA7-378290AF3079,12726,4,167.33333333333334,2,0.05736287914505736,47,1.348027659908848,832,403,269.0,66.51900781090578,124.6,-18.6,18.45656592394409,0.0,89.43999999999942,-4.647217687448993,0.11582144343374925,0,1039,0
BF6065CE-C857-4CB9-849E-4FD99ABA2556,12726,8,73.42857142857143,0,0.0,0,0.0,-1,177,489.0,124.82275930846613,313.0,0.0,56.38597972562425,0.0,200.0,-12.013422888713052,0.36236898245315724,0,1039,0
2624BF05-3ED5-44F7-93E5-8DFF1CBBDBE9,743,5,175.0,0,0.0,0,0.0,-1,12,99999.0,107.52120152391291,207.0947,0.0,73.63667307964941,0.0,186.7816,16.342889399690506,-0.0882431788248984,0,712,0
0D06F5FE-373C-4A1A-BA06-F2C4FDA5507A,12726,2,0.0,0,0.0,0,0.0,-1,397,295.0,88.05414786455789,184.99,0.0,20.451568817860664,0.0,114.39,5.071080530503835,-0.10549850804635547,0,1039,0
C42E7BCE-B693-4075-A043-8BAD0FAEF6E9,3769,2,398.0,2,0.19368532767312283,852,82.50994958875033,843,397,739.0,101.42037472079623,590.0,0.0,171.15070988893856,0.0,515.0,-75.4270876837592,-0.021455037887649627,0,1039,0
B04BFC21-3290-4756-A2E7-64B78912DBB3,6432,5,131.0,2,0.1134950248756219,166,9.420087064676618,106,396,472.0,52.61563449824975,250.3052,-310.3609,34.22035117240422,0.0,102.2461,-17.03490186476209,0.12321301266328466,0,1039,0
B4E33BDE-C3C8-4319-90A5-089A5546D686,12726,2,0.0,1,0.02868143957252868,4,0.11472575829011472,394,395,295.0,90.45982384305955,191.36,-12.30672,21.099505380940187,0.0,117.58,5.54358279274291,-0.10494752267093635,0,1039,0
7B71FC6C-41CF-41A9-8C0D-127B28D9F211,2938,2,0.0,1,0.12423417290673928,305,37.89142273655548,811,390,602.0,79.26315210385538,271.2956,0.04452702,40.96302137886715,0.0,146.62338,45.32007440000265,0.17339904568854236,0,1039,0
8EF70AD9-6B4D-4180-A78E-52B4A563C1CB,1374,8,78.57142857142857,2,0.5312954876273653,46,12.219796215429403,701,148,1247.0,125.05297246237903,492.4829,0.05251756,55.743132109412386,0.0,198.05031999999997,-2.9904873967926022,-0.5153621885870968,0,1039,0
43858604-7112-4C41-812A-B7FAA0363D05,15868,3,9.0,0,0.0,0,0.0,-1,367,99999.0,53.40298417236943,80.93739,0.0,16.05340030274525,0.0,58.74228,5.339295827630579,-5.501720571101963e-14,0,411,0
47ED5567-2313-4A87-B35C-774542F6E400,12726,9,37.75,1,0.02868143957252868,6,0.17208863743517208,385,80,627.0,19.999740936187727,483.424,0.0,71.38908429254042,0.0,0.0,210.56170150617334,1.932350050114931,0,1039,1
8E59FCAD-16EF-45D4-AF77-804198137915,8828,2,308.0,1,0.04134571816946081,147,6.077820570910738,403,78,314.0,43.44593977980549,142.2363,0.0,18.924580625269954,0.0,67.91992,-7.676838275916609,0.02449627603084393,0,1039,0
E4018002-6340-496F-A54A-E19B68740521,4995,4,98.66666666666667,2,0.14614614614614616,11,0.8038038038038038,620,385,775.0,158.18610356348768,540.5,0.0,47.275200481353664,0.0,226.8,-24.070825283395095,0.01593989784563238,0,1039,0
A6B9150B-39CC-43C1-BD6B-14A8BBC14DB4,6440,9,122.0,3,0.17003105590062112,118,6.687888198757764,286,13,472.0,142.5492851539754,604.0,0.0,34.62537046613288,0.5100931677018634,189.651,-1.3679831670926887,-0.18748346508099498,0,1039,0
C30593A4-376B-47C3-AE95-23F4D64D848F,12726,15,51.0,0,0.0,0,0.0,-1,12,470.0,85.6091734249011,355.79,0.0,51.22261982921782,0.0,156.6238,-19.86300371653691,-0.3447395366912536,0,1039,0
71E2AD5C-CA5C-430F-BC2A-90756CDB3232,6425,6,65.2,3,0.17042801556420234,44,2.4996108949416342,550,337,269.0,101.71486669918143,230.8119,0.0,47.85722680685166,0.0,161.8004,14.160893013009911,0.26073190030823734,0,1039,0
29754746-2F17-4BD7-8EC4-762BF963B1D6,12726,4,28.0,4,0.11472575829011472,220,6.30991670595631,696,379,138.0,36.82251186356731,89.61,0.0,13.950880880278982,0.0,56.36,4.541543691988252,0.038236926826777234,0,1039,0
76635ABF-250D-4129-9630-39E925152686,2717,2,0.0,1,0.13433934486566065,118,15.852042694147958,927,379,452.0,152.82938581160857,352.3737,-3.672785,61.450499392400175,0.0,231.61751999999998,6.616585958067361,0.20294612894278627,0,1039,0
5385F0C2-D3E5-405C-89B5-D1756B5597EA,3018,2,34.0,2,0.2418820410868125,122026,14757.94897282969,402,379,188.0,37.737302915802346,86.0,-47.407,15.452953631151873,0.0,55.0,-4.415543656543086,-0.0522984090400161,0,1039,0
8CD521A3-0C86-4E2F-982F-98BEE1A214AA,7986,4,121.0,0,0.0,0,0.0,-1,10,920.0,103.30084174844552,394.4092,0.0,41.786063014399126,0.0,152.71,-8.533885894278853,-0.2056207569219627,0,1039,0
D8AE955C-E591-4791-9CBF-FE419A630610,12726,10,79.55555555555556,0,0.0,0,0.0,-1,106,452.0,244.17635357044847,403.7842,0.0,42.76737003863645,0.0,290.1489,-10.695160553473158,0.02150048162645644,0,1039,0
CE5B2C9F-07AD-4F89-8889-80F2C0E4C5B9,5764,3,250.0,1,0.06332408049965302,3,0.18997224149895905,817,109,961.0,192.35285331885387,445.0473,-30.34,58.31316987276171,0.0,268.9727,4.965874549201686,0.3785918403647765,0,1039,0
28DA31FA-71CF-4651-BD2D-702C8645BA99,12726,5,143.0,3,0.08604431871758604,803,23.03119597674053,238,68,450.0,143.16708815517345,306.24,0.0,50.127249040145955,0.0,202.45,-20.539330439124043,0.35146640188764633,0,1039,0
8EE5AAC7-E730-4E0F-814D-0FD7021F3306,1327,3,113.0,0,0.0,0,0.0,-1,142,887.0,97.67579952958027,237.58,0.0,31.47457516702318,0.0,136.76242,-1.9758251538086569,-0.11586889861297933,0,1039,0
98DA4ABA-30CE-4BBD-9C92-A86A1AE277DF,490,6,18.6,0,0.0,0,0.0,-1,310,226.0,22.78200458813501,70.25793,0.0,10.427207726612865,0.0,35.16401,0.8733331171119048,0.00825210621336484,0,502,0
ED2FF8D8-C022-4CA5-BBD1-CF2B7470FD98,6056,3,207.0,1,0.060270805812417436,30,1.8081241743725232,938,364,653.0,141.95930411539618,312.0,0.0,74.50277644038908,0.0,226.5,-13.394836522803587,0.07554216226957303,0,1039,0
D63D69CD-8056-448A-834D-A586FBAD43F9,4038,3,186.5,0,0.0,0,0.0,-1,362,1454.0,261.96980467650786,690.0878,0.0,118.56601132077338,0.0,409.8653,-19.457952510921444,-0.1154260866210156,0,1039,0
3253AA9C-A677-4F6D-8C47-F84B5CF9A766,6719,8,134.0,1,0.054323560053579405,3,0.1629706801607382,722,57,472.0,171.7257280891123,875.9766,0.0,37.93155448107414,0.271617800267897,217.6208,23.113014790517326,-0.7606067688891528,0,1039,0
705149D9-EC34-47C5-AE18-70CA66BB30E4,10089,7,129.33333333333334,5,0.1808900783031024,444,16.06303895331549,310,167,276.0,114.78774578834994,222.8,0.0,30.44266661270251,0.0,152.84,4.714548193131549,-0.07481554478616846,0,1039,0
3E5F5EA7-229F-43C5-ACB6-31BB16E119AB,5803,3,88.5,5,0.3144925038773048,177,11.133034637256591,142,229,188.0,22.48734919314356,82.0,-146.6096,9.505934679881019,0.0,34.0,0.4818637698194017,0.022933615489775266,0,1039,0
8822DF66-4505-49AB-A848-E43FE989B197,2277,3,244.0,2,0.32059727711901626,435,69.72990777338603,766,355,800.0,184.77644976128292,339.13,0.0,39.856938503761846,0.0,235.74,38.20598233748254,-0.2133054263674462,0,1039,0
0D0A767F-EBB4-4406-B84D-335B96C1D7AE,12726,5,137.5,0,0.0,0,0.0,-1,210,693.0,158.17732810002644,356.0,0.0,43.277156814960854,0.0,208.0,-11.343439211137564,0.1152252907307726,0,1039,0
E515D8AF-829D-4C8C-8EA3-8FB73BDB2737,3571,3,154.0,4,0.4088490618874265,213,21.77121254550546,368,156,150.0,20.342698133286927,84.0,0.0,13.09840236808054,0.0,39.0,-9.481818503657298,-0.00027158131091709097,0,1039,0
C1BD0250-66A2-4DA0-88F3-7804E8371109,12726,4,53.0,4,0.11472575829011472,221,6.338598145528839,190,352,100.0,34.23503992669018,72.12,-20.2006,13.91525295165045,0.0,49.68,3.391204101936367,0.038620134700694135,0,1039,0
295C66AE-7C82-4E81-A5DE-E9DD0818BFDF,3885,2,7.0,2,0.1879021879021879,16,1.5032175032175032,782,344,452.0,75.14883069342801,214.0244,0.0,35.18621568893102,0.0,122.03662,-2.6793567172706076,-0.16017435245905728,0,1039,0
D43B94DD-D497-4DC6-8FDA-B97D71C6C380,2745,9,111.625,3,0.3989071038251366,269,35.76867030965391,576,82,473.0,102.95891566191678,263.855,-44.05509,32.455282935552376,0.0,145.752,11.662798051817788,0.6276699604368469,0,1039,0
66E888E2-5EF7-46A2-8D90-4C7EFDF1C081,12726,7,134.5,2,0.05736287914505736,204,5.851013672795851,810,145,452.0,95.13067212573708,305.7543,-30.05048,63.19183588160416,0.0,156.0,43.035479821022165,0.055874559499098815,0,1039,0
D4C6545C-E04F-44FA-A5E1-F4FF96372DE4,6462,5,150.0,1,0.05648406066233364,79,4.462240792324358,446,344,266.0,59.55766221048813,251.3341,0.0,39.67929552643077,0.0,117.77655999999999,42.47559255432668,0.5254152831536508,0,1039,0
3A171E90-2058-4BBA-BA24-0F764AB7ADBD,8280,8,76.14285714285714,4,0.17632850241545894,346,15.252415458937199,211,57,450.0,46.6644093962084,460.9563,0.0,35.8072604996442,0.044082125603864736,103.21447999999997,-11.72723020214729,-0.133136207295028,0,1039,1
E946F0DA-6E00-490B-A0FD-2C018F732C83,5577,5,121.5,0,0.0,0,0.0,-1,341,858.0,210.0085140935833,841.4727,0.0,70.92530066659823,0.0,292.60274,60.0322995638241,0.006404008565041308,0,1039,0
C2127EBF-00FE-4E9F-B978-E53A692AA9AD,3914,7,53.333333333333336,0,0.0,0,0.0,-1,19,529.0,91.89837733300985,1199.524,0.0,58.88540228634152,0.09325498211548289,160.9497,-8.542793977299965,-0.4268168035029258,0,1039,0
2DA285B5-C033-4B53-A60D-0A7E6ECE1674,3823,4,104.33333333333333,2,0.1909495160868428,324,30.93382160606853,625,338,301.0,77.95681635539164,522.0,-126.4236,27.280304522440147,0.1909495160868428,97.5,-4.834324071441017,-0.05036444256956769,0,1039,0
ABEF99A0-CDEA-4A8F-B398-A42175A5A6E4,5223,1,0.0,1,0.06988320888378327,143,9.993298870381008,811,337,376.0,60.86889326157014,207.48,-181.4281,15.791914504732706,0.0,80.981358,-9.906870334563969,-0.08724385446242441,0,1039,0
2B237092-E2D5-4546-9B3B-00032C042A74,8436,5,67.75,2,0.086533902323376,94,4.067093409198672,337,337,271.0,73.2466314293461,162.3771,0.0,25.529882083284825,0.0,107.7433,-21.323124659515848,-0.5689836191164569,0,1039,0
A3757C7A-557A-4C32-8414-0181B78DD544,12726,2,243.0,2,0.05736287914505736,23,0.6596731101681597,0,337,301.0,38.06676996392405,128.0,0.0,14.18509038682,0.0,56.0,-2.4791156429363994,-0.09817410014043094,0,1039,0
044D2030-8A75-4C9B-B2C2-D203522170BC,12726,10,68.55555555555556,1,0.02868143957252868,6,0.17208863743517208,338,336,452.0,228.06372485914315,370.1843,0.0,46.67479555768392,0.0,291.2292,4.396757031288956,-0.02564938477223795,0,1039,0
09B31A71-CAC2-4E04-B4CF-2E157DE15EF8,433,5,1.0,2,1.6859122401847577,170,143.3025404157044,63,334,452.0,67.8120513233697,113.13,0.0,28.19118511671118,0.0,113.13,-10.234713937567228,0.05066504078230204,0,579,0
AE400705-ECD5-40E8-BD0C-EACA2712A65D,4713,5,180.0,2,0.15489072777424145,63,4.879057924888606,133,2,126.0,46.308903866619374,143.7,0.0,14.145545205941724,0.38722681943560366,64.5,-6.395014977730483,0.010860222798386467,0,1039,0
9D94996F-3AF4-449E-9E14-D8A0FF6B4B2B,4683,5,91.75,0,0.0,0,0.0,-1,330,870.0,323.17656653617297,574.03,0.05112257,63.77392638089445,0.0,400.15412,31.463153934506067,0.7780133898957906,0,1039,0
93ED9622-C4B5-4DF9-809F-49D53655E66A,12726,14,44.07692307692308,1,0.02868143957252868,693,19.876237623762375,738,162,452.0,227.99659389131818,388.0826,0.0,46.5586857354718,0.0,293.2434,10.599942906521335,0.029748879416760216,0,1039,0
90406650-B2C8-4D79-80EB-FBE0051A221C,505,1,0.0,0,0.0,0,0.0,-1,328,416.0,32.56322664806355,152.6105,-320.1438,29.515646213340517,0.0,70.459028,6.571014260038311,-0.04292593751295847,0,775,0
4BBBCD2F-5319-4621-AD46-0CDF609BF552,12726,6,89.8,0,0.0,0,0.0,-1,262,1245.0,591.6624783310018,1138.26,0.0,136.46388166375775,0.0,750.0039999999999,76.05484960109698,2.9241485580061846,0,1039,0
0F4626AA-2E91-4390-B948-4686E8B3F4C6,505,1,0.0,0,0.0,0,0.0,-1,326,416.0,32.138494130871074,529.4462,0.0,29.634208460750177,3.613861386138614,70.202308,6.788078130548676,-0.04294646505493832,0,775,0
8E8B43CF-CAAB-4851-BF3C-B0EA1DB9267E,9608,12,39.90909090909091,3,0.11396752706078268,927,35.21596586178185,460,326,472.0,117.13268521916645,798.7671,0.0,35.83794947869199,0.03798917568692756,159.6069,-32.46849376160472,-0.042295383740301166,0,1039,0
7F009C31-F8C1-482C-8931-B8E8A5A7A4D9,6698,3,301.0,3,0.1634816363093461,315,17.16557181248134,7,323,271.0,90.87592173242285,196.3328,0.0,15.425056151639726,0.0,108.51877999999999,2.347208018503082,0.0423957426510388,0,1039,0
781BF431-2FF4-4439-AEEA-8D061FE10A3F,8691,4,103.33333333333333,1,0.04199746864572546,205,8.60948107237372,55,6,1023.0,135.15236767353608,494.345,0.0,79.51186319032745,0.0,247.54839999999996,-8.56201026612868,-0.2917543926320543,0,1039,0
093C4FA8-F9CF-4F3E-B5D6-F4B3FDE93482,4180,4,186.33333333333334,7,0.611244019138756,681,59.46531100478469,7,309,756.0,245.30381537511627,420.0,-26.54484,37.624426511469444,0.0,285.0,1.2413235137726133,0.15247595725101948,0,1039,1
C20FA49F-6282-409C-B929-B381EFEFBFF9,9591,7,47.666666666666664,7,0.2663955791888229,2420,92.09675737670733,657,299,141.0,38.650048656220925,120.0,0.0,17.64069378788127,0.0,58.54,-6.709823347578947,0.06684551819380487,0,1039,0
CFFEEEAF-0A23-4D7D-9526-D5875D45E1DD,712,8,117.0,2,1.0252808988764046,11593,5943.0407303370785,548,106,226.0,45.73143511883646,416.0,-8.7,19.067990542921752,0.5126404494382023,67.0,-9.098641908959912,-0.0035751441650674395,0,1039,0
2947A2FD-92C9-4582-8F94-09CAA38BD4C3,12726,7,19.333333333333332,1,0.02868143957252868,7,0.20077007700770078,269,226,297.0,37.38708844819855,199.05,-37.58214,19.77460712514582,0.0,65.37,-4.53874585560596,0.03625137762775144,0,1039,0
4542F5A7-6E08-48C7-A40D-DF73520189BD,728,8,135.42857142857142,3,1.504120879120879,2703,1355.2129120879122,12,9,226.0,47.041168346138704,361.0,-31.0,19.4266647184482,1.0027472527472527,69.0,-0.8430973584843855,-0.00798446767552285,0,1039,0
221573AA-43DA-4D40-ABBF-84545988447F,8614,11,64.4,0,0.0,0,0.0,-1,129,403.0,93.21572205707898,305.9064,0.0,32.31443788528547,0.0,136.7761,-11.029245180767248,0.08468144986073188,0,1039,0
97DA23A0-9719-48C1-A30A-B077EBEAFBA2,9024,3,30.5,0,0.0,0,0.0,-1,288,452.0,113.72765974820457,300.61,-46.17,46.271820370784425,0.0,174.8,21.813462165375697,0.13922393825471352,0,1039,0
D8C2BE43-382E-481B-B564-0245CF70823B,4356,3,125.5,0,0.0,0,0.0,-1,36,99.9995,24.392253108100697,119.8853,0.0,12.900791885823292,0.08379247015610652,42.40723,-7.192106136264279,0.036957109550489906,0,1039,0
D46170DF-C4CF-4244-A0F1-56C7ED6C1D0C,9986,12,57.72727272727273,6,0.2193070298417785,1362,49.78269577408372,117,15,259.0,90.7350515966454,143.25,-121.8648,16.842066530275613,0.0,111.75,7.686013218169407,0.0826481492913161,0,1039,0
65086A22-90E5-418C-8FE5-AFD21B477971,12726,8,78.85714285714286,1,0.02868143957252868,324,9.292786421499294,285,284,555.0,75.68215718733393,344.4,-21.24427,51.257016001407266,0.0,143.4,-8.479008582935776,-0.01946118116549451,0,1039,0
70C65F87-2E0A-4FD2-A063-F87E064F9BE1,4965,12,83.63636363636364,1,0.07351460221550855,4,0.2940584088620342,262,10,452.0,127.13416831540691,321.0,0.0,37.880338318340925,0.0,177.0,13.751479832741225,0.2773898698054743,0,1039,0
393BC993-536C-417C-BA81-60FF9F395097,3641,3,0.0,1,0.10024718483932986,192,19.247459489151332,811,280,451.0,143.60203207441768,328.3166,0.0,101.67605489812547,0.0,288.10977999999994,19.810978312071484,-0.030871020595204194,0,1039,0
6ABFCF04-1648-438A-9F7D-D0D42C6A2645,3972,3,115.5,5,0.4594662638469285,247,22.697633434038266,2,281,99.0,14.052327076013839,155.4983,0.0,6.388318241513223,0.6432527693856999,25.4,-7.153862531569394,-0.008485655959247647,0,1039,0
B3ED7F8B-BF7D-4EA9-8CF8-764506F8FA14,12726,8,64.85714285714286,5,0.14340719786264342,1146,32.86892975011787,41,34,800.0,292.92282221850377,638.9465,0.0,86.39265747033822,0.0,400.177,-8.263790374368,0.13116978386079456,0,1039,0
5CCFA156-830E-46F9-8D51-5815272EFE68,1961,4,153.0,1,0.18612952575216726,92,17.12391636919939,935,274,276.0,115.1977358528048,928.006,0.0,22.93921913352139,0.9306476287608363,143.80125999999998,-4.595510267928248,-0.023505143872462855,0,1039,0
C850A04F-46E0-4B44-9B44-2EF8428B8E9C,12726,6,153.0,2,0.05736287914505736,207,5.937057991513437,84,195,1370.0,253.924648682458,842.9,0.0,133.0528618321163,0.0,440.13799999999986,-61.512742818260506,0.37571340083121096,0,1039,0
96D134A8-2554-40C7-A6FA-2CE6F76BC128,12726,4,88.0,0,0.0,0,0.0,-1,260,540.0,104.47492821588011,228.0,0.0,39.28994255942875,0.0,157.0,-4.840205993657889,-0.2517190050898986,0,1039,0
20B1E304-E6E1-4BB6-BB65-333FA534C91C,5092,14,57.69230769230769,1,0.07168106834249803,12,0.8601728201099764,400,259,489.0,161.11856278487622,432.0,0.0,72.19837052752648,0.0,251.0,-45.55282204413548,-0.042284712790442505,0,1039,0
B952BE16-2028-45C6-8A6C-F90063BF8DA3,4304,9,49.125,1,0.08480483271375465,321,27.222351301115243,811,254,452.0,131.80629210816124,266.0443,-1.68,42.45069626300414,0.0,189.63294,-32.25632594303778,0.15004860034380518,0,1039,1
52717067-F22C-49F8-971A-C341FB9C58D2,4304,16,49.4,4,0.3392193308550186,327,27.73118029739777,184,219,301.0,14.041909059488445,102.9604,0.01752469,3.4595742832232768,0.0,18.196126,-1.3018456557075808,0.009488200024053737,0,1039,0
674D8274-555B-4237-BBE7-4A4DD6B87DED,6987,9,98.875,3,0.1567196221554315,153,7.992700729927007,220,199,472.0,159.39024250363107,482.9102,0.0,37.681387954818696,0.104479748103621,198.3643,6.6560987108751135,0.03692761957792786,0,1039,0
40BD559B-B854-4802-AAB1-3084DCB120F9,12726,14,61.46153846153846,2,0.05736287914505736,531,15.22984441301273,273,51,100.0,26.254598648865183,235.4852,0.0,9.021548300931183,0.14340719786264342,36.6,-5.5445523433096255,-0.2655654906529687,0,1039,0
E10E0B59-BAC2-49E7-A361-9292C7DF3965,344,1,0.0,0,0.0,0,0.0,-1,251,473.0,73.06296076410266,750.047,0.0,41.786666283741035,4.2441860465116275,128.19025,0.9080017376720377,0.2734228079933258,0,389,0
0F938D37-20F0-41B2-8539-C48E24236A39,12726,9,91.0,0,0.0,0,0.0,-1,250,800.0,286.95061113568977,456.4819,0.0,68.03237967386757,0.0,370.5322,-1.3363566372329387,-0.12344508523599632,0,1039,0
DD62E7B5-6E77-446E-BD93-B8D728F05646,10248,8,94.57142857142857,5,0.17808352849336456,59,2.101385636221702,534,44,407.0,174.71666747541948,347.0,-16.82,51.325748341349545,0.0,240.0,-17.405479203814537,-0.19863912097074585,0,1039,0
EB075F9B-63E3-4157-9EB2-E559CBF7AE9E,3218,2,780.0,0,0.0,0,0.0,-1,240,226.0,36.33538478232612,113.1586,-32.85494,17.44931879585498,0.0,60.46249,-10.97376385694032,-0.08749506192291141,0,1039,0
0E8744D7-AFE5-4969-BC9E-C8CF208F4C3E,5964,6,121.0,1,0.061200536552649225,42,2.5704225352112675,177,204,489.0,97.05474888670878,244.2205,-0.4180517,30.062717094484327,0.0,135.8501,-6.422532901369252,-0.1407408650560223,0,1039,0
B0812993-F37E-4499-A0CF-346635825E82,1069,4,239.0,5,1.707202993451824,140,47.80168381665108,496,228,887.0,188.45979603195968,637.2681,0.0,77.32331435158895,0.0,280.899,-28.590500545076992,0.09511148647223544,0,1039,0
F885761E-B4E9-4892-966C-BF14A6414F79,6957,8,89.85714285714286,3,0.15739542906425183,69,3.6200948684777923,212,222,490.0,87.05920749814867,251.4025,-23.54589,37.33665252660089,0.0,135.00351999999998,-7.7048379292443485,0.22833395869722284,0,1039,0
E46E07CE-14C5-488C-A7DA-B4961E2EE29C,12726,7,144.5,2,0.05736287914505736,47,1.348027659908848,332,152,403.0,43.27210855582402,197.3,0.0,26.557867488792574,0.0,79.7,3.502289592324132,0.2626782227343692,0,1039,0
853B2A98-BB89-4CF7-ACA6-783BAAA2BFD0,2622,2,1.0,1,0.13920671243325705,277,38.56025934401221,811,218,301.0,102.8202820432108,592.7252,0.0,19.294414700373697,0.6960335621662853,129.19018,12.310513194443516,0.026465572053823487,0,1039,0
938B7EB9-30F7-4CC5-916A-3522AEB20D24,12726,6,203.6,0,0.0,0,0.0,-1,9,693.0,141.1905190516975,339.4254,-0.214293,51.37485730646899,0.0,223.38786,-41.732691670524645,-0.4908357486476418,0,1039,0
62350768-56A6-45AA-84FE-ACDA16D3E757,12726,8,93.57142857142857,1,0.02868143957252868,22,0.630991670595631,819,161,452.0,170.09632873627072,326.0,0.0,52.70427840834458,0.0,234.0,-14.678350341208983,-0.22019024982524532,0,1039,0
65A025C1-444F-4856-870C-D631C3C1A59A,3775,4,186.66666666666666,1,0.09668874172185431,55,5.3178807947019875,638,218,452.0,106.21778056231857,297.67,-0.5719568,42.560708388413076,0.0,159.22116,-15.117921802982153,-0.2083120725197383,0,1039,0
6596D8C1-F67C-49FC-BD69-46FCC509FF94,2728,7,37.5,4,0.5351906158357771,112,14.985337243401759,193,66,1181.0,313.7558269911692,674.7599,-4.882999e-06,89.56748596216927,0.0,429.79,-1.6803301864767946,-0.15668652609178596,0,1039,0
E10F250B-888B-4DD7-BDEC-6862BD43F761,12726,6,113.6,0,0.0,0,0.0,-1,132,706.0,215.05319072437007,668.6909,-0.04,88.22560799964391,0.0,309.38723999999996,34.333192980105224,-0.2874940061035428,0,1039,1
CEE998A4-39A9-42D6-81E7-4FA37CF7086C,976,4,223.0,4,1.4959016393442621,272,101.72131147540983,334,156,301.0,119.97253044422936,244.0679,0.0,22.341157095867363,0.0,144.12456,-6.4734459473157955,0.2645706130316863,0,984,0
0352433F-3BB4-44E3-8CF2-999700F5D7CF,2710,3,274.5,5,0.6734317343173432,527,70.97970479704797,392,211,166.0,41.673560743004,106.7666,-10.78819,10.658763998036624,0.0,56.15134,1.4760032724280947,0.07153781239792563,0,1039,0
819430A9-5491-4BF8-9511-91228BB1B29F,8397,5,202.25,1,0.04346790520423961,304,13.214243182088842,811,65,284.0,30.99992492975564,238.251,0.0,53.30112070153196,0.0,123.5915,31.844972852651775,-0.589057157647581,0,1039,1
D6471B2A-9253-4B30-95B0-32699A51325F,12726,3,94.5,4,0.11472575829011472,6284,180.23416627377023,147,209,1370.0,433.14775940886307,871.63,0.0,125.46135547509736,0.0,608.61,-59.506371291579114,1.2375581856238786,0,1039,0
DB06597D-4FC8-4EA8-976B-6780A98A79E6,869,2,0.0,0,0.0,0,0.0,-1,207,250.0,23.026175647740065,82.2095,-6.962652,13.106358316087764,0.0,38.468661999999995,0.09998956398832703,0.012245244678105286,0,1039,0
86C3E933-98B8-4ADA-827E-279C1C5EF633,2249,3,237.5,2,0.3245887060915963,268,43.4948866162739,20,208,452.0,63.66707584014688,231.0,0.0,30.549805017932623,0.0,106.0,-12.810054235208604,-0.2195037224532186,0,1039,0
50268015-DCBB-415F-B4B4-946B81D7272D,3225,3,0.5,0,0.0,0,0.0,-1,207,417.0,38.362162407718515,284.6,0.0,27.460962839790202,0.0,75.2,3.6391338885777884,0.2645269992179815,0,1039,0
1ED97052-3D8C-4DFA-8C03-0BD915897D56,869,2,0.0,0,0.0,0,0.0,-1,207,250.0,23.038440628605088,168.0,0.0,13.215681016093576,0.0,38.52087799999999,0.12606305148750607,0.011954385414158214,0,1039,0
983FA7B4-487F-44D5-9898-82D148985D61,12726,6,165.8,2,0.05736287914505736,67,1.9216564513594216,29,50,399.0,152.6296725228711,334.9197,0.0,41.841736663365744,0.0,194.6045,-4.230679126682844,0.08329742091118912,0,1039,0
B91B5C6C-6661-443C-9A47-A42052D4C8DF,12726,9,95.75,2,0.05736287914505736,130,3.7285871444287286,65,107,251.0,107.83987236207136,199.7,0.0,27.064347418275336,0.0,143.5,-15.426492732441744,0.02730845829151813,0,1039,0
3F087177-A702-4FFD-8DDA-90CAFEBE3427,12726,13,16.25,6,0.17208863743517208,41,1.1759390224736759,60,52,236.0,102.05252884855062,226.7761,0.0,22.833341848452093,0.0,130.0049,-3.321750119383964,-0.17914041484612347,0,1039,0
E5BDAC79-F720-49E4-911E-AD54290DBA2E,322,5,32.25,11,12.46894409937888,1196,1355.7142857142856,59,140,151.0,21.472083254006648,72.591,0.0,14.430922662859958,0.0,36.546,9.290545063894587,0.016130848401464726,0,446,0
C02A2364-7C86-49B5-94A7-1314E72DF8B5,12726,8,139.57142857142858,1,0.02868143957252868,33,0.9464875058934465,28,28,377.0,141.63182167575818,354.35,0.0,32.99465784402957,0.0,168.3655,-47.003887869431026,-0.8741467210682228,0,1039,0
58B83194-807D-4677-9C88-F8300C24D2CF,4872,6,150.4,6,0.4495073891625616,460,34.462233169129725,207,70,301.0,67.2570183852082,179.6577,0.01739342,11.108626965337177,0.0,81.563124,10.025479643017107,0.10234314811077369,0,1039,0
E4E31BBF-8D77-4DDB-A964-B07912693386,12726,8,38.0,4,0.11472575829011472,385,11.042354235423543,155,22,800.0,293.6384209774977,535.5622,0.0,68.00655584452015,0.0,378.41816,-11.41591370064583,0.0905926718785142,0,1039,0
324AFB1D-3068-4650-930D-2DC56B95C98B,8471,7,92.66666666666667,1,0.04308818321331602,58,2.499114626372329,401,194,256.0,76.89189380007001,534.6613,0.0,48.19910499840584,0.2585290992798961,145.48593999999997,13.972908222399127,1.2580972812713864,0,1039,0
0959092E-7BF9-4CAB-8090-CDF2B9569A6E,1739,1,0.0,0,0.0,0,0.0,-1,194,99999.0,66.51709802429069,302.715,-4.726318,82.05484159883112,0.0,215.5172,15.338259014737076,-0.4305867540082382,0,1039,0
23F740A0-66FE-4729-B02B-EDE286F0663D,12726,19,48.388888888888886,2,0.05736287914505736,58,1.6635234952066635,186,69,281.0,80.13882894335607,183.2,-1.996812,24.641786192921092,0.0,110.88,8.900480470224167,0.21841017581037908,0,1039,0
14A135B0-F3E4-4A4E-8FDF-BBD69D993931,12726,14,51.23076923076923,2,0.05736287914505736,27,0.7743988684582744,273,112,887.0,246.33373607386537,593.2,0.0,105.53184323554905,0.0,355.0,53.891788617492665,-0.16081275466136974,0,1039,0
864540A9-190E-422C-ACFE-F9A9823DBA84,2586,3,341.0,1,0.14114462490332558,308,43.472544470224285,811,192,602.0,76.82318331062233,242.8182,0.01071729,41.551371861794905,0.0,145.14632,45.44706904200113,0.17425809103364823,0,1039,0
7A158859-C4BD-4450-B4B5-75650AFC04FB,4405,8,136.14285714285714,1,0.08286038592508513,449,37.20431328036322,811,14,1665.0,131.93430011263595,1553.569,-24.5,135.9791917094812,0.0,325.37627999999995,155.17763099558167,0.6214409079246836,0,1039,0
9E62F979-A179-4F88-86E7-38ACA676731D,3690,3,175.0,2,0.1978319783197832,198,19.585365853658537,780,190,301.0,99.00429099285842,232.2697,0.0,36.61542870232653,0.0,144.8198,2.279908908376143,0.21283491094914275,0,1039,0
0E07EAFD-5109-44B6-8A6B-C76AF6595D2E,2150,4,41.333333333333336,3,0.5093023255813954,248,42.102325581395355,211,156,301.0,89.98302918327789,189.6746,0.0,35.959615675140185,0.0,129.95138,8.542240723512236,0.10232422754286083,0,1039,0
B8E56FCB-06BD-4FED-A6CC-EE00F46BDF56,10297,8,17.571428571428573,5,0.1772360881810236,3677,130.33941924832476,156,118,407.0,178.2953710334857,354.0,0.0,53.04125354966669,0.0,244.0,-18.007022268053618,-0.21205355713798682,0,1039,0
18218745-2D63-4B41-8766-EA8B62385C69,12726,6,138.8,0,0.0,0,0.0,-1,130,489.0,80.31649649815606,234.3736,0.0,25.4493820241137,0.0,111.0,-6.1589347697609895,0.2544656862071985,0,1039,0
5C9BE7A7-AA37-485B-909B-00F453F9CE90,4237,1,0.0,2,0.17229171583667688,790,68.05522775548737,748,182,312.0,25.762346589452967,188.0,-8.292095,28.00032533649802,0.0,75.0,-19.386613588264694,0.05465864432958896,0,1039,0
8705BB84-E115-4C31-BD92-8B4A77C586DC,12726,6,132.2,3,0.08604431871758604,1264,36.253339619676254,527,172,200.0,42.789501161257505,106.0,0.0,20.017133507411813,0.0,70.0,-7.808482642738987,0.10580021310355506,0,1039,0
02DE9555-030F-4CEB-9826-8027C8D8866F,12726,5,139.5,4,0.11472575829011472,458,13.136099324218137,811,92,259.0,113.03518588034699,954.9747,0.0,34.560418840719365,0.14340719786264342,154.4241,13.982080887322766,0.08703649459025865,0,1039,0
39A3D048-F051-4059-A42B-7CF3509A5139,6709,5,199.25,2,0.10880906245342077,33,1.7953495304814429,8,172,223.0,32.57950389493846,145.1878,-2.8,16.929965230523496,0.0,54.708803999999986,-10.596799572523338,-0.08524475280727073,0,1039,0
B86D9233-90F3-44E4-A9E8-78D2E0B1DC5A,5136,5,140.25,4,0.2842679127725857,226,16.06113707165109,289,169,490.0,128.02291642687425,280.41,-81.1172,33.7450289883696,0.0,174.94,-7.313466581195243,0.060357920845166266,0,1039,0
822231DC-09F1-428B-A704-46FC74A68F2A,6910,5,167.0,0,0.0,0,0.0,-1,146,1270.0,323.5116665725769,719.12,-5.19811,111.26136637176549,0.0,459.61,51.44423929162059,0.11847880168068875,0,1039,0
38238D1F-2E54-4556-A09D-2389F9AEE16E,4823,5,173.0,0,0.0,0,0.0,-1,169,497.0,73.67779077512432,201.0,0.0,37.348313143127996,0.0,126.0,-10.185198182531728,-0.16047968885054525,0,1039,0
13833E7F-3713-4F53-85C4-5A6652F8065A,12726,5,159.0,1,0.02868143957252868,45,1.2906647807637908,812,138,452.0,57.11563240550979,205.2612,0.0,30.47777410221783,0.0,98.54736,-15.29850548651288,0.037102869349115775,0,1039,0
7A3ED9C6-E64E-4BA4-9BDC-8A012AB76DF8,4345,3,283.5,5,0.42002301495972383,230,19.321058688147296,311,162,452.0,166.51043982052335,355.5764,0.0,60.693435747741994,0.0,247.35479999999998,-63.914943561264096,-0.04671445307386939,0,1039,0
0DF7E048-E83E-4498-A720-482CCA458E66,12726,8,108.57142857142857,0,0.0,0,0.0,-1,149,266.0,120.54420436893857,194.0,-2.344,22.65233648752619,0.0,148.0,4.298774538468848,0.16402213083794226,0,1039,0
0C85AD71-ABBB-43F0-A0A1-43436145C921,12726,11,90.1,2,0.05736287914505736,37,1.0612132641835612,719,40,259.0,86.77590948449537,170.1,0.0,20.97197493471267,0.0,110.6,-6.732163253785501,0.06277617384912118,0,1039,0
D06E1410-9C36-4BC3-85D0-4F18DDA1A6C2,3102,10,103.0,2,0.23533204384268214,470,55.3030303030303,569,22,831.0,221.74555304858538,994.752,-48.74616,60.56979388222728,0.5883301096067053,295.76583999999997,-14.844448770807617,-0.006040093747481098,0,1039,0
6443015B-EBB4-426A-BAFF-AFD88D559560,3982,1,0.0,0,0.0,0,0.0,-1,159,250.0,21.486065580762613,100.7812,0.0,14.673161174375625,0.0,44.61704,6.635459377956522,-0.061893631265377475,0,1039,0
4D2A2F97-7674-4BC5-832B-0C7D8D9BD081,8681,4,103.66666666666667,3,0.12613754175786202,290,12.193295703259993,419,103,314.0,63.18700946943584,236.0238,0.0,21.649334120869753,0.0,93.0,-11.596423049682755,-0.17640975337610124,0,1039,0
4E406B15-0671-40D0-BD75-9BEC1D8FB8BB,5286,3,431.5,0,0.0,0,0.0,-1,155,768.0,88.87976924432591,257.9,-6.858307,29.09835822473289,0.0,131.0,17.216010076661746,-0.2665787900199173,0,1039,0
792BCFB4-4F15-47BF-9D97-B18346DF05BB,2696,5,212.75,9,1.2184718100890208,319,43.18805637982196,490,137,301.0,80.43493098148683,187.521,-21.52786,23.899959097798124,0.0,109.05774,-14.332355556718312,-0.13937921057207717,0,1039,1
560FFDCD-48C9-499F-9FFD-8CC02E008B48,12726,8,123.85714285714286,2,0.05736287914505736,108,3.0975954738330977,38,32,800.0,294.3919924779964,841.8126,-63.92524,68.57315021568002,0.05736287914505736,379.23376,-4.79203783509513,-0.26837932209744675,0,1039,0
742017CE-7333-4270-958F-EB2F9006419C,10012,3,127.5,4,0.14582500998801437,102,3.7185377546943665,157,87,491.0,65.74085569859513,288.1,-53.75211,28.343626395470693,0.0,105.4,24.786181338441907,0.1893674916426923,0,1039,1
9EB2677B-75FA-4C84-A833-11CE4A5BC09D,5286,3,280.0,1,0.06905032160423762,89,6.145478622777147,717,152,768.0,88.27931244589611,262.8,0.0,30.026953490398313,0.0,132.3,17.40980020842487,-0.2757676359222456,0,1039,0
17A853F8-A8CE-4A1D-AE94-32AF6BC42736,6399,2,63.0,1,0.057040162525394594,323,18.423972495702454,811,89,676.0,96.3909669330461,216.8579,0.0,24.528602734344588,0.0,130.5695,34.02558056045699,0.16244866197574895,0,1039,0
0EC82B9E-A2C8-4F31-A054-D53BAC6B8620,2740,7,45.833333333333336,4,0.5328467153284672,549,73.13321167883211,347,150,1247.0,213.21545025757163,1120.567,-27.28765,159.39740864109183,0.0,461.59555999999986,149.2765856853296,0.2388588254685133,0,1039,0
50000832-22FC-46AE-B154-E74A23D7E98F,12726,13,49.166666666666664,4,0.11472575829011472,267,7.657944365865158,215,125,256.0,99.61985729933852,191.0078,0.0,26.802688875264604,0.0,131.3,7.894435757760249,0.021445097107221558,0,1039,0
1FBF8807-07B1-4E64-B30B-C2D1E1877D3D,12726,5,31.0,0,0.0,0,0.0,-1,18,490.0,44.76956935759369,199.9512,0.0,35.13564931630979,0.0,91.55273,21.25396792018409,-0.058358069294171255,0,1039,0
76D18AE2-B110-46B9-BE7B-1E7B80244F9F,12726,7,56.333333333333336,0,0.0,0,0.0,-1,10,452.0,145.56405474776955,345.5612,0.0,19.59398562464542,0.0,165.2344,18.878344242971224,0.424286332955917,0,1039,0
BB3CE716-58DB-4B32-970C-02A89E44791D,9073,3,283.0,1,0.040229251625702636,83,3.339027884933319,811,141,264.0,83.0432161813101,163.2,0.0,27.42071273823693,0.0,120.4,10.345032275480023,0.02982661896978861,0,1039,0
48EE7266-1BDE-47A4-82BF-CDD1F395B94F,7641,5,165.25,1,0.04776861667321031,322,15.38149456877372,811,110,103.0,10.380853383795792,35.45337,0.0,2.3860969710255104,0.0,13.52219,-0.3431533837957925,-1.11735371645282e-14,0,1039,0
197B52E6-8B04-4F65-A492-9B84CD190EC9,12726,6,8.6,1,0.02868143957252868,5,0.14340719786264342,56,120,1083.0,292.41127943183517,867.1875,0.0,131.51842134622143,0.0,445.2209,138.17227171862783,-5.059673643867864,0,1039,0
254F228D-C6F6-48B2-B7FC-DD75BF4E652C,5769,3,204.5,7,0.44288438204194835,3276,207.26989079563182,116,140,538.0,77.99380112839427,261.5904,0.0,39.15910372196665,0.0,130.0,11.896785291358825,0.7063415465100339,0,1039,0
32A76D07-F177-4B55-BD4B-878270ADF332,1327,4,76.33333333333333,0,0.0,0,0.0,-1,138,887.0,97.8520380925793,285.0,0.0,31.5352692173482,0.0,137.00042,-2.179224998443516,-0.11722471908521423,0,1039,0
5BFA5E09-A362-42B7-BA96-472D41DC178D,12726,24,33.34782608695652,1,0.02868143957252868,28,0.8030803080308031,719,32,251.0,70.96601406336383,235.7483,0.0,29.56451846606914,0.0,105.835,-5.156406249636973,0.22098005866584747,0,1039,0
CAFFBD2A-7BF0-4CC7-8871-DB1A6403BF51,9087,5,156.0,3,0.12050181578078573,692,27.795752173434575,107,139,129.0,20.98059560036678,183.0408,0.0,4.375944452054852,0.12050181578078573,26.54297,3.4821087822721104,0.019885304038714247,0,1039,0
4841D8B3-A9B2-4003-A5B5-DA09D70BE96C,12726,7,146.5,2,0.05736287914505736,446,12.791922049347791,526,139,377.0,161.57054353462954,605.0,0.0,42.57032922593929,0.05736287914505736,217.10039999999998,34.540434388209974,-0.026660640182109077,0,1039,0
E1A8FA71-2D4E-4C7C-8B97-8BBD0C91DA38,2551,2,1.0,0,0.0,0,0.0,-1,138,301.0,70.79995871481925,122.4362,0.0,12.63326389923015,0.0,87.96692,-7.191554967134067,0.1159432011799022,0,1039,0
30D3BFE8-F44A-4B29-9DC6-326B60A5615F,12726,15,35.285714285714285,4,0.11472575829011472,462,13.250825082508252,498,50,85.0,38.28604124480779,71.30127,0.0,8.818206865023932,0.0,49.76807,6.08207712787739,0.05650786895749143,0,1039,1
92905D91-5F31-4F9F-86E5-BF755E08C9DE,4796,5,14.25,1,0.07610508757297747,434,33.02960800667223,811,135,693.0,59.06551134290897,168.75,-1.288032,31.99880271177971,0.0,101.25,-17.090685663896622,-0.29192710130885496,0,1039,0
D931B089-7749-4B86-B7B9-766ADA0C110B,322,13,11.5,2,2.2670807453416146,1385,1569.9534161490683,29,51,804.0,166.20276751044295,598.769,0.0,146.1815819356826,0.0,347.05269000000004,90.24300732103856,0.24588455349791083,0,524,0
39A868D5-CF3F-49E1-9798-927E95D83E24,10012,4,121.0,3,0.10936875749101078,169,6.161106671993608,396,126,157.0,40.20254821593339,70.92947,-58.54089,9.398243612566516,0.0,52.227548,3.793853499112906,0.0667684457079932,0,1039,0
C129B3A2-C318-4389-9EC5-F6DAFD5593FE,12726,9,46.875,3,0.08604431871758604,68,1.9503378909319504,716,62,1245.0,581.5248683796609,1092.41,-136.64,150.4942465904394,0.0,747.9,53.13226047836372,3.757502128177237,0,1039,0
A1583F11-F115-4E6B-8407-9F2EE54C0B9F,12726,9,71.875,2,0.05736287914505736,48,1.3767090994813767,635,9,489.0,152.4919377179115,320.0,0.0,53.69724373595085,0.0,221.0,-13.36824944630655,0.06094402372478978,0,1039,0
28FD5180-AB14-4ED6-8F46-FBD6DF6BC65F,9190,4,7.0,2,0.07943416757344941,5932,235.60174102285094,736,127,346.0,72.20331644602999,887.392,0.0,40.59741452389171,0.19858541893362353,128.9,19.77412954239594,0.05537609237174194,0,1039,0
CEC5D20A-7411-4E20-BCF4-9E248A60837E,5805,4,187.66666666666666,4,0.25150732127476316,403,25.339362618432386,437,71,160.0,35.82140704795024,86.31833,0.0,16.807168096830544,0.0,60.004714,10.37829498554514,-0.048010711222117745,0,1039,0
6FDCC79E-AE91-4A12-B0E5-DBC66A0B3E0B,12726,8,26.571428571428573,2,0.05736287914505736,520,14.914348577714915,168,6,489.0,127.22512798140046,534.0536,0.0,49.33849722142002,0.02868143957252868,188.38729999999998,-25.131275861878862,0.04664129380955535,0,1039,1
B3AE58AF-D117-41E1-B509-AB12BD5D8F84,1684,10,56.888888888888886,1,0.2167458432304038,4,0.8669833729216152,595,121,1663.0,272.5100264271718,893.6599,0.09155414,92.00917437942547,0.0,376.0128,42.1547561191245,-1.1105376911990912,0,1039,0
8A9CF1CD-0742-4354-A6DB-E3BCD6310CD5,4811,9,105.375,3,0.22760340885470798,356,27.00893785075868,296,106,251.0,99.29410606611471,241.5,0.0,18.09765804989213,0.0,121.5,-9.030911621670256,-0.03454404521829189,1,1039,0
991CF82D-9B61-487D-94EE-5A0FB7E9A4BC,1061,6,198.6,2,0.6880301602262017,439,151.02262016965128,130,1,888.0,116.82551399680068,413.2542,-40.0093,70.65344811384463,0.0,216.35158,12.374869388230167,0.6970956506969495,0,1039,0
79BE139F-AB21-4F01-AFBF-B966A7F65F35,12726,5,43.5,3,0.08604431871758604,113,3.241002671695741,168,88,452.0,126.8033918211931,2175.495,0.0,46.593274885476944,0.02868143957252868,186.37267999999997,-23.39779713809125,0.29000695806875243,0,1039,0
CE8A429F-C0C8-442C-8ED8-62FA0BE76EEF,12726,8,101.85714285714286,1,0.02868143957252868,25,0.717035989313217,41,62,803.0,247.75178481457303,801.5453,-586.98,122.04660601361785,0.0,390.0146,80.14896462994145,1.2168793678785712,0,1039,0
6A3BC26D-9625-4E3A-ACD7-46E7225FD9CB,7530,8,109.71428571428571,2,0.09694555112881806,561,27.193227091633467,693,96,208.0,43.04173037037086,118.5336,0.0,18.343763005110603,0.0,67.0,-3.109915365355427,-0.12298935113867412,0,1039,0
7C97E11E-49F1-4C09-8FFE-9E5694BC59D7,8695,8,65.71428571428571,1,0.04197814836112708,11,0.4617596319723979,33,3,415.0,178.26116528166628,877.0,-6.2784,86.04385603250985,59.776883266244965,242.0,-10.319511691388499,-1.1849567633197537,11,1039,0
A183AE88-0CCD-43E3-9CFD-1C22EA5B9BFC,157,5,7.5,2,4.649681528662421,96,223.18471337579618,44,106,555.0,31.93246043139985,799.0777,0.0,30.689103038763683,4.649681528662421,75.85380799999997,2.7749759690553937,-0.2613576996793535,0,193,0
F758E62E-6DE1-47DD-B4A9-8A8D43EA40F1,4320,7,88.33333333333333,5,0.4224537037037037,1028,86.85648148148148,166,88,452.0,131.71358277716573,2256.745,0.0,47.438842599281344,0.33796296296296297,192.0,-23.817547955560798,0.3182333348508055,0,1039,0
DC1037C6-DB13-4BB4-B5DF-ED9615D88208,7287,6,186.2,1,0.05008919994510773,16,0.8014271991217237,870,13,414.0,40.9985381237693,226.7578,-12.7,36.01993656069204,0.0,83.78905,-40.05165689537424,0.017032115138814446,0,1039,0
BFF392BC-577A-430C-96D3-5D0E2112E162,9261,6,87.6,0,0.0,0,0.0,-1,110,452.0,1.7528622260416178,128.9625,0.0,7.899182978602308,0.0,0.0,17.78222205761579,-0.4841376398084302,0,1039,0
054F99E1-BBE0-4652-BF4E-1D72094A40F4,5443,1,0.0,1,0.06705860738563292,41,2.74940290281095,141,110,490.0,140.870007047394,349.63,0.0,46.22054123095201,0.0,200.68,-6.2112139825791814,-0.12671709257557656,0,1039,0
0D2A5155-DBEC-439D-A275-E3705BD72AA8,12726,5,175.75,14,0.40154015401540155,3255,93.35808580858085,79,109,376.0,145.40533411636102,338.0,0.0,48.06424801088691,0.0,212.0,-11.88959337562028,-0.00446088451719595,0,1039,1
15238378-C75A-4456-A293-8EACB714B279,9746,4,227.0,2,0.07490252411245639,11,0.41196388261851014,232,106,151.0,21.13645211882817,43.0,0.0,5.502701906343307,0.0,29.0,-1.1187052052479238,0.0262213441988538,0,1039,0
E6946B30-E217-4772-A8F2-EDDF48594007,323,6,76.6,5,5.650154798761609,145,163.8544891640867,297,79,226.0,45.70092483486524,127.0,-89.3,16.43434313393186,0.0,66.0,-5.563810637334377,0.012273634605056195,0,1039,0
A9CF3A2C-161B-4512-8A8C-CF3B45C25843,12726,7,110.0,2,0.05736287914505736,290,8.317617476033318,7,2,741.0,249.60041486437723,396.7578,0.0,37.16317808469157,0.0,292.10264,-0.372868854037705,0.020922994536920456,0,1039,1
452330AD-2F39-4C09-B014-3E21FDCF4046,264,7,33.166666666666664,0,0.0,0,0.0,-1,54,472.0,51.355716518428046,999.1739,0.0,72.50060439728638,4.1477272727272725,156.6442,-18.302353168350884,-0.04003544990602214,0,362,0
6D8E26F6-EF80-49A0-A334-86A9CC07606B,12726,4,23.666666666666668,1,0.02868143957252868,16,0.4589030331604589,1023,102,276.0,55.68157548181182,138.1836,0.0,17.590472173703525,0.0,76.17188,-8.494165210901329,-0.05179148882462811,0,1039,0
373BE085-2525-463A-856A-036D6A1FCD2B,9588,4,35.333333333333336,1,0.038068418856904464,91,3.464226115978306,428,103,271.0,25.806171195205046,77.65625,-53.40542,17.35113390853452,0.0,46.73438,5.728124847233222,0.1091659562605779,0,1039,0
99CD5C44-DBCF-4F5D-8CA3-FDD9508FC4FE,2885,10,50.888888888888886,1,0.1265164644714038,75,9.488734835355286,198,66,452.0,153.25757134963555,353.7225,0.0,61.62839055802217,0.0,232.20063999999996,6.6985074023706375,0.21016092741167303,0,1039,0
98BAFF66-96A5-46FD-AEEB-947E869F99D9,5094,2,0.0,1,0.07165292500981547,7,0.5015704750687083,59,99,1039.0,162.4802921887596,628.5,0.0,79.89811520808624,0.0,271.3,-58.745886324562065,-0.28678270179686244,0,1039,0
0E1EFDA6-4CFD-43ED-941E-2236A69EE917,6454,16,45.733333333333334,3,0.16966222497675862,305,17.248992872637125,669,22,259.0,90.275905667365,183.75,-8.205465,16.525321647688422,0.0,111.75,9.540124425227603,0.046431015145805846,0,1039,0
6CD33829-8A6C-4778-8BD6-E3606033983A,6616,3,232.5,2,0.1103385731559855,1454,80.21614268440146,33,97,377.0,177.97992652535692,378.556,-7.799988,53.69935906115019,0.05516928657799275,244.0104,-35.28982367504827,1.1040733646414065,1,1039,0
2BD05842-C822-4B32-90E6-AE4E4ED497B5,12726,11,86.5,4,0.11472575829011472,125,3.585179946566085,96,80,377.0,127.86880088995832,284.9854,0.0,27.99035278013618,0.0,151.8036,-13.600319990266968,0.07156886297909301,0,1039,0
92D1B331-43BB-4AB4-8533-685FDCE75A8A,7038,2,1.0,0,0.0,0,0.0,-1,92,497.0,90.82884690811005,313.53,0.06,55.03573576802577,0.0,173.33,-18.274068358727334,0.2504479388172626,0,1039,0
76E43C8C-544B-439F-AF27-2FC492938676,5312,8,40.0,7,0.4809864457831325,97,6.665097891566265,212,13,301.0,98.46011854444079,240.8846,0.008972168,17.187546463300695,0.0,124.3064,15.162247499889759,-0.05592790043205074,0,1039,0
E1CB2A4B-6019-49F5-8AC3-700EE7461768,12726,7,124.66666666666667,6,0.17208863743517208,274,7.858714442872859,120,90,693.0,226.8061188565462,394.6,0.0,27.395791358080004,0.0,258.2,-19.51096453555857,0.1312041152769577,0,1039,0
1AC1C574-BD15-4F62-9C7C-BAFE4220F780,12726,11,51.1,0,0.0,0,0.0,-1,53,706.0,222.4952414271928,1998.465,0.0,87.89696281150205,0.11472575829011472,317.24845999999974,-54.440974552763834,3.485736891643332,0,1039,1
DF7F18E3-8854-40DA-BBC7-FD0BBFB79A1C,4777,3,426.0,3,0.22922336194264184,426,32.54971739585514,63,87,259.0,66.66116559786536,233.1762,0.01313791,20.350963677975265,0.0,94.172454,-16.12023834501506,0.05982636228143612,0,1039,1
D575E2B8-849E-44B4-ADE1-B032BB48C657,8051,4,249.0,2,0.09067196621537697,619,28.062973543659172,434,78,375.0,138.6199172522437,403.34,0.0,46.42269527845362,0.13600794932306545,195.0,-25.160121966289154,0.22207443363925386,0,1039,0
274A3B8D-5C78-41A0-87DE-1A828ED02C48,684,4,234.66666666666666,4,2.134502923976608,32852,17530.672514619884,83,84,497.0,42.15900167609282,226.0,0.0,34.29328584887469,0.0,91.0,19.740226718968906,0.7299823252070161,0,1039,0
66D9C403-3113-485F-BFE7-C5B5AFCB1D83,8312,12,77.18181818181819,1,0.04391241578440808,528,23.185755534167466,1035,81,739.0,88.92257766329557,443.7591,-50.1,57.56491105590861,0.0,172.12329999999997,-31.30847218258569,-0.31149514461611594,0,1039,0
BBB6A57C-8FCC-4797-A32B-C607596EE51F,10044,8,131.42857142857142,3,0.10902031063321385,38935,1414.9019315013938,135,80,489.0,120.9964984478639,350.0,-307.0938,40.373273442874876,0.0,170.0,3.4196280953459706,0.3891238858934452,0,1039,0
8CA5C88C-E442-4CAB-9163-07A7295021A4,4116,2,433.0,1,0.08867832847424684,25,2.216958211856171,152,75,452.0,144.69462615071583,431.1371,0.0,34.102909133476636,0.0,187.0,-11.852728002567687,0.02825011546909174,0,1039,0
20EE3B08-3F70-4CDC-B7CD-B4B6D7EFC497,3999,4,316.3333333333333,1,0.09127281820455113,13,1.1865466366591648,33,59,452.0,183.50759215016697,387.2,0.0,52.556051059555635,0.0,249.6,-42.432667738129936,0.5105473163306548,0,1039,0
80F74B56-E49B-456A-AA72-EE7EF373FAB1,5636,4,32.333333333333336,8,0.518097941802697,598,38.7278211497516,7,71,402.0,117.96991760760875,265.0,0.0,25.623936604144678,0.0,150.0,8.099526836835693,0.04199078075470381,0,1039,1
8D4FE0DC-9C23-4AAF-B28D-2C90851B134F,6956,4,233.66666666666666,5,0.26236342725704426,300,15.741805635422656,70,71,734.0,151.89272031186292,355.0,0.0,45.64709893186115,0.0,208.0,1.1654240276432688,0.24914951819826917,0,1039,0
DB3C99CD-9393-4AAD-B2A4-05740DFA76D1,-41,10,87.33333333333333,1,0.0,652,0.0,263,70,452.0,85.85290515169972,201.0,0.0,23.974874388279595,0.0,118.0,-13.613784781329343,-0.09506872133284204,0,1039,0
FF0AA7C0-6553-4E3E-B265-B1FD2B36C206,12726,7,32.5,1,0.02868143957252868,168,4.818481848184819,811,4,251.0,98.80338639915975,208.2036,-11.07723,32.22722628093066,0.0,139.77512,-12.172526817463606,0.08116170209124614,0,1039,0
14D19538-77CD-4509-8593-134C1D663F49,5930,8,105.0,0,0.0,0,0.0,-1,66,489.0,104.76381042306586,295.1255,0.0,41.77874148660943,0.0,161.06867999999997,-20.522796995442405,0.24039141777544418,0,1039,0
F3C72DA8-746F-4BFA-AF0B-CDB4AFEFD28D,12726,3,341.5,0,0.0,0,0.0,-1,65,312.0,55.630422269371586,136.0,-1.9,20.043545037087526,0.0,82.0,-20.438446960729614,-0.023704343929099037,0,1039,0
BF1E6491-B741-4888-90A8-7135C7A10D42,4506,4,303.3333333333333,4,0.32401242787394585,670,54.27208166888593,25,64,225.0,29.538007389896798,69.58008,-0.202634,6.16672301602494,0.0,37.17041,3.4429609595630737,0.06057800635940938,0,1039,0
377D8035-8E88-4BC1-88E2-385158BC0C17,2437,2,47.0,0,0.0,0,0.0,-1,11,302.0,48.085427429701014,1041.261,0.0,21.483220253758947,0.149774312679524,72.021562,-9.05016522367169,-0.332516140660687,0,1039,0
0B604511-D550-455C-A815-9F752D51C59E,792,4,44.0,4,1.8434343434343434,231,106.45833333333333,214,23,451.0,195.96120218181562,298.0,0.0,36.97906981001864,0.0,242.0,13.373211398431295,-0.06687096715206563,0,495,0
E4F52558-59FE-4BF5-8B4B-4149F3599B93,12726,6,35.2,3,0.08604431871758604,939,26.931871758604434,28,54,1039.0,134.71380798951856,492.7368,0.0,79.13262352751316,0.0,246.46,-7.9491991924506635,-0.28946347259220373,0,1039,0
E7C975C1-526E-4E0E-94D3-6A9ACC47F556,12726,2,0.0,5,0.14340719786264342,260,7.457174288857457,61,56,450.0,103.26001616657854,363.0,-10.35292,43.14949535037743,0.0,160.5,-10.598789314726687,0.09817475751455794,0,1039,0
7C9FD8ED-0444-44C5-BE90-4A54401B42F9,3716,4,57.0,4,0.39289558665231433,383,37.6197524219591,207,23,301.0,66.96799147148396,129.3803,0.0,10.874480474533364,0.0,81.310352,7.413593827898765,0.03589236022158491,0,1039,0
2189AC8E-3FEC-4A31-A660-EB794CA97567,7015,9,123.875,3,0.15609408410548822,371,19.303635067712044,347,9,763.0,221.3150667811578,462.7991,0.0,90.8802216175259,0.0,320.8008,-103.79219500917105,-3.0346006756151356,0,1039,1
B0F7390C-6116-4937-8C35-D8F887A7EF90,12726,1,0.0,2,0.05736287914505736,279,8.002121640735503,396,52,261.0,49.064879706385234,125.9868,-106.941,11.366484177766331,0.0,63.803092,5.184983517094707,0.008075880720218765,0,1039,0
F84DCB9B-F130-4277-A5D2-0A9807D3463D,12726,4,262.0,2,0.05736287914505736,40,1.1472575829011473,635,51,452.0,150.53356904294978,318.0,0.0,52.87621313842684,0.0,218.0,-17.659032005912735,0.15786985590344,0,1039,0
FFFDB39B-D066-4224-9848-6D9ACF52BE69,2130,3,84.5,2,0.3427230046948357,257,44.039906103286384,810,50,301.2,44.31847804273561,319.9724,0.01071342,13.014079019696673,0.8568075117370891,61.165302,6.080251072738925,0.005952511899109925,0,1039,0
877E4C2A-402B-4EB8-B31A-4B22E138185C,1945,7,150.0,2,0.37532133676092544,37,6.94344473007712,819,50,301.0,74.0290142296077,262.2364,0.0,41.283149173843206,0.0,131.82403999999997,53.835645967923156,1.035809495573219,0,1039,0
41A1D1DA-43DD-449B-A2DE-37FC4BF6B391,12726,5,68.5,7,0.20077007700770078,856,24.55131227408455,437,50,264.0,112.3956855267558,265.7938,0.0,23.1593018737864,0.02868143957252868,142.65344,-0.5839564038391387,-0.1329455138554499,0,1039,0
EB21CB81-C854-433D-A187-77C1504AF8F9,5008,5,174.25,0,0.0,0,0.0,-1,45,259.0,130.567579631202,243.8835,0.0,36.56510582182619,0.0,180.5111,-18.297873183208168,0.20641331294354076,0,1039,0
D25583F6-FEC0-4046-B2BD-EDC9B903B6C2,4420,8,116.85714285714286,4,0.33031674208144796,735,60.69570135746606,178,27,181.0,58.21394703111059,182.2769,0.0,25.79718681639288,0.33031674208144796,88.6734,-41.91384411238837,0.3224612702446332,0,1039,0
42918901-CC0A-4828-BAFD-BB861E440C5D,12726,4,301.3333333333333,2,0.05736287914505736,182,5.22002200220022,811,40,266.0,113.1360705991018,268.4,-39.4,23.197288487965505,0.02868143957252868,142.5,0.9034510058364873,0.11293319248364701,0,1039,0
123DA990-7674-4A6B-9D4F-61A9223F8AF1,12726,7,99.66666666666667,4,0.11472575829011472,39,1.1185761433286185,453,9,266.0,119.4660361001158,194.4,-3.04,21.820444339503755,0.0,146.04,-0.32765570582567705,0.03215024920246263,0,1039,0
7EE736BE-2EFD-402E-BB49-4A8EFD89B1AE,4411,3,59.0,3,0.24824302879165722,78,6.454318748583088,170,43,193.0,24.363062336704438,534.52,0.0,10.01598100788019,0.16549535252777148,35.39330599999999,-0.4081396306859162,0.12166332792169655,0,1039,0
4129116B-40CE-4E4F-AD47-C6FC5815983B,367,4,93.0,6,5.967302452316076,781,776.7438692098093,238,43,226.0,50.71245099715558,109.2983,0.0,15.19086507394332,0.0,70.48109400000001,-0.42738817308150345,0.09234117958888491,0,355,0
69B934B9-23D6-4AE0-9FFF-FCEEC30B599D,12726,8,99.0,7,0.20077007700770078,962,27.59154486877259,114,43,256.0,4.529949315543033,445.0,0.0,18.698082799360872,0.17208863743517208,0.0,-4.529949315543033,0.0,0,1039,0
9D5E0888-AED0-4421-A5AB-7A8439AAAEA3,5060,2,1.0,4,0.2885375494071146,330,23.804347826086957,141,43,391.0,146.3274864481584,278.5,-604.0,43.91562734714705,0.0,212.5,-21.885009596306546,0.2091255264709197,0,1039,0
4DE3157C-A45C-4533-ADE6-753F54E1D0D1,8961,6,179.8,0,0.0,0,0.0,-1,13,820.0,124.16878325205646,436.0,0.0,73.57832850963227,0.0,229.0,-42.87680794341448,-0.057742496787521955,0,1039,0
511322E9-E726-47A3-B34A-2FE59DE46B4A,12726,4,296.3333333333333,2,0.05736287914505736,71,2.0363822096495365,811,39,266.0,116.30587677179116,283.4,-6.466375,24.013858445732392,0.02868143957252868,146.7,0.6041463763569936,0.11172143451626933,0,1039,0
D980B5F9-43F2-4558-84B7-2BEBFA474220,9568,4,250.33333333333334,3,0.11444397993311037,344,13.122909698996656,7,39,271.0,96.03158964716312,209.0926,0.0,16.453852533489567,0.0,115.11541999999999,-0.31711001923103765,-0.055685269881953416,0,1039,1
F2678BD3-6AE1-4216-A103-B84BBD8D527F,12726,12,28.727272727272727,0,0.0,0,0.0,-1,18,788.0,85.10495920539196,452.01,0.0,64.55249436920249,0.0,173.29,-10.143026335021588,-1.0854761944777027,0,1039,0
7408DC56-68AB-4F1B-AAE4-7BCED4AFE0EB,3626,5,240.0,2,0.2013237727523442,577,58.0819084390513,811,39,151.0,39.35272443727536,276.0,0.0,13.827828559604182,0.5033094318808605,56.25,3.799956889885131,0.06364547463560441,0,1039,0
26C1600C-6E36-4699-9514-8F4F8B7B5F1C,7624,4,321.3333333333333,3,0.14362539349422876,798,38.20435466946485,176,36,228.0,51.29405205089454,209.0,0.0,18.568376180521522,0.0,75.0,-2.1068915569130553,-0.012819300966902395,0,1039,0
87B0FC7B-CFC3-4BED-B4D6-B9A86E4C0C34,4722,7,145.16666666666666,2,0.1545955103769589,61,4.715163066497246,20,36,226.0,22.29013291511777,205.8016,0.0,12.523123417440992,0.0,39.2,4.1865954886630945,0.014271766601990345,0,1039,0
84A3DB08-E6EA-4D2B-A671-02A8B2D6C633,12726,5,135.75,2,0.05736287914505736,97,2.782099638535282,734,28,473.0,98.3192797138889,248.0164,0.0,34.176561709187155,0.0,140.7623,-24.26038330162038,-1.0547944284770492,0,1039,0
1EC7AB52-FDE2-44DF-B256-0AF19450EE57,2631,2,0.0,1,0.13873052071455722,61,8.46256176358799,593,27,803.0,130.89550118301023,382.8577,0.0,41.43934044987089,0.0,181.137,1.2937773818045741,0.16789179948701555,0,1039,0
AA75FA33-9E52-47D9-8FEE-A5BC69C0712E,6756,7,152.83333333333334,4,0.21610420367081115,106,5.726761397276495,8,6,223.0,33.27521122052352,148.5255,0.0,17.266144707815958,0.0,55.858154,-11.143609557949606,-0.09078683259263381,0,1039,1
D9EEC8F0-5C25-4E15-857F-5A3C7DB717F9,5447,2,0.0,2,0.1340187259041674,155,10.386451257572975,210,22,804.0,138.7675073857316,446.7563,0.0,44.053427750191254,0.0,187.89401999999998,-1.4651807699908659,0.18173711895031827,0,1039,0
F1ACDD45-7F87-4CDC-A972-21CBC8A9065D,2242,4,263.3333333333333,9,1.4652096342551293,588,95.7270294380018,386,15,208.0,39.28797415994291,464.8922,0.0,21.81453897746288,8.954058876003568,70.70235,19.293894252634246,-0.11349659994146857,0,1039,0
D30FEB9F-EE6F-4D1D-A866-3F9C49A8C632,2107,5,175.5,2,0.3464641670621737,52,9.008068343616516,627,22,452.4,132.3492009772727,399.3103,-35.19893,43.75525427245885,0.0,189.81864000000002,-25.01106969778965,0.024848477680520568,0,1039,0
B69589E2-6807-418A-B60E-EB9DF2CF9414,4530,3,153.5,0,0.0,0,0.0,-1,22,301.0,101.37620472746993,209.3423,0.6445879,26.029391791592502,0.0,132.5273,-19.13637209777086,0.07913010756431835,0,1039,1
807F912E-403C-4C70-8A4E-842A99653258,4879,2,1.0,4,0.2992416478786637,335,25.061488009838083,437,22,264.0,110.90469157473213,524.5007,0.0,22.57216277447369,0.3740520598483296,140.45302,-0.3325599458740953,-0.1575557784689934,0,1039,0
11ED973B-5F01-4B0B-813A-97DA58168C83,7215,2,697.0,0,0.0,0,0.0,-1,20,450.0,111.4063507733908,205.66,0.0,24.21776634315124,0.0,142.34,22.810144596979555,-0.15081678579445332,0,1039,0
5274FE5A-D854-4898-BCA6-251B934FF370,1891,1,0.0,1,0.19301956636700157,235,45.35959809624537,21,17,708.0,103.44821002589572,238.0501,0.0,33.832788598407426,0.0,147.1007,3.352235041233911,-0.1985164935938595,0,1039,0
75C1D0C1-B81B-4D77-92A1-CB0AB19F2E10,12726,8,29.714285714285715,1,0.02868143957252868,28,0.8030803080308031,276,12,306.0,104.19966551519005,464.0,0.0,38.98062466906373,0.14340719786264342,155.3711,-26.42979598517462,0.006625762894120908,0,1039,0
C9DA295C-FDC8-494F-8CD0-864EBF9A2BFE,12726,2,1.0,4,0.11472575829011472,65,1.8642935722143643,10,11,792.0,222.64963268119965,597.37,0.01,56.67567635991101,0.0,301.14399999999995,-48.97641354539718,0.18427263539607308,0,1039,1
A3568790-8909-4A14-BC34-BE2796EBAAC2,1260,3,3.5,0,0.0,0,0.0,-1,2,452.0,43.08480054069221,513.7,0.0,26.354905945666925,1.4484126984126984,80.988924,-11.918053930630478,0.3809591900896181,0,1039,0
8E9F1020-6887-47D2-897C-C8C8FB015B90,12726,4,314.3333333333333,1,0.02868143957252868,121,3.4704541882759705,65,9,151.0,8.731160521260717,52.8,0.0,2.682455986253703,0.0,11.0,-0.024524718791582245,-0.03241643915802238,0,1039,0
59210FF9-D5FE-4EEF-B238-D10ACCA19706,3420,4,235.33333333333334,4,0.4269005847953216,527,56.244152046783626,77,8,301.0,56.7440658365806,148.7008,0.0,17.227029822528277,0.0,79.219354,8.168672887339156,0.007675940622580285,0,1039,0
D85F6C68-413B-4541-B487-97D96FBD9BF0,4820,4,208.33333333333334,1,0.07572614107883818,329,24.91390041493776,811,5,675.0,95.62214433268855,352.6052,0.0,25.184623273629548,0.0,130.196,32.8661076464781,0.027742459104911205,0,1039,0
607B267C-54D0-4206-9517-FE3935888926,6349,7,129.33333333333334,0,0.0,0,0.0,-1,4,489.0,79.47589233375946,229.0,0.0,24.71001418382932,0.0,109.0,-21.33399418561131,-0.6019878425778152,0,1039,0
45D920F7-00C9-4288-B627-F1B234B33629,6425,7,110.16666666666667,0,0.0,0,0.0,-1,4,181.0,61.0795669174135,185.2539,-127.0965,23.196575531363226,0.3976653696498054,89.55078,-10.279101811703633,-0.03990683761660593,0,1039,1
86A0511C-438D-4C45-93B4-5CA8959ACC25,2507,2,0.0,5,0.7279617072197846,65,9.4635021938572,416,1,452.0,79.49278943558268,202.2754,0.0,29.239185873110934,0.0,115.27644,-9.469294982488549,-0.2193190551354664,0,1039,0
222B2D58-B4E6-4608-A993-EE22E726CC11,12726,4,287.0,3,0.08604431871758604,383,10.984991356278485,0,1,78.0,12.58163305831989,187.4019,-96.26875,2.5313335609189953,0.14340719786264342,15.532541999999998,1.5751580942727017,0.013193293999051912,0,1039,0
068B377A-FD3C-4F29-9C9A-92AC88378806,4179,5,111.25,1,0.08734146925101699,364,31.792294807370183,811,103,832.0,194.26019116781677,390.0,0.0,44.757142986172745,0.0,250.0,-10.76327758756986,0.028509120924669253,0,1039,0
0F0728DC-114B-4FA9-947E-6DE866090D6D,3505,1,0.0,1,0.10413694721825963,37,3.853067047075606,741,234,451.0,179.83169821530498,366.5321,-15.44369,58.99448696890943,0.0,250.36738,36.30223711077528,1.726878021187097,0,1039,1
F23D9E97-D7AD-48C5-848E-EB3BE56A2D84,9787,3,122.0,10,0.37294370082762845,1361,50.75763768264024,13,720,450.0,96.76438239172192,344.45,0.0,47.50917021885349,0.0,153.09,0.3864679169200542,0.06862007083627103,0,1039,1
F230D24D-7437-46E8-97E4-1683B8C7725F,6975,8,56.57142857142857,1,0.05232974910394265,403,21.08888888888889,439,294,452.0,111.74308723707723,251.2848,0.0,24.77697548860947,0.0,141.7236,-13.191410992478467,0.7268670973056167,0,1039,0
DD781548-7E94-4620-ABAF-F126BA57E2A3,12726,1,0.0,0,0.0,0,0.0,-1,104,1370.0,317.7251933309684,850.39,0.0,128.89720598373768,0.0,493.34,-56.985832991462246,-0.7224432160123209,0,1039,0
B9DAFA34-ACAD-45A2-9EA9-FA166E912DA2,-7,0,0.0,0,0.0,0,0.0,-1,0,1039.0,0.026147191224054928,101.2645,0.0,1.3152595665380145,0.0,0.0,0.0,0.00032986431877821294,0,89,0
0D36B8DE-6935-4684-825C-8EEF2AFB468D,9805,5,240.25,2,0.07445181030086691,1637,60.93880673125956,251,14,150.999,54.99756488153955,259.5215,0.0,23.196424999095953,0.9306476287608363,83.15277,-9.833285472150664,-0.17379763885915683,1,1039,0
7338441F-16FE-4E26-83E1-567455692E6F,3625,1,0.0,2,0.2013793103448276,36,3.6248275862068966,478,339,250.0,62.91399972290454,538.7697,0.0,21.242831493373256,0.2013793103448276,92.0,-11.393089229077383,-0.16861963982756192,0,1039,0
183F635A-7D31-489D-8B9B-0140D4625984,4967,6,168.2,1,0.07348500100664385,5,0.36742500503321923,630,141,682.0,181.62635589045598,302.3207,0.006910498,39.90791817896038,0.0,232.20204,6.158910053988478,-0.03585594598116796,0,1039,0
AEBA6A3D-153A-425E-B838-E54D62817C3C,1976,2,348.0,0,0.0,0,0.0,-1,2,415.68,92.10308896696944,223.68,0.0,29.637705135873407,0.0,129.2607,-9.26422494791079,0.09319053404762384,0,1039,0
C54CE7F4-0609-4E82-ACE8-41E113F04B46,317,4,155.66666666666666,10,11.514195583596214,664,764.5425867507887,7,135,226.0,47.278699309309474,125.2441,0.0,20.755844695540336,0.0,74.34082,-16.174301161161324,-0.01523159009117107,0,1039,1
6D91627C-0809-4F4A-B786-CFFA4028E126,4334,3,312.0,2,0.16843562528841716,19,1.600138440239963,670,8,452.0,131.92788899201508,324.0,0.0,40.292719505250744,0.0,184.0,-7.503197633990396,0.5174444261521945,0,1039,0
6C890ABD-5E44-4EA7-B7D1-7B01729CB2A5,2892,3,67.5,0,0.0,0,0.0,-1,232,452.0,135.19537611905733,260.9429,0.0,29.84791169095266,0.0,172.4811,-6.123473757946215,-0.052041303000498425,0,1039,0
5F0C3A57-9E28-444B-AD0F-C50B861004C1,4967,7,84.0,3,0.22045500301993154,65,4.77652506543185,222,190,682.0,181.88237568817723,301.2452,0.01949582,39.919779958525304,0.0,232.4248,6.161887811822766,-0.04710653485359432,0,1039,0
3287E045-CC5A-44F5-89DA-DCD69DA1E5F1,6637,8,53.142857142857146,6,0.32996835919843304,219,12.043845110742804,291,338,251.0,100.30828483420457,237.9,-86.18622,37.23919531078014,0.0,146.4,2.5465474281410962,0.2145293066072651,0,1039,0
168B55CD-3653-4846-B11A-2C029F97E6BE,1421,2,1.0,2,0.513722730471499,292,75.00351864883885,49,50,90.0,3.290586101726157,7.507507,-131.248,0.9122686443960422,0.0,4.204204,0.4425684350022374,0.0021437495023356114,0,1039,0
31233CF7-B98C-421C-BC39-314064817E1E,3974,4,126.0,1,0.09184700553598389,83,7.6233014594866635,39,26,554.0,69.1503704837792,189.7942,0.0,24.879939358949347,0.0,100.3969,19.089766704492405,0.22846464366306526,0,1039,0
81737197-5406-4565-9D1C-43D983177299,7953,3,136.5,1,0.04589463095687162,65,2.983151012196655,294,676,693.0,139.2855831153159,394.656,0.0,54.33520760799015,0.0,216.672,37.60555762542489,-1.5756823860286933,0,1039,0
2E270BD4-33B3-4CB2-B24B-C8E7FFF4B72D,4578,1,0.0,8,0.6378331148973351,1478,117.83966797728266,7,645,402.0,120.46196207848361,390.8688,0.0,24.421186717099385,0.0,150.8101,6.291191872905259,0.02524363933406523,0,1039,0
C3F611C1-25DF-46AE-B06C-114862138B82,969,4,60.0,0,0.0,0,0.0,-1,764,802.0,108.37738816260284,524.6429,0.0,69.01378070360711,0.0,188.8962,53.935647109002076,-1.4059586204449066,0,1039,0
C4B816A6-01D9-49D2-9464-EE4D11138AFE,12726,11,91.9,2,0.05736287914505736,79,2.265833726229766,333,11,266.0,116.15946776255461,276.2,0.0,24.402450395886877,0.02868143957252868,146.7,-0.5918674539126272,0.05454768649982521,0,1039,0
ED424732-3580-4C2C-9F42-057AED83126A,350,2,143.0,1,1.042857142857143,84,87.60000000000001,39,40,803.0,11.93055463789577,999.9147,0.0,56.52256239787843,9.385714285714286,3.766706,-8.316201609500709,-0.018122350637714384,0,439,0
5B6A4864-6D93-42FC-94D0-4E97AB2041BB,8029,5,67.0,1,0.04546020675052933,1,0.04546020675052933,634,319,150.0,23.823931809286044,347.0,0.0,23.34849524774243,0.04546020675052933,54.0,8.774447820343582,1.0236196855579016,0,1039,0
9E5EC2AA-D247-40C5-AC4F-1F8592D6DFE7,969,4,271.0,0,0.0,0,0.0,-1,130,802.0,94.02448141627903,288.6543,-121.6507,63.024769826133955,0.0,174.8428,-79.19451190331607,-0.25017617598654296,0,1039,0
7EEC2A6F-8B55-4FA9-A5BF-C96FB85F3618,6536,0,0.0,2,0.11168910648714811,9,0.5026009791921665,1020,0,489.0,93.75693240611217,205.0,-187.8,20.751907398874245,0.0,121.0,6.676092285245858,0.14560130880345984,0,1039,0
F8D8B824-1D6B-4827-9884-6254A2C7CF5B,12726,4,83.66666666666667,1,0.02868143957252868,22,0.630991670595631,276,270,276.0,96.26259170202198,200.8789,0.0,33.951227246023876,0.0,141.3818,-22.23560091236149,0.010566000123743716,0,1039,0
A119817A-A6B1-4E40-AA55-7B3AC6AA0B59,1119,1,0.0,0,0.0,0,0.0,-1,935,453.0,7.166072974238157,82.88313,0.0,3.7608509148258413,0.0,11.454714,-0.5380177476177863,0.014940566742287808,0,1039,0
870FB91B-E5D8-4EA0-B4EA-4A3A8FC2E635,7153,2,19.0,5,0.25513770445966727,110546,5640.890535439676,16,908,798.0,157.89396111730375,377.578,0.0,70.68894263843637,0.0,244.6874,-13.927146174402509,-0.09470067629420005,0,1039,0
9E31BE67-A0C8-4797-AAE7-CEAD8350BE84,1047,7,162.33333333333334,1,0.34861509073543456,230,80.18147086914995,993,57,753.0,203.25613279391862,461.1739,0.0,58.9669301004897,0.0,272.0802,-5.06407535564702,0.06878134162635065,0,1039,0
29A38419-1EBD-47A7-9E93-FAF29C4D415A,12726,6,175.2,1,0.02868143957252868,30,0.8604431871758604,332,153,403.0,43.897907328973865,241.4,0.0,27.088841644191227,0.0,80.9,3.5693457574458876,0.260296149959036,0,1039,0
C92771E1-8125-4EDF-A205-E93AE3DADC26,12726,6,158.6,0,0.0,0,0.0,-1,230,739.0,175.97791779762662,430.0,0.0,56.28314600144431,0.0,249.0,8.146542078916582,0.34597464021604973,0,1039,0
A1478965-DF45-4C9E-A2C1-51B8554473DF,1412,5,173.25,2,0.5169971671388102,156,40.32577903682719,327,328,416.0,59.16141061582522,213.4098,-0.03,35.24463072397714,0.0,107.66138,24.94546827824115,0.5642817289928622,0,1039,0
420071ED-4053-473C-BE00-F2AD57C552C9,7105,6,185.0,3,0.15411681914144967,385,19.778325123152708,683,85,264.0,77.74404746768224,169.0,0.0,25.21083930583064,0.0,111.7,7.8001577792313554,0.023859867244614877,0,1039,0
144C568D-B7F1-4C0C-9A19-274906B7F19E,12726,2,6.0,0,0.0,0,0.0,-1,1003,262.0,3.722536305594784,185.7422,0.0,21.011146434002054,0.0,0.0,-3.722536305594784,0.0,0,1039,0
4003EE70-B45C-44C7-891F-BB1F6EF6F1CB,12726,5,233.25,2,0.05736287914505736,143,4.101445858871601,378,73,440.0,135.37743638470755,325.1953,0.0,65.20859302969632,0.0,215.8813,-26.6933624549236,0.5977155595243004,0,1039,0
4A54D358-17CE-4805-8FA5-0AA098671906,8738,5,117.25,3,0.12531471732661936,3773,157.60414282444495,392,532,1330.0,246.52944925392384,908.0792,0.0,126.01746508230578,0.0,450.22378,-103.73340701086829,-0.4206166605543891,0,1039,0
18971934-C7F4-4707-BE7F-465705C731B3,4404,2,847.0,3,0.2486376021798365,309,25.60967302452316,283,154,326.0,61.70866441083752,370.4519,0.0,14.60877591683998,0.41439600363306084,80.0,8.060430944872358,0.01895581160161862,0,1039,0
0942C5EB-FC42-41D6-BEFF-7265CCA5583F,12726,4,177.33333333333334,3,0.08604431871758604,2842,81.51265126512651,443,468,276.0,110.85168810698296,217.43,0.0,30.212450379124142,0.0,147.91399999999993,5.383421460918271,-0.07431723738196075,0,1039,0
80904C47-EAC6-45D1-96FB-37B55200D33C,3277,2,1.0,0,0.0,0,0.0,-1,998,301.0,77.7785046654842,180.0,-6.953444,27.990992159890524,0.0,116.25,-4.271174418570624,-0.15011584077603007,0,1039,0
FF9BC881-886E-4CB1-84B1-BB30CDDB0ADD,2784,3,143.5,1,0.13110632183908047,18,2.3599137931034484,85,708,451.0,100.65017857732906,232.4771,0.0,37.19182128799483,0.0,140.8711,-16.589715101788926,0.047640297316863395,0,1039,0
612A09FC-6A8A-4303-A78E-87F7616EC271,12726,8,143.28571428571428,1,0.02868143957252868,5,0.14340719786264342,860,16,693.0,138.75558860056088,337.7295,-9.0,46.378040899933566,0.0,211.33989999999997,-43.53824228080778,-0.3609588494028718,0,1039,0
B958F294-B632-4375-82AE-0CBE6CBAF442,1016,3,110.5,8,2.874015748031496,651,233.873031496063,438,771,301.0,33.68284027361502,68.54248,0.0,12.562748924338548,0.0,45.842743999999975,-3.0666336841088473,0.09013466830378897,0,1039,0
CAE06DB1-C28C-4DD7-8229-3FC558CC8FCD,3263,3,184.0,1,0.11186025130248238,37,4.138829298191848,344,624,451.0,181.2453521919455,2099712.0,0.0,5432.515901647349,0.11186025130248238,288.27426,22.83109132765327,0.014352262670551735,1,1039,0
A67F23BF-12EA-4930-833E-716FD347EA9B,8037,3,471.0,0,0.0,0,0.0,-1,48,1245.0,310.3910299383563,832.57,0.0,126.42653121411416,0.0,482.72,-77.23571049391188,-0.7072047406403906,0,1039,0
C182103F-59D6-42A0-96E7-3C5AB13F279B,5805,4,303.0,6,0.37726098191214474,292,18.36003445305771,437,72,160.0,38.940461446323795,894.3032,0.0,17.541935216127204,0.31438415159345395,63.41969,11.947958897966323,-0.015036829252060473,0,1039,0
040F8C6B-6154-4F65-90DE-0A928E5DF927,2356,6,187.4,8,1.239388794567063,127,19.675297113752123,213,34,151.0,25.49847088358223,80.31917,0.0,9.721849984391781,0.0,38.515404,-2.031942278654757,0.013522506274053752,0,1039,0
0A766EC1-AA11-4B41-841B-B550585BD4FA,12726,15,64.92857142857143,0,0.0,0,0.0,-1,59,301.0,125.63939857329312,353.9307,0.0,39.50893701845614,0.14340719786264342,166.7969,-74.95459795523757,-0.01599065168395827,0,1039,0
AF6F4292-7FD7-4D2E-8B50-818B9A886964,9332,7,149.0,3,0.11733819117016717,72,2.8161165880840118,337,71,251.0,70.75708186995254,212.4987,0.0,22.028980612468025,0.0,101.80348,-9.628858865400069,0.006766095658012279,0,1039,0
AD25229F-6579-44E2-BF43-AC29981611E0,2878,4,169.33333333333334,2,0.25364836692147325,204,25.87213342599027,811,456,831.0,169.0957956417932,609.7018,-13.30965,31.731494668739224,0.0,207.0282,-6.885604455064794,0.5355252057557217,0,1039,0
C1EC1AEA-C136-48C4-93D2-98466AFE7BC7,3242,3,172.0,3,0.33775447254781,36,4.0530536705737195,439,619,472.0,94.15945235205578,353.5162,-0.0778222,47.42013359683055,0.0,158.9637,18.76640581461089,-0.7485026666462261,0,1039,0
F0BE2E77-EABB-44C4-9A60-79EDF3CD87B7,12726,4,142.0,3,0.08604431871758604,199,5.707606474933208,444,535,251.0,84.01746276954896,179.1,0.0,37.37066538710065,0.0,126.7,-1.1299776368328907,0.062119876088878,0,1039,0
50CFD97F-A9A9-448D-BFDE-393B797DF7C3,12726,5,177.75,6,0.17208863743517208,233,6.6827754203991825,334,247,266.0,121.8786807464844,248.4488,0.0,29.091872848735655,0.0,150.0,-4.930198499570835,0.2792274646068642,0,1039,0
78151CF6-B676-4D65-A75E-25D3A6BC8D2B,12726,4,153.66666666666666,4,0.11472575829011472,121,3.4704541882759705,33,498,160.0,61.638443627139296,136.6894,0.0,13.955379705185694,0.0,79.5,1.673477669157002,0.0048257843903327215,0,1039,0
D8DDFCFE-66F5-44DA-9087-612B676696F1,12726,4,130.33333333333334,2,0.05736287914505736,170,4.875844727329876,811,564,269.0,94.68210663663683,186.72,0.0,27.118549948171434,0.0,126.14039999999983,-2.897851457624469,0.08255090622519352,0,1039,0
56C72817-7EEB-4404-A234-6C6D0755A29D,6212,4,307.0,0,0.0,0,0.0,-1,30,145.0,44.859453839512206,239.5976,0.0,22.698157986033472,0.2937862202189311,74.0,-13.1761976666727,-0.1232717916707033,0,1039,0
5779EC43-21C7-4667-BC05-73CC8E6FED7A,2423,2,794.0,2,0.3012794056954189,99,14.913330581923235,73,152,250.0,50.9151621072018,135.0,-4.577637,15.349705950829268,0.0,70.0,-5.130054082510441,-0.0294636855030568,0,1039,0
0418827B-4B88-4512-9481-DB3A730A5550,12726,5,136.0,1,0.02868143957252868,85,2.437922363664938,935,400,266.0,105.67881535403293,927.1177,0.0,35.67839482156714,0.14340719786264342,139.7,5.025096683004122,-0.0014498532055769449,0,1039,0
84793B37-3551-41B0-B566-499DDB1E68FE,7323,2,66.0,1,0.04984296053529974,6,0.29905776321179844,131,943,678.0,70.14204288286358,149.0,0.0,14.257626154960725,0.0,90.0,7.9787132899759285,0.15601268789464287,0,1039,0
F880248A-50DD-45A4-AC83-91D3571C3492,12726,4,84.33333333333333,6,0.17208863743517208,79334,2275.4133270469906,544,684,99999.0,11.6107358707845,109.5947,0.0,14.688525804308158,0.0,30.99365,-11.6107358707845,0.0,0,1039,0
80C35AF4-575C-4DF8-85E1-1CFE30E08EE3,7322,3,16.5,6,0.29909860693799506,244,12.1633433488118,18,933,126.0,43.29625434674413,111.0351,0.0,17.886476625783597,0.0,67.3828,4.830345269073767,-0.1181494168973712,0,1039,0
87192324-493C-4DB8-9CA3-A519F745E6ED,12726,13,55.916666666666664,2,0.05736287914505736,190,5.44947351878045,780,254,264.0,104.75484262792907,232.1,0.0,39.58475222226297,0.0,153.96,4.072187179941309,0.23502006155357258,0,1039,0
3E2ECBE0-F314-49FB-B271-F42762483208,6405,5,117.0,2,0.11397345823575333,74264,4232.062451209992,16,564,739.0,177.29379258936063,408.3658,0.0,69.99666283244477,0.0,264.2679,-20.724144745224834,-0.16288933754181512,0,1039,0
3D9B1E81-7F71-4E0D-BBE5-F1D7A487CD05,1009,6,16.8,6,2.170465807730426,729,263.7115956392468,795,842,416.0,40.02478132206524,88.45615,-1.989993,10.530573299266988,0.0,49.887631999999996,6.9881738237680935,0.18697336635349057,0,1039,0
7E47271A-9402-41EB-AB36-67F25E9ADADF,1317,4,151.33333333333334,4,1.108580106302202,158,43.78891419893698,42,461,452.0,121.60312018252158,411.0,0.0,39.435798070729724,0.0,172.0,16.221009995719143,0.05047424050567298,0,1039,0
0DB51A8A-4907-4EAA-9E2E-1EA4B14D04FB,1163,11,89.0,7,2.1969045571797077,859,269.59157351676697,415,71,151.0,48.59959133479021,225.4,0.0,18.751806333333843,0.6276870163370593,72.3,-0.6960573797747784,0.16582104326621858,0,1039,0
0D0B09B9-5288-48F2-8CC9-56475F27ABF0,2318,2,116.0,1,0.15746333045729077,35,5.511216566005176,789,903,678.0,109.13643221948905,329.0127,0.0,59.90479210261052,0.0,194.06804,50.651895767393654,0.18964653524025754,0,1039,0
6B14C01A-EAA3-49A8-9309-76CD84D81B27,2166,2,1.0,2,0.33702677746999077,213,35.893351800554015,93,901,602.0,122.90204800560886,322.0629,0.0,46.16921479506914,0.0,180.22994,19.994265206582497,0.041360168510034205,0,1039,0
7D79BF7B-842E-4995-BE09-FD1FD3655FB3,921,6,164.6,1,0.3963083604777416,49,19.419109663409337,275,72,603.0,108.34143244707043,305.4399,0.0,49.2248264560827,0.0,165.2299,0.22751433217341344,0.1550745138766167,0,943,0
9C5EBED9-6596-468C-AF05-09865B4D5E6E,2422,3,105.5,1,0.15070189925681254,456,68.72006606110652,811,687,301.0,30.621820600416314,176.1974,0.0,21.061213036871486,0.0,60.93846,7.083663869182452,0.03155233490539494,0,1039,0
DF69803E-1C67-4624-ADAB-3F63B21E25AC,12726,6,168.2,0,0.0,0,0.0,-1,54,800.0,271.3177433076657,616.2964,0.0,70.09585687084582,0.0,361.9263,8.666427556531858,-0.11018612654539177,0,1039,1
78761FDA-39E5-4EA9-A4D9-7FDC815F320C,5152,5,92.25,0,0.0,0,0.0,-1,544,400.0,92.29429807271413,273.0,-105.7181,47.881146135949116,0.0,158.0,-25.93419004802277,-0.27034973453520444,0,1039,0
DDB78145-F203-4785-B820-79E009E09EB1,12726,2,1.0,1,0.02868143957252868,81,2.3231966053748234,17,894,489.0,107.65202433620915,225.0,-21.6,28.53973545145682,0.0,145.0,-2.523474953493107,-0.08329846391654605,0,1039,0
7F340B6C-D32A-4F8B-90CD-C862EEA99414,976,2,0.0,0,0.0,0,0.0,-1,884,1454.0,269.1378898445722,614.7714,0.0,112.54590246276652,0.0,403.65816,-35.78073145761232,-1.5322144561764703,0,1039,0
3B353B6F-8AC4-452E-9DC5-A5FBCC9DCFED,4129,4,27.666666666666668,0,0.0,0,0.0,-1,795,452.0,140.3611968649394,360.0,0.0,50.41328157025538,0.0,203.0,-35.74406723530976,-0.1410557087524423,0,1039,0
EC3B46F5-6D6B-45FC-A05A-70A2224997C2,4129,4,25.666666666666668,0,0.0,0,0.0,-1,801,452.0,141.55953656789174,363.0,0.0,50.76524265221574,0.0,204.0,-36.02087916048433,-0.14320200710660738,0,1039,0
95A3ABCE-D88C-4314-A9E9-B8513A60052C,12726,4,296.0,3,0.08604431871758604,177,5.076614804337576,442,36,120.0,44.30193772714799,115.0,0.0,15.131182781788187,0.0,65.0,-18.090286492580084,-0.16480286775233843,0,1039,0
089F8EF0-AC2D-4868-B833-05A867DBEF61,12726,12,69.27272727272727,3,0.08604431871758604,869,24.924170988527425,440,249,706.0,283.61078689447606,800.0214,0.0,85.96074410481341,0.08604431871758604,352.075,-63.152046989151984,2.419257110222862,7,1039,0
38E168C4-670A-4DE6-BE88-9E9A6C7679F7,6719,10,85.88888888888889,4,0.21729424021431762,71,3.8569727638041376,433,153,188.0,41.59565513477949,106.7106,0.0,20.85798448428629,0.0,70.1442,-6.89588220939369,0.10507541678502241,0,1039,0
0E5946F9-90B0-4BC0-9696-BA28B2584FDD,7331,3,0.5,0,0.0,0,0.0,-1,858,2144.0,304.05426133447565,1136.965,0.0,162.83250430531203,0.0,525.5839,-44.63427214080281,-1.0835051507087716,0,1039,0
20EC2CBC-C6A7-403B-ADC6-1A560025E4E4,12726,4,205.66666666666666,2,0.05736287914505736,120,3.4417727487034417,546,238,452.0,137.29333013955505,349.4885,0.0,69.70078379600416,0.0,210.1337,17.362288582667162,0.07199394560813754,0,1039,0
783B3D90-1BE7-4FFC-B3A8-DDA22416F1C5,4827,3,69.5,0,0.0,0,0.0,-1,855,251.0,51.394987222504426,121.6339,-48.79591,17.4201566687963,0.0,72.584638,-11.8164777249427,0.06206346343168698,0,1039,0
BF613F99-2DCD-4D53-813D-35CBDD081C47,4343,4,277.3333333333333,0,0.0,0,0.0,-1,20,451.0,88.12030580820846,240.0,0.0,19.47055012309446,0.0,114.0,5.893120117717473,0.21200433981324374,0,1039,0
327067B8-5F05-47D8-B046-55DD26FB513A,12726,5,191.5,1,0.02868143957252868,152,4.35957881502436,582,82,412.0,89.1761224708347,317.3,-9.3,40.085068481696425,0.0,137.98399999999995,1.2560411094122088,0.4081501191275785,0,1039,0
E1B23343-11EE-4D06-B68E-1C6E37035CB4,4652,7,69.5,0,0.0,0,0.0,-1,428,628.0,150.36497077528605,308.1528,-144.9404,30.395159690758316,0.0,188.53456,-32.70616271818727,0.31539098005344957,0,1039,0
C97B79D4-FD5E-452D-83B2-30FAA1368686,12726,7,69.83333333333333,1,0.02868143957252868,162,4.646393210749647,811,425,693.0,225.83513021478242,362.8,-25.1,27.321258626296817,0.0,257.0,-18.512468177745376,0.0899318674457116,0,1039,0
B603BEBA-4D07-4357-90B6-856CED27A507,12726,1,0.0,1,0.02868143957252868,42,1.2046204620462047,581,843,450.0,149.54273119733344,335.33,0.0,54.87987276381089,0.0,215.4,-33.976431043012454,-0.1877746332424483,0,1039,1
B5C30833-D82F-4AFF-ABA3-B71921FC635D,12726,8,77.42857142857143,3,0.08604431871758604,34,0.9751689454659752,313,296,683.0,115.96868948576709,459.55,0.0,67.76127456276,0.0,198.34,32.719197088306984,0.3717627307668138,0,1039,0
FE5E6CA4-8A0C-4EF9-8E1C-50B67AD61764,4005,1,0.0,2,0.18227215980024966,504,45.93258426966292,218,839,138.0,13.129697704926812,82.0,0.0,3.555417250803692,0.0,17.5,1.1774010605052858,0.01697911950719682,0,1039,0
101E536C-C816-4B20-9C6A-6C97C7CBD9F1,7530,3,377.0,3,0.1454183266932271,80,3.8778220451527226,39,83,208.0,43.656681498939136,213.0,0.0,18.572641896532847,0.04847277556440903,68.0,-19.227957846238525,0.3375527075031463,0,1039,0
CD1ECB28-EEF7-4014-B417-A5A5D5041015,3550,2,768.0,3,0.3084507042253521,381,39.17323943661972,214,59,452.0,204.76957943715624,360.6054,-9.461337,43.44501243159056,0.0,260.16038000000003,12.845774869224925,0.07166798718212286,0,1039,0
0103621A-B5FB-4EAF-B661-5933B9E2990B,12726,13,68.5,3,0.08604431871758604,939,26.931871758604434,13,2,800.0,348.7418242661321,790.2831,-16.18726,94.85828593932759,0.0,461.1511,-4.579532252243212,0.8405642809065894,0,1039,0
19BC1D55-5791-4C12-B27E-D8D1D52D5867,893,1,0.0,0,0.0,0,0.0,-1,826,602.0,101.60357447466319,297.9818,-4.394419,58.022326728100104,0.0,172.0934,37.78466520265164,0.12007595143077421,0,1039,0
4A7D9253-FDDD-405A-B7B0-ACECFA3C0672,12726,8,107.71428571428571,2,0.05736287914505736,68,1.9503378909319504,265,62,800.0,327.3364893463158,685.1807,-0.7576736,93.33080539948668,0.0,434.7839,36.1269691830052,0.16432342785198045,0,1039,0
510E2E04-AAB2-41AA-BAC8-1BFCCA3C09DF,12726,13,45.833333333333336,4,0.11472575829011472,201,5.764969354078265,291,380,264.0,99.31740449577329,244.6,0.0,39.43166578274528,0.0,147.36,5.813514257313145,0.23979873286930664,0,1039,0
91DD3FA9-4DBB-436F-895C-F1C6C1DBDAD9,12726,6,108.0,2,0.05736287914505736,284,8.145528838598146,234,268,1370.0,253.4251868861566,851.17,0.0,139.18701999335224,0.0,450.84399999999994,-131.98009969479858,-2.546737930037303,0,1039,0
4E1662A1-23AE-4383-BA23-9721548AB53D,3781,4,9.0,0,0.0,0,0.0,-1,781,887.0,254.38617479743078,737.0,0.0,68.80319643836414,0.0,342.0,59.834349893927254,0.24689330644357424,0,1039,0
39D80A8A-0BD1-44F7-BB17-EBA6C2EF8815,12726,3,172.5,2,0.05736287914505736,21617,620.0066792393525,63,489,455.0,105.5849577458218,343.9453,0.0,59.92762303797904,0.0,187.5,-25.325353495050194,-0.02318570034088665,0,1039,0
EB2E1E6A-7867-4982-9FB9-70632A10CDB9,5876,4,189.66666666666666,1,0.06211708645336964,46,2.8573859768550034,812,232,452.0,57.79903392573789,237.6709,-45.50362,33.5159293940462,0.0,101.6785,-13.520925766472452,0.023816569905174462,0,1039,0
1C285E62-A053-48E3-9F57-B8FB2791E2DC,1262,5,171.0,3,0.8676703645007925,725,209.68700475435818,424,116,452.0,102.44998576057347,391.1461,-17.72805,28.036865524053187,0.0,143.284,13.217690887574662,0.07964372020197584,0,1039,0
7A2E33FB-CCD9-484B-A45A-D606B7718AA8,12726,1,0.0,2,0.05736287914505736,8,0.22945151658022944,132,799,151.0,52.72073044636463,288.0,0.0,14.674896671563722,0.05736287914505736,70.0,2.0490998005489516,0.017225206129646765,0,1039,0
B162CAC1-5ECC-41A5-82DA-750E8A7DFE7B,6644,3,47.5,1,0.054936785069235404,169,9.284316676700783,811,699,271.0,128.17325244275702,223.5446,-3.0,21.052041449987332,0.0,153.634,-27.21197553997925,-0.0505301484134864,0,1039,0
4B563A1D-CE3A-4E0C-BB18-464300998D19,12726,5,228.25,0,0.0,0,0.0,-1,20,452.0,118.39870884700849,259.7622,0.0,36.47637630875919,0.0,163.63084,-39.14924049554244,-0.7959297877519623,0,1039,0
3AA438F5-B9FA-4DB5-ABE5-0FCDF077797C,12726,6,137.6,2,0.05736287914505736,46,1.3193462203363193,635,101,489.0,163.69494914689406,339.0,0.0,56.366386505427215,0.0,235.0,-13.076739270350856,0.08964115368595645,0,1039,0
DB5A98A6-9ECB-42CB-9D8D-32C1F7C7D8A8,7010,3,187.0,1,0.05206847360912981,11,0.5727532097004279,952,413,377.0,118.17073636096346,384.2925,0.0,20.64174725533993,0.05206847360912981,146.14914000000002,1.4898581999933356,0.1357102274096531,0,1039,0
30B9750D-9A0B-4170-A5BF-C90D2A092FE6,6586,6,192.8,1,0.055420589128454295,158,8.756453082295778,811,57,152.0,27.92334502294806,121.8745,0.0,13.38113245564352,0.0,46.904856,1.886571398888357,0.036625788747725936,0,1039,0
5F2943CA-E070-4A84-AE21-4DF654FBACE4,3298,2,13.0,1,0.11067313523347483,53,5.865676167374166,114,1016,301.0,99.09113540697555,192.8708,0.0,25.559630462622568,0.0,129.73544,-18.29263882672865,0.10541337842821843,0,1039,1
BA499951-FC9B-497B-A257-37CB581DB410,12726,4,225.0,0,0.0,0,0.0,-1,336,988.0,185.6696039676856,494.08,0.0,61.00850714593726,0.0,267.33,50.15849248293168,0.6224038112842292,0,1039,0
A0146C0A-219D-4E78-9BC2-9B62DC02D44F,12726,2,6.0,1,0.02868143957252868,5,0.14340719786264342,591,996,309.0,61.6974713678074,165.7471,0.0,21.004571835663455,0.0,91.36963,-1.8624323909555471,0.018862573879658808,0,1039,0
C58977FC-E817-45E6-A8A8-F3AF3EC2D644,12726,2,28.0,1,0.02868143957252868,79,2.265833726229766,168,967,489.0,122.79288701064876,280.0,0.0,36.00365441983306,0.0,169.0,-3.0388746649697396,0.12114218490611761,0,1039,0
81149ADE-1FBF-4DEA-B7BD-33428148236F,5649,5,248.0,0,0.0,0,0.0,-1,1,145.0,44.57357630833897,595.0482,0.0,22.80949331978557,0.323066029385732,74.0,-13.029209024388354,-0.1318699039205029,0,1039,1
3A89B0FC-9977-4FF6-A6B2-91AE0D168FD1,12726,6,153.2,5,0.14340719786264342,89,2.5526481219550528,220,227,188.0,22.894712668750458,83.0,-144.4463,9.612978839038469,0.0,34.0,-0.800654026775149,-0.029345586789429307,0,1039,0
D6F046AA-8A21-41ED-92BD-CE6AFBBDC257,12726,5,125.0,6,0.17208863743517208,45,1.2906647807637908,436,493,472.0,133.85457105741364,799.0488,0.0,40.70617441980322,0.02868143957252868,176.7883,3.686849335333278,-0.16813037769022754,0,1039,0
A96BEA97-ED58-4E41-A8CA-51A4EF1D2650,12726,7,147.5,2,0.05736287914505736,495,14.197312588401697,148,132,432.0,113.56994939996117,207.31,0.0,23.598640069775826,0.0,142.74,-2.524343690084649,-0.6243941141568895,0,1039,0
0959DAA1-AD8D-4913-9DBB-B8276F0346CB,6187,11,96.0,7,0.41296266364958784,440,25.95765314368838,250,15,259.0,112.2919742434491,331.374,0.0,34.33183545134476,0.294973331178277,153.6846,14.18996001642742,0.07207900728610446,0,1039,0
E08256B1-31CF-4C4F-8B11-25AB5404E475,3242,3,73.0,2,0.22516964836520667,81,9.11937075879087,389,831,472.0,93.93046325451954,570.307,-9.3125,47.53903148303758,0.45033929673041334,158.9637,18.82526114594343,-0.7467592617682817,0,1039,0
3CF93F4B-5D55-4CE2-BC88-3C72DE853BE3,12726,2,117.0,1,0.02868143957252868,26,0.7457174288857458,945,861,527.0,182.32768806608792,308.9905,0.0,40.06254704149566,0.0,240.7227,33.12883224255407,-0.20488080303717085,0,1039,0
4F299892-5A7B-46C9-9776-EF49E2EC385B,4585,2,1.0,0,0.0,0,0.0,-1,969,250.0,19.07615439704967,373.0,0.0,17.876254349304894,0.15921483097055616,45.0,-14.022682174827448,0.02078017176331416,0,1039,0
03305618-8601-4B76-8E80-AD1AE27609A4,2565,4,192.0,1,0.14230019493177387,125,17.787524366471736,428,386,803.0,244.9576818736739,949.585,-24.46836,57.6469780152879,0.28460038986354774,311.2793,-8.770671325834371,-0.18414236345502755,0,1039,1
32BA210A-70F5-4937-B0AD-C2E9FDA1C70D,12726,5,231.25,3,0.08604431871758604,17,0.4875844727329876,471,36,479.0,117.12828274029062,301.8219,0.0,41.6132988355997,0.0,168.10126,-46.38120641910234,-0.914710366337571,0,1039,0
2877D2BE-ADF5-4E02-B930-7FEAE4EAC2E3,10435,6,167.6,2,0.06995687589841879,508,17.76904647819837,558,121,479.0,56.750725982196286,222.0,-5.15977,28.293627894215287,0.0,97.0,-9.957207463677769,0.2145027049521077,0,1039,0
F4B22715-8AD5-43E3-9B1D-CEB6AA6B186B,1159,4,300.0,0,0.0,0,0.0,-1,51,603.0,125.29837380321538,490.9829,0.0,65.17689213076287,0.0,190.7451,-17.766930263632062,0.12664312774629355,0,1039,0
E4731289-4021-456C-B1C0-35471BE3887E,2199,4,40.333333333333336,2,0.33196907685311505,452,75.025011368804,810,827,301.0,53.354451742280084,200.7087,-222.5,17.19979394826588,0.0,78.437006,-13.098991936801688,0.0055095750180806395,0,1039,0
FE508FA3-95CA-46C7-8F8F-C489B7E9A41B,3561,2,1.0,3,0.30749789385004217,329,33.722269025554624,668,943,301.0,84.06138578951455,266.1736,0.0,43.68673986392284,0.0,142.72493999999998,26.70716278918914,0.36652101826302314,0,1039,0
458C9317-2ED9-4E0D-A157-FEEB84349913,9431,11,92.6,4,0.1548086099035097,1011,39.12787615311208,264,6,739.0,92.39887326276546,377.7464,0.0,63.497890263851396,0.0,184.59144,-37.754088405743865,-0.2582185268224766,0,1039,0
8066BFEF-9678-40A1-8F55-0CDD267C2FEC,12726,5,44.75,1,0.02868143957252868,282,8.088165959453088,811,752,107.0,43.236041179883145,99.2,-2.117635,9.45866967599075,0.0,55.2,0.5116131411045188,0.22941071828708984,0,1039,0
45B4C5AF-AD77-4D6E-A306-29B600B035B0,6520,2,32.0,0,0.0,0,0.0,-1,899,251.0,61.449976319469414,115.9988,0.0,21.415336175357865,0.0,87.69305599999998,2.00663170374046,0.14881255706794214,0,1039,0
F1CEC826-C74D-4DF2-8C04-3FC8C9379645,12726,3,265.0,0,0.0,0,0.0,-1,400,678.0,49.34528763043231,539.6312,0.0,27.53930785184887,0.0,85.0,-8.313960469938486,-0.2092913848532337,0,1039,0
48C35BFD-4DA0-43C5-92DE-4AEC3E5D6D0A,12726,2,231.0,0,0.0,0,0.0,-1,700,151.0,32.377657004022566,150.0,0.0,11.899009896598967,0.0,49.0,-7.209061325010222,-0.004541884457639097,0,1039,0
3BB36FED-8F33-4EB6-A9E1-EEC15C9BE2E4,5545,3,190.0,1,0.06582506762849413,45,2.9621280432822363,3,547,266.0,99.1858541923658,1322.0,0.0,39.91718787115088,0.39495040577096485,145.90615999999997,-1.2099115209923355,0.27523720750707314,0,1039,0
59714C45-7F19-4ADF-AB64-383589441535,3932,1,0.0,0,0.0,0,0.0,-1,927,887.0,151.10675091928758,545.627,0.0,84.23691137453928,0.0,263.69574,42.85981721636057,-0.6432540742725302,0,1039,0
D3BA5D04-B303-4EC7-BAC7-84B8E1F6765C,65,11,94.3,2,11.230769230769232,226,1269.076923076923,811,53,346.0,59.343064006405314,479.1862,-0.001,46.89375380352969,5.615384615384616,127.2,-38.776106538581246,0.4066679602422893,0,1039,0
FEB0DC7B-70AE-4770-A41D-63203CDEC0D7,4551,4,95.0,2,0.16040430674577016,16,1.2832344539661613,913,740,753.0,190.43826868026662,568.3344,-30.0859,74.91234962838459,0.0,263.3458,18.345711171585208,0.016221317840815465,0,1039,0
385D0432-7208-4080-8224-C6B79E54406D,4815,6,182.4,1,0.07580477673935618,290,21.983385254413292,922,9,206.0,41.1250254206951,219.1518,0.0,19.688200299103027,0.3790238836967809,67.45876199999998,-13.27423513304078,-0.1249239664652564,0,1039,0
B9E051C8-32D0-4223-A2D5-FA7E228CE28A,12726,12,77.18181818181819,2,0.05736287914505736,262,7.514537168002515,471,57,256.0,122.26192512151376,230.2,0.0,33.53910027231372,0.0,166.7,-15.16894672645202,0.2074194687957813,0,1039,0
08F51991-D070-4C61-972E-E73585D7A7C8,12726,6,179.0,4,0.11472575829011472,436,12.505107653622506,2,10,301.0,114.48523568714985,223.91,0.0,38.759931329611774,0.0,154.83,-43.13785914393996,1.7278534924293427,0,1039,0
CBDE2D9A-4FBA-476B-8A6F-3BD26AC07A7D,12726,4,336.3333333333333,2,0.05736287914505736,126,3.613861386138614,396,8,78.0,12.095688313709532,294.0802,0.0,2.72931959685192,0.14340719786264342,14.908461999999998,1.6676065044000357,0.02475866927812796,0,1039,0
67013822-50EA-4C0C-A499-E18A86BF8D0A,1223,1,0.0,5,1.4922322158626329,229,68.3442354865086,2,904,99.0,9.75127211162797,143.6828,0.0,6.640469990196153,1.4922322158626329,22.287,-5.313572665694328,-0.007818974899803637,0,1039,0
CEA0063D-D90E-4C37-A135-A4E0ABFEC701,12215,4,206.0,8,0.23905034793286942,367,10.966434711420385,238,279,148.0,54.0819655979238,123.6762,0.0,17.212520319592134,0.0,75.68355,1.380455266273735,0.10315029118359048,0,1039,0
BCB99DFB-301D-47A7-BAE5-4346EE59A479,5153,2,542.0,1,0.07083252474286823,3,0.21249757422860469,17,355,400.0,134.08018346582824,4310.928,-5.565529,31.47499284741619,0.07083252474286823,171.06494,-6.442939664130705,-0.05403458983574897,0,1039,0
9E00283D-2CBB-4BEF-9B06-1E66D4686550,12726,4,139.33333333333334,2,0.05736287914505736,46,1.3193462203363193,811,470,259.0,93.05204374735456,584.0,0.0,39.00070685656882,0.14340719786264342,142.3,-16.24806997767864,0.1733459948649263,0,1039,1
E019CCCA-A54F-4A7E-821E-C3590B3DA268,12726,14,63.84615384615385,1,0.02868143957252868,15,0.4302215935879302,973,47,887.0,93.51728761035294,455.0,0.0,64.09871366093203,0.0,179.0,49.20616917977053,-0.39810687647781673,0,1039,0
71A4FDF8-3D80-481F-AFF5-B7489AA6400B,5181,5,183.75,0,0.0,0,0.0,-1,148,256.0,104.43212355113884,243.4782,-16.89596,42.92498963204315,0.0,158.96582,4.604939603182132,0.14125074051656422,0,1039,0
DD28E303-2043-4765-9DBC-00AB4836A5FF,7122,3,59.5,2,0.10249929795001406,114,5.842459983150801,381,760,271.0,69.62334020497703,128.7,0.0,18.968698794017737,0.0,93.2,-4.556202859298011,0.12148898698050054,0,1039,0
C3066597-CB16-4B8F-BBAB-4EF7BDCFF6FC,5255,8,125.42857142857143,5,0.34728829686013324,2133,148.15318744053283,345,0,489.0,74.40744992537164,348.0,0.0,41.85991885736426,0.0,127.0,28.662688963517255,-0.08321346256749554,0,1039,1
4A139140-8535-4803-9239-67A5E2757A68,4743,5,110.25,2,0.15391102677630192,240,18.46932321315623,110,457,232.0,71.71664199149303,198.6288,-8.400001,27.10584481354953,0.0,108.27049999999998,-3.1292521286072343,-0.44380183550864105,0,1039,0
0BF3CDD0-DF96-496B-9134-F2849E801EBF,5422,7,71.0,1,0.06731833271855404,305,20.532091479158982,811,443,284.0,122.04524273099655,250.3086,0.0,28.82100928196466,0.0,157.9,-4.00540606432989,0.11301070086945199,0,1039,1
81E7573E-370D-41FF-94AD-2CF63FD8095E,3340,3,69.0,0,0.0,0,0.0,-1,731,450.0,108.2396487921985,192.98,0.0,22.263168352947737,0.0,138.89,6.141744726320013,0.04244010463100694,0,1039,0
B67A6759-A83E-488C-8696-4C5E87CD94E1,2018,4,163.33333333333334,2,0.3617443012884044,531,96.04311199207136,252,365,1039.0,51.95405774985308,417.5107,0.0,35.578635544500465,0.0,108.14254,12.891415184869146,0.28536959405602863,0,1039,1
702BC098-B23F-4DB2-8277-D6F642CA8B28,12726,4,166.33333333333334,4,0.11472575829011472,407,11.673345906019174,116,430,314.0,34.82699349163694,109.9,-57.49477,17.102751893495142,0.0,58.2,-2.316916331143105,-0.47499232872833663,0,1039,0
AE54E534-A74D-46DC-8F22-8C0F7C94B5F6,3330,4,269.3333333333333,1,0.10960960960960961,360,39.45945945945946,811,127,301.0,66.56881994836856,264.1913,0.0,43.43143998866336,0.0,136.63754,4.9094447855820675,0.012707933341154096,0,1039,0
D929BBFD-057B-4A77-B3AE-032C4BCE5DCA,12726,6,135.0,0,0.0,0,0.0,-1,162,452.0,169.56689629803157,339.0,-214.6522,55.31252100574244,0.0,235.0,-15.148763581982195,-0.2038849675087179,0,1039,0
582A4AA7-2C97-4452-8B75-B9B6B7DD2790,12726,12,58.18181818181818,1,0.02868143957252868,71,2.0363822096495365,550,223,251.0,104.78289284104493,239.5,-127.6779,47.112965875504635,0.0,164.2,14.251420430560003,0.27639196997332394,0,1039,0
52732ACA-3F3D-41EB-A1C3-5E7DB087D478,12726,7,103.83333333333333,0,0.0,0,0.0,-1,208,203.0,46.08433339803356,115.0,0.0,21.63848708952926,0.0,76.0,-8.462419817786646,0.11393770607250592,0,1039,0
30A963E2-56DC-4C6F-85FE-19F9FD54A91D,3566,5,171.0,0,0.0,0,0.0,-1,138,452.0,41.042196002784344,185.661,-10.81999,30.053226546743655,0.0,82.77729599999999,10.17050766048726,-0.2010833413902853,0,1039,0
68EEE1C6-80EB-449A-855A-A3EB182BEC07,2370,5,201.25,15,2.310126582278481,740,113.96624472573839,79,225,452.0,117.12116960381374,430.0,0.0,41.83474773599259,0.0,175.0,-13.58598299501746,-0.01079020349172812,0,1039,0
FCEE839F-3F98-48A6-98A7-8D6BB1B743CA,12726,7,84.83333333333333,1,0.02868143957252868,187,5.363429200062863,811,408,269.0,66.70401397551652,533.8332,0.0,23.356928466961453,0.17208863743517208,88.97328599999997,7.2640752806563285,-0.04995744122166828,0,1039,0
3332C3FD-EFD6-4F55-B9DF-F37C156D5C58,12726,5,84.0,1,0.02868143957252868,404,11.587301587301587,845,516,753.0,162.59281749722572,415.7583,-40.73291,85.00535945183383,0.0,248.9596,33.05822025740392,0.020713860698210764,0,1039,0
DEDF2C8D-203D-46B8-AA25-2DC6F0A3ED75,5196,2,1.0,0,0.0,0,0.0,-1,801,490.0,104.35267971560235,295.363,0.0,42.196515875940406,0.0,161.44928,-19.653636755108522,0.19960475214628184,0,1039,0
F88C8391-493F-46C4-ACA6-90849D55A536,12726,1,0.0,3,0.08604431871758604,2325,66.68434700612919,566,1031,339.0,77.02515119157738,179.3701,-30.61992,20.23591049281528,0.0,103.6743,-1.5284185611761387,0.04960848072514441,0,1039,0
703A4E81-90DE-4C1A-A628-96004C4CDBC5,3340,4,165.33333333333334,1,0.10928143712574852,266,29.068862275449103,811,526,301.0,81.4997503463693,127.6,0.0,10.851021547562835,0.0,95.5,-2.1295497290853405,0.037942338560240235,0,1039,0
134082F5-20EE-4BF6-BF65-99DD9D94FF79,4806,3,175.0,1,0.07594673325010404,16,1.2151477320016646,85,659,377.0,105.50388215377663,233.6672,0.0,38.99315443887467,0.0,147.66924,-17.406610358545166,0.04679225728201387,0,1039,0
891C53D5-3FCA-44CD-AA86-AB4177A748C4,2407,3,465.0,8,1.2131283755712505,177,26.840465309513917,32,78,159.0,26.33019713047184,72.52126,0.0,9.636943937017671,0.0,39.303018,-0.3794438313260109,0.048511513629889584,0,1039,0
5F9C4547-A81F-43B4-83D1-13C75F9A5B82,1057,2,573.0,2,0.6906338694418164,10029,3463.1835383159882,402,434,301.0,72.12350119599483,170.9804,0.0,21.785141288894764,0.0,100.36884,-5.5045219521676785,0.10011334169392962,0,1039,0
596E0C13-45F2-4528-82B0-67DE8C99E9D5,9685,2,796.0,3,0.11306143520908622,309,11.645327826535881,142,198,271.0,50.2077363850556,234.7766,-82.45698,15.910078067701098,0.0,78.03516,-3.4343363850556017,-4.663708555906961e-14,0,1039,0
AFFD3861-8CE7-4386-B3CA-B427D9CB71FD,8438,4,326.6666666666667,0,0.0,0,0.0,-1,11,251.0,71.34502866659393,122.0282,0.0,13.284248022219325,0.0,89.28825400000001,-9.347640749927272,0.01817741603781573,0,1039,0
7D4391B2-5728-488A-9F43-F11A6A98C583,2666,3,422.0,0,0.0,0,0.0,-1,145,452.0,67.21736075016565,319.56,-266.6347,37.6747897617535,0.0,120.32,-7.232839916832319,-0.1230745296630764,0,1039,0
ECF72A82-D21D-4399-8DA5-9C3CF153E3C1,1069,2,937.0,9,3.0729653882132832,765330,261314.7333956969,115,36,451.0,35.87127714796496,540.1393,0.0,40.9476450916114,1.707202993451824,100.3507,28.723978571942453,0.10845930551148328,0,1039,0
CCB80281-C883-469C-AD11-C4D27D11A485,12726,6,174.2,0,0.0,0,0.0,-1,94,1083.0,268.02581035713854,2000.527,-98.87186,123.97169376502181,0.11472575829011472,421.2341,-128.15180785104286,5.004711179875913,0,1039,0
A72CBAE4-05E9-4164-B9DA-AA5FF0A39B10,8274,2,35.0,0,0.0,0,0.0,-1,966,825.0,297.29344981788006,2176.88,0.0,113.68476502881293,0.17645636934977038,451.51187999999996,116.20416783644094,0.24821423539903892,0,1039,0
D26CB470-C959-4C4A-82B4-09BA54EE72E6,12726,8,104.28571428571429,4,0.11472575829011472,254,7.2850856514222855,377,239,266.0,147.9482735079347,235.5,-26.8,22.36931158769213,0.0,174.6,-6.064122273366792,0.13282665212427758,0,1039,0
3E4F934A-22F9-4600-8BB4-8AA3E9C087FB,12726,6,178.2,3,0.08604431871758604,17,0.4875844727329876,312,69,489.0,55.838534940893,251.0,-5.003362,24.16620883265369,0.0,89.0,-1.8536583976831196,-0.16274814448977581,0,1039,0
02BA5F51-59B4-4241-A510-5A266306282B,12726,3,305.0,5,0.14340719786264342,571,16.37710199591388,665,348,104.0,15.360417106808917,62.5,-125.2329,7.1087500656222575,0.0,24.4751,1.330216038484295,0.03689696979352453,0,1039,0
85FB3038-427D-4E5A-9C5C-56E9B64A6AC4,1966,2,335.0,1,0.1856561546286877,87,16.15208545269583,529,617,1662.0,329.07019389479746,727.0,0.0,123.27165196950848,0.0,477.0,-87.39797167257524,1.020852368604994,0,1039,0
A0FE2471-47AB-42E3-A823-0B978173C4D6,3011,5,200.75,2,0.2424443706409831,615,74.5516439721023,26,196,451.0,72.76309602453566,226.9861,0.0,61.087706407213425,0.0,184.66266,-31.170142256788743,0.022535417065854154,0,1039,0
E84D8F35-5DED-432C-872B-BB6B793DA00D,7953,2,12.0,1,0.04589463095687162,87,3.9928328932478308,294,936,693.0,139.6159146799889,395.52,0.0,54.437411694808,0.0,217.344,37.57851124593702,-1.5808389540549213,0,1039,0
3D628AD5-874B-4E64-A57D-D1C6EDB91862,12726,5,228.0,2,0.05736287914505736,21,0.6023102310231023,376,35,377.0,128.7311641995408,309.1003,0.0,33.58953330118775,0.0,173.0347,-9.454273795991412,-0.006837784080111216,0,1039,0
F1B45926-7AE0-4CA1-B40A-C46260188C67,1521,2,0.0,0,0.0,0,0.0,-1,946,452.0,95.0386596773913,353.0,-10.97358,42.735231938793284,0.0,153.0,-14.621993010724623,-0.18963406547684608,0,1039,0
B0DFA93B-E5B3-4A08-B1BB-431B7C523AF7,12726,5,224.75,3,0.08604431871758604,291,8.346298915605846,63,38,259.0,64.98966311183545,233.2703,0.0,20.172698381512664,0.0,91.79,-14.492165349489774,0.023838510641413138,0,1039,1
65E5D0F8-52B5-4A98-A61C-E26A92BA8A86,12726,14,57.15384615384615,4,0.11472575829011472,130,3.7285871444287286,257,188,276.0,59.85405003082183,267.5386,0.0,35.80432222077101,0.0,104.0428,-0.6389296575193626,-0.07666561609075383,0,1039,0
BF8835C5-990C-426F-B526-B722CDC26D5F,2451,3,430.0,2,0.2978376172990616,134,19.955120359037128,383,72,452.0,110.36337976820357,187.4053,0.01310423,19.30082743363244,0.0,134.65218,-6.119242999104031,0.07359262981031282,0,1039,0
8D099868-8322-4ED7-B0AC-732C59DF4466,12726,9,110.125,3,0.08604431871758604,530,15.201162973440201,489,50,100.0,25.244214128755683,71.3,0.0,7.337635348148046,0.0,34.0,0.5599988365220945,0.06777777779559004,0,1039,0
D5FE6817-1890-46E9-A1C2-E36AEC24D09E,6330,5,131.5,1,0.05766192733017377,1,0.05766192733017377,947,401,775.0,164.18270036698414,457.2,0.0,49.24579055281266,0.0,230.4,-23.91307031837303,0.01593626202180807,0,1039,0
D232FB56-3008-4BE3-AE13-006A8B011A04,12726,5,193.5,0,0.0,0,0.0,-1,124,452.0,144.10137977163052,305.7999,0.0,35.91307443220965,0.0,187.2025,-9.149421760828062,-0.024443228178734993,0,1039,0
A6575B86-32B9-4A08-A709-A89581E4E58C,8718,11,79.5,1,0.04186740077999541,19,0.7954806148199128,1026,99,470.0,141.71462661481723,349.1821,0.0,65.15964429320695,0.0,221.7407,-25.25872905386045,0.5669678473627504,0,1039,0
FAD5955E-330A-4F2B-BA3C-AF46A7EB9141,2923,3,146.5,1,0.12487170715018817,23,2.872049264454328,811,601,301.0,0.6085021489791709,5.451586,0.0,0.37522604387059716,0.0,1.1606446,-0.30651840587438695,-0.00023851887077276076,0,1039,0
FCF47850-2BD4-43B9-A61B-74F4F893419D,1354,3,163.5,1,0.2695716395864106,48,12.93943870014771,711,562,887.0,85.07045809279352,295.5011,0.0,51.90382379900247,0.0,155.99729999999994,-14.061911240941669,-0.28064924350293563,0,1039,0
621D22C0-464B-4623-A92C-4F152A8DB7B9,1604,4,151.33333333333334,0,0.0,0,0.0,-1,435,887.0,84.83147236468173,296.2057,0.0,51.856656973258325,0.0,155.72665999999998,-14.066374451873088,-0.2806427206989125,0,1039,0
60DE7DBA-7A39-48ED-8C19-37BA7939D964,5083,2,511.0,3,0.21542396222703128,441,31.6673224473736,77,379,129.0,6.885547531240169,933.0,0.0,13.083919673003981,0.35903993704505216,28.0,11.392461728019091,0.18780902306182234,0,1039,0
47A5FFAD-993D-4B88-8A5D-8860C7C5D531,3403,3,72.5,1,0.10725830149867764,8,0.8580664119894211,717,743,734.0,157.64107044053407,394.5086,0.0,47.506190621203835,0.0,216.40617999999998,3.764411629450507,0.17953878944842605,0,1039,0
BD438B48-65EE-42A9-8504-2CA87CE3D9BA,8274,3,224.0,1,0.044114092337442595,5,0.22057046168721295,515,515,825.0,285.63647642479935,702.64,0.0,110.72421253489357,0.0,463.01,128.44057913075625,0.2672374161415243,0,1039,0
A8A5245D-E7DA-429A-B6C0-0C8B76505476,12726,3,234.0,3,0.08604431871758604,167,4.78980040861229,377,407,266.0,149.9891173104339,237.6,0.0,21.96149203102736,0.0,176.5,-5.87760496475488,0.1412037151361658,0,1039,0
D61AD443-F61E-4E59-A4AC-C0A5AF47F6E9,4705,7,89.33333333333333,4,0.3103081827842721,684,53.06269925611052,594,332,1524.0,430.48970706727255,804.0,0.0,54.99218509428025,0.0,498.0,-14.199429243198495,-0.0092141010554002,0,1039,0
B974679A-1ECF-4E81-BA23-1882B09D8C39,9536,4,161.0,4,0.1531040268456376,59339,2271.259962248322,349,382,395.0,148.77853542663635,589.0604,0.0,61.63972384666337,0.0382760067114094,210.35129999999998,8.807196881234006,0.07835410925259506,0,1039,0
8ECEA5F6-88CB-472C-986C-087ECC5B0128,12726,2,114.0,2,0.05736287914505736,767120,22002.105924878204,466,864,555.0,79.00220437168272,272.2656,0.0,76.8208347778961,0.0,169.3359,-79.00220437168272,0.0,0,1039,0
015D38B7-1E72-4215-89EE-60DA1BE3D511,4747,3,218.0,3,0.23067200337054983,32,2.460501369285865,363,409,225.999,37.301749675530594,111.6028,0.0,15.2236809888529,0.0,56.96411,-0.4031549914256587,-0.002024401048519476,0,1039,1
0B5AD3F1-F959-45DA-9F0A-ABB53C99CAF5,12726,2,34.0,1,0.02868143957252868,5,0.14340719786264342,535,812,412.0,88.19981417029324,282.23,-6.86,35.28843758901268,0.0,136.24399999999994,0.2560700889660268,0.39184819113464064,0,1039,0
2890FA10-3AB3-494A-9979-3EBA965EFC67,5072,6,140.4,0,0.0,0,0.0,-1,130,188.0,39.700557101681355,99.82724,0.0,18.81536562074297,0.0,65.65067599999999,-7.249612007946787,0.098719628390435,0,1039,0
62DD5160-6FC9-4DDE-ADEE-2D5C01D717D4,9994,10,71.44444444444444,1,0.03652191314788873,24,0.8765259155493296,1018,208,479.0,59.3594610694278,232.0,0.0,19.944169423809573,0.0,86.0,-13.708535143501877,-0.05533604971811862,0,1039,1
C383D645-F93C-45E1-A259-52EE6554D9C3,12726,4,222.33333333333334,0,0.0,0,0.0,-1,159,489.0,79.66038220163713,234.9138,0.0,25.8312074002552,0.0,110.0,-5.246724794229721,0.2562716361873059,0,1039,0
54742AD1-B566-4347-81B8-8A0D98593C11,12726,6,78.0,1,0.02868143957252868,329,9.436193619361937,811,436,693.0,243.04080464770726,394.6,0.0,31.225467640277365,0.0,277.9,-20.66567347486773,0.05726100730292845,0,1039,0
951EF7D8-8780-48A6-98B0-90BC0148854F,8191,6,161.0,7,0.3119277255524356,441,19.65144670980344,54,15,245.0,86.44742500386195,227.1,-31.51968,33.60772391420608,0.0,133.1,-2.3518432137384906,0.6075282225056959,0,1039,0
353B1324-0EB2-4EDB-BB3A-B5C518F87B68,4304,3,184.0,2,0.1696096654275093,309,26.204693308550187,254,450,452.0,131.6163491981936,266.0704,-62.73737,41.46253397683849,0.0,188.62752,-32.690095494489896,0.14565898514210768,0,1039,0
E982614A-95D5-40B5-9990-9989ECF9F50C,8437,4,160.0,2,0.08652364584567974,70,3.028327604598791,402,336,269.0,75.6162995795043,479.926,0.0,18.67333590695595,0.21630911461419938,100.3928,-3.111544605738871,0.11975535571143102,0,1039,0
DD549033-7750-4EC7-B238-D207A907376E,12726,14,61.38461538461539,8,0.22945151658022944,409,11.73070878516423,269,10,159.0,40.24107918241799,135.6324,-25.27,13.494648782917679,0.0,55.861025999999995,2.143553811350067,0.015191020217424675,0,1039,0
C87E7066-6AF7-4E62-80CE-BBDC10C985C2,2143,2,195.0,0,0.0,0,0.0,-1,618,250.0,59.11431070681427,237.9838,-72.89876,23.150219415476585,0.0,89.60001,-5.522948205271064,-0.14009622564154062,0,1039,0
D89AE226-4A70-4E95-8F42-9ABB15BED2BD,9156,7,159.83333333333334,2,0.07972913936216688,168,6.697247706422019,659,71,693.0,232.4603432294136,433.0719,0.0,63.423252589930065,0.0,310.16603999999995,-16.616710917685197,0.06020042467499081,0,1039,0
43310AF9-A91A-4A1E-B1EA-3AB22FD0600A,1208,3,196.0,2,0.6043046357615893,166,50.157284768211916,401,638,226.0,35.901419725427864,162.3192,-53.42881,21.876458467359143,0.0,65.249862,18.074260778275836,-0.07235014631087132,0,1039,0
71325C08-995D-45AA-B1B6-858700B36BD8,9717,2,17.0,3,0.11268910157456005,2772,104.12472985489349,654,1013,1270.0,323.1350882280617,719.64,0.0,111.90187235515128,0.0,459.52,51.305386308975415,0.1150524601799062,0,1039,0
DCB79EDB-51DA-42CC-8D88-BAFDB7C9D1F2,10025,5,209.0,1,0.03640897755610972,29,1.055860349127182,836,191,407.0,47.772779129814815,189.8231,0.0,33.445198213817285,0.0,94.60324,-19.039623275555552,-0.13767415904197053,0,1039,0
70D97D06-EEDB-4620-AACA-3C3774C72A47,2122,3,174.5,4,0.6880301602262017,420,72.24316682375117,396,646,451.8,57.35494121460173,205.4536,0.0,22.255955492265745,0.0,88.271676,18.952914375290256,0.00539875157676649,0,1039,0
D0F53A9B-B47B-4FCD-BEE4-D44CEA55CEDA,1796,3,328.0,0,0.0,0,0.0,-1,335,753.0,0.4856877387538736,239.9767,0.0,9.633401755544545,0.0,0.0,-0.4856877387538736,0.0,0,1039,0
1C0E435A-C134-4347-89B4-E66983185C67,12726,2,183.0,0,0.0,0,0.0,-1,788,518.0,72.86356025994095,207.0313,0.0,33.98423974564893,0.0,120.3125,38.84038054175659,-0.00939528524394221,0,1039,0
B6565142-0266-48A2-8635-79C0D8A9A75A,4585,2,0.0,0,0.0,0,0.0,-1,971,250.0,19.16852557109774,105.0,0.0,17.863347930150713,0.0,45.0,-14.329868163690332,0.02043136326843851,0,1039,0
7DEE2F6C-25B1-4C45-9165-277335D80FDB,5884,5,241.75,1,0.06203263086335826,22,1.3647178789938816,465,3,377.0,43.284286244419604,177.0,0.0,30.485528769899382,0.0,87.0,-15.53220291108627,-0.09678201012473828,0,1039,0
7C2EE4F9-48BD-4695-AE5C-745084D36E91,12726,2,63.0,3,0.08604431871758604,182,5.22002200220022,942,967,101.0,0.7645220195907823,86.70906,0.0,5.791838037837158,0.0,0.0,-0.7645220195907823,0.0,0,1039,0
A467E6AC-6954-4289-B08E-5203E6AED0A9,1522,1,0.0,1,0.23981603153745074,112,26.85939553219448,102,967,301.0,45.98285184634936,112.9607,0.02827294,15.151358087512508,0.0,65.441344,-7.4577107205546085,0.0637492578778871,0,1039,0
4641D0B3-55D2-4610-8CA9-64F5108FBD2A,505,9,110.125,0,0.0,0,0.0,-1,118,678.0,143.60275791873875,383.0,0.0,60.70725720772831,0.0,219.2383,-27.842186931084427,-0.17815671116245196,0,1039,1
EABA266E-5971-4319-B289-76B58959B272,4580,1,0.0,0,0.0,0,0.0,-1,960,99999.0,197.72344845730115,646.422,-17.73434,134.9515563477663,0.0,393.4256,65.44407044701981,0.8094931151191602,0,1039,0
645D282B-61B4-4513-B5F7-D2A9D16695E7,6838,3,126.0,0,0.0,0,0.0,-1,700,489.0,127.51217910305407,251.0,0.0,30.02109056794793,0.0,168.0,-0.8670402141651721,-0.032418325536429926,0,1039,0
EDAE9693-FF75-41C4-A9F9-1EC775DCAC2C,12726,7,90.5,7,0.20077007700770078,313,8.977290586201477,381,401,269.0,65.50855917061449,116.8,0.0,18.354103038922464,0.0,88.2,-4.254037565676214,0.11916263096033093,0,1039,1
54DF2AC2-08E8-4796-9F51-0AE512D10818,12726,5,137.75,5,0.14340719786264342,413,11.845434543454346,63,388,259.0,64.70050478515064,233.9981,0.0,19.747675568053552,0.0,90.8,-14.190567159919155,0.07466995949889839,0,1039,1
886124C7-24B2-407F-AFE9-3E8C5C2B6FBA,3313,3,94.5,0,0.0,0,0.0,-1,744,452.0,70.86621057918705,237.7979,-3.7,35.266080472925886,0.0,118.92611999999998,-5.535421137829033,-0.09006482829951493,0,1039,1
E7B3BDAE-CD94-4E23-9BDA-CB3572944E67,3368,2,20.0,1,0.1083729216152019,62,6.7191211401425175,96,911,451.0,134.21130828524787,270.0,0.04254523,18.960349219482364,0.0,158.35332,-5.033738765186143,0.19180455718458458,0,1039,0
2D0CC930-23BF-467A-994D-7E1B7264918D,12726,4,275.6666666666667,0,0.0,0,0.0,-1,118,265.0,56.8839085275837,160.4732,-3.172758,27.271438014098432,0.0,90.71334,-4.703385440238023,-0.054872711410697335,0,1039,0
3BCC6676-AA3F-4F9F-A889-E02D04919D2C,12726,4,251.66666666666666,2,0.05736287914505736,20,0.5736287914505737,167,169,226.0,37.18678437152275,170.0,-0.5851979,19.240074668443583,0.0,58.0,-9.840333754238799,-0.11232948283513317,0,1039,0
9E962D84-5185-4D44-BE32-7738296BE4CD,12726,4,248.66666666666666,3,0.08604431871758604,280,8.030803080308031,189,178,452.0,147.0522334308299,949.8596,-165.315,36.70371851768251,0.02868143957252868,190.93873999999997,-9.237866154595338,-0.025169970712110346,0,1039,0
B372A68C-1DA1-4CC9-8D63-0DF99DDCEBE9,7210,6,183.4,1,0.05062413314840499,375,18.98404993065187,169,3,377.0,108.56669315340648,246.0,-29.4,34.562640593527306,0.0,152.7,-19.190743003715113,-0.5520520935713317,0,1039,0
2FC0AB13-853C-4DE0-9B92-83F046AB2B4A,4462,5,205.5,1,0.0818018825638727,8,0.6544150605109816,916,91,792.0,119.52792840984694,436.0,-35.98437,76.61788463789192,0.0,229.0,-39.31766606416792,-0.193939066551511,0,1039,0
7385215F-E55C-47DD-BD9F-64A206D48BEE,6993,6,156.8,0,0.0,0,0.0,-1,128,400.0,91.13509215297812,271.0,0.0,47.98886295503907,0.0,157.0,-26.23864153569417,-0.27524374294044435,0,1039,0
6865C41D-68D9-4AF3-9CFC-4C8AE008CBC1,12726,3,214.0,2,0.05736287914505736,46,1.3193462203363193,218,483,407.0,105.92613713805913,271.02,0.0,25.442633633993513,0.0,134.39,1.5437610100890282,0.14770688768150775,0,1039,0
ED71725D-711F-4F01-89D3-49238120657A,-35,7,136.33333333333334,2,0.0,1188,0.0,420,90,452.0,93.744786786601,451.0,0.0,38.081821278816236,0.0,135.40394,-93.7341499874405,-0.00014156421957444847,0,1039,1
D9737CB8-54FC-46DE-B36C-566B76A43BB9,6581,4,268.3333333333333,9,0.49916426075064585,251,13.921136605379123,90,90,235.999,63.18834673446157,169.0796,-54.6628,28.51262822321718,0.0,90.47241,10.246222293316215,0.006181777430153799,0,1039,0
914F6355-1212-4395-BE0E-55712F524310,5083,2,608.0,4,0.2872319496360417,464,33.31890615778084,77,281,258.0,53.42181963495686,109.0,0.0,13.101771938535562,0.0,71.0,7.023782216894993,0.00826388031438328,0,1039,0
3F471218-FD78-4A69-953A-233ABD829ADD,8280,10,92.0,2,0.08816425120772947,236,10.403381642512079,211,57,450.0,48.722298331801056,224.0,-0.2520762,35.73356280790041,0.0,105.0,-1.201619319455375,0.27418291238512527,0,1039,0
7ABA0B82-836C-4A75-9624-9AE7E4F89BB3,4966,2,751.0,0,0.0,0,0.0,-1,137,682.0,181.43960301214,290.7283,0.1995625,39.3013367670006,0.0,231.84582,5.937016716255073,-0.03733522039089955,0,1039,0
1664D711-FBFE-4BAB-8601-ECE56ED1692B,1052,2,219.0,4,1.3878326996197718,238,82.57604562737642,810,666,602.0,16.061881384071693,235.7021,0.0,19.678503793210442,0.0,45.0,-15.173609779133422,0.018722933329674823,0,1039,0
D3F9E81D-17B1-4532-B2B4-E50459C020DD,5452,1,0.0,6,0.4016874541452678,111,7.431217901687454,20,884,979.0,279.0235093905577,563.3571,0.0,97.03678980039659,0.0,411.9836,22.890748406900116,-0.055917553054528585,0,1039,0
17B966C6-8880-4C40-86FC-17FBAEF9AC4E,12726,3,233.5,0,0.0,0,0.0,-1,415,301.0,48.67084947566045,185.0,0.0,28.013189279132423,0.0,89.0,-10.223009969487606,0.0014809784472342236,0,1039,1
7B2D3C96-43B6-4FA0-AB85-1112EC3265F7,10263,5,192.0,0,0.0,0,0.0,-1,96,452.0,103.69239888358645,229.0,-2.952,29.806993740562294,0.0,143.0,-6.029435920623484,0.18570525396359489,0,1039,0
A0DA4AB1-4E3D-4A00-B35F-D803557F15D7,12726,4,274.3333333333333,2,0.05736287914505736,7,0.20077007700770078,462,39,120.0,59.17496363958851,139.6385,-4.1,14.742640584002636,0.25813295615275816,78.0,-7.819099442057649,0.16065243537149254,1,1039,0
575027EE-0D74-43BC-94A0-E3B64141152E,2077,4,197.0,1,0.17573423206547906,492,86.46124217621569,811,267,1039.0,51.67035565031022,537.9292,0.0,35.51316087118246,0.0,107.3614,12.698114494982995,0.28312384587101114,0,1039,0
2A44B059-4961-4BFB-AE93-36214ECB6718,12726,3,402.0,3,0.08604431871758604,217,6.223872387238724,408,50,452.0,134.85701284176915,350.6214,0.0,66.5576552067045,0.0,197.17561999999998,20.430284133539487,0.07465992719823183,0,1039,0
CAC86566-186F-445F-8D6B-5F9C9B7998E7,2315,2,1.0,0,0.0,0,0.0,-1,838,1039.0,289.0126696846867,497.5063,-11.95917,63.50632382406452,0.0,374.4715,-48.10021644394595,0.39935370477815574,0,1039,1
C51C6412-E1C8-4148-B4A4-D305B89E7C77,944,2,257.0,19,7.346398305084746,23408,9050.762711864407,33,562,301.0,48.27792838120034,137.5312,0.0,27.151910282884796,0.0,79.20837,23.620541468336697,0.12612327378259341,0,1039,1
BF7DF309-F8B5-42A8-80DF-F33F7B3F23CC,12726,5,189.0,2,0.05736287914505736,11,0.3154958352978155,474,75,452.0,83.80876043291144,258.75,0.0,35.70569810159327,0.0,131.48,1.311358394249055,0.3960520983385511,0,1039,0
8882E55D-02C6-4912-AA59-6B172B7CE495,829,1,0.0,0,0.0,0,0.0,-1,816,301.0,60.06024292811366,244.6236,0.0,36.535766494405074,0.0,102.62138,20.63184366486474,-0.011149128145013775,0,971,0
9504E535-EA35-4A77-B780-C91CFFF034B3,829,3,405.5,1,0.44028950542822676,71,31.2605548854041,728,4,301.0,55.85712362531541,243.6725,0.0,38.15977898403114,0.0,101.41138,24.189973052778726,-0.03250073633303545,0,1039,0
25AA28D4-530C-487E-B23A-4B36DA7B0D2F,12726,5,70.5,1,0.02868143957252868,198,5.678925035360679,815,532,138.0,41.203171979478874,969.3001,0.0,14.2840914771402,0.40154015401540155,58.12464,-5.442359001778257,-0.04619545739126609,0,1039,0
BFB1CBA4-5945-4727-B97F-86C77ADF2661,12726,4,167.66666666666666,6,0.17208863743517208,567,16.262376237623762,36,295,226.0,38.53750036076356,101.2207,0.0,15.286448104963931,0.0,57.18384,-14.539422062924054,-0.48845909790719755,0,1039,0
8CF2A5DF-7CF3-4B04-A284-8BC476C4F5D1,2812,4,116.66666666666667,1,0.129800853485064,353,45.8197012802276,811,498,151.0,10.857004315829245,29.4,-1.9725520000000002e-33,4.12072426529166,0.0,15.68,1.4739061779979163,0.01804249495821458,0,1039,0
7838F992-B6AE-49F6-9D65-1643965275CA,12726,4,251.33333333333334,2,0.05736287914505736,242,6.940908376551941,811,36,324.0,70.43548242336706,519.9437,-9.187823,27.137836519234565,0.05736287914505736,98.78931,-36.48969636009546,-0.8931954972814059,0,1039,0
D09194E5-090B-4E02-B4F1-DF1660B32E3C,7799,8,124.14285714285714,3,0.1404026157199641,137,6.4117194512116935,11,133,1082.0,322.82724259773636,616.7908,0.0,93.82828816724027,0.0,445.5872,10.192960612140212,-0.7004699828057299,0,1039,0
6939EDE7-AB90-483E-9569-5D300FB6F6C9,3458,2,264.0,2,0.2111046847888953,41,4.327646038172354,659,738,250.0,39.37555025895988,238.0,0.0,17.45873049491579,0.0,62.67468399999999,7.730563293848753,-0.06526549438287116,0,1039,0
8EC1309B-7A39-4510-B425-A85B6984B741,2451,2,14.0,2,0.2978376172990616,148,22.039983680130558,383,995,452.0,110.68757650578146,492.4323,0.03612974,19.506010014863726,0.744594043247654,135.18436,-5.709347163960459,0.05542061152887409,0,1039,0
9BDE514B-020F-404D-8A35-FB43737D32D8,3081,4,140.0,0,0.0,0,0.0,-1,569,301.0,72.09969187969037,873.3192,-1.257899,41.18318989505279,0.5923401493021747,129.3985,52.89425099530963,1.0226899352777143,0,1039,0
B15C85AF-347A-4C23-A1B0-16BF49F6793A,3543,2,251.0,1,0.1030200395145357,61,6.284222410386677,544,725,452.0,120.87507319874032,1224.082,0.01196694,26.820815034610643,0.4120801580581428,154.41554,-15.031845837629206,0.14675706303008942,0,1039,0
46935390-998D-4ADB-9EE1-8F805F665B29,10085,2,930.0,3,0.10857709469509172,45,1.6286564204263758,329,43,800.0,298.27250986172,599.6461,-117.326,68.32866489154121,0.0,384.11996,-6.03425067190517,-0.2875985746700053,0,1039,0
D94FC0EA-7ECE-4263-83D7-C903DE84DEFF,10101,6,174.4,5,0.18067518067518065,266,9.611919611919612,81,95,497.0,90.40162214621805,316.43,0.0,55.760855542147624,0.0,172.97,-18.408083565971125,0.2721762597576627,0,1039,0
6C12752C-D69D-4470-A654-CD97E112AACD,12726,3,340.5,0,0.0,0,0.0,-1,277,188.0,28.881107955048964,237.84,0.0,14.785074569754375,0.14340719786264342,48.0,-5.752867214308225,-0.03806254087155323,0,1039,0
0499D104-91A5-4C2C-ADB9-93B751EA04E4,9717,5,221.25,0,0.0,0,0.0,-1,72,151.0,22.57295315656562,80.0,0.0,9.838536002490649,0.0,33.0,-2.1541073826458685,-0.03861712863787439,0,1039,0
FF463EF6-C8E2-43F3-86C4-604A6B5F27BF,12726,12,88.54545454545455,2,0.05736287914505736,81,2.3231966053748234,811,31,266.0,116.06649815604355,276.3,0.0,24.53546530221717,0.02868143957252868,146.6,-0.9191910572781126,0.20102959098735237,0,1039,0
5857F116-46F2-4144-9266-187B3561C77B,4665,2,404.0,1,0.0782422293676313,216,16.90032154340836,811,541,86.0,28.886910067198997,73.5,-12.30628,8.434943505341982,0.0,40.0,-3.4481754992977613,0.06736908534659188,0,1039,0
2073F33A-AC6F-4451-B6CD-5BC5966B1EA1,1784,3,116.0,2,0.4091928251121076,314,64.24327354260089,811,709,1247.0,537.9177747626082,727.0559,0.0,73.08695230822964,0.0,630.95524,43.951693154058376,0.10344634661059135,0,1039,0
57C3CF66-E30C-416B-821B-51ACB8B43448,6913,4,272.6666666666667,0,0.0,0,0.0,-1,116,1126.0,230.6236383181511,810.0585,0.0,132.38691220288086,0.0,418.9453,92.6809030537625,0.889750068775935,0,1039,0
08B439BD-C31C-45E1-BF75-FB72C43AC8EE,3281,2,1.0,2,0.2224931423346541,44,4.89484913136239,696,931,151.0,35.643024824807405,87.27,0.0,13.86662510322114,0.0,55.09,4.6505168418592575,0.045125436153489566,0,1039,0
573F935A-5A4F-4D09-9A77-9626B32FBB6D,12726,4,278.0,1,0.02868143957252868,24,0.6883545497406883,919,94,221.0,64.20324965015696,321.387,0.0,27.44499847364174,0.05736287914505736,95.3511,-11.268957900465608,-0.05540060179028443,0,1039,0
FE9D18AC-FF6F-406E-88E0-9D258741BB1D,4712,3,159.0,3,0.2323853989813243,154,11.92911714770798,626,610,693.0,163.54324772875435,315.3061,-13.21866,30.363128204315693,0.0,201.5619,-7.49577541162472,0.524715080976378,0,1039,0
AD1F929A-DE63-4ECA-BBF6-054FAC6D4E8B,6175,4,145.66666666666666,0,0.0,0,0.0,-1,490,400.0,147.36784591480992,298.4,0.0,38.289551623624206,0.0,197.2,-14.10654961851364,0.20410343297971567,0,1039,0
AD28BEBD-7B0A-48DA-A06A-D0474308F9C0,3883,6,104.4,2,0.18799896986865827,110,10.339943342776206,317,396,920.0,161.77843698483804,437.0584,0.0,71.83608589024549,0.0,267.32435999999996,4.021849565316302,0.2693030252881794,0,1039,0
6DD6EFA3-E5E9-4C15-ABB8-FD90FAD164AC,9308,4,277.3333333333333,1,0.03921357971637301,62,2.431241942415127,811,58,693.0,231.4375381237155,431.4423,0.0,62.72878867251282,0.0,308.52723999999995,-15.864049435252554,0.024987882831391327,0,1039,0
7911DB3D-781F-44BF-A4E1-F04D901D3E41,12726,9,120.0,8,0.22945151658022944,309,8.862564827911363,16,9,266.0,118.29885229621101,262.8241,0.0,24.362417955004116,0.0,143.72906,-7.451406483711025,0.26128213578084225,0,1039,0
D59DDC65-B0C8-40A6-9851-50D0726C9E1F,10009,7,147.33333333333334,1,0.036467179538415426,32,1.1669497452292936,331,3,266.0,119.77353174866637,251.76,0.0,44.782504588000506,0.0,170.04,-106.48002162135155,0.13177411407156991,0,1039,0
BA516C92-B8BA-4932-89EC-F76BA19FF692,1062,3,250.0,9,3.093220338983051,259,89.01600753295669,405,373,180.0,34.00684043870971,91.4921,0.0,13.189587680505674,0.0,52.610562,1.9265081314291805,0.1295305871200656,0,1039,0
9FC14863-3CC6-4419-8EAC-8A14391D1053,12726,5,162.25,2,0.05736287914505736,205,5.879695112368379,65,218,251.0,108.20007697718313,200.1,0.0,27.0771479436838,0.0,143.9,-15.500061545084364,0.026919795768024612,0,1039,0
391BDC4B-A13E-4AF6-9809-DE1B069E15B8,2143,3,86.5,0,0.0,0,0.0,-1,695,250.0,57.58847904680503,148.8,0.0,22.442406641338735,0.0,87.2,-5.358166113317367,-0.13746741391272407,0,1039,0
81921EC1-9D95-4D11-ABCA-9F41056FDFAE,4057,3,128.0,1,0.08996795661819078,6,0.5398077397091446,774,607,624.0,57.913643672807716,283.4639,-0.01787822,44.70664714951276,0.0,112.80271999999998,-27.809638458301542,-0.17380608601202252,0,1039,0
CEDB03AA-14E6-4AF4-A22B-70BD5C240A69,5795,2,350.0,2,0.12597066436583262,601,37.8541846419327,261,512,188.0,49.0768304028593,101.0,0.0,12.222869766611447,0.0,66.0,-6.458003242365471,-0.016830152785251833,0,1039,0
EDE16837-3A93-434E-8EC3-6C82B254D307,5300,1,0.0,0,0.0,0,0.0,-1,862,416.0,159.33621973497893,299.8828,0.0,37.28465037591361,0.0,203.9063,6.240151450514901,-0.22458020602835208,0,1039,0
C13B1F0E-8DF7-4DBF-8B0F-5711BF854F0F,12726,6,111.8,1,0.02868143957252868,11,0.3154958352978155,838,277,555.0,76.9344040178171,344.4,-21.29142,52.60874758986192,0.0,147.0,-10.147042507786239,-0.016207247327695448,0,1039,0
55AE5DBD-8F36-4635-B56A-191A5A142912,12726,2,306.0,0,0.0,0,0.0,-1,531,266.0,51.684263768491434,138.9395,0.0,12.949798406875102,0.0,67.198588,-10.260504015405012,-0.057479599023470676,0,1039,1
7AFA9DF1-8E26-45B1-B1FA-1ABD84FC5533,12726,5,200.5,1,0.02868143957252868,98,2.810781078107811,233,32,450.0,120.04606832602222,254.8828,0.0,49.85253059268902,0.0,166.4063,28.924809363020998,-0.0014930306983799776,0,1039,0
0AF08811-0440-44C2-983C-AC2BBB85C7EC,12726,2,312.0,2,0.05736287914505736,69,1.979019330504479,668,514,527.0,71.86287623949349,196.875,-42.45663,30.799290229850094,0.0,114.6484,35.432562809889234,-0.02980263579647573,0,1039,1
4838A492-89EE-487C-BCEC-C7FE34C6DF3B,4381,2,0.0,0,0.0,0,0.0,-1,823,554.0,121.20006921379186,343.1349,0.0,50.709723630767,0.0,187.07186,-30.746555782927672,0.2086832543296743,0,1039,0
CFE21D01-E519-4F8F-994D-1EE5E98268D4,12726,6,142.8,3,0.08604431871758604,599,17.18018230394468,183,103,693.0,248.299765740561,406.3,0.0,32.62046924965527,0.0,284.9,-22.027497222042513,0.07620182875779595,0,1039,0
C35E8565-17DA-4303-A1D7-9A9FD54D7440,3972,1,0.0,1,0.0918932527693857,2,0.1837865055387714,981,817,887.0,70.51701504601525,217.0,0.0,28.775677196421846,0.0,111.0,-22.974345292928824,-0.17014749191720865,0,1039,0
E6464C40-4171-4D14-B258-96BD51732EE0,4490,3,54.5,2,0.16258351893095768,338,27.476614699331847,811,782,624.0,107.0519052254706,539.7876,0.07529975,63.736975647388824,0.0,198.86632,-61.06693419292431,-0.6930666310775265,0,1039,0
79EF276C-3569-474F-AC05-EE8F1FBBC038,5552,5,197.25,5,0.32871037463976943,760,49.96397694524496,324,15,138.0,29.56351658832692,546.779,0.0,6.309820452045587,0.32871037463976943,36.60965,1.0974610252224615,0.03349580281177394,0,1039,0
226FA0AE-EA74-4C4D-9121-0A1FC45E49F7,12726,10,85.0,1,0.02868143957252868,22,0.630991670595631,425,29,437.0,162.24289775981043,533.7,0.0,36.16794241025023,0.14340719786264342,208.7472,-20.9862737659833,0.0988970294090772,0,1039,0
54545F03-85D8-41FE-BD75-1BF99660F253,6721,2,4.0,1,0.054307394732926645,20,1.0861478946585328,791,788,803.0,261.7527046338331,541.9922,0.0,54.49054184503113,0.0,302.399,-11.431439201734378,0.36612789416139624,0,1039,0
45BD2F42-F612-46C5-91AE-7340948897A0,3209,6,153.0,0,0.0,0,0.0,-1,25,84.0,23.577709148814982,90.51721,0.0,15.920780772923846,2.9573075724524776,46.809294,6.770017714610944,-0.06001465273413719,0,1039,0
B70327BD-54B3-4AF3-AD2F-374725749C99,2599,3,294.0,1,0.1404386302424009,86,12.077722200846479,191,191,250.0,36.195583196590526,138.3914,-231.9782,11.185391035232355,0.0,49.45024599999999,1.1501184152921837,-0.09172071697641553,0,1039,0
CAE19294-B1D9-46C0-ADD6-2B699443BDB5,12726,6,147.8,18,0.5162659123055163,1469,42.133034732044635,4,36,376.0,124.5217782009879,329.0,0.0,46.508211094213834,0.0,187.0,-15.009123880000246,-0.02074307299036967,0,1039,0
48820C0E-3CCF-4017-8A83-4D510210E544,12726,8,122.0,4,0.11472575829011472,482,13.824453873958825,229,17,461.0,125.06207475814385,800.3197,0.0,74.18192814729434,0.17208863743517208,196.224,23.34225519864627,-0.03166220829632387,0,1039,0
7DCBA3BF-C461-43D2-9388-494393ACD18C,3081,12,32.27272727272727,7,0.8292762090230446,223,26.41837065887699,68,399,717.0,164.2566116621312,368.4234,0.007983411,45.04898673213915,0.0,223.405,-5.130528836976907,0.27468107768600525,0,1039,0
6D874067-376B-4E91-8E62-6A1F26BA7EFE,4905,8,37.42857142857143,3,0.22324159021406728,20,1.488277268093782,519,523,920.0,173.50486021762964,446.5204,0.03689134,70.44232628817106,0.0,274.93343999999996,11.441914490703681,0.2693964304016235,0,1039,0
4B87FBD1-5119-4F64-A8B0-56EA6844A1B4,5083,5,124.75,1,0.07180798740901043,3801,272.9421601416486,120,283,395.0,116.07379306786162,204.8257,0.0,22.018118935662738,0.0,144.8767,2.0305672392371434,0.1427011871857915,0,1039,0
BC1A0767-7D63-4966-A45F-C69C2B6720A7,1692,4,152.33333333333334,1,0.2157210401891253,369,79.60106382978724,811,319,451.0,62.93841589058344,318.2505,-7.956126,35.33411535771773,0.0,112.87715999999999,24.633923558490636,0.36371050478104305,0,1039,0
434A719B-8929-42EE-85B0-BCD8390A2FD4,4121,2,0.0,0,0.0,0,0.0,-1,773,452.0,117.6811638277323,542.7101,0.0,29.939325840547138,0.4428536762921621,156.0,8.763203456218307,-0.023688281132226062,0,1039,0
60D4B1B4-1E0D-4236-AC69-F3AE586A8F1D,6197,3,292.0,2,0.11779893496853316,385,22.676294981442634,95,186,84.0,18.59989109865535,66.12852,0.0,8.148011704711493,0.0,26.74151,4.609869692239716,0.09635452481064676,0,1039,0
9F376D6D-F527-405E-BA33-CC75D29896CA,12726,1,0.0,1,0.02868143957252868,35,1.0038503850385039,796,771,313.0,36.59003248683128,144.0,0.0,26.872864754170223,0.0,81.0,-19.61333495596708,-0.011685256067295476,0,1039,0
A813927B-ADCC-4F53-9034-AF9AC78B3F6B,799,4,114.0,1,0.4568210262828536,13,5.938673341677097,646,426,753.0,136.99817227398626,402.6877,-1.182,52.17082578927336,0.0,187.4943,24.648249874933498,0.2158207210805337,0,866,0
4EBE1ECE-606C-46A0-B2F9-989FA0DA81E7,4374,3,373.0,1,0.08344764517604024,71,5.9247828074988576,20,21,451.0,89.11781454684184,290.6211,0.0,19.691215770227398,0.0,116.0,5.779253354392722,0.21410279275439653,0,1039,0
EF9F8FC6-EF23-4520-80A2-DF7A9EA82C2E,2866,3,101.5,1,0.12735519888346128,17,2.165038381018842,438,562,301.0,39.29448230024496,106.5778,0.0,17.14086521119489,0.0,59.97665,-1.6124748089640946,0.10192773660628178,0,1039,0
20A69E41-B138-45F4-B805-694EF0C43A87,3870,4,236.0,4,0.3772609819121447,345,32.53875968992248,214,114,452.0,27.69367953399449,122.3371,0.0005835696,21.641194544921174,0.0,55.124188,14.540721164925266,-0.02902199173015929,0,1039,0
9664692D-2042-40DC-A05E-28893CF7D0BF,4088,4,108.66666666666667,3,0.26785714285714285,305,27.232142857142858,237,431,734.0,143.8155707048949,347.4693,-13.0108,69.07336360865348,0.0,227.59088,56.004668489549545,0.30433210468924554,0,1039,0
B5436533-5880-4038-9A64-C2BA7CAEA666,4446,6,117.0,1,0.08209626630679262,11,0.9030589293747189,223,164,314.0,29.1522380864685,159.0,-4.015089,19.69125362675597,0.0,58.0,-10.022762777826525,-0.028476423701162705,0,1039,0
943FD77E-B890-494F-9B86-8E962BC85129,905,2,0.0,4,1.6132596685082872,660,266.1878453038674,214,742,151.0,8.215923911878292,24.73297,0.0,3.6817588803119965,0.0,11.97968,2.0742278838778816,0.014616447052953563,0,1039,0
72A308E8-6508-453F-80F6-000D170432F1,12726,5,174.5,2,0.05736287914505736,15,0.4302215935879302,407,42,472.0,138.40568506487227,389.5379,-32.87768,86.9110264674787,0.0,237.64177999999995,-10.440377693653133,-0.6595460369217828,0,1039,0
CCA0AF18-F42A-4AE2-A993-8AEB1B02DAE5,12726,4,136.66666666666666,1,0.02868143957252868,40,1.1472575829011473,205,324,264.0,99.20547096191609,204.5,0.0,32.82093795367571,0.0,141.0,-5.689491023413012,0.05549422539634079,0,1039,0
C852126A-A2BE-436B-B7D3-A12C44115ABD,5255,3,0.5,3,0.20837297811607994,17,1.180780209324453,45,730,489.0,96.95721447857196,542.9,0.0,20.788718919306447,0.34728829686013324,124.0,6.679591076983598,0.14887874817640664,0,1039,0
10C57184-042F-41C2-8FD4-8127F55287E7,5059,9,86.125,2,0.14429729195493182,17,1.2265269816169204,301,31,870.0,200.89694004593827,433.2058,-19.4625,48.42894106190376,0.0,259.88512,1.226390290882705,0.11869355855873034,0,1039,0
8A5D8DB0-38BE-402C-BBB2-249372283E4D,7256,3,359.5,0,0.0,0,0.0,-1,1,450.0,109.94840496094561,201.17,0.0,23.941493676369195,0.0,140.46,22.083365100782814,-0.17703198497313194,0,1039,0
A72BD56D-7FA5-4317-AB3A-A394D5404236,8177,6,126.2,1,0.044637397578574045,376,16.783661489543842,428,180,803.0,75.70039861258175,463.7369,0.0,55.730870581409015,0.0,123.38944,32.77274507337505,0.006453389209469249,0,1039,1
B9EA2DFA-D4D1-4A7B-AE67-B016338A08AA,12726,4,51.0,0,0.0,0,0.0,-1,566,452.0,110.28951006907307,318.6141,0.0,72.75034323796054,0.0,188.9711,28.29391076580346,0.04360992204557097,0,1039,0
6BA3AF5F-A1DB-4453-B0FF-436B72B71550,12726,2,0.0,0,0.0,0,0.0,-1,718,392.0,112.74514528068529,185.6867,0.0,18.171989078213223,0.0,136.48569999999998,5.618572012524581,-0.10905293947024182,0,1039,0
49C016C3-520D-4853-8EF2-81B177ED8825,1479,3,108.5,2,0.49357674104124405,454,112.0419202163624,810,491,301.0,97.29369568627976,224.8,0.0,23.357022888786474,0.0,130.79554000000002,-7.364201030415558,-0.37160084029017126,0,1039,0
3D5714B3-E512-47CC-A8C0-C849047C9878,8352,2,91.0,3,0.13110632183908047,184,8.041187739463602,297,604,100.0,38.14772206814273,57.9,0.0,6.236854772586522,0.0,46.2,-0.04216651258717263,-0.0134891367476014,0,1039,0
8F6E3CDE-8753-48A8-82A2-F3C9DA2C96BF,12726,4,51.0,5,0.14340719786264342,330,9.464875058934465,399,540,264.0,88.80391663777465,241.8,-794.5035,35.93238020294288,0.0,139.8,20.810990294324128,-0.13956757327847807,0,1039,0
67E58C5A-8E95-41B8-92F3-E6B672032201,1677,4,110.66666666666667,2,0.43530113297555156,449,97.72510435301132,693,356,831.0,354.4831277988983,18909180.0,0.0,69182.85145555888,0.43530113297555156,125.59082,-264.54276163686126,0.1155848353739709,1,1039,0
EC098375-B938-4880-A7C8-4EB8C297FC03,12726,4,94.66666666666667,1,0.02868143957252868,165,4.732437529467233,811,400,269.0,87.30531129933671,183.3543,0.0,20.51454985043733,0.0,116.0009,-6.035394067855222,0.008109931781622793,0,1039,0
DBBA78B9-5F4F-4381-9883-AA275249DB94,8363,12,49.45454545454545,7,0.3055123759416477,931,40.63314600023915,98,117,301.0,64.31834656073677,542.6331,0.0,15.940126199422577,0.21822312567260552,85.5,-2.4585085977738075,0.00309528954186097,0,1039,0
31301640-2226-41DC-B1A9-EBC5A4DE58B5,9430,3,216.5,2,0.07741251325556733,41,1.5869565217391304,141,232,188.0,21.53583165447402,69.0,-53.0,8.308362487782372,0.0,32.0,-6.574489061881428,-0.006529098242595969,0,1039,0
CE399C1D-9475-42B2-A10B-6D1B2FEAF527,2921,6,122.0,17,2.1242725094145842,1382,172.69085929476208,203,322,188.0,-19.9764335004384,0.0,-61.5,9.36499374208324,0.0,0.0,19.9764335004384,0.0,0,1039,0
0362A7F3-A940-436C-88B4-9AE1E666EBC0,12726,3,114.5,0,0.0,0,0.0,-1,565,119.0,15.43399792513135,149.76,0.0,21.50981540477195,0.05736287914505736,50.04,-15.43399792513135,0.0,0,1039,0
40A5B8E3-4F46-4245-9A30-23AF39FB3B4F,8674,5,161.0,0,0.0,0,0.0,-1,11,693.0,178.83077031571477,366.0,0.0,80.8844786291415,0.0,267.0,12.74376672132226,0.42001996131192965,0,1039,0
5EB18AA2-19DE-47F3-8B9F-24DD3BE012E5,5960,3,243.0,1,0.06124161073825503,329,20.148489932885905,811,158,133.0,42.935744252124735,99.94489,0.0,13.526842275866452,0.0,60.4136,3.2264065242641493,0.06444545492672142,0,1039,0
7557F0E7-2BAE-4289-8899-242ED9B3EE10,10487,6,126.4,0,0.0,0,0.0,-1,185,407.0,46.34959952074325,398.3401,0.0,32.871428520452,0.0,91.73647,-17.475793057795713,-0.13937584331259448,0,1039,0
0546D5F3-6EF7-482D-9386-567CB1639566,5517,1,0.0,6,0.3969548667754214,281,18.590719593982236,552,638,188.0,28.851723960985765,319.0,0.0,12.170841074208154,0.4631140112379916,46.0,1.684695792100655,-0.012660456480712106,0,1039,0
C1509DEB-8344-42FD-91B5-65E8E93FC165,12726,5,156.5,3,0.08604431871758604,68,1.9503378909319504,102,8,489.0,124.24629178003305,303.9775,0.0,39.60944462598814,0.0,174.25548,-17.12965659063491,-0.1954734654117228,0,1039,0
254BFB28-EF86-46B8-81C3-3DCB0782773E,800,3,39.5,2,0.9125000000000001,1194,544.7625,543,633,450.0,77.03876515031558,270.45,0.0,41.73193291341392,0.0,128.35,12.680381454622704,0.35846314359790454,0,922,0
0C8A89C0-AFD8-4542-A1C7-AC4198C5ED37,2843,3,230.0,1,0.12838550826591627,182,23.366162504396762,370,164,777.0,217.9949156170059,748.2,0.0,43.73827015907519,0.0,272.2549,34.778855810463256,-0.3448659064393278,0,1039,0
1D0139A9-546B-4410-98A5-EF44AE53DBA1,5065,1,0.0,0,0.0,0,0.0,-1,624,489.0,115.82338846238797,227.0,0.0,28.988346549068662,0.0,154.0,10.425839932673767,0.04838674642033334,0,1039,0
92AAE5D8-79F8-4413-94A3-33A7894130B8,12726,5,134.75,4,0.11472575829011472,1130,32.41002671695741,161,62,663.0,173.31486323747882,694.3537,-1.411111,82.73267501105566,0.05736287914505736,236.9385,-96.75385021587387,-1.4168341562174,0,1039,0
462C0070-90D1-47B8-B17B-FE1F0836461E,12726,2,342.0,4,0.11472575829011472,1302,37.34323432343234,349,601,1370.0,436.5106820296238,807.96,0.0,122.54774944952644,0.0,610.934,-61.74719360369784,1.2370823461283873,0,1039,0
AC52B34B-D800-4D88-A136-D15385665CA3,12726,3,227.5,4,0.11472575829011472,91,2.61001100110011,344,400,104.0,18.27787653978729,352.9,0.0,7.009634715820067,0.05736287914505736,26.1,-16.45762962420087,-0.10654083963338723,0,1039,0
5FB23539-F40F-467E-81AF-3F9848C0F79B,4103,2,126.0,0,0.0,0,0.0,-1,590,1247.0,292.29418588462386,686.6897,-3.53,112.19971626497102,0.0,439.80652,199.86675060457367,-0.175313354249747,0,1039,0
0C817BA4-271B-4C0C-A9A6-EF78579AD9BD,12726,4,19.666666666666668,2,0.05736287914505736,713,20.44986641521295,589,532,452.0,116.14637426626597,464.44,0.0,43.60069486836607,0.11472575829011472,174.28,18.97479548682044,0.12406186406173982,0,1039,0
7AB02050-BE16-4E86-99CF-7FBFB7D8400E,2892,2,0.0,2,0.2524204702627939,284,35.84370677731674,782,585,151.0,35.83619653965343,234.2568,-35.45,10.927429346614188,0.37863070539419086,50.0,-5.728634811258367,-0.09240692723842152,0,1039,0
B52D06BF-8FE9-476B-AC66-5502470254A9,12726,4,9.0,0,0.0,0,0.0,-1,555,282.0,30.972005327728958,97.0,-44.7,11.075821818683027,0.0,44.0,-0.9797985376055003,-0.1005234413942601,0,1039,0
2162DBD3-BC3F-4F28-9CB6-9FC2E4B5DE8E,726,1,0.0,0,0.0,0,0.0,-1,575,678.0,44.70424339342998,162.9295,0.0,30.24812659711866,0.0,87.43286,-1.836951107704671,-0.19478844178487198,0,775,0
5F318A4F-B8BB-4B45-B26A-D75B9C8E4051,7704,5,19.5,2,0.09475597092419522,279,13.218457943925232,590,574,251.0,60.370385837738525,514.0,0.0,40.36068987996461,0.23688992731048805,119.5,43.32441354497752,0.5351148289911559,0,1039,0
2392ED53-E2AE-4D43-BE95-A9067BBB0D6B,6478,1,0.0,0,0.0,0,0.0,-1,565,269.0,90.76955707828951,187.9434,0.0,18.052951937638355,0.0,117.4727,-7.788809383845049,0.3048223617204076,0,1039,1
6545E4B5-126B-4F8B-99D1-D6A633A02B45,12726,5,35.75,4,0.11472575829011472,340,9.751689454659752,37,418,488.0,148.77655377592754,536.87,0.0,40.32600633449703,0.14340719786264342,203.59,-36.77789868333494,-0.17398975925251753,0,1039,1
E88FEECA-C31D-40F6-9CFA-EAC22B9C9885,12726,3,41.5,1,0.02868143957252868,4,0.11472575829011472,610,561,188.0,30.07777276165106,138.785,0.0,15.14954258989146,0.0,50.0,-5.654007329552297,-0.05066606302563953,0,1039,0
1FCA5E9B-62A4-4670-B189-9121A55174CF,3400,5,52.25,2,0.2147058823529412,417,44.766176470588235,77,351,416.0,33.26725293446759,192.8626,0.0,15.878281221950965,0.0,47.988251999999974,1.0851946905324112,0.02358920630916004,0,1039,0
B2F5EE12-7D0C-449F-9C00-3B0C09AE260F,2208,4,188.33333333333334,6,0.9918478260869565,323,53.39447463768116,13,1,489.0,88.21543584783983,311.1475,0.0,52.64803091281759,0.0,159.72687999999997,26.114674628668666,0.34652646405797743,0,1039,0
6B97EC58-3A8F-4853-B9E5-0FC6D32CB782,12726,3,0.5,0,0.0,0,0.0,-1,557,523.0,79.97374573632426,321.6244,0.0,48.78673692254477,0.0,156.8899,2.5676036209288355,-0.09364973836112823,0,1039,0
954A1AEE-2A12-4D99-A1B2-A583D6155930,2812,4,11.666666666666666,0,0.0,0,0.0,-1,519,151.0,18.25531544566921,41.92131,0.0,3.7816421902259036,0.0,23.129,2.4325096509357245,0.03213157913252161,0,1039,1
D3573AEA-0C75-456D-962E-55892348EF0E,7841,3,302.5,1,0.04655018492539217,132,6.144624410151766,665,82,955.0,151.15130805571363,1201.875,0.0,64.74911793592872,0.04655018492539217,229.7598,-26.940831297225984,0.37038780166322305,0,1039,0
E92FEBC9-D26C-4814-8C7B-F0EB7E2E0D38,9720,3,216.0,2,0.07510288065843622,70,2.6286008230452675,517,120,141.0,39.39281571813905,114.5508,0.0,17.323283368287285,0.0,59.57,-5.431959236657569,0.0676828700845252,0,1039,0
4870D3E9-B523-4119-BD26-273283DF0939,7466,8,101.71428571428571,2,0.09777658719528529,159,7.77323868202518,17,61,1382.0,277.67542687136483,867.24,-70.27345,132.38175550575718,0.0,467.61,-58.93105727259942,0.31385980836664007,0,1039,0
508E3286-B2CC-4151-8711-C32B9E97B6C5,6721,2,7.0,4,0.21722957893170658,693,37.635024549918164,236,540,803.0,241.13372675454835,401.5503,0.0,53.81238768420506,0.0,307.9834,6.0054128287849835,-0.08827780298688653,0,1039,0
0C337E90-C8DF-451D-A9F3-1447F9B49CE6,12726,1,0.0,1,0.02868143957252868,44,1.261983341191262,771,538,792.0,219.34173050794138,449.67,0.0,57.642105905931516,0.0,296.93399999999997,-45.641573100533975,0.27145173615382723,0,1039,0
72E185DB-B9FE-4BEB-98BF-8950E5072BB4,12726,3,149.0,1,0.02868143957252868,181,5.191340562627691,577,236,266.0,92.95212801582254,160.8,0.0,18.560949019728497,0.0,120.3,-7.407961349155883,0.30690882047616647,0,1039,0
0C530106-0EB3-4B06-97F8-B0FBA94809EE,12726,2,45.0,1,0.02868143957252868,114,3.2696841112682695,811,489,395.0,67.92856293473533,365.0,-29.58497,66.78078977776079,0.0,148.0,-67.92856293473533,0.0,0,1039,0
4E2C99F6-2E9A-4949-B7B2-C7C9CCF45E6D,4304,2,75.0,4,0.3392193308550186,609,51.646143122676584,254,457,452.0,133.37108266466612,267.6082,0.06163254,40.26220735023437,0.0,188.57613999999998,-31.329812077474756,0.13240069124722678,0,1039,0
9D4BD847-8AA1-4705-A90E-3D053ECC8A01,2160,2,244.0,1,0.16898148148148148,42,7.097222222222222,771,288,497.0,75.70621389894717,235.7,0.0,26.55035298062406,0.0,110.0,-1.3768929112928419,-0.11501419928393573,0,1039,0
E0D4FC66-F84A-4835-94CD-B0FA8144AF12,5025,4,241.66666666666666,7,0.5084577114427861,376,27.31144278606965,33,51,264.0,85.57435589505175,209.0,0.0,36.02216531844822,0.0,137.0,20.467697213821708,-0.11711819717082356,0,1039,0
FED49662-EC92-43C7-B43C-5500FD9ACAE1,12726,6,70.6,1,0.02868143957252868,202,5.7936507936507935,576,201,266.0,93.07610157221548,161.4,0.0,18.637569838993215,0.0,120.5,-7.320484288264851,0.30724060583604207,0,1039,0
952239C5-D3DA-4BC9-BD6F-215E81E4EBB5,10256,1,0.0,5,0.17794461778471138,991,35.2686232449298,121,529,188.0,37.073114720943884,129.6142,-19.60703,13.215147619097905,0.0,53.816331999999996,-4.2116201281969765,-0.044352166288167086,0,1039,0
E4620871-1E6B-4F9B-A1AD-BA312DA2991A,8369,1,0.0,0,0.0,0,0.0,-1,529,251.0,52.55684190636985,117.9296,0.0,13.273186577053545,0.0,68.629206,-10.434468223036518,-0.08197067512545868,0,1039,1
E020129A-E1B9-4C74-A2BA-9A2EAC5E43D8,3179,5,107.0,0,0.0,0,0.0,-1,167,887.0,158.09095772012026,2048.0,0.0,47.92485294175256,0.11481597986788299,222.05422,-24.021819464719016,0.021636586263952495,0,1039,0
184A220E-3158-4A4A-B9FB-6B022D7A2CBD,8971,3,203.0,9,0.3661799130531713,610,24.818860773603834,490,120,251.0,83.29442862578726,151.4,0.0,24.761533303039513,0.0,112.9,-14.541928625632934,-0.1411265908453073,0,1039,1
FC159190-9B7E-4A2F-9810-EEC819F428E7,665,12,41.0,12,6.586466165413534,4518,2479.8045112781956,102,72,301.0,54.798019194210035,200.1293,0.0,18.596199961630287,0.0,71.671057,8.315060263351683,0.06203824605283995,0,712,0
B0D8707A-E15A-4F2A-84EF-950F34F3804D,6169,3,235.0,0,0.0,0,0.0,-1,53,400.0,149.24332059408195,301.2,0.0,38.908671094884475,0.0,200.0,-15.420419359514028,0.21713462567382805,0,1039,0
0FBE9D7E-E88D-4F40-823B-DCC3D84E8186,1967,5,119.5,2,0.37112353838332485,287,53.25622775800712,529,472,1662.0,345.7448917239487,945.0,-29.97876,121.00349633997955,0.0,490.0,-6.329999748640034,-3.719178236454023,0,1039,0
93CC4229-77D3-4EE6-A427-EB8D046F43DA,4469,4,155.0,2,0.16334750503468337,97,7.922353994182143,317,50,804.0,188.5716718975684,1674.656,0.0,33.41502899294811,0.4083687625867084,232.5,-7.5566256012720885,-0.14911820389367136,0,1039,0
70B7AC8B-8E82-463C-9CBC-C4ABAB197FFA,5454,9,54.125,3,0.20077007700770078,251,16.797763109644297,708,113,535.0,174.00831610791593,376.5974,0.0,35.708087423967655,0.0,217.48914,20.890031117392738,0.25239865693734376,0,1039,0
59DCC837-2368-4FBA-98B4-D225B684101E,687,3,157.0,1,0.5312954876273653,51,27.096069868995635,26,196,542.0,46.296541989880545,186.0661,-13.67728,32.543412291684334,0.0,91.19109,3.1406344594250086,0.026274907543693493,0,739,0
209EB4C0-E63E-478E-A305-E8F3B77F307B,1712,4,52.666666666666664,2,0.42640186915887845,143,30.487733644859812,387,349,472.0,43.581273451658895,251.8151,0.0,27.750916193411992,0.0,83.348382,2.8979402522762925,0.12581440036517466,0,1039,0
561A0161-97F0-46AA-AC51-EDD6468D88CD,12726,4,107.66666666666667,2,0.05736287914505736,20,0.5736287914505737,479,179,306.0,60.74943832909635,150.0977,0.0,19.02768175630538,0.0,82.22656,-5.897964079867961,-0.022985921491848752,0,1039,0
90E5D015-459C-4F18-AA9F-F1DA845ABA9C,12726,1,0.0,3,0.08604431871758604,194,5.564199277070564,184,501,792.0,221.3774270281847,440.72,0.0,64.40767339521256,0.0,303.81,-85.0504447750983,-1.7759200935874389,0,1039,0
4E122FE7-704A-452D-9967-877E01CD93E6,12726,4,153.33333333333334,0,0.0,0,0.0,-1,33,432.0,114.02928140984025,205.7,0.0,23.197184706882464,0.0,143.48,-2.7217088789760595,-0.6513886225095444,0,1039,0
BD1E5AE5-A8F9-4859-95B6-CF29DB31498B,5076,2,17.0,2,0.14381402679275018,31,2.229117415287628,0,494,313.0,40.618205556883545,171.0,0.0,15.404885519943832,0.0,60.0,-4.221600618611937,-0.1295810410979349,0,1039,0
56A6E8B4-5CB0-4FC6-941E-80CF6B752D5B,1696,2,1.0,2,0.4304245283018868,433,93.1869103773585,810,491,831.0,37.651527626332765,482.3438,0.0,21.97306455593993,0.0,66.416532,4.006929743312298,-0.2380527453769494,0,1039,0
388C3696-9A66-4D81-B6DF-71463D42FC58,12726,4,167.33333333333334,2,0.05736287914505736,194,5.564199277070564,505,237,798.0,209.7926937827545,556.0,0.0,69.97057187973029,0.0,301.0,-38.78366600497671,-0.9746559360325473,0,1039,0
8279B13B-B969-4823-9B7F-4062A583A5B6,8436,3,225.0,1,0.043266951161688,101,4.369962067330489,12,483,251.0,124.91643021391235,203.04,0.0,22.563092172161905,0.0,152.4,4.121514796890153,0.15968446866085373,0,1039,0
4F43BEE4-EE32-4363-BECE-ADB0CDC9381E,6505,4,65.0,1,0.05611068408916218,21,1.1783243658724056,333,450,269.0,58.76505331657219,205.6556,0.0,22.086166048144975,0.0,86.70103599999999,-0.09225961657219273,0.13171522159349255,0,1039,0
C8CE04A2-2920-4BDB-BB04-646C1768EDC8,1255,1,0.0,1,0.2908366533864542,70,20.358565737051794,811,475,1039.0,245.310233400684,653.0061,-46.3125,45.55291638198748,0.0,301.79626,31.079985889439456,0.20431716524191126,0,1039,0
DDBD0F06-A031-441A-B893-77B34ABBEA40,4057,3,79.0,2,0.17993591323638156,106,9.536603401528222,446,411,624.0,148.91747203566098,473.9,-6.620637,85.39450005218904,0.0,267.8,-7.683945801093074,-0.2941692104193623,0,1039,0
CA49E920-2F97-4BE1-B8D7-661D1DF2BD22,8363,3,66.5,3,0.1309338754035633,294,12.831519789549205,14,338,301.0,58.058739552296736,213.8,0.0,23.678396408624053,0.0,88.3,-4.94638615237389,0.05109535121449365,0,1039,0
6834BFCB-B69B-4C1D-91F8-7927ED064E29,12726,5,69.0,5,0.14340719786264342,358,10.267955366965268,190,228,100.0,23.582864396648088,52.0,0.0,7.431465209148578,0.0,32.1,2.9134326161605593,0.046534768173231836,0,1039,0
3F8B8808-332F-42CC-95C5-5E25C2CC3B0C,4810,3,58.5,1,0.07588357588357589,13,0.9864864864864865,85,470,377.0,105.46881495699665,233.38,0.0,38.97698864916445,0.0,147.59789999999998,-17.43910126232072,0.04718476796138269,0,1039,0
5C5A7F54-7A76-4786-A969-B33B6066F4C0,10258,4,65.33333333333333,1,0.035581984792357184,449,15.976311171768376,399,470,489.0,110.89672097023566,286.0,-30.7,50.28540761797858,0.0,179.0,-10.296489488754176,0.31584860728110525,0,1039,0
DB74109B-2CDA-4D4C-86CD-252E49F1C0E1,9001,5,145.0,1,0.0405510498833463,144,5.839351183201867,811,427,811.0,433.6717199423053,939.3906,0.0,33.88364356146498,0.1216531496500389,473.1488,14.525787935781182,0.12392065970036312,0,1039,0
8851D927-6303-4FAE-992B-A1231C700070,5171,2,44.0,1,0.07058596016244441,100,7.05859601624444,113,424,400.0,138.28792934673075,3052.211,0.0,34.115431576072496,0.07058596016244441,177.67244000000002,-10.030060949354208,-0.054554690583213813,0,1039,0
A71477A6-16AD-4759-8D98-7AB56DC5AB7D,12726,6,91.2,0,0.0,0,0.0,-1,9,269.0,119.97715349883202,195.36,-2.8,22.383772825727615,0.0,146.88,-1.1519305821653631,0.33807819422369173,0,1039,0
E808587E-D5AA-4244-A5AF-DB648578235D,9689,4,82.33333333333333,2,0.07534317267003819,143,5.387036845907731,137,211,538.0,94.44404651376443,238.8672,0.0,25.812913375721905,0.0,128.4668,-6.314686863301475,0.12250410758464976,0,1039,1
D84B2D7C-8B4D-46BC-8D7F-CB05FA4D42A5,12726,3,154.5,0,0.0,0,0.0,-1,151,452.0,43.51051208718467,351.9877,0.0,34.57265857905493,0.0,89.35845,21.769726058648665,-0.044748502082512145,0,1039,0
46FFA32E-6E7B-4C98-BCA8-18F18C7FFDCE,1833,2,0.0,2,0.3982542280414621,342,68.10147299509002,14,449,301.0,74.79192165985529,237.13,0.0,27.091802532831572,0.0,112.60238,-5.328395628682458,-0.006322481086209097,0,1039,0
046598F9-2198-432A-A014-F6A1E74A2D50,12726,10,67.22222222222223,1,0.02868143957252868,136,3.900675781863901,428,99,800.0,222.29287418021295,544.3234,-20.1731,58.31155418393842,0.0,295.56249999999994,4.502442402348777,-0.2295903840399833,0,1039,1
3CE7605A-49CF-4E96-823B-2EBF42078853,4191,6,124.0,1,0.08709138630398473,110,9.58005249343832,331,93,554.0,215.05444242906958,358.0,0.0,42.90841099147594,0.0,272.0,3.8136131264859614,0.2298977239986469,0,1039,0
A873313E-28D4-427B-A9D7-CDAAFE189971,4381,2,1.0,1,0.08331431180095869,2,0.16662862360191738,81,438,554.0,122.16051137043112,345.5042,0.0,51.03903600102077,0.0,188.47964000000002,-31.010931284011363,0.20740738090885857,0,1039,0
3CC4911B-5570-49E4-AEBF-9FBC2337558A,537,1,0.0,1,0.6797020484171322,22,14.953445065176908,407,437,1039.0,48.3470120862541,528.8867,-60.60374,44.8346578329471,0.0,109.312,29.149967234733552,0.07378183109018603,0,775,0
9F8173AB-DFC6-4848-ABCA-5223A11E46C2,498,2,76.0,3,2.198795180722892,255,186.8975903614458,137,359,452.0,18.46319573901834,99.71751,0.0,24.688274246181,0.0,57.33344200000001,27.32804115604339,-0.05828023994622199,0,572,0
7EDB4110-47B4-4ECA-96CF-ECBE373A28CA,607,3,180.0,0,0.0,0,0.0,-1,89,1247.0,269.8303077651561,630.3384,0.0,155.44503315029743,0.0,466.46121999999997,42.435813528825406,0.1034210737142247,0,638,1
7D54DBF2-7A13-4C9B-BC1B-04FB690E46EA,6251,4,27.666666666666668,9,0.5255159174532075,1351,78.88577827547593,190,337,136.0,44.804866946868614,104.2,-0.4879012,18.050460303505645,0.0,64.80001,4.2727144789801486,0.0505640945436926,0,1039,0
0F17F090-0884-4740-829A-4C37996ECB61,1692,3,178.0,1,0.2157210401891253,361,77.87529550827423,811,421,451.0,61.97434515930237,324.3729,0.0,34.294200890794,0.0,112.3165,25.38145709378405,0.3641701382943252,0,1039,0
EE138E80-2ED9-43EB-B510-7187B7935211,4117,2,0.0,1,0.08865678892397377,235,20.834345397133838,799,421,452.0,141.7731165909228,377.0,0.0,67.3219303521219,0.0,228.0,-16.864783257589465,0.1286824390755808,0,1039,0
C478FDFE-420B-4816-85D1-60C7F6D63E6C,1748,3,61.5,4,0.8352402745995423,197,41.13558352402746,958,421,1247.0,291.77109061452273,686.0895,0.0,112.62306456730282,0.0,439.97926,201.07345671572415,-0.18766177452225558,0,1039,0
1A4B99DC-E3DB-470A-9044-B8C7FF877052,449,2,131.0,2,1.6258351893095768,264,214.61024498886414,424,284,887.0,107.57074550904217,555.55,0.0,67.78606517020812,0.0,195.8008,-31.978930416989698,-0.08209418677605228,0,524,0
41ED13D4-3691-4CE6-9987-E93FB75246C9,2740,4,97.33333333333333,1,0.1332116788321168,500,66.6058394160584,811,337,1247.0,322.6850509645357,782.1739,-15.3,187.4581385003637,0.0,584.06102,-9.60460272286906,0.06296659472172737,0,1039,1
2BFC78EB-D465-421A-804C-F758F59776B7,12726,7,60.666666666666664,0,0.0,0,0.0,-1,44,499.0,70.01547042943102,191.3086,-16.47943,24.109756250915062,0.0,100.4883,17.186453482606026,0.5239227289753934,0,1039,0
EEBB029A-143F-46FC-B3BE-BABBF68CF3C0,6895,7,82.0,0,0.0,0,0.0,-1,49,407.0,140.88738310043036,312.7041,0.0,47.30831768673865,0.0,199.75882,-54.07547572774517,0.01423001021093029,0,1039,0
3A2DF9C0-4CA5-4BB0-8F69-41E306415434,4789,3,123.5,1,0.07621632908749217,292,22.255168093547713,706,155,554.0,211.24605466945994,387.4,0.0,41.5813884584176,0.0,267.0,3.522240083626457,0.2237677433883272,0,1039,0
2F0B4580-9C56-40B9-A79E-011AA226D402,2801,15,39.642857142857146,6,0.7818636201356659,467,60.855051767225994,238,211,160.0,50.34205678418012,152.757,-14.57095,20.558679082494393,0.0,79.107454,13.755327784492714,0.00697667323977511,0,1039,0
0B12EC05-9178-47BE-B0DB-5F6AD150B22C,12726,3,210.0,2,0.05736287914505736,164,4.7037560898947035,756,94,450.0,148.41583520183124,414.75,0.0,40.1430722556479,0.0,201.76,-26.233719461090487,0.3344734043525152,0,1039,0
A805F55E-8340-4A1B-B342-62A243DE1527,1316,1,0.0,0,0.0,0,0.0,-1,391,887.0,91.78736312977306,208.9132,-208.88,26.875659588645078,0.0,129.31465999999998,7.204617428868929,-0.012989421910896139,0,1039,0
870EFCB6-0506-4C36-900B-58B90AE08897,2736,2,0.0,6,0.8004385964912281,517,68.97112573099415,374,386,301.0,50.05190030808464,144.8135,0.0,12.242230928261565,0.0,66.29791,14.180494522933884,-0.10847302300988153,0,1039,0
E1656FE3-DAA7-41A4-B529-23A70618047A,2815,3,129.5,1,0.12966252220248667,9,1.16696269982238,414,127,748.0,93.87922810645418,404.8377,0.0,36.6268806161956,0.0,139.0366,32.372893103422356,0.12600824575267686,0,1039,1
AFA767E0-ADC2-47E6-8265-041F5856400B,6056,2,1.0,0,0.0,0,0.0,-1,372,653.0,124.03125234388617,397.7569,0.0,82.74176887687284,0.0,226.1755,-0.011442449596046345,0.09638520639883082,0,1039,0
25DA5517-8E5A-4428-AE69-F814D532E82C,12726,3,283.5,1,0.02868143957252868,304,8.71915763004872,811,373,284.0,91.61939772686132,368.901,0.0,50.260540396082824,0.02868143957252868,143.7756,-2.4611039166761373,-1.0419663816819136,0,1039,1
410F273B-56EE-477A-8190-71177633F867,12726,3,39.5,3,0.08604431871758604,58,1.6635234952066635,368,291,295.0,89.22773283714955,187.58,0.0,20.426347562063196,0.0,115.74,5.3903373788998294,-0.10209549818688625,0,1039,0
587FA9B5-D4C9-4DB1-A1E7-DB3CB5771DAB,3982,2,1.0,0,0.0,0,0.0,-1,368,301.0,37.32316413220264,532.4835,-27.9,20.93018594829045,0.0916624811652436,64.5,-8.19943728035079,-0.07935882001896356,0,1039,0
9D1143F3-C71B-4BE6-A967-39B81623748A,12726,2,0.0,0,0.0,0,0.0,-1,368,239.0,51.13288327394299,536.0,0.0,30.67324152876416,0.17208863743517208,92.0,27.93254882482244,0.30298756590884923,0,1039,0
5686885C-CDF1-4BBC-8012-0BFB570FFC5C,5111,7,68.33333333333333,3,0.2142437879084328,298,21.281549598904324,669,78,259.0,90.52051424698305,185.0,0.0,16.500572666324747,0.0,112.5,9.474086572461388,0.14731268988731855,0,1039,0
F46EF20A-0F69-4085-B391-71F3B111B8EB,4405,3,193.0,4,0.3314415437003405,346,28.669693530079456,86,346,1665.0,125.91686674052991,695.7676,-15.60709,130.54526080938362,0.0,307.32836,161.42840261091303,0.6297302956665155,0,1039,0
216DB755-ABE2-42E4-AA82-E1E20F31103F,1857,4,52.666666666666664,1,0.19655358104469575,18,3.537964458804524,782,344,452.0,74.43232588876693,238.3347,0.0,35.42716256677631,0.0,121.59284,-2.648329623874943,-0.1605362489127795,0,1039,0
EE323BF7-DFDE-4CF6-9557-60ACB23A6E6C,4095,1,0.0,0,0.0,0,0.0,-1,341,452.0,99.30181899107806,849.87,0.0,22.740451576353554,0.08913308913308912,126.0,0.6898476755885952,0.14321281090934918,0,1039,0
3E2A058E-FC59-4E75-A86D-E8B1D3EB2EFE,12726,9,77.0,1,0.02868143957252868,175,5.01925192519252,397,46,693.0,192.56339219790237,459.5814,0.0,99.69687462082975,0.0,318.15488,-139.07072760299496,-2.4040413912813245,0,1039,0
48A0384D-7E79-4BFA-B8D2-6081AD2F90F9,8532,4,34.666666666666664,2,0.08556024378809189,1321,56.512541022034696,122,331,406.0,92.65957958391506,323.72,-28.68541,31.744697499902397,0.0,134.3163,-12.811032519331718,0.07510746861224907,0,1039,0
8049872E-28FB-42EE-B30F-D5C6EB0017E0,8457,3,87.0,6,0.25895707697765163,116,5.006503488234598,64,155,77.0,30.865781602410127,114.7132,0.006320088,17.396242083519276,1.2516258720586495,56.82747,10.104124131625372,-0.0077238126615995165,0,1039,0
BA6B93E6-32D4-4904-BE4D-AB3B5635BEC5,12726,6,83.4,2,0.05736287914505736,163,4.675074650322175,696,191,920.0,174.65032575747594,535.4004,0.0,105.55759681013572,0.0,302.8107,-34.884173105469785,4.6861733829277705,0,1039,0
C6C80C9C-0461-4D1D-B482-AF468A879CAC,4506,2,1.0,4,0.32401242787394585,659,53.381047492232575,214,323,901.0,148.21670785158665,489.2578,1.831055,65.28360277709987,0.0,227.7832,7.881863206283725,0.9684981438504132,0,1039,0
AE983F2F-0D33-4E8A-B78D-FC2DE082B356,502,4,99.66666666666667,0,0.0,0,0.0,-1,27,1246.0,211.95662515609027,629.2313,0.0,130.38187038957238,0.0,378.75689000000006,46.304884550699825,-0.18492743784809001,0,558,0
91FC46BC-EAEC-420E-90E7-8B9EB6FDFB6A,1897,6,63.6,5,0.9620453347390616,241,46.370585134422775,393,164,554.0,97.07794908002973,321.0908,-26.95652,57.300534955007905,0.0,180.7124,39.0737412786894,-0.09800008642147008,0,1039,0
39792953-EFB1-4EE9-86F6-C318FBFA1550,364,5,28.0,2,2.0054945054945055,97,97.26648351648352,248,204,602.0,179.76663436659254,360.0257,0.0,57.18487928679822,0.0,250.59311000000002,-25.477595388969092,-0.011459145603972045,0,382,0
142AECE8-7660-4809-94E9-B4F2F2C010E9,476,5,82.0,3,2.300420168067227,51,39.10714285714286,302,113,226.0,25.10013663102086,108.1698,0.0,13.056239541965386,0.0,40.831728,-2.0579394130424618,0.10559243718798739,0,502,0
2330284F-71E7-4FEA-AAEA-073E1C52A071,4506,2,6.0,4,0.32401242787394585,547,44.30869951176209,214,296,901.0,148.86961263418044,488.5254,-151.0,64.79346879032514,0.0,228.1494,7.778896684492395,0.9621052943132036,0,1039,0
6F0E2563-148C-4B04-A3E1-F7FDA69F387A,5268,7,46.833333333333336,7,0.48500379650721337,141,9.769362186788156,212,12,301.0,98.80158759642785,240.9741,0.008972168,17.226858718588634,0.0,124.6543,14.852954762902698,-0.0601313743297184,0,1039,0
D698C919-8F96-4908-9794-7E94FBC4C880,12726,2,420.0,4,0.11472575829011472,1981,56.81793179317932,711,291,726.0,236.70544843949745,521.68,0.0,72.71038512051875,0.0,333.69399999999996,-30.499546433324582,0.4663320648866624,0,1039,0
7C0FE479-4111-4BB5-8D55-607B41C9B0F3,5585,3,214.5,2,0.13070725156669652,10,0.6535362578334826,283,284,450.0,116.49402119043954,218.38,0.0,25.806597358544515,0.0,149.01,24.27580365523947,-0.1275538823953187,0,1039,0
58682C71-82CE-4105-A731-736CAC1F991D,1821,2,297.0,0,0.0,0,0.0,-1,281,452.0,144.60590726726326,307.5027,0.0,36.01546969776944,0.0,187.8479,-9.160976159238572,-0.025141148750778518,0,1039,0
61D3E1D8-1995-428B-80E4-318ED8513EE0,345,1,0.0,1,1.0579710144927537,10,10.579710144927537,213,271,402.0,20.655194111986713,161.8541,0.0,28.35892281425341,0.0,65.129664,23.801081821423775,-0.28661989904617696,0,775,0
BB5BDBB3-30F0-45A0-90C5-6AD5CACD8AA3,6546,2,247.0,0,0.0,0,0.0,-1,268,188.0,34.84734717938249,119.6,0.0,6.651568772167003,0.0,44.0,-1.6498934756787875,-0.03897046045925731,0,1039,0
9FE556DC-9229-4044-A12D-D158ECD9C8EC,1029,2,10.0,1,0.35471331389698735,4,1.4188532555879494,286,249,250.0,27.15639348529855,84.55215,0.0,9.367495929028431,0.0,38.98888999999999,-3.2522172400825013,-0.013923292765477168,0,1039,0
6036494F-799D-432A-951B-0FD9BCAE3383,6957,2,0.0,0,0.0,0,0.0,-1,253,768.0,97.3063312265088,282.7339,0.0,37.02409501942969,0.0,146.7053,4.076299164231941,-0.15886451989213451,0,1039,0
283B275A-3D7F-4D6F-9327-8752BC9AE288,12726,7,63.0,3,0.08604431871758604,258,7.3998114097124,88,88,706.0,251.65469481001566,493.9087,-0.9,66.28023928842529,0.0,338.635,-6.643739431929163,-0.931252787833035,0,1039,0
51EDDA54-2C7E-4CBF-A0A9-01946FB3154F,6957,1,0.0,0,0.0,0,0.0,-1,251,768.0,98.43671886779735,286.2928,0.0,37.321992460283404,0.0,148.287,4.085128010906345,-0.15568268703028332,0,1039,0
51D47ABB-49D8-4264-BF61-141D4150B9FF,5753,5,133.0,2,0.126890318094907,66,4.187380497131931,179,248,953.0,139.41732592936074,750.6409,0.0,92.47844413098727,0.0,255.0201,-7.989755349268137,-0.2707635178168118,0,1039,0
FF43FC19-CB5F-4E57-B4F2-97863D71913A,4440,2,132.0,1,0.0822072072072072,296,24.333333333333332,811,106,490.0,88.05945524359635,258.0,0.0,27.686031207961687,0.0,122.0,1.6119954786258717,0.022981460435128703,0,1039,0
844C1E94-D91C-4693-A425-0673A5E23C9F,3901,3,19.0,1,0.09356575237118687,47,4.397590361445784,227,189,511.0,160.80452273450712,294.4316,0.1511501,35.90137651277667,0.0,206.43189999999998,-10.388370347933062,0.5038131239240692,0,1039,0
5C17EFDE-AC38-42A1-8921-47450C93FC46,4748,3,283.0,0,0.0,0,0.0,-1,218,250.0,34.76146699953817,142.5,0.0,11.834286683030475,0.0,50.0,1.252421889350714,-0.09647453046333432,0,1039,0
F867B201-9236-4A2E-9E95-E4D3B5D842B9,12726,6,145.4,1,0.02868143957252868,12,0.34417727487034416,193,30,499.0,70.92278808891818,191.1,0.0,24.438186995430627,0.0,102.1,21.38921036787194,0.34178869247682,0,1039,1
7814E77A-3787-4332-A9BD-C92B5DC2C0B1,5136,8,123.14285714285714,5,0.35533489096573206,109,7.746300623052959,130,13,490.0,106.07123698481331,266.83,-14.72,43.74963778740115,0.0,149.01,12.171311626297793,0.056919489946063904,0,1039,0
18D3BF84-9B53-48D3-B063-F7DFA6FA89ED,12726,3,227.0,3,0.08604431871758604,290,8.317617476033318,433,204,269.0,155.01733982678192,254.4,0.0,31.633576405621426,0.0,194.5,-31.265410814436237,0.22620321210197916,1,1039,0
725409A2-0E3D-4446-987F-EB1FF410D697,12726,7,83.33333333333333,2,0.05736287914505736,112,3.2123212321232124,10,197,803.0,295.50355718467006,799.1638,0.0,131.90656746261496,0.0,433.5938,64.71354418029904,1.0048810858922157,0,1039,0
39A2C8C4-7F28-47CA-9AA4-8961A6AAA602,4053,1,0.0,1,0.09005674808783617,8,0.7204539847026894,774,188,624.0,63.161238374982425,276.754,-6.019614,36.453506896512785,0.0,110.66698,-20.49561647066144,-0.10355419200591595,0,1039,0
9683C647-7AFE-4F37-B4CB-37BD2E7380EC,6168,1,0.0,2,0.11835278858625162,158,9.349870298313878,210,187,269.0,73.21708447629631,171.7468,0.0,19.118815808930812,0.0,99.06213,14.153923746697515,0.3520971324985713,0,1039,0
93132377-10BF-46AB-B748-AE3094FFF34C,4782,2,0.0,5,0.38163948138854037,140,10.68590547887913,213,183,294.0,85.9817792492989,536.6702,0.0,33.39929461308515,0.38163948138854037,132.22,-2.381638817200127,0.6224061303864136,0,1039,0
E4DDABB0-5441-4865-8C23-A2516C0A5149,1897,4,6.333333333333333,5,0.9620453347390616,150,28.86136004217185,401,164,554.0,104.5306922744985,310.8095,0.0,58.51626197922657,0.0,190.5982,39.49985816346447,-0.10456185341620153,0,1039,0
F28238AC-EDF1-4E47-991A-034656708A18,9322,15,42.285714285714285,0,0.0,0,0.0,-1,177,693.0,176.83012185339376,384.6,0.0,43.987156877680086,0.0,229.3,-10.516827100307324,0.12256095288383224,0,1039,0
2246E459-92C8-4031-A2E2-7B0A5D166EAA,12726,4,39.0,1,0.02868143957252868,4,0.11472575829011472,92,57,630.0,33.10803952492186,587.9417,0.0,97.90944435417332,0.0,209.25995999999995,246.48638991180653,-0.9050402214096739,0,1039,1
36D8819D-C1FE-41D7-8634-80B330BC8E60,12726,9,67.125,0,0.0,0,0.0,-1,165,529.0,71.49527950419325,283.2687,-14.1602,54.75262507588331,0.0,143.1274,13.5119455299117,-0.1926223146643358,0,1039,0
4020B8F4-3A21-4DF9-8501-1C464D81E73B,3581,5,117.5,1,0.10192683607930746,173,17.63334264172019,161,55,120.0,30.984756927232993,90.5029,-2.0,8.328572675989596,0.0,43.44708,-2.3587790598641654,-0.003735679164861163,0,1039,0
AF87F62F-3C03-4D0D-9722-8060B5CB41B3,12726,2,250.0,7,0.20077007700770078,407,11.673345906019174,64,156,77.0,28.960344182845397,80.10583,0.002974187,16.409150327812824,0.05736287914505736,53.440619999999996,9.548906240415405,-0.0011604940246959753,0,1039,0
6B7D69EB-3F90-4DB5-B105-55BDEBD0EB6A,8890,2,0.0,5,0.20528683914510687,99,4.064679415073115,147,148,440.0,273.39307923925924,413.97,-15.57002,82.41387902524852,0.0,343.4,31.38007431012346,-0.5010755574536855,1,1039,0
BD959831-3BDF-418D-AD85-DA021C5F8822,5443,6,61.2,0,0.0,0,0.0,-1,30,490.0,141.11523610299383,802.0,0.0,46.63520821868422,0.06705860738563292,201.26,-6.665318803611115,-0.13299150901930673,0,1039,1
62A73906-3EF3-45D1-9D3C-8606A3D65A90,6336,5,105.0,3,0.1728219696969697,378,21.775568181818183,444,67,269.0,93.7820222730528,533.0723,0.0,33.31966879502681,0.2880366161616162,134.7,-10.237651491416997,0.07382866028548764,0,1039,0
5C4DB19D-9BCD-473F-B857-7118091B3580,12726,1,0.0,2,0.05736287914505736,44,1.261983341191262,782,118,188.0,34.51902462756096,81.0,0.0,10.475011050269051,0.0,49.0,-5.381447467067133,-0.0980370804809343,0,1039,0
543FA16C-1207-4E8C-A1C0-499F0B8A249B,5016,3,38.5,1,0.07276714513556619,58,4.220494417862839,883,39,133.0,37.430850995044416,83.71803,0.0,13.631378514810374,0.0,54.29028,-1.2016484449672546,0.08610053330157695,0,1039,0
59F7DD56-C665-42DE-B997-94823778B39B,4901,7,74.5,3,0.22342379106304835,29,2.1597633136094676,952,1,1734.0,461.7921472688697,1165.093,-82.24992,204.18017097206132,0.0,752.8955599999999,-140.50159177658577,0.7088974859261968,0,1039,0
702910A0-BA44-4766-AA67-D86F6A3B3F99,7428,4,86.33333333333333,1,0.04913839526117394,249,12.235460420032311,811,106,693.0,52.3031853346898,265.1713,0.0,27.37432509291446,0.0,87.35054,-13.94843010475153,-0.25332749261230686,0,1039,0
76DEF8EC-BC05-45F4-9A17-EE19804E89BC,2694,3,2.0,0,0.0,0,0.0,-1,104,472.0,72.7952026593493,380.5664,0.0,58.91776094128566,0.0,152.8198,37.24881046665378,-0.33001815365243525,0,1039,0
2868313B-49FA-4E25-9459-4D66A1A117E6,4839,2,439.0,1,0.07542880760487704,30,2.262864228146311,742,97,251.0,96.01167805316351,232.5,0.0,13.153336622687924,0.0,111.94892,-2.4230366233795593,-0.007562485036538116,0,1039,0
104A009D-8BA7-4B68-BC2F-F007BF0D7B6D,7414,5,105.0,1,0.04923118424602104,158,7.778527110871325,20,93,820.0,227.05347444590953,652.0,0.0,91.4105126278462,0.0,333.0,-69.41149913726755,5.038491491862345,0,1039,1
0AC983BF-C77D-463D-A8D8-993E4D5E7C21,3626,3,373.0,2,0.2013237727523442,712,71.67126309983453,343,92,602.0,153.25477117118743,319.9472,0.0,30.221439990522445,0.0,192.76445999999999,19.454007730818773,0.10633029536037752,0,1039,0
51649634-A16E-4323-809B-7E15C362D5BD,12726,11,93.4,0,0.0,0,0.0,-1,82,188.0,0.0,0.0,0.0,0.0,0.0,0.0,0.0,0.0,0,1039,0
7D009E15-757B-4BA5-9B51-239AB1A261F2,12726,1,0.0,0,0.0,0,0.0,-1,72,251.0,83.44446395289377,231.5428,0.0,30.00408730397047,0.0,124.8,-6.075250989930794,-0.13181030579915223,0,1039,0
DFFDD77E-1474-4BCF-8ADD-E88ABCAE0D13,2239,3,0.5,0,0.0,0,0.0,-1,68,452.0,92.65200559545403,375.0,-16.6,23.193619857447327,0.0,123.0,7.8486116884965895,0.005159987744161282,0,1039,0
E22F25BB-34C0-4A1C-A7F8-E2B037338F14,1725,2,241.0,4,0.846376811594203,289,61.150724637681165,393,70,1246.0,371.3794629566554,830.7,0.0,116.67673105572672,0.0,535.9,33.48800617914702,-3.2301102673860784,0,1039,0
B661AA1C-BEA1-47C2-96FF-01C42B0F6063,6133,4,178.33333333333334,3,0.17854231208217838,674,40.11250611446274,107,68,129.0,36.09700515548,147.53,0.0,8.428795679367838,0.29757052013696395,47.22845,6.5223589353224725,0.047467796323215905,0,1039,0
B49E420D-017F-45B2-AD09-690BB04224C5,2408,3,325.5,3,0.45473421926910296,360,54.56810631229236,337,57,251.0,71.02805939055935,171.8945,-34.22894,26.259969818928315,0.0,105.38323999999997,-2.4085958364312603,-0.001846094312470946,0,1039,0
0D73717F-9B64-45D8-9390-42A477B75B22,2947,4,88.0,2,0.24770953512046148,78,9.660671869697998,734,54,473.0,102.59475588734128,360.5347,-43.45978,32.31338075570639,0.0,144.6533,10.753795462195768,0.64122542784595,0,1039,0
195D4A28-7382-4A32-9F2B-BDDC68B010A1,10279,4,59.333333333333336,1,0.03550929078704154,27,0.9587508512501216,276,38,318.0,104.66289045463733,206.9336,0.0,39.21998521793156,0.0,156.0547,-26.111172486504614,0.007166600449282894,0,1039,0
5CB79D86-032A-42DA-AF90-0E1332BA04C4,4783,2,1.0,1,0.07631193811415429,834,63.64415638720468,466,43,450.0,109.43003436385176,201.0,-10.85,23.083198968220064,0.0,141.0,5.536863784296386,0.04796905653636372,0,1039,0
789538B1-103F-4BBB-9681-2AAC7E5B54E7,4473,2,6.0,4,0.32640286161412924,535,43.65638274088978,214,43,208.0,33.684742353584035,237.2923,0.0,7.787692364806771,0.40800357701766155,44.015726,0.4867683558017646,-0.17623360975377597,0,1039,0
34BDDE82-82B6-484F-A68B-5DD3017F0D80,4742,3,32.0,0,0.0,0,0.0,-1,39,400.0,143.43150800698763,303.6,0.0,38.64747811131931,0.0,193.6,-12.600983315629605,0.19736595281527364,0,1039,0
1A9B0851-50C5-42E5-83C2-55BC5588285B,3046,2,728.0,1,0.11982928430728824,4,0.479317137229153,74,37,250.0,65.3136377009725,159.0,0.0,18.872363249050206,0.0,91.0,-5.074440170108311,-0.12975813200538738,0,1039,0
D984B4DF-76DD-41F3-992B-70589E5FBDE1,2528,2,1.0,6,0.8662974683544303,276,39.8496835443038,242,32,301.0,104.50195206312021,539.4805,0.0,21.196971687213637,0.2887658227848101,129.12204,-6.644782765982853,0.035753645124848805,0,1039,1
9175FD58-1638-47AA-8B16-4041EF9F43BE,3482,1,0.0,2,0.2096496266513498,11672,1223.5152211372774,31,32,452.0,114.97327773525183,242.4871,0.0003521013,21.521487126639343,0.0,139.95774,-5.324836426448556,-0.22532077110717025,0,1039,0
5739BAFF-F3B3-4D68-8255-E61A5CD65DBD,6168,3,232.0,2,0.11835278858625162,387,22.901264591439688,811,18,259.0,50.73326458894151,115.963,0.0,13.683156277572744,0.0,68.656748,8.75106138791034,0.009379301926336361,0,1039,0
E80093A2-E813-4D0B-B4C0-B12BF07A58A2,12726,8,66.71428571428571,1,0.02868143957252868,17,0.4875844727329876,759,17,887.0,206.33031919521844,552.0,0.0,92.72638669347425,0.0,314.0,-140.68039635571228,-0.4433713238489467,0,1039,0
1EFF23EC-E7A0-4535-8747-37BC6B2B0CF9,12726,6,111.4,2,0.05736287914505736,15,0.4302215935879302,406,17,399.0,159.58468135786234,334.552,0.0,38.99527396831323,0.0,199.7498,4.836193358187046,0.06513700816500241,0,1039,0
62F835CA-317D-46C9-90DA-C87C8CD69E20,10130,5,253.25,2,0.07206317867719644,75,2.702369200394867,811,8,188.0,42.35475514271348,138.1113,0.0,10.595388946442322,0.0,57.56818,2.556964698241927,0.01141899229389441,0,1039,0
30C3AEA4-3841-4F2F-9493-E2E62AE7FEA4,6212,3,3.5,3,0.17627173213135863,106,6.228267868641339,444,15,158.0,27.32687892802881,137.0,0.0,14.83494405620491,0.0,48.0,9.115405022588472,0.03141002775830889,0,1039,0
B844FC6F-EF8F-42FF-92AB-06DE9BF9C2DC,4822,3,241.0,0,0.0,0,0.0,-1,15,314.0,86.24587556272465,459.9609,0.0,29.76272646596657,0.37847366238075486,123.0,-6.850582352848107,0.00636972785841445,0,1039,0
50B491E2-4948-470F-83CB-A07016264463,4266,3,307.0,2,0.17112048757618378,4615,394.8605250820441,63,9,542.0,115.03362880196342,411.9742,-1.84794,74.03310605462852,0.0,214.44582,-69.82865390248054,-0.9623614497362561,0,1039,0
749B5EBB-7FE5-4728-B3D8-CAA50CE673F8,5984,3,0.0,1,0.060995989304812835,121,7.380514705882353,811,525,269.0,89.77062426695535,169.5257,0.0,20.003464530241622,0.0,116.61997999999998,-11.005870708313381,0.07058912042174294,0,1039,0
B55107E0-4499-4EE7-8DBA-C4114403A0E5,12726,2,409.0,1,0.02868143957252868,41,1.1759390224736759,756,47,739.0,176.5595598887602,606.76,0.0,104.46170110883054,0.0,309.37,-69.89784229616761,-0.7667460260298721,0,1039,0
F21D382B-46AC-4A96-9C63-95FD7C9CE1AE,4901,3,134.5,0,0.0,0,0.0,-1,57,1734.0,467.629738372834,1171.826,-91.81165,203.10763265309984,0.0,758.5828599999999,-138.931881927618,0.8473360842390835,0,1039,0
1F3135EA-5ADD-41B0-BBB6-8DA2CA41D6A9,10251,2,14.0,2,0.07121256462784119,9,0.32045654082528535,393,506,146.0,34.507522202780166,1146.798,0.003754629,10.414476865635821,0.17803141156960298,43.575098,5.013849477312419,0.04201200621986711,0,1039,0
6AB8C606-0992-47F0-AA31-A4206C93525B,708,1,0.0,1,0.5155367231638418,60943,31418.35451977401,619,571,497.0,55.68765049750073,494.0,0.0,25.97178707899951,0.0,89.0,-4.03147765799455,0.017329185587559685,0,739,0
A9308171-2840-4077-9F49-45BCBB738070,8723,1,0.0,2,0.0836868049982804,349,14.60334747219993,226,753,346.0,76.20024309276003,184.4,-31.48009,28.98752969366157,0.0,112.3,2.8475809813140387,-0.13887191148435088,0,1039,0
BBC31DC0-B7CC-4E6A-8F9C-43891A705AAB,12726,2,181.0,1,0.02868143957252868,4104,117.70862800565772,424,253,314.0,80.422242599075,190.0,-1.46,28.70525623347722,0.0,115.0,-5.651409265741677,0.007167437223546124,0,1039,0
625C3816-E8C2-4A8C-ACFC-C7DD02C07D20,905,2,7.0,4,1.6132596685082872,703,283.5303867403315,214,736,151.0,14.332052627674742,500.0,0.0,54.02166882960008,733.2265193370165,12.18567,-4.007943288863013,0.014809360854268276,14,1039,0
A9693C1B-395A-4C3D-8F96-0D0006596C22,12726,7,33.833333333333336,1,0.02868143957252868,323,9.264104981926764,811,537,84.0,11.432756909569111,188.5983,0.0,2.465652288386011,0.11472575829011472,14.407789999999997,-0.5490373415135554,0.0071438315975122894,0,1039,0
72E1682D-34E5-4D99-BC5B-72D1DA524E78,3458,1,0.0,4,0.4222093695777906,136,14.355118565644881,403,739,250.0,39.16375598624281,125.6862,0.0,17.34878184313131,0.0,62.361366,7.554952918903787,-0.06277283112208237,0,1039,0
E5E993A9-BBB8-42BD-BB85-83857243B3E8,6235,4,227.0,2,0.11708099438652766,168,9.834803528468322,450,57,269.0,61.590410685360254,413.3616,0.0,14.274814651248205,0.29270248596631915,86.072468,23.62384515568914,0.05742957678580711,0,1039,0
4E42BD1F-F152-41F6-8C37-B03B91B72C24,12726,3,93.0,0,0.0,0,0.0,-1,551,489.0,107.30313584109179,239.0,0.0,24.35825002303977,0.0,139.0,15.42687959100698,-0.11153668948625389,0,1039,0
CB739177-12CB-41DD-8CF4-5B37A7E1C906,4704,6,70.8,1,0.07759353741496598,319,24.75233843537415,811,380,1524.0,432.78518515444387,810.0,0.0,56.1684060917973,0.0,504.0,-13.886573950740171,-0.010059883216436223,0,1039,0
39A56711-63D6-48D1-AB88-F8538F388120,4121,2,42.0,1,0.08857073525843243,190,16.82843969910216,190,736,151.0,29.707401930030052,139.0,0.0,7.829774145931889,0.0,40.0,-0.011028473239928616,0.010111959409683222,0,1039,0
E0FE1F49-6C09-4610-A5D1-DB7EF44A313D,8228,5,153.25,5,0.22180359747204667,72,3.193971803597472,514,120,708.0,172.0009384378759,681.6454,0.0,103.89960843304584,0.0,303.21,-0.602837357628971,0.11739737473289014,0,1039,0
C6047CE0-9451-4ECC-AAF2-DFCA6190BDC9,12726,5,152.25,0,0.0,0,0.0,-1,117,452.0,130.4623080557805,797.7214,-44.0297,44.11521235566307,0.05736287914505736,184.5357,-23.734274500224956,0.20417318373315313,0,1039,1
75ADE5F4-067C-4930-BB4B-A03E975DEC67,6347,1,0.0,1,0.05750748385063809,110,6.32582322357019,811,723,269.0,70.86689422851673,142.8666,0.0,12.957882677844374,0.0,88.4,2.420297129507958,0.09685866567882398,0,1039,0
79940172-DE11-4491-B298-EC92A07E899B,9501,5,184.75,1,0.038417008735922534,55,2.1129354804757394,409,16,489.0,155.77347781563114,259.0,0.0,28.388868797343093,0.0,190.0,-2.0203913958780504,-0.16219446388001527,0,1039,0
B05F4C1F-99C0-406E-8224-06E97829F2B2,6267,5,207.5,2,0.11648316578905377,13,0.7571405776288495,952,96,312.0,36.42562643544145,91.40901,-341.95,11.344456503714948,0.0,51.91563,-1.71451645473158,0.03265489386375092,0,1039,1
8F12CE1C-05AF-490C-8BB8-1CA1FFF9A086,5264,5,157.75,3,0.20801671732522797,227,15.73993161094225,433,66,301.0,76.04922434207273,504.4127,0.01555736,18.078550365407377,0.34669452887537994,99.30434,-23.2088512352178,0.057319996049391614,0,1039,0
84BD511D-6277-47EE-B645-4874358E846D,3921,3,80.0,2,0.18617699566437135,233,21.68961999489926,811,533,301.0,85.36632697858026,158.909,-8.317545,18.934144472422993,0.0,109.24152,12.356232843950593,0.19318439109072316,0,1039,0
0AAAA21C-8D90-42CB-9758-50887F2ADCA0,6551,2,0.0,1,0.05571668447565257,186,10.363303312471379,811,687,269.0,92.36194002854418,158.2944,0.0,21.2843518009959,0.0,121.93938,-7.521394543976285,0.03262241486595187,0,1039,0
AFC46547-FE9B-467E-96B1-2F633B2D3EA5,5599,6,130.0,1,0.06519021253795321,143,9.322200392927309,665,36,451.0,83.39213536331519,206.1064,0.0,28.330840747160693,0.0,117.8674,-17.711547934997284,-0.5114137901717692,0,1039,0
2703E2CA-ABC0-4280-99F0-BADFE8890649,8798,3,272.0,4,0.1659468060922937,71,2.9455558081382134,229,122,314.0,50.802586224206365,176.0,0.0,26.349193104301897,0.0,86.0,-18.446413384700193,0.03569050591519601,0,1039,1
7F6B8819-A0B9-42EF-A026-381CFD1D6188,726,1,0.0,0,0.0,0,0.0,-1,659,678.0,44.82186668760041,162.7922,0.0,30.36867635787997,0.0,87.70752,-1.2672188984028878,-0.19105470079450212,0,775,0
08239E64-D3DE-44B3-A081-FAA5940F7543,8352,5,147.25,4,0.17480842911877395,44,1.9228927203065136,73,155,314.0,42.0104414585662,1000.83,0.0,13.45553598186358,0.21851053639846746,58.0,-5.654885903010644,-0.0568161135577243,0,1039,0
5ACB72DB-4E4E-42E7-9253-6DCD965927CD,4418,2,1.0,4,0.33046627433227704,38,3.139429606156632,81,638,301.0,43.5656444399722,103.4156,-45.3,13.288895705207443,0.0,60.67713599999999,-0.3462077427499821,0.10060581059626462,0,1039,0
D7EC6434-BF8F-4699-8A20-1FA3E017D34B,12726,3,0.5,1,0.02868143957252868,5,0.14340719786264342,857,613,489.0,109.61342496730408,221.0,0.0,29.1109001681995,0.0,146.0,0.6398929339304829,-0.04205531775767681,0,1039,0
26F11D4C-5846-41DE-B0C2-EEC7F41FBFD0,9318,4,93.0,2,0.07834299205838162,143,5.6015239321742865,297,415,100.0,44.92873719879257,96.4273,0.0,7.735632293663591,0.0,54.0,2.194966504911129,-0.01371658823910682,0,1039,0
174492BE-3335-447B-B0B4-1436DF5F9F12,4228,2,238.0,1,0.08632923368022705,17,1.4675969725638598,225,351,188.0,21.278091650237275,138.5683,0.0,7.080665481335381,0.0,29.839751999999997,-3.188684021996533,-0.023285281340993245,0,1039,0
50F4C3E1-66C7-47EA-8E7E-AA173597A0BD,12726,3,104.5,2,0.05736287914505736,11,0.3154958352978155,168,589,313.0,48.35415231468405,188.0,-25.09178,28.955937683308388,0.0,89.0,-10.119507252955657,0.014094504122557971,0,1039,0
022B9D83-1EE0-48A0-AF7C-E057A504F1D9,3921,3,31.5,2,0.18617699566437135,773,71.95740882427953,281,526,301.0,84.94249400519752,171.4468,0.0004522573,18.8829982771917,0.0,108.87248,12.335549793413605,0.19371972847176486,0,1039,0
C934F421-91CC-4E16-9087-2EE88663A6A3,6570,2,0.0,1,0.05555555555555555,4,0.2222222222222222,718,585,377.0,64.30223043036939,208.0107,-1.749512,29.794047365690876,0.0,106.02533999999999,4.185539796250978,-0.19618391646066863,0,1039,0
06A8DAD9-0ABC-4738-A1ED-648A8800DFC0,7955,5,117.25,0,0.0,0,0.0,-1,461,489.0,107.95370812612528,201.0,0.0,26.590309244431587,0.0,143.0,10.165659157825345,-0.07146429829025804,0,1039,0
CFC05757-D065-4373-91F8-A452AB1F1396,8579,4,234.33333333333334,2,0.08509150250611959,98,4.16948362279986,206,205,761.0,112.05180008373098,386.7279,0.0,71.55835728110861,0.0,209.9808,-53.97907688928654,-0.11679614282862036,0,1039,0
03492447-A122-438A-B6A8-A9FA08AFB3C7,317,7,73.0,3,3.454258675078864,30601,35234.58990536278,448,379,150.6,41.982151480476155,165.0057,0.0,29.899039529948716,1.1514195583596214,76.90874,-41.98142810084653,-6.2968593516355375e-06,0,1039,0
65B7D5D1-9325-4311-B19C-75F2BCAE89AF,5117,2,1.0,4,0.2853234316982607,130,9.273011530193473,122,575,133.0,40.62384916612474,77.19247,0.0,11.70651203293591,0.0,55.538202,-0.22943155493647538,0.06510023707467154,0,1039,0
CA28800D-A383-4B2B-9631-772BCCC7F6DB,12726,9,37.75,1,0.02868143957252868,24,0.6883545497406883,571,266,496.0,141.0253733829261,320.6305,-40.9519,71.78245355444585,0.0,208.96929999999998,41.310558671086255,-0.700897427173432,0,1039,0
6BF8DCB5-9A56-49C5-8472-B5BEF5B15078,3214,3,0.5,0,0.0,0,0.0,-1,570,452.0,95.50702443660605,246.0,0.0,42.6196440002617,0.0,154.0,-14.73487937487765,-0.18894656633429002,0,1039,0
270C0041-C543-4B27-BB02-7B5DB2AACFE6,5118,2,2.0,1,0.07131692067213755,17,1.2123876514263383,761,567,188.0,18.044799775117628,97.0,0.0,8.719363352812627,0.0,30.0,-3.045802861537382,-0.021010538566733888,0,1039,0
BBF323B9-A2C3-4D77-AF75-A57446178B99,5617,2,202.0,0,0.0,0,0.0,-1,566,251.0,50.15671192131426,235.5896,0.0,12.78101081814773,0.0,65.46633999999999,-10.257119686592048,-0.06352912947384408,0,1039,1
2AA63D69-C695-4A9C-A97C-C9BC8EF077C1,9535,4,97.66666666666667,10,0.38280020975353957,2340,89.57524908232827,88,494,259.0,94.1621286463224,229.9768,-2.178168e-05,23.77656959976846,0.0,124.5959,12.957831161547958,0.18053928107770006,0,1039,0
D382CDA4-884A-4B9B-A22D-ABB67EFB11E4,12726,3,202.5,1,0.02868143957252868,12,0.34417727487034416,23,154,433.0,34.74203973001265,376.5,0.0,36.04247274891207,0.0,84.37779,36.852971627626246,-0.05663670196950852,0,1039,1
F059AF20-A1E6-4084-961A-8C9AF508F85C,1735,3,0.5,0,0.0,0,0.0,-1,543,629.0,81.48724375369963,782.7759,0.0,40.26233512971657,0.4207492795389049,138.11381999999998,-11.362212325536035,0.1269051157315893,0,1039,0
5BD94305-EA73-4031-BD99-1BDB7D4E8EE2,12726,3,76.0,1,0.02868143957252868,118,3.3844098695583846,811,535,346.0,71.63234232902809,414.9719,0.0,40.4706811747289,0.20077007700770078,127.11851999999999,20.04639795391944,0.12625521004648088,0,1039,0
AFA3066C-0692-4489-9DD1-346974AFC63B,5020,4,22.0,1,0.07270916334661355,1951,141.85557768924303,336,459,176.0,35.85001425636015,154.35,0.0,14.736458741937488,0.0,56.35,4.751855342405285,0.049604021186849576,0,1039,1
720C8CBB-10A6-4A55-B307-BD54DC897475,5068,2,14.0,0,0.0,0,0.0,-1,512,489.0,110.0617072827913,226.0,0.0,27.938380420898824,0.0,147.0,11.455808149307458,0.05069733117474389,0,1039,0
B9DA195A-C798-40F8-BC58-AB1D1ABDA256,12726,1,0.0,0,0.0,0,0.0,-1,523,188.0,36.13408541768458,234.5,0.0,7.5037700462979,0.14340719786264342,46.0,-2.6048415905240887,-0.03827341509929185,0,1039,0
851C0F1D-CE35-437C-BAD1-873DC0DCD321,6399,1,0.0,1,0.057040162525394594,357,20.36333802156587,811,520,676.0,96.99783024132411,217.8497,0.0,24.83202708559679,0.0,131.5155,34.59443634432405,0.14663955757157376,0,1039,0
6F6D633F-3DF8-4747-B5D0-7FA33C5B1654,697,4,97.66666666666667,5,2.618364418938307,1395,730.5236728837876,284,223,1188.0,207.8047761368964,1072.52,0.0,85.6132131644433,0.0,317.50699999999995,-54.03271132208158,0.28449889332460154,0,712,0
D7A38D08-22DE-44EE-9374-6818BDDDF83C,6284,3,19.5,4,0.23233609166136215,50,2.904201145767027,73,480,314.0,42.803442944440356,840.0,0.0,13.330833209947095,0.2904201145767027,59.0,-6.229754672835419,-0.05663999442093189,0,1039,0
EB3F0C5A-EF42-4536-8273-A67A4ABA5E44,2927,2,285.0,1,0.12470105910488555,424,52.87324906047147,811,214,542.0,120.68014870923051,408.2005,0.0,68.19677279764613,0.0,212.62434,-0.0018053905576635998,0.02231683906380523,0,1039,0
B8FA83EE-4339-4D27-8FC3-4871FECC6BCB,1735,5,61.25,0,0.0,0,0.0,-1,346,629.0,81.7008622489107,225.6234,0.0,40.292970784023254,0.0,138.4979,-11.316770364497117,0.12739090365368058,0,1039,0
E37643E2-E950-46D4-A7B3-2D4BE8BE1CA3,2750,3,222.0,3,0.3981818181818182,528,70.08,63,494,301.0,63.97794540276262,237.4877,0.008464055,19.328956796829594,0.0,90.064032,-14.721457690138784,0.028121973565198223,0,1039,1
FCFE37C8-7C41-4533-8EC3-C1D377BA22B5,12726,5,55.25,4,0.11472575829011472,165,4.732437529467233,563,486,99999.0,17.853960176081443,239.342,0.0,19.87606982520889,0.0,44.83643,-17.853960176081443,0.0,0,1039,0
6AAB6026-ABA0-4B4E-8E70-853E097CA073,1262,4,207.0,3,0.8676703645007925,245,70.85974643423138,424,118,452.0,102.64819861894021,199.3295,0.0,27.744572009056487,0.0,143.33,13.230680307757325,0.07931722239532026,0,1039,0
57806FEE-DB0D-4805-A542-4467F5D4B48C,2801,2,0.0,4,0.5212424134237772,413,53.818279186005,437,474,181.0,36.80706176443808,87.78651,-373.2394,16.427715961054705,0.0,60.53415,10.672554780546491,-0.06514927202214273,0,1039,0
9CAF453B-F121-408C-9BA8-1B544FF2CDDF,12726,3,175.0,1,0.02868143957252868,8,0.22945151658022944,143,202,266.0,88.51070042066301,154.0,1.3,17.818268950330506,0.0,114.7,-7.056595482391415,0.29273808380543387,0,1039,0
34BE3784-CDAE-409E-92F5-606D4F251F34,639,3,205.5,5,2.856025039123631,152,86.82316118935837,86,92,416.0,18.969462941771692,399.9599,0.0,23.834936126119253,0.0,43.678706000000005,41.99318199302769,0.09126890443173413,0,725,0
6567AD54-68F7-4EF8-9098-EACE464D8897,3763,2,1.0,3,0.29099123040127556,413,40.05979271857561,811,454,301.0,49.21856352088751,113.5633,-0.02,13.583364395339371,0.0,66.993672,9.210233171242123,0.023096494749981933,0,1039,0
415E2AC6-9736-4B8F-AEBF-1E2F89FC80E3,2060,1,0.0,0,0.0,0,0.0,-1,451,931.1,82.45295691152353,246.0,0.0,41.95811070677727,0.0,140.0,-7.810979378344527,-0.008961813220612746,0,1039,0
51F67213-28DB-4C56-8826-D9B8552B56A5,2866,4,58.0,1,0.12735519888346128,239,30.437892533147245,811,267,301.0,127.31749501937661,224.2425,0.0,21.195697014688296,0.0,153.06812,-27.37996864977785,-0.05117959525820238,0,1039,0
DA0A2BEA-7166-4832-A6D4-0D9A8B23CD53,485,6,68.8,4,3.0103092783505154,13233,9958.855670103092,319,92,226.0,31.96711708365098,93.27705,0.0,13.57208392196453,0.0,46.867986,-1.0961611731571494,0.03247437364006361,0,502,0
AD3296B7-7646-4DAD-9915-2E176E681BC1,458,5,94.0,3,2.3908296943231444,287,228.7227074235808,280,57,226.0,23.622637281724305,82.65611,0.0,12.853084659696755,0.0,38.52041,-2.507761211508253,-0.02627749648621273,0,502,0
284D8099-54AD-4BA2-9F1D-CBDBFC7678E7,1795,2,1.0,1,0.20334261838440112,27,5.490250696378831,429,430,753.0,254.38055445293065,668.7936,-156.5964,106.41218514167439,0.0,395.64162,-27.126121852621992,-0.85548975377072,0,1039,0
91432895-B2E5-42C5-8793-8D9B2956CDA6,3870,3,325.0,3,0.28294573643410853,369,34.802325581395344,214,113,452.0,27.659241060771524,121.8503,-0.6455656,21.621004701750923,0.0,55.053727999999985,14.494474218858105,-0.031024379418970724,0,1039,0
2FDF257B-B499-4681-AC67-D61934D29759,4178,3,46.0,5,0.4368118717089517,466,40.7108664432743,214,330,452.0,197.1744019356523,536.0,-35.34,41.15103150616345,0.17472474868358068,252.0,16.94334497792795,-0.15628118240499075,0,1039,0
2189B5AA-6168-4CC0-B28E-DCBA48BC1489,8971,2,329.0,1,0.04068665700590792,11,0.4475532270649872,168,421,301.0,47.1532712866867,181.0,-25.56258,29.144302059681767,0.0,88.0,-10.039768200266948,0.01719559570679647,0,1039,0
D6254F08-DE85-4CE6-9C7C-DA0882B4B70B,1677,2,170.0,3,0.6529516994633273,493,107.30172927847346,87,415,602.0,80.97472052534351,966.9294,0.0,13.944392908179083,0.43530113297555156,99.15652200000001,3.977888463082408,0.02544024364282308,0,1039,0
0EBC3A03-57B6-4B5A-B505-78FD4F82CE62,12726,4,128.66666666666666,0,0.0,0,0.0,-1,208,314.0,27.368254612417758,144.0,0.0,19.811502649177086,0.0,56.0,-9.18067745192393,-0.028659288069419156,0,1039,0
EEC3CB4D-F102-4DB2-A192-4C69F0BD3C01,1816,1,0.0,9,1.808920704845815,935,187.92676211453744,243,413,452.0,86.52909880146177,189.0,0.0,24.553918172648046,0.0,118.0,16.32884993850736,-0.0962773757992378,0,1039,0
25288F52-2B7B-430A-B67C-336DE7F68A2C,10095,4,125.66666666666667,3,0.10846953937592868,20,0.7231302625061912,121,386,188.0,38.149116177119346,136.0799,-723.0,13.36935849847061,0.0,54.465697999999996,-3.877270129357001,-0.04267552259970474,0,1039,0
E4B22469-BD58-4ECA-86AE-79D306D83E7E,5538,2,0.0,0,0.0,0,0.0,-1,404,511.0,162.45814756602377,296.243,-3.383485,36.06441531213313,0.0,207.97258,-10.45077122728918,0.5157193590937043,0,1039,0
63641D07-2034-4A57-8871-AAEB24E848FA,12726,2,329.0,1,0.02868143957252868,560,16.061606160616062,261,71,188.0,51.16106490559344,120.0,-66.7,13.016013955118748,0.0,68.0,-6.532129720408257,-0.015482421240889287,0,1039,0
A9499AB9-2DA8-46C7-98EE-CB387B56CF5A,484,2,1.0,0,0.0,0,0.0,-1,380,678.0,82.9559319560393,300.0,0.0,71.12005021053773,0.0,114.08114,10.143903816337257,0.06355527791545286,0,655,0
27FF59CA-C2BB-451E-9481-9E3A649EF76D,8695,8,69.42857142857143,3,0.12593444508338125,20,0.8395629672225416,33,20,415.0,178.82499211964634,361.0,-1.0,52.857387258937706,0.0,245.0,-10.840071492331532,-1.0412802886235126,0,1039,0
B1B22AA8-821E-4D5A-AE1C-317C4CB08AA1,3885,3,3.0,2,0.1879021879021879,81,7.61003861003861,319,344,452.0,75.74506906539185,216.3182,0.0,35.58935391337151,0.0,123.14745999999998,-2.7166336202529493,-0.16228940718952176,0,1039,0
9AE14878-F871-4485-A8E4-6331F02F5038,2437,2,284.0,0,0.0,0,0.0,-1,60,302.0,47.82372682443995,147.4399,0.0,21.120436606921167,0.0,71.56325799999999,-8.899769004031775,-0.31699696100385505,0,1039,0
43D48296-363B-493B-97E8-135A4D2D738D,6155,2,4.0,2,0.11860276198212835,54,3.2022745735174656,703,344,1247.0,193.24281534859335,588.363,0.0,95.8893261171033,0.0,330.69782000000004,-60.732882957929775,0.23401617344236145,0,1039,0
5DED95B0-E8F9-4EDA-8695-40B4917BA061,12726,1,0.0,0,0.0,0,0.0,-1,337,573.0,79.48723904393368,312.1284,0.0,48.27666480433338,0.0,155.2385,2.158288186004583,-0.0936634775121689,0,1039,0
D60B02FE-1AD7-4AFC-8112-59F271ABC336,5223,2,199.0,3,0.2096496266513498,12,0.8385985066053993,217,137,148.0,49.70651540865782,181.5361,0.01731228,9.329832398221074,0.2096496266513498,61.15060999999999,0.24344226032366123,-0.014468680362392732,0,1039,0
816653E7-90DE-4268-BEA5-5A35ED0BA3A9,183,4,107.0,6,11.967213114754097,510,1017.2131147540982,178,2,226.0,34.93253662813657,237.0,0.0,18.258227125591542,9.972677595628415,54.0,-0.37559218369212033,-0.06267177475046304,0,1039,0
AB7E6766-7227-46CA-98D5-764CA6CF4552,5014,5,111.5,3,0.21838851216593538,682,49.646988432389314,323,322,487.0,100.12663437101475,327.0,-1.26853,31.653965865424816,0.0,141.0,19.49882859194821,-0.057471086965586955,0,1039,0
0EBC7B84-5B08-4F34-AC76-BFE03BE79CE2,493,1,0.0,5,3.701825557809331,688,509.3711967545639,272,319,452.0,60.65903192464854,150.46,0.0,28.79845613571484,0.0,94.70649,-2.018496203043604,0.038850813853278585,0,572,0
BE7CE2C8-18C7-47F9-B010-505AAB63A382,9171,6,69.6,0,0.0,0,0.0,-1,214,452.0,134.85067684443834,294.0,0.0,40.0587654775991,0.0,187.0,-27.9539947456729,0.2070505389324663,0,1039,0
A44CC9FB-6BF6-42FA-A9DA-43CBD87F6A08,469,6,28.6,0,0.0,0,0.0,-1,289,226.0,17.184184775230438,65.4575,0.0,10.671366793637253,0.0,30.400649999999995,-0.25551337669648433,-0.009235760978566689,0,502,0
52CEF3D7-B755-440E-914B-E90185699A93,3737,1,0.0,0,0.0,0,0.0,-1,281,90.0,16.856870506175078,44.06598,0.0,6.640652490045773,0.0,25.508932,0.4400553665949829,0.04440303314546366,0,1039,0
7788101C-D03E-4DE9-B82A-77ACA3BFE323,345,2,0.0,1,1.0579710144927537,8,8.46376811594203,213,272,402.0,20.67366193290849,162.0124,-21.7793,28.40431117737742,0.0,65.20358600000002,23.8209305204094,-0.28739191894163746,0,775,0
F3B79ACA-9389-4CCD-8FEE-3534CBF7C147,368,3,55.5,0,0.0,0,0.0,-1,187,887.0,79.39226156967527,235.4648,0.0,50.31917944200558,0.0,148.4823,-7.919829012036374,-0.11216071032022072,0,418,0
EA9B4423-F67A-4115-A93E-97EE9843D486,12726,5,31.25,1,0.02868143957252868,52,1.4914348577714915,205,254,264.0,106.58467809410537,214.1,0.0,36.11964290469717,0.0,153.4,-5.64164568631216,0.056483990927743685,0,1039,0
8BBD03B9-5906-43F7-8551-542DE32729E9,1531,2,1.0,1,0.23840627041149576,10,2.3840627041149576,929,251,452.0,108.3379615169664,253.4523,0.0,44.627640286763494,0.0,164.60378,-22.987315433092945,0.17162780336596697,0,1039,0
7F1776E8-6AE9-49D6-9A08-03CFAE0C5F35,5964,5,7.75,2,0.12240107310529845,16,0.9792085848423876,177,205,489.0,97.70299936455453,234.4173,0.0,30.112118161409178,0.0,136.74313999999998,-6.611378184770587,-0.14173582292004944,0,1039,0
68393A79-FE6B-4B86-AB40-6CE88137A76E,9814,3,146.0,3,0.11157530059099245,210,7.8102710413694725,491,225,141.0,40.24263506185118,124.8,-2.296912,18.022012176621786,0.0,60.72,-5.84775003098698,0.06935541139049269,0,1039,0
97DE8F48-CDF0-4327-9EAC-AB2B73FB697F,1226,1,0.0,0,0.0,0,0.0,-1,225,753.0,176.56558925619282,494.0,-14.515,56.68808129315197,0.0,262.6,-13.084617033970574,0.21721205864449697,0,1039,0
66C36BAE-71F9-4D8B-8D0F-1886931FC598,6125,5,68.25,5,0.2979591836734694,246,14.659591836734695,51,176,734.0,152.73517556513715,355.6895,-0.7,47.23417401522024,0.0,217.06644,38.58207221495542,0.2869643043623903,0,1039,1
9BC821B2-CCB1-455D-934C-E0800CBD0CD5,6910,2,1.0,0,0.0,0,0.0,-1,221,801.0,238.0088921322294,427.07,0.43,48.48787730183787,0.0,302.32,5.6731348739434395,0.36635755728851976,0,1039,0
DF4F2003-6EAF-45F7-8020-9013817C6D00,12726,5,139.75,0,0.0,0,0.0,-1,2,250.0,56.191114984759636,297.46,0.0,26.903103735628612,0.14340719786264342,89.0,-12.25369214525346,0.0030092306777283386,0,1039,0
DC78C785-DE0F-48D9-8170-6F5F1EDAC962,5517,2,229.0,2,0.13231828892514047,179,11.842486858800072,748,215,314.0,25.939330821179727,207.0,-26.6,28.47700445402276,0.0,76.0,-17.75761785821676,0.007678074110650417,0,1039,0
FDD9C72D-F18E-4907-8818-5B7D2032B7C5,6020,2,1.0,2,0.1212624584717608,45,2.728405315614618,471,212,400.0,128.36341280787713,276.1907,0.0,35.10410164679163,0.0,172.406,-14.057218224543789,-0.046198168107285394,0,1039,0
CAAC2AF6-6F91-488C-8E1A-9807951C955C,6117,2,0.0,1,0.05966977276442701,6,0.3580186365865621,647,207,325.0,85.42014014363451,180.4,-71.23009,19.95964881682606,0.0,111.05,4.47846942426672,-0.10416106698138217,0,1039,0
7D6A66AC-8CED-4DCB-8189-AF743326D9B9,6941,7,81.83333333333333,1,0.05258608269701772,181,9.518080968160207,811,195,748.0,224.9838479204455,992.0,0.0,61.614851511582295,0.2629304134850886,300.7141,-14.166344628778859,0.01578546278441708,0,1039,0
BB67EE48-B027-4D81-83A2-3809F056824F,4901,3,74.0,2,0.14894919404203225,86,6.404815343807386,64,53,1734.0,460.82147071395593,1025.763,-146.1375,201.34094830987564,0.0,749.2026199999999,-135.68261377877076,0.8408334900716556,0,1039,0
25A7D8AB-326A-4464-90E9-F1A74466E9A5,882,3,76.0,16,6.621315192743764,1133,468.8718820861678,59,191,60.0,4.89333899952668,24.281,-0.498,5.641317130740565,0.0,12.325,1.3872890868930732,0.009627533120224224,0,984,0
B34F4910-E39E-4D7A-8DB1-1F921964B5C5,4561,4,11.666666666666666,2,0.16005262003946505,70,5.601841701381276,401,190,226.0,36.93745009713736,163.4039,0.0,22.037209966779745,0.0,66.718672,18.45183082847992,-0.07959985202694038,0,1039,0
FBB8FC67-8C01-467D-A12B-01B71AC82D42,5904,2,622.0,7,0.43275745257452575,394,24.35806233062331,242,174,269.0,104.3645277338679,224.9494,0.0,21.174190093829704,0.0,128.78796,-5.715422911337029,0.04992667912238723,0,1039,1
125918EE-4CCE-4177-A086-BEEED0C2412B,12726,3,220.0,6,0.17208863743517208,425,12.189611818324689,53,169,259.0,115.72046637703052,385.3159,-152.0502,35.14242572554472,0.14340719786264342,158.4074,14.705694835315157,0.08869501467933084,0,1039,0
49D98260-F113-459B-BD5D-136417B81C53,2473,1,0.0,1,0.1475940153659523,8,1.1807521229276183,697,158,472.0,119.13912977504403,457.0977,0.0,20.275089758197016,0.0,144.364,-4.37980009294526,-0.2734362242493435,0,1039,0
B7C053D0-9734-48F1-B3A8-9114744DF765,6155,3,90.5,0,0.0,0,0.0,-1,141,1247.0,191.62489307820735,585.1356,0.0,95.17733323905664,0.0,328.13089999999994,-58.68261821220426,0.2400031585719851,0,1039,0
5E0193DC-45E4-4A39-A181-2527641BCA71,322,5,32.5,12,13.602484472049689,604,684.6583850931677,59,140,151.0,21.581018070879043,73.885,0.0,14.498268077762535,0.0,36.734,9.3536101698617,0.01612159937437855,0,446,0
98B781DF-4CCB-40B5-87E9-FA0B8D3C4B20,2736,4,83.33333333333333,10,1.33406432748538,1028,137.14181286549706,135,135,301.0,49.50878431027327,96.93604,0.0,12.18159924791792,0.0,65.53345,14.32692768972673,-0.10779691839877308,0,1039,0
41BEAA45-C12F-40F6-A19D-77FF8F50DC5D,1954,1,0.0,0,0.0,0,0.0,-1,133,265.0,59.72120642653959,174.7969,-3.227356,25.076307461894476,0.0,89.99324199999998,-11.300302735953167,-0.05626677786974547,0,1039,0
B730A01E-E8E9-4C5B-BD25-C42FD456A1E5,152,2,7.0,0,0.0,0,0.0,-1,124,803.0,68.3958200596029,810.0,0.0,62.40667887228479,4.802631578947368,144.74466000000004,59.27150696586004,0.031418471162868895,0,263,1
7FBD9408-D2B6-41D7-8358-F38BB3ACA907,2812,2,309.0,0,0.0,0,0.0,-1,118,151.0,18.11725820125563,72.27811,-2.599853,3.7359968000151165,0.0,22.83988,2.403769415719676,0.03204756208983715,0,1039,0
B2E793B5-BA4A-4229-BCF3-2023FC784814,3626,2,1.0,2,0.2013237727523442,283,28.487313844456704,546,106,602.0,152.5893569420576,405.4499,0.0,30.319358044414972,0.0,191.86002,19.257918126615237,0.10587030385708192,0,1039,0
2B187E80-8A1A-4948-8BD0-A7153C49F0CB,1029,2,0.0,0,0.0,0,0.0,-1,106,250.0,27.253017209033043,94.83833,-6.040794,9.432958855033545,0.0,39.15073,-3.2149652441410694,-0.013899817714087707,0,1039,0
8EF84F38-2FDA-4126-939B-EB8D49676A85,6020,2,364.0,2,0.1212624584717608,111,6.730066445182724,470,101,400.0,129.97227205857442,278.1186,-58.86918,35.53836795399916,0.0,174.4699,-14.357132845611446,-0.045701904998672736,0,1039,0
74F518BC-6301-4C64-A447-7F5D7D314F82,2323,2,1.0,8,1.2569952647438658,526,82.64743865690917,214,99,452.0,193.14812397578427,346.9695,-36.44,39.792613559292846,0.0,245.70466,16.417974781931775,-0.1509354528510417,0,1039,0
B3A5AEE1-A2D9-40D9-B866-178D0D703D27,475,4,30.333333333333332,0,0.0,0,0.0,-1,95,417.0,64.93616928906509,282.0468,0.0,60.936225405656245,0.0,169.76555000000002,3.566482167879343,0.12519069314301126,0,544,1
BD647A47-459B-4481-92BC-9F34D9044F0F,3977,1,0.0,0,0.0,0,0.0,-1,93,831.0,174.24871547116268,357.0,0.0,78.40387196660271,0.0,258.0,16.155914085164483,0.3116615909135456,0,1039,0
E1C5CFB5-EFDF-4355-AF99-B7199F65F0AD,4789,3,326.5,0,0.0,0,0.0,-1,78,554.0,211.8686582288648,520.58,0.0,41.64203278096478,0.0,267.7,2.8302075118759262,0.2557968690691477,0,1039,0
CF125889-D248-461C-837E-0415B1E65984,2983,3,367.5,1,0.12236004022795843,7,0.856520281595709,773,37,250.0,65.4974404042488,152.0,-1.470137,19.3881181473758,0.0,92.0,-8.082008305483377,0.005761456604098997,0,1039,0
E647C5AD-F118-4F53-B710-2FC7C9BC8096,12726,1,0.0,0,0.0,0,0.0,-1,71,282.0,32.62328806550563,123.0,0.0,11.561468377528444,0.0,45.0,-2.8057726334068676,-0.09104307573412088,0,1039,0
3713DA25-75F6-46FF-BCB7-9797A7F289C6,2843,3,0.5,1,0.12838550826591627,7,0.898698557861414,981,67,887.0,67.17642396617963,206.4528,-88.0,27.195884345094882,0.0,104.69456,-22.332471254991354,-0.12814521850078883,0,1039,0
67D91F7D-F058-4F09-85E7-9BFD07230C81,4088,2,812.0,4,0.35714285714285715,375,33.48214285714286,55,50,158.0,61.82791313510746,107.5,-27.07218,13.747392652457263,0.0,80.0,1.7081593957567378,0.006507862196006292,0,1039,0
20641858-E610-4DD7-A517-032F5CF38EC3,5239,3,1.5,7,0.48768849016987975,127,8.848062607367819,159,45,251.0,52.116721150553666,118.2549,0.008972168,23.53040899782124,0.0,83.5575,0.3513471789910909,-0.04008346636400173,0,1039,0
999B1355-80ED-477C-B0DB-57F491662D00,3016,4,148.33333333333334,5,0.6051061007957559,482,58.33222811671087,26,48,1246.0,287.47030075626907,827.0507,-10.67349,156.45613747035893,0.0,511.59376,-21.842439242395585,0.3054230011440444,0,1039,0
CB2189DE-A08B-4576-B7CD-5F712979C65C,2155,2,438.0,2,0.33874709976798145,67,11.348027842227378,159,43,603.0,210.09023647493086,381.4936,0.0,34.66409203242507,0.0,251.7045,-37.55836114699878,-0.44514896083954625,0,1039,0
3F112FC8-560C-4F3B-88D4-6D4AD1717952,3640,2,321.0,2,0.20054945054945053,42,4.211538461538461,233,22,904.0,131.46434533984353,409.9875,-3.17,60.71189271382742,0.0,216.9934,4.821002149354001,-0.13515545120581837,0,1039,0
C0961F9E-19D6-4D8E-AECE-8E15D1E4D786,12726,2,67.0,3,0.08604431871758604,61939,1776.499685682854,185,14,726.0,229.29160320466914,611.9,0.0,87.33237701684524,0.0,335.11,-27.713685766397532,0.11763637200275283,0,1039,0
770C8A25-EB48-4D4C-88EF-91A1E00D3A27,12726,2,54.0,4,0.11472575829011472,219,6.281235266383781,396,11,261.0,49.261999513730956,542.9186,0.0,11.659080236039204,0.14340719786264342,63.911871999999995,5.019807163738186,0.008267957015960148,0,1039,0
AA0510DC-5FB2-440A-B2E6-1959058E011B,2165,3,250.5,1,0.16859122401847573,8,1.3487297921478059,723,8,151.0,34.59345820704077,87.15195,0.0,7.924496726651371,0.0,43.673854000000006,4.527746472420652,0.029916785891511956,0,1039,0
3690E5CA-2090-4DA5-A805-327DE86B80CA,4446,2,0.0,6,0.4925775978407558,841,69.0429599640126,63,1,142.0,17.461885081636062,70.505,0.0,3.5495449960292538,0.0,21.59451,-0.1791622479169277,0.014033555662148723,0,1039,0
01F7288F-0F48-4BC6-A531-FA1A7629A20A,3689,2,14.0,1,0.09894280292762267,108,10.685822716183248,105,87,831.0,113.09500784530108,412.4885,-2.475639,58.806292321325884,0.0,181.18464,-40.654086742731636,-0.6804433746182216,0,1039,0
3EB5027B-DB08-4931-8549-C2DAAF253F64,12726,3,236.5,2,0.05736287914505736,162,4.646393210749647,214,22,751.0,139.24731005475311,416.0889,-0.3444895,59.66424544534449,0.0,224.4141,3.5993267770369926,-0.11819076398906876,0,1039,0
803A4BE4-7A83-4CC2-B52F-2328EDDD7381,152,1,0.0,0,0.0,0,0.0,-1,132,803.0,67.99254949038517,805.0,0.0,61.731602605764124,4.802631578947368,143.53148000000002,58.54068473106544,0.029924405576356703,0,263,0
63EFD9D9-EEBA-49B7-9A49-02D344868BE3,-7,0,0.0,0,0.0,0,0.0,-1,0,1039.0,0.20702982306053191,201.6037,0.0,6.135451891241178,0.0,0.0,0.0,0.0013351374891156756,0,89,0
4F727414-F7E6-4B01-869D-C6717BCED803,4345,1,0.0,5,0.42002301495972383,270,22.68124280782509,311,709,452.0,167.24561085538224,354.092,-0.4808291,60.78082941874124,0.0,248.29166,-63.967121229610626,-0.046563064331890794,0,1039,0
FD954650-C53A-46A6-BFD1-D91E4B9651E9,12726,0,0.0,1,0.02868143957252868,12,0.34417727487034416,42,0,489.0,104.32971990167796,186.0,0.0,23.991879938197705,0.0,135.0,15.189801703260315,-0.10879972607512872,0,1039,0
8A0188AC-39B0-4F80-9F94-B06A743028BB,4391,3,98.5,1,0.08312457299020724,15,1.2468685948531086,754,122,451.0,129.60102189861396,278.9171,0.0,35.65246650417645,0.0,174.17578,-14.655786096144823,-0.05128388090104627,0,1039,0
9809289C-CDFF-429C-AF50-CDE2FD3210F2,9402,5,238.0,4,0.15528610933843864,159,6.172622846202936,163,14,266.0,116.78574223148848,233.0409,0.0,32.079001426743574,0.0,145.56124,-22.66644504630331,-0.9168308737785522,0,1039,0
A84C30F4-9736-4403-AA25-3BED51DC5A2B,8225,1,0.0,1,0.04437689969604863,185,8.209726443768997,313,103,375.0,122.36057915626441,230.78,-18.7,33.21643791651175,0.0,157.65,-37.04128054515331,1.2768260467684358,0,1039,0
C13CA763-0AA5-493F-BB21-60C6094CEAC1,12726,3,346.0,1,0.02868143957252868,118,3.3844098695583846,869,330,326.0,101.61346695654919,264.1347,0.0,52.61902458132413,0.0,152.7344,-54.905551354543014,-0.01433691049105327,0,1039,0
E5881D0A-9BDC-49AC-A85E-FF64CD676A2F,2804,3,291.5,0,0.0,0,0.0,-1,431,452.0,69.97228548120235,262.1021,0.0,40.685235580294496,0.0,126.51648,-6.162097205739386,-0.30177203302484135,0,1039,0
D8094B5F-F4A1-4926-8E0B-288E2BADD0DD,3869,5,145.5,4,0.37735849056603776,352,33.20754716981132,214,430,452.0,28.037350287926,171.2718,-3.533,21.392403362608047,0.0,55.23582399999999,14.304703168401158,-0.029367946326863504,0,1039,0
21DB4D85-15F5-41AC-932D-D07DA4E0A08E,5986,4,149.66666666666666,2,0.12195121951219513,14,0.853658536585366,135,552,489.0,122.21890854310708,388.0,-307.6875,36.935341290102635,0.0,170.0,-1.5510073085391696,0.3656920378829498,0,1039,0
CD2CC60C-A7FC-4B36-917D-175D718DDD25,12726,5,242.5,5,0.14340719786264342,220,6.30991670595631,534,25,739.0,271.56519538508905,585.0,0.0,91.91250489990621,0.0,393.0,-115.64235587891622,-0.2777969845387155,0,1039,0
5F483BB0-26D4-4780-B11A-39CEC912ABA2,12726,1,0.0,5,0.14340719786264342,1036,29.713971397139716,220,940,264.0,111.49539448580052,707.68,0.0,23.085976125603054,0.14340719786264342,141.49098,0.1330304555575168,-0.1412019772766858,0,1039,0
E3D46CDE-05B2-4898-8487-DF6FECFD428C,5065,3,432.0,1,0.07206317867719644,48,3.4590325765054293,992,71,452.0,126.5118026129967,291.0,-13.8214,37.15142778271305,0.0,174.0,12.042595535151449,0.3255118944724473,0,1039,0
8E608B9D-7222-4821-B0AA-9FD27A832275,6893,1,0.0,0,0.0,0,0.0,-1,917,600.0,183.17934886571578,474.6093,-11.4,50.59141343317471,0.0,251.4648,0.1668484483274426,0.14450625163411351,0,1039,0
D39AC5D9-A1B3-41E7-8AE8-2D9B3351878B,8970,1,0.0,1,0.040691192865105905,73,2.970457079152731,294,916,271.0,21.999214696072467,159.9827,0.0,11.004886679834723,0.0,37.11866399999999,-2.054941718834815,-0.010189523141937159,0,1039,0
2913AA43-DAB3-4727-97D2-C38B86F71128,1055,2,12.0,5,1.7298578199052133,136,47.0521327014218,604,889,624.0,26.741546741049618,473.1488,0.0,29.307908028928463,0.0,68.0,24.619874223456556,0.19886224006960657,0,1039,0
C505FE32-41AA-4382-8989-6883FD0BA9F6,3632,1,0.0,1,0.10049559471365639,5,0.5024779735682819,764,895,1039.0,227.62187260496498,470.1715,0.0,42.06103445121038,0.0,281.94624,-18.05722736576743,0.10316356630084902,0,1039,0
8C4FBEC2-F1A5-4336-883A-E15C18D81F97,1366,1,0.0,1,0.26720351390922403,375,100.20131771595901,811,891,624.0,107.58170922486896,264.0076,0.0,62.997627801759634,0.0,198.3337,-60.48821542494612,-0.6750447491590349,0,1039,0
8BB51D34-33B4-430E-B693-6CCC2F22F5B9,1096,2,227.0,3,0.9990875912408759,452,150.52919708029196,811,659,602.0,17.77713161605547,138.0,-4.628,18.70536175461867,0.0,45.0,-13.710233467907322,0.014407642918875608,0,1039,0
5B838E1C-3993-4E59-A9EC-FF210637E797,905,1,0.0,0,0.0,0,0.0,-1,868,482.0,90.17983921602469,252.4308,0.0,67.31503002087274,0.0,190.02168,-50.8460935337716,-0.06980465159134473,0,1039,0
7EBA0E3D-E744-4672-BD7B-86F0F3BF8B56,12726,1,0.0,1,0.02868143957252868,58,1.6635234952066635,169,867,452.0,104.77752410529627,232.0,0.0,30.338953860072724,0.0,145.0,-6.108388302827123,0.18002702665615308,0,1039,0
7EE4A26C-1EB5-4987-A73A-90C17F51FB24,5286,3,344.5,1,0.06905032160423762,69,4.764472190692395,847,154,768.0,87.89897694211116,259.3,0.0,29.338176616585887,0.0,130.2,17.197890341839468,-0.2692362683094191,0,1039,0
94B0146D-48B4-491F-933B-B7D9DF0E074E,3566,2,0.0,0,0.0,0,0.0,-1,824,452.0,41.22379261290301,188.7297,-1.55999,30.365388806867326,0.0,83.32592599999998,10.42565754936551,-0.20370095436771107,0,1039,0
3748EB92-5990-48E4-B964-9F2F1ECE202A,12726,3,51.0,1,0.02868143957252868,337,9.665645135942166,811,719,269.0,40.16755775543248,515.1967,-1.818,51.510516829778055,0.14340719786264342,114.8,-39.58334479246952,0.0015103144878420897,0,1039,0
0929FEE4-99CA-4E47-9961-7725857D46B1,944,2,256.0,26,10.052966101694915,24387,9429.295550847457,33,563,301.0,48.808880354969986,138.3514,0.0,27.13178825970626,0.0,79.6299,23.43193013499915,0.12728490461035866,0,1039,1
A2377B8D-B5A5-4125-8875-F7B199E6A415,2990,1,0.0,1,0.12207357859531773,5,0.6103678929765887,480,820,451.0,60.69200773725462,238.4,0.0,61.981935733934115,0.0,170.0,-43.897563292810176,0.02477637842804861,0,1039,0
BA7B92C9-C317-4FDE-98AB-7CA26DEF0FB2,6255,1,0.0,0,0.0,0,0.0,-1,806,312.0,55.570542210603286,129.0,0.0,19.987345946632693,0.0,82.0,-20.155881716776122,-0.038483260393409206,0,1039,0
6085C67E-1F01-449C-B43B-43ED266AB867,12726,5,193.0,2,0.05736287914505736,356,10.210592487820211,58,32,314.0,34.27141576612207,109.1,-32.26303,19.58161590759515,0.0,59.8,-0.12268891427021344,-0.050824101512336496,0,1039,0
8ABC2B43-ED95-4E5B-9E70-40FFCFC10E0B,8867,1,0.0,1,0.04116386602007443,1801,74.13612270215405,271,771,314.0,48.744156538180945,237.111,0.0,27.92183215352636,0.0,88.0,-10.184665797440204,-2.829567440162448e-05,0,1039,1
33C64837-862E-4D62-8B39-E659102BE80F,3046,2,758.0,1,0.11982928430728824,4,0.479317137229153,74,8,250.0,66.07315922279412,222.0,-18.8,19.07290764265665,0.0,92.0,-3.0447641610657215,-0.10542682452801558,0,1039,0
CDE3BF80-45A8-4454-A382-5832C64A3A3B,12726,6,150.8,2,0.05736287914505736,28,0.8030803080308031,458,0,188.0,19.493031313726934,90.0,-15.67459,14.22928081508937,0.0,40.0,-7.9628615606405155,0.0009311277569595419,0,1039,0
50407294-CFB1-4B51-9BAC-CA1E4E222106,1901,2,1.0,1,0.19200420831141507,235,45.12098895318254,811,701,602.0,51.313612472813006,205.364,-2.102661,11.235678134752911,0.0,62.623543999999995,2.798506652958608,0.09631328868957005,0,1039,0
FF43581C-077D-46BB-8122-361C7B35518C,1234,2,587.0,1,0.29578606158833065,2,0.5915721231766613,239,112,452.0,100.76594114230927,174.8959,-9.599999,19.559051253604697,0.0,129.60183999999998,-13.611179570550021,0.10071124538058054,0,1039,0
C8D30CC8-EE14-4099-A3EA-204972D0D165,1677,4,109.33333333333333,4,0.8706022659511031,442,96.2015503875969,693,361,831.0,238.51301843862737,20482050.0,0.0,52989.01288163949,0.21765056648777578,125.60137999999999,-148.23356365930638,0.11507091405309185,1,1039,0
13510E1A-9690-4369-9442-4DA1C4ADBEEB,5803,1,0.0,0,0.0,0,0.0,-1,686,209.0,53.42979534760753,113.21,0.0,13.18827457103478,0.0,71.55,0.718585053627038,0.06417855713777619,0,1039,0
7A0D8C02-A584-4215-9DBC-2D8329900CC6,12726,6,131.4,3,0.08604431871758604,59,1.6922049347791923,211,77,789.0,168.23061954946408,584.03,0.0,98.26238200255436,0.0,293.34,1.5013356974494627,0.14218564363211478,0,1039,1
9DA0A802-E704-4C2F-AC5C-FBA1233EAD9A,9273,3,305.5,1,0.03936158740429203,846,33.299902944031054,219,41,820.0,228.293774587603,946.0,0.0,83.46165419489719,0.03936158740429203,323.0,-71.1159196493314,-5.253309907945144,0,1039,0
C8DCBAAC-E4EA-4EE4-8FD3-2B32C4D6C764,4638,5,90.0,2,0.15739542906425183,23,1.810047434238896,366,285,150.0,45.723814110449986,101.558,0.0,15.55100869334766,0.0,65.2732,3.118791445105572,-0.018827147247307646,0,1039,0
E46BEB47-635B-4F8C-B788-9549B07FB1BD,2935,7,69.5,7,0.8705281090289607,533,66.28449744463373,268,227,450.0,102.99118796977385,363.6,-19.8818,49.44249532279185,0.0,166.59399999999994,-3.8129927537244583,0.033924516858411906,0,1039,0
8361C020-2620-4529-B0A0-03C216F6FA9E,3475,3,283.5,1,0.10503597122302159,198,20.797122302158275,682,79,831.0,169.9740936190339,345.3226,0.0,75.28344811673276,0.0,251.7962,12.34068902394452,0.4135745228770842,0,1039,0
78B3EBC8-F56B-4BB3-A5F7-2706B151DA0D,3605,1,0.0,1,0.10124826629680998,15,1.5187239944521498,344,603,451.0,163.3432590317086,408.9703,0.0,89.0644883868373,0.0,281.27295999999996,36.16217730455682,0.0280164185852044,0,1039,0
307666EB-D13B-45F5-AE71-0625CA7FFA8D,12726,5,88.75,3,0.08604431871758604,322,9.235423542354235,340,260,301.0,50.05643912312007,252.7,0.0,17.865740638098988,0.0,73.7,1.9387074821268442,-0.046446057589925226,0,1039,0
C2BB26A4-687B-4185-8F3F-1387DB51C500,4417,1,0.0,0,0.0,0,0.0,-1,568,538.0,87.04379163961528,213.0,0.0,25.95694029879193,0.0,120.0,-6.540165096405403,-0.011460205420957362,0,1039,0
37269223-9280-4724-8C43-59E4154D0EB4,3841,2,197.0,3,0.28508200989325694,67,6.366831554282738,366,542,150.0,45.434211509092606,100.6699,0.0,15.235365142218004,0.0,64.698546,2.953422367913568,-0.01929355732182472,0,1039,0
3AF39594-F1F2-41DD-8019-F6DC70309A84,2142,2,1.0,3,0.5112044817927172,350,59.640522875817,630,533,831.0,180.2791731187896,449.3375,0.0,68.35441329736477,0.0,271.70344,-24.93852446909824,-0.24799227152317274,0,1039,0
26245C96-2CD6-40BA-8241-3769DFA5D8BD,687,1,0.0,1,0.5312954876273653,4,2.1251819505094613,77,508,602.5,60.39136977097525,273.6766,-124.1082,60.727990971400075,0.0,154.29747999999998,121.40346887717291,-0.1378229332143882,0,1039,0
BEDECAEF-22CF-4F6B-A9D9-03809C319826,644,4,179.0,7,3.9673913043478257,960,544.0993788819876,13,14,452.0,97.79183251647676,299.0,-0.2568916,48.86371268847696,0.0,143.0,26.95863068105409,0.1803438208979823,0,775,0
1EAE67FA-5497-4F17-BD60-E50D2108D271,3452,4,129.33333333333334,0,0.0,0,0.0,-1,501,452.0,46.3437737187682,166.0,-22.6,13.795699346744536,0.0,64.0,9.550670725676248,-0.0356383732788787,0,1039,0
47385182-ECF8-458B-B139-DD5CC20E28E6,8811,3,10.0,3,0.12427647259107934,203,8.409374645329702,57,494,271.0,80.4443346607321,255.6026,0.0,42.0705784508858,0.0,136.93426,25.73688267815679,0.35350530636615624,0,1039,0
E7E3043D-F19C-4229-92BD-9AAE6F2042B6,8363,2,1.0,3,0.1309338754035633,303,13.224321415759894,14,463,301.0,57.30958892788825,240.4425,0.0,23.388010536147526,0.0,87.2,-4.862335837301835,0.05056653078827394,0,1039,0
6A97A554-D7C2-4618-A10A-D667E7BD57BA,3808,4,46.666666666666664,3,0.2875525210084034,624,59.8109243697479,320,315,371.0,68.56764026775855,150.0,-2.972473,28.099721712240772,0.0,105.0,3.6582856581673724,-0.14745304632952738,0,1039,0
552C4C96-F16B-47E5-9B2D-3230736F71DF,2346,2,0.0,0,0.0,0,0.0,-1,453,452.0,109.26351763973577,281.0,-13.6,42.387927230266065,0.0,164.0,-8.93149603479749,0.0543834286810913,0,1039,0
D67E77B7-40F0-4C8E-A09B-FD42FCDD03F1,1692,3,121.5,3,0.6471631205673759,383,82.62115839243499,811,449,831.0,27.339912070578354,86.12652,0.0778044,15.478024479373532,0.0,50.165216,11.759071471782757,0.16391130970561404,0,1039,0
5583101A-4AF5-483C-B8D1-A32F4E33B8D5,12726,3,99.0,3,0.08604431871758604,241,6.912226936979413,450,242,269.0,53.28390852532345,143.9,0.0,21.89588463564325,0.0,77.4,32.724532832701236,0.04128287442886021,0,1039,0
FAF71C56-C66C-4B45-A802-D78BB4F6E1EB,12726,1,0.0,1,0.02868143957252868,214,6.137828068521138,811,437,264.0,73.22244819256126,156.0,-496.0,18.251065976950184,0.0,97.5,4.761174492623923,0.12176370368076923,0,1039,1
32C858E9-875B-43D7-992D-62985F5ADA2F,4086,2,0.0,0,0.0,0,0.0,-1,421,301.0,27.947435508463457,101.1027,-34.14572,14.095092781834303,0.0,47.09408199999999,-3.2779796189572856,0.08033140242014553,0,1039,0
CD150240-E82B-43BB-80F7-CB70234FFF5F,5104,3,129.0,0,0.0,0,0.0,-1,225,188.0,24.774376086060226,98.0,0.0,9.921774116244116,0.0,38.0,-4.471058184825658,-0.0293638789425514,0,1039,0
95BA4402-942E-49AD-8E3B-7C16BF60F656,12726,5,115.0,6,0.17208863743517208,1253,35.93784378437844,157,50,225.999,29.956799029831267,111.5699,0.0,34.00752809821816,0.0,74.491268,34.090615467853915,-0.17400040207702855,0,1039,0
97C338DC-7669-4BA4-8B57-DF87ED9B047E,2938,2,0.0,1,0.12423417290673928,307,38.13989108236896,811,388,602.0,79.62566605932119,239.6476,0.03456794,40.868978679408436,0.0,146.8472,45.352008306419535,0.17311252855279324,0,1039,0
0EC04EA5-F77E-4D6D-8583-EE00C9E5B9D0,2794,2,0.0,0,0.0,0,0.0,-1,379,748.0,94.36498498253094,405.0395,0.0,36.82309542160859,0.0,139.75455999999997,32.628594914073986,0.1310354522082048,0,1039,1
EE6A50AE-34AB-4577-A6B8-DE0A643921BD,5088,2,90.0,0,0.0,0,0.0,-1,379,188.0,18.79280062485024,100.0,0.0,9.062664696475343,0.0,32.0,-3.852445686578635,-0.17508122859248718,0,1039,0
DB233991-1F7F-4264-B67A-2B8477FECCE1,12726,3,156.0,0,0.0,0,0.0,-1,52,266.0,120.119510062313,258.9601,-31.4528,62.09320238234581,0.0,186.0,25.153360996328956,-0.6448933638493871,0,1039,0
5F90C0FB-7BDD-44DB-A6D2-AF1B38DFFC84,12726,1,0.0,4,0.11472575829011472,14,0.40154015401540155,91,344,488.0,57.612737670335406,203.3936,-37.1265,58.34676931880537,0.0,160.5469,-41.03809269269652,-0.0003271098180433135,0,1039,0
8E086990-00A0-45D9-A1AC-9A79E3A11D21,386,3,56.5,1,0.9455958549222797,34,32.15025906735751,347,211,1246.0,239.4499939929922,1003.679,0.0,196.0479620691243,0.0,537.51818,123.03410708108188,0.2373178227944279,0,439,0
2F6DA7D1-915A-4335-B0EF-1B35C34A0E1F,2392,2,61.0,0,0.0,0,0.0,-1,233,301.0,48.763216689947605,108.6,-6.236812,12.421885793542003,0.0,66.3,-3.5061063320000727,0.050847548792846205,0,1039,0
41E5118C-A42B-4BDE-AB32-9C3566EDAA39,12726,5,43.5,0,0.0,0,0.0,-1,287,432.0,115.94006967076507,211.23,0.0,23.5645022643313,0.0,145.64,-2.904964732493468,-0.6363113850362425,0,1039,0
1F9A92EA-F9E2-498F-AAD3-AD6DBB1E865E,5622,2,1.0,1,0.06492351476342939,27,1.7529348986125934,886,284,131.0,28.43542203511214,232.6,0.0,17.696957606179517,0.06492351476342939,49.5,0.40589740933230445,-0.05940882619256506,0,1039,0
857F915F-1C2B-47F1-A172-492B94761B5B,400,3,79.0,0,0.0,0,0.0,-1,240,603.0,79.22932674674864,314.9013,-14.18723,86.14315379888755,0.0,202.66908,87.06995394692417,0.048360466876751586,0,775,0
F6E0DA25-85FB-4E53-BC0D-EE9B432BC47F,368,3,35.5,0,0.0,0,0.0,-1,189,887.0,79.58718307838467,235.3271,0.0,50.30129235824311,0.0,148.59084,-8.136600496285894,-0.11263398688299738,0,418,0
D4F6F205-A6A6-4F9D-8BCA-2F2E629CAB34,3097,3,360.0,2,0.23571197933484014,46,5.421375524701324,33,254,451.0,105.0273104188482,275.1525,-28.45106,61.064902318336244,0.0,192.34661999999997,-8.722768319696968,-0.12356380653388474,0,1039,0
42D1D8CB-80FB-4477-992F-5B36682F7037,3195,4,123.0,1,0.11424100156494522,6,0.6854460093896714,240,240,1040.0,162.38271955870874,531.1835,-1.288677,77.93694328840145,0.0,269.48217999999997,-56.79535192360072,-0.28262064286634625,0,1039,0
E4EFA749-DE05-4CE0-B294-FACEAF47AD4B,2710,4,242.0,2,0.26937269372693723,86,11.583025830258302,393,219,361.0,70.76252322392524,225.7917,-31.30568,33.61711307306348,0.0,115.0707,3.4951504697475997,0.1758518937002349,0,1039,0
ABFFDC0D-9FB7-4D3B-BD20-B94AB1BC7402,2654,1,0.0,1,0.1375282592313489,203,27.91823662396383,811,218,301.0,87.98873193294826,1047.416,0.0,17.998923105273313,0.1375282592313489,113.46246,-2.1351229375778757,0.07414468739388264,0,1039,0
C23B93D1-6D8D-440E-911A-D6D9192CC4D2,4487,3,249.5,2,0.1626922219745933,24,1.9523066636951194,214,214,803.0,90.35291261995756,284.79,0.0,50.7703437125164,0.0,163.13,15.58909586769677,0.06868736709597513,0,1039,0
4F62C8AA-4BDA-4961-B66F-9BFCA812D0F7,869,1,0.0,0,0.0,0,0.0,-1,207,250.0,23.081233292877844,82.53806,0.0,13.21076795526525,0.0,38.572402,0.12194709608820276,0.011969145204747239,0,1039,0
3851D4EC-7685-4C83-A34B-CDA4C8243E2D,7187,3,93.5,0,0.0,0,0.0,-1,19,798.0,116.74231106423896,380.9532,0.0,64.00184014815919,0.0,208.45832,-45.809698436038346,-0.11321043736518836,0,1039,0
98A71AE0-3C28-4381-A1BF-3523AFCFD83D,5703,1,0.0,6,0.3840084166228301,411,26.304576538663863,141,204,391.0,148.04116846146363,283.3233,0.0,44.64049732286967,0.0,215.64672,-21.144537244642635,0.21333848515523296,0,1039,0
8F9C870E-251F-4857-81C1-D587DEF9AE60,1163,3,93.5,2,0.6276870163370593,135,42.368873602751506,191,4,452.0,105.32838266327748,240.1837,-0.3500977,29.64598635646483,0.0,146.43682,-12.612142406333035,-0.1676797745590275,0,1039,0
06B483A0-1832-4A94-BA54-4BA71368635F,367,1,0.0,0,0.0,0,0.0,-1,192,678.0,30.812183389975022,124.4909,0.0,16.243253073219204,0.0,50.50769,4.570964998913869,-0.08251104566182425,0,418,0
E49AEB5A-C1B2-4A2F-9519-C650809EBE04,4334,2,558.0,2,0.16843562528841716,327,27.539224734656205,95,185,126.0,51.57105733303275,125.6862,0.006354059,22.684076218231898,0.0,78.77789,13.221730320879296,0.2864382841601634,0,1039,0
000D19AE-90F4-4E04-AE7D-E5CF952562D1,12726,2,0.0,2,0.05736287914505736,7,0.20077007700770078,803,183,156.0,31.486363167585925,61.54682,0.0,9.403952762747153,0.0,43.96342799999999,-0.33174491141308593,0.005460546104199153,0,1039,0
EF58576A-4576-43DD-887F-CC0B3A5E04FD,4418,2,1.0,8,0.6609325486645541,116,9.583521955636034,81,176,301.0,43.354117180599694,101.9544,0.0,13.2175823593401,0.0,60.379354,-0.0767311847663592,0.10581390069643665,0,1039,0
FE858CB0-C9EA-45C7-AE2C-E2BFBE6BB351,2473,1,0.0,0,0.0,0,0.0,-1,159,472.0,119.99118314175372,457.1287,0.0,20.43550126228751,0.0,145.43848,-4.519850250550007,-0.2761063066206258,0,1039,0
50B4237B-C3AC-48AE-8E9A-D392D1A2B753,8492,7,107.0,5,0.21490814884597267,248,10.659444182760245,215,90,251.0,93.20204948014484,186.9,-36.933,22.93114995702887,0.0,121.3,5.077171198867518,0.15294058365678423,0,1039,0
D8706D99-4904-41E9-9C7E-17063B75A4E5,12726,3,153.5,5,0.14340719786264342,3072,88.1093823668081,811,148,171.0,18.91079243235993,86.30524,0.0,4.722209680093758,0.0,24.89805,2.927761526282044,0.06509192885791168,0,1039,0
1D499149-57AC-4248-B6E0-06E8AAB47AD4,6665,2,1.0,8,0.43810952738184544,575,31.489122280570143,490,134,271.0,87.86120501870728,156.9,-21.76611,25.64301579508423,0.0,118.5,-16.01944575944802,-0.14872475111246664,0,1039,1
BE12FD01-7810-404E-A4AC-D3C4E35D4411,12726,3,116.0,5,0.14340719786264342,148,4.244853056734245,355,123,199.0,61.87482682538301,239.5522,0.0,20.615892232816474,0.14340719786264342,88.0,-2.7652589241484407,0.2643784326368132,0,1039,0
662BF047-B6C0-4A85-8580-647D11D6390E,7907,6,111.8,5,0.2308081446819274,778,35.9137473125079,221,99,157.0,40.28561102737728,451.8761,-18.30736,10.522841531940054,0.877070949791324,52.819292,3.5313203693048223,0.06658422191893304,0,1039,0
45F6B4E0-1554-446A-8FC5-19241EF68471,2324,2,0.0,8,1.2564543889845095,797,125.17426850258175,214,92,452.0,194.7709296365632,326.8742,0.0,40.11441554747644,0.0,247.71,16.505969885041736,-0.1523288858022953,0,1039,0
16D976FF-3466-4459-A793-C8E92BE70270,7026,2,1.0,1,0.051949900370054085,28,1.4545972103615143,120,78,377.0,119.15529432087267,211.5007,0.0,20.78250139134959,0.0,147.40103999999997,0.48459052561112514,0.18561748586139068,0,1039,0
917651D5-EB52-470C-9071-6CC2D91D9F57,2239,3,0.5,0,0.0,0,0.0,-1,66,452.0,92.21908612046289,182.0,0.0,22.98718273773762,0.0,122.0,7.808305854845756,0.001984641450834753,0,1039,0
5FF4882C-FDA4-4E16-9B33-337133325796,2443,1,0.0,2,0.29881293491608674,525,78.43839541547277,578,65,1039.0,173.69615571257708,492.4461,0.0,110.53523524033906,0.0,328.71304000000003,37.12745494567912,-0.041486380802309555,0,1039,0
8855687A-DBD5-4C17-AA82-2D9C378569D9,3536,3,23.5,0,0.0,0,0.0,-1,2,630.0,161.3043756481196,531.78,0.3159409,37.42153538089925,0.0,209.958,-1.6482125235671106,0.10634518315546289,0,1039,1
06B0E02E-A74C-4F9F-945B-0397916C946A,4152,1,0.0,2,0.1758188824662813,1959,172.21459537572252,339,48,452.0,117.24651526901349,304.6803,0.0,82.33090503979673,0.0,231.837,28.395279416094553,-0.0012427451678659917,0,1039,0
B4F2A313-F31F-44D8-A8CB-AD58324CC2F6,5443,2,90.0,1,0.06705860738563292,38,2.548227080654051,141,21,490.0,143.57236597080458,702.0,0.0,47.19006760872211,0.06705860738563292,204.6079999999999,-6.653153125897177,-0.13602320965622494,0,1039,0
753CCF25-D9A0-46CF-99E4-DE76429A20A6,5295,7,45.833333333333336,6,0.4135977337110482,135,9.305949008498583,212,18,301.0,99.03022766176593,240.25,-31.86622,17.198600508861695,0.0,124.8465,15.081167219655669,-0.09068498855301849,0,1039,1
672B6ADA-B729-4284-A6B4-39D5B4F69203,39,2,1.0,0,0.0,0,0.0,-1,15,416.0,37.747127020756054,175.299,0.0,47.510819894480015,0.0,111.1227,0.0,1.3181982834462667,0,89,1
BF5709D0-85AF-4054-9BA6-4847386CD54A,1069,2,1.0,16,5.463049579045837,419566,143256.8662301216,115,6,451.0,64.94518066923973,354.92,0.0,50.88410190434335,0.0,134.775,-1.9140569416162734,0.08959142554344882,0,1039,0
09B55CF9-E0DB-4D5A-8A18-E83FD35C5802,1260,3,0.5,1,0.28968253968253965,11,3.1865079365079363,3,3,452.0,43.515141882414476,513.7,0.0,26.62607399773412,1.4484126984126984,81.85042999999999,-12.461396619220032,0.35742656362049424,0,1039,0
237221B0-4D26-443E-A990-4A458A0E1B0E,1625,1,0.0,2,0.44923076923076927,17,3.818461538461539,810,603,452.0,40.88382374470406,84.46326,-224.1681,11.086510419523856,0.0,55.74765,5.576631767641622,-0.09128990481911678,0,1039,0
C1D9855E-7BD2-4741-9672-99A92F1509BB,12726,2,95.0,1,0.02868143957252868,11,0.3154958352978155,443,354,301.0,111.50946278534472,218.77,-26.85544,30.374725157372005,0.0,148.21399999999994,5.446167615889848,-0.06297926755943847,0,1039,1
52BDF23D-D520-45A5-BAF7-3AE0588B443A,3647,0,0.0,2,0.200164518782561,699,69.95749931450507,371,0,312.0,39.4226936679339,112.2864,0.0,19.671736693544844,0.0,64.293182,18.096641065862393,0.13418371379120514,0,1039,0
EAB87D4F-8510-48D3-9851-A3E73A5F1D61,12726,3,49.0,1,0.02868143957252868,34,0.9751689454659752,443,475,269.0,104.68618754678164,211.27,0.0,25.1307145391502,0.0,137.61,3.11869748408256,-0.07148412298282532,0,1039,0
30B29AA4-275A-4F18-9FC0-A0EBB7060768,1013,2,71.0,0,0.0,0,0.0,-1,104,415.0,80.73751939526194,1024.0,0.0,48.12745317093945,1.8015794669299112,148.47562,18.630532548565228,-0.09501991211853804,0,1039,0
1CE56AEA-BF03-4F9A-95FC-818D504DE34A,2451,2,356.0,0,0.0,0,0.0,-1,625,602.0,190.07808227068836,351.7194,0.005063998,36.72087744058774,0.0,236.84784,-21.99202416112047,0.17024899349812794,0,1039,0
BF3AEF5D-C6F4-4B6E-AB23-E20259719D21,1989,4,206.0,2,0.36701860231271993,1683,308.8461538461538,530,333,1662.0,343.98772480539736,940.0,-23.0,121.053566525253,0.0,488.0,-5.824221718977583,-3.707742668276851,0,1039,0
7FD4D90D-20B0-48CB-BA23-936982304829,5038,4,288.6666666666667,0,0.0,0,0.0,-1,49,682.0,161.88121469507587,324.1945,0.08881455,37.89738749349463,0.0,211.8551,0.39696391667567354,0.15032208430982816,0,1039,1
5B3AB9AD-02B9-4E85-92E0-C124E60EB941,932,4,278.3333333333333,2,0.7832618025751072,79,30.938841201716738,68,67,302.0,48.42508609110076,205.927,-445.4993,34.10240472580313,0.0,96.228,25.702362211368374,0.2012100476509966,0,943,0
1ACDD6C6-89CD-4DE8-8308-D72D65051964,1411,2,322.0,3,0.776045357902197,516,133.4798015591779,77,568,151.0,8.186490388877361,26.34233,-2.454,5.577111133656206,0.0,15.993432,6.051734043452884,0.08340741554746248,0,1039,0
233D30A4-11C2-4F96-BAE3-0183124C3A60,925,2,196.0,1,0.3945945945945946,9,3.5513513513513515,757,694,452.0,113.21329324611622,241.0,0.0,40.96450494011706,0.0,167.0,-10.292074110313749,0.08701971665445007,0,933,0
91149E01-0E5E-4D04-96C3-98C024D00242,1611,1,0.0,1,0.22656734947237742,91,20.617628801986346,811,876,250.0,41.11017054567054,235.9262,-0.1003746,8.991209005846654,0.0,51.19566,0.4139275291751332,0.03505697343575392,0,1039,0
336DA11F-9E69-4F24-A98B-05D713991A6B,1048,1,0.0,0,0.0,0,0.0,-1,871,250.0,38.846756815376786,724.9043,-1.598337,18.42415941242104,0.34828244274809156,63.3224,1.4984335286818578,-0.021125520003139654,0,1039,0
0426A25C-3A1D-4759-AB6B-27D5F04588AC,889,3,101.0,3,1.2317210348706413,34,13.959505061867267,73,655,250.0,43.64418208562517,300.0,-2.883911,21.56752441375014,0.41057367829021374,66.0,3.7192438403007557,-0.041156658572435695,0,1039,0
B6EBB536-F394-4378-99FB-5EE0CD3D886A,12726,2,757.0,1,0.02868143957252868,707,20.27777777777778,932,76,472.0,143.4409289993976,265.1184,0.0,42.593743162441456,0.0,188.0676,-77.3459907308791,0.6208946480932348,0,1039,0
1D2EA738-97F5-413A-BA15-7C99BC5120C3,12726,3,144.5,4,0.11472575829011472,223,6.395961024673896,171,515,128.0,16.131472683341475,311.5034,0.0,6.364188411834745,0.14340719786264342,24.0,5.4510504648066735,0.0212921519803341,0,1039,0
9B56DC62-22B0-46D6-9480-9DD877B4CE56,12726,3,338.0,0,0.0,0,0.0,-1,115,452.0,1.752677613447161,214.4088,0.0,8.068988839531645,0.0,0.0,17.80413222469327,-0.4934435351670891,0,1039,0
8E599CFF-1A47-4F5D-8C3D-4D9DE9F29F6C,1413,1,0.0,1,0.25831564048124556,507,130.9660297239915,811,779,209.0,28.01852650736512,246.1852,0.0,7.642001552214314,1.291578202406228,38.382072,8.002298632295368,0.0574051416892713,0,1039,0
51C9901A-7D43-453E-AF50-3B8251DA3D54,875,1,0.0,0,0.0,0,0.0,-1,761,831.0,116.70009071394738,233.7652,0.0,28.472803431462175,0.0,152.5031,-24.495976156848613,-0.34028823344341674,0,866,0
F240884B-62D1-45A4-93F4-EDD499BEF2A2,923,2,668.0,1,0.39544962080173346,87,34.40411700975081,384,84,1663.0,511.85678413357607,1261.672,-4.021505,275.42977710337584,0.0,845.1102999999999,225.91074014832975,-0.4514917584703655,0,1039,0
19F215C0-9EEA-489E-94E9-E5C8410E8D75,854,1,0.0,0,0.0,0,0.0,-1,740,887.0,31.64282557140678,99.308,0.0,12.162754065458179,0.0,47.336,-2.831490077579616,-0.044530128319483754,0,866,1
A237E64F-3AAA-48A5-A4E6-A71866DDF30E,756,1,0.0,2,0.9656084656084657,28,13.518518518518519,698,736,661.0,154.27057269998835,478.5409,0.0,49.75043669902679,0.0,208.64015999999995,5.11822146822152,0.1646289310109963,0,775,0
88FBCAD3-5D91-4ACF-BEF1-4552774DC1B7,10,3,295.5,1,36.5,24,876.0,331,140,602.0,102.30550696158815,262.08,0.0,45.756590260353185,0.0,152.4,-80.32737728797704,1.2132492516034525,0,1039,0
E4F0D14F-8944-4C02-BC15-E8EC2E96B87F,1413,1,0.0,3,0.7749469214437367,622,160.67232837933474,811,723,1040.0,193.10634373784364,375.7616,0.0,31.975040911940123,0.0,233.95528,31.885997195798325,0.30546540482229284,0,1039,0
B9F60663-A5FA-4DFD-8B23-69C9C962CFBD,4054,1,0.0,1,0.09003453379378393,11,0.9903798717316231,23,706,451.0,52.598214653951956,865.83,0.0,29.353111332271784,0.09003453379378393,93.35938,17.88706976950482,-0.05699628643678177,0,1039,0
329ECA34-1A6C-404D-A263-A4FE82BE2DDA,1234,1,0.0,2,0.5915721231766613,74,21.888168557536467,142,698,452.0,100.23897349730065,173.6115,-5.0,19.337999183709663,0.0,128.6378,-13.432224748843865,0.10205758016413678,0,1039,0
30A862C5-7497-4067-8931-549953D91397,763,4,214.0,3,1.4351245085190039,192,91.84796854521625,134,51,452.0,134.1112192323296,543.8719,0.0,29.269429660419082,0.47837483617300125,163.6938,3.5256649675160645,0.06267371819152978,0,775,0
758E6981-F6AE-4472-A222-EF7502F0AF06,12726,4,189.33333333333334,3,0.08604431871758604,2259,64.7913719943423,356,120,281.0,80.60174788162536,180.65,-16.19285,25.224673977728482,0.0,110.45,12.574279124547488,0.18566062968440938,0,1039,0
9F783F39-6CA6-4323-87AC-FC4F7CA6184B,823,2,7.0,3,1.330498177399757,290,128.61482381530985,704,688,832.0,183.52164984284767,661.2498,-4.788715,144.71802041456024,0.0,390.1041,100.5835373045289,-0.6605370644144078,0,964,0
AFF3BDD3-24C5-4873-9A1F-5E095330A78F,3787,1,0.0,1,0.09638236070768418,28,2.698706099815157,235,670,630.0,167.98411386748947,302.0,0.0,33.51240261455779,0.0,211.0,-13.543758929217859,0.041422066281469154,0,1039,0
EABD1DC0-2B36-4163-8546-FDA15DE785C8,5361,3,0.5,2,0.13616862525648202,38,2.587203879873158,347,649,225.999,66.91813354290606,174.679,-189.028,15.022645687987996,0.0,84.81445,1.1905085581741872,-0.18648574021662986,0,1039,0
F2B54665-CE9B-4376-9E79-3189E65F7032,6570,2,0.0,0,0.0,0,0.0,-1,642,377.0,60.24542576015447,201.9065,0.0,27.642266276774738,0.0,97.712536,-27.086613061234715,-0.112757256932877,0,1039,0
49903CB2-EDF7-4F70-98B8-E9C744BCE113,12726,2,1.0,1,0.02868143957252868,3,0.08604431871758604,151,635,452.0,102.83732017910808,227.0,0.0,29.282411609544308,0.0,142.0,-6.00853931491055,0.176921190544703,0,1039,0
A7D4AA4D-5547-40F0-9CEE-A67E752A87A0,12726,2,244.0,1,0.02868143957252868,9,0.25813295615275816,754,380,313.0,49.82735347118944,175.5,0.0,17.705029038813276,0.0,73.3,2.0683641216346373,-0.046232302346764224,0,1039,0
DCE85A26-44E7-4A58-88F2-42C2F116CDFF,1366,1,0.0,0,0.0,0,0.0,-1,604,452.0,55.85373179901878,263.7538,0.0,29.898788905256247,0.0,95.09867999999999,4.245369704839241,0.32481063903758267,0,1039,0
13DF5815-4243-46F0-8103-8D9B28746CC4,3046,3,67.0,1,0.11982928430728824,7,0.8388049901510177,644,582,554.0,72.69724084574351,320.0,-26.9935,48.649332350707674,0.0,144.0,5.982234462898461,0.055436084930392864,0,1039,0
15E070C7-6367-4FE4-9C7E-EA228076BB92,2134,1,0.0,0,0.0,0,0.0,-1,574,0.0,127.1765111216611,1338.5,0.0,39.81888230242038,0.0,171.3957,11.541640166919137,0.04808721397118672,0,705,0
67DB43A7-C55F-4065-8527-A93E6160DE6B,2192,4,174.0,4,0.6660583941605839,61,10.157390510948904,121,15,188.0,38.21490228930399,142.0074,0.009983522,13.073079694199242,0.0,54.810278,-4.7979671099280665,-0.05450274003026416,0,1039,0
A68AACA3-3F7D-43AF-9946-EE67D1A379A2,3648,1,0.0,1,0.10005482456140351,198,19.810855263157894,811,522,301.0,90.2733769467294,162.0,-35.88287,21.579309524201186,0.0,120.0,-6.538191761544212,0.007817837593035913,0,1039,0
763B8726-F3DA-4386-A9DC-DD1ABFD5005B,1692,2,0.0,1,0.2157210401891253,353,76.14952718676123,811,512,831.0,27.101313272524045,136.8802,0.0,15.20621188129962,0.0,49.23225399999999,11.327456360346325,0.16495049464517045,0,1039,0
8DDC5086-1AC5-4E69-9E58-5B0798DF3901,3633,2,15.0,3,0.30140379851362514,148,14.869254060005506,444,501,301.0,81.2721280230975,256.2762,-3.605957,42.20884448838228,0.0,137.91702,25.511569962313573,0.3495276448770397,0,1039,0
A3CB7B3F-267E-40FA-BC84-02F007DABDD2,12726,3,78.5,0,0.0,0,0.0,-1,343,424.0,150.48211362252104,305.83,-122.23,42.01760052395338,0.0,206.69,-38.436102820051914,-0.1758803636023903,0,1039,0
AB491B85-112D-44AC-A2B8-8AC3F712907A,3712,1,0.0,3,0.294989224137931,203,19.9609375,745,457,831.0,221.05425559187896,721.7,0.0,143.647921975872,0.0,407.1,50.764502124170434,-0.6820668246654266,0,1039,0
135779A2-0D81-4211-ADD9-341969F51C72,8709,4,69.0,4,0.1676426685038466,985,41.28200711907222,390,437,432.0,107.87814595895776,309.34,0.0,22.840018848629857,0.0,138.85,6.428955892894095,0.04153798708563226,0,1039,0
7BA18F7B-A213-4052-9481-787037F7ECE4,12726,6,121.8,2,0.05736287914505736,327,9.378830740216879,450,118,269.0,53.35946216509935,189.4,0.0,22.29887857885627,0.0,78.1,-53.354693646580834,0.0002578850612558551,0,1039,0
E4ADD619-7565-47CB-86F1-6ACA2B1B7CC4,12726,7,31.0,4,0.11472575829011472,183,5.248703441772749,310,251,289.0,36.721287606671716,200.44,0.0,19.59879311893733,0.0,64.06,-4.714747483214921,0.04176607651604788,0,1039,0
82A393EE-D05A-402D-8465-3B3BE32802E7,7783,2,141.0,1,0.04689708338686882,187,8.76975459334447,561,421,678.0,116.25545164131464,406.3499,0.0,58.60011101520298,0.0,199.62126,42.503242771494,0.18116085841573284,0,1039,0
71631192-5D15-4D93-9FAB-AC9917F9BC53,4638,2,1.0,3,0.23609314359637773,65,5.1153514445881845,366,417,150.0,45.63774626088469,99.9804,0.0,15.484559007144798,0.0,65.076,3.078703029238774,-0.019285049068749505,0,1039,0
213BC80D-6102-4D6D-8B7A-6B9D2B84DE55,651,1,0.0,3,1.6820276497695854,144,80.7373271889401,38,418,452.0,77.41702935854597,225.9679,0.0,50.42471969771717,0.0,144.23338,26.599680235821324,-0.22188334373247598,0,775,0
5DF86EBE-48A5-457C-8F61-0851605E4394,8681,2,238.0,4,0.1681833890104827,55,2.3125215988941368,173,174,314.0,64.83503881846231,160.0,0.0,22.00178434532288,0.0,95.0,-11.890980176486998,-0.17643610550919675,0,1039,1
E2BF7BB2-56C6-46BA-AF3A-50184DECF8B7,3424,2,272.0,4,0.42640186915887845,488,52.021028037383175,498,128,100.0,38.01348846809053,70.01427,-0.22,8.544097961589692,0.0,49.2452,6.278024912310698,0.04480927008531555,0,1039,0
DFA17F76-9611-49C6-8262-CC3BE7A37BF1,3830,2,7.0,2,0.1906005221932115,162,15.43864229765013,639,399,831.0,115.32642718065419,246.3542,0.0,33.37022622522122,0.0,157.80088,-9.38125663744431,0.1594431741572075,0,1039,0
8F662221-D026-4BB2-8615-77455C45AD9F,463,2,256.0,0,0.0,0,0.0,-1,116,452.0,18.01342794406554,136.49,-11.1,22.288963181762526,0.0,51.197247999999995,14.561688463110386,-0.011999967431595942,0,1039,0
AC0839C9-0CE9-4AAC-9784-E5A103ADB818,4197,2,1.0,1,0.08696688110555158,3345,290.90421729807,38,370,259.0,36.828066923905844,228.8226,0.0,20.53671380501727,0.0,63.75,-8.573244393041648,-0.08070112108036494,0,1039,0
A834C603-B611-4CB0-8CB0-33298C75F137,2591,2,0.0,0,0.0,0,0.0,-1,352,452.0,153.74603028422362,354.5573,0.0,61.72441421447009,0.0,232.88814,6.655455520560338,0.20527787287933774,0,1039,0
4B5682E6-FE5B-4FB3-B395-BD970311A60B,4804,4,0.0,1,0.07597835137385513,14,1.0636969192339718,218,347,452.0,104.056109457589,270.0,-27.47813,24.227391641566328,0.0,132.0,0.5047701720406224,0.151504815409216,0,1039,0
A5194BF0-97F6-4E87-8875-7A1A3CF7F22E,3885,3,3.0,1,0.09395109395109395,18,1.6911196911196913,782,344,452.0,76.66648195597261,218.3913,0.0,35.902880880583446,0.0,124.50724,-2.736506284367678,-0.16340341191387467,0,1039,0
08EB17B0-6627-4B7C-9618-BF11DE6D95C7,2392,3,32.0,0,0.0,0,0.0,-1,230,301.0,48.6018991558769,151.2,0.0,12.374542346944173,0.0,66.0,-3.665135946617646,0.05045794312462584,0,1039,0
713C5599-A6BC-4392-A658-4006DB5B9B50,9681,2,0.0,1,0.03770271666150191,8,0.3016217332920153,292,292,295.0,85.95080071482595,234.5654,0.0,19.78556676179669,0.0,111.11,3.6449377110999848,-0.10216385024680484,0,1039,0
A1FC7D15-7B15-4289-9817-CB7434B9ED25,2763,2,1.0,2,0.26420557365182773,72,9.511400651465797,562,285,452.0,74.07292856648081,205.8768,0.0,30.32941942962243,0.0,114.0766,-13.93021924726785,0.12666137073667558,0,1039,0
8FA4B4A4-0EB6-4083-8003-B209A1BDDEA2,2788,3,47.0,0,0.0,0,0.0,-1,170,150.0,48.03968418343384,120.0192,-35.70796,13.885699654617499,0.0,66.289992,-4.824761283202363,0.09798131571652408,0,1039,0
0169A51B-10B3-4672-BA04-98689DC352F2,3529,2,344.0,0,0.0,0,0.0,-1,251,624.0,124.18750811802661,335.4211,-7.736378,73.44706580390218,0.0,221.54097999999993,-10.672266657378458,-0.38230326917316304,0,1039,0
9D6EEFAA-F031-4CFD-AD6C-BF47868D8F23,9693,3,126.5,1,0.03765604044155576,50,1.8828020220777881,443,250,301.0,105.2029346643062,234.0829,0.0,25.228956595338644,0.0,137.82,2.6245907986567687,-0.06973044968982783,0,1039,0
99260EB7-3218-433D-897E-9FA6F7362196,1869,1,0.0,2,0.39058319957196364,307,59.954521134296414,237,227,734.0,160.9532929121258,99999.0,0.05578987,449.9540969479645,0.5858747993579454,225.12871999999996,37.026933030003875,0.29370290638229346,1,1039,0
83636987-57D4-4726-A764-982C4DF82A4A,1677,3,164.0,4,0.8706022659511031,475,103.3840190816935,87,213,602.0,81.15069543977188,180.4356,-150.9444,13.731894019163862,0.0,99.449228,3.8701099352281148,0.025247412173574714,0,1039,0
755EAB3D-8720-49E6-9610-D737FDFF7467,367,1,0.0,0,0.0,0,0.0,-1,193,678.0,30.831600524862615,80.31113,0.0,16.238683615330473,0.0,50.51445,4.597399777606519,-0.08254413196649052,0,418,0
AFF299B1-0349-45C4-9D74-9ABA3BCA105B,4433,7,19.666666666666668,3,0.24701105346266636,112,9.221745995939544,74,74,256.0,76.8346061429518,270.0,0.0,46.91413632353238,0.08233701782088879,144.0,42.34348027680129,-0.2665797789394545,0,1039,0
9DFB9A62-BA5C-47A6-93DD-FA0CE49F59FF,12726,1,0.0,2,0.05736287914505736,10,0.28681439572528683,536,150,77.0,21.34674509046149,82.43401,0.0,14.389978994723727,0.17208863743517208,42.331579999999995,6.326176794052401,-0.0502489504882066,0,1039,0
92318A20-6162-48D2-8FF9-E096F80EC4CA,4412,4,22.666666666666668,1,0.08272892112420671,5,0.41364460562103356,389,64,301.0,61.8222516615279,174.1286,0.0,33.04886827862364,0.0,104.9031,14.381403394714383,-0.030351996338938828,0,1039,0
9F234378-BB89-424B-9F5F-F8F3CA3AA034,2524,1,0.0,0,0.0,0,0.0,-1,120,250.0,62.07450649434096,152.0,0.0,19.593299695541855,0.0,91.0,-0.641636123970585,-0.07543363835504921,0,1039,0
472BAB2C-F259-4641-8F8E-46C47F0CB1CF,1405,3,220.0,3,0.7793594306049823,680,176.65480427046265,107,19,302.0,71.0567664837792,225.0,0.0,16.275346116366897,0.0,93.04502399999998,13.299629473010924,0.06278400983881366,0,1039,0
83150C52-35D0-44C9-9112-C284CF0A5784,3907,3,13.0,1,0.09342206296391092,67,6.259278218582033,525,76,831.0,107.31936682257192,227.9445,0.0,21.90622315833447,0.0,131.50306,3.085172777736716,0.3201921679241601,0,1039,0
34C2D473-F269-45FE-8525-7DA4878EE20B,127,1,0.0,0,0.0,0,0.0,-1,96,678.0,23.688673076634274,600.23,0.0,32.73885969397733,0.0,71.67320500000002,26.36359266248609,-0.11243125540441265,0,284,0
BAE54530-1896-49C6-897D-732E3D6A4D95,3704,2,677.0,2,0.1970842332613391,261,25.71949244060475,437,96,80.0,22.240105109004265,129.6846,0.0,3.986647522184821,0.4927105831533477,27.140691999999998,0.7918586119062283,0.008431039850634163,0,1039,0
FF9ABA08-F1C2-4CDE-88E4-71135C87F91B,10072,2,521.0,1,0.03623907863383638,109,3.950059571088165,599,89,416.0,150.85709015150564,281.0807,0.0,41.94982417502157,0.0,197.8465,-33.2678515592217,1.9254951822723578,0,1039,0
4C0BDC14-DD24-425C-BBFD-65BCEB0AC073,3482,2,0.0,1,0.1048248133256749,208,21.80356117174038,811,78,452.0,114.20334229377585,242.8603,0.02987746,19.650275080913538,0.0,138.32958,9.050311741630779,0.24000632157311771,0,1039,0
F32771BC-4602-4639-A49B-CF672F1FC57A,4469,2,196.0,0,0.0,0,0.0,-1,57,804.0,187.842568541233,397.5,-29.99943,31.853545925454185,0.0,232.5,-7.419536133825574,-0.13967559438081972,0,1039,0
75328D3F-EE47-4DFD-A2DE-AF4860737775,1421,2,1.0,2,0.513722730471499,348,89.38775510204081,811,43,90.0,2.042211116681521,323.1117,-33.58037,2.126886354700252,1.2843068261787474,4.0,0.33183309628421975,0.013334034780251365,0,1039,0
E81CD061-8C64-41ED-AF9E-C14F199512D7,5447,2,0.0,2,0.1340187259041674,30,2.0102808885625114,593,24,804.0,135.91674390471667,439.765,0.0,43.44051738557916,0.0,184.23886,-1.4817735436055557,0.18791071554432298,0,1039,0
575C9142-8228-4CC8-907A-34C0AA53DFF2,644,2,538.0,7,3.9673913043478257,960,544.0993788819876,13,15,452.0,98.84962146164395,292.0,-704.6049,49.667664159330954,0.0,145.0,26.88224614097949,0.16531973020148177,0,775,0
36C742A4-0795-4B0F-A7E1-87D9DCA1F8C9,8466,1,0.0,0,0.0,0,0.0,-1,13,251.0,71.78178419246821,361.3678,0.0,13.305420111031301,0.086227261989133,89.778836,-9.393214775801539,0.017933648835188557,0,1039,0
1CAC6153-2470-47FA-A448-30C82F04D4C4,1163,3,95.5,0,0.0,0,0.0,-1,3,452.0,104.8993951788738,238.2195,0.0,29.38533038535427,0.0,145.5861,-12.33772560325653,-0.16718920977222013,0,1039,0
976E238F-CDA8-440B-BC0F-90D22D4ECBA1,10144,2,1.0,1,0.03598186119873817,7,0.2518730283911672,877,190,156.0,26.86808216984639,239.01,0.0,6.433156967150181,0.17990930599369084,35.33481,0.09887626665052096,0.0033662715975764593,0,1039,0
3DEE382B-B84C-4B12-88B7-0C7584E1BD7A,12726,3,248.0,2,0.05736287914505736,411,11.788071664309289,331,211,538.0,83.94216335686416,164.428,0.0,24.572857296447438,0.0,115.15964,-2.061437747296253,-0.022265632954308626,0,1039,0
E345B333-A917-4E07-B06F-69340FD89087,2339,0,0.0,1,0.15604959384352288,366,57.11415134672937,811,0,416.0,60.33652442021726,114.4351,-29.88103,15.646215157725186,0.0,80.312688,-9.887267823758926,-0.08978344659929609,0,1039,0
FB16BEB4-78CA-4B11-85AA-16C4F7B384FD,5116,0,0.0,0,0.0,0,0.0,-1,0,753.0,195.2470640271875,498.7553,-8.3,57.57612958557545,0.0,270.5215,-29.535757275644272,-0.35766223664804814,0,1039,0
21E6288E-F54E-4B81-A4F3-0B50E6D52145,12726,3,76.5,1,0.02868143957252868,239556,6870.810938236681,286,610,678.0,107.56946723426614,544.0449,0.0,75.36128517045533,0.0,206.8726,91.55279974721535,0.14356589799019134,0,1039,0
442DE724-EAD0-4E68-B96E-5F5071214095,4040,1,0.0,1,0.09034653465346534,304,27.465346534653467,811,751,504.0,16.69125676871231,202.6,0.0,31.873132091576384,0.0,67.2,-16.69125676871231,0.0,0,1039,0
B8A60FBD-CDC6-4EAB-88E6-E4A10168F69E,1316,1,0.0,0,0.0,0,0.0,-1,744,887.0,92.05808071863903,209.3543,-18.56,26.972265961254447,0.0,129.73386,7.446527566854783,-0.01093462002863601,0,1039,0
E554C17B-1BE0-4A75-A4EC-344359693CE6,8192,1,0.0,4,0.17822265625,83,3.6981201171875,639,719,489.0,107.5748648780979,348.2184,0.0,43.174789234744686,0.0,165.52,-3.846635246230605,-0.14557118289368282,0,1039,0
D930D9DF-F1CB-48D3-B922-F791DC37BDC9,702,2,85.0,1,0.51994301994302,12,6.239316239316239,311,610,542.4,159.15146873428176,322.3049,0.0,76.65493686913032,0.0,251.44344,-32.14631261854103,-0.058806718035731224,0,775,0
E8C1B437-90CA-425C-AE12-9D21EF47DB8E,12726,3,21.0,1,0.02868143957252868,126,3.613861386138614,811,694,269.0,107.0701906976246,218.28,-35.37552,27.450019929590297,0.0,146.82,-12.249006116606068,-0.3931515164590478,0,1039,0
D3FB5DCE-F33B-4FD3-91AF-CEA0446341CF,12726,2,334.0,8,0.22945151658022944,719,20.621955052648122,334,352,138.0,27.675638403582163,193.259,0.0,5.979587367107075,0.14340719786264342,35.2,-3.9692495162364843,0.18287184510774993,0,1039,0
90A13DCB-D4A2-4B76-BAA5-79CC692D6B82,6564,1,0.0,2,0.11121267519804996,387,21.519652650822668,218,646,138.0,15.512939549122864,62.94376,0.0,3.194524108463297,0.0,19.67894,1.6976843012629406,0.019191294658618855,0,1039,0
5CD63272-9719-4D60-84D8-2041F64F5A46,2799,3,182.0,1,0.13040371561271882,66,8.606645230439442,883,253,301.0,74.72903827173425,149.6076,0.0,27.054738682698968,0.0,108.12735999999998,-2.4342025648669647,0.17268501142115836,0,1039,0
E22D3F3A-FA23-47A2-8C2F-C52A5BAF8653,12726,1,0.0,2,0.05736287914505736,20,0.5736287914505737,225,596,188.0,33.070656565337636,138.4107,0.0,10.179149377794879,0.0,46.419751999999995,-1.9788092867882519,-0.012297060028589202,0,1039,0
5AAAA079-9B8F-4E03-8799-8BFD262DA47A,2134,1,0.0,0,0.0,0,0.0,-1,575,0.0,73.87123391258436,173.9432,-679.58,25.201192765201053,0.0,103.3472,15.757761680779836,0.335379367478422,0,705,0
B2E9766F-804A-44A5-ACA7-AF88F98CCCC9,1415,1,0.0,2,0.5159010600706714,432,111.43462897526501,437,513,301.0,38.74829083876258,419.0932,-56.45736,22.80880568307299,1.2897526501766785,68.937622,9.292358040867057,-0.0053049252354450465,0,1039,0
30CB4D98-4210-4B66-AAF8-8AD83F64C821,3512,1,0.0,1,0.10392938496583143,134,13.926537585421412,883,456,831.0,207.935081635001,715.0,0.0,132.81453044954222,0.0,382.3,41.236554167468114,-0.7226205109915695,0,1039,0
90390E04-CE6D-4CFB-9991-61729D467616,4178,1,0.0,6,0.524174246050742,364,31.799904260411683,214,456,452.0,197.71211335479595,538.0,0.0,40.91117796470703,0.17472474868358068,252.0,16.740664422981837,-0.15577300352603826,0,1039,0
2504F7E4-B16E-4820-A3C8-990EA331CE7D,2346,1,0.0,1,0.1555839727195226,2,0.3111679454390452,111,451,452.0,110.0286305193197,283.0,-17.1,42.58048243941807,0.0,165.0,-8.951778667467849,0.05369981662107146,0,1039,0
1571A9B6-264E-4927-A936-09BC7C62B46C,4057,2,432.0,1,0.08996795661819078,196,17.63371949716539,446,16,624.0,142.19761056054935,497.7,0.0,82.4547832927531,0.0,255.7,1.857613204882739,-0.441480938433346,0,1039,0
542358FF-AC42-4DFB-8750-AB5B18AD23A6,6153,1,0.0,0,0.0,0,0.0,-1,448,380.0,78.46091682451292,184.1,0.0,20.78054841430536,0.0,106.8,-8.153602009698119,-0.10734171571257498,0,1039,0
55FC5510-5348-4FD2-B755-C17BB5DDE25F,12726,2,115.0,5,0.14340719786264342,126,3.613861386138614,188,433,84.0,24.700607243301853,120.2,-164.3568,14.708893975255599,0.05736287914505736,38.6,12.055858806080863,0.035785785167773525,0,1039,0
00B6496F-EAFA-4096-B929-2089B745186C,575,2,264.0,2,1.2695652173913043,29,18.40869565217391,12,163,151.0,29.642175603877966,107.0,0.0,20.767590680252347,0.0,57.0,19.293626865257835,-0.6011301120852436,0,635,0
FD7E9A32-A7EB-4B3A-B2CB-B5EB87374171,1525,1,0.0,1,0.23934426229508196,39,9.334426229508196,718,389,1247.0,121.04788871635623,478.5198,0.009231586,55.14162143763198,0.0,194.3783,-1.78317321721579,-0.5369954945645503,0,1039,0
9C75526F-F996-4B7C-B82F-8AB30EBC0F6F,12726,2,364.0,1,0.02868143957252868,26,0.7457174288857458,233,22,375.0,70.64600647829754,273.6572,-234.05,34.104072644577954,0.0,114.3555,13.630110444850615,0.02839288380358965,0,1039,0
6FEFA82C-5808-4D65-B94C-14C208CA49EE,12726,1,0.0,2,0.05736287914505736,250,7.17035989313217,415,385,1370.0,433.7497872683341,871.06,0.0,120.83685427215892,0.0,606.2639999999999,-61.80398248438348,1.2320532273071454,0,1039,0
A80E1052-90E2-4B3A-804C-17865D1BA07E,489,2,1.0,0,0.0,0,0.0,-1,382,678.0,83.75629130671624,300.0,0.0,70.75372680852674,0.0,114.34192000000004,9.711015963345488,0.06400884225981768,0,655,0
56C99268-1D8D-4C94-A10D-F12C55F78A8C,542,1,0.0,3,2.02029520295203,7958,5359.1697416974175,366,371,301.0,27.34267479736033,1391.821,0.0,28.126442771754707,3.367158671586716,64.4207,29.169816488442144,0.11125219930576385,0,866,0
8525D1B3-BF24-4075-AC3E-8D9DDC54BF57,6010,2,0.0,1,0.06073211314475873,20,1.2146422628951747,44,358,1386.0,334.91695791114205,1002.0,0.0,135.38456040867032,0.0,514.5,5.318574496265342,0.361489672935991,0,1039,0
1FACDCB4-5269-425C-BB15-58C8C0541010,5223,2,199.0,0,0.0,0,0.0,-1,136,148.0,49.351876507746695,93.78883,0.0138089,9.270604350784375,0.0,60.76975199999999,0.17793099533972878,-0.0142949867828252,0,1039,0
75360B96-86FA-4D7B-BFB7-431A3C4D9D0D,505,1,0.0,0,0.0,0,0.0,-1,324,603.0,91.7022721606597,506.0982,-0.6175378,104.45949724632715,0.0,256.19246000000004,56.17163736572917,1.048831103990563,0,775,0
11922B9E-E038-4CE8-ABE1-37C22C1B28DF,4823,2,0.0,0,0.0,0,0.0,-1,253,497.0,73.2379540449912,201.0,0.0,37.09607551895399,0.0,126.0,-10.048139230176382,-0.15990657282798953,0,1039,0
218C0101-E229-4D72-80D3-15A4C3F9552B,1531,2,0.0,1,0.23840627041149576,10,2.3840627041149576,929,248,452.0,108.60672693672387,261.7181,-30.61999,44.778662825477895,0.0,165.05262,-23.04828580022695,0.1723764321831952,0,1039,0
A48A293C-6D20-4654-AC4F-CB3318781CF8,2717,1,0.0,0,0.0,0,0.0,-1,222,151.0,35.60460686685363,233.75,0.0,6.66422815524876,0.6716967243283033,44.0,-2.2049926693227633,-0.035739494587843,0,1039,0
F9BCC417-ED7C-4E4C-AC1A-C1735F2A828E,6212,3,69.0,4,0.23502897617514487,322,18.91983258209916,397,78,158.0,27.11068423835563,81.0,0.0,14.671406023659392,0.0,48.0,9.016244773990046,0.05205358000298534,0,1039,0
AE68AC8E-69DC-4AD3-8551-EBB9F9D71F93,12726,1,0.0,6,0.17208863743517208,397,11.386531510293887,207,201,200.0,29.13082305114453,116.8477,0.03515625,11.307700817231972,0.0,43.72266,-3.4940314131044055,-0.02976418670843338,0,1039,0
1B81C6A7-3250-408D-B086-33D52FB8FBA9,2623,2,0.0,1,0.1391536408692337,273,37.988943957300805,811,190,301.0,105.26155199877516,226.605,0.0,19.418490934097157,0.0,132.0339,12.446312451070511,0.024989427304013354,0,1039,0
CA7373A4-A59E-4483-870E-E081AA484ECB,368,1,0.0,0,0.0,0,0.0,-1,188,887.0,79.93587597891757,236.6321,0.0,50.58634862087217,0.0,149.35730999999998,-8.217209274133609,-0.11266159242472219,0,418,0
2585C2EA-7C0D-4139-B72C-17F06D171433,2645,1,0.0,1,0.1379962192816635,454,62.650283553875234,811,172,1039.0,178.0198672809721,534.4375,0.1717913,113.07009531317819,0.0,336.94924,40.603572846419866,-0.1410650437053721,0,1039,0
BB0BB08A-AC4C-4A36-88A5-19B50961CE00,2524,1,0.0,0,0.0,0,0.0,-1,169,250.0,68.93117424022971,153.0,0.0,19.390407223035435,0.0,96.0,-6.687578561217364,-0.07564016819640998,0,1039,0
E7CE180B-AFE6-4AFA-9BFD-1BA15069FE42,315,2,15.0,0,0.0,0,0.0,-1,149,451.0,35.92814639243881,131.158,0.0,32.7027372785678,0.0,78.53336500000002,31.124374693980947,0.20176095121934645,0,530,1
2736960A-0787-412A-B145-142AD19DDEBC,5796,2,0.0,0,0.0,0,0.0,-1,148,209.0,53.53896999471243,167.61,-18.3,13.320675439864502,0.0,71.72,0.8615307768925078,0.0646060321804227,0,1039,0
2B419C55-B2F6-4719-A5FA-17C2C73242FB,3977,1,0.0,1,0.09177772190093035,221,20.282876540105608,811,133,416.0,68.61465665129478,246.0,0.0,43.87937058107029,0.0,126.0,20.231639658118795,0.07101768491700765,0,1039,0
8ED1FE13-8DE2-430D-80C1-1C4495111195,12726,1,0.0,2,0.05736287914505736,29,0.8317617476033318,0,82,313.0,37.24190432844512,167.0,0.0,14.121761037833945,0.0,55.0,-4.47361729140809,-0.1157223914246758,0,1039,0
9A7C329D-C7F7-4E67-832D-F4A87B19C8AC,1234,1,0.0,1,0.29578606158833065,52,15.380875202593192,811,72,624.0,246.70874132509857,574.6124,-5.16,53.09162031687543,0.0,308.97586,-11.341731839759063,-0.03939439199592247,0,1039,0
C217F203-006F-4BDA-97DF-1589479D3ABF,2444,1,0.0,1,0.1493453355155483,41,6.12315875613748,771,50,497.0,76.26650424678898,241.4,0.0,26.675771279559456,0.0,110.0,-1.385794370245776,-0.1203804310546671,0,1039,0
5EC7437A-A15B-4E3F-A4C6-D452BC4F5234,318,1,0.0,0,0.0,0,0.0,-1,23,301.0,76.72345080973962,204.708,0.0,50.903573066228304,0.0,133.9655,34.49338249041472,0.09994590047972493,0,404,0
1BE54786-C0DB-4CC4-A60E-96CC5B590B71,6739,1,0.0,0,0.0,0,0.0,-1,1,734.0,122.16488896544338,618.18,0.0,55.9442737514653,0.0,198.0,9.07145362714921,0.028881480566743587,0,1039,0
7A839D99-FC0A-4EE0-846C-9F9063724C66,1604,0,0.0,2,0.45511221945137154,288,65.53615960099751,55,0,301.0,124.52414883566362,219.8574,0.0,20.453051024347154,0.0,149.63984000000002,-27.090426459892015,-0.04910168191613001,0,1039,0
3EFAEA8A-BCCD-489D-BCC0-821E6C29F878,-7,0,0.0,0,0.0,0,0.0,-1,0,1039.0,0.004539786757162023,13.23259,0.0,0.23726845975435684,0.0,0.0,0.0,8.674232528241539e-05,0,89,1
7B1D74D4-00DA-4932-BBF7-2D1DA8F93BE4,3921,1,0.0,1,0.09308849783218567,40,3.7235399132874267,811,744,567.0,66.91866685081689,239.8,-122.4365,29.34592704373329,0.0,105.7,22.46845506276337,0.1661104194389906,0,1039,0
908B1A97-D6B7-4453-8242-B47FA006277F,5755,1,0.0,1,0.0634231103388358,110,6.976542137271938,811,708,266.0,93.32183803998473,319.469,0.0,18.79632024031575,0.1902693310165074,120.0466,-2.091892235200774,0.07841831547610578,0,1039,0
51670481-C0B0-43A4-BFC6-48F3FC483BF8,6570,1,0.0,0,0.0,0,0.0,-1,692,377.0,60.096716369955885,179.4144,-14.53967,27.43532448403013,0.0,97.04135199999999,-27.117772921730577,-0.11189233701117897,0,1039,0
CB3A882A-FF9C-4B39-B3B7-338BB9DF45CA,3628,1,0.0,1,0.100606394707828,279,28.069184123484014,860,676,1039.0,229.35530301337957,410.5554,0.0,42.37387646426624,0.0,283.62462,-17.925033445478334,0.10323840043103749,0,1039,0
64C02E7F-3A0F-493B-9E0C-DB50E342A769,3462,2,62.0,0,0.0,0,0.0,-1,596,301.0,1052.7830862485957,142608400.0,-0.56,368943.0523199666,0.21086077411900633,130.13459999999998,-960.1338956902624,-0.0017238146092299596,1,1039,0
D9479808-04FE-44E0-BD50-049346B3FE38,3011,1,0.0,1,0.12122218532049155,29,3.5154433742942546,725,631,250.0,62.23365438031685,211.0,0.0,20.245607398923124,0.0,88.0,-5.627790182785986,-0.17369794167553274,0,1039,0
734B1ECC-26C4-47AD-80EC-DCFF57342D09,6570,2,1.0,0,0.0,0,0.0,-1,600,377.0,61.21362140592342,205.1851,-14.82,28.054785680315092,0.0,99.265862,-27.508525184627125,-0.1141745880904736,0,1039,0
162459D6-0522-437D-BAFD-0B5F027A8B79,1234,2,433.0,7,2.0705024311183142,457,135.17423014586709,70,71,451.0,21.32721282842839,74.90896,0.0,6.0238663791163605,0.0,28.940658,-3.114077033906785,0.030370989017432168,0,1039,0
C7E215A2-2BF2-4BD2-889F-D3F55755D736,8793,1,0.0,1,0.04151029227794837,36,1.4943705220061414,796,491,313.0,34.72181263602107,189.0,-61.58681,25.8530801759955,0.0,78.0,-18.46317066071243,-0.00657191331350252,0,1039,0
300E0CEF-4D09-4BCE-BECA-E7231710793F,1796,3,20.5,0,0.0,0,0.0,-1,390,753.0,254.9996492101307,599.15,0.0,106.36976397738692,0.0,396.26867999999996,-27.04526958821714,-0.8538603919267923,0,1039,0
595403C8-1F79-45B3-9ECA-FF1E3DC7CD24,493,2,72.0,5,3.701825557809331,210,155.4766734279919,272,320,452.0,60.559934541141715,144.7471,0.0,29.24445448012321,0.0,95.17765100000001,-1.520774879876278,0.039027373199309746,0,572,0
B98E9270-B97C-45C2-9351-B30785B414C4,386,1,0.0,0,0.0,0,0.0,-1,368,271.0,31.28024300322218,3996.304,0.0,24.247749982659915,0.9455958549222797,54.572138,11.376834028413622,-0.09162744923303208,0,452,0
8A85296D-C193-437F-A2B8-920D5EB795AC,1723,1,0.0,0,0.0,0,0.0,-1,222,99999.0,92.9002449667867,308.1649,0.0,85.74104799372627,0.0,217.499,0.38261769509601606,-0.4836887380499603,0,1039,0
159FC4C3-805D-4FC4-9FE2-91FF028BA0C4,4732,2,1.0,0,0.0,0,0.0,-1,218,188.0,55.08640692872489,349.94,0.01,13.890495978492599,0.15426880811496196,74.0,0.6640830404109082,0.06873452655329522,0,1039,0
71795A45-8FB3-43AF-85B9-014106A6EBDC,6685,2,6.0,0,0.0,0,0.0,-1,211,920.0,186.184833146382,621.5515,0.0,96.1605732082958,0.0,324.0051,0.7450742610253656,1.014964193110125,0,1039,0
91E99317-F64C-499F-AD57-260034B07F09,3494,2,149.0,1,0.10446479679450486,278,29.041213508872353,811,199,301.0,107.07143276889971,181.7191,-69.07047,20.029093036709803,0.0,134.79648,12.989326417828664,0.026509795988643694,0,1039,0
F9AB7870-787C-455A-A54F-6B624F62A429,367,1,0.0,0,0.0,0,0.0,-1,192,678.0,30.557133511990006,79.72689,0.0,16.10679741782373,0.0,50.081599,4.5011617724235755,-0.08203030684393256,0,418,0
0147A16F-CD50-442E-AEDF-88FCD75E7F17,4723,1,0.0,1,0.07728138894770273,101,7.805420283717976,1032,181,128.0,14.782395361663108,697.3709,0.0,7.704772780567227,0.38640694473851367,24.0,6.051979638336894,0.024947953108045446,0,1039,0
111998E7-9D92-4538-BDCD-0CF26438B2BD,1013,3,88.0,0,0.0,0,0.0,-1,0,415.0,80.92997084670864,310.6207,0.0,48.013540677638545,0.0,148.97894,17.805835523677175,-0.09085691863661387,0,1039,0
53349B7E-CBF8-4090-A4CB-C5DE42EDEEDD,4466,1,0.0,2,0.16345723242274968,266,21.739811912225704,578,155,326.0,61.0706747055359,769.1667,0.0,14.853590579582566,0.4086430810568742,78.74999,7.98410738782831,0.01886763666689841,0,1039,0
2E9AD20F-FC82-4CCD-B899-1668319A610F,5824,2,1.0,2,0.1253434065934066,10,0.626717032967033,536,151,77.0,21.284919260565367,80.53368,0.0,14.134301270290585,0.1880151098901099,41.889607999999996,6.321736946178461,-0.05052431316313049,0,1039,0
999FFCB6-B610-4C8A-98E9-7D40808E8F06,330,1,0.0,1,1.1060606060606062,108,119.45454545454547,315,150,451.0,41.02296424623397,199.8729,0.0,36.12965581979997,0.0,83.75789700000001,26.62540464574134,0.2035432220140923,0,530,1
5BF57D13-AAC5-4B0D-8BCB-F2CA28DF0CB1,2116,2,0.0,4,0.6899810964083176,418,72.10302457466919,48,57,301.2,44.05253942069153,92.33346,0.0,12.803668943926272,0.0,60.768904,6.0142608449234345,0.010408330098845444,0,1039,0
12D8F1DE-4A7E-4B0A-B3AC-C2F179F7F302,12726,1,0.0,2,0.05736287914505736,535,15.344570171302845,411,27,1370.0,423.44462751083285,849.27,-4.344956,117.4161280737934,0.0,591.44,-62.40203954786995,1.1517768208692194,0,1039,0
11F09D04-EA56-4B69-B391-867753EBA81D,1260,3,0.5,2,0.5793650793650793,7,2.0277777777777777,6,11,452.0,43.00872496498357,513.7,0.0,26.34300730737194,1.4484126984126984,80.86562599999999,-11.810310792529872,0.38981217585725975,0,1039,0
A693AD9B-DF6E-4CB9-ADB9-720C564849BD,3739,0,0.0,1,0.09761968440759561,322,31.433538379245785,811,0,126.0,12.68162771867449,71.8894,0.0,4.7741999169290725,0.0,19.35484,-1.5412885175942428,0.044092880657296836,0,1039,0
48E8BEE5-9E91-4DEA-9EE5-0C9076F210E8,2745,0,0.0,5,0.6648451730418943,198,26.327868852459016,369,0,453.0,107.57763916725453,248.739,0.0,19.98699936687883,0.0,131.59452,6.817596099720788,0.2924995806488601,0,1039,0
5B4324E3-C3D5-4E29-A3DB-4F517115E5BF,12726,1,0.0,0,0.0,0,0.0,-1,785,434.0,16.10560854175507,40.40527,0.0,8.239530067229369,0.0,26.85547,1.4876244115628303,0.05379097683165799,0,1039,0
1F170920-B265-4766-B927-DAA65F95640A,7487,1,0.0,8,0.3900093495392013,472,23.010551622812876,241,774,263.0,105.00776737368395,227.0,0.0,21.3457090139425,0.0,129.6,-5.904804410720985,0.05203127500870801,0,1039,1
8D8BC86A-CDC2-4AAF-B02D-7F7A2E57C62A,4278,1,0.0,7,0.5972417017297802,260,22.183263207106123,242,766,263.0,106.18009764339301,231.8511,0.0,21.279942508074274,0.0,130.91158,-6.0703354080535235,0.051449643868261626,0,1039,1
C11B57EB-0777-4FED-9325-E09683E78ACE,12726,1,0.0,1,0.02868143957252868,109,3.1262769134056265,294,755,271.0,31.838547973187325,159.2473,0.0,20.618412774940825,0.0,53.2878,-18.820463882986708,-0.44481461879218537,0,1039,0
9E1F64C4-AEE8-4475-B918-BD14FB11C39A,12726,1,0.0,0,0.0,0,0.0,-1,750,479.0,120.10216023205072,325.0,0.0,31.054851432666727,0.0,161.0,0.6854940889369345,-0.046664883181859934,0,1039,0
0FD2461E-3677-456B-A2E9-02C8FD481D42,8466,1,0.0,1,0.0431136309945665,124,5.346090243326246,811,715,251.0,68.91074248100826,520.4246,0.0,13.761850219532711,0.086227261989133,87.6,1.4793964078806283,0.10078882623819968,0,1039,0
216F6E5D-E258-4CEA-A712-898B2A85FF8D,12726,1,0.0,0,0.0,0,0.0,-1,687,151.0,24.417409898465262,117.2801,0.0,7.8491027070263995,0.0,35.0,-1.7090765651319302,0.013363675442305495,0,1039,0
0FE81E09-8393-4AAA-8E75-909048EBD2B7,4123,1,0.0,0,0.0,0,0.0,-1,685,188.0,55.12316598285221,109.73,0.0,13.565970547962822,0.0,73.75,0.6556372578885359,0.06883767143172127,0,1039,0
98A6B2E8-599B-4D17-B4E7-A425AAA0622D,585,2,18.0,0,0.0,0,0.0,-1,551,301.0,66.92859804608314,255.1001,0.0,37.54103004041759,0.0,110.49166000000002,8.072539480544947,0.18245481156028473,0,635,1
C11B0376-0E4D-4DBF-9760-495F7B34A162,729,1,0.0,2,1.0013717421124828,808,404.5541838134431,682,562,416.0,74.66435270814546,227.9,-102.0024,33.13292040394308,0.0,120.1,3.054798526422445,0.3074750769413068,0,739,0
7D6DCE0E-F19E-4098-8F2A-6011DE6DD9A0,8307,1,0.0,0,0.0,0,0.0,-1,549,377.0,116.58266942042209,301.68,-10.11829,45.93165641090635,0.0,177.6,19.96123798698531,0.13532753014762702,0,1039,0
A7A859FB-3644-4B4C-AD52-F0FE7FCDAF51,6271,1,0.0,0,0.0,0,0.0,-1,527,269.0,95.07357190685843,2049.0,0.0,28.38379248545245,0.34922659862860783,125.74629999999998,-5.346550343663992,9.969833561286796e-05,0,1039,0
26CAD814-DEA7-4F53-9C05-9773CBB71794,9024,1,0.0,1,0.04044769503546099,25,1.0111923758865247,472,490,407.0,118.59121528321967,308.21,-281.16,47.42289032961995,0.0,181.31,21.252868821718607,0.1410340422684647,0,1039,0
690D4FD0-C958-4078-B99D-B805ABC80E41,12726,1,0.0,0,0.0,0,0.0,-1,435,314.0,43.70324549719893,209.0,-9.84,19.081030963653724,0.0,68.0,-7.674310312013745,0.020922850557648698,0,1039,0
9C6ABA26-3BA6-453C-89DA-225A58494EF5,498,1,0.0,3,2.198795180722892,256,187.63052208835342,137,366,452.0,18.295417508281847,98.68127,0.0,24.41394763992796,0.0,56.667010000000005,26.989551058076177,-0.05823607064662882,0,572,0
90C243BA-1C52-45AB-926F-F3E63FF62CA0,4128,1,0.0,4,0.3536821705426357,125,11.052567829457365,665,348,200.0,26.559204676916075,71.99097,-119.6059,12.633440974377109,0.0,44.98291,1.618576997775282,-0.0008140706339186687,0,1039,0
1C1B9269-2936-4198-8FEF-0FE212124956,366,1,0.0,0,0.0,0,0.0,-1,323,226.0,19.687314698841025,101.0,0.0,15.020994746561488,0.0,37.0,-1.9149381556311482,-0.006273179587803182,0,439,0
0A7E9711-8C7E-416A-869D-15FA72B625AD,8697,1,0.0,2,0.08393698976658617,7,0.2937794641830516,601,318,739.0,119.577945858427,404.425,0.0,73.89652247270848,0.0,221.41937999999993,-62.039257062902315,-0.1547858878125743,0,1039,0
5836278A-6DCF-42EB-A8D2-0BAED33170E4,736,1,0.0,0,0.0,0,0.0,-1,268,301.0,1.560790204237281,66.71906,-44.4,9.081595605046807,0.0,0.0,3.573550950083706,0.040259960037358086,0,866,1
7F2D0DE9-09B2-4EE4-8837-EDF731C415C9,308,1,0.0,0,0.0,0,0.0,-1,184,99999.0,23.85361281526926,122.0,0.0,32.4185417304208,0.0,74.0,-23.85361281526926,0.0,0,327,0
6E3DB6AC-1E72-4DB6-B940-27E796AEE9EB,173,1,0.0,0,0.0,0,0.0,-1,8,887.0,73.05644332869585,600.23,0.0,70.6203611147554,0.0,171.13647999999998,70.04221643133502,-0.39446007699011576,0,292,0
13A0A4DE-FF1C-416E-B3D0-1D93EFC3779F,5788,0,0.0,0,0.0,0,0.0,-1,0,961.0,290.0458350173687,594.0699,-17.97813,70.45474253710671,0.0,377.33899999999994,1.866016494976975,-0.16217649237703755,0,1039,0
3996F15A-47A7-465D-BFB8-20FCC40CC39E,1119,0,0.0,0,0.0,0,0.0,-1,0,453.0,7.118106782138722,55.69553,0.0,3.727345773725537,0.0,11.37803,-0.5338866628485981,0.014922476120045703,0,1039,0
