id_equipamento,idade_dias,num_manutencoes,intervalo_medio_manut,num_falhas_historico,taxa_falhas_ano,minutos_falha_historico,taxa_minutos_falha_ano,dias_desde_ultima_falha,dias_desde_ultima_manut,limite_potencia,utilizacao_media,utilizacao_maxima,utilizacao_minima,utilizacao_desvio,taxa_sobrecargas_ano,p90_utilizacao,delta_utilizacao,utilizacao_tendencia_90d,dias_acima_80pct_limite,dias_com_dados_util,vai_falhar
F239CDD0-6ABC-4E85-8155-849BFED176DD,12711,11,93.2,15,0.4307292895916922,935,26.848792384548815,207,85,741.0,222.043082398582,385.9529,0.0,76.12425235259629,0.0,278.50903999999997,27.781779337529116,0.08262796596377978,0,1024,1
140D7CE9-2398-4B37-BF23-E597E20E1234,6837,3,293.0,2,0.10677197601287115,495,26.42606406318561,796,430,487.0,119.23839938264547,519.6515,0.0,55.75113719833283,0.05338598800643558,167.92319999999998,-14.03883679869486,0.8277431210404842,0,1024,0
5680A0F5-83E4-4AB1-94D3-427C75B6CA33,10470,7,154.33333333333334,1,0.03486150907354346,5,0.1743075453677173,634,82,407.0,46.35154738670186,189.9586,0.0,32.26886584091101,0.0,91.73647,-14.105136805027477,-0.24302195361100995,0,1024,0
111ADE95-8574-41F6-9BF9-2B67EF7A95C6,8386,5,124.25,2,0.08704984497972812,78,3.3949439542093964,796,509,188.0,44.06538820464463,231.03,0.01036914,10.64502387749805,0.2176246124493203,59.521344,3.334479383318339,0.09590807778276543,0,1024,0
9ACC3111-44AF-4292-926E-4661533CEC10,12711,4,292.3333333333333,3,0.08614585791833844,155,4.45086932578082,362,126,266.0,149.35336203793625,236.9,-27.1,22.13478055462603,0.0,175.9,-8.089558025590577,0.11466402459367044,0,1024,0
AED1F5C4-0302-4541-886C-584F8D7BAFD4,2789,3,209.5,2,0.26174256005736823,1893,247.739333094299,30,584,452.0,70.38314710295626,258.5451,-1.656494,40.82140918381533,0.0,127.03016,-3.4747012464747797,-0.32597410938601223,0,1024,0
C8D59FD5-A8B0-4A8C-A957-F1CEEABA7EFC,12711,6,166.2,2,0.057430571945558964,958,27.509243961922742,776,168,324.0,169.82119703124684,304.0137,-370.0966,32.21143060295674,0.0,209.1797,-1.2962767272344706,-0.023192151938218664,0,1024,0
63C274E2-FF8F-48BE-9430-D0099841D0CE,3477,3,215.0,1,0.10497555363819384,53,5.563704342824274,81,576,451.0,134.02923009574366,227.3683,0.04074871,19.035772894394807,0.0,158.14174,-7.273012171592427,0.1426386124005349,0,1024,0
8023F211-A03E-4A6A-9DF7-3E088F3BD1BD,1172,5,169.25,1,0.3114334470989761,23,7.16296928327645,927,319,482.0,62.90971529650044,243.8531,0.0,34.36783374441086,0.0,106.98418,-20.006549096731923,0.035959161728716715,0,1024,0
78600FF0-ABFF-4154-87B9-47180890E6B9,2912,3,24.5,1,0.1253434065934066,315,39.48317307692307,796,945,490.0,84.18334167951127,196.2717,0.0,27.898082303552005,0.0,117.8211,1.0009176633899557,0.036379999575312676,0,1024,1
D05B54E3-8C01-490F-B9DB-B13A9F4BB8D7,12711,4,4.666666666666667,0,0.0,0,0.0,-1,976,200.0,44.35748960175759,357.1797,0.0,31.127421845551186,0.1435764298638974,85.0,-44.35748960175759,0.0,0,1024,0
8E4DB99F-E4AB-406B-9034-A5BF1E1665A1,9161,13,70.08333333333333,3,0.11952843576028818,653,26.017356183822727,144,145,259.0,45.08716306399451,104.2932,0.0,17.574409236693963,0.0,62.8418,14.071234269956115,0.06081945260943524,0,1024,0
E1B50D7E-9ECA-4DF4-890D-CFA2B6C970C1,801,9,28.75,4,1.822721598002497,189,86.12359550561798,612,756,722.0,174.3218039202157,412.7343,0.0,59.21976911323103,0.0,243.2979,-14.409716869289781,0.3421804351919054,0,1024,0
4CE784EE-65E4-4168-BDFE-8B64BD300EAA,12711,5,187.25,6,0.17229171583667688,587,16.855872866021556,120,239,489.0,126.53558844594458,379.0,-307.125,38.87962879077647,0.0,174.0,-2.4280267175495283,0.44022924640892264,0,1024,0
77BEE62F-612C-40BC-B8C7-5C4A547C2328,12711,5,156.75,1,0.028715285972779482,89,2.5556604515773738,920,358,266.0,114.92936495819951,206.6,0.0,22.103741385229934,0.0,142.8,-4.36319983474273,-0.01597983633106467,0,1024,0
BAA8A8EF-F082-42DB-BCA0-CC851F318378,544,9,104.375,4,2.6838235294117645,415,278.44669117647055,300,149,678.0,152.55018580358174,378.2227,0.0,57.604892338847954,0.0,227.1484,-33.08413642086569,-0.17739924453419745,0,1024,0
14D77E1B-0EE7-473C-9AA3-62DDBF2A4431,12711,6,128.4,2,0.057430571945558964,90,2.5843757375501535,340,341,455.0,105.03337432416279,343.6523,0.0,61.04824545015726,0.0,188.3789,3.70826339034339,-0.34166669477496203,0,1024,0
4F8F1F3C-CC15-4CE4-83A8-0B21806528E4,12711,6,183.8,3,0.08614585791833844,21263,610.5731256392102,422,58,706.0,239.43050033458073,538.7278,0.0,95.64605616429888,0.0,346.67479999999995,-149.44947581297578,-3.8728979108763215,0,1024,0
4592F955-D4C0-425B-8D9F-27B64019C189,6342,5,73.5,0,0.0,0,0.0,-1,684,312.0,38.14783669616359,92.0,-347.9079,11.331853650901616,0.0,53.0,-1.6440558319660568,0.007461998051848582,0,1024,1
4D6AA979-6948-44E5-8AE9-84055A94F4E6,9702,9,104.0,5,0.1881055452484024,381,14.333642547928262,48,171,151.0,18.673221641824757,239.0,0.0,13.289368249622513,0.03762110904968048,35.555781999999965,9.654478975459195,-0.032744726143631206,0,1024,0
A47D7EBD-BF11-450F-9725-C86375E38DEA,363,4,251.66666666666666,2,2.0110192837465566,70,70.38567493112947,155,216,226.0,37.44501949988794,168.0,-112.1648,18.676526828986812,0.0,58.0,-9.245250981369423,-0.1035190101201653,0,1024,0
E0991600-E200-4AC5-B956-72C797B539C3,12711,5,105.75,5,0.1435764298638974,11198,321.55377232318466,544,541,450.0,143.68079954090746,324.84,0.0,53.24498096060683,0.0,207.07,-33.605956176709924,0.13232392373533894,0,1024,1
4D40A75C-4A61-40B3-B59F-455C13BF30E9,3066,4,243.66666666666666,0,0.0,0,0.0,-1,234,416.0,61.77751095470195,222.1747,-0.41,35.982680383838265,0.0,112.3081,21.251574528091254,0.6653889296448411,0,1024,0
E10035E9-3800-4DB9-874D-4EBDA6974EB4,2107,3,168.0,5,0.8661604176554343,437,75.70242050308497,381,630,451.8,56.79440819995654,235.05,0.0,22.014381637154436,0.0,87.34242,18.686449620259502,0.14300823795397927,0,1024,0
8F95A664-DE6F-49FB-859A-3C27EF11F534,7052,9,58.625,2,0.10351673284174702,104,5.382870107770845,708,488,489.0,119.34852663857328,372.0,0.0,44.95955964852719,0.0,179.0,-17.749375404005377,0.20997122415653124,0,1024,0
0D22829A-A658-4CBB-94CF-DD30D0CE3D8F,5348,5,236.5,0,0.0,0,0.0,-1,9,753.0,191.0587769387182,481.925,0.0,66.18334200511363,0.0,264.6093,14.481254726405268,0.2196643234748105,0,1024,0
A7294F99-D0EE-49B8-90CF-85455254D4D6,12711,2,7.0,0,0.0,0,0.0,-1,953,309.0,46.07876404877519,224.6338,0.0,19.79699976490973,0.0,76.79443,-1.3356117439912367,0.03198320791257716,0,1024,0
79A2FFC8-C67F-40FC-978D-B76D38EACB5D,840,7,88.0,9,3.910714285714286,859,373.2559523809524,612,462,722.0,177.1938365557193,449.6615,0.0,63.116500689010685,0.0,248.5562,-17.119147179947703,0.3406788957420208,0,1024,0
A1A0482E-6F36-444C-A35C-F70EF4EBBEBD,4829,5,177.0,0,0.0,0,0.0,-1,242,251.0,47.008220716232415,114.8287,0.008167955,15.4703563975449,0.0,67.010954,-7.765543034071925,-0.005901377819568266,0,1024,0
EA32ACF8-6379-4AD9-BD8D-14D4F18CAFA3,4239,3,349.5,2,0.17221042698749706,70,6.027364944562398,82,251,151.0,44.37737311456261,374.6707,0.0,10.588908448888832,0.43052606746874267,58.0,-5.197589163945324,-0.03854190960936406,0,1024,0
035C52AA-9DBB-446B-988D-E23209B52E51,12711,5,161.5,1,0.028715285972779482,112,3.216112028951302,796,302,269.0,93.3060932581309,181.32,-38.2,24.92892859942502,0.0,122.9,-4.542819041309912,0.06108916855924876,0,1024,0
ADEA2DFD-972E-4FDA-B7E4-6DCF28D53FAF,12711,4,230.66666666666666,14,0.40201400361891276,331,9.504759656990009,148,255,361.0,67.6058419526374,275.02,0.0,40.882314085360406,0.0,123.46,-2.6673596995509854,-0.3302577838828613,0,1024,0
5A561BBF-6709-4B68-A7CB-FB2292AFBB33,12711,9,107.5,1,0.028715285972779482,117,3.3596884588151994,796,84,269.0,81.98481180159868,234.4922,-38.4,32.160165391283414,0.0,110.4,6.0849253210865015,0.07303341841520086,0,1024,0
C59A2686-32D0-485E-8B4A-857EBDFAA744,4565,2,28.0,1,0.07995618838992333,63,5.03723986856517,662,918,302.0,49.64528847780865,207.4882,0.01532496,32.715640105460004,0.0,96.06721399999998,25.060631850972214,0.23354128709511002,0,1024,0
309A1924-4FB3-4EC0-9F38-01BA96669D63,2639,8,76.0,1,0.13830996589617278,101,13.969306555513452,995,423,452.0,122.05908780423371,369.0,0.0,43.73421307440887,0.0,180.0,-17.232390273369518,0.2051687908428554,0,1024,0
66E47D33-8F50-4FA8-96C8-4ECBD8B47802,6212,9,78.25,2,0.11751448808757244,150,8.813586606567933,281,315,258.0,98.30696548080437,230.4,-2.761532,17.412761357743047,0.0,120.2,-7.8003682585821394,0.00501075235616831,0,1024,0
23808D82-D775-495E-B7BA-ADEA8CEB3FEC,12711,5,196.75,1,0.028715285972779482,3,0.08614585791833844,282,157,451.0,94.02520943611756,201.29,-55.23553,31.89453436794527,0.0,125.11399999999995,8.57805908240094,0.1423449934375962,0,1024,0
7AB01D09-68D9-4089-96D7-3F01B0328BCD,4846,1,0.0,0,0.0,0,0.0,-1,943,377.0,114.46040190260338,240.9536,0.0170373,25.146931332626014,0.0,146.73219999999998,-16.596717200442896,0.052530003683488695,0,1024,0
CCB3457B-F244-4A1E-803A-AC30C15C9135,2184,7,87.0,1,0.1671245421245421,333,55.652472527472526,796,413,301.0,53.631174748228354,176.3749,0.0,16.812684403861844,0.0,77.674794,-12.757751241592551,0.0074568646013293246,0,1024,0
D298764B-043A-4443-8031-42DB085E61A3,12711,6,187.6,2,0.057430571945558964,215,6.1737864841475885,796,0,269.0,100.53614311361183,229.0151,0.0,24.809578230051994,0.0,136.26,-7.625583410679724,-0.31326143986407945,0,1024,0
F19B40CD-A10F-4673-8DC8-69FA5F18182E,8050,5,230.75,1,0.0453416149068323,9,0.4080745341614907,220,12,1358.0,552.8655756653787,981.24,-543.22,140.34364082744122,0.0,716.44,-76.35406563451454,-3.5373707150637332,0,1024,0
C468DD2E-00CF-4027-89C2-EAAAB75DCED4,8056,7,154.33333333333334,3,0.1359235352532274,227,10.284880834160873,795,9,106.0,28.7960547789904,53.4,-0.3443916,4.313957028266078,0.0,34.1,-0.6771581740521242,0.013042470949748003,0,1024,0
A7B8CCE1-0118-44BA-9392-9B46CB15E59E,6594,10,95.55555555555556,0,0.0,0,0.0,-1,91,472.0,152.8577902149925,262.7563,0.0,30.51834478368111,0.0,191.9861,3.6530720103161514,0.08525682609749641,0,1024,0
BC3612ED-EC0E-4454-A9E6-597BD5A7AF56,12711,8,122.14285714285714,0,0.0,0,0.0,-1,76,315.0,77.23587004421144,240.0,0.0,28.096836536965036,0.0,109.48,22.496798140973766,0.4154220044437717,0,1024,1
1BFEC5F0-269D-4A77-A8FE-B324855362B3,12711,1,0.0,0,0.0,0,0.0,-1,933,314.0,86.29903756748864,199.03,-16.24106,24.3359732425873,0.0,118.49,7.42981582757308,0.12222656775176913,0,1024,0
5787E14C-7EE0-41B1-B1A5-59B80110213E,12711,4,307.3333333333333,5,0.1435764298638974,256,7.351113209031547,251,8,188.0,32.17150570130461,110.0,0.0,17.245841539590064,0.0,60.0,17.675639360423787,-0.15094038815954444,0,1024,0
3AA9BAE5-5478-4EAC-9B47-8ADF1CB0A257,2408,3,397.5,2,0.30315614617940195,36,5.456810631229236,58,136,250.0,50.75497040822564,163.0371,0.0,15.485299806198652,0.0,70.0,-3.877809914398476,-0.03526921476364389,0,1024,0
84D93928-D366-40B9-B0CD-38CC8B66D347,10057,3,408.0,2,0.07258625832753306,90,3.2663816247389876,129,115,416.0,151.27488967956893,293.4998,0.0,39.285849985825045,0.0,196.4203,6.608537588255132,-0.09003564308715342,0,1024,0
5E86FC79-E6CD-446E-9C63-AC9E1707FBDC,5417,4,231.33333333333334,1,0.06738046889422189,47,3.166882038028429,236,236,126.0,47.953587420775975,126.0,-2.33007,14.620308669471857,0.0,67.5,-6.470717050405604,0.08914475038067038,0,1024,0
624B1859-E127-4462-BAA7-7CA58C3E877D,1046,8,72.85714285714286,0,0.0,0,0.0,-1,417,887.0,82.8545444447425,289.2185,-119.6904,50.95664254598378,0.0,152.44775999999996,-16.38097639073017,0.11768006868469111,0,1024,0
346D5839-3153-4B86-9E48-E483953CA857,3927,5,205.0,1,0.09294626941685766,6,0.5576776165011459,930,108,554.0,121.4689156779493,344.1686,0.0,50.863662609439466,0.0,187.37633999999997,-33.52127750896781,0.12373062353426169,0,1024,0
35DD7336-6232-45C8-AC65-865B74AF82F7,6188,10,101.11111111111111,3,0.17695539754363285,75,4.423884938590821,373,14,215.0,56.33617101519345,121.8274,0.0,13.135283867170333,0.0,73.364306,-10.04561312586629,-0.028668375738949675,0,1024,0
C2FAE1E4-0998-46CE-BDDF-ABFF133095CF,12711,9,109.875,6,0.17229171583667688,382,10.969239241601763,611,69,462.0,117.90703033511039,422.7,0.0,59.882706047948886,0.0,185.4668,-13.961218215511636,0.5595906319234993,0,1024,0
869E16C5-F63C-4408-BE22-07DD3864C3FD,2210,5,93.0,3,0.4954751131221719,452,74.65158371040724,377,623,1330.0,232.67697295659667,873.3069,0.0,121.57544987597628,0.0,425.42179999999996,-99.99210978530036,-0.19325269756796484,0,1024,0
80F8F1CB-814E-4E45-8D98-C829821FC6EF,12711,2,0.0,0,0.0,0,0.0,-1,921,99999.0,0.0,0.0,0.0,0.0,0.0,0.0,0.0,0.0,0,1024,0
00E09BD9-1407-4988-A183-D1FCB78D4E71,12711,9,100.25,0,0.0,0,0.0,-1,138,800.0,284.3693449204398,615.0879,0.0,71.3387996720429,0.0,380.383,0.4819291536342689,0.2927586208857024,0,1024,0
5BC608D4-1CB8-4A06-97D9-A52C66D8FE89,12711,6,180.2,2,0.057430571945558964,47,1.3496184407206357,373,14,208.0,64.5801937514289,134.9521,-26.27249,15.160579941737886,0.0,84.32187,-11.522732091083213,-0.020598613029548896,0,1024,0
B6E89437-3901-4A40-A9A0-2382B7C4A7CC,12711,2,76.0,5,0.1435764298638974,1516,43.53237353473369,537,840,99999.0,75.34364371279551,268.6962,0.0,46.50112567915977,0.0,131.3074,-75.34211386310416,8.9535591270987e-05,0,1024,0
DDCA2D1C-96E4-44E8-B08C-07C0F868055F,12711,17,63.0,8,0.22972228778223586,176,5.053890331209189,2,0,200.0,53.99491597254953,559.48,0.0,31.514661623084166,0.08614585791833844,95.0,25.224605632388737,0.3179804434017289,0,1024,0
0D64E8E7-5C77-4B76-BCBB-E9DC376AFAD8,7119,3,213.5,5,0.25635622980755723,54103,2773.9282202556537,1,486,798.0,170.84020624784887,632.8123,0.0,69.66085925945973,0.0,255.2343,-20.70466360355877,-0.309604496944798,0,1024,0
9F341F7C-2641-4A78-ABBA-50A9DBFE3D8D,12711,13,58.5,6,0.17229171583667688,234,6.719376917630399,2,206,241.0,51.212359444470856,536.0,0.0,31.033168461670677,0.1435764298638974,92.0,25.394816481455074,0.3106953647683404,0,1024,0
50F9C677-6882-4699-91F9-DE04F0DAF557,12711,7,149.0,1,0.028715285972779482,4,0.11486114389111793,933,31,417.0,137.53601940109473,308.3862,0.0,35.25748008001884,0.0,174.9023,17.48450816834972,-0.3682910985868617,0,1024,0
0C5B0AA2-5077-4328-B167-81CC2F03E17A,6533,5,173.0,1,0.055870197459054034,141,7.877697841726619,856,216,435.0,157.7307694918738,313.2807,-35.96607,38.93306706197285,0.0,209.50872,-12.086389366873789,-0.11679449122219979,0,1024,0
98CC0281-EE7B-4AC2-A169-A459241C7670,12711,8,122.28571428571429,2,0.057430571945558964,140,4.020140036189128,363,50,470.0,130.72277656583833,1333.2,0.0,64.97349512491226,0.1435764298638974,208.9233,-28.90228990071489,0.6397752563107242,0,1024,0
1276D2BF-363A-46A7-AF31-BD3C63815533,2863,3,4.0,6,0.7649318896262662,104,13.258819420188614,49,909,90.0,29.68739648247503,80.01047,-4.67,16.759033215935155,0.0,54.741021999999994,10.22119008727806,-0.026568183115010698,0,1024,0
1365214D-F4D9-4FFC-930F-32DC34064799,12711,5,221.25,3,0.08614585791833844,185,5.312327904964204,430,20,256.0,72.63849446005555,234.965,-2.938464,37.61156732954758,0.0,123.0769,20.216669257074074,0.5347674650384836,0,1024,1
08EB8303-7573-4051-A6DE-AD9898401BF8,12711,11,98.7,2,0.057430571945558964,1062,30.49563370309181,330,19,259.0,83.83362621282605,179.2,0.0,22.99673839835406,0.0,108.3,-5.5073086757890195,0.0007017780840985659,0,1024,0
A90C95E3-C878-43A0-AFEA-D5352D3E0667,2942,9,95.125,0,0.0,0,0.0,-1,175,1180.0,132.25915333697804,801.8799,0.0,54.47194667044028,0.0,190.3076,35.515530154534304,-0.020102188325305487,0,1024,1
6E8DBE3C-4A05-445A-8254-7FE5F2384A53,3000,8,81.42857142857143,14,1.7033333333333331,2331,283.60499999999996,401,435,831.0,212.29592364265673,789.896,-7.859729,141.93274717548186,0.0,385.23957999999993,46.934003604256844,-0.29249292954346184,0,1024,0
527230AF-BDA0-4414-803F-A9AE9A58209E,7689,13,72.41666666666667,4,0.18988164910911692,330,15.665236051502147,281,57,251.0,96.68853776614124,233.4,-13.24505,17.73310677456205,0.0,118.3,-9.3949883834252,0.03739540318183664,0,1024,1
D9386093-6D65-4863-8CA4-A73B5947FFA1,443,10,72.66666666666667,0,0.0,0,0.0,-1,257,301.0,29.69832314413197,154.6127,0.0,36.01708836193228,0.0,80.541878,36.463142700003836,0.12026989038078456,0,1024,0
53EA041F-A40B-404B-B759-96E33C44F52C,2436,3,86.0,0,0.0,0,0.0,-1,729,602.0,191.70271322996697,525.3,0.002204452,37.36136594657139,0.0,238.74833999999998,-24.139181077189193,0.06688799081031967,0,1024,0
84AA2AB3-4D86-4C5D-A887-D03D6E04E384,1038,1,0.0,1,0.3516377649325626,18,6.329479768786127,394,902,452.0,68.66305169040454,283.7075,0.0,34.41616332724998,0.0,116.35097999999999,-13.348114147194664,-0.24667128345892575,0,1024,0
85BA9BE0-A063-41CF-8A8B-6F55EA4FBDF6,949,6,115.2,2,0.7692307692307692,69,26.538461538461537,909,331,151.0,35.42612967526646,126.8,0.0,11.564834779871525,0.0,49.3,-2.706168255281895,0.10638049165720762,0,977,0
6C0776E3-8490-41EB-8FAA-A036FA96F525,4251,3,446.5,1,0.08586215008233357,416,35.718654434250766,796,2,542.0,122.18854995211005,413.91,0.004389791,70.24822638363545,0.0,216.54361999999998,-3.6078138978939194,0.17301105613190765,0,1024,0
19C2D2FC-18E5-4CC8-AB00-42F530EF12CC,1398,2,185.0,2,0.5221745350500715,369,96.3412017167382,796,709,1040.0,192.00784305934926,524.9402,0.0,31.06448866923035,0.0,231.60948,26.24664801318164,0.27586769033537023,0,1024,0
A127858E-B72A-4E34-AB5B-6F2983E83348,2151,7,98.33333333333333,2,0.3393770339377034,160,27.150162715016272,78,301,602.0,122.25462830761919,306.2753,0.0,45.980990704208416,0.0,179.20838,17.323481734819097,0.3202744076822414,0,1024,0
6F9ECBF4-7CC7-4B22-AA2C-0468DCE1A12F,3307,8,122.42857142857143,1,0.11037193831267009,63,6.953432113698216,5,35,226.0,22.184383098277046,114.0279,0.0,12.768377119292522,0.0,39.278777999999996,2.291467352185922,0.043971207366571514,0,1024,0
5B009B1D-13C0-421B-8A3D-4D9D5387B8AE,12711,8,62.285714285714285,11,0.3158681457005743,4715,135.39257336165525,526,453,99999.0,12.710113739970256,77.47803,0.0,14.410543134788329,0.0,31.51855,-12.710113739970256,0.0,0,1024,0
5A6C3F9F-DB74-459D-82A8-BE84B7A0B5D2,9079,3,232.0,3,0.12060799647538274,89,3.578037228769688,101,423,314.0,35.42999810286117,115.7,0.0,17.172818570817892,0.0,58.3,1.2759664033116707,-0.4948519993323908,0,1024,0
951A6CB6-9915-45B3-B842-22E5C6FAA977,12711,2,116.0,1,0.028715285972779482,91,2.6130910235229328,932,885,803.0,219.4631155376666,1996.49,-279.99,144.33301346285663,0.11486114389111793,388.4758999999998,-69.69836050163806,-4.351540435749223,0,1024,0
FB912600-0A28-4998-A9DE-4B1CA9AFC007,12711,7,90.33333333333333,4,0.11486114389111793,1263,36.26740618362049,587,407,300.0,49.764253436382404,126.8921,-10.23551,18.28279503987618,0.0,75.57678,2.7118205875373462,0.04075447823743361,0,1024,0
43F3B249-81CF-4520-BC73-572928C04E1C,5898,5,79.5,1,0.06188538487622923,4,0.24754153950491692,409,563,377.0,65.28671218691316,215.7935,0.0,30.499796220805685,0.0,108.0703,6.66760833577203,-0.31310951239953255,0,1024,0
CCA3F62C-3ECA-4F0D-9E13-740291ED19C3,8015,8,125.28571428571429,3,0.13661883967560823,37,1.6849656893325016,51,1,150.0,58.174116616433615,270.1449,-2.0,21.6814278410203,0.27323767935121646,88.0,-32.80744994976695,-0.3443767634779271,0,1024,1
AE11A6F6-9BAC-4F37-AF8B-E21BA0D249A7,6799,6,134.4,3,0.16105309604353582,35,1.8789527871745844,124,206,798.0,206.87617464808147,730.8465,0.0,108.41988721136158,0.0,342.1875,32.665647824912355,1.0310138706082115,0,1024,0
091A9B8A-F32C-4375-99C0-780361B1ECE4,12711,16,61.6,4,0.11486114389111793,4142,118.93871449925261,51,16,440.0,126.76438437198993,332.7637,0.0,46.7429653962398,0.0,187.1948,-20.761534719513094,0.8399416080240543,0,1024,1
8D7F599A-E3D7-4794-BCCC-A88BAEA0921F,4795,6,154.8,2,0.15224191866527634,499,37.98435870698645,92,99,129.0,35.75024569329021,145.6951,0.006116094,8.378996810563478,0.38060479666319086,46.819188,6.5805594803209,0.09063725607924669,0,1024,0
04E69428-F9F6-451C-B02B-366623A29F1C,5145,4,215.66666666666666,0,0.0,0,0.0,-1,224,315.0,127.80544151199007,340.9546,0.0,40.16198405733618,0.35471331389698735,169.0948,-73.70647612263822,-0.15231296299423203,0,1024,0
67B5A77C-FDB1-46DC-824D-F0C43CC85E65,12711,10,86.11111111111111,4,0.11486114389111793,421,12.089135394540161,50,91,251.0,105.99978043695289,195.3,0.0,26.699560872781355,0.0,140.8,-11.58778198016276,-0.08428031238433766,0,1024,0
DD6BB91B-D0E6-4032-8F4C-1D6C6471FE06,8877,4,140.0,3,0.12335248394727949,318,13.075363298411625,418,448,269.0,154.28019537579712,273.7,0.0,31.369402485623556,0.04111749464909316,193.3,-33.82656883258724,0.27487037722981994,0,1024,0
DD4C4138-5AB7-4FD7-84FA-07BC8DB4DC3B,10084,4,151.33333333333334,1,0.03619595398651329,79,2.8594803649345497,153,560,489.0,123.44105295258987,282.0,0.0,36.263110110688906,0.0,170.0,-2.8958369032071545,0.14238611991410116,0,1024,0
BCB45581-9CC0-4607-8BB1-477B6E92CF1E,5660,3,312.0,1,0.06448763250883392,27,1.7411660777385158,871,243,131.0,28.443253064266166,76.5,-15.0,17.424120906447243,0.0,49.5,2.265080295301736,-0.07692702067359464,0,1024,0
B510BBF6-3B68-453D-B89A-D6DF249A471F,4397,3,397.0,0,0.0,0,0.0,-1,71,301.0,62.448053580018055,182.7204,0.0,33.327843688933044,0.0,105.94184,14.776410458360033,0.19277489558711133,0,1024,0
E9FC4B54-6AD5-434E-B3DF-E388AE5CE9E1,5627,2,0.0,1,0.06486582548427226,23,1.491913986138262,871,864,131.0,28.055919414657005,116.1409,0.0,17.3660191691402,0.0,49.5,2.272205611577565,-0.0773256469111729,0,1024,0
AE6D1D2D-2D77-4C15-8E56-6C675A7A76FB,1596,1,0.0,1,0.22869674185463656,152,34.76190476190476,796,864,250.0,39.8251116191841,236.3501,0.0,8.844110792015439,0.0,49.54419,-0.5273165767458323,0.047818107993977295,0,1024,0
7A814E4E-113F-4241-9E4E-A11CCB4B81A7,5880,2,14.0,12,0.7448979591836734,1509,93.67091836734694,83,849,264.0,111.77014449190817,833.48,0.0,24.58956009204783,0.31037414965986393,142.73719999999997,1.5860126840177458,-0.057220952118114704,0,1024,0
86F0B828-D353-4298-8E94-24D33B57D303,4170,3,325.5,0,0.0,0,0.0,-1,210,452.0,145.31581670044207,454.099,0.0,23.570868887228613,0.1750599520383693,168.0084,18.81757382424928,1.0972133218091673,0,1024,0
7A6F5E69-5A04-4CBF-91B9-93597B53F05B,4251,2,2.0,0,0.0,0,0.0,-1,861,151.0,23.943467709359105,331.7688,-11.9,5.3225074306806786,0.3434486003293343,30.0,1.5382452536038578,0.029263043448413642,0,1024,0
B5BA0E46-F802-497F-8FB4-5A3B2AD78CAB,4214,9,80.875,6,0.5196962505932606,777,67.30066445182725,329,217,301.0,30.045673758488803,100.1875,0.0,14.719574211936877,0.0,49.476516,-3.35996049552584,-0.04390401116418623,0,1024,0
87590A23-C0F5-4AC5-AD1B-19AA71EF7F7B,1162,3,65.5,1,0.31411359724612736,6,1.8846815834767643,973,819,452.0,54.41991447195529,125.3336,-9.038255,18.69630965996688,0.0,81.4788,-1.9059460992701105,0.16361023728176483,0,1024,0
4DB1A6C1-28BB-4FDE-8B25-1359372E6823,994,2,56.0,11,4.039235412474849,5007,1838.5865191146881,20,861,602.0,52.74285542690852,125.538,0.0,22.272102705894604,0.0,82.565988,18.87668457926432,0.3480608096129294,0,1024,0
6A3BD889-72BA-4693-9A92-8AA1074FB370,51,12,73.45454545454545,3,21.470588235294116,14,100.19607843137254,248,49,452.0,112.41008141762453,270.0,0.0,43.97282620568059,0.0,157.0,0.0,-0.02104310430259782,0,59,0
9E3215DE-B13D-45BE-8785-E7EFD7DF04B4,6942,5,162.5,3,0.1577355229040622,50,2.62892538173437,197,204,490.0,86.90114477631546,717.6804,0.0,37.933634191981405,0.0525785076346874,135.8936,-8.744847486886457,0.38478237958275435,0,1024,0
F4E603C6-F513-47F8-BAB8-89A5EDEEA250,12711,18,51.529411764705884,10,0.2871528597277948,216,6.202501770120368,64,45,188.0,36.128287842876254,109.0,0.0,17.449817766467646,0.0,59.0,-3.5627014231231655,0.11084781843206155,0,1024,0
5892C982-419F-4265-98B7-6CD0D7C0F2CA,12711,3,197.0,3,0.08614585791833844,4855,139.41271339784439,526,460,99999.0,10.361985946412492,193.0,0.0,13.035148643783492,0.0,26.79443,-10.361985946412492,0.0,0,1024,0
4764B324-754C-4709-AB20-B507812E1F39,12711,3,192.0,5,0.1435764298638974,29949,859.9940995987727,500,512,300.0,31.098652909532962,133.1177,0.0,11.372988465431613,0.0,47.69897,-2.143193256755186,0.029540652877786535,0,1024,0
0DA38EE8-2C8F-4957-9314-78C3CDCA156A,12711,2,120.0,3,0.08614585791833844,101,2.900243883250728,40,854,160.0,61.50887167548405,233.2578,0.0,13.855840875755186,0.1435764298638974,79.5,1.3314061022937267,0.05548112935747453,0,1024,0
36FB2CDE-4F84-4E29-831C-169E6A129F03,3227,2,1.0,2,0.22621629996901146,96,10.858382398512552,381,854,181.0,41.1832173008007,72.63777,-6.174105,9.509330203607778,0.0,53.456244,3.299117762316584,0.07656692514046828,0,1024,0
D986131B-4B84-4DE8-8BD6-C5782EFD6B64,890,2,75.0,3,1.2303370786516854,707,289.9494382022472,199,777,415.0,19.343618671035745,42.40417,-9.861,7.67624748658575,0.0,25.34485,1.3722847888407976,0.01417561264534701,0,1024,0
A78368AF-8EC7-4A0F-864F-E56BE0BFDACE,12711,12,48.81818181818182,5,0.1435764298638974,7553,216.88655495240343,95,385,461.0,123.39374079284674,325.9888,0.0,45.92758909722258,0.0,183.1665,-0.6013775302695876,0.1655243537608085,0,1024,1
58B94B72-5A8B-4265-859F-C8A42977D4A2,12711,5,126.25,2,0.057430571945558964,295,8.471009361969948,450,342,284.0,0.0,0.0,0.0,0.0,0.0,0.0,0.0,0.0,0,1024,1
1822C8E1-4D94-4AA7-BD98-62579A5C12A1,8608,4,77.33333333333333,4,0.1696096654275093,74,3.137778810408922,12,616,739.0,268.75026935978315,556.2332,0.0,87.44529537364247,0.0,384.69154000000003,-100.01141215993749,0.10460423281745022,0,1024,0
9E7D8206-B9AA-4402-B6B1-BD01C6880C60,12711,5,150.0,6,0.17229171583667688,347,9.96420423255448,784,245,649.0,152.8731329728959,1009.0,0.0,45.3226458864565,0.1435764298638974,211.377,26.905162125869566,-0.04053867514640265,0,1024,0
3F8CB57D-232F-4AFA-8982-21F12C598ABA,4746,4,111.66666666666667,1,0.07690686894226717,9,0.6921618204804046,511,511,128.0,8.397979629941528,99.30642,0.0,8.182682726626346,0.0,19.5,-8.397979629941528,0.0,0,1024,0
F1983F15-7F51-4D7A-A3A0-712D2EB7DF30,6880,6,81.8,1,0.053052325581395346,2975,157.83066860465115,716,430,798.0,211.02279551346652,556.7811,0.0,102.94909379645974,0.0,345.18494,32.42907309718166,1.0198299221859048,0,1024,0
47B23687-9630-4FD3-A667-184C83CB1869,12711,11,83.0,2,0.057430571945558964,12,0.34458343167335376,620,7,300.0,27.335183000196945,81.89392,0.0,13.544373694080129,0.0,45.59326,-8.20138185899324,-0.010220597573221432,0,1024,0
34BE9C23-C440-41D2-B64E-FB877B82CC26,3678,5,28.25,0,0.0,0,0.0,-1,804,151.0,39.445491575380146,937.077,0.0,14.489573896444853,0.49619358346927683,56.25,3.1390956159778796,0.055972916752372225,0,1024,0
A4C9F3F6-F74C-4B75-9891-FAE0F4BB135F,12711,5,85.5,2,0.057430571945558964,49,1.4070490126661945,24,494,803.0,263.0588250578959,1781.27,0.0,149.85889523554687,0.1435764298638974,508.392,82.82918281247453,3.1215012554931634,0,1024,0
DF39C2B8-B194-4461-93CF-F8717023C467,9914,14,58.69230769230769,2,0.07363324591486786,1446,53.23683679644947,155,78,479.0,59.45538449000659,230.0,0.0,19.908999444704058,0.0,86.0,-12.632544983833746,-0.09110086750541031,0,1024,0
33919A4E-8F11-445E-BDDC-4A17FE681A9C,2314,3,38.0,3,0.4732065687121867,376,59.3085566119274,322,756,251.0,67.56373290446732,213.1302,0.0,25.257582762203256,0.0,100.46548,-3.015258730007446,0.16807669191144034,0,1024,0
1D8017D7-E18F-40E9-8C24-00317FBD323F,12711,11,92.8,1,0.028715285972779482,750,21.536464479584613,69,73,1143.0,194.11775760697333,2998.323,0.0,96.39535016308177,0.08614585791833844,286.048,54.92088701254829,0.2098417112671111,0,1024,0
B9D48F63-C043-4173-A67E-F23A31D900DB,12711,38,18.0,6,0.17229171583667688,42,1.2060420108567382,236,145,1083.0,205.0483447134748,643.9819,0.0,100.55357741150881,0.0,339.5996,-30.1483324521013,0.2972305454350272,0,1024,0
28DA8065-B3BF-4CA2-916A-4BF7784FDD8B,302,5,185.5,7,8.460264900662251,661,798.8907284768211,223,85,226.0,45.43799080787431,113.0191,0.0,20.783162163404562,0.0,67.74329200000001,4.604056960644215,0.18894115829568045,0,340,1
F0E862AB-F49F-485A-89DF-A6CF42B265E0,9302,2,1.0,0,0.0,0,0.0,-1,828,1245.0,566.4856486040462,1079.55,-544.53,129.91383853110815,0.0,726.88,35.73490772311425,3.5187020419754855,0,1024,0
056D6EC5-21CC-4C5B-B7CA-3D38576A0279,9888,13,69.91666666666667,3,0.11074029126213593,410,15.13450647249191,348,87,259.0,87.15006412843724,170.64,0.0,20.946064924709667,0.0,111.12,-7.117891878437234,0.030727908985028436,0,1024,1
AEA2D23E-9BE7-4555-B4E4-220F5AABFC92,12711,7,110.83333333333333,3,0.08614585791833844,183,5.254897333018645,413,158,803.0,208.54208606932568,589.8285,0.0,62.65047232343202,0.0,286.7432,-8.848288342473808,0.1425415069805533,0,1024,0
30AA272A-2443-466C-8986-905EB5D3F7AD,1001,2,21.0,3,1.0939060939060938,45,16.40859140859141,655,826,301.0,35.16976607143099,140.1394,0.0,13.070401823771396,0.0,48.04993,-4.126117082233456,0.1046083717742691,0,1024,0
EE4D2C52-4A10-45E0-B6F5-521EAEFDAD37,1262,2,721.0,2,0.5784469096671949,55,15.907290015847861,351,103,150.0,46.15923886884623,543.739,-60.68541,15.505616727289043,0.28922345483359746,65.661172,3.3069134862463656,0.03786409883234281,0,1024,0
25F29DF5-0E1A-4FE9-998F-5E7F27FF09E0,12711,3,29.0,1,0.028715285972779482,45,1.2921878687750767,797,765,452.0,58.671578957798786,223.8281,0.0,30.1591012886482,0.0,99.8291,-16.707297966193842,0.032608882462725766,0,1024,0
FC6B3965-A1E8-439C-BB1D-0672F06F6AD5,12711,4,124.66666666666667,0,0.0,0,0.0,-1,446,690.0,127.22451035953193,463.47,0.0,59.327740503724975,0.0,202.59399999999994,18.87520954787547,0.26542796607249874,0,1024,0
69C1837D-05FB-4DCE-9762-49EE62C325F2,12711,7,112.66666666666667,0,0.0,0,0.0,-1,144,555.0,82.65149386608894,300.6,-14.19146,49.89310515525019,0.0,150.0,-13.999919408527205,-0.15459494194821055,0,1024,0
AD4CF9BC-FF28-484E-9298-0888B25E0C4F,9574,3,311.0,1,0.03812408606642991,380,14.487152705243366,796,196,193.0,22.932589019266945,139.0038,0.0,9.730909539560912,0.0,34.45901,0.38914486036268414,0.11372396238102665,0,1024,0
1303801B-9DB3-496F-8BB0-64867A2873B6,4437,1,0.0,2,0.16452558034708137,857,70.49921117872437,557,816,150.0,33.41728688149164,127.5189,-8.566734,12.52707235813049,0.0,50.0,1.9691328715947805,0.0998838448276342,0,1024,0
9FC1C01F-67B5-498C-9767-59A59BDAC33C,4437,1,0.0,1,0.08226279017354068,863,70.9927879197656,557,816,150.0,33.2844675952651,74.0,-17.0,12.476454742600945,0.0,50.0,1.9702391948583582,0.09936817759848467,0,1024,0
4BA78034-FD46-43EE-A492-91B02B6AA81C,3556,4,83.33333333333333,1,0.10264341957255343,5,0.5132170978627671,815,563,452.0,61.502973789415066,235.6567,0.0,32.92240608155169,0.0,107.0,-3.8855355178101263,-0.019536819817773297,0,1024,0
BDE9DF47-1D5C-4BB5-A915-C6CF640FB6B3,4156,2,499.0,3,0.2634744947064485,283,24.854427333974975,69,315,753.0,300.9677403309134,483.7311,0.0,56.25391438875344,0.0,374.61114000000003,-16.73872964557387,0.4748099630622882,0,1024,0
08B98F4E-B5D2-41BE-8170-FD13A74212B6,7628,5,76.25,0,0.0,0,0.0,-1,533,251.0,85.86391196698202,235.5157,-10.10948,34.76782354416663,0.0,126.87974,-5.101466370608563,0.27490836176379,0,1024,1
528A33E0-3710-44BB-ADBB-31CC96707FD7,994,3,50.5,12,4.406438631790745,5373,1972.9828973843057,645,812,602.0,52.59500836329025,127.9552,-22.61637,22.234232174218256,0.0,82.32989599999999,18.77445731803691,0.3467249716008068,0,1024,0
71CC2757-211A-4D92-973D-6FE88DB85E16,8147,9,78.375,3,0.13440530256536148,2937,131.58279121148888,413,183,803.0,76.84131093665066,348.1875,0.0,79.88454193814667,0.0,171.594,-60.6988736682093,-0.836087404116768,0,1024,0
29C7EAB8-D7D7-4A3B-879E-1DD369918805,878,3,71.0,0,0.0,0,0.0,-1,714,602.0,100.84950178412461,296.8852,-941.73,57.59560915475059,0.0,170.46761999999998,37.53791171842167,0.4666120678862407,0,1024,0
8AE501DF-C350-4C40-81DC-A2C546FC5FD2,12711,3,61.0,1,0.028715285972779482,144,4.135001180080246,796,686,269.0,40.40698694818095,513.5625,-1.84608,51.25637392763019,0.11486114389111793,114.2,-39.87695608390626,0.0017454829780650355,0,1024,0
69B1356D-9B55-4313-A586-70B6E0AF1C7B,4704,11,61.4,2,0.15518707482993196,25,1.9398384353741496,234,198,490.0,86.90219275744701,233.9625,0.0,35.976270580760435,0.0,133.74581999999998,-10.690526911768004,0.39070047710845707,0,1024,0
1C735AAE-BF43-4FC0-A480-B058C93EA0BC,1925,6,160.6,8,1.5168831168831167,215,40.76623376623377,639,2,151.0,43.01250753513407,231.1351,-24.59,13.87942220802102,0.1896103896103896,58.423348,-0.6758324252699808,-0.05398830878340324,0,1024,0
556A3991-C410-4811-B60B-4FF7A80A1ACB,5115,12,57.18181818181818,2,0.14271749755620725,28,1.9980449657869013,95,252,471.0,132.12716968023952,288.8838,-49.69661,50.84459344168305,0.0,197.0855,-0.2026774188089746,0.17686827247871487,0,1024,1
8E05A8A5-DD1B-4B13-92EB-C31DC70FEDE3,12711,6,139.8,4,0.11486114389111793,117,3.3596884588151994,235,98,497.0,42.126916910066754,283.0,0.0,35.726903935312,0.0,85.88589,47.920382472649294,-0.39053798365606807,0,1024,0
4CE9C71E-D028-4FF1-95B3-64E7F3D0B71C,4363,5,204.75,4,0.33463213385285356,328,27.43983497593399,363,56,624.0,108.5133055560967,264.7833,0.05165524,63.518268213319686,0.0,199.53902,-47.84634414149638,-1.3420689544936888,0,1024,0
6AED5992-7C51-4238-A9F6-C08E540DE9DF,6385,2,1.0,0,0.0,0,0.0,-1,795,485.0,74.32972704278187,328.2493,0.1116015,56.12919106535506,0.0,165.38753999999997,-3.4583746633759915,0.1314501745952737,0,1024,0
6EB5F12C-D18F-4C82-993A-D3CCA383645E,12711,6,103.2,6,0.17229171583667688,359,10.308787664227834,200,484,256.0,99.23511298369407,236.0945,0.0,26.0689146900327,0.0,130.41826,7.6748865988676584,0.057731616941062366,0,1024,0
15BCC681-BAF8-4836-8374-8E8F76FAF496,12711,15,59.0,3,0.08614585791833844,79,2.268507591849579,242,174,266.0,57.93246082612889,400.0,-2.660278,36.74001392746631,0.028715285972779482,102.8042,-53.107254208304816,-0.273176566182913,0,1024,0
A349FD0E-894E-41AC-8DEF-BE606B973E11,1398,3,224.5,2,0.5221745350500715,411,107.3068669527897,422,469,301.0,39.04615255209546,163.8731,-12.16988,22.51526506415376,0.0,69.31835600000001,9.093024905466272,0.004384385825478225,0,1024,0
C3ECB37A-111B-4258-BA51-B70E4D7FD316,3031,7,38.833333333333336,2,0.24084460574067965,112,13.48729792147806,772,539,554.0,72.822302084253,246.0,0.0,48.87199639187999,0.0,145.0,3.9098738416729333,0.06960261440591285,0,1024,0
7D626F8A-1B14-4815-9BA8-A7E1C57ADBAC,9731,4,187.0,0,0.0,0,0.0,-1,210,151.0,8.661501470792473,34.0,0.0,3.4882315494853917,0.0,12.0,-3.973407755977658,-0.004382210567038486,0,1024,0
EB09302D-6254-41C9-99E7-3B47FB47A1A5,5487,4,3.3333333333333335,1,0.06652086750501185,4,0.2660834700200474,285,762,450.0,163.39738005460214,345.0,0.0,43.94013900777936,0.0,225.0,-39.01890783237991,0.11524085049353677,0,1024,1
8E7EEB14-88C7-4566-AB9C-B7652DCC1FF8,1631,2,179.0,1,0.22378908645003065,6,1.3427345187001838,116,770,678.0,70.18187475178442,149.0,0.0,14.121473960239737,0.0,90.0,6.4590203099439805,0.1669076657840034,0,1024,0
C5C33F4D-06F6-4F27-877D-B9CEB5C8A18E,2092,5,164.25,3,0.5234225621414914,481,83.92208413001912,107,108,803.0,239.06160539128132,486.68,0.0,128.70819121746118,0.0,397.054,103.42126729390384,-1.4680960766765265,0,1024,0
E25A9E4D-8B06-4CC8-BA96-6BCCD553FF0E,2012,6,99.6,3,0.544234592445328,24,4.353876739562624,64,266,661.0,148.37468824808147,421.0515,-28.4,41.11829196544226,0.0,205.9921,8.315499005367599,0.4041253004860212,0,1024,0
E9EA01A7-51FB-4007-89A4-3B90EFB7F30D,1398,1,0.0,1,0.26108726752503575,351,91.64163090128756,796,764,209.0,27.661141358233653,254.5073,0.0,7.493088306565661,1.3054363376251787,37.786691999999995,7.14724001676635,0.057512657197016516,0,1024,0
CC7E70EA-3730-4F8E-A341-78672A20898A,4214,6,95.0,7,0.606312292358804,1190,103.07308970099669,264,287,301.0,30.25292967431594,116.1568,0.0,14.818844951243614,0.0,49.80309,-3.3956782238529755,-0.04313777296331111,0,1024,0
FE545373-09C7-4B48-83D2-0F570115D144,4106,2,1.0,0,0.0,0,0.0,-1,760,452.0,117.25629860234844,430.8,0.0,29.57858783661791,0.0,155.0,8.755969916170088,0.014902559986711283,0,1024,0
9D35A429-C049-4FF8-9B46-54C59CEF091E,12711,2,677.0,3,0.08614585791833844,253,7.264967351113209,422,82,80.0,21.75805391081652,80.93059,0.0,3.9145867614293754,0.028715285972779482,26.59706,0.563636120124837,0.02283283461302072,0,1024,0
A4988DFE-12D9-4329-AC56-03D916CB9DDD,2744,6,87.4,1,0.13301749271137026,1078,143.39285714285714,817,320,301.0,67.65191217783723,125.5963,-13.2,18.314300105076633,0.0,90.486068,-5.132907156232299,0.013135709944698263,0,1024,0
1027E58E-BAC6-4764-A221-B5E9CD14F578,6417,13,52.166666666666664,1,0.05688016206950288,17,0.9669627551815491,608,129,472.0,115.88694173925447,335.083,0.0,49.96369504653931,0.0,187.1338,11.374037094850479,0.1693066669918079,0,1024,1
9A16E6CC-35EA-4085-8F3B-26C879F429AF,7081,3,270.5,1,0.051546391752577324,18,0.9278350515463918,870,218,134.0,36.95754828779737,76.4,0.0,11.32759153707054,0.0,51.3,1.9385551102736187,0.027814848009262625,0,1024,0
E8041C3A-6723-4437-A50A-1372FD649736,3759,6,135.4,1,0.0971002926310189,84,8.156424581005588,623,77,452.0,107.70910031442541,289.6738,-1.440048,43.08611348208542,0.0,161.38611999999998,-14.75723438903961,-0.21388260811261173,0,1024,0
300C9711-3ACB-4AEF-BB6F-34E20D5D9A0B,9708,5,76.75,0,0.0,0,0.0,-1,512,251.0,99.0246726601031,272.0423,-4.266948,39.89509932222588,0.2631850020601566,146.08426,-3.5612820211370604,0.31758654328412905,0,1024,1
4EC99980-7AE9-4198-A8EE-8F5D45187CE4,12711,8,109.28571428571429,6,0.17229171583667688,583,16.741011722130438,246,245,741.0,234.73232306783163,403.9957,0.0,52.278425055984506,0.0,281.01457999999997,17.804450643588154,0.07904810403523728,0,1024,1
2023419F-4043-4170-AEA7-05DBFA33862A,12711,4,249.0,2,0.057430571945558964,383,10.997954527574542,80,8,301.0,18.23802425336238,66.12592,0.0,8.121343811400576,0.0,26.420194,0.9352863733351526,-0.08559018647123919,0,1024,0
17BC69F2-B472-4E68-B3FF-ACA5DF03A22B,3431,2,203.0,1,0.10638297872340426,18,1.9148936170212765,746,756,151.0,19.02275700014262,135.0,0.0,8.787137979990785,0.0,31.0,-3.105550210019162,0.013913640458569758,0,1024,0
A36BFD2A-F7A3-4F18-89A2-9C3BBE26BE72,12711,12,83.0,0,0.0,0,0.0,-1,98,479.0,56.59235047067852,243.0,0.0,28.29337779125797,0.0,97.0,-13.196285655863704,0.15651846592854385,0,1024,0
1CA24DE5-6DBA-4B99-A85E-2EA01B6014B3,12711,9,67.625,0,0.0,0,0.0,-1,209,693.0,160.7982669302975,312.4,0.0,39.53374958182145,0.0,206.1,-1.6971481031370104,0.06403887882805122,0,1024,1
CA42DCD8-C723-4A4E-A419-075957FF3D66,3038,10,59.0,7,0.8410138248847927,141,16.940421329822254,53,217,717.0,165.33490499074864,383.7634,0.006523287,45.5928823322694,0.0,224.88449999999997,-7.833082793935375,0.3914070419198397,0,1024,0
DF31F146-AF53-46F7-B6EA-C3E4CD17D847,12711,4,241.66666666666666,5,0.1435764298638974,551,15.822122571001495,9,117,259.0,76.78455536580422,195.511,0.0,23.155317706963245,0.0,102.68338,24.34240155104763,0.7147630032656768,0,1024,0
2A5A656E-58E0-41C8-A030-B15FE0F53430,12711,11,63.1,5,0.1435764298638974,723,20.761151758319567,681,159,302.0,67.23798811708627,226.8677,0.0,33.41855341121558,0.0,105.5969,-6.75276616790417,0.4591756799189167,0,1024,0
02AD46F5-AA2C-477A-BAC0-9B37656EB37F,8582,5,95.0,1,0.04253087858308087,63,2.679445350734095,868,630,98.0,25.298800634158248,60.00026,0.0,9.32255060237421,0.0,35.97672,-0.10793142027707248,0.07258018335072988,0,1024,0
37B802CD-A714-4468-8211-FC89C5384BB7,12711,5,202.0,0,0.0,0,0.0,-1,43,107.0,24.37437032555295,63.75095,-7.136641,5.560355309082643,0.0,30.573496,-2.230334295024903,0.0023557920789427874,0,1024,0
038FF4AB-E23A-42A5-A516-276DEA942BB5,6629,2,115.0,2,0.11012219037562226,97,5.34092623321768,130,634,136.0,38.18751582423207,79.40333,0.0,13.582558375469644,0.0,55.02602,-1.8140966288539886,0.0580390444115373,0,1024,0
4D70620B-BFBC-4F9B-8011-D2C9B02C00FA,4106,2,7.0,0,0.0,0,0.0,-1,749,151.0,26.716120832370468,59.0,-44.25,7.261846542253776,0.0,36.0,0.4777063281233609,-0.013385054396316064,0,1024,0
C3FD8C18-F21C-4F8D-AFB0-AE5BFA90FF98,12711,6,192.8,3,0.08614585791833844,1416,40.66084493745575,244,21,228.0,44.27791678173409,3261.424,0.0,20.977375467758353,0.028715285972779482,70.24364,-3.567774339372974,-0.027870177722311748,0,1024,0
AB54C437-ADC5-456C-A346-438A3B4BB50E,6949,3,346.0,3,0.15757662973089653,665,34.9294862570154,476,62,820.0,125.58382891603904,454.0,0.0,78.95001623793364,0.0,238.0,-43.00566533579213,0.05187706072529931,0,1024,0
CD712F25-2578-4742-8566-6A43356A5998,5506,4,197.0,9,0.5966218670541228,1471,97.51452960406829,119,167,392.0,124.49974473563525,277.3879,-12.50327,32.84222735438186,0.0,155.86214,10.157156191062299,0.11840517266808397,0,1024,0
FA08B10A-47AA-4772-989C-E679E91CA2EE,12711,5,41.75,2,0.057430571945558964,369,10.595940523955628,10,735,107.0,36.377712807731236,97.9,-153.4085,6.834959190414629,0.0,45.0,-0.08765107933616889,0.02714497217302755,0,1024,0
5EEB6A31-85AD-48E8-B1AC-6C5B174D7321,12711,5,140.0,0,0.0,0,0.0,-1,180,693.0,169.71406929530647,328.6,-4.096977,41.225815645779626,0.0,217.5,-1.9399720730842773,0.07732749927958395,0,1024,0
DEA79AE6-198D-4E74-BD03-0DD4BD589EC7,12711,10,79.44444444444444,0,0.0,0,0.0,-1,20,800.0,301.8520932635162,1010.925,0.0,91.5265345543288,0.028715285972779482,414.62843999999996,-3.124414799010083,0.30223893016599696,0,1024,0
9DD19E83-FCEA-4D9E-9268-C0CAE7F360EF,12711,10,43.888888888888886,6,0.17229171583667688,369,10.595940523955628,748,604,739.0,107.38340160553358,446.06,0.0,58.32173430534969,0.0,179.61,37.99445950557751,0.251964897358027,0,1024,0
C4F3FAC7-F8EF-4BBA-B4C7-B428523D59D5,2366,6,120.0,9,1.3884192730346576,189,29.15680473372781,17,344,151.0,25.79391722103211,98.2241,0.0,10.048505742339065,0.0,39.286612,-0.6422710208546398,0.07995132766060144,0,1024,0
3E35053E-1B5D-4BFA-8924-2C873EB506EB,5817,9,68.625,4,0.25098848203541346,356,22.337974901151796,378,184,256.0,74.69212688892134,249.6,-1.851,44.80046026665531,0.0,138.3,41.79117416756014,-0.0725519346744931,0,1024,0
0D71D5CD-14C2-40C4-9DC2-1A42AECB1007,5814,4,82.66666666666667,0,0.0,0,0.0,-1,735,251.0,88.98318721066303,286.0,0.0,43.3555403704612,0.2511179910560716,154.0,-19.15031684029266,-0.1773249326620864,0,1024,0
A9441B94-9CE5-48A5-98C9-4C5026B2554B,6880,13,81.08333333333333,3,0.15915697674418605,15,0.7957848837209301,519,9,203.0,38.90979782270607,110.0,0.0,18.92514762859681,0.0,64.0,-4.377699057273972,0.11752010993581168,0,1024,0
039F4325-748B-4AD3-856B-A4107D4F9B4A,4359,3,154.0,0,0.0,0,0.0,-1,425,554.0,119.19453851533817,337.3034,0.0,52.68650018803946,0.0,186.45102,-30.27307953015297,0.12520553063287332,0,1024,0
DD003CA7-B370-4F1C-A878-C9186208F1EE,9036,4,218.0,4,0.1615759185480301,155,6.261066843736167,98,80,792.0,242.7823343090182,974.68,-24.358,84.16631851040832,0.04039397963700753,349.03,-32.18154418556139,2.2990923182101928,0,1024,0
E50B28CD-CAA2-43B2-A05B-6EDC4F3DA836,1332,4,201.0,0,0.0,0,0.0,-1,129,887.0,97.55300958510531,236.667,0.0,31.74383063914557,0.0,136.8226,-2.452514896833705,0.005316103331138229,0,1024,0
FED111EB-CCDD-4817-8961-13BF305C41EA,8362,6,189.8,1,0.04364984453480029,14,0.611097823487204,483,50,178.0,34.20432605687179,123.4269,0.01054682,14.616671569491688,0.0,55.086113999999995,-2.7854456542004975,0.19756320708188918,0,1024,0
1D8C85DB-215C-4A9B-95F8-CFAAF8B7FF81,12711,9,50.25,5,0.1435764298638974,495,14.214066556525843,477,465,99999.0,10.220650695392775,239.63,0.0,11.472754195736242,0.0,24.31641,-10.220650695392775,0.0,0,1024,0
78AC9471-AC70-4BEB-8641-A51A07FE0B39,6314,5,88.75,5,0.2890402280646183,662,38.26892619575546,67,372,259.0,94.54073100966403,206.5869,0.0,23.821374882637965,0.0,125.2222,10.130543788175473,0.2073778627744608,0,1024,0
637B4840-C7EB-4E4D-A7FA-BA12322AF8DC,5471,5,111.75,1,0.06671540851763846,223,14.877536099433376,796,282,811.0,426.4548604601146,629.5574,0.0,33.48870994897756,0.0,462.52066,9.382735427231012,0.2324820442677424,0,1024,0
15E752D2-5816-4ABC-9A94-9413FC7C5BF9,954,7,136.33333333333334,0,0.0,0,0.0,-1,116,802.0,106.3928389256827,346.5729,0.0,69.2416215618651,0.0,187.40155999999993,69.62937439916297,-0.65533439520845,0,1024,0
78FE1262-E81F-4AA3-9E68-B4DF3DB9BDAD,1247,4,216.66666666666666,3,0.8781074578989575,253,74.05372894947875,409,102,452.0,103.06101263869552,196.1997,0.0,28.722808803756617,0.0,145.423,12.943203759452643,0.06341500898248252,0,1024,0
5ACB4C39-0501-4B0F-B92D-F4D32196BFA8,5869,4,77.0,3,0.186573521894701,73,4.539955699437724,394,721,377.0,43.09991206272454,240.8213,0.0,30.36238497966205,0.0,84.0,-14.814958359020839,-0.1525965139729536,0,1024,0
22610DBA-9F12-4164-BCC2-BAF02CC3C38F,6972,4,201.0,1,0.052352266207687896,207,10.836919104991395,796,112,171.0,18.67200331093333,235.1959,0.0,4.786418104697162,0.26176133103843946,24.55925,2.0954377277240788,0.041096404694834256,0,1024,0
A212072B-32B4-49B4-ABBC-CF03C659F7E3,3966,8,97.71428571428571,5,0.46016137165910237,661,60.833333333333336,84,234,1188.0,308.89307062283103,934.24,0.0,154.1237832454364,0.0,541.3439999999999,-152.01661923394215,1.1422916060738078,0,1024,0
53FACE0D-C0E1-4009-91C9-CA879B3F48F0,12711,6,73.6,1,0.028715285972779482,60,1.7229171583667688,796,365,266.0,113.29300902565757,319.9,0.0,29.372559076528955,0.028715285972779482,148.8,-29.015362420642134,-0.21636790435688197,0,1024,0
063B9AB9-5AC9-4600-862E-B3FDC77392F0,12711,10,96.22222222222223,1,0.028715285972779482,189,5.427189048855322,649,11,887.0,236.21268539868385,558.0,0.0,113.1555145559062,0.0,369.0,-61.337299596214706,0.03622972429135679,0,1024,0
5976B219-558E-4D60-97C1-37CB026B0D81,5068,3,188.0,3,0.21606156274664562,426,30.68074191002368,62,337,357.0,40.44116415275014,140.0,-3.289,19.35804328148846,0.0,59.0,3.3157802916943027,0.033535804603181125,0,1024,0
62F5BB0D-8F8B-4278-8C01-3DB60B53DEC9,12711,5,141.75,7,0.20100700180945638,2108,60.53182283061915,143,144,450.0,91.02636816573512,350.0,-10.07334,48.26906241016226,0.0,147.0,0.9639867725364866,0.16910323862563548,0,1024,0
D00320B6-6D62-4359-BB2E-76E9F7739537,12711,4,181.0,5,0.1435764298638974,1744,50.079458736527414,187,164,199.0,60.84650532914084,239.6283,0.0,20.464281795261392,0.1435764298638974,86.0,-5.7314590328445405,0.1899210807918204,0,1024,0
A98F3C84-3F34-48AE-9052-56A5E5934AC2,12711,14,68.23076923076923,3,0.08614585791833844,26,0.7465974352922665,277,44,887.0,277.440495904161,576.0,0.0,81.61959155489501,0.0,368.1,-10.572270595519058,0.17795445711152386,0,1024,0
A78A0D46-2591-45E4-A2FF-82E5246E3094,12711,6,156.2,0,0.0,0,0.0,-1,174,1044.0,4.730867003742012,521.246,-728.1993,41.18541707330244,0.0,0.0,49.29498072773947,3.0206038694535526,0,1024,0
5E761A88-76FE-4198-8E85-039CE77EDEF9,4046,2,143.0,4,0.36085022244191794,575,51.872219476025705,199,560,452.0,206.48419593369636,435.8955,0.0,43.40368985017395,0.0,262.24208,12.56839118821722,-0.11701895013924063,0,1024,0
DF88F395-7D5B-4E72-AB84-030D8C44E9C9,7564,6,18.4,0,0.0,0,0.0,-1,687,440.0,185.50701812165954,348.58,0.0,42.05620989957999,0.0,246.69,40.73761382278488,-0.01500980973896573,0,1024,0
CD471C9E-4DB6-4A0B-A7BC-EDB6084321E5,4269,8,77.42857142857143,2,0.17100023424689623,209,17.869524478800656,418,158,301.0,78.3511495377755,504.8663,0.0,18.087999931873526,0.4275005856172406,101.76523999999998,-23.625407066324883,0.0855778155527395,0,1024,0
67283C11-F89A-4F7F-BAC7-026CCF896C40,12711,1,0.0,0,0.0,0,0.0,-1,700,188.0,29.33429883253988,78.2,-24.0,9.98447559933832,0.0,42.2,-2.209970126675678,-0.03699356453840236,0,1024,0
D28C46DC-BF3E-41DE-AD8D-98E577997D49,9848,6,127.0,2,0.07412672623883022,57,2.1126116978066616,331,62,489.0,74.33922996332788,1061.0,-112.125,42.55703164742007,0.03706336311941511,130.0,-1.454149551151957,0.6755269385781663,0,1024,1
C82E945E-0D25-461E-915C-B4C89B4C6015,8882,8,71.0,1,0.04109434811979284,6,0.24656608871875704,486,193,739.0,166.04286027097328,409.0731,-2.6,72.75290095136764,0.0,252.7095,14.931985408039054,0.5993024973360563,0,1024,1
D7226C0C-05E0-4A38-8ACE-0DF171DE1DF7,4330,2,174.0,5,0.4214780600461894,554,46.699769053117784,296,693,452.0,167.89340607700856,351.4146,-135.7022,60.57829402750424,0.0,248.49854000000002,-63.996013337811036,-0.054065693939227874,0,1024,0
1DB4A099-6EE9-476A-8F02-F2CBF243200B,9486,3,380.5,2,0.07695551338815096,133,5.117541640312039,5,0,489.0,153.2903352869668,310.0,0.0,29.48024428021004,0.0,190.0,5.090760392045524,-0.3296197404345116,0,1024,0
03043F46-6D02-4C93-8520-5A32BB0B8D14,2939,3,317.0,0,0.0,0,0.0,-1,52,1246.0,185.18028890232063,491.9,0.0,49.617074500094674,0.0,249.7,-24.67615309985149,0.7807231231106438,0,1024,0
B8553E8A-AEDB-4CAE-AE4A-3F3CFC08026D,12711,6,111.8,1,0.028715285972779482,92,2.6418063094957125,714,154,314.0,61.80145469856772,188.0,0.0,20.517071748580484,0.0,88.0,-2.7259145751109273,-0.19256395394042305,0,1024,0
580F42B9-F6B8-45AC-B957-36049DF0A63A,12711,5,150.75,2,0.057430571945558964,27,0.775312721265046,716,112,377.0,156.49332328334117,333.7983,-483.7,40.505374020422565,0.0,209.58341999999996,28.224483369436598,0.4028037367345967,0,1024,1
1D49708A-644C-4562-9BDC-F363556740C4,867,7,85.16666666666667,17,7.1568627450980395,1190,500.98039215686276,44,176,60.0,5.213554982364085,27.062,-5.72205e-05,5.84456663841252,0.0,12.445,1.0381284281297418,0.03305103001970515,0,969,0
A307702A-865B-442F-A6F3-D9CFDD7DE0E8,902,7,66.66666666666667,1,0.40465631929046564,11,4.451219512195122,587,445,887.0,116.03288345882089,527.9236,-4.22,73.7389422939506,0.0,210.8154,1.9580933009013108,0.06749503850018425,0,1024,0
237A5DCE-58B2-45C6-BB33-140395E78921,7132,12,43.63636363636363,3,0.1535333707234997,58,2.968311833987661,313,259,472.0,156.30760162634894,534.313,0.0,43.07199099605884,0.2558889512058328,202.4231,-10.97937642650325,-0.07389759747845832,0,1024,0
0CA68153-851D-4968-A9DC-0C42009EFDE9,12711,11,72.2,0,0.0,0,0.0,-1,33,693.0,192.3825676160601,481.1312,0.0,87.96428748131147,0.0,311.3920999999999,-42.79144707794279,-0.3384996710611742,0,1024,0
B09F4E36-28B7-431A-90DE-64AB1C2A7F8A,12711,8,47.857142857142854,1,0.028715285972779482,164,4.709306899535835,796,469,269.0,136.74563352733838,261.9,0.0,21.69886696100535,0.0,162.0,-24.941837231042072,-0.053891941392047796,0,1024,0
09531D9B-5C40-4E4C-9FF9-8F254CE91CDE,12711,8,108.14285714285714,2,0.057430571945558964,434,12.462434112186296,70,36,800.0,320.45076040345816,790.2831,-3.236415,80.21552849279021,0.0,415.192,18.463898215369,-0.4156513736095605,0,1024,0
730975BB-1E09-4FC7-A169-C4AD051BA7C3,3332,5,139.0,7,0.7668067226890756,454,49.7328931572629,410,323,416.0,78.8351785079316,265.6706,0.0,40.25779029452848,0.0,133.39097999999998,-10.511683251527273,0.14869433259958703,0,1024,0
8D49D287-FE99-40A8-B5DA-B98817B8B295,12711,5,105.25,0,0.0,0,0.0,-1,381,271.0,76.82584908770299,162.4763,0.0,15.072054551375277,0.0,92.03514399999999,5.861832122945145,0.06174503326934763,0,1024,1
3820730B-D446-4C90-947C-92FE4D813F7A,12711,7,115.16666666666667,2,0.057430571945558964,200,5.743057194555896,273,16,271.0,78.28600419054106,172.9087,0.0,13.880949142218581,0.0,92.67041,4.217366457900283,0.025955837183878405,0,1024,1
2FB42A0F-3126-4CA4-850B-AFED58E6F1BD,4491,2,1.0,4,0.3250946337118682,658,53.47806724560232,199,677,901.0,148.95373231121857,491.0889,-67.0,65.0643779174411,0.0,228.5156,-2.6702357749531416,0.6244794220850328,0,1024,0
322348D6-CAA9-48CF-801B-69047E083E89,1008,3,132.0,1,0.3621031746031746,4,1.4484126984126984,109,677,452.0,81.80850863496032,293.8461,0.0,45.15158405896167,0.0,144.8679,3.500564560255725,0.11142163401338061,0,1024,0
9DED6C01-5F39-4D14-ACAD-AAB508EEB6BA,4326,3,118.0,2,0.1687471104946833,169530,14303.84882108183,1,676,887.0,147.80487004910117,356.5359,0.0,73.30220559983742,0.0,234.53325999999998,-2.117421866230785,-0.3111738721340013,0,1024,0
BAC94273-4572-4578-8CA3-1DBFB8291294,12711,18,38.23529411764706,4,0.11486114389111793,184,5.283612618991425,380,358,269.0,73.62238425421909,514.576,-74.02341,21.07834253696593,0.1435764298638974,100.08402,-4.013487527367232,0.06218784657450094,0,1024,0
1B963941-733C-4279-AA9A-F207BD0D1F18,12711,20,42.73684210526316,3,0.08614585791833844,47,1.3496184407206357,371,70,452.0,102.03273505632237,772.1361,0.0,44.82645700608491,0.028715285972779482,154.0833,-2.5158622322482813,0.14226336631628136,0,1024,0
1A17FB4A-5F58-4C7D-BF39-6C6911CEFE88,4351,8,92.85714285714286,1,0.08388876120432084,60,5.0333256722592505,26,20,800.0,310.31769305616757,645.9803,0.0,84.63961884777774,0.0,418.9872,-11.814997692857446,0.3447865574396297,0,1024,0
6BCF5FA9-D936-49A4-956D-17D01F084F47,5523,4,102.0,0,0.0,0,0.0,-1,365,511.0,165.3595187395621,436.402,-184.722,36.62612160564599,0.0,211.38418,-15.596426923975685,0.540078341816768,0,1024,0
1774AC61-DAD0-4225-B1C7-8C3D76A609E5,1886,2,1.0,2,0.3870625662778367,220,42.57688229056204,692,672,602.0,50.06514632818664,179.693,-2.464044,11.138232309311713,0.0,61.088574,1.7158582944985383,0.07259460348838061,0,1024,0
1C3CBB2F-4D26-49E4-B33F-736EB1D4587E,12711,10,92.22222222222223,0,0.0,0,0.0,-1,3,578.0,73.51402423126447,181.8956,0.0,27.04475236562292,0.0,106.9974,17.456346963179982,-0.03224733120467306,0,1024,0
531FCD46-83A5-4F94-B5DF-71B7B1C992D4,6700,7,76.33333333333333,1,0.05447761194029851,21,1.1440298507462687,344,450,223.0,32.73013247250878,145.3582,0.0,16.897468778879418,0.0,54.80011999999999,-9.645862062863717,-0.09497503698247317,0,1024,1
3155C5B4-C6ED-4649-9E4C-8FF87F25F000,10086,6,122.0,1,0.03618877652191156,291,10.530933967876264,862,49,1270.0,312.07355857772995,691.16,0.0,107.78090146267563,0.0,444.04,47.484577996344115,0.5237912139355585,0,1024,0
F62BD0CA-53E7-4460-BB66-910DBE0F2DDE,3772,1,0.0,0,0.0,0,0.0,-1,655,630.0,168.9146196526924,310.0,0.0,33.37364003551614,0.0,212.0,-11.993323356396104,0.07216277272442208,0,1024,0
E2C1F887-0A50-491D-B7A1-BEDC33CE0F2B,3324,5,201.75,1,0.10980746089049338,359,39.420878459687124,796,112,301.0,67.24222911538911,246.8191,0.0,43.99195595220882,0.0,138.41726,4.970025696802239,0.021678741718046412,0,1024,0
9224BD01-549B-44D0-A062-5E612F54A67D,12711,5,0.0,5,0.1435764298638974,762,21.881047911257966,390,643,100.0,13.814212980665141,77.39868,0.0,11.909309468726338,0.0,28.19824,7.892104406063252,0.08745160618330237,0,1024,0
7084F0EA-F33F-446D-BA3E-7209E8CA9A41,12711,4,46.0,2,0.057430571945558964,84,2.4120840217134765,708,645,314.0,50.40547990790984,173.0,-46.0,26.12570807336412,0.0,85.0,-18.83117435235429,-0.16648631746950074,0,1024,1
5859D661-EAE9-4855-8537-DF33D4EC934C,2407,3,116.0,1,0.15164104694640632,434,65.81221437474034,796,644,301.0,30.431351600936523,146.5724,0.0,20.83075742156525,0.0,60.35825,6.421839651686938,0.11522578564405904,0,1024,0
53BA14D9-3C5C-4616-AB93-017E1C32B497,5263,2,292.0,2,0.13870416112483375,346,23.995819874596236,50,351,274.0,112.18026350895437,206.25,0.0,27.942252538709873,0.0,148.75,-12.942610220374121,-0.08916610044116922,0,1024,0
0FEAB975-926F-4BBC-98D3-89BE8924FB20,12711,4,207.33333333333334,12,0.34458343167335376,737,21.16316576193848,64,93,376.0,132.84118618846782,430.916,0.02126971,44.54984266449566,0.08614585791833844,195.16484,-13.804830567400685,0.02100447262612882,0,1024,0
7D8B619B-1A1F-4C8B-B1DB-74F8055D6D1A,3626,2,356.0,2,0.2013237727523442,17,1.7112520683949257,126,280,150.0,20.969194042663005,539.1084,0.0,8.442659116564451,0.5033094318808605,31.0,-1.4314625611815224,-0.04321366835413913,0,1024,1
5A4968D3-4F8F-4884-B729-C3F532CB9B58,4289,4,172.66666666666666,4,0.3404056889717883,380,32.33854045231988,242,357,301.0,14.864583114979524,40.37077,0.02820016,3.2961166009845413,0.0,18.669744,-1.3649174435289062,0.023520582800676194,0,1024,0
7E1FF200-9640-48B3-9D6A-480E4A296740,4856,6,22.2,3,0.22549423393739704,264,19.84349258649094,354,518,251.0,96.86259190745143,152.9352,0.0,13.521514333132417,0.0,112.98613999999999,-1.1416718071427994,0.0788852445385591,0,1024,0
DBC62C1B-1683-4972-ABF7-FAD2EBCF66FF,12711,15,56.92857142857143,4,0.11486114389111793,60,1.7229171583667688,693,108,461.0,130.08029634775923,319.4197,0.0,72.56639307474654,0.0,197.8693,17.302718596685224,-0.08483343962803395,0,1024,0
90294E09-1B40-4D4B-B3A1-2C9C8ABAD9B4,994,5,88.5,9,3.3048289738430583,2696,989.9798792756538,780,561,416.0,40.077580727532656,89.00196,-22.17479,10.108550107069073,0.0,49.7614,4.9436098280229,0.14561284290580853,0,1024,0
C33CE1CE-EF0C-4763-853D-5ADE9D22023B,4232,3,223.0,1,0.0862476370510397,236,20.35444234404537,370,177,602.0,178.09654444443694,286.2,0.0,34.45397221315155,0.0,216.6,1.5577919753161211,-0.1407696309102612,0,1024,1
D3CE6410-E249-437E-87CD-BAB7A359B7FB,4238,2,35.0,0,0.0,0,0.0,-1,587,452.0,112.12050472471425,291.0,0.0,43.40960563464976,0.0,171.0,17.82347675676722,0.31055205718116363,0,1024,0
96C29E72-3A47-42C9-ADA7-07FF12C18ECF,8374,4,76.66666666666667,1,0.04358729400525436,36,1.569142584189157,800,470,126.0,40.59710690227305,72.1,0.0,11.665528841283708,0.0,55.5,-1.0191979516557694,0.013015810136559999,0,1024,0
C04FEE63-ADE6-4FDF-A858-A00078197C51,1610,6,105.8,0,0.0,0,0.0,-1,386,678.0,49.57588158672163,539.4024,-37.2,27.672087075562906,0.0,86.0,-5.9536593644994085,-0.2714707577067655,0,1024,0
335C0ACD-5064-49CF-874F-A665F861F7AE,12711,5,116.75,3,0.08614585791833844,57,1.6367713004484306,62,450,225.999,28.142618039866367,799.9007,-4.882813e-05,28.44832835992564,0.057430571945558964,62.879169999999995,26.357809924159614,-0.06839221483122992,0,1024,1
2AD2958A-9832-4E44-8829-835B86560F81,8265,8,125.14285714285714,1,0.044162129461585,272,12.012099213551119,796,111,901.0,194.90656605587893,386.5273,-13.38,46.21845687683358,0.0,250.84178,-5.95160096251476,-0.042657748517943586,0,1024,0
0F8EA3F7-DE6F-424F-9B2C-73F34BCA6330,4756,6,95.2,1,0.07674516400336417,65,4.988435660218671,290,137,473.0,102.71482068214036,366.7786,0.06575783,52.842393284895074,0.0,175.46712,-60.68036518499529,-0.19135669119517051,0,1024,0
51292C18-31ED-4D63-B6FF-52F12960B6B0,2725,7,48.666666666666664,2,0.26788990825688075,485,64.96330275229357,392,321,1247.0,323.13540524462303,787.2072,0.0,188.52500255036222,0.0,588.3859399999999,-13.15947419616623,0.4166191021597919,0,1024,1
77654BD6-E4C2-41AB-9495-B1ECCFD1C628,12711,11,63.4,0,0.0,0,0.0,-1,33,99.9995,7.470934452930111,79.30042,0.0,13.366314300843609,0.0,28.656843999999996,10.363135938651682,0.06391044140093004,0,1024,0
BAAF667E-703D-4EB8-9EF0-B8B82B90AF23,8330,3,91.5,3,0.13145258103241295,1394,61.08163265306122,195,606,251.0,76.22293756069733,177.4,-16.266,18.004491932527486,0.0,102.0,8.717000710907612,-0.03374163705632787,0,1024,0
5C0A84A2-ACFF-44F6-BD8A-DDA8476E0243,12711,10,67.55555555555556,2,0.057430571945558964,52,1.493194870584533,387,389,269.0,79.18477627977481,1013.519,0.0,22.367432283034038,0.028715285972779482,107.58268,-4.671652745052583,0.06586838911575628,0,1024,0
5DA4F020-A8EF-4993-9B53-FD9AD31CC80A,12711,3,186.0,4,0.11486114389111793,2132,61.220989693965855,389,602,267.0,80.00439270613323,203.88,0.0,31.035996855477975,0.0,123.58399999999995,-6.796954434528303,0.633910191244418,0,1024,0
312981FC-E0DB-4FC9-A22D-3FBF3758377C,10166,12,47.27272727272727,2,0.07180798740901043,107,3.841727326382058,192,74,235.999,56.85332574726141,129.5776,-28.72266,13.965103610876458,0.0,72.81494,-17.374750624576222,0.09755028360779676,0,1024,0
494789BE-7AEF-49FA-A3F8-C72011A46C07,4687,6,93.0,0,0.0,0,0.0,-1,128,693.0,107.25683818475078,211.3531,0.0,20.72030501635815,0.0,130.78118,-0.05131556283720329,0.14210132957419888,0,1024,0
578C8533-3CBE-4331-9D4F-38BD6E87928C,3396,1,0.0,2,0.2149587750294464,184,19.77620730270907,324,596,452.0,115.5506899966023,302.2222,0.0,81.85361788330951,0.0,229.69168,26.06239099907671,0.02135981943699338,0,1024,0
C77DC20A-45BB-45CF-91B7-EB9F38FCAB26,2965,8,72.0,2,0.24620573355817876,587,72.26138279932546,601,385,415.0,78.36197275930785,341.644,0.0,40.33711313979294,0.0,132.7909,-10.522385525665882,0.145825303221075,0,1024,0
9AB321E0-E4A3-48F6-BB81-9B07AB1BDF9F,4160,2,277.0,3,0.26322115384615385,202,17.723557692307693,324,595,452.0,115.66455745094025,302.0185,0.0,81.63066798240402,0.0,229.5785,26.14400574551037,0.02019215715506787,0,1024,0
6182B77A-39DC-4FFA-B4DE-4C269400AF62,5558,3,217.0,1,0.06567110471392587,7,0.4596977329974811,739,196,314.0,53.23386000228867,195.0,0.0,19.106791703539592,0.0,78.0,2.2022511088224377,-0.07222039300696412,0,1024,0
2FFCC62F-4FEF-4B9C-ACB6-A1EFCDD68B58,12711,16,37.266666666666666,2,0.057430571945558964,63,1.8090630162851074,257,35,235.999,61.50502006458535,399.9634,0.0,15.12834364027541,0.028715285972779482,79.22363,-19.668072001313746,0.04042571009219874,0,1024,0
BF27730A-1062-44DA-AFBF-F53BDC915EC3,12711,4,83.66666666666667,1,0.028715285972779482,15,0.4307292895916922,318,336,261.0,60.901709391138695,282.5585,0.0,22.505309954088414,0.11486114389111793,89.59083,-1.3928899458454822,0.1961433681677749,0,1024,0
1E07BAE7-73EA-46CE-B7A9-E0370849DB47,1054,9,117.0,3,1.0388994307400379,129,44.67267552182163,742,29,887.0,183.72094450766403,493.3319,0.0,76.73527794914965,0.0,274.7192,-30.77322434099736,0.30670474235374734,0,1024,0
DD39BD46-C53B-4406-ADFC-44C9D5A4EEFA,902,11,63.6,5,2.0232815964523283,8207,3321.0144124168514,82,206,887.0,113.90842923540036,381.1188,-0.46,73.44987862368767,0.0,209.259,2.6779193207724745,0.14682036818892705,0,1024,0
CC375D16-BB36-44E5-AEA2-38D64FFB1798,12711,6,102.6,4,0.11486114389111793,5589,160.48973330186453,26,68,1370.0,319.26756511168304,826.61,-361.73,121.84400555173828,0.0,486.76399999999995,-59.926919278349715,-0.3737224594488461,0,1024,1
E57197DC-6EA9-4F3C-B3EB-4ED92D17A6C6,1008,5,89.0,0,0.0,0,0.0,-1,583,452.0,85.28663028761197,248.4846,0.0,40.10757308100912,0.0,143.72061999999997,-0.6903848616860415,0.1109706594743441,0,1024,0
FB435CCC-49EC-4293-9E12-8848430AB34B,3746,3,245.0,6,0.5846235985050721,1078,105.03737319807794,7,354,301.0,74.94105083378756,208.2538,0.0,22.529497213782694,0.0,100.28309999999999,23.531265650269546,0.6874364849655015,0,1024,0
049F4E33-511A-40DA-AEE8-FA4368601894,12711,9,25.25,3,0.08614585791833844,47,1.3496184407206357,152,416,470.0,160.29185033058533,1008.07,0.0,54.61457170887125,0.17229171583667688,212.7686,-5.457637900029766,-0.05990827030901599,0,1024,0
552652D8-4570-4DA8-A1B0-E419BC77A04B,8541,7,131.83333333333334,0,0.0,0,0.0,-1,187,472.0,139.9054929533369,471.0,0.0,31.33663204707621,0.0,177.0172,-0.3302647812690225,0.0437063132032576,0,1024,0
68AA5796-52C8-484F-9DCB-DB5E8835BEF9,6960,10,46.0,1,0.05244252873563218,434,22.760057471264364,88,279,452.0,110.81409025071972,245.2874,0.0,24.463687823114196,0.0,139.07664,-21.452610089014684,0.6071146153982149,0,1024,0
796651F4-2341-4804-915D-A592B87EC674,12711,8,76.71428571428571,0,0.0,0,0.0,-1,36,472.0,155.06632803020204,732.7881,0.0,70.48997349285752,0.1435764298638974,216.3208,-110.68550991767117,2.278502873706893,0,1024,0
1610F0BE-08DA-4EA2-A731-A68E5D89F150,12711,10,82.55555555555556,10,0.2871528597277948,2551,73.25269451656045,107,153,259.0,76.07117167161182,214.3982,-15.06,23.680856773929026,0.0,102.09248,25.04927818101163,0.7224802590779851,0,1024,0
DCB8F634-92D6-4E91-A14F-1E1BA289F0F2,2797,3,45.5,1,0.13049696102967465,375,48.936360386127994,796,483,151.0,11.007077238639836,29.4,-11.20524,4.065540141204165,0.0,15.68,1.1629952922243625,0.03364661961009237,0,1024,0
6796302D-5EE7-4A4A-8EF0-46CFBEB168EB,12711,8,31.428571428571427,0,0.0,0,0.0,-1,421,259.0,96.28124376050444,2029.0,0.0,28.963050486056506,0.1435764298638974,127.6,-6.44361258766493,0.12475900659881276,0,1024,0
E589611A-9F2F-43DD-B486-B63BD2FCA1F3,12711,1,0.0,1,0.028715285972779482,129,3.704271890488553,796,574,141.0,27.769195304726072,125.9,0.0,14.278746449492294,0.0,48.1,1.4618000678047913,0.093465442722557,0,1024,0
E1CFEB9D-B220-4FC7-9D44-E63904BCEF82,5432,4,180.0,6,0.40316642120765833,197,13.237297496318115,531,305,395.0,174.46385119573856,361.9185,0.01429563,37.58994280238977,0.0,223.14972,-14.932178108547191,0.09174939229965372,0,1024,1
6DED620A-7A47-4EDC-96E1-CF9E74554308,584,11,32.3,6,3.75,29795,18621.875,272,244,678.0,123.8302862326144,382.0,0.0,90.09792354829337,0.0,239.0,3.410608829113997,0.01793316961843803,0,690,0
94C39812-BC1C-485D-A316-AEDD8B235507,7940,6,159.2,0,0.0,0,0.0,-1,120,489.0,107.44692784708685,254.0,0.0,26.65031874744605,0.0,142.0,11.119661659085992,0.013010694049902695,0,1024,0
97CB5650-DC04-4E1A-8A96-782066AEADFA,12711,12,75.18181818181819,10,0.2871528597277948,1634,46.92077727952167,358,17,218.999,36.70904181561847,173.0347,0.0,40.40703588992711,0.0,81.69687999999996,18.621820863441847,0.02412869194558896,0,1024,0
5B376294-316F-478F-8235-507F0B951C67,3381,6,102.2,2,0.21591245193729663,28,3.022774327122153,521,61,490.0,122.52401178622995,270.8837,-103.9867,31.691209389695864,0.0,160.283,-6.271484624115743,0.053178045194484186,0,1024,0
FBEDE38E-E6F2-4587-9B05-3A116BFA9A28,3467,4,188.33333333333334,2,0.21055667724257282,561,59.061147966541675,588,3,452.0,116.61295036422938,249.8689,0.009360424,20.171988410454343,0.0,141.30496,7.865141198907509,0.2809676512677494,0,1024,0
739D0037-CFA2-4D01-9B9C-F24DA571991E,5437,11,91.5,1,0.06713260989516277,38,2.5510391760161855,800,1,261.0,30.439518766426477,235.4852,0.0,13.968675808936307,0.0,48.0,-6.7662548775375875,-0.15503311451348184,0,1024,0
3697A454-05B7-4A7F-9EFD-A7C6EC7A63BF,8420,6,89.2,4,0.17339667458432304,576,24.969121140142516,257,556,266.0,76.8321400433727,161.7,-2.492714,28.067886301279458,0.0,115.3,-1.2679347963819794,-0.14530614776060133,0,1024,0
8B3CBC04-0E04-4D93-B8EC-53C1D5B36F6A,2611,2,0.0,0,0.0,0,0.0,-1,553,347.0,21.136958357761447,122.5566,0.0,12.048701008209138,0.0,38.42054,1.8566918270379347,-0.001106442031789143,0,1024,0
48530EFB-01FE-4AF6-AE0A-8AF27F3F3003,9091,9,107.25,2,0.08029919700802993,44,1.7665823341766584,491,0,261.0,103.73291399220358,378.6778,0.0,47.43222282893353,0.2007479925200748,163.3,10.967332921376666,0.23982724204624584,0,1024,0
161BB03E-9934-47A2-AF1E-6D2E5420371A,12711,36,23.2,0,0.0,0,0.0,-1,18,1083.0,213.12296374651507,915.5884,0.0,107.28816909741035,0.0,351.1963,-36.20157199707833,0.2458964810797122,0,1024,0
575F6BD7-B6D0-4D7D-88A1-ADE8E25DCCE1,5179,5,129.75,0,0.0,0,0.0,-1,380,400.0,92.38533799873682,282.4227,0.0,47.736736021377155,0.0,158.0,-17.632174418489896,-0.623082810863809,0,1024,0
3D02237E-52DC-48D0-A424-F9146A2FE717,12711,3,66.0,2,0.057430571945558964,217,6.231217056093148,282,463,98.0,36.043237062221976,95.8,0.0,17.828827087566797,0.0,56.5,0.34546665274715593,0.04427662543977929,0,1024,0
AEBAED0D-838D-4DFE-A656-A2B31FD07529,5336,4,95.0,2,0.13680659670164919,67,4.583020989505248,26,542,511.0,53.15902493628842,218.0,0.02005204,25.04464155367547,0.0,86.255406,3.627275838634418,0.18885101026956821,0,1024,0
38FBACB2-837D-4E4E-8D03-B5E91A48F188,12711,9,64.75,3,0.08614585791833844,764,21.938478483203525,353,213,803.0,208.469111652869,532.1503,0.0,63.774280890683286,0.0,285.6445,-9.796699304875176,0.1351540921928377,0,1024,0
CE80BE38-EA62-41E0-9A23-B701BB719304,2810,3,87.5,1,0.1298932384341637,19,2.4679715302491103,423,364,301.0,39.97463097824472,93.741,0.0,17.341721545554485,0.0,60.94975,-2.738475078630522,0.06868635420916316,0,1024,0
AAE94654-1BF0-4685-9517-9455367E1819,3001,7,82.83333333333333,3,0.36487837387537486,598,72.73242252582473,11,40,1246.0,288.2804984886599,692.8052,0.0,157.38625455916983,0.0,513.20634,-27.747672376638263,0.7200957579141677,0,1024,0
3FF158E7-DC5F-4CD0-9142-09E24B0EF3EC,8175,6,39.2,0,0.0,0,0.0,-1,539,753.0,198.80853397040346,420.0439,0.0,58.15560883246699,0.0,275.0977,-26.340648177965164,-0.5583587439792106,0,1024,0
0B6F7610-23BE-4C8A-BE40-A7682629EE32,12711,3,238.5,5,0.1435764298638974,20629,592.3676343324679,201,61,538.0,68.18057939767874,212.6221,0.0,34.81970378960732,0.0,109.5703,-41.04674508695343,-0.49127478441564393,0,1024,0
1DE88476-8617-4FC9-91B8-E785414FA395,1773,3,206.5,5,1.0293288212069938,8201,1688.3051325437111,418,125,301.0,76.60992648383892,166.053,0.02312617,18.023327673550916,0.0,99.37903999999997,-22.784996973808056,0.08259290237987464,0,1024,0
83B9B9D3-05E8-471E-8652-A76652FF0CB2,12711,4,242.33333333333334,6,0.17229171583667688,357,10.251357092282275,467,63,450.0,131.90523317962337,386.91,-0.59,38.12863130151089,0.0,182.9,-23.40526944505548,0.11027337108366142,0,1024,0
9D8FC919-9213-48A4-8913-B26BF7EDE3C4,4101,2,474.0,0,0.0,0,0.0,-1,62,452.0,146.02067970213315,352.0,0.0,33.6828046032775,0.0,187.0,-12.301929702133151,0.09156531670563525,0,1024,0
CFED983A-90E5-4DE8-B1A4-0A7C82262203,4530,8,113.0,2,0.16114790286975716,195,15.711920529801324,413,21,803.0,248.6494982591835,489.8071,0.0,71.51564244748127,0.0,325.1953,-18.226128529245216,-0.011841334395645185,0,1024,1
1396E67C-1FD6-42AD-8CDA-88D91DA2D0CD,4102,3,0.5,1,0.08898098488542174,102,9.076060458313018,784,528,452.0,146.0178236350486,352.0,-22.91559,64.5909891763798,0.0,230.0,-21.638579807888092,0.1805684172256104,0,1024,0
14AB8259-78C6-428F-9729-CBCC512979E2,10235,5,58.0,4,0.142647777234978,244,8.70151441133366,375,529,489.0,89.90669033652449,657.2795,0.0101646,52.27188962430282,0.17830972154372252,161.12348,19.164541793220877,0.5669621932183733,0,1024,0
94CC3F23-A1B2-4EBF-9B32-31E8D31D6B51,12711,8,74.71428571428571,5,0.1435764298638974,4305,123.61930611281566,315,6,99.9995,10.581282314132038,86.06876,0.0,15.693502048430348,0.0,34.911094,7.121392469965182,0.04196232012314254,0,1024,0
3C4021F2-DC7A-43D1-98C1-F6F0A981C668,3437,3,0.5,0,0.0,0,0.0,-1,527,452.0,46.46638029976842,497.0,-49.3,14.115252363061492,0.5309863252836776,65.0,10.510394391589607,0.013555342909221444,0,1024,0
6F8C19AE-D47E-4D76-99B1-E45A0540A6E4,12711,5,108.0,1,0.028715285972779482,168,4.824168043426953,796,497,88.0,16.364820400113754,232.1056,0.0,17.054118499335633,0.08614585791833844,39.59451,-16.329913100113753,-3.3648296792540056e-17,0,1024,0
F1B37FA2-DFDC-4280-8A70-0E6B55E811E4,2789,3,335.5,2,0.26174256005736823,88,11.516672642524203,30,331,452.0,70.90484592602905,260.5839,0.0,41.07744999878965,0.0,127.89495999999998,-2.292091668313006,-0.3012922966782253,0,1024,0
C9567B67-6E01-40B4-8643-87BA3D0335EE,7224,2,0.0,1,0.05052602436323367,294,14.854651162790699,796,518,134.0,17.95168417281167,113.0878,0.0,6.373459172935232,0.0,25.99718,3.4579795555833925,0.008100084654120073,0,1024,0
3DF520E4-7689-4A2E-85B9-A5CE7C2FFE86,8716,13,53.333333333333336,0,0.0,0,0.0,-1,251,301.0,21.269630008563844,223.0312,0.0,30.86595774998164,0.0,69.34483,42.88435460872011,0.11736831390586715,0,1024,0
E5A62A8B-D42F-44E2-817F-5ECBCC83891F,9255,9,98.25,4,0.157752566180443,495,19.521880064829823,184,158,251.0,93.43289979727942,200.9,0.0,32.371594990503645,0.0,133.41599999999977,-10.646706150674476,0.14815250986854356,0,1024,0
688156CA-06E3-4EFE-821B-569593790822,10247,9,89.375,2,0.07124036303308286,43,1.5316678052112813,39,199,407.0,142.8831726213777,316.0,-44.33382,43.08543729271279,0.0,198.0,-28.83834237446412,-0.11193717331368754,0,1024,0
B09C6D2B-450D-45BD-B2B7-ECA2AEA3587E,518,21,37.2,2,1.4092664092664093,36,25.36679536679537,921,244,678.0,154.09488009942478,392.0,0.0,79.94146219699884,0.0,251.0,-27.807534420412438,0.04403664375562716,0,1024,0
B3276020-5E5D-4551-8248-24160FE39953,5044,8,116.71428571428571,0,0.0,0,0.0,-1,145,870.0,204.02726979882792,437.7909,0.01352869,49.14784779539027,0.0,263.63404,-0.9205936877168313,0.19349616606741513,0,1024,0
A247B87E-89B6-40DB-A582-6C1219A43347,8265,11,98.8,1,0.044162129461585,149,6.580157289776165,796,10,901.0,195.05634698959165,388.9512,-10.58407,45.53100980111759,0.0,250.57829999999998,-9.933613051674968,-0.1742935718337786,0,1024,1
49CDD374-7817-4DD6-87E1-29355F56E953,12711,6,142.2,4,0.11486114389111793,339,9.734481944772245,310,43,107.0,31.22426344665766,207.9075,0.0,9.292652792933538,0.08614585791833844,40.8,-0.12673258246012864,0.03726498013012116,0,1024,0
5EC41322-BCC3-4C82-8C54-BB599A1CA006,7224,2,1.0,1,0.05052602436323367,304,15.359911406423034,796,511,134.0,18.728870213009436,84.49085,0.0,5.783334895728176,0.0,25.99718,3.3870903717899488,0.00814333236697225,0,1024,0
D27247AC-2C6B-4730-8EA1-90FD66830349,7490,4,100.0,0,0.0,0,0.0,-1,211,490.0,67.74502921375648,237.5486,0.0,35.74736015136328,0.0,116.7212,-4.896248036981788,-0.13421495716801796,0,1024,1
FA5ED7C3-6B48-41CC-BEA7-70D7D89AE087,8694,7,136.16666666666666,7,0.29388083735909826,92,3.8624338624338628,496,63,653.0,85.5374639066874,288.7369,0.0,45.04024516177862,0.0,151.87981999999997,15.206589992232338,0.14840595086203912,0,1024,0
C6ED89AF-04D8-447D-8FDB-B2A1CA3FA0B6,6385,8,40.42857142857143,1,0.05716523101018011,93,5.31636648394675,348,507,485.0,74.09810106365602,330.8474,-185.95,57.081754786522275,0.0,166.97312,-2.9722538958473734,0.13623361229724884,0,1024,0
36F1BEA9-9279-4C2D-9BED-A1673776F56D,4704,9,90.25,2,0.15518707482993196,21,1.6294642857142856,348,144,225.999,36.675295935598,110.5957,0.0,15.276365851433782,0.0,56.41479,-0.6614454531905878,0.022232973646461474,0,1024,1
DB5E61BA-B974-4894-B987-F981DD5A8187,5249,3,227.0,2,0.1390741093541627,199,13.837873880739188,418,52,301.0,77.40870119295062,222.2603,0.03056435,18.066558792508463,0.0,100.75095999999999,-23.81826194078627,0.08752056781719751,0,1024,0
0D0C57C6-4E07-41E5-B24F-238D824A940C,8141,11,71.2,4,0.1793391475248741,326,14.616140523277238,753,162,739.0,206.6022324774615,600.0,0.0,107.47261881345572,0.0,339.8438,39.75473727894283,0.9765001654953728,0,1024,0
1D9ED9B6-C222-46DE-B61F-13738452DF11,2414,14,36.69230769230769,3,0.4536039768019884,387,58.5149130074565,44,34,623.0,173.77718413896375,319.2175,0.0,35.82388382783409,0.0,217.3848,13.248638530789322,0.3576462874472995,0,1024,0
430868C8-CCC6-4943-AA95-91E0B2DDBA06,12711,20,45.73684210526316,3,0.08614585791833844,38,1.0911808669656202,42,43,470.0,96.00965537880975,584.5,0.0,76.44765347863029,0.1435764298638974,208.374,-60.75757717593938,-0.04775421092785993,0,1024,0
EF701F11-B8AF-4832-8DBD-ABB7EABEAC74,12711,13,69.08333333333333,3,0.08614585791833844,103,2.957674455196287,216,98,126.0,38.44470188588018,96.96001,0.0,16.147939855391762,0.0,60.00001,-2.815875264661038,0.02640415083197331,0,1024,0
003F13BB-8478-4AFF-8754-26F032F8718A,12711,9,110.25,0,0.0,0,0.0,-1,61,489.0,51.79505864296047,227.0,0.0,24.520148318980013,0.0,85.0,6.496222221237062,-0.19472711537324566,0,1024,0
9ADF1D5F-5918-4C45-9473-FE6880E5EA89,12711,2,1.0,2,0.057430571945558964,233,6.690661631657619,217,501,788.0,222.65348820261195,435.63,0.0,79.48755889461148,0.0,304.28,-80.64925363471073,-1.1706525588437653,0,1024,0
56029DF6-E1ED-42ED-97A6-FBFBC73376C3,12711,13,15.75,1,0.028715285972779482,29,0.8327432932106049,598,428,470.0,166.21885303667986,960.56,0.0,45.69729587283004,0.17229171583667688,213.2263,-11.537159839149012,-0.06024325659218674,0,1024,0
9A79782A-BB1D-48A4-BEDA-3A1D87A148CC,12711,8,90.0,2,0.057430571945558964,68,1.9526394461490049,201,163,138.0,32.253139267251626,522.5793,0.0,12.673812796848345,0.20100700180945638,48.547391999999995,-5.724879962621998,-0.014437405288744687,0,1024,0
E4C6B277-46F2-497F-9115-2465A88659BF,12711,2,3.0,2,0.057430571945558964,43,1.2347572968295177,517,496,792.0,228.1945765278749,444.45,0.02,57.6409270229075,0.0,308.04,-52.63143378096129,0.5391100301590424,0,1024,0
5540E277-052D-4923-BB5E-0376C62450BB,1700,5,68.0,23,4.938235294117647,298,63.98235294117647,148,223,361.0,64.09007621166435,342.4075,-2.0,38.81052373600691,0.0,117.08071999999999,-2.4850857269961395,-0.3235021080969753,0,1024,0
3915581C-6D6F-45E7-B556-603E272C0F03,1697,4,113.66666666666667,2,0.4301708898055392,127,27.31585150265174,312,154,472.0,43.83795798298099,241.9371,-16.59344,27.876523141536097,0.0,83.69811199999998,0.941428694719626,0.20451041094067357,0,1024,0
9F1817D7-7F29-400E-AB9A-FF78AABC7B87,7472,2,267.0,7,0.34194325481798715,483,23.594084582441113,227,495,263.0,104.69635238748496,205.8,0.0,21.34536008609664,0.0,129.2,-6.169446523287419,0.05684443781344506,0,1024,1
667BD908-B879-45F1-BD32-7F82F4C5E358,3029,17,55.625,3,0.36150544734235723,411,49.52624628590294,68,65,1180.0,144.1278670349035,1595.849,0.0,48.10147614195628,0.12050181578078575,199.0387,20.319123902646652,0.17500292184200153,0,1024,0
AA5E904A-D9F8-42BD-BC30-63242884D129,12711,4,86.0,2,0.057430571945558964,483,13.86948312485249,203,493,138.0,14.991870476573377,48.3,0.0,3.2463061114773955,0.0,19.2,1.2510307739667486,0.02445948970121733,0,1024,0
248B4DB8-9DFB-404F-A2A9-CCD9F6648EE7,12711,6,80.4,2,0.057430571945558964,1764,50.65376445598301,91,92,811.0,411.88178344638607,608.3342,-33.22943,38.8748745051477,0.0,447.1516,10.882616484169432,0.22183403381381775,0,1024,0
1C7EBA1D-ADC4-41C3-83DD-A089F8D8D9BB,12711,4,161.66666666666666,2,0.057430571945558964,449,12.893163401777988,537,63,250.0,53.20462975585241,297.55,0.0,26.423515064385,0.1435764298638974,84.0,-7.816821113877097,-0.106402139267357,0,1024,0
32369048-1F6A-4C9F-ABFB-7778EDF9E872,12711,31,22.4,3,0.08614585791833844,66,1.8952088742034459,176,310,788.0,310.52360455561063,609.91,0.0,107.7989178159429,0.0,448.65,-50.3960397407958,-0.5301867697432214,0,1024,1
54239F60-1E94-4327-BE4F-348C634509D3,12711,1,0.0,1,0.028715285972779482,696,19.985839037054518,327,485,920.0,101.81559436002091,377.3804,0.0,39.657016378383425,0.0,150.5814,-1.1237716486011493,-0.4872768183624688,0,1024,1
B8847579-5A5D-429D-B6F7-1810F2A7800E,4071,8,71.85714285714286,1,0.08965856055023336,236,21.15942028985507,796,485,269.0,129.35267815303538,216.9,0.0,21.643187293182475,0.0,155.3,-27.812192041924277,-0.04532486292327566,0,1024,0
64883052-ADC7-4180-929D-CA9A2E68CB69,6453,9,105.625,1,0.05656283898961723,286,16.176971951030527,674,51,399.0,90.24799272630341,273.0,0.0,49.50253592003053,0.0,157.0,-33.689119269513284,0.35928423948083027,0,1024,0
9A68001A-05D9-4FBC-AD45-F66F2745BF7F,12711,4,148.66666666666666,2,0.057430571945558964,938,26.934938242467155,728,483,88.0,29.003699208825584,233.8802,0.0,8.610950100983858,0.08614585791833844,40.452563999999995,-4.464244698331758,0.04451595537569855,0,1024,0
13AF42D5-1028-473A-83DD-5333B7836BC2,1681,2,1.0,1,0.21713265913146937,386,83.81320642474718,796,479,831.0,38.110747810845716,162.9753,0.0,22.271552537069724,0.0,66.98356399999999,6.8708260615308205,-0.19605229507511787,0,1024,0
41B39B6C-F9EB-4721-BDE0-27D99E2380C1,5279,2,0.0,1,0.06914188293237356,6,0.41485129759424133,708,478,188.0,34.82106455959986,90.38031,0.01011564,7.799715146272325,0.0,43.809726,4.487700109690259,0.04611648466187991,0,1024,0
60A33438-5964-424A-9A3C-B4A4D69048E0,12711,8,86.57142857142857,5,0.1435764298638974,1614,46.346471560066085,317,77,346.0,124.52016758100335,342.0,0.0,74.75872537548977,0.0,231.0,17.419415752329982,-0.8889953835180276,0,1024,1
ECE0CACE-DDBE-44BE-96A1-41C159DA9FBD,1484,3,199.0,5,1.2297843665768196,492,121.01078167115904,249,476,453.0,118.61207606099954,437.57,0.0,24.15704586652027,0.0,148.58794,5.732975676654789,0.06310170793250394,0,1024,1
258F7945-6FCA-4CA5-801A-C4E5D9B05288,12711,8,129.42857142857142,1,0.028715285972779482,11,0.3158681457005743,671,13,377.0,127.2884332912725,281.9916,0.0,32.017919901603726,0.0,168.2281,1.305777924005298,-0.1407992858578855,0,1024,0
62E7B5B8-FA81-4B52-8CB2-EE7D19382A7F,12711,12,84.9090909090909,9,0.25843757375501536,442,12.69215639996853,241,41,266.0,120.37821415117146,241.5016,0.0,29.718378384434246,0.0,148.84339999999997,-10.708997090986273,0.10352780217140625,0,1024,0
925E60E9-F346-41CF-87A0-E44ACDE15F51,12711,8,93.57142857142857,0,0.0,0,0.0,-1,180,470.0,72.56567348894647,354.7485,0.0,58.57048553867724,0.0,151.7212,38.19664758327576,-0.16362577103997622,0,1024,0
966BD1FE-5DD4-41D7-AF98-7C128185B402,12711,5,114.0,1,0.028715285972779482,19,0.5455904334828101,5,259,496.0,169.9801980757978,360.7178,0.0,45.01285624703332,0.0,218.7195,-18.04376031731016,-2.777744095978613,0,1024,0
FCB862B1-ABE5-48AA-B81F-C5CEB36E1E0F,12711,11,61.9,3,0.08614585791833844,137,3.933994178270789,418,385,269.0,152.01894009351633,269.3,0.0,31.80381076436269,0.028715285972779482,190.8,-32.9517641675904,0.27121080334553116,0,1024,0
14BEAC7E-9296-44CC-9D7A-24892B1FDEDB,12711,4,2.6666666666666665,1,0.028715285972779482,231,6.6332310597120605,796,459,811.0,414.9176755302316,613.5336,0.0,31.629032626395905,0.0,452.351,9.487195156496796,0.22339828540177303,0,1024,0
B2BFFF06-E91B-405F-994C-DC504CC9B88E,8524,13,50.166666666666664,7,0.29974190520882216,483,20.682191459408727,105,63,259.0,63.65706475581846,542.3265,0.0,24.439934361818707,0.2141013608634444,91.5,0.7433982071445016,0.10554440877469035,0,1024,1
0A516F19-B818-4F5B-9812-54A6EC55126E,12711,9,62.0,4,0.11486114389111793,445,12.77830225788687,483,105,85.0,38.07739906017779,69.96094,0.0,8.580903019120127,0.0,49.15283,5.1285621844209714,0.09912261092300727,0,1024,1
9EDE1B26-525D-4FAF-9A20-517D073AF4A8,9674,5,23.75,2,0.0754599958652057,161,6.07452966714906,218,406,538.0,102.4094376737251,223.3398,0.0,27.166643827273557,0.0,137.7441,-8.683496567243608,0.05866818121341143,0,1024,0
EEA9CEA5-E054-4328-A593-401064F6D49D,9884,6,123.0,4,0.14771347632537435,285,10.524585188182922,322,63,251.0,73.36605994071866,215.8781,0.0,22.40469412717555,0.0,104.92523999999996,-10.125019323820503,0.110834263724031,0,1024,0
0FF7E89D-2290-45E9-9563-C220858C2851,12711,4,19.0,1,0.028715285972779482,10,0.2871528597277948,671,403,377.0,123.1204724052762,299.762,0.0,32.510961269493684,0.0,165.1245,-8.170245751726824,0.03281294012795677,0,1024,1
0AA4184A-5FD1-4EBE-8948-77CB8090CFF3,12711,6,179.0,0,0.0,0,0.0,-1,46,311.0,115.7384231129354,188.9098,0.0,26.256905304744407,0.0,143.07938,-27.93993596467149,-0.6063279533446408,0,1024,0
B94308CB-123F-4045-9FE2-F77909423414,12711,3,72.0,3,0.08614585791833844,186,5.3410431909369835,733,306,301.0,24.593195107540392,121.0,-24.6,27.538463735649255,0.0,73.0,-15.95816424334286,0.03911811243271249,0,1024,0
9E3EA23E-4B8C-4DA8-9E92-E98097922E74,8491,8,121.14285714285714,3,0.12896007537392534,253,10.875633023201036,491,50,693.0,176.35414349440057,319.0918,0.0,33.79716243570258,0.0,215.7745,-12.706742344709227,0.3511644951215699,0,1024,0
0A50ADC8-70FA-41B2-96B3-B4CB799000D9,3129,3,234.0,1,0.11665068712048578,92890,10835.682326621923,533,398,188.0,40.102767312746614,550.6155,0.0,17.077714285413506,0.4666027484819431,61.0,0.15301972429042365,-0.033228439267807254,0,1024,0
F7581B81-A4E0-4431-ACE4-5424BF6B6594,6272,3,179.5,2,0.11639030612244898,39,2.269610969387755,443,201,188.0,20.691537348808463,88.0,-4.0,13.952779371491578,0.0,41.0,-9.286058953746736,-0.016612761977941762,0,1024,0
B9A7AC63-0F8C-4A5C-A032-1EFCCDC25ADA,599,13,41.75,1,0.6093489148580968,22,13.40567612687813,572,220,301.0,43.00433968583332,209.8981,0.0,43.957568214315565,0.0,102.10594,22.236310556450626,0.1200215290936122,0,1024,0
B2E1EA37-EEC2-4D09-8861-23CFEE530360,2814,7,108.83333333333333,3,0.38912579957356075,121,15.694740582800284,292,335,888.0,90.12231130780255,467.1713,0.0,61.95660298378988,0.0,179.46072,-8.757579783111183,-1.5768652787234014,0,1024,0
92ECC55D-ED45-4166-A5B8-EACD1562041F,4795,7,154.66666666666666,4,0.3044838373305527,571,43.465067778936394,73,84,259.0,96.33349633324035,212.8495,-4.737869,24.68142435260889,0.0,128.08989999999997,9.63271469398417,0.2631146208110152,0,1024,0
5CB4CBE4-6402-4AE7-B3DF-98CC6BB720D3,12711,5,30.75,1,0.028715285972779482,85,2.4407993076862557,773,414,259.0,96.51389094517377,224.8,0.0,26.276176348699483,0.0,127.6,-6.017185698260192,0.13594077115136344,0,1024,0
45FDF356-DD1F-44C2-A584-E941A7EDE373,4046,2,1.0,2,0.18042511122095897,453,40.86628769154721,796,441,301.0,75.95785406874845,235.8924,-28.62403,26.738521381615687,0.0,113.1,-4.459574742668195,0.02224543614728345,0,1024,1
1B3CD8C5-7527-4D02-B0D9-AABD1549A928,3752,1,0.0,2,0.1945628997867804,280,27.238805970149254,381,439,301.0,49.466136528351676,539.7876,0.0,12.51817790744609,0.48640724946695096,64.76588799999999,6.631005828901408,0.05131101218423694,0,1024,0
71265105-B927-491F-9FBC-F2FA23EE7DA2,12711,6,84.0,1,0.028715285972779482,45,1.2921878687750767,744,170,887.0,177.78544214822713,518.0,0.0,85.9871543941041,0.0,279.0,7.178832543130881,1.8864539174931432,0,1024,0
9F243EB4-BCBA-4017-9DC7-9F43C953F9E3,12711,5,95.75,0,0.0,0,0.0,-1,49,470.0,150.08776022873133,262.3901,-14.27516,29.626194599133232,0.0,188.4155,2.225316309848921,0.10041863960557139,0,1024,0
6C0CB2E3-7484-4778-9DF5-1570E497B587,12711,3,168.5,1,0.028715285972779482,7,0.20100700180945638,431,95,988.0,186.066017643823,489.95,0.0,61.44618300436332,0.0,269.88,34.38711430062145,1.364317044742451,0,1024,0
1C456EB6-0CF3-4CFD-8D17-BC62269BB4BC,1316,3,3.0,0,0.0,0,0.0,-1,433,452.0,0.5317864041598561,234.013,0.0,7.278468871841171,0.0,0.2821024,-0.48859144553948575,-0.0007062749520517584,0,1024,0
C1D7B3B2-D959-41C9-97B4-D1F5AA6E8617,2234,4,158.0,2,0.3267681289167413,184,30.0626678603402,5,194,452.0,63.73999810182891,184.0,0.0,30.483432362803885,0.0,106.0,-10.408130817878295,-0.12704260471119955,0,1024,0
11F11A16-C2CE-47F1-9C82-BDB79130A408,5044,9,104.875,2,0.14472640761300554,19,1.3749008723235527,137,138,870.0,200.76561020337135,431.7801,0.05103945,48.609986566342926,0.0,259.50394,-1.0185724718898541,0.17911916122456456,0,1024,0
825FD6F8-C5E0-4948-9D32-0296BE1A1638,12711,8,47.42857142857143,3,0.08614585791833844,155,4.45086932578082,418,421,269.0,156.00789447560896,274.8,0.0,32.241105382489216,0.028715285972779482,196.4,-34.13694540153489,0.2763172922581997,1,1024,0
7E4E7B1A-B727-4786-AD49-75E4949A0932,8694,2,0.0,0,0.0,0,0.0,-1,424,432.0,104.76486465483168,193.1,-55.00813,21.939547778446958,0.0,135.34,4.763734110600424,0.1443591812888594,0,1024,0
99D6BD31-288A-4FAE-8C4A-84337D45A57F,12711,19,37.333333333333336,7,0.20100700180945638,107,3.0725355990874044,380,112,302.0,75.12909215487379,247.6685,0.0,35.85697576825394,0.0,112.08909999999997,-8.465654522157749,0.08599386772366459,0,1024,0
EC697299-CD8A-436D-B3EF-9E16C125A226,12711,8,107.28571428571429,0,0.0,0,0.0,-1,45,256.0,120.38431607710174,226.0,0.0,33.00516722354135,0.0,163.8,-16.60671576845978,0.28573709945892056,0,1024,0
B9AF7179-5388-49FB-A4F6-BACF792F555B,12711,7,146.33333333333334,3,0.08614585791833844,74,2.1249311619856814,796,36,266.0,113.28819874090473,538.0,0.0,29.15295259079968,0.1435764298638974,148.7,-29.145760469145472,-0.21997659747131484,0,1024,0
59C704E4-CEE2-4F85-B5CB-B668829E57E1,4158,1,0.0,3,0.2633477633477634,326,28.61712361712362,199,420,452.0,206.6620719653637,433.9721,0.09083761,42.066126140736735,0.0,261.04492,11.259528823988148,-0.1166655935674342,0,1024,0
1DB47FC0-1369-4CD2-A113-85AD76DD1CDA,4395,2,134.0,7,0.5813424345847554,462,38.36860068259386,317,285,1665.0,126.62891973476424,788.5336,-9.271603,132.80143571636648,0.0,308.27039999999994,127.33722920932526,1.3524774039100689,0,1024,0
FD4C51BB-D7BE-4399-A257-91CC3787DE7E,6996,13,78.25,2,0.10434534019439679,34,1.7738707833047453,52,53,485.0,84.19182506876201,524.1211,0.0,60.266847102794245,0.26086335048599196,156.5552,-43.119901620459544,-0.23224770094450475,0,1024,0
A1CC1BDB-781D-462B-A8B9-24B955DD0178,12711,7,125.16666666666667,1,0.028715285972779482,17,0.4881598615372512,1008,167,276.0,80.71088764804533,161.5831,0.0,23.987655265210304,0.0,107.3242,15.135890229269492,0.16501015282685058,0,1024,0
7ACED623-4DAA-4992-A633-5FA69828C5D0,1693,5,141.75,2,0.43118724158298877,180,38.806851742468986,1013,353,473.0,52.876786168449485,156.22,-133.8345,25.05616141660036,0.0,86.33611,3.920620503433227,0.1968771109374725,0,1024,0
373DDDA5-15BC-4199-A764-F67130D6A47E,12711,14,63.69230769230769,1,0.028715285972779482,351,10.079065376445598,269,105,452.0,231.91330084348067,408.1055,0.0,46.97849107348227,0.0,295.0745,3.8796391102230245,0.18574417088507197,0,1024,0
1DA594CC-4FA6-41AD-A042-958720AEB69E,12711,8,92.42857142857143,1,0.028715285972779482,35,1.005035009047282,704,342,259.0,90.73311104477511,176.7,0.0,21.71658179026399,0.0,115.8,-7.760898889682522,0.026937779993908055,0,1024,0
40022EE1-B7D0-4DB3-B86C-62880F6F7616,6823,2,75.0,0,0.0,0,0.0,-1,338,489.0,139.2825454041169,335.0,0.0,39.78761919803315,0.0,191.0,-6.68300836707985,-0.002751711459706915,0,1024,0
49D2D922-82B3-4127-A08E-B7B2B5C2588D,12711,8,69.14285714285714,3,0.08614585791833844,569,16.338997718511525,51,91,377.0,156.08202079590015,306.502,0.0,41.14552260843573,0.0,209.76458,29.237371130812818,0.4042876909611949,0,1024,0
C947BAAB-68EA-467B-A2EB-3B6CFA782789,2725,6,12.2,5,0.6697247706422018,686,91.88623853211008,332,349,1247.0,209.78929683270965,1102.826,-3.9,157.13572809425958,0.0,452.90914,151.57226385942002,0.36430483965350324,0,1024,0
A001F69E-136B-4677-A604-BFCD09CEAF73,4004,1,0.0,4,0.36463536463536467,62,5.651848151848152,644,413,313.0,53.437143031776536,184.0,0.0,27.769344650130556,0.0,91.0,-20.165075130541965,-0.17473316321634966,0,1024,1
F9D5C172-6871-4FEE-8882-253AFB1C2501,6555,3,300.0,0,0.0,0,0.0,-1,380,377.0,64.45059589357271,212.1169,-7.54834,30.138830815717206,0.0,106.5297,6.371683171473592,-0.3089727945186677,0,1024,0
56C7011C-9798-4256-BB1E-023A5ECD44EC,4071,2,1.0,0,0.0,0,0.0,-1,409,301.0,28.069956721995695,101.4189,-64.39418,14.223144799759346,0.0,47.42996599999999,-4.096411492443224,0.06623432538154232,0,1024,0
D24AD388-D1CE-4809-88E3-EB3D3A6F5014,9387,11,100.3,1,0.03888356237349526,78,3.0329178651326303,981,1,181.0,33.29519731600521,148.6832,0.007047985,14.931200190243377,0.0,54.637188,-2.954216636617936,0.08780451657354486,0,1024,0
CF40FE82-D363-4D1F-938B-EE8102B0A334,636,1,0.0,0,0.0,0,0.0,-1,404,452.0,77.34792279416227,259.6419,0.0,50.65488046867421,0.0,144.15824,27.990952134850076,-0.09688164469149285,0,760,0
0E41E983-C12B-4075-BE2D-46C19AFCC1C7,2391,4,96.0,4,0.6106231702216646,319,48.69719782517775,207,178,1494.0,629.2623580242722,28313600.0,-73.248,73784.60978350554,0.15265579255541614,612.968,-273.37121682056846,1.1435031582542647,1,1024,0
A3F0913E-39A4-45EC-B7E3-40BB476D203B,5195,12,77.27272727272727,4,0.2810394610202117,646,45.3878729547642,47,49,496.0,176.98356150283536,965.02,0.0,44.274645985239054,0.35129932627526467,225.0977,-19.516126228144003,0.010437604843611909,0,1024,0
CE6A579A-7416-4E20-A2F8-3B21E0A04A9A,5995,3,24.0,2,0.12176814011676398,26,1.5829858215179318,23,351,1386.0,336.71366974749907,879.0,0.0,134.55457633423478,0.0,514.7442,9.64836337750097,0.6630142552404026,0,1024,0
85B01A8D-4AB0-41E9-ABFF-75BB9ACE6BCE,12711,4,174.66666666666666,4,0.11486114389111793,201,5.771772480528676,362,280,266.0,154.64954090745482,247.5,0.0,23.097078381464208,0.0,182.3,-9.858314055602989,0.14088659208027993,0,1024,0
1BEDC70D-3287-4694-9165-AF42FCD0354B,12711,3,166.0,8,0.22972228778223586,1160,33.3097317284242,48,63,142.0,17.482743021397717,69.97994,0.0,3.4880835581656866,0.0,21.539316,-0.47812036169864314,0.0403719675055243,0,1024,0
A90EFE72-06AE-4E04-AAE6-B22F1EE6B388,5298,4,135.0,0,0.0,0,0.0,-1,392,511.0,107.01937194543495,345.482,0.01381847,51.38925668169369,0.0,177.27923999999996,-33.414225613336185,0.44303836959496,0,1024,0
28CE465F-2312-4D3B-AD39-FCA36090BE92,3957,3,29.0,1,0.0922415971695729,33,3.043972706595906,786,385,188.0,29.44047358058228,101.0,0.0,14.838035694621274,0.0,49.0,-5.231677284285986,-0.0576487495027086,0,1024,0
7E0B653C-DBF7-4B6E-B89E-0FD5F9E0F5AF,9114,5,197.5,1,0.04004827737546631,304,12.174676322141758,1005,203,630.0,108.25469688522007,800.4243,0.0,146.45284368781086,0.04004827737546631,325.20076,197.25863142496513,-1.5765447590183936,0,1024,1
5EE63FB1-43A9-46FA-B067-920C8406EC5C,12711,7,61.0,1,0.028715285972779482,6,0.17229171583667688,26,21,800.0,6.335627179908588,561.5845,0.0,47.502340377608895,0.0,0.0,0.5155833447827707,0.052333839900212,0,1024,0
88466642-3067-427F-8CA7-378290AF3079,12711,4,167.33333333333334,2,0.057430571945558964,47,1.3496184407206357,817,388,269.0,66.4877240283605,124.6,-18.6,18.438446357346745,0.0,89.4,-5.388781127125931,0.006068393217210695,0,1024,0
BF6065CE-C857-4CB9-849E-4FD99ABA2556,12711,8,73.42857142857143,0,0.0,0,0.0,-1,162,489.0,124.98672298926294,313.0,0.0,56.36699090599941,0.0,201.0,-10.64706249543579,0.25376178128976834,0,1024,0
2624BF05-3ED5-44F7-93E5-8DFF1CBBDBE9,728,4,174.0,0,0.0,0,0.0,-1,175,99999.0,107.5174788552642,207.0947,0.0,73.66316745019087,0.0,186.7816,16.769037581741983,0.2246866692675656,0,697,0
0D06F5FE-373C-4A1A-BA06-F2C4FDA5507A,12711,2,0.0,0,0.0,0,0.0,-1,382,295.0,88.12934946043043,184.99,0.0,20.516247556375873,0.0,114.54399999999994,7.562661342038695,-0.022746770291806336,0,1024,0
C42E7BCE-B693-4075-A043-8BAD0FAEF6E9,3754,2,398.0,2,0.19445924347362814,852,82.83963771976559,828,382,739.0,102.547256826353,590.0,0.0,172.1463905106585,0.0,520.0,-73.59825991277276,-0.15923793746831283,0,1024,0
B04BFC21-3290-4756-A2E7-64B78912DBB3,6417,5,131.0,2,0.11376032413900576,166,9.442106903537479,91,381,472.0,52.848571384136854,250.3052,-310.3609,34.25598633880557,0.0,102.4292,-19.752455656513398,0.22493128673347912,0,1024,0
B4E33BDE-C3C8-4319-90A5-089A5546D686,12711,2,0.0,1,0.028715285972779482,4,0.11486114389111793,379,380,295.0,90.52866245777503,191.36,-12.30672,21.172264736149152,0.0,117.75,8.098476431113866,-0.024490338313465636,0,1024,0
7B71FC6C-41CF-41A9-8C0D-127B28D9F211,2923,2,0.0,1,0.12487170715018817,305,38.08587068080739,796,375,602.0,78.55702324720177,271.2956,0.04452702,40.37709266334867,0.0,145.47713999999996,42.97338161159453,0.27862516643162016,0,1024,0
8EF70AD9-6B4D-4180-A78E-52B4A563C1CB,1359,8,78.57142857142857,2,0.5371596762325239,46,12.354672553348049,686,133,1247.0,125.60323642666174,492.4829,0.05251756,55.86848555638787,0.0,198.57813999999996,2.910439709912339,-0.10092263410390358,0,1024,0
43858604-7112-4C41-812A-B7FAA0363D05,15853,3,9.0,0,0.0,0,0.0,-1,352,99999.0,53.20021184330827,80.93739,0.0,16.3210061757952,0.0,58.74228,5.542068156691741,-5.501720571101963e-14,0,396,0
47ED5567-2313-4A87-B35C-774542F6E400,12711,9,37.75,1,0.028715285972779482,6,0.17229171583667688,370,65,627.0,16.573893295299733,483.424,0.0,65.76775821579079,0.0,0.0,171.73097291249348,3.7647315722388424,0,1024,1
8E59FCAD-16EF-45D4-AF77-804198137915,8813,2,308.0,1,0.04141608986724157,147,6.088165210484512,388,63,314.0,43.48752423013303,142.2363,0.0,18.945714090463927,0.0,68.06641,-8.146169888666982,-0.06063325680831974,0,1024,0
E4018002-6340-496F-A54A-E19B68740521,4980,4,98.66666666666667,2,0.14658634538152612,11,0.8062248995983936,605,370,775.0,158.55563762996871,540.5,0.0,47.33371101540082,0.0,228.0,-27.54971110990698,0.21696587750075852,0,1024,0
A6B9150B-39CC-43C1-BD6B-14A8BBC14DB4,6425,8,86.57142857142857,3,0.17042801556420234,118,6.703501945525292,271,368,472.0,142.7642816869614,604.0,0.0,34.684184416920736,0.511284046692607,189.651,-0.6275973351095558,0.04424360267257826,0,1024,0
C30593A4-376B-47C3-AE95-23F4D64D848F,12711,13,58.416666666666664,0,0.0,0,0.0,-1,12,470.0,86.1034263802984,355.79,0.0,51.341409929263904,0.0,156.8985,-16.22365072634777,-0.26905925573528783,0,1024,0
71E2AD5C-CA5C-430F-BC2A-90756CDB3232,6410,6,65.2,3,0.17082683307332294,44,2.5054602184087367,535,322,269.0,101.37182904429021,230.3335,0.0,47.69525836828429,0.0,161.16207999999995,11.302072829166576,0.22849534873980515,0,1024,0
29754746-2F17-4BD7-8EC4-762BF963B1D6,12711,4,28.0,4,0.11486114389111793,220,6.317362914011486,681,364,138.0,36.780791459248746,89.61,0.0,13.888999243312453,0.0,56.23,4.395000979022861,0.08498155179190896,0,1024,0
76635ABF-250D-4129-9630-39E925152686,2702,2,0.0,1,0.13508512213175428,118,15.940044411547003,912,364,452.0,152.90233308118334,352.3737,-3.672785,61.23128928033591,0.0,231.41742,8.611030028770358,0.3553012562733232,0,1024,0
5385F0C2-D3E5-405C-89B5-D1756B5597EA,3003,2,34.0,2,0.24309024309024307,122026,14831.665001665002,387,364,188.0,37.82169563210986,86.0,-47.407,15.525107809550875,0.0,55.0,-3.993377730875288,-0.049543210638751216,0,1024,0
8CD521A3-0C86-4E2F-982F-98BEE1A214AA,7971,3,142.0,0,0.0,0,0.0,-1,74,920.0,103.36084973187909,394.4092,0.0,41.86177997578545,0.0,152.71,-6.015483413977847,-0.4605480692827867,0,1024,0
D8AE955C-E591-4791-9CBF-FE419A630610,12711,10,79.55555555555556,0,0.0,0,0.0,-1,91,452.0,244.3643127140111,403.7842,0.0,42.75425785056179,0.0,290.1489,-13.091824064319752,0.1797233221120271,0,1024,0
CE5B2C9F-07AD-4F89-8889-80F2C0E4C5B9,5749,3,250.0,1,0.06348930248738911,3,0.19046790746216732,802,94,961.0,192.27194451391202,445.0473,-30.34,58.28039532660658,0.0,268.8802,0.13478886494598896,0.6293216202896182,0,1024,0
28DA31FA-71CF-4651-BD2D-702C8645BA99,12711,5,143.0,3,0.08614585791833844,803,23.058374636141924,223,53,450.0,143.42735553186142,306.24,0.0,50.33339464060939,0.0,202.79,-39.89746895778734,1.3585979413324505,0,1024,0
8EE5AAC7-E730-4E0F-814D-0FD7021F3306,1312,3,113.0,0,0.0,0,0.0,-1,127,887.0,97.77393202765421,237.58,0.0,31.608288765704316,0.0,136.96708,-2.3637294358332355,0.005832915409562779,0,1024,0
98DA4ABA-30CE-4BBD-9C92-A86A1AE277DF,475,6,18.6,0,0.0,0,0.0,-1,295,226.0,22.75064880304351,70.25793,0.0,10.515858140219025,0.0,35.267922,0.9251077579132847,0.004138255276690816,0,487,0
ED2FF8D8-C022-4CA5-BBD1-CF2B7470FD98,6041,3,207.0,1,0.06042046018871047,30,1.8126138056613141,923,349,653.0,142.0588144408307,312.0,0.0,74.59769563030062,0.0,226.5,-14.021314440830707,-0.028664375574611455,0,1024,0
D63D69CD-8056-448A-834D-A586FBAD43F9,4023,3,186.5,0,0.0,0,0.0,-1,347,1454.0,262.3278148562144,690.0878,0.0,118.4680725031308,0.0,410.4584,-17.570833419794667,-0.14418324586621764,0,1024,0
3253AA9C-A677-4F6D-8C47-F84B5CF9A766,6704,8,134.0,1,0.05444510739856802,3,0.16333532219570404,707,42,472.0,171.948711072212,875.9766,0.0,38.00772239764824,0.2722255369928401,217.6208,29.657283384578136,-0.2915322447640786,0,1024,0
705149D9-EC34-47C5-AE18-70CA66BB30E4,10074,7,129.33333333333334,5,0.18115942028985507,444,16.08695652173913,295,152,276.0,114.78106973316945,222.8,0.0,30.531491853407584,0.0,152.89,3.9258669952256042,0.0619578217245644,0,1024,0
3E5F5EA7-229F-43C5-ACB6-31BB16E119AB,5788,3,88.5,5,0.3153075328265377,177,11.161886662059434,127,214,188.0,22.417247080755466,82.0,-146.6096,9.466895467445068,0.0,34.0,-0.2120773276690464,-0.03958633438972855,0,1024,0
8822DF66-4505-49AB-A848-E43FE989B197,2262,3,244.0,2,0.32272325375773653,435,70.1923076923077,751,340,800.0,184.4718819363654,339.13,0.0,39.79157920326705,0.0,235.32,41.43287346486915,-0.002089724726177456,0,1024,0
0D0A767F-EBB4-4406-B84D-335B96C1D7AE,12711,5,137.5,0,0.0,0,0.0,-1,195,693.0,158.37416694017978,356.0,0.0,43.48658374544168,0.0,208.4,-10.835578977216812,0.135895189392247,0,1024,0
E515D8AF-829D-4C8C-8EA3-8FB73BDB2737,3556,3,154.0,4,0.41057367829021374,213,21.863048368953883,353,141,150.0,20.474566544649466,84.0,0.0,13.13355552386227,0.0,40.0,-9.52526098909391,-0.016467339360609408,0,1024,0
C1BD0250-66A2-4DA0-88F3-7804E8371109,12711,4,53.0,4,0.11486114389111793,221,6.346078199984265,175,337,100.0,34.191851809496974,72.12,-20.2006,13.86647447114302,0.0,49.5,3.063716215657344,0.062284426330721454,0,1024,0
295C66AE-7C82-4E81-A5DE-E9DD0818BFDF,3870,2,7.0,2,0.18863049095607234,16,1.5090439276485788,767,329,452.0,75.12991620517225,214.0244,0.0,35.34673446950915,0.0,122.28364,-0.6468211179037411,-0.36271991321816827,0,1024,0
D43B94DD-D497-4DC6-8FDA-B97D71C6C380,2730,9,111.625,3,0.4010989010989011,269,35.96520146520147,561,67,473.0,102.59565658363158,263.855,-44.05509,32.13952167740207,0.0,145.1111,5.753034598467181,0.6797737121808993,0,1024,0
66E888E2-5EF7-46A2-8D90-4C7EFDF1C081,12711,7,134.5,2,0.057430571945558964,204,5.857918338447014,795,130,452.0,94.49277687626912,305.7543,-30.05048,63.37929749459996,0.0,155.83288,42.33114785058274,0.11781807622784857,0,1024,0
D4C6545C-E04F-44FA-A5E1-F4FF96372DE4,6447,5,150.0,1,0.05661548006824879,79,4.472622925391655,431,329,266.0,59.06365900801646,251.3341,0.0,39.40771369331079,0.0,117.05575999999998,39.190547883727376,0.9278940457104917,0,1024,0
3A171E90-2058-4BBA-BA24-0F764AB7ADBD,8265,8,76.14285714285714,4,0.17664851784634,346,15.28009679370841,196,42,450.0,46.9433802304618,460.9563,0.0,35.95578553797336,0.044162129461585,104.0,-9.853580296084331,-0.10393096778852477,0,1024,1
E946F0DA-6E00-490B-A0FD-2C018F732C83,5562,5,121.5,0,0.0,0,0.0,-1,326,858.0,208.74450166237682,841.4727,0.0,70.32027521854201,0.0,290.586,47.80638200120342,0.17733923433596488,0,1024,0
C2127EBF-00FE-4E9F-B978-E53A692AA9AD,3899,7,53.333333333333336,0,0.0,0,0.0,-1,4,529.0,92.43443338243225,299.7437,0.0,58.94503392788323,0.0,161.499,-7.943947728882861,0.11079813797020148,0,1024,0
2DA285B5-C033-4B53-A60D-0A7E6ECE1674,3808,4,104.33333333333333,2,0.19170168067226892,324,31.055672268907564,610,323,301.0,78.05489457313222,522.0,-126.4236,27.416788460872713,0.19170168067226892,97.5,-6.097332844737153,0.05818591001168591,0,1024,0
ABEF99A0-CDEA-4A8F-B398-A42175A5A6E4,5208,1,0.0,1,0.07008448540706606,143,10.022081413210445,796,322,376.0,61.064756959973444,207.48,-181.4281,15.614151109349113,0.0,81.053388,-8.560007765467276,-0.09575224373839948,0,1024,0
2B237092-E2D5-4546-9B3B-00032C042A74,8421,5,67.75,2,0.08668804180026125,94,4.074337964612279,322,322,271.0,73.95207607152821,162.3771,0.0,24.67514060049446,0.0,107.9075,-16.181599074074512,-0.32576151831640326,0,1024,0
A3757C7A-557A-4C32-8414-0181B78DD544,12711,2,243.0,1,0.028715285972779482,6,0.17229171583667688,160,322,301.0,38.157591665704565,128.0,0.0,14.200972845432304,0.0,56.0,-1.681742900272468,-0.062383044546005725,0,1024,1
044D2030-8A75-4C9B-B2C2-D203522170BC,12711,10,68.55555555555556,1,0.028715285972779482,6,0.17229171583667688,323,321,452.0,228.05734628637592,370.1843,0.0,46.761493585436604,0.0,291.3574,-3.0440811011907556,0.47958261591489004,0,1024,0
09B31A71-CAC2-4E04-B4CF-2E157DE15EF8,418,5,1.0,2,1.7464114832535886,170,148.44497607655504,48,319,452.0,68.06452247745325,113.13,0.0,28.443685874877534,0.0,113.13,-11.359452259860667,0.08112909775207114,0,564,0
AE400705-ECD5-40E8-BD0C-EACA2712A65D,4698,4,235.66666666666666,2,0.15538527032779906,63,4.894636015325671,118,1,126.0,46.40878523840893,143.7,0.0,13.962501267248864,0.3884631758194977,64.5,-6.735174127297817,0.037898883264014756,0,1024,0
9D94996F-3AF4-449E-9E14-D8A0FF6B4B2B,4668,5,91.75,0,0.0,0,0.0,-1,315,870.0,322.11244718445874,574.03,0.05112257,63.06899174652505,0.0,398.4333,23.89002451307215,0.31433858415273125,0,1024,0
93ED9622-C4B5-4DF9-809F-49D53655E66A,12711,14,44.07692307692308,1,0.028715285972779482,693,19.899693179136182,723,147,452.0,227.86671460552796,388.0826,0.0,46.61253997572258,0.0,293.2434,8.410118843546115,0.1858271583195106,0,1024,0
90406650-B2C8-4D79-80EB-FBE0051A221C,490,1,0.0,0,0.0,0,0.0,-1,313,416.0,32.46215104971855,152.6105,-320.1438,29.674691382876592,0.0,70.703826,7.251528431145644,-0.04174908509696513,0,760,0
4BBBCD2F-5319-4621-AD46-0CDF609BF552,12711,6,89.8,0,0.0,0,0.0,-1,247,1245.0,589.4502967802399,1138.26,0.0,135.5770600103696,0.0,745.42,46.90826494815519,2.9799708994704197,0,1024,0
0F4626AA-2E91-4390-B948-4686E8B3F4C6,490,1,0.0,0,0.0,0,0.0,-1,311,416.0,32.03204487856849,529.4462,0.0,29.795182643394035,3.7244897959183674,70.430874,7.46521048292842,-0.0425064188176928,0,760,0
8E8B43CF-CAAB-4851-BF3C-B0EA1DB9267E,9593,12,39.90909090909091,3,0.11414573126237881,927,35.27103096007505,445,311,472.0,117.69776710622288,798.7671,0.0,35.75670890158903,0.0380485770874596,159.9731,-32.4867977790624,0.06154522201064086,0,1024,0
7F009C31-F8C1-482C-8931-B8E8A5A7A4D9,6683,3,301.0,1,0.05461619033368248,204,11.141702828071226,796,308,271.0,90.82501996077407,196.3328,0.0,15.436329274497274,0.0,108.48828,1.5024669520345668,0.06567755262014945,0,1024,1
781BF431-2FF4-4439-AEEA-8D061FE10A3F,8676,3,130.0,1,0.04207007837713232,205,8.624366067312126,40,41,1023.0,135.08869610246734,494.345,0.0,79.54298100541341,0.0,247.57619999999997,-5.977627352467351,-0.7246607110275783,0,1024,0
093C4FA8-F9CF-4F3E-B5D6-F4B3FDE93482,4165,4,186.33333333333334,5,0.4381752701080432,550,48.19927971188475,630,294,756.0,245.43973489273125,420.0,-26.54484,37.66783544273523,0.0,292.5,6.9433669591205955,0.05634354721410601,0,1024,1
C20FA49F-6282-409C-B929-B381EFEFBFF9,9576,7,47.666666666666664,7,0.266812865497076,2420,92.24101921470343,642,284,141.0,38.74670587230979,120.0,0.0,17.581733870481454,0.0,58.54,-7.5562467673715155,0.10422457333550358,0,1024,0
CFFEEEAF-0A23-4D7D-9526-D5875D45E1DD,697,8,117.0,2,1.0473457675753228,11593,6070.939741750359,533,91,226.0,45.85805161938782,416.0,-8.7,19.148500204357873,0.5236728837876614,67.0,-9.058283100869303,-0.02295613770336581,0,1024,0
2947A2FD-92C9-4582-8F94-09CAA38BD4C3,12711,7,19.333333333333332,1,0.028715285972779482,7,0.20100700180945638,254,211,297.0,37.531150201905646,199.05,-37.58214,19.838182843322077,0.0,65.63,-4.13829603523898,0.12408432511098394,0,1024,0
4542F5A7-6E08-48C7-A40D-DF73520189BD,713,7,111.33333333333333,2,1.023842917251052,2627,1344.8176718092566,533,274,226.0,47.065636916823735,361.0,-31.0,19.510054161604916,1.023842917251052,69.0,-0.21918629953978552,-0.027674084134805335,0,1024,1
221573AA-43DA-4D40-ABBF-84545988447F,8599,11,64.4,0,0.0,0,0.0,-1,114,403.0,93.40215578144884,305.9064,0.0,32.31441577967104,0.0,136.9745,-11.538117483917972,0.12933932888129102,0,1024,0
97DA23A0-9719-48C1-A30A-B077EBEAFBA2,9009,3,30.5,0,0.0,0,0.0,-1,273,452.0,113.50171005181768,300.61,-46.17,46.24492057239774,0.0,174.57,20.984927293861304,0.3293028563195942,0,1024,0
D8C2BE43-382E-481B-B564-0245CF70823B,4341,3,125.5,0,0.0,0,0.0,-1,21,99.9995,24.534898790596756,119.8853,0.0,12.903485630679132,0.08408200875374337,42.57813,-6.724159169609102,0.057215458483314274,0,1024,0
D46170DF-C4CF-4244-A0F1-56C7ED6C1D0C,9971,12,57.72727272727273,6,0.2196369471467255,1362,49.85758700230669,102,0,259.0,90.61386210856588,142.5,-121.8648,16.704950652582767,0.0,111.75,6.928499002545223,0.11561775459238326,0,1024,0
65086A22-90E5-418C-8FE5-AFD21B477971,12711,8,78.85714285714286,1,0.028715285972779482,324,9.303752655180553,270,269,555.0,75.80163302353867,344.4,-21.24427,51.355779104347825,0.0,144.0,-6.26288257515904,-0.15651853413774772,0,1024,0
70C65F87-2E0A-4FD2-A063-F87E064F9BE1,4950,11,66.8,1,0.07373737373737374,4,0.29494949494949496,247,247,452.0,126.8079124566205,321.0,0.0,37.5290558465333,0.0,174.0,11.436300506342462,0.20272170089573652,0,1024,0
393BC993-536C-417C-BA81-60FF9F395097,3626,3,0.0,1,0.1006618863761721,192,19.32708218422504,796,265,451.0,143.12219641925827,328.3166,0.0,101.54760306535552,0.0,287.69506,18.13188593353493,-0.15611978436757035,0,1024,0
6ABFCF04-1648-438A-9F7D-D0D42C6A2645,3957,3,115.5,4,0.3689663886782916,191,17.618145059388425,45,266,99.0,14.157629230952072,155.4983,0.0,6.372024284215403,0.6456911801870104,25.4,-7.0466723910600955,-0.020554424767640363,0,1024,1
B3ED7F8B-BF7D-4EA9-8CF8-764506F8FA14,12711,8,64.85714285714286,5,0.1435764298638974,1146,32.90771772480529,26,19,800.0,293.07693763472264,638.9465,0.0,86.66972348317307,0.0,400.8179,-9.531797356944878,0.2328495645435966,0,1024,0
5CCFA156-830E-46F9-8D51-5815272EFE68,1946,4,153.0,1,0.18756423432682426,92,17.25590955806783,920,259,276.0,115.25740032686578,928.006,0.0,22.86602856950307,0.9378211716341214,143.80986,-4.770114820692939,-0.032937026520300304,0,1024,0
C850A04F-46E0-4B44-9B44-2EF8428B8E9C,12711,6,153.0,2,0.057430571945558964,207,5.944064196365352,69,180,1370.0,255.25591363966672,842.9,0.0,133.07943711088598,0.0,441.12399999999997,-74.65606873225929,1.663060210336793,0,1024,0
96D134A8-2554-40C7-A6FA-2CE6F76BC128,12711,4,88.0,0,0.0,0,0.0,-1,245,540.0,104.64382703858143,228.0,0.0,39.31491739661233,0.0,157.0,-1.7106480262357593,-0.294203445327149,0,1024,0
20B1E304-E6E1-4BB6-BB65-333FA534C91C,5077,14,57.69230769230769,1,0.0718928501083317,12,0.8627142012999803,385,244,489.0,161.91319422467012,432.0,0.0,72.13456906054282,0.0,252.0,-44.41952138516395,0.04121370722482706,0,1024,0
B952BE16-2028-45C6-8A6C-F90063BF8DA3,4289,9,49.125,1,0.08510142224294708,321,27.317556539986008,796,239,452.0,132.1717242979079,266.0443,-1.68,42.55593385656552,0.0,190.11888,-34.911628618123956,0.1119680941467637,0,1024,1
52717067-F22C-49F8-971A-C341FB9C58D2,4289,16,49.4,4,0.3404056889717883,327,27.828165073443692,169,204,301.0,14.06531275895597,102.9604,0.01752469,3.460923454697996,0.0,18.224038,-1.4410481341874526,0.02271778773069813,0,1024,0
674D8274-555B-4237-BBE7-4A4DD6B87DED,6972,9,98.875,3,0.15705679862306368,153,8.009896729776248,205,184,472.0,159.3964374944142,482.9102,0.0,37.812646027504414,0.10470453241537579,198.3643,7.528018635987053,0.1432483181844183,0,1024,0
40BD559B-B854-4802-AAB1-3084DCB120F9,12711,14,61.46153846153846,2,0.057430571945558964,531,15.247816851545904,258,36,100.0,26.639733375423614,235.4852,0.0,8.504251282323947,0.1435764298638974,36.6,-1.7174262665501523,-0.039940041766328344,0,1024,0
E10E0B59-BAC2-49E7-A361-9292C7DF3965,329,1,0.0,0,0.0,0,0.0,-1,236,473.0,73.0398593956177,750.047,0.0,42.23879756823463,4.437689969604864,128.8144,-1.8472296172998028,0.42436836207705814,0,374,0
0F938D37-20F0-41B2-8539-C48E24236A39,12711,9,91.0,0,0.0,0,0.0,-1,235,800.0,287.18908850876426,456.4819,0.0,68.11497705930807,0.0,370.7886,-0.7758979763568732,0.1565975588947501,0,1024,0
DD62E7B5-6E77-446E-BD93-B8D728F05646,10233,8,94.57142857142857,5,0.17834457148441318,59,2.1044659435160753,519,29,407.0,175.11532416619693,347.0,-16.82,51.43018092609681,0.0,240.0,-16.881296388419145,-0.032289937486720266,0,1024,0
EB075F9B-63E3-4157-9EB2-E559CBF7AE9E,3203,2,780.0,0,0.0,0,0.0,-1,225,226.0,36.439305506957695,113.1586,-32.85494,17.510864875890515,0.0,60.63136399999999,-10.562222323084235,-0.20804829446762985,0,1024,0
0E8744D7-AFE5-4969-BC9E-C8CF208F4C3E,5949,6,121.0,1,0.06135484955454699,42,2.5769036812909736,162,189,489.0,97.17805408284377,244.2205,-0.4180517,30.103736254043316,0.0,135.98186,-0.8250406337697029,-0.4321675862224607,0,1024,0
B0812993-F37E-4499-A0CF-346635825E82,1054,4,239.0,5,1.7314990512333965,140,48.48197343453511,481,213,887.0,189.03471192355025,637.2681,0.0,77.10011330715672,0.0,281.30187999999987,-29.728501114136662,0.34402847976816625,0,1024,0
F885761E-B4E9-4892-966C-BF14A6414F79,6942,8,89.85714285714286,3,0.1577355229040622,69,3.627917026793431,197,207,490.0,87.21170231356767,251.4025,-23.54589,37.389878172471654,0.0,135.27017999999998,-9.4283799740615,0.3815825105842388,0,1024,0
E46E07CE-14C5-488C-A7DA-B4961E2EE29C,12711,7,144.5,2,0.057430571945558964,47,1.3496184407206357,317,137,403.0,43.126231590456854,197.3,0.0,26.560509152682712,0.0,79.7,1.05108322435796,0.26543824569102337,0,1024,0
853B2A98-BB89-4CF7-ACA6-783BAAA2BFD0,2607,2,1.0,1,0.14000767165324127,277,38.78212504794784,796,203,301.0,102.58389357080277,592.7252,0.0,19.208622549216997,0.7000383582662064,128.81664,11.953345845092286,-0.022263594456787373,0,1024,0
938B7EB9-30F7-4CC5-916A-3522AEB20D24,12711,5,202.25,0,0.0,0,0.0,-1,203,693.0,142.06143362905166,339.4254,-0.214293,51.06279133284973,0.0,224.16796,-38.76544611439117,-0.3028871438581793,0,1024,0
62350768-56A6-45AA-84FE-ACDA16D3E757,12711,8,93.57142857142857,1,0.028715285972779482,22,0.6317362914011486,804,146,452.0,170.45153509069794,326.0,0.0,52.85481262902627,0.0,234.0,-14.166118424031282,-0.05529197706178984,0,1024,0
65A025C1-444F-4856-870C-D631C3C1A59A,3760,4,186.66666666666666,1,0.09707446808510638,55,5.339095744680851,623,203,452.0,106.46804057048585,297.67,-0.5719568,42.54834493642935,0.0,159.46934,-14.472356358911782,-0.21348756146881992,0,1024,0
6596D8C1-F67C-49FC-BD69-46FCC509FF94,2713,7,37.5,4,0.5381496498341319,112,15.068190195355696,178,51,1181.0,314.36038936799815,674.7599,-4.882999e-06,89.78512046229874,0.0,430.43,3.9937563564473066,0.3791009332461667,0,1024,0
E10F250B-888B-4DD7-BDEC-6862BD43F761,12711,6,113.6,0,0.0,0,0.0,-1,117,706.0,214.97176496876648,668.6909,-0.04,88.6430358080788,0.0,309.6313,38.94579357135697,0.12997062166430023,0,1024,1
CEE998A4-39A9-42D6-81E7-4FA37CF7086C,961,4,223.0,4,1.5192507804370448,272,103.30905306971904,319,141,301.0,119.79949542797702,244.0679,0.0,22.390156167934972,0.0,143.92589999999998,-10.40598183384121,0.10085911680444284,0,969,0
0352433F-3BB4-44E3-8CF2-999700F5D7CF,2695,3,274.5,5,0.6771799628942486,527,71.3747680890538,377,196,166.0,41.6279417099839,106.7666,-10.78819,10.679413968497757,0.0,56.15134,0.5950421943370898,0.08673326158118329,0,1024,0
819430A9-5491-4BF8-9511-91228BB1B29F,8382,5,202.25,1,0.043545693151992367,304,13.237890718205678,796,50,284.0,30.810329566850257,238.251,0.0,53.21593461232359,0.0,123.51063999999998,42.69238392929172,-0.802202109636988,0,1024,1
D6471B2A-9253-4B30-95B0-32699A51325F,12711,3,94.5,4,0.11486114389111793,6284,180.44685705294626,132,194,1370.0,433.2032287924373,871.63,0.0,126.14522601074334,0.0,609.76,-80.0119880516965,1.1187431484451034,0,1024,0
DB06597D-4FC8-4EA8-976B-6780A98A79E6,854,2,0.0,0,0.0,0,0.0,-1,192,250.0,23.023748870957643,82.2095,-6.962652,13.188532203444867,0.0,38.582711999999994,0.024807195709023233,0.01631633944975067,0,1024,0
86C3E933-98B8-4ADA-827E-279C1C5EF633,2234,3,237.5,2,0.3267681289167413,268,43.78692927484333,5,193,452.0,64.01002940670318,231.0,0.0,30.563230687572077,0.0,107.0,-10.545214591888367,-0.1366604473346617,0,1024,0
50268015-DCBB-415F-B4B4-946B81D7272D,3210,3,0.5,0,0.0,0,0.0,-1,192,417.0,38.208710526190686,284.6,0.0,27.470422171078518,0.0,75.2,1.0838589182537532,0.26602267426703047,0,1024,0
1ED97052-3D8C-4DFA-8C03-0BD915897D56,854,2,0.0,0,0.0,0,0.0,-1,192,250.0,23.03581789603863,168.0,0.0,13.298775427910211,0.0,38.63918199999999,0.05234865288112189,0.01623647994457629,0,1024,0
983FA7B4-487F-44D5-9898-82D148985D61,12711,6,165.8,2,0.057430571945558964,67,1.9239241601762254,14,35,399.0,152.53582003792675,334.9197,0.0,42.051972524124025,0.0,194.75137999999998,-4.931914489732293,-0.11121993924942145,0,1024,0
B91B5C6C-6661-443C-9A47-A42052D4C8DF,12711,9,95.75,2,0.057430571945558964,130,3.7329871764613327,50,92,251.0,108.11302987497196,199.7,0.0,26.937429027225814,0.0,143.7,-12.546810739169473,-0.08438333722051253,0,1024,0
3F087177-A702-4FFD-8DDA-90CAFEBE3427,12711,13,16.25,6,0.17229171583667688,41,1.1773267248839587,45,37,236.0,102.46496055026861,226.7761,0.0,22.67336441477476,0.0,130.3711,0.9187948772005257,0.11471778508196938,0,1024,0
E5BDAC79-F720-49E4-911E-AD54290DBA2E,307,5,32.25,11,13.078175895765472,1196,1421.9543973941368,44,125,151.0,21.160275867637797,72.591,0.0,14.536274118079751,0.0,36.431,9.445646586065909,0.03173685874567891,0,431,0
C02A2364-7C86-49B5-94A7-1314E72DF8B5,12711,8,139.57142857142858,1,0.028715285972779482,33,0.9476044371017229,13,13,377.0,141.53653218340614,354.35,0.0,32.95162289983971,0.0,168.2281,-48.81129318417776,-1.9413088838981485,0,1024,0
58B83194-807D-4677-9C88-F8300C24D2CF,4857,6,150.4,6,0.4508956145768993,460,34.568663784228946,192,55,301.0,67.09340648030589,179.6577,0.01739342,11.036155230332932,0.0,81.28882999999999,8.783181754462632,0.15509722622387223,0,1024,0
E4E31BBF-8D77-4DDB-A964-B07912693386,12711,8,38.0,4,0.11486114389111793,385,11.0553850995201,140,7,800.0,293.8725075368938,535.5622,0.0,68.13216405286803,0.0,378.87566,-13.637869588745673,0.29320605484876516,0,1024,0
324AFB1D-3068-4650-930D-2DC56B95C98B,8456,7,92.66666666666667,1,0.04316461684011352,58,2.5035477767265846,386,179,256.0,76.38263435788885,534.6613,0.0,47.888839993943115,0.25898770104068114,144.21958,15.815986477466097,0.7216065181995027,0,1024,0
0959092E-7BF9-4CAB-8090-CDF2B9569A6E,1724,1,0.0,0,0.0,0,0.0,-1,179,99999.0,66.44045195650438,302.715,-4.726318,82.09493578142867,0.0,215.765,18.825101314714757,-0.37347918554146603,0,1024,0
23F740A0-66FE-4729-B02B-EDE286F0663D,12711,19,48.388888888888886,2,0.057430571945558964,58,1.6654865864212098,171,54,281.0,79.90320730432539,172.73,-1.996812,24.47236077980132,0.0,110.38,7.299273405551148,0.14177747995858367,0,1024,0
14A135B0-F3E4-4A4E-8FDF-BBD69D993931,12711,14,51.23076923076923,2,0.057430571945558964,27,0.775312721265046,258,97,887.0,245.51790872199774,593.2,0.0,105.86149181567106,0.0,354.9,46.51038603108867,0.26377786123545827,0,1024,0
864540A9-190E-422C-ACFE-F9A9823DBA84,2571,3,341.0,1,0.14196810579541036,308,43.72617658498639,796,177,602.0,76.11670649867332,242.8182,0.01071729,40.962871460353995,0.0,143.9714,43.12816260009211,0.28027258372536973,0,1024,0
7A158859-C4BD-4450-B4B5-75650AFC04FB,4390,7,147.16666666666666,1,0.08314350797266515,449,37.33143507972665,796,70,1665.0,128.99098295834412,1553.569,-24.5,133.3500009328072,0.0,310.70233999999994,125.8429086906682,1.3783067761518901,0,1024,0
9E62F979-A179-4F88-86E7-38ACA676731D,3675,3,175.0,2,0.19863945578231293,198,19.66530612244898,765,175,301.0,98.89170655415728,232.2697,0.0,36.44753384083923,0.0,144.3436,-0.4918656631079017,0.24803896994110966,0,1024,0
0E07EAFD-5109-44B6-8A6B-C76AF6595D2E,2135,4,41.333333333333336,3,0.5128805620608899,248,42.39812646370024,196,141,301.0,89.87367545181226,189.6746,0.0,35.82145067577934,0.0,129.50932,7.695573332987124,0.16158459318374097,0,1024,0
B8E56FCB-06BD-4FED-A6CC-EE00F46BDF56,10282,8,17.571428571428573,5,0.17749465084613888,3677,130.52956623225054,141,103,407.0,178.68529409767262,354.0,0.0,53.166228437767394,0.0,244.0,-16.799877431005967,-0.10284883136023701,0,1024,0
18218745-2D63-4B41-8766-EA8B62385C69,12711,6,138.8,0,0.0,0,0.0,-1,115,489.0,80.10724016312727,234.3736,0.0,25.35753718716733,0.0,110.0,-6.24867534831246,-0.19668689092854164,0,1024,0
5C9BE7A7-AA37-485B-909B-00F453F9CE90,4222,1,0.0,2,0.17290383704405496,790,68.29701563240171,733,167,312.0,26.02285020462488,188.0,-8.292095,28.1196656008497,0.0,75.0,-19.926537944948954,0.03394278201371039,0,1024,0
8705BB84-E115-4C31-BD92-8B4A77C586DC,12711,6,132.2,3,0.08614585791833844,1264,36.29612146959327,512,157,200.0,42.86268650634648,106.0,0.0,20.046223674757528,0.0,70.0,-8.155587740914378,0.05712845207224077,0,1024,0
02DE9555-030F-4CEB-9826-8027C8D8866F,12711,5,139.5,4,0.11486114389111793,458,13.151600975533002,796,77,259.0,112.82759770739642,954.9747,0.0,34.337803071117065,0.1435764298638974,154.116,12.213374764748636,0.18567199168135867,0,1024,0
39A3D048-F051-4059-A42B-7CF3509A5139,6694,5,199.25,1,0.05452644158948312,21,1.1450552733791455,344,157,223.0,32.77398336936964,145.1878,-2.8,16.93883311935625,0.0,54.889075999999996,-9.655623865604205,-0.09477539431310973,0,1024,1
B86D9233-90F3-44E4-A9E8-78D2E0B1DC5A,5121,5,140.25,4,0.2851005662956454,226,16.108181995703966,274,154,490.0,128.08402449347017,280.41,-81.1172,33.86075996410385,0.0,175.78,-8.24894964779115,0.03588262096817998,0,1024,0
822231DC-09F1-428B-A704-46FC74A68F2A,6895,5,167.0,0,0.0,0,0.0,-1,131,1270.0,323.1031248691586,719.12,-5.19811,111.2745544968235,0.0,459.43,52.958128988866065,0.5386538467251396,0,1024,0
38238D1F-2E54-4556-A09D-2389F9AEE16E,4808,5,173.0,0,0.0,0,0.0,-1,154,497.0,73.71332309886789,201.0,0.0,37.39064734003754,0.0,126.0,-9.150360135904933,-0.40631662345153624,0,1024,0
13833E7F-3713-4F53-85C4-5A6652F8065A,12711,5,159.0,1,0.028715285972779482,45,1.2921878687750767,797,123,452.0,57.34019008256196,205.2612,0.0,30.580884507595346,0.0,98.87695,-15.575050441342832,0.03245588675444203,0,1024,0
7A3ED9C6-E64E-4BA4-9BDC-8A012AB76DF8,4330,3,283.5,5,0.4214780600461894,230,19.387990762124712,296,147,452.0,167.46326383393165,355.5764,0.0,60.44400564492771,0.0,247.88559999999998,-64.18978686016621,-0.060672265099131234,0,1024,0
0DF7E048-E83E-4498-A720-482CCA458E66,12711,8,108.57142857142857,0,0.0,0,0.0,-1,134,266.0,120.39280217104596,192.0,-2.344,22.656651390474668,0.0,147.0,2.0440039778737855,0.16538615178417715,0,1024,0
0C85AD71-ABBB-43F0-A0A1-43436145C921,12711,11,90.1,2,0.057430571945558964,37,1.0624655809928407,704,25,259.0,86.82441433156534,170.1,0.0,20.967734641034898,0.0,110.64,-7.161945759034467,0.009330110139263645,0,1024,0
D06E1410-9C36-4BC3-85D0-4F18DDA1A6C2,3087,10,103.0,2,0.23647554259799158,470,55.57175251052802,554,7,831.0,221.8972761197851,994.752,-48.74616,60.55134209624425,0.591188856494979,296.00244,-17.554081791853008,0.044753951799411114,0,1024,0
6443015B-EBB4-426A-BAFF-AFD88D559560,3967,1,0.0,0,0.0,0,0.0,-1,144,250.0,21.39306624669433,100.7812,0.0,14.673888371500201,0.0,44.58847,7.562333340265546,-0.10296916019602104,0,1024,0
4D2A2F97-7674-4BC5-832B-0C7D8D9BD081,8666,4,103.66666666666667,3,0.12635587352873298,290,12.21440110777752,404,88,314.0,63.42658610226355,236.0238,0.0,21.630857114885632,0.0,93.0,-9.736539805967254,-0.18962200408835686,0,1024,0
4E406B15-0671-40D0-BD75-9BEC1D8FB8BB,5271,3,431.5,0,0.0,0,0.0,-1,140,768.0,88.70361965599979,257.9,-6.858307,29.1102070690692,0.0,130.8,19.376727566222442,-0.26283988535404934,0,1024,0
792BCFB4-4F15-47BF-9D97-B18346DF05BB,2681,5,212.75,9,1.2252890712420739,319,43.42969041402462,475,122,301.0,80.69123726204948,187.521,-21.52786,23.78241413943322,0.0,109.19226,-13.553797519071097,-0.12314070708433456,0,1024,1
560FFDCD-48C9-499F-9FFD-8CC02E008B48,12711,8,123.85714285714286,2,0.057430571945558964,108,3.101250885060184,23,17,800.0,294.648482467962,841.8126,-63.92524,68.69444750128402,0.057430571945558964,379.66366,-3.026774738641052,-0.1075944389179896,0,1024,0
742017CE-7333-4270-958F-EB2F9006419C,9997,3,127.5,4,0.14604381314394319,102,3.7241172351705507,142,72,491.0,65.29264044333672,288.1,-53.75211,28.14700388024376,0.0,104.5,22.489087951724997,0.2089218376296246,0,1024,1
9EB2677B-75FA-4C84-A833-11CE4A5BC09D,5271,3,280.0,1,0.06924682223487005,89,6.162967178903434,702,137,768.0,88.10324240632407,262.8,0.0,30.037581745637457,0.0,132.1,19.63543814923149,-0.2713118160450779,0,1024,0
17A853F8-A8CE-4A1D-AE94-32AF6BC42736,6384,2,63.0,1,0.05717418546365914,323,18.467261904761905,796,74,676.0,95.77047579723606,179.2297,0.0,24.013736933398775,0.0,129.5319,31.19589205660651,0.16927648301012765,0,1024,0
0EC82B9E-A2C8-4F31-A054-D53BAC6B8620,2725,7,45.833333333333336,4,0.5357798165137615,549,73.53577981651377,332,135,1247.0,211.13888788914548,1120.567,-27.28765,158.03067260600503,0.0,455.60732,152.09226690869403,0.3662499733125566,0,1024,0
50000832-22FC-46AE-B154-E74A23D7E98F,12711,13,49.166666666666664,4,0.11486114389111793,267,7.666981354732122,200,110,256.0,99.4791899299291,191.0078,0.0,26.63485777791632,0.0,130.92574000000002,7.014106575472127,0.04036287879437722,0,1024,0
1FBF8807-07B1-4E64-B30B-C2D1E1877D3D,12711,5,31.0,0,0.0,0,0.0,-1,3,490.0,44.37552000903244,199.9512,0.0,35.10952360884683,0.0,90.82031,22.125617366739164,-0.21013000699624998,0,1024,0
76D18AE2-B110-46B9-BE7B-1E7B80244F9F,12711,5,52.0,0,0.0,0,0.0,-1,126,452.0,145.72707039328478,345.5612,0.0,19.31326679782655,0.0,165.4816,18.82786459282633,1.0777193462051797,0,1024,0
BB3CE716-58DB-4B32-970C-02A89E44791D,9058,3,283.0,1,0.04029587105321263,83,3.344557297416648,796,126,264.0,82.86220228596169,163.2,0.0,27.18031237340599,0.0,119.9,8.937373331322263,0.07380156100653036,0,1024,0
48EE7266-1BDE-47A4-82BF-CDD1F395B94F,7626,5,165.25,1,0.04786257539994755,322,15.41174927878311,796,95,103.0,10.385887179452064,35.45337,0.0,2.4031698356664255,0.0,13.577501999999999,-0.348187179452065,-1.11735371645282e-14,0,1024,0
197B52E6-8B04-4F65-A492-9B84CD190EC9,12711,6,8.6,1,0.028715285972779482,5,0.1435764298638974,41,105,1083.0,291.89727581751885,867.1875,0.0,131.75882144229155,0.0,444.7632,164.28120572106144,-4.1190657728589555,0,1024,0
254F228D-C6F6-48B2-B7FC-DD75BF4E652C,5754,3,204.5,7,0.4440389294403893,3276,207.8102189781022,101,125,538.0,77.52168020530131,261.5904,0.0,39.118999966951286,0.0,130.0,8.34321177000733,0.4481080769001464,0,1024,0
32A76D07-F177-4B55-BD4B-878270ADF332,1312,4,76.33333333333333,0,0.0,0,0.0,-1,123,887.0,97.95411201293062,285.0,0.0,31.66851209417508,0.0,137.22116,-2.5541727289800065,0.004997080968981547,0,1024,0
5BFA5E09-A362-42B7-BA96-472D41DC178D,12711,24,33.34782608695652,1,0.028715285972779482,28,0.8040280072378255,704,17,251.0,71.01446766490999,235.7483,0.0,29.685698115881042,0.0,106.08263999999998,-4.647336179323574,0.13471197488363715,0,1024,0
CAFFBD2A-7BF0-4CC7-8871-DB1A6403BF51,9072,5,156.0,3,0.12070105820105821,692,27.841710758377427,92,124,129.0,20.93929175348224,183.0408,0.0,4.332246867268296,0.12070105820105821,26.54297,3.2470963090177563,0.048867810299490305,0,1024,0
4841D8B3-A9B2-4003-A5B5-DA09D70BE96C,12711,7,146.5,2,0.057430571945558964,446,12.807017543859649,511,124,377.0,161.17886903555518,605.0,0.0,42.42740033784364,0.057430571945558964,216.44343999999998,29.679721336358398,0.4282616038512446,0,1024,0
E1A8FA71-2D4E-4C7C-8B97-8BBD0C91DA38,2536,2,1.0,0,0.0,0,0.0,-1,123,301.0,70.802156771649,122.4362,0.0,12.618581678080526,0.0,87.982992,-9.162898987698377,0.07116596717924846,0,1024,0
30D3BFE8-F44A-4B29-9DC6-326B60A5615F,12711,15,35.285714285714285,4,0.11486114389111793,462,13.266462119424121,483,35,85.0,38.20218859673201,71.30127,0.0,8.760125535085406,0.0,49.46045,5.414512400181579,0.1037071277908875,0,1024,1
92905D91-5F31-4F9F-86E5-BF755E08C9DE,4781,5,14.25,1,0.07634386111692115,434,33.13323572474378,796,120,693.0,59.37027310940122,168.75,-1.288032,32.01551115380048,0.0,101.25,-14.711709120203686,-0.3403172029309193,0,1024,0
D931B089-7749-4B86-B7B9-766ADA0C110B,307,13,11.5,2,2.3778501628664497,1385,1646.6612377850163,14,36,804.0,163.44081821884654,598.769,0.0,146.97189838584987,0.0,347.35981,92.47538196757324,0.1949346132720921,0,509,0
39A868D5-CF3F-49E1-9798-927E95D83E24,9997,4,121.0,3,0.10953285985795738,169,6.170351105331599,381,111,157.0,40.11340732013529,70.92947,-58.54089,9.306439653977794,0.0,52.006628,3.0041968861147197,0.06459669202749765,0,1024,0
C129B3A2-C318-4389-9EC5-F6DAFD5593FE,12711,9,46.875,3,0.08614585791833844,68,1.9526394461490049,701,47,1245.0,579.1552236038764,1092.41,-136.64,149.68750237035775,0.0,743.14,23.97816914303712,3.073916253377877,0,1024,0
A1583F11-F115-4E6B-8407-9F2EE54C0B9F,12711,8,69.0,2,0.057430571945558964,48,1.378333726693415,620,87,489.0,152.7657740980801,320.0,0.0,53.53307567455296,0.0,221.0,-13.104277184499864,0.1417779629857012,0,1024,0
28FD5180-AB14-4ED6-8F46-FBD6DF6BC65F,9175,4,7.0,2,0.07956403269754768,5932,235.98692098092644,721,112,346.0,71.95666125796112,887.392,0.0,40.48687561394968,0.1989100817438692,128.5,19.45791436040308,0.159905698209573,0,1024,0
CEC5D20A-7411-4E20-BCF4-9E248A60837E,5790,4,187.66666666666666,4,0.25215889464594127,403,25.405008635578582,422,56,160.0,35.704268891536685,86.31833,0.0,16.75349860889447,0.0,59.893112,11.073965890338314,-0.02231978067867829,0,1024,0
6FDCC79E-AE91-4A12-B0E5-DBC66A0B3E0B,12711,7,17.166666666666668,2,0.057430571945558964,520,14.93194870584533,153,74,489.0,127.82300646523935,534.0536,0.0,49.07820998600998,0.028715285972779482,188.73479999999998,-23.3772586667054,0.2665281669094637,0,1024,1
B3AE58AF-D117-41E1-B509-AB12BD5D8F84,1669,10,56.888888888888886,1,0.2186938286399041,4,0.8747753145596164,580,106,1663.0,272.92249041817126,893.6599,0.09155414,92.43084235658411,0.0,377.1115,52.41654322380407,-0.16096394567491085,0,1024,0
8A9CF1CD-0742-4354-A6DB-E3BCD6310CD5,4796,9,105.375,3,0.22831526271893243,356,27.09341117597998,281,91,251.0,99.47781282484533,241.5,0.0,18.077493713999583,0.0,121.5,-8.515081343363846,0.004811808042055703,1,1024,0
991CF82D-9B61-487D-94EE-5A0FB7E9A4BC,1046,4,320.6666666666667,2,0.6978967495219885,439,153.1883365200765,115,18,888.0,116.01353657113557,413.2542,-40.0093,70.22797121825529,0.0,215.10618,0.22415143889529077,0.5015983815702192,0,1024,0
79BE139F-AB21-4F01-AFBF-B966A7F65F35,12711,5,43.5,3,0.08614585791833844,113,3.2448273149240814,153,73,452.0,127.07979589471431,2175.495,0.0,46.55632097598699,0.028715285972779482,186.56438,-25.198216255516783,0.26329491057060556,0,1024,0
CE8A429F-C0C8-442C-8ED8-62FA0BE76EEF,12711,8,101.85714285714286,1,0.028715285972779482,25,0.717882149319487,26,47,803.0,246.07562319565702,801.5453,-586.98,121.61255905251794,0.0,387.8534199999999,79.78268635688212,0.5676374916310788,0,1024,0
6A3BC26D-9625-4E3A-ACD7-46E7225FD9CB,7515,8,109.71428571428571,2,0.09713905522288756,561,27.24750499001996,678,81,208.0,43.149757342152974,118.5336,0.0,18.364204827693133,0.0,67.0,-9.164199288217795,0.30091221578044974,0,1024,0
7C97E11E-49F1-4C09-8FFE-9E5694BC59D7,8680,7,69.66666666666667,1,0.04205069124423963,11,0.46255760368663595,18,31,415.0,179.3357884169994,877.0,-6.2784,85.80391994268396,59.88018433179724,242.0,-12.08620863073395,0.3878837208461674,11,1024,0
A183AE88-0CCD-43E3-9CFD-1C22EA5B9BFC,142,5,7.5,2,5.140845070422535,96,246.7605633802817,29,91,555.0,32.660058627917465,799.0777,0.0,31.069781246947528,5.140845070422535,76.94339599999998,6.175580853324817,-0.22977685658910552,0,178,0
F758E62E-6DE1-47DD-B4A9-8A8D43EA40F1,4305,7,88.33333333333333,5,0.4239256678281068,1028,87.15911730545876,151,73,452.0,131.98866708311883,2256.745,0.0,47.40169602984329,0.33914053426248547,193.0,-25.757258357192896,0.2861998718695493,0,1024,0
DC1037C6-DB13-4BB4-B5DF-ED9615D88208,7272,5,219.75,1,0.050192519251925194,16,0.8030803080308031,855,50,414.0,41.59995507859583,226.7578,-12.7,35.93673961987719,0.0,84.08202,-40.65307385020077,0.03807651828872405,0,1024,0
BFF392BC-577A-430C-96D3-5D0E2112E162,9246,6,87.6,0,0.0,0,0.0,-1,95,452.0,1.712896764591469,128.9625,0.0,7.908594574997765,0.0,0.0,17.748438875516555,-0.1431969562731357,0,1024,0
054F99E1-BBE0-4652-BF4E-1D72094A40F4,5428,1,0.0,1,0.06724392041267502,41,2.7570007369196756,126,95,490.0,140.98573779533706,349.63,0.0,46.28583682665096,0.0,200.83,-5.102526526046944,-0.16323096096411124,0,1024,0
0D2A5155-DBEC-439D-A275-E3705BD72AA8,12711,5,175.75,14,0.40201400361891276,3255,93.46825584139721,64,94,376.0,145.54529976381966,338.0,0.0,48.1931940825,0.0,212.0,-13.601935566288802,0.024801415812523944,0,1024,1
15238378-C75A-4456-A293-8EACB714B279,9731,4,227.0,2,0.07501798376323092,11,0.41259891069777005,217,91,151.0,21.129434906774065,43.0,0.0,5.508092140558523,0.0,28.0,-1.2518114499839434,-0.002424739222511638,0,1024,0
E6946B30-E217-4772-A8F2-EDDF48594007,308,6,76.6,5,5.925324675324675,145,171.83441558441558,282,64,226.0,45.76218243361638,127.0,-89.3,16.50430342077559,0.0,67.0,-5.331935520036133,-0.03449431342693763,0,1024,0
A9CF3A2C-161B-4512-8A8C-CF3B45C25843,12711,6,111.4,1,0.028715285972779482,202,5.800487766501456,796,91,741.0,249.92068506216086,396.7578,0.0,36.688591494271066,0.0,292.36664,7.069158325184816,0.07931735582900362,0,1024,1
452330AD-2F39-4C09-B014-3E21FDCF4046,249,7,33.166666666666664,0,0.0,0,0.0,-1,39,472.0,52.043392002562925,999.1739,0.0,73.82429372735133,4.397590361445784,159.6657,-19.53568146323422,-0.06598157629146616,0,347,0
6D8E26F6-EF80-49A0-A334-86A9CC07606B,12711,4,23.666666666666668,1,0.028715285972779482,16,0.4594445755644717,1008,87,276.0,55.833675184628945,138.1836,0.0,17.614702276851474,0.0,76.26953,-8.134127228533266,-0.040563685112578775,0,1024,0
373BE085-2525-463A-856A-036D6A1FCD2B,9573,4,35.333333333333336,1,0.03812806852606289,91,3.469654235871723,413,88,271.0,25.683446500179972,77.65625,-53.40542,17.42404236082569,0.0,46.83296399999997,4.786838127134843,0.10840176009667289,0,1024,0
99CD5C44-DBCF-4F5D-8CA3-FDD9508FC4FE,2870,10,50.888888888888886,1,0.12717770034843204,75,9.538327526132404,183,51,452.0,153.3289240139018,353.7225,0.0,61.408463995409875,0.0,231.9733,8.549006584555002,0.37047430158853323,0,1024,0
98BAFF66-96A5-46FD-AEEB-947E869F99D9,5079,2,0.0,1,0.07186454026383146,7,0.5030517818468202,44,84,1039.0,163.32657381845473,628.5,0.0,79.98891165784694,0.0,271.9,-57.528973509812744,-0.4346242620260686,0,1024,0
0E1EFDA6-4CFD-43ED-941E-2236A69EE917,6439,16,45.733333333333334,3,0.1700574623388725,305,17.28917533778537,654,7,259.0,90.12875805988578,183.75,-8.205465,16.441265613191344,0.0,111.0,7.833163236410513,0.1375148337928368,0,1024,0
6CD33829-8A6C-4778-8BD6-E3606033983A,6601,3,232.5,2,0.11058930465081047,1454,80.39842448113922,18,82,377.0,178.4137598997874,378.556,-7.799988,53.781318224098875,0.05529465232540524,244.4792,-43.73231708111456,1.3169849876544397,1,1024,0
2BD05842-C822-4B32-90E6-AE4E4ED497B5,12711,11,86.5,4,0.11486114389111793,125,3.5894107465974354,81,65,377.0,128.09700381016933,284.9854,0.0,27.97830918716698,0.0,151.9135,-17.619280873518093,0.3119992188124135,0,1024,0
92D1B331-43BB-4AB4-8533-685FDCE75A8A,7023,2,1.0,0,0.0,0,0.0,-1,77,497.0,91.14680923889792,313.53,0.06,55.224152395319564,0.0,173.74,-23.683874053712728,0.6006626401064213,0,1024,0
76E43C8C-544B-439F-AF27-2FC492938676,5297,7,34.166666666666664,7,0.4823484991504625,97,6.683972059656409,197,73,301.0,98.28684151226825,240.8846,0.008972168,17.032477741629172,0.0,124.09033999999994,16.165393564600876,-0.03274001982211866,0,1024,0
E1CB2A4B-6019-49F5-8AC3-700EE7461768,12711,7,124.66666666666667,6,0.17229171583667688,274,7.867988356541578,105,75,693.0,227.0752144356082,394.6,0.0,27.421390276707513,0.0,258.4,-20.503586349188453,0.13523048684545994,0,1024,0
1AC1C574-BD15-4F62-9C7C-BAFE4220F780,12711,11,51.1,0,0.0,0,0.0,-1,38,706.0,222.3966214361759,1998.465,0.0,88.32333475507278,0.11486114389111793,317.3676,-92.54538074230248,4.282606820617145,0,1024,1
DF7F18E3-8854-40DA-BBC7-FD0BBFB79A1C,4762,3,426.0,3,0.22994540109197814,426,32.652246955060896,48,72,259.0,66.90274536255592,233.1762,0.01313791,20.34861522238526,0.0,94.34272999999999,-16.587211474674746,0.08191143152628047,0,1024,1
D575E2B8-849E-44B4-ADE1-B032BB48C657,8036,4,249.0,2,0.09084121453459433,619,28.115355898456944,419,63,375.0,138.963666043771,403.34,0.0,46.56851156703486,0.1362618218018915,195.39399999999995,-21.93953765278758,-0.024871617888816196,0,1024,0
274A3B8D-5C78-41A0-87DE-1A828ED02C48,669,4,234.66666666666666,4,2.182361733931241,32852,17923.73692077728,68,69,497.0,41.8741907367892,226.0,0.0,34.197105293149335,0.0,91.0,10.145948152099685,1.2713572891943725,0,1024,0
66D9C403-3113-485F-BFE7-C5B5AFCB1D83,8297,12,77.18181818181819,1,0.04399180426660239,528,23.22767265276606,1020,66,739.0,89.45838692428369,443.7591,-50.1,57.74969503116912,0.0,172.72396,-10.646859975209608,-1.4101134384321776,0,1024,0
BBB6A57C-8FCC-4797-A32B-C607596EE51F,10029,8,131.42857142857142,3,0.10918336823212682,38935,1417.0181473726193,120,65,489.0,120.88762313391784,350.0,-307.0938,40.40849683352815,0.0,170.0,0.1171608166994389,0.4801181444438932,0,1024,0
8CA5C88C-E442-4CAB-9163-07A7295021A4,4101,2,433.0,1,0.08900268227261644,25,2.2250670568154107,137,60,452.0,144.93698349915448,431.1371,0.0,34.074070403589374,0.0,187.0,-11.018542141129785,0.07167957406708704,0,1024,0
20EE3B08-3F70-4CDC-B7CD-B4B6D7EFC497,3984,4,316.3333333333333,1,0.09161646586345382,13,1.1910140562248996,18,44,452.0,183.96704631021342,387.2,0.0,52.595271296706336,0.0,250.4,-35.42640834416403,-0.1676976717863359,0,1024,0
80F74B56-E49B-456A-AA72-EE7EF373FAB1,5621,4,32.333333333333336,6,0.38961038961038963,506,32.857142857142854,103,56,402.0,117.88696190754311,221.48,0.0,25.492653510422745,0.0,150.0,8.11342389492603,0.10116561029470761,0,1024,1
8D4FE0DC-9C23-4AAF-B28D-2C90851B134F,6941,4,233.66666666666666,5,0.2629304134850886,300,15.775824809105318,55,56,734.0,151.88272786613308,355.0,0.0,45.669689051679974,0.0,208.0,-0.9046882550219664,0.36086514443585643,0,1024,0
DB3C99CD-9393-4AAD-B2A4-05740DFA76D1,-56,10,87.33333333333333,1,0.0,652,0.0,248,55,452.0,86.04165789455813,201.0,0.0,23.99784286518638,0.0,118.0,-10.921750487150717,-0.27699018625994115,0,1024,0
FF0AA7C0-6553-4E3E-B265-B1FD2B36C206,12711,6,26.2,1,0.028715285972779482,168,4.824168043426953,796,53,251.0,98.99061932135704,208.2036,-11.07723,32.18990210377098,0.0,140.07612,-13.590399036528169,0.1614012337790921,0,1024,0
14D19538-77CD-4509-8593-134C1D663F49,5915,8,105.0,0,0.0,0,0.0,-1,51,489.0,105.02487836379689,295.1255,0.0,41.80203305973157,0.0,161.48373999999998,-22.257068705077742,0.25878208072680436,0,1024,0
F3C72DA8-746F-4BFA-AF0B-CDB4AFEFD28D,12711,3,341.5,0,0.0,0,0.0,-1,50,312.0,55.96273947856323,136.0,-1.9,19.94349464246434,0.0,83.0,-19.676474046464463,-0.042704403378597294,0,1024,0
BF1E6491-B741-4888-90A8-7135C7A10D42,4491,4,303.3333333333333,4,0.3250946337118682,670,54.45335114673792,10,49,225.0,29.417546422285756,69.58008,-0.202634,6.074571755621869,0.0,36.9873,2.16786439476671,0.029989250800309123,0,1024,0
377D8035-8E88-4BC1-88E2-385158BC0C17,2422,1,0.0,0,0.0,0,0.0,-1,44,302.0,48.31827080545946,1041.261,0.0,21.393002255171346,0.15070189925681254,72.057306,-6.365843242088317,-0.340948753279582,0,1024,0
0B604511-D550-455C-A815-9F752D51C59E,777,4,44.0,4,1.8790218790218791,231,108.51351351351353,199,8,451.0,195.0986981473803,298.0,0.0,36.85938694918699,0.0,242.0,12.583554939039459,-0.29973785058077507,0,480,0
E4F52558-59FE-4BF5-8B4B-4149F3599B93,12711,6,35.2,3,0.08614585791833844,939,26.963653528439934,13,39,1039.0,134.60531623034765,492.7368,0.0,79.14557751555321,0.0,246.46,-5.346489010440251,-0.7825731041299501,0,1024,0
E7C975C1-526E-4E0E-94D3-6A9ACC47F556,12711,2,0.0,5,0.1435764298638974,260,7.465974352922665,46,41,450.0,103.44288668292053,363.0,-10.35292,43.24977933944138,0.0,162.0,-11.378650571809416,0.16014331330334544,0,1024,0
7C9FD8ED-0444-44C5-BE90-4A54401B42F9,3701,4,57.0,4,0.3944879762226425,383,37.77222372331802,192,8,301.0,66.80320174217472,129.3803,0.0,10.796691119017822,0.0,81.058556,6.179708992393188,0.028412875697889656,0,1024,0
2189AC8E-3FEC-4A31-A660-EB794CA97567,7000,5,237.5,3,0.15642857142857144,371,19.345000000000002,332,37,763.0,223.05879987203474,462.7991,0.0,89.62548527689252,0.0,321.167,-81.23632388562271,-4.146895514173221,0,1024,1
B0F7390C-6116-4937-8C35-D8F887A7EF90,12711,1,0.0,2,0.057430571945558964,279,8.011564786405476,381,37,261.0,49.002832600269606,125.9868,-106.941,11.30240668339639,0.0,63.629889999999996,4.899207168735025,0.048467109934561124,0,1024,0
F84DCB9B-F130-4277-A5D2-0A9807D3463D,12711,4,262.0,2,0.057430571945558964,40,1.1486114389111792,620,36,452.0,150.76944148267876,318.0,0.0,52.763243022823,0.0,218.0,-17.137188396259006,0.06852080503753472,0,1024,0
FFFDB39B-D066-4224-9848-6D9ACF52BE69,2115,3,84.5,2,0.34515366430260047,257,44.35224586288416,795,35,301.2,44.23341993331613,319.9724,0.01071342,12.936455549146407,0.8628841607565012,60.92268599999999,6.13976232799174,0.012428783440777325,0,1024,0
877E4C2A-402B-4EB8-B31A-4B22E138185C,1930,7,150.0,2,0.37823834196891193,37,6.9974093264248705,804,35,301.0,72.84244003825543,262.0239,0.0,39.916220099992294,0.0,129.76456,44.82940828890507,0.9844056576279859,0,1024,0
41A1D1DA-43DD-449B-A2DE-37FC4BF6B391,12711,5,68.5,7,0.20100700180945638,856,24.580284792699235,422,35,264.0,112.4955690301738,265.7938,0.0,23.159721731065307,0.028715285972779482,142.7569,0.7313326467552201,-0.07067597703162705,0,1024,0
EB21CB81-C854-433D-A187-77C1504AF8F9,4993,5,174.25,0,0.0,0,0.0,-1,30,259.0,130.815231438868,243.8835,0.0,36.51596668217882,0.0,180.88407999999998,-20.516302358158143,0.28091998943310514,0,1024,0
D25583F6-FEC0-4046-B2BD-EDC9B903B6C2,4405,8,116.85714285714286,4,0.3314415437003405,735,60.90238365493757,163,12,181.0,58.328861246607,182.2769,0.0,25.80252956701001,0.3314415437003405,88.74207,-45.57332207232922,-0.2423035727285004,0,1024,0
42918901-CC0A-4828-BAFD-BB861E440C5D,12711,4,301.3333333333333,2,0.057430571945558964,182,5.2261820470458655,796,25,266.0,112.9800138542721,268.4,-39.4,23.102369690184787,0.028715285972779482,142.2,-1.9909860764943232,0.06938617250404709,0,1024,0
123DA990-7674-4A6B-9D4F-61A9223F8AF1,12711,6,116.8,4,0.11486114389111793,39,1.1198961529383997,438,8,266.0,119.47721457605249,194.4,-3.04,21.398708166382153,0.0,145.8,-0.8365933036759401,0.06798950220466793,0,1024,0
7EE736BE-2EFD-402E-BB49-4A8EFD89B1AE,4396,3,59.0,3,0.24909008189262966,78,6.476342129208371,155,28,193.0,24.303424465082482,534.52,0.0,10.006651346260146,0.16606005459508644,35.21444,-1.5751213123047059,0.08843137505085676,0,1024,0
4129116B-40CE-4E4F-AD47-C6FC5815983B,352,4,93.0,6,6.221590909090909,781,809.84375,223,28,226.0,50.79455346522728,109.2983,0.0,15.263296033644366,0.0,70.63925,-1.7652384158445642,0.18841892552003003,0,340,0
69B934B9-23D6-4AE0-9FFF-FCEEC30B599D,12711,8,99.0,7,0.20100700180945638,962,27.62410510581386,99,28,256.0,4.596400180562849,445.0,0.0,18.826617576216993,0.17229171583667688,0.0,-4.596400180562849,0.0,0,1024,0
9D5E0888-AED0-4421-A5AB-7A8439AAAEA3,5045,2,1.0,4,0.2893954410307235,330,23.87512388503469,126,28,391.0,146.54897055804193,278.5,-604.0,44.04157741255829,0.0,213.0,-25.073083212362917,0.22020788460384122,0,1024,0
4DE3157C-A45C-4533-ADE6-753F54E1D0D1,8946,5,217.75,0,0.0,0,0.0,-1,27,820.0,124.95199494278322,436.0,0.0,73.52787073515819,0.0,229.0,-41.69543630080791,0.07983215806241246,0,1024,0
511322E9-E726-47A3-B34A-2FE59DE46B4A,12711,4,296.3333333333333,2,0.057430571945558964,71,2.038785304067343,796,24,266.0,116.14394270065263,283.4,-6.466375,23.914045105132114,0.028715285972779482,146.4,-2.3825460957143605,0.058337523379549304,0,1024,0
D980B5F9-43F2-4558-84B7-2BEBFA474220,9553,4,250.33333333333334,2,0.07641578561708363,284,10.851041557625877,164,24,271.0,96.06030659032577,209.0926,0.0,16.441387952899706,0.0,115.1801,-0.1945329120850232,-0.029095537315514265,0,1024,1
F2678BD3-6AE1-4216-A103-B84BBD8D527F,12711,12,28.727272727272727,0,0.0,0,0.0,-1,3,788.0,85.24686499555168,452.01,0.0,64.84838587031274,0.0,174.09,-3.34322919308255,-1.496686732015522,0,1024,0
7408DC56-68AB-4F1B-AAE4-7BCED4AFE0EB,3611,5,240.0,2,0.20216006646358348,577,58.323179174743835,796,24,151.0,39.26198835969493,276.0,0.0,13.729352982386603,0.5054001661589587,56.25,2.9588835538853147,0.06060519016975879,0,1024,0
26C1600C-6E36-4699-9514-8F4F8B7B5F1C,7609,4,321.3333333333333,3,0.14390852937311077,798,38.27966881324747,161,21,228.0,51.31596049337508,209.0,0.0,18.5614296130438,0.0,75.0,-2.270682715442973,-0.02594693903493285,0,1024,0
87B0FC7B-CFC3-4BED-B4D6-B9A86E4C0C34,4707,7,145.16666666666666,2,0.1550881665604419,61,4.730189080093478,5,21,226.0,22.18617621023858,205.8016,0.0,12.388365784064819,0.0,38.8,2.359965775023767,0.051138389293980915,0,1024,0
84A3DB08-E6EA-4D2B-A671-02A8B2D6C633,12711,5,135.75,2,0.057430571945558964,97,2.78538273935961,719,13,473.0,99.35355404832016,248.0164,0.0,32.84411186406912,0.0,141.037,-15.07049179731709,-0.640989634230617,0,1024,0
1EC7AB52-FDE2-44DF-B256-0AF19450EE57,2616,2,0.0,1,0.13952599388379205,61,8.511085626911315,578,12,803.0,130.8592303477151,382.8577,0.0,41.59867767702937,0.0,181.137,-1.074618968085474,0.2533727063456627,0,1024,0
AA75FA33-9E52-47D9-8FEE-A5BC69C0712E,6741,6,179.6,3,0.16243880729862037,93,5.035603026257232,32,11,223.0,33.4776500013198,148.5255,0.0,17.271202964649504,0.0,56.04044199999999,-10.155105866880142,-0.10353878571323163,0,1024,1
D9EEC8F0-5C25-4E15-857F-5A3C7DB717F9,5432,2,0.0,2,0.13438880706921943,155,10.415132547864507,195,7,804.0,138.75071990383506,446.7563,0.0,44.239065248767176,0.0,188.23016,-3.8579776268288697,0.23611913628728076,0,1024,0
F1ACDD45-7F87-4CDC-A972-21CBC8A9065D,2227,4,263.3333333333333,9,1.475078581050741,588,96.3718006286484,371,0,208.0,39.083202157222836,464.8922,0.0,21.756183829668043,9.014369106421194,70.46022,19.361962916619753,0.014131665502829542,0,1024,0
D30FEB9F-EE6F-4D1D-A866-3F9C49A8C632,2092,5,175.5,2,0.3489483747609943,52,9.07265774378585,612,7,452.4,132.78199717563945,399.3103,-35.19893,43.781302229044215,0.0,190.36429999999996,-26.92656548874902,0.19827546502710233,0,1024,0
B69589E2-6807-418A-B60E-EB9DF2CF9414,4515,3,153.5,0,0.0,0,0.0,-1,7,301.0,101.582215464275,209.3423,0.6445879,25.8283572212436,0.0,132.61005999999998,-20.238980501937036,0.017805249948949393,0,1024,1
807F912E-403C-4C70-8A4E-842A99653258,4864,2,1.0,4,0.3001644736842105,335,25.13877467105263,422,7,264.0,111.00234113547985,524.5007,0.0,22.571199914339143,0.37520559210526316,140.5522,0.9411145628226194,-0.09078737887461989,0,1024,0
11ED973B-5F01-4B0B-813A-97DA58168C83,7200,2,697.0,0,0.0,0,0.0,-1,5,450.0,111.21511745570369,205.66,0.0,24.175166722845663,0.0,142.04,24.851392575160517,-0.04495654870527952,0,1024,0
5274FE5A-D854-4898-BCA6-251B934FF370,1876,1,0.0,1,0.1945628997867804,235,45.722281449893394,6,2,708.0,103.45680760442659,238.0501,0.0,33.918271030945434,0.0,147.1007,5.500877639400585,-0.23200222276767068,0,1024,0
75C1D0C1-B81B-4D77-92A1-CB0AB19F2E10,12711,6,35.8,1,0.028715285972779482,28,0.8040280072378255,261,28,306.0,104.65901310811086,464.0,0.0,38.9131123722709,0.1435764298638974,155.5664,-26.456504106953446,0.08002745261461958,0,1024,0
C9DA295C-FDC8-494F-8CD0-864EBF9A2BFE,12711,0,0.0,2,0.057430571945558964,45,1.2921878687750767,33,0,792.0,223.59344149626136,597.37,0.05,56.21629092547678,0.0,301.68399999999997,-50.4801922678663,0.5347410591383898,0,1024,1
A3568790-8909-4A14-BC34-BE2796EBAAC2,1245,0,0.0,0,0.0,0,0.0,-1,0,452.0,42.937546868358616,513.7,0.0,26.150405136661153,1.465863453815261,80.515366,-15.869748036074668,0.10614774550523012,0,1024,0
8E9F1020-6887-47D2-897C-C8C8FB015B90,12711,3,125.5,1,0.028715285972779482,121,3.4745496027063174,50,686,151.0,8.75764871270722,52.8,0.0,2.6840294559045623,0.0,11.0,0.4143420280335217,-0.018627642644506073,0,1024,0
59210FF9-D5FE-4EEF-B238-D10ACCA19706,3405,3,183.0,4,0.4287812041116006,527,56.49192364170338,62,333,301.0,56.71766764381617,148.7008,0.0,17.112349909748822,0.0,79.061116,8.296705984578892,0.13932866924694495,0,1024,0
D85F6C68-413B-4541-B487-97D96FBD9BF0,4805,2,112.0,1,0.07596253902185224,329,24.991675338189385,796,504,675.0,95.1701105031953,352.6052,0.0,24.683024008268486,0.0,129.2961,31.886549551588644,0.1577213595544471,0,1024,0
607B267C-54D0-4206-9517-FE3935888926,6334,4,225.33333333333334,0,0.0,0,0.0,-1,89,489.0,80.57694653140642,229.0,0.0,23.058160937680817,0.0,109.0,-8.226252086961978,-0.192131458845019,0,1024,0
45D920F7-00C9-4288-B627-F1B234B33629,6410,6,62.0,0,0.0,0,0.0,-1,340,181.0,61.40596150291686,185.2539,-127.0965,22.86942012740803,0.39859594383775354,89.55078,-12.247530499058833,0.3278964020037575,0,1024,1
86A0511C-438D-4C45-93B4-5CA8959ACC25,2492,0,0.0,5,0.7323434991974318,65,9.520465489566613,401,0,452.0,79.74570210106421,202.2754,0.0,29.107219459679172,0.0,115.36217999999998,-7.253182224104336,-0.18650483553264263,0,1024,0
222B2D58-B4E6-4608-A993-EE22E726CC11,12711,3,74.0,2,0.057430571945558964,194,5.57076547871922,381,700,78.0,12.556635261154385,187.4019,-96.26875,2.500403669061682,0.1435764298638974,15.47383,1.525051606739133,0.014866279972909013,0,1024,1
068B377A-FD3C-4F29-9C9A-92AC88378806,4164,5,111.25,1,0.08765609990393852,364,31.90682036503362,796,88,832.0,194.51972116111025,390.0,0.0,44.763028123614745,0.0,250.0,-7.7238106672830895,-0.005692918193096776,0,1024,0
0F0728DC-114B-4FA9-947E-6DE866090D6D,3490,1,0.0,1,0.10458452722063037,37,3.8696275071633237,726,219,451.0,178.81386238737682,364.4634,-15.44369,58.34065947870399,0.0,248.12036,14.332937086851558,2.267474459519719,0,1024,1
F23D9E97-D7AD-48C5-848E-EB3BE56A2D84,9772,3,122.0,9,0.3361645517805976,1357,50.686144085141215,250,705,450.0,96.80670336237749,344.45,0.0,47.67983484575657,0.0,153.49,-0.1421099981799614,0.15531531270427168,0,1024,1
F230D24D-7437-46E8-97E4-1683B8C7725F,6960,8,56.57142857142857,1,0.05244252873563218,403,21.134339080459768,424,279,452.0,111.62547663830162,251.2848,0.0,24.805552931746977,0.0,141.5863,-18.237453122869525,0.520348379951962,0,1024,0
DD781548-7E94-4620-ABAF-F126BA57E2A3,12711,1,0.0,0,0.0,0,0.0,-1,89,1370.0,318.71164478733016,850.39,0.0,129.22121224202857,0.0,494.57,-77.61654833671287,0.6955197423776824,0,1024,0
B9DAFA34-ACAD-45A2-9EA9-FA166E912DA2,-22,0,0.0,0,0.0,0,0.0,-1,0,1039.0,0.03152041290077062,101.2645,0.0,1.4440451791249713,0.0,0.0,0.0,0.0011104461803480609,0,74,0
0D36B8DE-6935-4684-825C-8EEF2AFB468D,9790,4,257.0,2,0.07456588355464759,1637,61.032175689479054,236,189,150.999,55.48040351420525,259.5215,0.0,23.018284288148593,0.932073544433095,83.3313,-9.352935210834879,0.28229091101809844,1,1024,0
7338441F-16FE-4E26-83E1-567455692E6F,3610,1,0.0,2,0.20221606648199447,36,3.6398891966759006,463,324,250.0,63.1436291170618,538.7697,0.0,21.22965163764269,0.20221606648199447,92.0,-9.20720936397538,-0.21323665930413535,0,1024,0
183F635A-7D31-489D-8B9B-0140D4625984,4952,6,168.2,1,0.0737075928917609,5,0.3685379644588045,615,126,682.0,181.6559730649545,302.3207,0.006910498,39.91902339736651,0.0,232.24346,6.511757514520809,0.11929467974595016,0,1024,0
AEBA6A3D-153A-425E-B838-E54D62817C3C,1961,1,0.0,0,0.0,0,0.0,-1,336,415.68,92.37175563555115,223.68,0.0,29.58226380534496,0.0,129.50268,-10.339363054918437,0.33293227384861585,0,1024,0
C54CE7F4-0609-4E82-ACE8-41E113F04B46,302,4,155.66666666666666,9,10.87748344370861,529,639.3543046357615,461,120,226.0,47.52825950753496,125.2441,0.0,20.77871243452999,0.0,74.34082,-16.033660742102864,-0.018288266041107403,0,1024,1
6D91627C-0809-4F4A-B786-CFFA4028E126,4319,2,597.0,2,0.1690206066219032,19,1.6056957629080806,655,21,452.0,131.9896983342954,324.0,0.0,40.1688854313784,0.0,184.0,-10.63121067997443,0.5938189671334841,0,1024,0
6C890ABD-5E44-4EA7-B7D1-7B01729CB2A5,2877,3,67.5,0,0.0,0,0.0,-1,217,452.0,135.19622361419928,260.9429,0.0,29.929818553542276,0.0,172.5787,-5.8723181558659405,-0.2063323143061985,0,1024,0
5F0C3A57-9E28-444B-AD0F-C50B861004C1,4952,7,84.0,3,0.2211227786752827,65,4.790993537964459,207,175,682.0,181.92034177907527,301.2452,0.01949582,39.93299903792975,0.0,232.45463999999998,6.6084898899061955,0.11517590246092148,0,1024,0
3287E045-CC5A-44F5-89DA-DCD69DA1E5F1,6622,8,53.142857142857146,6,0.3307157958320749,219,12.071126547870733,276,323,251.0,100.1905404392212,237.9,-86.18622,37.08272035787952,0.0,146.0,-0.2572358519526716,0.24996402774608084,0,1024,0
168B55CD-3653-4846-B11A-2C029F97E6BE,1406,2,1.0,2,0.519203413940256,292,75.80369843527738,34,35,90.0,3.2839304690255147,7.507507,-131.248,0.9126333883250904,0.0,4.204204,0.35716439941584355,0.0070478355825219375,0,1024,0
31233CF7-B98C-421C-BC39-314064817E1E,3959,4,126.0,1,0.09219499873705482,83,7.65218489517555,24,11,554.0,68.60625894035192,189.7942,0.0,24.4960015836964,0.0,99.29697,15.89575158974067,0.03409683285823054,0,1024,0
81737197-5406-4565-9D1C-43D983177299,7938,3,136.5,1,0.04598135550516502,65,2.9887881078357266,279,661,693.0,139.64243827385278,394.656,0.0,54.616701807065496,0.0,217.344,49.83521728170277,-0.8207842147866764,0,1024,0
2E270BD4-33B3-4CB2-B24B-C8E7FFF4B72D,4563,1,0.0,7,0.5599386368617139,1390,111.18781503396889,249,630,402.0,120.38008566198292,390.8688,0.0,24.292830218763232,0.0,150.578,5.892625573356568,0.06762779791903313,0,1024,1
C3F611C1-25DF-46AE-B06C-114862138B82,954,4,60.0,0,0.0,0,0.0,-1,749,802.0,108.65723382602023,524.6429,0.0,69.02133364724345,0.0,189.03809999999993,68.71611327737482,-0.6534108077165202,0,1024,0
C4B816A6-01D9-49D2-9464-EE4D11138AFE,12711,9,112.5,2,0.057430571945558964,79,2.268507591849579,318,17,266.0,116.07387858496267,276.2,0.0,24.2037138653931,0.028715285972779482,146.4,-2.74572272076513,0.03402614291648519,0,1024,0
ED424732-3580-4C2C-9F42-057AED83126A,335,2,143.0,1,1.0895522388059702,84,91.5223880597015,24,25,803.0,12.27683558263425,999.9147,0.0,57.485517238043684,9.805970149253731,3.775029,-8.21440212167746,-0.009487928567545543,0,424,0
5B6A4864-6D93-42FC-94D0-4E97AB2041BB,8014,5,67.0,1,0.04554529573246818,1,0.04554529573246818,619,304,150.0,23.17273139575,347.0,0.0,22.791450847476327,0.04554529573246818,53.0,-1.9437190500709853,0.8643809478079312,0,1024,0
9E5EC2AA-D247-40C5-AC4F-1F8592D6DFE7,954,4,271.0,0,0.0,0,0.0,-1,115,802.0,95.40374808968605,288.6543,-121.6507,62.4403864977733,0.0,175.19075999999993,-79.67521426962432,0.02606112693495158,0,1024,0
7EEC2A6F-8B55-4FA9-A5BF-C96FB85F3618,6521,0,0.0,2,0.11194602054899555,9,0.50375709247048,1005,0,489.0,93.59305792308163,205.0,-187.8,20.774622131579783,0.0,120.0,5.208485286794911,0.13040110118752926,0,1024,0
F8D8B824-1D6B-4827-9884-6254A2C7CF5B,12711,4,83.66666666666667,1,0.028715285972779482,22,0.6317362914011486,261,255,276.0,96.64833687827934,200.8789,0.0,33.925692687596886,0.0,141.626,-22.346172792168232,0.07604190525320961,0,1024,0
A119817A-A6B1-4E40-AA55-7B3AC6AA0B59,1104,1,0.0,0,0.0,0,0.0,-1,920,453.0,7.159358505137628,82.88313,0.0,3.7581517905717123,0.0,11.439478,-0.8414355653228132,0.010179566816885144,0,1024,0
870FB91B-E5D8-4EA0-B4EA-4A3A8FC2E635,7138,2,19.0,5,0.25567385822359207,110546,5652.744466237041,1,893,798.0,158.09471450034977,377.578,0.0,71.10642147998833,0.0,245.3906,-10.9488634255041,-0.2932033884037309,0,1024,0
9E31BE67-A0C8-4797-AAE7-CEAD8350BE84,1032,7,162.33333333333334,1,0.3536821705426357,230,81.34689922480621,978,42,753.0,203.44244375465033,461.1739,0.0,59.206488620426065,0.0,272.493,-7.0192528055762295,0.3159248286194961,0,1024,0
29A38419-1EBD-47A7-9E93-FAF29C4D415A,12711,6,175.2,1,0.028715285972779482,30,0.8614585791833844,317,138,403.0,43.75251543528899,241.4,0.0,27.09523224078733,0.0,80.8,1.0765509227356986,0.2676474404704418,0,1024,0
C92771E1-8125-4EDF-A205-E93AE3DADC26,12711,6,158.6,0,0.0,0,0.0,-1,215,739.0,175.85851504200426,430.0,0.0,56.260017004290056,0.0,249.0,3.697194834538948,0.5912302844885614,0,1024,0
A1478965-DF45-4C9E-A2C1-51B8554473DF,1397,5,173.25,2,0.5225483178239084,156,40.75876879026485,312,313,416.0,58.649540068039414,207.563,-0.03,34.6544231830128,0.0,106.90075999999999,19.848593954730646,0.639322597486639,0,1024,0
420071ED-4053-473C-BE00-F2AD57C552C9,7090,6,185.0,3,0.15444287729196052,385,19.820169252468265,668,70,264.0,77.61020394306166,169.0,0.0,25.00264655157813,0.0,111.2,6.553492044592659,0.07099958042365978,0,1024,0
144C568D-B7F1-4C0C-9A19-274906B7F19E,12711,2,6.0,0,0.0,0,0.0,-1,988,262.0,3.7771430440688087,185.7422,0.0,21.15982180732602,0.0,0.0,-3.7771430440688087,0.0,0,1024,0
4003EE70-B45C-44C7-891F-BB1F6EF6F1CB,12711,5,233.25,2,0.057430571945558964,143,4.106285894107466,363,58,440.0,135.68327066486924,325.1953,0.0,65.32813133687978,0.0,216.0645,-30.699326120116154,0.6521257902678151,0,1024,0
4A54D358-17CE-4805-8FA5-0AA098671906,8723,5,117.25,3,0.1255302074974206,3773,157.875157629256,377,517,1330.0,248.35629985161668,908.0792,0.0,125.94165619278807,0.0,450.89493999999996,-101.09543554760435,-0.20584360853892622,0,1024,0
18971934-C7F4-4707-BE7F-465705C731B3,4389,2,847.0,3,0.24948735475051265,309,25.697197539302802,268,139,326.0,61.56528776762855,370.4519,0.0,14.528557106078093,0.4158122579175211,80.0,7.2176000981122,0.029483873972717674,0,1024,0
0942C5EB-FC42-41D6-BEFF-7265CCA5583F,12711,4,177.33333333333334,3,0.08614585791833844,2842,81.60884273463928,428,453,276.0,110.83390924772664,217.43,0.0,30.30536839314544,0.0,147.96,4.712290597952375,0.05471010995859758,0,1024,0
80904C47-EAC6-45D1-96FB-37B55200D33C,3262,2,1.0,0,0.0,0,0.0,-1,983,301.0,77.9243671963164,180.0,-6.953444,27.94964290907986,0.0,116.25,-2.2070639555756486,-0.14356789304128753,0,1024,0
FF9BC881-886E-4CB1-84B1-BB30CDDB0ADD,2769,3,143.5,1,0.1318165402672445,18,2.3726977248104006,70,693,451.0,100.843081891536,232.4771,0.0,36.96183193658096,0.0,140.96339999999998,-15.705401360054523,-0.08942853067064925,0,1024,0
612A09FC-6A8A-4303-A78E-87F7616EC271,12711,8,143.28571428571428,1,0.028715285972779482,5,0.1435764298638974,845,1,693.0,139.47389319935212,337.7295,-9.0,46.19174009616448,0.0,212.01806,-42.537438302361366,-0.3310827037441089,0,1024,0
B958F294-B632-4375-82AE-0CBE6CBAF442,1001,3,110.5,8,2.9170829170829173,651,237.37762237762237,423,756,301.0,33.70259776871516,64.7049,0.0,12.396158099056741,0.0,45.67719,-4.033033025659602,0.10166710930187815,0,1024,0
CAE06DB1-C28C-4DD7-8229-3FC558CC8FCD,3248,3,184.0,1,0.11237684729064039,37,4.157943349753694,329,609,451.0,181.08150069554563,2099712.0,0.0,5472.205555613865,0.11237684729064039,287.94271999999995,23.01115182906858,0.2639849472952608,1,1024,0
A67F23BF-12EA-4930-833E-716FD347EA9B,8022,3,471.0,0,0.0,0,0.0,-1,33,1245.0,311.3629255604529,832.57,0.0,126.7424575493571,0.0,483.82,-69.3699008690948,-1.486205436885517,0,1024,0
C182103F-59D6-42A0-96E7-3C5AB13F279B,5790,4,303.0,6,0.37823834196891193,292,18.407599309153714,422,57,160.0,38.782177430581946,894.3032,0.0,17.52288604349977,0.31519861830742657,63.314582,12.359509770961267,0.0014439313488130354,0,1024,0
040F8C6B-6154-4F65-90DE-0A928E5DF927,2341,6,187.4,8,1.2473302007689022,127,19.80136693720632,198,19,151.0,25.50455193909805,80.31917,0.0,9.72749006255734,0.0,38.529208,-2.702443465883544,0.013908090332031376,0,1024,0
0A766EC1-AA11-4B41-841B-B550585BD4FA,12711,15,64.92857142857143,0,0.0,0,0.0,-1,44,301.0,126.75226508139386,353.9307,0.0,38.65175937764779,0.1435764298638974,166.9922,-73.39555628895559,-0.15016184070249988,0,1024,0
AF6F4292-7FD7-4D2E-8B50-818B9A886964,9317,7,149.0,3,0.11752710099817537,72,2.820650423956209,322,56,251.0,70.97269962005338,212.4987,0.0,21.94661699277841,0.0,101.95403999999999,-9.38867998587127,0.0889567345322702,0,1024,0
AD25229F-6579-44E2-BF43-AC29981611E0,2863,4,169.33333333333334,2,0.2549772965420887,204,26.00768424729305,796,441,831.0,168.83630352457706,609.7018,-13.30965,31.556622731557283,0.0,206.31854,-12.55112716192275,0.33051925433396,0,1024,0
C1EC1AEA-C136-48C4-93D2-98466AFE7BC7,3227,3,172.0,3,0.33932444995351724,36,4.071893399442207,424,604,472.0,94.27850260788742,353.5162,-0.0778222,47.44802832922705,0.0,158.9637,22.65195847390271,-0.371161822681716,0,1024,0
F0BE2E77-EABB-44C4-9A60-79EDF3CD87B7,12711,4,142.0,3,0.08614585791833844,199,5.714341908583117,429,520,251.0,84.04539564330683,179.1,0.0,37.46680102051714,0.0,126.84,-2.422632461979674,0.14798083368024104,0,1024,0
50CFD97F-A9A9-448D-BFDE-393B797DF7C3,12711,5,177.75,6,0.17229171583667688,233,6.690661631657619,319,232,266.0,121.6777662965629,248.4488,0.0,29.194569708064677,0.0,149.8487,-9.076598719402398,0.10700778542608198,0,1024,0
78151CF6-B676-4D65-A75E-25D3A6BC8D2B,12711,4,153.66666666666666,4,0.11486114389111793,121,3.4745496027063174,18,483,160.0,61.631825755363444,136.6894,0.0,13.891866121173964,0.0,79.5,1.31111405945137,0.05511988791477372,0,1024,0
D8DDFCFE-66F5-44DA-9087-612B676696F1,12711,4,130.33333333333334,2,0.057430571945558964,170,4.8815986153725115,796,549,269.0,94.6699530528975,186.72,0.0,27.24226917974084,0.0,126.79669999999997,-4.053392053669114,0.06340704817172814,0,1024,0
56C72817-7EEB-4404-A234-6C6D0755A29D,6197,4,307.0,0,0.0,0,0.0,-1,15,145.0,45.140107572989606,239.5976,0.0,22.718009733447044,0.29449733742133294,74.0,-11.306156955705653,-0.10983717697204556,0,1024,0
5779EC43-21C7-4667-BC05-73CC8E6FED7A,2408,2,794.0,2,0.30315614617940195,99,15.006229235880397,58,137,250.0,51.02535620386629,135.0,-4.577637,15.398671843517667,0.0,70.0,-4.235927191520609,-0.03496813735582589,0,1024,0
0418827B-4B88-4512-9481-DB3A730A5550,12711,5,136.0,1,0.028715285972779482,85,2.4407993076862557,920,385,266.0,105.57922311218564,927.1177,0.0,35.79811138899577,0.1435764298638974,139.6,4.635985221147692,-0.016123841306531,0,1024,0
84793B37-3551-41B0-B566-499DDB1E68FE,7308,2,66.0,1,0.04994526546250684,6,0.299671592775041,116,928,678.0,69.97318927380523,149.0,0.0,14.187337192141078,0.0,89.0,6.4856841829848975,0.16698317807861507,0,1024,0
F880248A-50DD-45A4-AC83-91D3571C3492,12711,4,84.33333333333333,6,0.17229171583667688,79334,2278.0984973644872,529,669,99999.0,11.781056417083539,109.5947,0.0,14.72790444527261,0.0,31.16455,-11.781056417083539,0.0,0,1024,0
80C35AF4-575C-4DF8-85E1-1CFE30E08EE3,7307,3,16.5,6,0.2997126043519912,244,12.188312576980977,3,918,126.0,43.281739237030294,111.0351,0.0,17.90236675741247,0.0,67.3828,6.354915219914147,-0.11933198765479398,0,1024,0
87192324-493C-4DB8-9CA3-A519F745E6ED,12711,13,55.916666666666664,2,0.057430571945558964,190,5.4559043348281016,765,239,264.0,104.60954075968269,232.1,0.0,39.422334402603354,0.0,153.48,0.9805354278173013,0.27939890475552626,0,1024,0
3E2ECBE0-F314-49FB-B271-F42762483208,6390,5,117.0,2,0.11424100156494522,74264,4241.996870109546,1,549,739.0,177.5840399148954,408.3658,0.0,70.39257298625486,0.0,265.2485,-17.091151654864547,-0.4191115660902945,0,1024,0
3D9B1E81-7F71-4E0D-BBE5-F1D7A487CD05,994,6,16.8,6,2.2032193158953723,729,267.6911468812877,780,827,416.0,39.818510785522285,88.45615,-1.989993,10.40772787576775,0.0,49.56218799999999,5.074879040866605,0.145280282868104,0,1024,0
7E47271A-9402-41EB-AB36-67F25E9ADADF,1302,4,151.33333333333334,4,1.121351766513057,158,44.293394777265746,27,446,452.0,121.3728312106868,411.0,0.0,39.44608276019638,0.0,172.0,15.764640030053926,0.09669681883095835,0,1024,0
0DB51A8A-4907-4EAA-9E2E-1EA4B14D04FB,1148,11,89.0,7,2.225609756097561,859,273.11411149825784,400,56,151.0,48.566332370459165,225.4,0.0,18.67595780429887,0.6358885017421603,72.2,-2.089249032033237,0.1721530778765176,0,1024,0
0D0B09B9-5288-48F2-8CC9-56475F27ABF0,2303,2,116.0,1,0.15848892748588797,35,5.547112462006079,774,888,678.0,108.42252442200657,329.0127,0.0,59.729525830829935,0.0,193.14107999999996,49.01063758107986,0.35399306734356595,0,1024,0
6B14C01A-EAA3-49A8-9309-76CD84D81B27,2151,2,1.0,2,0.3393770339377034,213,36.14365411436541,78,886,602.0,122.68542613332703,322.0629,0.0,45.893998709574184,0.0,179.61498,17.115059044913707,0.32146814085117087,0,1024,0
7D79BF7B-842E-4995-BE09-FD1FD3655FB3,906,6,164.6,1,0.402869757174393,49,19.740618101545255,260,57,603.0,108.20537605429539,305.4399,0.0,49.238533744559,0.0,164.9822,-4.241420348354026,0.2237409297281442,0,928,0
9C5EBED9-6596-468C-AF05-09865B4D5E6E,2407,3,105.5,1,0.15164104694640632,456,69.14831740756128,796,672,301.0,30.54745283545607,176.1974,0.0,20.917711411410004,0.0,60.60023399999999,6.473062698880348,0.11634276281322226,0,1024,0
DF69803E-1C67-4624-ADAB-3F63B21E25AC,12711,6,168.2,0,0.0,0,0.0,-1,39,800.0,271.3946324221778,616.2964,0.0,70.24161100120291,0.0,362.146,9.026804661155552,0.16633526362395673,0,1024,1
78761FDA-39E5-4EA9-A4D9-7FDC815F320C,5137,5,92.25,0,0.0,0,0.0,-1,529,400.0,92.77755195114332,273.0,-105.7181,47.91529415053643,0.0,158.0,-17.672845161019865,-0.6266749324334594,0,1024,0
DDB78145-F203-4785-B820-79E009E09EB1,12711,2,1.0,1,0.028715285972779482,81,2.325938163795138,2,879,489.0,107.75162142522429,225.0,-21.6,28.5583291663645,0.0,145.0,-1.6692140178168842,-0.046635387084931056,0,1024,0
7F340B6C-D32A-4F8B-90CD-C862EEA99414,961,2,0.0,0,0.0,0,0.0,-1,869,1454.0,271.240129715057,614.7714,0.0,111.74708153902631,0.0,404.44163999999995,-19.22306031768042,-0.20423515056354027,0,1024,0
3B353B6F-8AC4-452E-9DC5-A5FBCC9DCFED,4114,4,27.666666666666668,0,0.0,0,0.0,-1,780,452.0,141.08060157422562,360.0,0.0,50.110794570761925,0.0,203.0,-32.8700305865713,-0.054876402207969875,0,1024,0
EC3B46F5-6D6B-45FC-A05A-70A2224997C2,4114,4,25.666666666666668,0,0.0,0,0.0,-1,786,452.0,142.28401040427988,363.0,0.0,50.461095787632715,0.0,205.0,-33.12876349069964,-0.05685807118402194,0,1024,0
95A3ABCE-D88C-4314-A9E9-B8513A60052C,12711,4,296.0,3,0.08614585791833844,177,5.082605617181969,427,21,120.0,44.65357263645439,115.0,0.0,14.940375691266079,0.0,65.0,-16.379498562380316,-0.14990842490845974,0,1024,0
089F8EF0-AC2D-4868-B833-05A867DBEF61,12711,12,69.27272727272727,3,0.08614585791833844,869,24.95358351034537,425,234,706.0,283.98597678216186,800.0214,0.0,86.15885138103856,0.08614585791833844,352.075,-63.63736722406003,1.4622760931042182,7,1024,0
38E168C4-670A-4DE6-BE88-9E9A6C7679F7,6704,10,85.88888888888889,4,0.21778042959427207,71,3.865602625298329,418,138,188.0,41.655887884900885,106.7106,0.0,20.901676561222224,0.0,70.32,-7.233501859360764,0.05726357979862972,0,1024,0
0E5946F9-90B0-4BC0-9696-BA28B2584FDD,7316,3,0.5,0,0.0,0,0.0,-1,843,2144.0,304.80616589064635,1136.965,0.0,163.10237445134567,0.0,526.7839,-33.1872901846279,-1.645590505106706,0,1024,0
20EC2CBC-C6A7-403B-ADC6-1A560025E4E4,12711,4,205.66666666666666,2,0.057430571945558964,120,3.4458343167335377,531,223,452.0,136.99780902640123,349.4885,0.0,70.08361453987115,0.0,210.4348,16.27215842498768,0.08443769526115796,0,1024,0
783B3D90-1BE7-4FFC-B3A8-DDA22416F1C5,4812,3,69.5,0,0.0,0,0.0,-1,840,251.0,51.51876640249865,121.6339,-48.79591,17.36460510465778,0.0,72.702086,-12.09285515663445,-0.005760874074661415,0,1024,0
BF613F99-2DCD-4D53-813D-35CBDD081C47,4328,4,277.3333333333333,0,0.0,0,0.0,-1,5,451.0,87.95382269171529,240.0,0.0,19.46252803855322,0.0,114.0,2.9148501477908866,0.26493016970537375,0,1024,0
327067B8-5F05-47D8-B046-55DD26FB513A,12711,5,191.5,1,0.028715285972779482,152,4.364723467862481,567,67,412.0,88.90822617778291,317.3,-9.3,40.228679177918494,0.0,137.88,-2.5990170728446316,0.2665104591101068,0,1024,0
E1B23343-11EE-4D06-B68E-1C6E37035CB4,4637,7,69.5,0,0.0,0,0.0,-1,413,628.0,150.54981672525187,308.1528,-144.9404,30.43562403030236,0.0,188.7,-31.641570604881494,-0.21047861360468434,0,1024,0
C97B79D4-FD5E-452D-83B2-30FAA1368686,12711,7,69.83333333333333,1,0.028715285972779482,162,4.651876327590276,796,410,693.0,226.0988447981962,362.8,-25.1,27.350248232059464,0.0,257.2,-19.33415344017149,0.10047735660075777,0,1024,0
B603BEBA-4D07-4357-90B6-856CED27A507,12711,1,0.0,1,0.028715285972779482,42,1.2060420108567382,566,828,450.0,150.31417427859307,335.33,0.0,54.80578093924327,0.0,215.77399999999994,-33.12719125390173,0.12643434717581284,0,1024,1
B5C30833-D82F-4AFF-ABA3-B71921FC635D,12711,8,77.42857142857143,3,0.08614585791833844,34,0.9763197230745024,298,281,683.0,115.26293703776648,459.55,0.0,67.79097273335559,0.0,197.34,29.53704598692488,0.255530194628382,0,1024,0
FE5E6CA4-8A0C-4EF9-8E1C-50B67AD61764,3990,1,0.0,2,0.18295739348370926,504,46.10526315789473,203,824,138.0,13.107457163813185,82.0,0.0,3.535387922057432,0.0,17.5,0.924853792976938,0.02439480125574301,0,1024,0
101E536C-C816-4B20-9C6A-6C97C7CBD9F1,7515,3,377.0,3,0.14570858283433133,80,3.885562208915502,24,68,208.0,43.767606383091,213.0,0.0,18.592585211050363,0.04856952761144378,68.0,-15.898842269047787,-0.11607855543268482,0,1024,0
CD1ECB28-EEF7-4014-B417-A5A5D5041015,3535,2,768.0,3,0.30975954738330974,381,39.33946251768034,199,44,452.0,204.40142005315693,360.6054,-9.461337,43.49920204188626,0.0,259.9783,11.533964585014388,-0.11728835646680102,0,1024,0
0103621A-B5FB-4EAF-B661-5933B9E2990B,12711,11,74.2,2,0.057430571945558964,840,24.120840217134763,237,68,800.0,349.2629374406948,790.2831,-16.18726,93.0764930674277,0.0,460.4187,3.468626756835988,1.0870569157483339,0,1024,1
19BC1D55-5791-4C12-B27E-D8D1D52D5867,878,1,0.0,0,0.0,0,0.0,-1,811,602.0,101.2762104092851,297.9818,-4.394419,58.11647355296952,0.0,172.06299999999996,37.7456888775976,0.46990622778063634,0,1024,0
4A7D9253-FDDD-405A-B7B0-ACECFA3C0672,12711,8,107.71428571428571,2,0.057430571945558964,68,1.9526394461490049,250,47,800.0,326.4428360459975,685.1807,-0.7576736,93.01114046349213,0.0,433.96,30.113046271903727,-0.03776399989973319,0,1024,0
510E2E04-AAB2-41AA-BAC8-1BFCCA3C09DF,12711,13,45.833333333333336,4,0.11486114389111793,201,5.771772480528676,276,365,264.0,99.1392909125483,244.6,0.0,39.305325569521116,0.0,146.88,2.6787575889949125,0.277628376501585,0,1024,0
91DD3FA9-4DBB-436F-895C-F1C6C1DBDAD9,12711,6,108.0,2,0.057430571945558964,284,8.155141216269373,219,253,1370.0,257.14273905138987,851.17,0.0,136.75257874628383,0.0,452.294,-107.48408473040223,-1.410535002035215,0,1024,0
4E1662A1-23AE-4383-BA23-9721548AB53D,3766,4,9.0,0,0.0,0,0.0,-1,766,887.0,253.5948183525623,737.0,0.0,68.71886610998648,0.0,341.0066399999999,51.5128976968204,0.902213236201743,0,1024,0
39D80A8A-0BD1-44F7-BB17-EBA6C2EF8815,12711,3,172.5,2,0.057430571945558964,21617,620.7383368735741,48,474,455.0,105.74001402127037,343.9453,0.0,60.18510409434272,0.0,188.3789,-23.717669042103708,-0.4716331738652962,0,1024,0
EB2E1E6A-7867-4982-9FB9-70632A10CDB9,5861,4,189.66666666666666,1,0.06227606210544275,46,2.8646988568503664,797,217,452.0,58.009284755361534,237.6709,-45.50362,33.648209028615774,0.0,102.0813,-13.86333428086462,0.04095000852963994,0,1024,0
1C285E62-A053-48E3-9F57-B8FB2791E2DC,1247,5,171.0,3,0.8781074578989575,725,212.2093023255814,409,101,452.0,102.19327688570905,391.1461,-17.72805,28.011359469209662,0.0,143.284,12.114792230031682,0.06290605289622642,0,1024,0
7A2E33FB-CCD9-484B-A45A-D606B7718AA8,12711,1,0.0,2,0.057430571945558964,8,0.22972228778223586,117,784,151.0,52.688633206788595,288.0,0.0,14.706316740894694,0.057430571945558964,70.0,1.736289632717579,0.030454662898433585,0,1024,0
B162CAC1-5ECC-41A5-82DA-750E8A7DFE7B,6629,3,47.5,1,0.05506109518781113,169,9.305325086740082,796,684,271.0,128.58221850886608,223.5446,-3.0,20.857506167558675,0.0,153.7854,-27.454793741890782,-0.04456927973513609,0,1024,0
4B563A1D-CE3A-4E0C-BB18-464300998D19,12711,5,228.25,0,0.0,0,0.0,-1,5,452.0,119.7980822736626,259.7622,0.0,34.49889083803811,0.0,164.03386,-26.723700273662615,-0.3541465066458672,0,1024,0
3AA438F5-B9FA-4DB5-ABE5-0FCDF077797C,12711,6,137.6,2,0.057430571945558964,46,1.3209031547478562,620,86,489.0,163.95270713284484,339.0,0.0,56.24472292706887,0.0,235.0,-12.541518861239894,0.13498665816067912,0,1024,0
DB5A98A6-9ECB-42CB-9D8D-32C1F7C7D8A8,6995,3,187.0,1,0.05218012866333095,11,0.5739814152966405,937,398,377.0,118.03104785851305,384.2925,0.0,20.655272892880394,0.05218012866333095,146.09403999999998,-0.3771348685439193,0.06914883993383186,0,1024,0
30B9750D-9A0B-4170-A5BF-C90D2A092FE6,6571,6,192.8,1,0.055547100897884644,158,8.776441941865775,796,42,152.0,27.903739775327175,121.8745,0.0,13.27066997718122,0.0,46.87244,1.4492814330833212,0.07292497689864277,0,1024,0
5F2943CA-E070-4A84-AE21-4DF654FBACE4,3283,2,13.0,1,0.11117879987816022,53,5.892476393542492,99,1001,301.0,99.2974393568222,192.8708,0.0,25.351710430758423,0.0,129.7992,-19.316864713766634,0.05880145539736827,0,1024,1
BA499951-FC9B-497B-A257-37CB581DB410,12711,4,225.0,0,0.0,0,0.0,-1,321,988.0,184.69710900731422,494.08,0.0,60.91061282082774,0.0,267.66,31.893036054414182,1.357759770296137,0,1024,0
A0146C0A-219D-4E78-9BC2-9B62DC02D44F,12711,2,6.0,1,0.028715285972779482,5,0.1435764298638974,576,981,309.0,61.75192758731927,165.7471,0.0,21.080608791959715,0.0,91.6626,-2.414517330374828,0.08730511916017837,0,1024,0
C58977FC-E817-45E6-A8A8-F3AF3EC2D644,12711,2,28.0,1,0.028715285972779482,79,2.268507591849579,153,952,489.0,122.86646158903066,280.0,0.0,35.98189172673725,0.0,169.0,-2.905118996438077,0.14168078592224748,0,1024,0
81149ADE-1FBF-4DEA-B7BD-33428148236F,5634,4,153.66666666666666,0,0.0,0,0.0,-1,518,145.0,44.873541162128944,595.0482,0.0,22.819777208087494,0.3239261625843095,74.0,-10.94514610040055,-0.09654792772774239,0,1024,1
3A89B0FC-9977-4FF6-A6B2-91AE0D168FD1,12711,6,153.2,5,0.1435764298638974,89,2.5556604515773738,205,212,188.0,22.894791307802535,83.0,-144.4463,9.641043537926448,0.0,34.0,-0.46755365348154854,-0.0737600778331363,0,1024,0
D6F046AA-8A21-41ED-92BD-CE6AFBBDC257,12711,5,125.0,6,0.17229171583667688,45,1.2921878687750767,421,478,472.0,133.96890447822366,799.0488,0.0,40.91404062092466,0.028715285972779482,177.0108,4.207353854338066,0.044080202892431974,0,1024,0
A96BEA97-ED58-4E41-A8CA-51A4EF1D2650,12711,7,147.5,2,0.057430571945558964,495,14.214066556525843,133,117,432.0,113.92986770528431,207.31,0.0,23.482646920890282,0.0,142.92,2.16360528854284,-0.422505093793145,0,1024,0
0959DAA1-AD8D-4913-9DBB-B8276F0346CB,6172,11,96.0,7,0.41396629941672064,440,26.020738820479583,235,0,259.0,112.09743560059628,331.374,0.0,34.07556746366446,0.29569021386908617,153.07479999999998,13.00418533628644,0.1615508211800276,0,1024,0
E08256B1-31CF-4C4F-8B11-25AB5404E475,3227,3,73.0,2,0.22621629996901146,81,9.161760148744964,374,816,472.0,94.05077349581315,570.307,-9.3125,47.56899962296558,0.45243259993802293,158.9637,22.730973116069563,-0.3674489075601621,0,1024,0
3CF93F4B-5D55-4CE2-BC88-3C72DE853BE3,12711,2,117.0,1,0.028715285972779482,26,0.7465974352922665,930,846,527.0,182.13621853273753,308.9905,0.0,40.22558246901244,0.0,240.9668,37.77618851201555,-0.012173233589865856,0,1024,0
4F299892-5A7B-46C9-9776-EF49E2EC385B,4570,2,1.0,0,0.0,0,0.0,-1,954,250.0,19.28429102120926,373.0,0.0,17.89049212490659,0.15973741794310722,45.0,-14.664846576764816,0.05071030717097907,0,1024,0
03305618-8601-4B76-8E80-AD1AE27609A4,2550,4,192.0,1,0.14313725490196078,125,17.892156862745097,413,371,803.0,245.24080461333676,949.585,-24.46836,57.66667725591373,0.28627450980392155,311.2793,-3.677082460558978,-0.27134418495334883,0,1024,1
32BA210A-70F5-4937-B0AD-C2E9FDA1C70D,12711,5,231.25,3,0.08614585791833844,17,0.4881598615372512,456,21,479.0,117.8728297689121,301.8219,0.0,40.6131155188832,0.0,168.14849999999998,-41.53269000679791,-1.1956006273374695,0,1024,0
2877D2BE-ADF5-4E02-B930-7FEAE4EAC2E3,10420,6,167.6,2,0.07005758157389635,508,17.794625719769673,543,106,479.0,56.73786709964889,222.0,-5.15977,28.314167640670792,0.0,97.0,-13.29427142063654,0.15632582669096043,0,1024,0
F4B22715-8AD5-43E3-9B1D-CEB6AA6B186B,1144,4,300.0,0,0.0,0,0.0,-1,36,603.0,125.44208132462461,490.9829,0.0,65.39470972563193,0.0,191.4883,-22.463638123775837,0.1972157309563499,0,1024,0
E4731289-4021-456C-B1C0-35471BE3887E,2184,4,40.333333333333336,2,0.3342490842490842,452,75.54029304029304,795,812,301.0,53.55074515319728,200.7087,-222.5,17.141171287095283,0.0,78.61863199999999,-13.207273740157156,0.007611478224925901,0,1024,0
FE508FA3-95CA-46C7-8F8F-C489B7E9A41B,3546,2,1.0,3,0.30879864636209814,329,33.8649182177101,653,928,301.0,83.67900823438168,266.1736,0.0,43.32646476616474,0.0,141.65274000000002,23.12423870574176,0.6034306447477902,0,1024,0
458C9317-2ED9-4E0D-A157-FEEB84349913,9416,10,78.11111111111111,4,0.15505522514868308,1011,39.190208156329646,249,214,739.0,93.03276383046854,377.7464,0.0,63.664024763474494,0.0,185.24313999999998,-14.859647547135197,-1.4862017387344595,0,1024,0
8066BFEF-9678-40A1-8F55-0CDD267C2FEC,12711,5,44.75,1,0.028715285972779482,282,8.097710644323813,796,737,107.0,43.136495850936186,99.2,-2.117635,9.46427364480518,0.0,55.1,-2.028332270689269,0.23406577400956408,0,1024,0
45B4C5AF-AD77-4D6E-A306-29B600B035B0,6505,2,32.0,0,0.0,0,0.0,-1,884,251.0,61.34126981903174,115.9988,0.0,21.17944805383123,0.0,87.28881799999999,0.2640816733756637,0.13144323759370474,0,1024,0
F1CEC826-C74D-4DF2-8C04-3FC8C9379645,12711,3,265.0,0,0.0,0,0.0,-1,385,678.0,49.52375524798468,539.6312,0.0,27.559413716073486,0.0,85.0,-5.957860186256283,-0.2698804836445829,0,1024,0
48C35BFD-4DA0-43C5-92DE-4AEC3E5D6D0A,12711,2,231.0,0,0.0,0,0.0,-1,685,151.0,32.488985174570615,150.0,0.0,11.894242363688033,0.0,49.0,-7.029957396792838,-0.016207019156482774,0,1024,0
3BB36FED-8F33-4EB6-A9E1-EEC15C9BE2E4,5530,3,190.0,0,0.0,0,0.0,-1,532,266.0,99.12224084209387,1322.0,0.0,39.91589636520952,0.3960216998191682,145.66276,-4.307177944177212,0.30977496839399543,0,1024,1
59714C45-7F19-4ADF-AB64-383589441535,3917,1,0.0,0,0.0,0,0.0,-1,912,887.0,151.47259296542543,545.627,0.0,84.20295349771251,0.0,263.79336,46.24539423210541,0.6392741699183916,0,1024,0
D3BA5D04-B303-4EC7-BAC7-84B8E1F6765C,50,11,94.3,2,14.600000000000001,226,1649.8000000000002,796,38,346.0,59.248918654539644,479.1862,-0.001,46.91239758319532,7.300000000000001,127.1,-49.592118507703226,0.0018843778316729076,0,1024,0
FEB0DC7B-70AE-4770-A41D-63203CDEC0D7,4536,4,95.0,2,0.1609347442680776,16,1.2874779541446209,898,725,753.0,190.35522843339828,568.3344,-30.0859,75.28817642989478,0.0,263.3458,17.331661520305403,0.3370190943095822,0,1024,0
385D0432-7208-4080-8224-C6B79E54406D,4800,3,4.0,1,0.07604166666666667,290,22.052083333333336,907,899,206.0,41.32497190559939,219.1518,0.0,19.674148641861144,0.38020833333333337,67.63876599999999,-12.196637822188897,-0.1999761669664088,0,1024,0
B9E051C8-32D0-4223-A2D5-FA7E228CE28A,12711,12,77.18181818181819,2,0.057430571945558964,262,7.523404924868224,456,42,256.0,122.47556586300573,230.2,0.0,33.48427222949885,0.0,167.0,-18.531646109919294,0.3613188528075322,0,1024,0
08F51991-D070-4C61-972E-E73585D7A7C8,12711,5,202.75,3,0.08614585791833844,85,2.4407993076862557,428,80,301.0,114.56779091125794,223.91,0.0,38.90187239094955,0.0,155.0,-49.083415139653,1.1710900562712228,0,1024,1
CBDE2D9A-4FBA-476B-8A6F-3BD26AC07A7D,12711,3,151.5,2,0.057430571945558964,126,3.6181260325702147,381,700,78.0,12.056759474013054,294.0802,0.0,2.674074419404411,0.1435764298638974,14.840842,1.4573577419437367,0.01469142393493825,0,1024,0
67013822-50EA-4C0C-A499-E18A86BF8D0A,1208,1,0.0,4,1.2086092715231787,170,51.365894039735096,45,889,99.0,9.828650734952156,143.6828,0.0,6.653114739324948,1.5107615894039734,22.345,-5.172724692143513,-0.021756340545088595,0,1024,1
CEA0063D-D90E-4C37-A135-A4E0ABFEC701,12200,4,206.0,8,0.23934426229508196,367,10.979918032786884,223,264,148.0,54.097089425108834,123.6762,0.0,17.269495001863543,0.0,75.68355,-0.17105373606561614,0.23923144495372414,0,1024,0
BCB99DFB-301D-47A7-BAE5-4346EE59A479,5138,2,542.0,1,0.07103931490852472,3,0.21311794472557416,2,340,400.0,134.0870028998825,4310.928,-5.565529,31.577735763905917,0.07103931490852472,171.16152,-6.161408079666444,-0.20837460419738207,0,1024,0
9E00283D-2CBB-4BEF-9B06-1E66D4686550,12711,4,139.33333333333334,2,0.057430571945558964,46,1.3209031547478562,796,455,259.0,93.22142386707371,584.0,0.0,38.885239604959416,0.1435764298638974,142.7,-18.285235590993466,0.1710733949287776,0,1024,1
E019CCCA-A54F-4A7E-821E-C3590B3DA268,12711,14,63.84615384615385,1,0.028715285972779482,15,0.4307292895916922,958,32,887.0,93.46210374404912,455.0,0.0,64.32795769506623,0.0,179.0,53.81791168804965,0.3648564866260212,0,1024,0
71A4FDF8-3D80-481F-AFF5-B7489AA6400B,5166,5,183.75,0,0.0,0,0.0,-1,133,256.0,104.47940515796587,243.4782,-16.89596,42.77650151686606,0.0,158.80407999999997,6.07077859126251,0.2380737759513257,0,1024,0
DD28E303-2043-4765-9DBC-00AB4836A5FF,7107,3,59.5,2,0.10271563247502463,114,5.854791051076404,366,745,271.0,69.58835011922145,128.7,0.0,18.953387109528503,0.0,93.2,-5.338087773542426,0.010664348136195444,0,1024,0
C3066597-CB16-4B8F-BBAB-4EF7BDCFF6FC,5240,7,114.0,5,0.3482824427480916,2133,148.57729007633588,330,180,489.0,74.07100905960732,348.0,0.0,41.68946419387914,0.0,126.0,24.929222421874158,0.2701739012131422,0,1024,1
4A139140-8535-4803-9239-67A5E2757A68,4728,5,110.25,2,0.15439932318104907,240,18.52791878172589,95,442,232.0,71.91453213907923,198.6288,-8.400001,27.083298033609374,0.0,108.45097999999999,2.1481065841460776,-0.523125674375818,0,1024,0
0BF3CDD0-DF96-496B-9134-F2849E801EBF,5407,7,71.0,1,0.06750508599963011,305,20.589051229887183,796,428,284.0,122.05745814291636,250.3086,0.0,28.76095612780751,0.0,157.77308,-6.239596944613879,0.1773013463029376,0,1024,1
81E7573E-370D-41FF-94AD-2CF63FD8095E,3325,3,69.0,0,0.0,0,0.0,-1,716,450.0,108.14017431320163,192.98,0.0,22.225498671024447,0.0,138.74,4.167288649761332,0.14123268533370587,0,1024,0
B67A6759-A83E-488C-8696-4C5E87CD94E1,2003,4,163.33333333333334,2,0.36445332001997005,531,96.76235646530205,237,350,1039.0,51.729787374033414,417.5107,0.0,35.543070560853955,0.0,108.03425999999999,9.531717664006706,0.4138731717720221,0,1024,1
702BC098-B23F-4DB2-8277-D6F642CA8B28,12711,4,166.33333333333334,4,0.11486114389111793,407,11.687121390921249,101,415,314.0,35.032829304535916,109.9,-57.49477,17.14244995128408,0.0,58.2,2.461383658427053,-0.4915646307500881,0,1024,0
AE54E534-A74D-46DC-8F22-8C0F7C94B5F6,3315,4,269.3333333333333,1,0.110105580693816,360,39.63800904977376,796,112,301.0,66.50297239227896,264.1913,0.0,43.49972101992589,0.0,136.86769999999999,4.906084928091403,0.020306704135900952,0,1024,0
D929BBFD-057B-4A77-B3AE-032C4BCE5DCA,12711,6,135.0,0,0.0,0,0.0,-1,147,452.0,169.90880136912807,339.0,-214.6522,55.49839772287366,0.0,235.0,-13.961424825918186,-0.10031965537598865,0,1024,0
582A4AA7-2C97-4452-8B75-B9B6B7DD2790,12711,12,58.18181818181818,1,0.028715285972779482,71,2.038785304067343,535,208,251.0,104.44450936658811,239.5,-127.6779,46.94789496318576,0.0,163.6,11.325012238350169,0.25674500281231744,0,1024,0
52732ACA-3F3D-41EB-A1C3-5E7DB087D478,12711,7,103.83333333333333,0,0.0,0,0.0,-1,193,203.0,46.16337174950933,115.0,0.0,21.670698674127788,0.0,76.0,-8.841612490250071,0.06095082611933108,0,1024,0
30A963E2-56DC-4C6F-85FE-19F9FD54A91D,3551,5,171.0,0,0.0,0,0.0,-1,123,452.0,41.00715181585364,185.661,-10.81999,29.888347006611067,0.0,82.561596,11.483304074732779,-0.09436576377930557,0,1024,0
68EEE1C6-80EB-449A-855A-A3EB182BEC07,2355,5,201.25,15,2.3248407643312103,740,114.69214437367305,64,210,452.0,117.31734828938448,430.0,0.0,41.96017038798077,0.0,176.0,-15.261945630433871,0.06300571186876931,0,1024,0
FCEE839F-3F98-48A6-98A7-8D6BB1B743CA,12711,7,84.83333333333333,1,0.028715285972779482,187,5.369758476909763,796,393,269.0,66.62442196452218,533.8332,0.0,23.46059444217201,0.17229171583667688,88.901012,6.200837954459288,0.05700503347171456,0,1024,0
3332C3FD-EFD6-4F55-B9DF-F37C156D5C58,12711,5,84.0,1,0.028715285972779482,404,11.600975533002911,830,501,753.0,162.27580309892906,415.7583,-40.73291,85.45480243937384,0.0,249.3724,32.26262467113267,0.3160060946765809,0,1024,0
DEDF2C8D-203D-46B8-AA25-2DC6F0A3ED75,5181,2,1.0,0,0.0,0,0.0,-1,786,490.0,104.61888281444784,295.363,0.0,42.21774821312617,0.0,161.88308,-21.344555920312033,0.24215688072411656,0,1024,0
F88C8391-493F-46C4-ACA6-90849D55A536,12711,1,0.0,3,0.08614585791833844,2325,66.76303988671229,551,1016,339.0,77.07861491948903,179.3701,-30.61992,20.29876684833499,0.0,103.8208,-2.225178684149512,0.13240623084290487,0,1024,0
703A4E81-90DE-4C1A-A628-96004C4CDBC5,3325,4,165.33333333333334,1,0.10977443609022555,266,29.2,796,511,301.0,81.50258477252507,127.6,0.0,10.851070765995502,0.0,95.5,-2.80521594536458,0.031105171877569195,0,1024,0
134082F5-20EE-4BF6-BF65-99DD9D94FF79,4791,3,175.0,1,0.07618451262784388,16,1.2189522020455021,70,644,377.0,105.70845152366638,233.6672,0.0,38.75064408006022,0.0,147.75694000000001,-16.43691434888244,-0.09611825322220774,0,1024,0
891C53D5-3FCA-44CD-AA86-AB4177A748C4,2392,3,465.0,8,1.2207357859531773,177,27.00877926421405,17,63,159.0,26.336331839904418,72.52126,0.0,9.643513077600522,0.0,39.321494,-1.0321043869777178,0.08467897076502634,0,1024,0
5F9C4547-A81F-43B4-83D1-13C75F9A5B82,1042,2,573.0,2,0.7005758157389635,10029,3513.0374280230326,387,419,301.0,72.14029989018451,170.9804,0.0,21.806416366257373,0.0,100.4068,-6.453867133240067,0.05302967170437825,0,1024,0
596E0C13-45F2-4528-82B0-67DE8C99E9D5,9670,2,796.0,3,0.11323681489141675,309,11.663391933815925,127,183,271.0,50.25811545282417,234.7766,-82.45698,16.020870201077116,0.0,78.9375,-3.484715452824176,-4.663708555906961e-14,0,1024,0
AFFD3861-8CE7-4386-B3CA-B427D9CB71FD,8423,3,35.5,0,0.0,0,0.0,-1,906,251.0,71.49172341290348,122.0282,0.0,13.048375647587141,0.0,89.341272,-9.851858540989902,0.05057933533055095,0,1024,0
7D4391B2-5728-488A-9F43-F11A6A98C583,2651,3,422.0,0,0.0,0,0.0,-1,130,452.0,67.36506636875454,319.56,-266.6347,37.883948243783536,0.0,120.79,-6.918219918137268,-0.08717710977127292,0,1024,0
ECF72A82-D21D-4399-8DA5-9C3CF153E3C1,1054,2,937.0,9,3.116698292220114,765330,265033.6337760911,100,21,451.0,35.40624156795045,540.1393,0.0,41.03459639060471,1.7314990512333965,100.5007,27.904025690537203,0.11149345750784488,0,1024,0
CCB80281-C883-469C-AD11-C4D27D11A485,12711,6,174.2,0,0.0,0,0.0,-1,79,1083.0,267.0810330257255,2000.527,-98.87186,123.92015120179555,0.11486114389111793,420.0439,-138.13851772564837,1.1615569350844501,0,1024,0
A72CBAE4-05E9-4164-B9DA-AA5FF0A39B10,8259,2,35.0,0,0.0,0,0.0,-1,951,825.0,296.25674845558825,2176.88,0.0,113.63122484373662,0.17677684949751785,450.60495999999995,110.05186324194261,1.7081061397837467,0,1024,0
D26CB470-C959-4C4A-82B4-09BA54EE72E6,12711,8,104.28571428571429,4,0.11486114389111793,254,7.293682637085988,362,224,266.0,147.95654444572725,235.5,-26.8,22.389796715555185,0.0,174.6,-7.894638581529705,0.11596586569888111,0,1024,0
3E4F934A-22F9-4600-8BB4-8AA3E9C087FB,12711,6,178.2,3,0.08614585791833844,17,0.4881598615372512,297,54,489.0,55.99080449797959,251.0,-5.003362,24.17969983162466,0.0,89.0,1.2466183415265846,-0.16438397744583336,0,1024,0
02BA5F51-59B4-4241-A510-5A266306282B,12711,3,305.0,5,0.1435764298638974,571,16.396428290457084,650,333,104.0,15.342962381311672,62.5,-125.2329,7.1066805380972005,0.0,24.4751,0.8701389529475847,0.06514998562852842,0,1024,0
85FB3038-427D-4E5A-9C5C-56E9B64A6AC4,1951,2,335.0,1,0.18708354689902615,87,16.276268580215273,514,602,1662.0,332.1243044628414,727.0,0.0,121.28289209702572,0.0,478.0,-53.13055446284142,1.6507623826442126,0,1024,0
A0FE2471-47AB-42E3-A823-0B978173C4D6,2996,5,200.75,2,0.24365821094793055,615,74.92489986648864,11,181,451.0,73.18885369702473,226.9861,0.0,61.37670623984912,0.0,185.36238,-32.01048866724077,-0.0006414877660190019,0,1024,0
E84D8F35-5DED-432C-872B-BB6B793DA00D,7938,2,12.0,1,0.04598135550516502,87,4.000377928949357,279,921,693.0,139.97685698583402,395.52,0.0,54.717769266930624,0.0,218.016,49.85724301416596,-0.82303694283267,0,1024,0
3D628AD5-874B-4E64-A57D-D1C6EDB91862,12711,5,228.0,2,0.057430571945558964,21,0.6030210054283691,361,20,377.0,128.91489919781588,309.1003,0.0,33.66625891750196,0.0,173.2819,-9.051395359081297,0.029106549040578807,0,1024,0
F1B45926-7AE0-4CA1-B40A-C46260188C67,1506,2,0.0,0,0.0,0,0.0,-1,931,452.0,95.43440631333746,353.0,-10.97358,42.747723501758074,0.0,154.0,-12.321057547905369,-0.06633357799096294,0,1024,0
B0DFA93B-E5B3-4A08-B1BB-431B7C523AF7,12711,5,224.75,3,0.08614585791833844,291,8.356148218078829,48,23,259.0,65.21381194557443,233.2703,0.0,20.18504819045664,0.0,91.98799999999997,-14.962411328290486,0.05669777818930221,0,1024,1
65E5D0F8-52B5-4A98-A61C-E26A92BA8A86,12711,14,57.15384615384615,4,0.11486114389111793,130,3.7329871764613327,242,173,276.0,59.997691897478376,267.5386,0.0,35.87106115264598,0.0,104.1,-3.4742114607499843,0.28257862221291935,0,1024,0
BF8835C5-990C-426F-B526-B722CDC26D5F,2436,3,430.0,2,0.2996715927750411,134,20.07799671592775,368,57,452.0,110.39413361520432,187.4053,0.01310423,19.28958454685709,0.0,134.70358,-6.797355728820847,0.018642002971712365,0,1024,0
8D099868-8322-4ED7-B0AC-732C59DF4466,12711,9,110.125,3,0.08614585791833844,530,15.219101565573125,474,35,100.0,25.158448052109723,71.3,0.0,7.224176102497524,0.0,33.9,-0.43057767934737967,0.009257109934844444,0,1024,0
D5FE6817-1890-46E9-A1C2-E36AEC24D09E,6315,5,131.5,1,0.05779889152810769,1,0.05779889152810769,932,386,775.0,164.54856610110903,457.2,0.0,49.30848822842635,0.0,230.4,-27.669213782436202,0.23057805154659441,0,1024,0
D232FB56-3008-4BE3-AE13-006A8B011A04,12711,5,193.5,0,0.0,0,0.0,-1,109,452.0,144.2571846809782,305.7999,0.0,35.9858988004385,0.0,187.5458,-8.364692212613988,-0.049399304713678156,0,1024,0
A6575B86-32B9-4A08-A709-A89581E4E58C,8703,11,79.5,1,0.041939561070895096,19,0.7968516603470068,1011,84,470.0,141.99454028482754,349.1821,0.0,65.32171939052155,0.0,222.4731,-30.052150104271988,0.6633231032362601,0,1024,0
FAD5955E-330A-4F2B-BA3C-AF46A7EB9141,2908,3,146.5,1,0.12551581843191198,23,2.8868638239339752,796,586,301.0,0.6134127073813387,5.451586,0.0,0.37539988748758146,0.0,1.1642404,-0.3091492220181442,0.00023914909748346035,0,1024,0
FCF47850-2BD4-43B9-A61B-74F4F893419D,1339,3,163.5,1,0.2725914861837192,48,13.084391336818522,696,547,887.0,85.45003656081279,295.5011,0.0,51.982967009041616,0.0,156.4384,-17.08334251297329,0.120797870033046,0,1024,0
621D22C0-464B-4623-A92C-4F152A8DB7B9,1589,4,151.33333333333334,0,0.0,0,0.0,-1,420,887.0,85.211210994859,296.2057,0.0,51.936067425434715,0.0,156.16932,-17.073381556587393,0.12010507847441997,0,1024,0
60DE7DBA-7A39-48ED-8C19-37BA7939D964,5068,2,511.0,3,0.21606156274664562,441,31.76104972375691,62,364,129.0,6.627421950871665,933.0,0.0,12.936468083756678,0.36010260457774274,27.0,9.04796385159747,0.19532698366967333,0,1024,0
47A5FFAD-993D-4B88-8A5D-8860C7C5D531,3388,3,72.5,1,0.1077331759149941,8,0.8618654073199528,702,728,734.0,157.63264330274214,394.5086,0.0,47.50286814044554,0.0,216.3679,1.7104776206374765,0.349379465507547,0,1024,0
BD438B48-65EE-42A9-8504-2CA87CE3D9BA,8259,3,224.0,1,0.04419421237437946,5,0.22097106187189733,500,500,825.0,284.37739107214406,702.64,0.0,110.46400242968062,0.0,462.4,117.21525861921396,1.9948676665611837,0,1024,0
A8A5245D-E7DA-429A-B6C0-0C8B76505476,12711,3,234.0,3,0.08614585791833844,167,4.795452757454173,362,392,266.0,150.00097217600356,237.6,0.0,21.978863732428362,0.0,176.6,-7.709521558719615,0.13387071106159146,0,1024,0
D61AD443-F61E-4E59-A4AC-C0A5AF47F6E9,4690,7,89.33333333333333,4,0.3113006396588486,684,53.23240938166311,579,317,1524.0,430.73424697141536,804.0,0.0,55.18263465705525,0.0,498.0,-11.607395073267242,-0.11928290138740517,0,1024,0
B974679A-1ECF-4E81-BA23-1882B09D8C39,9521,4,161.0,4,0.15334523684486923,59339,2274.838252284424,334,367,395.0,148.6029620259663,589.0604,0.0,61.96223133149926,0.038336309211217307,210.60067999999998,7.436182388385532,0.08897277766502469,0,1024,0
8ECEA5F6-88CB-472C-986C-087ECC5B0128,12711,2,114.0,2,0.057430571945558964,767120,22028.070175438595,451,849,555.0,80.16110581920175,272.2656,0.0,76.77962866108417,0.0,169.5313,-80.16110581920175,0.0,0,1024,0
015D38B7-1E72-4215-89EE-60DA1BE3D511,4732,3,218.0,3,0.23140321217244295,32,2.4683009298393914,348,394,225.999,37.3093302629731,111.6028,0.0,15.270484966401089,0.0,57.01904,-0.9012873003187778,0.022561953481420042,0,1024,1
0B5AD3F1-F959-45DA-9F0A-ABB53C99CAF5,12711,2,34.0,1,0.028715285972779482,5,0.1435764298638974,520,797,412.0,87.94762206184848,282.23,-6.86,35.35705187894246,0.0,136.07,-3.7902918149349034,0.2607207771420565,0,1024,0
2890FA10-3AB3-494A-9979-3EBA965EFC67,5057,6,140.4,0,0.0,0,0.0,-1,115,188.0,39.768244762912026,99.82724,0.0,18.843470934591792,0.0,65.76232999999999,-7.573761963112638,0.053205315788100185,0,1024,0
62DD5160-6FC9-4DDE-ADEE-2D5C01D717D4,9979,10,71.44444444444444,1,0.03657681130373785,24,0.8778434712897083,1003,193,479.0,59.58018839093496,232.0,0.0,19.956648091157003,0.0,86.0,-12.672240860070758,-0.09802690547077622,0,1024,1
C383D645-F93C-45E1-A259-52EE6554D9C3,12711,4,222.33333333333334,0,0.0,0,0.0,-1,144,489.0,79.43655710201227,234.9138,0.0,25.73600173914148,0.0,110.0,-5.330152781024623,-0.19621655394135237,0,1024,0
54742AD1-B566-4347-81B8-8A0D98593C11,12711,6,78.0,1,0.028715285972779482,329,9.44732908504445,796,421,693.0,243.32441679626749,394.6,0.0,31.29313853381035,0.0,278.1,-21.40876864811935,0.043433540034455445,0,1024,0
951EF7D8-8780-48A6-98B0-90BC0148854F,8176,6,161.0,7,0.3125,441,19.6875,39,0,245.0,86.28634401754874,227.1,-31.51968,33.43791160183489,0.0,132.67,-8.642889542240084,0.6540263378423032,0,1024,0
353B1324-0EB2-4EDB-BB3A-B5C518F87B68,4289,3,184.0,2,0.17020284448589415,309,26.296339473070645,239,435,452.0,131.989497015997,266.0704,-62.73737,41.55335908335898,0.0,189.10244,-35.292540671861175,0.10624678766802677,0,1024,0
E982614A-95D5-40B5-9990-9989ECF9F50C,8422,4,160.0,2,0.08667774875326525,70,3.033721206364284,387,321,269.0,75.59520420847284,479.926,0.0,18.69297910583812,0.21669437188316315,100.378,-3.98461342529383,0.06252845581466719,0,1024,0
DD549033-7750-4EC7-B238-D207A907376E,12711,13,53.833333333333336,8,0.22972228778223586,409,11.744551962866808,254,147,159.0,40.258152039866964,135.6324,-25.27,13.469101052836939,0.0,55.874772,2.56258879547255,0.05852913671917262,0,1024,0
C87E7066-6AF7-4E62-80CE-BBDC10C985C2,2128,2,195.0,0,0.0,0,0.0,-1,603,250.0,59.259077678608065,237.9838,-72.89876,23.17940251978643,0.0,89.60001,-3.8881471686543634,-0.14802326448955858,0,1024,0
D89AE226-4A70-4E95-8F42-9ABB15BED2BD,9141,7,159.83333333333334,2,0.07985997155672245,168,6.708237610764686,644,56,693.0,232.62446831267866,433.0719,0.0,63.39775143301766,0.0,310.437,-18.31215967456137,0.030710075831626393,0,1024,0
43310AF9-A91A-4A1E-B1EA-3AB22FD0600A,1193,3,196.0,2,0.6119027661357921,166,50.787929589270746,386,623,226.0,35.732079492098315,162.3192,-53.42881,21.727988337067895,0.0,64.85773799999998,17.961957733441807,0.08324332688432919,0,1024,0
71325C08-995D-45AA-B1B6-858700B36BD8,9702,2,17.0,3,0.11286332714904143,2772,104.28571428571429,639,998,1270.0,322.72976703695156,719.64,0.0,111.92565181103602,0.0,459.38,52.87879237662867,0.5335412276546504,0,1024,0
DCB79EDB-51DA-42CC-8D88-BAFDB7C9D1F2,10010,5,209.0,1,0.036463536463536464,29,1.0574425574425574,821,176,407.0,48.11987158255613,189.8231,0.0,33.50688409170196,0.0,94.60324,-15.887803562216625,-0.24327024482564827,0,1024,0
70D97D06-EEDB-4620-AACA-3C3774C72A47,2107,3,174.5,4,0.6929283341243474,420,72.75747508305648,381,631,451.8,57.14953785194267,205.4536,0.0,22.097512401673356,0.0,87.831626,18.729180624137584,0.14404218092819016,0,1024,0
D0F53A9B-B47B-4FCD-BEE4-D44CEA55CEDA,1781,3,328.0,0,0.0,0,0.0,-1,320,753.0,0.4928124035396307,239.9767,0.0,9.703621364944429,0.0,0.0,-0.4928124035396307,0.0,0,1024,0
1C0E435A-C134-4347-89B4-E66983185C67,12711,2,183.0,0,0.0,0,0.0,-1,773,518.0,72.22096787986851,207.0313,0.0,33.73930115629904,0.0,119.5313,38.85450668108828,-0.09387664253542577,0,1024,0
B6565142-0266-48A2-8635-79C0D8A9A75A,4570,2,0.0,0,0.0,0,0.0,-1,956,250.0,19.3763465469653,105.0,0.0,17.877719366230767,0.0,45.0,-14.978429880298634,0.04296329450823578,0,1024,0
7DEE2F6C-25B1-4C45-9165-277335D80FDB,5869,4,77.0,1,0.06219117396490033,22,1.3682058272278073,450,724,377.0,43.50460352278824,177.0,0.0,30.42898897361333,0.0,87.0,-14.960390559825274,-0.1557316746923841,0,1024,0
7C2EE4F9-48BD-4695-AE5C-745084D36E91,12711,2,63.0,3,0.08614585791833844,182,5.2261820470458655,927,952,101.0,0.7757369683660787,86.70906,0.0,5.833418918128533,0.0,0.0,-0.7757369683660787,0.0,0,1024,0
A467E6AC-6954-4289-B08E-5203E6AED0A9,1507,1,0.0,1,0.2422030524220305,112,27.126741871267416,87,952,301.0,46.04290006868405,112.9607,0.02827294,15.088807038349747,0.0,65.527366,-7.7433818915505555,0.0006683016022045732,0,1024,0
4641D0B3-55D2-4610-8CA9-64F5108FBD2A,490,9,110.125,0,0.0,0,0.0,-1,103,678.0,144.11324001415989,383.0,0.0,60.85666986317206,0.0,219.82408,-25.645493100579642,-0.17536344221749603,0,1024,1
EABA266E-5971-4319-B289-76B58959B272,4565,1,0.0,0,0.0,0,0.0,-1,945,99999.0,196.53175836288682,646.422,-17.73434,134.75894051426727,0.0,391.6259999999999,58.38447443032308,0.8964648168153121,0,1024,0
645D282B-61B4-4513-B5F7-D2A9D16695E7,6823,3,126.0,0,0.0,0,0.0,-1,685,489.0,127.58696709101034,251.0,0.0,30.047633020729304,0.0,168.0,0.15523969911312463,-0.0038843958789025125,0,1024,0
EDAE9693-FF75-41C4-A9F9-1EC775DCAC2C,12711,7,90.5,7,0.20100700180945638,313,8.987884509479978,366,386,269.0,65.47156750225133,116.8,0.0,18.33920611745642,0.0,88.1,-4.998033551634052,0.0101833674024106,0,1024,1
54DF2AC2-08E8-4796-9F51-0AE512D10818,12711,5,137.75,5,0.1435764298638974,413,11.859413106757925,48,373,259.0,64.87507601808527,233.9981,0.0,19.838934533544695,0.0,90.8,-15.320138508594525,0.0753507853501723,0,1024,1
886124C7-24B2-407F-AFE9-3E8C5C2B6FBA,3298,3,94.5,0,0.0,0,0.0,-1,729,452.0,70.98801847866918,237.7979,-3.7,35.36683627175208,0.0,119.12084,-4.145008565397575,-0.12116286980601346,0,1024,1
E7B3BDAE-CD94-4E23-9BDA-CB3572944E67,3353,2,20.0,1,0.10885773933790635,62,6.7491798389501945,81,896,451.0,134.16800153948145,270.0,0.04254523,18.979024509123114,0.0,158.35652,-7.2942207417962805,0.14282604137593513,0,1024,0
2D0CC930-23BF-467A-994D-7E1B7264918D,12711,4,275.6666666666667,0,0.0,0,0.0,-1,103,265.0,56.977383216892015,160.4732,-3.172758,27.391158061197242,0.0,90.821744,-3.945049546444487,-0.06720651683209397,0,1024,0
3BCC6676-AA3F-4F9F-A889-E02D04919D2C,12711,4,251.66666666666666,2,0.057430571945558964,20,0.5743057194555896,152,154,226.0,37.38532460828471,170.0,-0.5851979,19.27242081616246,0.0,58.0,-8.771049916926689,-0.10193022229542087,0,1024,0
9E962D84-5185-4D44-BE32-7738296BE4CD,12711,4,248.66666666666666,3,0.08614585791833844,280,8.040280072378255,174,163,452.0,147.2097679898402,949.8596,-165.315,36.778938228758285,0.028715285972779482,191.2537,-8.430082888759927,-0.050937174909134894,0,1024,0
B372A68C-1DA1-4CC9-8D63-0DF99DDCEBE9,7195,5,201.5,1,0.05072967338429465,375,19.02362751911049,154,100,377.0,109.34999981344951,246.0,-29.4,33.857836833724505,0.0,153.0,-12.661248664529765,-0.17833398520232258,0,1024,0
2FC0AB13-853C-4DE0-9B92-83F046AB2B4A,4447,5,205.5,1,0.08207780526197436,8,0.6566224420957949,901,76,792.0,120.34400157510849,436.0,-35.98437,76.71243410116325,0.0,229.0,-39.074865772639356,0.10789786576295993,0,1024,0
7385215F-E55C-47DD-BD9F-64A206D48BEE,6978,6,156.8,0,0.0,0,0.0,-1,113,400.0,91.62012613703506,271.0,0.0,48.02194903333581,0.0,157.0,-17.9182742851832,-0.6394744664408606,0,1024,0
6865C41D-68D9-4AF3-9CFC-4C8AE008CBC1,12711,3,214.0,2,0.057430571945558964,46,1.3209031547478562,203,468,407.0,105.84443147490951,271.02,0.0,25.47804673898875,0.0,134.26,0.06258395718924703,0.13820445368188483,0,1024,0
ED71725D-711F-4F01-89D3-49238120657A,-50,7,136.33333333333334,2,0.0,1188,0.0,405,75,452.0,95.11995055536408,451.0,0.0,36.61546862992123,0.0,135.59088,-78.18745238081162,-0.9451856948471093,0,1024,1
D9737CB8-54FC-46DE-B36C-566B76A43BB9,6566,4,268.3333333333333,9,0.500304599451721,251,13.952939384709108,75,75,235.999,63.156711581259394,169.0796,-54.6628,28.68131847143528,0.0,90.47241,11.119339394049241,0.14205772552046006,0,1024,0
914F6355-1212-4395-BE0E-55712F524310,5068,2,608.0,4,0.2880820836621942,464,33.417521704814526,62,266,258.0,53.389188276840954,109.0,0.0,13.014561234175387,0.0,71.0,7.072462957726948,0.1108892615914549,0,1024,0
3F471218-FD78-4A69-953A-233ABD829ADD,8265,10,92.0,2,0.08832425892317,236,10.42226255293406,196,42,450.0,48.66581612433123,224.0,-0.2520762,35.964306754582275,0.0,106.0,-2.1977605687756707,0.21365486365482872,0,1024,0
7ABA0B82-836C-4A75-9624-9AE7E4F89BB3,4951,2,751.0,0,0.0,0,0.0,-1,122,682.0,181.47363119408067,290.7283,0.1995625,39.307091508623834,0.0,231.87974,6.289458860703263,0.11945533307877858,0,1024,0
1664D711-FBFE-4BAB-8601-ECE56ED1692B,1037,2,219.0,4,1.407907425265188,238,83.77049180327869,795,651,602.0,16.24704416354832,235.7021,0.0,19.729471136569042,0.0,45.0,-15.781149097190296,-0.010738180069099464,0,1024,0
D3F9E81D-17B1-4532-B2B4-E50459C020DD,5437,1,0.0,6,0.40279565937097667,111,7.451719698363068,5,869,979.0,278.9017916732772,563.3571,0.0,97.38396373499052,0.0,412.5454,14.690950646557212,0.7423510484853452,0,1024,0
17B966C6-8880-4C40-86FC-17FBAEF9AC4E,12711,3,233.5,0,0.0,0,0.0,-1,400,301.0,48.801725044381215,185.0,0.0,28.112964051906353,0.0,89.0,-11.245397883887385,0.024764145550626695,0,1024,1
7B2D3C96-43B6-4FA0-AB85-1112EC3265F7,10248,5,192.0,0,0.0,0,0.0,-1,81,452.0,103.65365161938783,229.0,-2.952,29.869701771834407,0.0,143.0,-8.42502507617796,0.1192825017262357,0,1024,0
A0DA4AB1-4E3D-4A00-B35F-D803557F15D7,12711,4,274.3333333333333,2,0.057430571945558964,7,0.20100700180945638,447,24,120.0,59.213367963354095,139.6385,-4.1,14.74870423824153,0.25843757375501536,79.0,-9.263213642366438,0.12356143648273922,1,1024,0
575027EE-0D74-43BC-94A0-E3B64141152E,2062,4,197.0,1,0.1770126091173618,492,87.090203685742,796,252,1039.0,51.45221405121938,537.9292,0.0,35.475865002108854,0.0,107.22771999999999,9.321456889521357,0.4170322501548717,0,1024,0
2A44B059-4961-4BFB-AE93-36214ECB6718,12711,3,402.0,3,0.08614585791833844,217,6.231217056093148,393,35,452.0,134.51318046337244,350.6214,0.0,66.89473004580103,0.0,197.33904,19.39034049650408,0.08188919332276122,0,1024,0
CAC86566-186F-445F-8D6B-5F9C9B7998E7,2300,2,1.0,0,0.0,0,0.0,-1,823,1039.0,289.58172328930294,497.5063,-11.95917,63.446763433236306,0.0,375.2972,-53.13920562726588,0.4339739124912757,0,1024,1
C51C6412-E1C8-4148-B4A4-D305B89E7C77,929,2,257.0,19,7.465016146393973,23408,9196.899892357374,18,547,301.0,47.873227583108644,137.5312,0.0,27.038401637075975,0.0,78.64761,22.17309429343456,0.13928199248758044,0,1024,1
BF7DF309-F8B5-42A8-80DF-F33F7B3F23CC,12711,5,189.0,2,0.057430571945558964,11,0.3158681457005743,459,60,452.0,83.54427716693719,258.75,0.0,35.78184316391144,0.0,131.31,-2.4595996978013943,0.25500677152636775,0,1024,0
8882E55D-02C6-4912-AA59-6B172B7CE495,814,1,0.0,0,0.0,0,0.0,-1,801,301.0,59.81712630744457,244.6236,0.0,36.54693456859315,0.0,102.35356,21.480825053357876,0.06345969906005237,0,956,0
9504E535-EA35-4A77-B780-C91CFFF034B3,814,2,87.0,1,0.4484029484029484,71,31.83660933660934,713,714,301.0,55.60321620315184,243.6725,0.0,38.19295042123436,0.0,101.20071999999999,25.396056947010187,0.06333081101809451,0,1024,0
25AA28D4-530C-487E-B23A-4B36DA7B0D2F,12711,5,70.5,1,0.028715285972779482,198,5.685626622610338,800,517,138.0,41.22462203540989,969.3001,0.0,14.290935459180993,0.40201400361891276,58.123881999999995,-6.246520938110507,-0.1003413897171617,0,1024,0
BFB1CBA4-5945-4727-B97F-86C77ADF2661,12711,4,167.66666666666666,6,0.17229171583667688,567,16.281567146565965,21,280,226.0,39.1028157884412,101.2207,0.0,14.662802706366064,0.0,57.36694,-9.055568567762187,-0.2922055981701427,0,1024,0
8CF2A5DF-7CF3-4B04-A284-8BC476C4F5D1,2797,4,116.66666666666667,1,0.13049696102967465,353,46.06542724347515,796,483,151.0,10.837615053719938,29.4,-1.9725520000000002e-33,4.102929973050541,0.0,15.68,1.238767662329444,0.03467699030057576,0,1024,0
7838F992-B6AE-49F6-9D65-1643965275CA,12711,4,251.33333333333334,2,0.057430571945558964,242,6.949099205412635,796,21,324.0,71.46871666266887,519.9437,-9.187823,25.9503593451349,0.057430571945558964,98.78931,-28.71879086174294,-0.6273417406321996,0,1024,0
D09194E5-090B-4E02-B4F1-DF1660B32E3C,7784,8,124.14285714285714,2,0.09378211716341213,132,6.189619732785201,213,118,1082.0,323.51959261309224,616.7908,0.0,94.04221342899635,0.0,446.4111,16.825005874562123,0.1758664217687026,0,1024,1
6939EDE7-AB90-483E-9569-5D300FB6F6C9,3443,2,264.0,2,0.2120243973279117,41,4.34650014522219,644,723,250.0,39.34879210347525,238.0,0.0,17.521187265702796,0.0,62.77284399999998,7.679331006463023,0.07741721328495384,0,1024,0
8EC1309B-7A39-4510-B425-A85B6984B741,2436,2,14.0,2,0.2996715927750411,148,22.17569786535304,368,980,452.0,110.71859157401707,492.4323,0.03612974,19.49539293303047,0.7491789819376027,135.23616,-6.397352244541764,0.010491087733067459,0,1024,0
9BDE514B-020F-404D-8A35-FB43737D32D8,3066,4,140.0,0,0.0,0,0.0,-1,554,301.0,70.92428935053955,873.3192,-1.257899,39.83844280495845,0.5952380952380952,127.4453,44.00093872584935,0.9600202265808315,0,1024,0
B15C85AF-347A-4C23-A1B0-16BF49F6793A,3528,2,251.0,1,0.10345804988662131,61,6.3109410430839,529,710,452.0,120.95151802402897,1224.082,0.01196694,26.897404752160305,0.41383219954648526,154.63396,-17.32234825859686,0.05345674825986189,0,1024,0
46935390-998D-4ADB-9EE1-8F805F665B29,10070,2,930.0,3,0.10873882820258192,45,1.6310824230387289,314,28,800.0,298.5544539875854,599.6461,-117.326,68.42426129155876,0.0,384.56462,-4.251066456721219,-0.1184875548310194,0,1024,0
D94FC0EA-7ECE-4263-83D7-C903DE84DEFF,10086,6,174.4,5,0.18094388260955782,266,9.626214554828476,66,80,497.0,90.72307822909805,316.43,0.0,55.94252567311296,0.0,173.62,-22.39575955625854,0.5576993507428502,0,1024,0
6C12752C-D69D-4470-A654-CD97E112AACD,12711,3,340.5,0,0.0,0,0.0,-1,262,188.0,28.975311525803583,237.84,0.0,14.80219862145906,0.1435764298638974,48.0,-5.264894859136916,-0.055058409131468276,0,1024,0
0499D104-91A5-4C2C-ADB9-93B751EA04E4,9702,5,221.25,0,0.0,0,0.0,-1,57,151.0,22.63531489444946,80.0,0.0,9.874785647527899,0.0,33.0,-1.5459333736161263,-0.03049768686865669,0,1024,0
FF463EF6-C8E2-43F3-86C4-604A6B5F27BF,12711,12,88.54545454545455,2,0.057430571945558964,81,2.325938163795138,796,16,266.0,115.90592331252928,276.3,0.0,24.452723227143867,0.028715285972779482,146.3,-3.8426825717885293,0.112240640133795,0,1024,0
5857F116-46F2-4144-9266-187B3561C77B,4650,2,404.0,1,0.07849462365591398,216,16.954838709677418,796,526,86.0,28.891692682431565,73.5,-12.30628,8.44741265617105,0.0,40.0,-4.36611397872786,0.04730067841020876,0,1024,0
2073F33A-AC6F-4451-B6CD-5BC5966B1EA1,1769,3,116.0,2,0.41266252119841723,314,64.7880158281515,796,694,1247.0,537.1789448726087,727.0559,0.0,72.77749562251824,0.0,629.87964,43.26963149313201,0.03666560079949883,0,1024,0
57C3CF66-E30C-416B-821B-51ACB8B43448,6898,4,272.6666666666667,0,0.0,0,0.0,-1,101,1126.0,229.586926745061,810.0585,0.0,131.63220206785724,0.0,416.0156,82.23490658209951,2.019796227945168,0,1024,0
08B439BD-C31C-45E1-BF75-FB72C43AC8EE,3266,2,1.0,2,0.22351500306184935,44,4.917330067360686,681,916,151.0,35.591047559542815,87.27,0.0,13.817748139302848,0.0,55.0,4.399803520704097,0.0841730752081524,0,1024,0
573F935A-5A4F-4D09-9A77-9626B32FBB6D,12711,4,278.0,1,0.028715285972779482,24,0.6891668633467075,904,79,221.0,64.39330651837389,321.387,0.0,27.530346429886322,0.057430571945558964,95.575138,-10.659105882880063,-0.06474700043689369,0,1024,0
FE9D18AC-FF6F-406E-88E0-9D258741BB1D,4697,3,159.0,3,0.23312752820949542,154,11.967213114754097,611,595,693.0,163.31545967483208,315.3061,-13.21866,30.206513958536743,0.0,200.8569,-12.75523577822716,0.32886857909856776,0,1024,0
AD1F929A-DE63-4ECA-BBF6-054FAC6D4E8B,6160,4,145.66666666666666,0,0.0,0,0.0,-1,475,400.0,147.3974841904691,298.4,0.0,38.37697499407709,0.0,197.6,-17.018101474419723,0.09567934770169816,0,1024,0
AD28BEBD-7B0A-48DA-A06A-D0474308F9C0,3868,6,104.4,2,0.18872802481902792,110,10.380041365046536,302,381,920.0,161.72393225406083,437.0584,0.0,72.23930989319719,0.0,268.1518,-4.282808514863291,0.7559992172592136,0,1024,0
6DD6EFA3-E5E9-4C15-ABB8-FD90FAD164AC,9293,4,277.3333333333333,1,0.03927687506725493,62,2.4351662541698054,796,43,693.0,231.59936720238758,431.4423,0.0,62.69670157805831,0.0,308.7524,-17.504330702196228,0.005591501496844377,0,1024,0
7911DB3D-781F-44BF-A4E1-F04D901D3E41,12711,8,110.71428571428571,8,0.22972228778223586,309,8.87302336558886,1,180,266.0,118.15700193742487,262.8241,0.0,24.419350792729052,0.0,143.57216,-11.33916696211621,0.10424287980215742,0,1024,0
D59DDC65-B0C8-40A6-9851-50D0726C9E1F,9994,6,174.4,1,0.03652191314788873,32,1.1687012207324394,316,1,266.0,120.82751220767146,251.76,0.0,43.99294348664436,0.0,170.4,-99.72843706646776,-1.09564223298094,0,1024,0
BA516C92-B8BA-4932-89EC-F76BA19FF692,1047,3,250.0,9,3.137535816618911,259,90.29130850047756,390,358,180.0,33.94002247673841,91.4921,0.0,13.137226001000435,0.0,52.498836,0.5114189121504751,0.14969821761794652,0,1024,0
9FC14863-3CC6-4419-8EAC-8A14391D1053,12711,5,162.25,2,0.057430571945558964,205,5.886633624419794,50,203,251.0,108.47485721902655,200.1,0.0,26.94823890398634,0.0,144.1,-12.59893129310062,-0.0852474585340724,0,1024,0
391BDC4B-A13E-4AF6-9809-DE1B069E15B8,2128,3,86.5,0,0.0,0,0.0,-1,680,250.0,57.72951489835445,148.8,0.0,22.471875581793572,0.0,87.2,-3.7646339949593894,-0.14490673957444625,0,1024,0
81921EC1-9D95-4D11-ABCA-9F41056FDFAE,4042,3,128.0,1,0.09030183077684314,6,0.5418109846610589,759,592,624.0,58.144956486129985,283.4639,-0.01787822,44.86340890548255,0.0,113.11457999999998,-33.233008753105295,-0.1594682788684769,0,1024,0
CEDB03AA-14E6-4AF4-A22B-70BD5C240A69,5780,2,350.0,2,0.12629757785467127,601,37.95242214532872,246,497,188.0,49.188044578157786,101.0,0.0,12.246425661534637,0.0,66.0,-6.327705071984944,-0.0071329107846405185,0,1024,0
EDE16837-3A93-434E-8EC3-6C82B254D307,5285,1,0.0,0,0.0,0,0.0,-1,847,416.0,159.25817646386002,299.8828,0.0,37.20755141730467,0.0,203.9063,3.988740653732549,-0.09056477076998491,0,1024,0
C13B1F0E-8DF7-4DBF-8B0F-5711BF854F0F,12711,6,111.8,1,0.028715285972779482,11,0.3158681457005743,823,262,555.0,77.07548880568025,344.4,-21.29142,52.71717290741678,0.0,147.0,-7.958821746266665,-0.15726996445213204,0,1024,0
55AE5DBD-8F36-4635-B56A-191A5A142912,12711,2,306.0,0,0.0,0,0.0,-1,516,266.0,51.84054349561621,138.9395,0.0,12.8957686652724,0.0,67.30124,-10.057963961665585,-0.06950427752173088,0,1024,1
7AFA9DF1-8E26-45B1-B1FA-1ABD84FC5533,12711,5,200.5,1,0.028715285972779482,98,2.814098025332389,218,17,450.0,119.70260370015009,254.8828,0.0,50.0889943386957,0.0,166.4063,15.046207962658542,0.9523276319120602,0,1024,0
0AF08811-0440-44C2-983C-AC2BBB85C7EC,12711,2,312.0,2,0.057430571945558964,69,1.9813547321217841,653,499,527.0,71.27210372247994,196.875,-42.45663,30.565572926922123,0.0,113.8672,35.345920203445985,-0.10714623037834241,0,1024,1
4838A492-89EE-487C-BCEC-C7FE34C6DF3B,4366,2,0.0,0,0.0,0,0.0,-1,808,554.0,121.51023898595558,343.1349,0.0,50.903577568835246,0.0,187.54749999999999,-33.599451778085225,0.12605988809847474,0,1024,0
CFE21D01-E519-4F8F-994D-1EE5E98268D4,12711,6,142.8,3,0.08614585791833844,599,17.20045629769491,168,88,693.0,248.60990444627058,406.3,0.0,32.67620461953718,0.0,285.1,-23.23938747096193,0.09883057693429131,0,1024,0
C35E8565-17DA-4303-A1D7-9A9FD54D7440,3957,1,0.0,1,0.0922415971695729,2,0.1844831943391458,966,802,887.0,70.81728433842456,217.0,0.0,28.76404750752405,0.0,111.0,-22.201543597683816,-0.2747588865567003,0,1024,0
E6464C40-4171-4D14-B258-96BD51732EE0,4475,3,54.5,2,0.16312849162011173,338,27.56871508379888,796,767,624.0,108.04774417300106,539.7876,0.07529975,63.64116511428557,0.0,199.25104000000002,-47.82571601005353,-1.3575564626260486,0,1024,0
79EF276C-3569-474F-AC05-EE8F1FBBC038,5537,5,197.25,5,0.3296008668954307,760,50.09933176810547,309,0,138.0,29.53954957567733,546.779,0.0,6.2988600023266095,0.3296008668954307,36.54878,0.5139619176760668,0.054595393785907345,0,1024,0
226FA0AE-EA74-4C4D-9121-0A1FC45E49F7,12711,10,85.0,1,0.028715285972779482,22,0.6317362914011486,410,14,437.0,162.59837304990936,533.7,0.0,36.11638874393106,0.1435764298638974,208.7472,-21.258953246668597,0.15452154711417493,0,1024,0
54545F03-85D8-41FE-BD75-1BF99660F253,6706,2,4.0,1,0.054428869668953175,20,1.0885773933790637,776,773,803.0,261.6669293175895,541.9922,0.0,54.884120548015005,0.0,302.399,-17.437279047527767,0.31673634826292824,0,1024,0
45BD2F42-F612-46C5-91AE-7340948897A0,3194,6,153.0,0,0.0,0,0.0,-1,10,84.0,23.521480152777304,90.51721,0.0,15.947350640358236,2.971195992485911,46.82263799999999,7.439249994059114,-0.02964934499284021,0,1024,0
B70327BD-54B3-4AF3-AD2F-374725749C99,2584,3,294.0,1,0.14125386996904024,86,12.147832817337461,176,176,250.0,36.209777265431555,138.3914,-231.9782,11.206993230950875,0.0,49.45612799999999,2.631562246914129,-0.13376104283454957,0,1024,0
CAE19294-B1D9-46C0-ADD6-2B699443BDB5,12711,6,147.8,16,0.4594445755644717,1436,41.23515065691134,42,21,376.0,124.72902208992372,329.0,0.0,46.66335413795896,0.0,187.0,-16.894454188689153,0.049309356893526196,0,1024,1
48820C0E-3CCF-4017-8A83-4D510210E544,12711,8,122.0,4,0.11486114389111793,482,13.84076783887971,214,2,461.0,124.66737524071797,800.3197,0.0,74.57827360700337,0.17229171583667688,196.42972,23.373330589528933,-0.10471980561058004,0,1024,0
7DCBA3BF-C461-43D2-9388-494393ACD18C,3066,12,32.27272727272727,7,0.8333333333333333,223,26.547619047619047,53,384,717.0,164.31503090313578,368.4234,0.007983411,44.973256467911774,0.0,223.36988,-7.8980379938765,0.38651489232533554,0,1024,0
6D874067-376B-4E91-8E62-6A1F26BA7EFE,4890,8,37.42857142857143,3,0.22392638036809817,20,1.4928425357873212,504,508,920.0,173.33506970902903,446.5204,0.03689134,70.8250803300279,0.0,275.75334,1.636571909026543,0.8431973764815307,0,1024,0
4B87FBD1-5119-4F64-A8B0-56EA6844A1B4,5068,5,124.75,1,0.07202052091554854,3801,273.75,105,268,395.0,115.92045854061544,204.8257,0.0,22.037023360510464,0.0,144.8767,0.07265742929196506,0.07340345274040129,0,1024,0
BC1A0767-7D63-4966-A45F-C69C2B6720A7,1677,4,152.33333333333334,1,0.21765056648777578,369,80.31305903398926,796,304,451.0,62.50817108643572,318.2505,-7.956126,35.24418245498907,0.0,112.56044,21.058080912021055,0.4673396161333906,0,1024,0
434A719B-8929-42EE-85B0-BCD8390A2FD4,4106,2,0.0,0,0.0,0,0.0,-1,758,452.0,117.58164610491215,542.7101,0.0,29.98101861088856,0.44447150511446665,156.0,8.944588462989088,0.013745295486742842,0,1024,0
60D4B1B4-1E0D-4236-AC69-F3AE586A8F1D,6182,3,292.0,2,0.11808476221287609,385,22.731316725978647,80,171,84.0,18.465092949998304,66.12852,0.0,8.042687548700284,0.0,26.54271,3.3409499340603404,0.0724232947283097,0,1024,0
9F376D6D-F527-405E-BA33-CC75D29896CA,12711,1,0.0,1,0.028715285972779482,35,1.005035009047282,781,756,313.0,36.88754259006975,144.0,0.0,26.93864906995741,0.0,82.0,-19.704440738217897,-0.008873466317303663,0,1024,0
A813927B-ADCC-4F53-9034-AF9AC78B3F6B,784,4,114.0,1,0.4655612244897959,13,6.052295918367347,631,411,753.0,136.5503161305055,402.6877,-1.182,52.39757708150695,0.0,187.2943,23.717621711315502,0.2755449817688649,0,851,0
4EBE1ECE-606C-46A0-B2F9-989FA0DA81E7,4359,3,373.0,1,0.08373480155999082,71,5.945170910759348,5,6,451.0,88.95034410208697,290.6211,0.0,19.6832495066401,0.0,115.0,2.768097255937718,0.2648791231655633,0,1024,0
EF9F8FC6-EF23-4520-80A2-DF7A9EA82C2E,2851,3,101.5,1,0.12802525429673797,17,2.1764293230445455,423,547,301.0,39.255245656126775,106.5778,0.0,17.0357387939056,0.0,59.80023599999999,-2.6653016651545514,0.06721520324608113,0,1024,0
20A69E41-B138-45F4-B805-694EF0C43A87,3855,4,236.0,4,0.3787289234760052,345,32.66536964980545,199,99,452.0,27.45854720167823,122.3371,0.0005835696,21.670612701288622,0.0,55.110479999999995,15.202360493383509,-0.08650689371794726,0,1024,0
9664692D-2042-40DC-A05E-28893CF7D0BF,4073,4,108.66666666666667,3,0.26884360422293146,305,27.332433095998034,222,416,734.0,143.05929032161086,347.4693,-13.0108,68.92282041965113,0.0,226.51074,53.73708452329652,0.5525553525645078,0,1024,0
B5436533-5880-4038-9A64-C2BA7CAEA666,4431,6,117.0,1,0.08237418190024824,11,0.9061160009027307,208,149,314.0,29.31611805867012,159.0,-4.015089,19.75596087281594,0.0,58.0,-9.85284645373185,-0.02024198232065308,0,1024,0
943FD77E-B890-494F-9B86-8E962BC85129,890,2,0.0,4,1.6404494382022472,660,270.6741573033708,199,727,151.0,8.180869081767371,24.73297,0.0,3.6834210794447704,0.0,11.94305,1.8809053338190491,0.0203539705500816,0,1024,0
72A308E8-6508-453F-80F6-000D170432F1,12711,5,174.5,2,0.057430571945558964,15,0.4307292895916922,392,27,472.0,138.1640694023469,389.5379,-32.87768,87.22877411807241,0.0,237.82442,-13.16188558282532,-1.1296421720082048,0,1024,0
CCA0AF18-F42A-4AE2-A993-8AEB1B02DAE5,12711,4,136.66666666666666,1,0.028715285972779482,40,1.1486114389111792,190,309,264.0,99.24432552111077,204.5,0.0,32.620091401334676,0.0,140.8,-6.397111014397822,0.02491062567426482,0,1024,0
C852126A-A2BE-436B-B7D3-A12C44115ABD,5240,3,0.5,3,0.20896946564885496,17,1.1841603053435115,30,715,489.0,96.78981944352007,542.9,0.0,20.810987172544245,0.3482824427480916,123.0,5.203621914504623,0.12879945169261656,0,1024,0
10C57184-042F-41C2-8FD4-8127F55287E7,5044,9,86.125,2,0.14472640761300554,17,1.230174464710547,286,16,870.0,200.8060976593309,433.2058,-19.4625,48.47586338471426,0.0,259.8602599999999,-1.5242036573864652,0.1670515284416214,0,1024,0
8A5D8DB0-38BE-402C-BBB2-249372283E4D,7241,1,0.0,0,0.0,0,0.0,-1,706,450.0,109.83813456301317,201.17,0.0,23.728147892869007,0.0,140.17,24.865917906122604,-0.0029368143302028332,0,1024,0
A72BD56D-7FA5-4317-AB3A-A394D5404236,8162,6,126.2,1,0.044719431511884344,376,16.814506248468515,413,165,803.0,75.27200654064261,463.7369,0.0,55.93353134211747,0.0,122.2134,31.590348947783312,0.1519603745883307,0,1024,1
B9EA2DFA-D4D1-4A7B-AE67-B016338A08AA,12711,4,51.0,0,0.0,0,0.0,-1,551,452.0,109.97526131574837,318.6141,0.0,73.15240861712215,0.0,188.9711,29.013548672677572,0.16393917424806648,0,1024,0
6BA3AF5F-A1DB-4453-B0FF-436B72B71550,12711,2,0.0,0,0.0,0,0.0,-1,703,392.0,112.77012194945466,185.6867,0.0,18.211967652018657,0.0,136.57754,6.1633668861934865,0.019480816067140833,0,1024,0
49C016C3-520D-4853-8EF2-81B177ED8825,1464,3,108.5,2,0.4986338797814207,454,113.1898907103825,795,476,301.0,97.57636316502204,224.8,0.0,23.31815918911119,0.0,131.00628,-4.076807426596105,-0.3087440935055879,0,1024,0
3D5714B3-E512-47CC-A8C0-C849047C9878,8337,2,91.0,3,0.13134220942785174,184,8.055655511574907,282,589,100.0,38.1815616687267,57.9,0.0,6.226524667368025,0.0,46.3,-0.0016619773686770145,0.03014787490907597,0,1024,0
8F6E3CDE-8753-48A8-82A2-F3C9DA2C96BF,12711,4,51.0,5,0.1435764298638974,330,9.47604437101723,384,525,264.0,88.55599485347747,241.8,-794.5035,35.852021768369994,0.0,139.8,21.518217617201557,-0.07024608454758778,0,1024,0
67E58C5A-8E95-41B8-92F3-E6B672032201,1662,4,110.66666666666667,2,0.43922984356197353,449,98.60709987966307,678,341,831.0,358.2093534101204,18909180.0,0.0,69688.43010794472,0.43922984356197353,125.43784,-264.7589327125895,-0.3174614234485878,1,1024,0
EC098375-B938-4880-A7C8-4EB8C297FC03,12711,4,94.66666666666667,1,0.028715285972779482,165,4.738022185508615,796,385,269.0,87.40317644026703,183.3543,0.0,20.436223388488134,0.0,116.03306,-6.2059124101744345,0.023573960631208996,0,1024,0
DBBA78B9-5F4F-4381-9883-AA275249DB94,8348,12,49.45454545454545,7,0.30606133205558217,931,40.706157163392426,83,102,301.0,64.38208048109638,542.6331,0.0,15.976137031832211,0.21861523718255868,87.0,-2.9499045551704555,0.06779832215219832,0,1024,0
31301640-2226-41DC-B1A9-EBC5A4DE58B5,9415,3,216.5,2,0.07753584705257568,41,1.5894848645778015,126,217,188.0,21.633269268643843,69.0,-53.0,8.305296222688279,0.0,32.0,-6.494689021730263,-0.015104288138011904,0,1024,0
CE399C1D-9475-42B2-A10B-6D1B2FEAF527,2906,6,122.0,17,2.135237439779766,1382,173.58224363386097,188,307,188.0,-20.269472383138535,0.0,-61.5,9.11317012032493,0.0,0.0,20.269472383138535,0.0,0,1024,0
0362A7F3-A940-436C-88B4-9AE1E666EBC0,12711,3,114.5,0,0.0,0,0.0,-1,550,119.0,15.660402779004665,149.76,0.0,21.585032627325063,0.057430571945558964,50.303999999999654,-15.660402779004665,0.0,0,1024,0
40A5B8E3-4F46-4245-9A30-23AF39FB3B4F,8659,4,194.66666666666666,0,0.0,0,0.0,-1,57,693.0,178.56909071532866,366.0,0.0,80.80960966258269,0.0,267.0,12.672575951338018,0.3102303439380431,0,1024,0
5EB18AA2-19DE-47F3-8B9F-24DD3BE012E5,5945,3,243.0,1,0.06139613120269134,329,20.19932716568545,796,143,133.0,42.856460670751865,99.94489,0.0,13.422527383729966,0.0,60.10322999999999,2.3778027908993735,0.06531929195284084,0,1024,0
7557F0E7-2BAE-4289-8899-242ED9B3EE10,10472,6,126.4,0,0.0,0,0.0,-1,170,407.0,46.67531345284241,398.3401,0.0,32.93905939731486,0.0,92.038882,-14.258630929246735,-0.2452739831082104,0,1024,0
0546D5F3-6EF7-482D-9386-567CB1639566,5502,1,0.0,6,0.3980370774263904,281,18.641403126135952,537,623,188.0,28.830281919760676,319.0,0.0,12.192254525654981,0.4643765903307888,46.0,2.120335364189941,-0.03157500011435614,0,1024,0
C1509DEB-8344-42FD-91B5-65E8E93FC165,12711,4,199.66666666666666,3,0.08614585791833844,68,1.9526394461490049,87,21,489.0,125.2831899376517,303.9775,0.0,38.13122874437506,0.0,174.34346,-13.225712964302929,0.7906838550884495,0,1024,0
254BFB28-EF86-46B8-81C3-3DCB0782773E,785,3,39.5,2,0.929936305732484,1194,555.171974522293,528,618,450.0,76.56561181502519,270.45,0.0,41.82093096345365,0.0,128.05,9.099837259048883,0.23744285874334842,0,907,0
0C8A89C0-AFD8-4542-A1C7-AC4198C5ED37,2828,3,230.0,1,0.12906647807637908,182,23.49009900990099,355,149,777.0,217.87841629839656,748.2,0.0,43.931292122977645,0.0,272.2549,40.8460570503689,-0.0848508979506126,0,1024,0
1D0139A9-546B-4410-98A5-EF44AE53DBA1,5050,1,0.0,0,0.0,0,0.0,-1,609,489.0,115.67614280766331,227.0,0.0,28.952745560724615,0.0,154.0,10.04785410591694,0.0834151335554684,0,1024,0
92AAE5D8-79F8-4413-94A3-33A7894130B8,12711,5,134.75,4,0.11486114389111793,1130,32.44827314924081,146,47,663.0,174.72038418121932,694.3537,-1.411111,82.43707529037846,0.057430571945558964,238.0938999999997,-76.68946124989216,-2.6512166457480997,0,1024,0
462C0070-90D1-47B8-B17B-FE1F0836461E,12711,2,342.0,4,0.11486114389111793,1302,37.38730233655888,334,586,1370.0,436.59659544846414,807.96,0.0,123.20112635974778,0.0,612.12,-82.30328140525427,1.1154834633216562,0,1024,0
AC52B34B-D800-4D88-A136-D15385665CA3,12711,3,227.5,4,0.11486114389111793,91,2.6130910235229328,329,385,104.0,18.545998901030238,352.9,0.0,6.699486937501678,0.057430571945558964,26.1,-14.125358464764805,-0.2106272095351439,0,1024,0
5FB23539-F40F-467E-81AF-3F9848C0F79B,4088,2,126.0,0,0.0,0,0.0,-1,575,1247.0,289.32230180013175,686.6897,-3.53,109.8109651984775,0.0,428.08106,205.97456415665835,-0.42579688761350226,0,1024,0
0C817BA4-271B-4C0C-A9A6-EF78579AD9BD,12711,4,19.666666666666668,2,0.057430571945558964,713,20.47399889859177,574,517,452.0,115.96792987293459,464.44,0.0,43.57182364209267,0.11486114389111793,174.15,18.254030003608634,0.3155066423379933,0,1024,0
7AB02050-BE16-4E86-99CF-7FBFB7D8400E,2877,2,0.0,2,0.25373653110879385,284,36.03058741744873,767,570,151.0,35.95778940419839,234.2568,-35.45,10.91165037419546,0.3806047966631908,51.0,-4.659486935062585,-0.10307582554776956,0,1024,0
B52D06BF-8FE9-476B-AC66-5502470254A9,12711,4,9.0,0,0.0,0,0.0,-1,540,282.0,31.0267333120539,97.0,-44.7,11.080387864403574,0.0,44.0,0.0343006385633835,-0.10084012429521433,0,1024,0
2162DBD3-BC3F-4F28-9CB6-9FC2E4B5DE8E,711,1,0.0,0,0.0,0,0.0,-1,560,678.0,44.73628521692372,162.9295,0.0,30.39910957050025,0.0,87.89749400000007,0.15420504904849963,-0.3042663031664868,0,760,0
5F318A4F-B8BB-4B45-B26A-D75B9C8E4051,7689,5,19.5,2,0.09494082455455846,279,13.244245025360906,575,559,251.0,59.86668004685325,514.0,0.0,40.08366532469642,0.23735206138639617,118.8,39.98943106433502,0.9450185550976833,0,1024,0
2392ED53-E2AE-4D43-BE95-A9067BBB0D6B,6463,1,0.0,0,0.0,0,0.0,-1,550,269.0,90.62557529284807,187.9434,0.0,18.046920059828366,0.0,117.35566,-12.148656140070287,0.15495117681646547,0,1024,1
6545E4B5-126B-4F8B-99D1-D6A633A02B45,12711,5,35.75,4,0.11486114389111793,340,9.763197230745023,22,403,488.0,149.56037481239008,536.87,0.0,39.98131732576177,0.1435764298638974,203.97,-36.12270814572342,0.10730503422908827,0,1024,1
E88FEECA-C31D-40F6-9CFA-EAC22B9C9885,12711,3,41.5,1,0.028715285972779482,4,0.11486114389111793,595,546,188.0,30.175248358200847,138.785,0.0,15.167028975686764,0.0,50.0,-5.015140333509489,-0.0704640604921779,0,1024,0
1FCA5E9B-62A4-4670-B189-9121A55174CF,3385,5,52.25,2,0.21565731166912852,417,44.9645494830133,62,336,416.0,33.26429254809945,192.8626,0.0,15.837994015380632,0.0,47.78780799999998,1.2316276123943766,0.027825832909151593,0,1024,0
B2F5EE12-7D0C-449F-9C00-3B0C09AE260F,2193,2,9.0,5,0.8321933424532604,319,53.09393524851801,375,543,489.0,87.74691737107824,311.1475,0.0,52.16728154904589,0.0,158.47639999999998,20.63760010002514,0.5422363685362088,0,1024,1
6B97EC58-3A8F-4853-B9E5-0FC6D32CB782,12711,3,0.5,0,0.0,0,0.0,-1,542,523.0,80.07966110390704,321.6244,0.0,48.870787472656424,0.0,156.8899,5.221024524950977,-0.028031373088552202,0,1024,0
954A1AEE-2A12-4D99-A1B2-A583D6155930,2797,4,11.666666666666666,0,0.0,0,0.0,-1,504,151.0,18.224279232181978,41.92131,0.0,3.756318495100757,0.0,22.98444,2.0260178020772805,0.06191030930394374,0,1024,1
D3573AEA-0C75-456D-962E-55892348EF0E,7826,3,302.5,1,0.046639407104523384,132,6.156401737797086,650,67,955.0,151.33683015416275,1201.875,0.0,64.99013569505752,0.046639407104523384,231.8713,-30.099070635644225,0.22956858909868266,0,1024,0
E92FEBC9-D26C-4814-8C7B-F0EB7E2E0D38,9705,3,216.0,2,0.07521895929933024,70,2.6326635754765584,502,105,141.0,39.47082125951633,114.5508,0.0,17.26069401815075,0.0,59.57,-6.261121413837309,0.10498285968086563,0,1024,0
4870D3E9-B523-4119-BD26-273283DF0939,7451,8,101.71428571428571,2,0.09797342638572003,159,7.788887397664742,2,46,1382.0,279.0528425201872,867.24,-70.27345,132.33726423710314,0.0,467.61,-63.16735795228598,1.2632265048724147,0,1024,0
508E3286-B2CC-4151-8711-C32B9E97B6C5,6706,2,7.0,4,0.2177154786758127,693,37.719206680584556,221,525,803.0,241.1525879183739,401.5503,0.0,53.878032048663165,0.0,307.9834,8.53805783779896,-0.07138432105268039,0,1024,0
0C337E90-C8DF-451D-A9F3-1447F9B49CE6,12711,1,0.0,1,0.028715285972779482,44,1.2634725828022972,756,523,792.0,220.10086310756756,449.67,0.0,57.565052215532354,0.0,297.43399999999997,-48.72671495941941,0.5250014359338786,0,1024,0
72E185DB-B9FE-4BEB-98BF-8950E5072BB4,12711,3,149.0,1,0.028715285972779482,181,5.197466761073086,562,221,266.0,92.80672672760734,160.8,0.0,18.560047647498276,0.0,120.2,-11.794689690570308,0.16477113086656586,0,1024,0
0C530106-0EB3-4B06-97F8-B0FBA94809EE,12711,2,45.0,1,0.028715285972779482,114,3.273542600896861,796,474,395.0,68.92502259733645,365.0,-29.58497,66.75636924694709,0.0,148.0,-68.92502259733645,0.0,0,1024,0
4E2C99F6-2E9A-4949-B7B2-C7C9CCF45E6D,4289,2,75.0,4,0.3404056889717883,609,51.826766145954764,239,442,452.0,133.74384997093162,267.6082,0.06163254,40.34011928032677,0.0,189.01816,-33.64404806969705,0.1058709178189808,0,1024,0
9D4BD847-8AA1-4705-A90E-3D053ECC8A01,2145,2,244.0,1,0.17016317016317017,42,7.146853146853147,756,273,497.0,75.75281873314907,235.7,0.0,26.575730167278518,0.0,110.0,0.04378620512252951,-0.15920369684422592,0,1024,0
E0D4FC66-F84A-4835-94CD-B0FA8144AF12,5010,4,241.66666666666666,7,0.5099800399201596,376,27.39321357285429,18,36,264.0,85.318368385108,209.0,0.0,35.92664854261418,0.0,136.0,21.13919398765435,-0.06490662143045259,0,1024,0
FED49662-EC92-43C7-B43C-5500FD9ACAE1,12711,6,70.6,1,0.028715285972779482,202,5.800487766501456,561,186,266.0,92.92894868893762,161.4,0.0,18.636250439138113,0.0,120.3,-11.712744985233925,0.16476563178803108,0,1024,0
952239C5-D3DA-4BC9-BD6F-215E81E4EBB5,10241,1,0.0,5,0.17820525339322332,991,35.32028122253686,106,514,188.0,37.189396329908675,129.6142,-19.60703,13.177048450555734,0.0,53.882802,-3.5745918256648466,-0.006663985311834515,0,1024,0
E4620871-1E6B-4F9B-A1AD-BA312DA2991A,8354,1,0.0,0,0.0,0,0.0,-1,514,251.0,52.7278860312604,117.9296,0.0,13.197958090381226,0.0,68.71846599999999,-9.978846777711013,-0.09041737864109839,0,1024,1
E020129A-E1B9-4C74-A2BA-9A2EAC5E43D8,3164,5,107.0,0,0.0,0,0.0,-1,152,887.0,158.4533653288692,2048.0,0.0,47.983003239752406,0.11536030341340077,222.48083999999997,-27.68009439522723,0.22325364418206398,0,1024,0
184A220E-3158-4A4A-B9FB-6B022D7A2CBD,8956,3,203.0,9,0.36679321125502456,610,24.860428762840556,475,105,251.0,83.5541043124274,151.4,0.0,24.650014080132884,0.0,113.0,-13.740470052936658,-0.12589797895672114,0,1024,1
FC159190-9B7E-4A2F-9810-EEC819F428E7,650,12,41.0,12,6.7384615384615385,4518,2537.0307692307692,87,57,301.0,54.62722282407408,200.1293,0.0,18.666653300342123,0.0,71.45917,8.157717714506163,0.08809636929564715,0,697,0
B0D8707A-E15A-4F2A-84EF-950F34F3804D,6154,3,235.0,0,0.0,0,0.0,-1,38,400.0,149.2769835718215,301.2,0.0,38.99909301823204,0.0,200.0,-18.370563818735064,0.08754871429015831,0,1024,0
0FBE9D7E-E88D-4F40-823B-DCC3D84E8186,1952,5,119.5,2,0.37397540983606553,287,53.66547131147541,514,457,1662.0,349.0327139962104,945.0,-29.97876,118.50931297599593,0.0,491.0,27.82600513959204,-0.9402442802727837,0,1024,0
93CC4229-77D3-4EE6-A427-EB8D046F43DA,4454,4,155.0,2,0.163897620116749,97,7.949034575662326,302,35,804.0,188.86427420049304,1674.656,0.0,33.40008549752616,0.40974405029187244,232.5,-7.162306607900462,0.08834209641776476,0,1024,0
70B7AC8B-8E82-463C-9CBC-C4ABAB197FFA,5439,9,54.125,3,0.20132377275234417,251,16.84408898694613,693,98,535.0,173.63223009796735,376.5974,0.0,35.513864126311006,0.0,216.7737,19.525793755427713,0.2343459085241965,0,1024,0
59DCC837-2368-4FBA-98B4-D225B684101E,672,3,157.0,1,0.5431547619047619,51,27.700892857142858,11,181,542.0,46.17739718003094,186.0661,-13.67728,32.660352620519035,0.0,91.38252,2.7437470763733813,-0.0009988779465131678,0,724,0
209EB4C0-E63E-478E-A305-E8F3B77F307B,1697,4,52.666666666666664,2,0.4301708898055392,143,30.757218621096055,372,334,472.0,43.509436248181636,251.8151,0.0,27.70868670660611,0.0,83.14031599999997,1.0036121354603367,0.20352135964553195,0,1024,0
561A0161-97F0-46AA-AC51-EDD6468D88CD,12711,4,107.66666666666667,2,0.057430571945558964,20,0.5743057194555896,464,164,306.0,60.853963062645064,150.0977,0.0,19.086263443833264,0.0,82.32422,-4.873376093123468,-0.06588203003891753,0,1024,0
90E5D015-459C-4F18-AA9F-F1DA845ABA9C,12711,1,0.0,3,0.08614585791833844,194,5.57076547871922,169,486,792.0,224.62309710893936,440.72,0.0,58.99606050125389,0.0,304.45399999999995,-62.407026121285014,-0.1902107141715532,0,1024,0
4E122FE7-704A-452D-9967-877E01CD93E6,12711,4,153.33333333333334,0,0.0,0,0.0,-1,18,432.0,114.39247310709219,205.7,0.0,23.06839697227718,0.0,143.66,2.2132066768584338,-0.4628885179012899,0,1024,0
BD1E5AE5-A8F9-4859-95B6-CF29DB31498B,5061,2,17.0,1,0.07212013436079827,10,0.7212013436079826,160,479,313.0,40.74972826364748,171.0,0.0,15.408435627863378,0.0,60.44274399999997,-2.8957930784622903,-0.1069227225126522,0,1024,1
56A6E8B4-5CB0-4FC6-941E-80CF6B752D5B,1681,2,1.0,2,0.43426531826293874,433,94.01844140392623,795,476,831.0,37.72868483263835,482.3438,0.0,21.981170905416988,0.0,66.440636,6.865006832840052,-0.1977571840600536,0,1024,0
388C3696-9A66-4D81-B6DF-71463D42FC58,12711,4,167.33333333333334,2,0.057430571945558964,194,5.57076547871922,490,222,798.0,212.01303252358284,556.0,0.0,67.224067679111,0.0,301.0,-16.52468375815073,0.2113998413153897,0,1024,0
8279B13B-B969-4823-9B7F-4062A583A5B6,8421,3,225.0,0,0.0,0,0.0,-1,468,251.0,124.77623291428688,203.04,0.0,22.5430226641603,0.0,152.16,1.9870455039229995,0.1654430651108049,0,1024,1
4F43BEE4-EE32-4363-BECE-ADB0CDC9381E,6490,4,65.0,1,0.05624036979969184,21,1.1810477657935285,318,435,269.0,58.767446578803636,205.6556,0.0,22.03941627629086,0.0,86.62131799999999,-1.2975360755628955,0.18832654909026142,0,1024,0
C8CE04A2-2920-4BDB-BB04-646C1768EDC8,1240,1,0.0,1,0.29435483870967744,70,20.60483870967742,796,460,1039.0,244.98525262107884,653.0061,-46.3125,45.650365116255415,0.0,301.68368,32.36309653787177,0.35094186086620127,0,1024,0
DDBD0F06-A031-441A-B893-77B34ABBEA40,4042,3,79.0,2,0.1806036615536863,106,9.571994062345373,431,396,624.0,149.23871484262497,473.9,-6.620637,85.65107168525886,0.0,268.6,-4.11075187966199,-0.23343546071089127,0,1024,0
CA49E920-2F97-4BE1-B8D7-661D1DF2BD22,8348,3,66.5,2,0.08744609487302347,283,12.37362242453282,779,323,301.0,58.13894680560554,213.8,0.0,23.596016352204863,0.0,88.3,-4.980675194803069,0.05675035319661741,0,1024,1
6834BFCB-B69B-4C1D-91F8-7927ED064E29,12711,5,69.0,5,0.1435764298638974,358,10.280072378255054,175,213,100.0,23.54120640365509,52.0,0.0,7.419481368331964,0.0,32.0,2.0237170552955313,0.0961784531281663,0,1024,0
3F8B8808-332F-42CC-95C5-5E25C2CC3B0C,4795,3,58.5,1,0.07612095933263817,13,0.9895724713242962,70,455,377.0,105.6740871756708,233.38,0.0,38.73415662329527,0.0,147.68733999999998,-16.46864346417388,-0.09545174812554416,0,1024,0
5C5A7F54-7A76-4786-A969-B33B6066F4C0,10243,4,65.33333333333333,1,0.03563409157473397,449,15.99970711705555,384,455,489.0,111.04305955299598,286.0,-30.7,50.26987778437799,0.0,179.0,-9.021531775218207,0.22527684030484466,0,1024,0
DB74109B-2CDA-4D4C-86CD-252E49F1C0E1,8986,5,145.0,1,0.04061874026263076,144,5.84909859781883,796,412,811.0,433.36345707090805,939.3906,0.0,33.72106393722001,0.12185622078789228,473.1488,10.282538314894452,0.23625285234076152,0,1024,0
8851D927-6303-4FAE-992B-A1231C700070,5156,2,44.0,1,0.07079131109387123,100,7.079131109387122,98,409,400.0,138.34721417357912,3052.211,0.0,34.24273824089165,0.07079131109387123,177.82539999999997,-9.796014404288968,-0.20943537986927682,0,1024,0
A71477A6-16AD-4759-8D98-7AB56DC5AB7D,12711,5,103.75,0,0.0,0,0.0,-1,36,269.0,119.83709557043605,195.36,-2.8,22.363476377779644,0.0,146.64,-3.2703170202817233,0.22679797867181978,0,1024,0
E808587E-D5AA-4244-A5AF-DB648578235D,9674,4,82.33333333333333,2,0.0754599958652057,143,5.395389704362207,122,196,538.0,94.45444251660138,238.8672,0.0,25.896067782639662,0.0,128.4668,-7.151642025860625,0.043520666021783755,0,1024,1
D84B2D7C-8B4D-46BC-8D7F-CB05FA4D42A5,12711,3,154.5,0,0.0,0,0.0,-1,136,452.0,43.104514370343715,351.9877,0.0,34.539224131231826,0.0,88.62601,22.602305821785926,-0.20008070992825264,0,1024,0
46FFA32E-6E7B-4C98-BCA8-18F18C7FFDCE,1818,2,0.0,1,0.20077007700770078,321,64.44719471947194,796,434,301.0,74.91088260008014,237.13,0.0,26.894841128301447,0.0,112.50213999999998,-4.875807215743706,0.02303164385565511,0,1024,1
046598F9-2198-432A-A014-F6A1E74A2D50,12711,10,67.22222222222223,1,0.028715285972779482,136,3.9052788922980097,413,84,800.0,222.43211296089615,544.3234,-20.1731,58.35767566045323,0.0,295.6238,4.492274610091499,0.07212526452490028,0,1024,1
3CE7605A-49CF-4E96-823B-2EBF42078853,4176,6,124.0,1,0.08740421455938698,110,9.614463601532568,316,78,554.0,214.99344692930924,358.0,0.0,43.00828381437917,0.0,272.0,-0.5238481638771475,0.452949838342912,0,1024,0
A873313E-28D4-427B-A9D7-CDAAFE189971,4366,2,1.0,1,0.08360054970224462,2,0.16720109940448924,66,423,554.0,122.47447892508508,345.5042,0.0,51.233908246106836,0.0,188.92598,-33.85838118820236,0.12416527617770526,0,1024,0
3CC4911B-5570-49E4-AEBF-9FBC2337558A,522,1,0.0,1,0.6992337164750958,22,15.383141762452109,392,422,1039.0,47.739753343920185,528.8867,-60.60374,44.813553134249425,0.0,108.58,29.876063014104503,0.021558853859343138,0,760,0
9F8173AB-DFC6-4848-ABCA-5223A11E46C2,483,2,76.0,3,2.267080745341615,255,192.70186335403727,122,344,452.0,17.80670935439876,99.71751,0.0,24.467712110928275,0.0,56.51675000000002,28.957496987422235,-0.048231327704542,0,557,0
7EDB4110-47B4-4ECA-96CF-ECBE373A28CA,592,3,180.0,0,0.0,0,0.0,-1,74,1247.0,269.1391147323293,630.3384,0.0,155.2809712557477,0.0,465.52864,42.71440786797933,0.4405482198759751,0,623,1
7D54DBF2-7A13-4C9B-BC1B-04FB690E46EA,6236,4,27.666666666666668,9,0.5267799871712636,1351,79.07552918537525,175,322,136.0,44.7505575440165,104.2,-0.4879012,17.984548728292932,0.0,64.60001,3.8457275428662143,0.08091464203726821,0,1024,0
0F17F090-0884-4740-829A-4C37996ECB61,1677,3,178.0,1,0.21765056648777578,361,78.57185450208705,796,406,451.0,61.53306331745903,324.3729,0.0,34.1761086693594,0.0,112.00769999999997,21.802678103837273,0.4683901538380895,0,1024,0
EE138E80-2ED9-43EB-B510-7187B7935211,4102,2,0.0,1,0.08898098488542174,235,20.91053144807411,784,406,452.0,142.02214666852296,377.0,0.0,67.37399581519684,0.0,228.0,-18.112810248769875,0.18006526868875186,0,1024,0
C478FDFE-420B-4816-85D1-60C7F6D63E6C,1733,3,61.5,4,0.8424697057126371,197,41.49163300634738,943,406,1247.0,288.77908894132986,686.0895,0.0,110.20624281203584,0.0,428.40427999999997,207.42173509416403,-0.45327412476098283,0,1024,0
1A4B99DC-E3DB-470A-9044-B8C7FF877052,434,2,131.0,2,1.6820276497695852,264,222.02764976958525,409,269,887.0,108.2182258808541,555.55,0.0,68.4965404440243,0.0,196.49810999999997,-29.62919858895596,-0.48097767295063376,0,509,0
41ED13D4-3691-4CE6-9987-E93FB75246C9,2725,4,97.33333333333333,1,0.13394495412844037,500,66.97247706422019,796,322,1247.0,323.04715658856475,782.1739,-15.3,187.83285243758954,0.0,586.52066,-10.202219841651186,0.41977595624031516,0,1024,1
2BFC78EB-D465-421A-804C-F758F59776B7,12711,7,60.666666666666664,0,0.0,0,0.0,-1,29,499.0,69.45998051050276,191.3086,-16.47943,23.68357061243656,0.0,99.31641,13.772578353694769,0.28216540549237745,0,1024,0
EEBB029A-143F-46FC-B3BE-BABBF68CF3C0,6880,7,82.0,0,0.0,0,0.0,-1,34,407.0,141.123973586124,312.7041,0.0,47.43321817302013,0.0,200.0903,-53.20812784924129,-0.9079182623478976,0,1024,0
3A2DF9C0-4CA5-4BB0-8F69-41E306415434,4774,3,123.5,1,0.07645580226225387,292,22.32509426057813,691,140,554.0,211.18959360801918,387.4,0.0,41.67464195455285,0.0,267.1,0.3285236759314216,0.3909225075796274,0,1024,0
2F0B4580-9C56-40B9-A79E-011AA226D402,2786,15,39.642857142857146,6,0.786073223259153,467,61.182699210337404,223,196,160.0,50.270544340353275,152.757,-14.57095,20.597939864022923,0.0,79.05036,13.932195464430684,0.19214391906688652,0,1024,0
0B12EC05-9178-47BE-B0DB-5F6AD150B22C,12711,3,210.0,2,0.057430571945558964,164,4.709306899535835,741,79,450.0,148.76817069278152,414.75,0.0,40.18971528277496,0.0,202.25,-24.403600476732137,0.147159183461032,0,1024,0
A805F55E-8340-4A1B-B342-62A243DE1527,1301,1,0.0,0,0.0,0,0.0,-1,376,887.0,91.64319656142402,208.9132,-208.88,26.929269278097056,0.0,129.30715999999998,9.030489938575968,-0.17241452458475995,0,1024,0
870EFCB6-0506-4C36-900B-58B90AE08897,2721,2,0.0,6,0.804851157662624,517,69.3513414185961,359,371,301.0,49.91851353195651,144.8135,0.0,12.199169522850545,0.0,65.99808,15.190861911716333,-0.050150899056531716,0,1024,0
E1656FE3-DAA7-41A4-B529-23A70618047A,2800,3,129.5,1,0.13035714285714287,9,1.1732142857142858,399,112,748.0,93.44509508323429,404.8377,0.0,36.381453895548496,0.0,138.101,31.45108773621014,0.2420055273032128,0,1024,1
AFA767E0-ADC2-47E6-8265-041F5856400B,6041,2,1.0,0,0.0,0,0.0,-1,357,653.0,123.91831907640223,397.7569,0.0,82.88965347747131,0.0,226.1755,-0.550244834889881,-0.022910330688521455,0,1024,0
25DA5517-8E5A-4428-AE69-F814D532E82C,12711,3,283.5,1,0.028715285972779482,304,8.729446935724962,796,358,284.0,92.40733732501965,368.901,0.0,49.79175210343161,0.028715285972779482,143.92952,7.913028070813667,-0.56687584279107,0,1024,1
410F273B-56EE-477A-8190-71177633F867,12711,3,39.5,3,0.08614585791833844,58,1.6654865864212098,353,276,295.0,89.2951596976509,187.58,0.0,20.495186191736178,0.0,115.89399999999995,7.904510827040454,-0.024791476885674398,0,1024,0
587FA9B5-D4C9-4DB1-A1E7-DB3CB5771DAB,3967,2,1.0,0,0.0,0,0.0,-1,353,301.0,37.46357469761693,532.4835,-27.9,20.89727960341894,0.09200907486765818,64.5,-8.750380253172484,-0.029666556913776464,0,1024,0
9D1143F3-C71B-4BE6-A967-39B81623748A,12711,2,0.0,0,0.0,0,0.0,-1,353,239.0,50.57630166529708,536.0,0.0,30.292559591092484,0.17229171583667688,90.0,24.406645865567114,0.3099475586834574,0,1024,0
5686885C-CDF1-4BBC-8012-0BFB570FFC5C,5096,7,68.33333333333333,3,0.21487441130298274,298,21.34419152276295,654,63,259.0,90.36096469305994,185.0,0.0,16.400188551998422,0.0,112.5,7.99995580848325,0.20061930286423912,0,1024,0
F46EF20A-0F69-4085-B391-71F3B111B8EB,4390,3,193.0,4,0.3325740318906606,346,28.767653758542142,71,331,1665.0,122.82190333162883,695.7676,-15.60709,127.53203734157283,0.0,293.60258,131.33670750824,1.35587930541578,0,1024,0
216DB755-ABE2-42E4-AA82-E1E20F31103F,1842,4,52.666666666666664,1,0.1981541802388708,18,3.5667752442996745,767,329,452.0,74.41121636972571,238.3347,0.0,35.5894282292725,0.0,121.85947999999999,-0.6033507182596622,-0.36630641546513143,0,1024,0
EE323BF7-DFDE-4CF6-9557-60ACB23A6E6C,4080,1,0.0,0,0.0,0,0.0,-1,326,452.0,99.24033678105496,849.87,0.0,22.741702679154415,0.08946078431372549,126.0,-0.7799201143883039,0.14371098626707798,0,1024,0
3E2A058E-FC59-4E75-A86D-E8B1D3EB2EFE,12711,9,77.0,1,0.028715285972779482,175,5.025175045236409,382,31,693.0,195.38814874402874,459.5814,0.0,97.63884685994178,0.0,318.8251,-111.07996250946086,-2.927630332418953,0,1024,0
48A0384D-7E79-4BFA-B8D2-6081AD2F90F9,8517,4,34.666666666666664,2,0.08571093107901843,1321,56.612069977691675,107,316,406.0,92.86300842051111,323.72,-28.68541,31.73758190450629,0.0,134.5147,-13.269813697671609,0.10225312264161325,0,1024,0
8049872E-28FB-42EE-B30F-D5C6EB0017E0,8442,3,87.0,6,0.2594171997157072,116,5.015399194503672,49,140,77.0,30.716707949789743,82.33042,0.006320088,17.298989763144743,1.2106135986733002,56.602112,10.559545303489578,-0.0270961178096979,0,1024,0
BA6B93E6-32D4-4904-BE4D-AB3B5635BEC5,12711,6,83.4,2,0.057430571945558964,163,4.680591613563055,681,176,920.0,172.40680631555963,535.4004,0.0,104.39561293261625,0.0,299.0112,-87.23912672682508,3.5611754179183794,0,1024,0
C6C80C9C-0461-4D1D-B482-AF468A879CAC,4491,2,1.0,4,0.3250946337118682,659,53.559340904030286,199,308,901.0,147.48360381781632,489.2578,1.831055,65.27304827259712,0.0,227.0508,-2.481534874297779,0.6276083105714958,0,1024,0
AE983F2F-0D33-4E8A-B78D-FC2DE082B356,487,4,99.66666666666667,0,0.0,0,0.0,-1,12,1246.0,210.68110926213964,629.2313,0.0,130.56134369739408,0.0,377.75542,44.13264279958875,0.01674029080039862,0,543,0
91FC46BC-EAEC-420E-90E7-8B9EB6FDFB6A,1882,6,63.6,5,0.96971307120085,241,46.74017003188097,378,149,554.0,96.63425780064789,321.0908,-26.95652,57.08890605863123,0.0,179.9216,38.40161867057127,0.15933179173691098,0,1024,0
39792953-EFB1-4EE9-86F6-C318FBFA1550,349,5,28.0,2,2.0916905444126077,97,101.44699140401147,233,189,602.0,180.7606995835073,360.0257,0.0,57.73734665893709,0.0,252.26066,-22.943878882890004,-0.2329132420316433,0,367,0
142AECE8-7660-4809-94E9-B4F2F2C010E9,461,5,82.0,3,2.3752711496746204,51,40.37960954446854,287,98,226.0,24.961902110952348,108.1698,0.0,13.166445337356947,0.0,40.88365399999999,-2.9889443945171656,0.018462157891385705,0,487,0
2330284F-71E7-4FEA-AAEA-073E1C52A071,4491,2,6.0,4,0.3250946337118682,547,44.456691160097975,199,281,901.0,148.141761219889,488.5254,-151.0,64.78106758290957,0.0,227.417,-2.553811096432213,0.6252141297884283,0,1024,0
6F0E2563-148C-4B04-A3E1-F7FDA69F387A,5253,6,42.4,7,0.48638873024938134,141,9.797258709308966,197,66,301.0,98.63233132639304,240.9741,0.008972168,17.06008668433369,0.0,124.4163,16.119532670892752,-0.0499903319482033,0,1024,0
D698C919-8F96-4908-9794-7E94FBC4C880,12711,2,420.0,4,0.11486114389111793,1981,56.88498151207615,696,276,726.0,237.99451557586914,521.68,0.0,72.25907604822126,0.0,334.35,-31.429805699325925,1.717600540533,0,1024,0
7C0FE479-4111-4BB5-8D55-607B41C9B0F3,5570,3,214.5,2,0.1310592459605027,10,0.6552962298025135,268,269,450.0,116.30241134963701,218.38,0.0,25.770862191372153,0.0,148.7,26.177759175054362,0.01765539241227941,0,1024,0
58682C71-82CE-4105-A731-736CAC1F991D,1806,2,297.0,0,0.0,0,0.0,-1,266,452.0,144.76205040645988,307.5027,0.0,36.08804208474072,0.0,188.17013999999998,-8.377177192725298,-0.04983176364093662,0,1024,0
61D3E1D8-1995-428B-80E4-318ED8513EE0,330,1,0.0,1,1.1060606060606062,10,11.06060606060606,198,256,402.0,20.350392368266895,161.8541,0.0,28.413382559017936,0.0,65.23431000000001,25.669904507890507,-0.17673092389869388,0,760,0
BB5BDBB3-30F0-45A0-90C5-6AD5CACD8AA3,6531,2,247.0,0,0.0,0,0.0,-1,253,188.0,34.88991694248439,119.6,0.0,6.640611859472615,0.0,44.0,-0.9412286708794539,-0.054650722768735345,0,1024,0
9FE556DC-9229-4044-A12D-D158ECD9C8EC,1014,2,10.0,1,0.3599605522682446,4,1.4398422090729783,271,234,250.0,27.220623799194556,84.55215,0.0,9.379788240537275,0.0,39.073555999999996,-2.6113726495032026,-0.029667602696745975,0,1024,0
6036494F-799D-432A-951B-0FD9BCAE3383,6942,2,0.0,0,0.0,0,0.0,-1,238,768.0,97.34576567847903,282.7339,0.0,37.099672744877005,0.0,146.7053,5.898354841891347,-0.11320526524135524,0,1024,0
283B275A-3D7F-4D6F-9327-8752BC9AE288,12711,7,63.0,3,0.08614585791833844,258,7.408543780977106,73,73,706.0,253.13518268134496,493.9087,-0.9,65.57804550113225,0.0,338.635,10.150110412790951,0.1554151417353648,0,1024,0
51EDDA54-2C7E-4CBF-A0A9-01946FB3154F,6942,1,0.0,0,0.0,0,0.0,-1,236,768.0,98.47694178972067,286.2928,0.0,37.39944659223757,0.0,148.287,5.927661602100329,-0.10994678240728249,0,1024,0
51D47ABB-49D8-4264-BF61-141D4150B9FF,5738,5,133.0,2,0.12722202858138723,66,4.198326943185779,164,233,953.0,139.3508615767724,750.6409,0.0,92.67540547152628,0.0,255.0201,36.55673844753318,-2.9438449984186494,0,1024,0
FF43FC19-CB5F-4E57-B4F2-97863D71913A,4425,2,132.0,1,0.08248587570621468,296,24.415819209039547,796,91,490.0,87.98603047518795,200.0,0.0,27.564914169912356,0.0,122.0,0.06937086431823047,0.03643076625135165,0,1024,0
844C1E94-D91C-4693-A425-0673A5E23C9F,3886,3,19.0,1,0.0939269171384457,47,4.414565105506948,212,174,511.0,160.8147060607313,294.4316,0.1511501,35.92339795544666,0.0,206.40975999999998,-15.27997372431156,0.5337437968518023,0,1024,0
5C17EFDE-AC38-42A1-8921-47450C93FC46,4733,3,283.0,0,0.0,0,0.0,-1,203,250.0,34.77492920059492,142.5,0.0,11.857704536337783,0.0,50.0,2.8107189475532266,-0.1418696524034033,0,1024,0
F867B201-9236-4A2E-9E95-E4D3B5D842B9,12711,6,145.4,1,0.028715285972779482,12,0.34458343167335376,178,15,499.0,70.37622566165015,191.1,0.0,24.029804194723457,0.0,101.1,18.04945335069553,0.20284393820903146,0,1024,1
7814E77A-3787-4332-A9BD-C92B5DC2C0B1,5121,7,124.16666666666667,5,0.35637570786955675,109,7.768990431556337,115,116,490.0,105.85015806223558,266.83,-14.72,43.930287929540334,0.0,148.88,11.557201505665645,0.03548363538239914,0,1024,0
18D3BF84-9B53-48D3-B063-F7DFA6FA89ED,12711,3,227.0,3,0.08614585791833844,290,8.32743293210605,418,189,269.0,155.42298648868908,254.4,0.0,31.589395865694257,0.0,194.7,-34.10054821708414,0.2766811060349333,1,1024,0
725409A2-0E3D-4446-987F-EB1FF410D697,12711,7,83.33333333333333,1,0.028715285972779482,17,0.4881598615372512,26,182,803.0,294.315645200853,799.1638,0.0,132.0169443095266,0.0,431.2134,55.35191832460998,1.223234806979203,0,1024,1
39A2C8C4-7F28-47CA-9AA4-8961A6AAA602,4038,1,0.0,1,0.0903912828132739,8,0.7231302625061912,759,173,624.0,63.35304954003137,276.754,-6.019614,36.64274265220815,0.0,110.97148,-24.96352086950668,-0.03983117899047251,0,1024,0
9683C647-7AFE-4F37-B4CB-37BD2E7380EC,6153,1,0.0,2,0.11864131318056234,158,9.372663741264425,195,172,269.0,72.54831174217473,171.7468,0.0,18.23986523972168,0.0,97.8898,9.072340373566007,-0.03247913245241759,0,1024,0
93132377-10BF-46AB-B748-AE3094FFF34C,4767,2,0.0,5,0.3828403608139291,140,10.719530102790014,198,168,294.0,85.82488059043648,536.6702,0.0,33.251798901087945,0.3828403608139291,131.87,-8.719468553399437,0.6780472612073282,0,1024,0
E4DDABB0-5441-4865-8C23-A2516C0A5149,1882,4,6.333333333333333,5,0.96971307120085,150,29.0913921360255,386,149,554.0,104.08558230319123,310.8095,0.0,58.29688182897166,0.0,189.8074,38.89890404758036,0.15605177882841503,0,1024,0
F28238AC-EDF1-4E47-991A-034656708A18,9307,15,42.285714285714285,0,0.0,0,0.0,-1,162,693.0,177.0212575858931,384.6,0.0,44.191515670507336,0.0,229.7,-9.983132585893088,0.1526576154804956,0,1024,0
2246E459-92C8-4031-A2E2-7B0A5D166EAA,12711,4,39.0,1,0.028715285972779482,4,0.11486114389111793,77,42,630.0,29.842532241743463,587.9417,0.0,94.62940503328805,0.0,0.0,271.15388822121946,-1.586524012910039,0,1024,1
36D8819D-C1FE-41D7-8634-80B330BC8E60,12711,9,67.125,0,0.0,0,0.0,-1,150,529.0,71.68900537174274,283.2687,-14.1602,55.063835092534404,0.0,143.1274,14.040901058427025,0.35672480234847304,0,1024,0
4020B8F4-3A21-4DF9-8501-1C464D81E73B,3566,5,117.5,1,0.10235558048233315,173,17.707515423443635,146,40,120.0,31.03771896858408,90.5029,-2.0,8.349391636294605,0.0,43.47953,-2.986476225443649,0.055558531774709256,0,1024,0
AF87F62F-3C03-4D0D-9722-8060B5CB41B3,12711,2,250.0,7,0.20100700180945638,407,11.687121390921249,49,141,77.0,28.81549203595308,80.10583,0.002974187,16.314693577454616,0.057430571945558964,53.219862,9.994380668681178,-0.02597591921478759,0,1024,0
6B7D69EB-3F90-4DB5-B105-55BDEBD0EB6A,8875,2,0.0,5,0.20563380281690138,99,4.0715492957746475,132,133,440.0,273.07253614606753,413.97,-15.57002,82.96023914770298,0.0,343.56,36.99793453294478,-0.5819482537856505,1,1024,0
BD959831-3BDF-418D-AD85-DA021C5F8822,5428,6,61.2,0,0.0,0,0.0,-1,15,490.0,141.23022099431566,802.0,0.0,46.70506470511281,0.06724392041267502,201.43,-5.548688723482343,-0.18113828474437163,0,1024,1
62A73906-3EF3-45D1-9D3C-8606A3D65A90,6321,5,105.0,3,0.17323208353108685,378,21.827242524916944,429,52,269.0,93.93728085672373,533.0723,0.0,33.319964591353255,0.28872013921847806,135.0,-11.750641239439773,0.155385592529642,0,1024,0
5C4DB19D-9BCD-473F-B857-7118091B3580,12711,1,0.0,2,0.057430571945558964,44,1.2634725828022972,767,103,188.0,34.63777131303185,81.0,0.0,10.455967927622908,0.0,49.0,-4.336922547599748,-0.10388588211625203,0,1024,0
543FA16C-1207-4E8C-A1C0-499F0B8A249B,5001,3,38.5,1,0.07298540291941612,58,4.233153369326135,868,24,133.0,37.40630232968142,83.71803,0.0,13.508025243291918,0.0,54.05324799999999,-1.8002313673357406,0.056957887444919905,0,1024,0
59F7DD56-C665-42DE-B997-94823778B39B,4886,6,82.2,3,0.22410970118706508,29,2.166393778141629,937,22,1734.0,462.9425177877309,1165.093,-82.24992,204.991149730493,0.0,754.1778399999998,-142.278839873379,-0.7393821605785768,0,1024,0
702910A0-BA44-4766-AA67-D86F6A3B3F99,7413,4,86.33333333333333,1,0.04923782544179145,249,12.26021853500607,796,91,693.0,52.554412087784456,265.1713,0.0,27.396285896906363,0.0,87.35054,-11.947048826981991,-0.2917003717126086,0,1024,0
76DEF8EC-BC05-45F4-9A17-EE19804E89BC,2679,3,2.0,0,0.0,0,0.0,-1,89,472.0,72.34536727332576,380.5664,0.0,58.39771105719873,0.0,151.2817,37.010203278055414,-0.13612040896618785,0,1024,0
2868313B-49FA-4E25-9459-4D66A1A117E6,4824,2,439.0,1,0.07566334991708126,30,2.2699004975124377,727,82,251.0,96.13741834427186,232.5,0.0,13.03474182425674,0.0,111.93361999999999,-1.8133996705295914,0.10044687807768811,0,1024,0
104A009D-8BA7-4B68-BC2F-F007BF0D7B6D,7399,5,105.0,1,0.04933099067441546,158,7.794296526557643,5,78,820.0,225.74644275632102,652.0,0.0,91.10242017376311,0.0,332.0,-98.16187485508645,3.1217037540071395,0,1024,1
0AC983BF-C77D-463D-A8D8-993E4D5E7C21,3611,3,373.0,2,0.20216006646358348,712,71.96898366103572,328,77,602.0,152.90621206139073,319.9472,0.0,29.879380710961055,0.0,191.75575999999998,15.512734537066052,0.2442082189269675,0,1024,0
51649634-A16E-4323-809B-7E15C362D5BD,12711,11,93.4,0,0.0,0,0.0,-1,67,188.0,0.0,0.0,0.0,0.0,0.0,0.0,0.0,0.0,0,1024,0
7D009E15-757B-4BA5-9B51-239AB1A261F2,12711,1,0.0,0,0.0,0,0.0,-1,57,251.0,83.61437737821483,231.5428,0.0,29.97114639785578,0.0,125.0,-3.6335903411777934,-0.15085914813451543,0,1024,0
DFFDD77E-1474-4BCF-8ADD-E88ABCAE0D13,2224,3,0.5,0,0.0,0,0.0,-1,53,452.0,92.59072986206849,375.0,-16.6,23.220455294220876,0.0,123.0,8.060890508301881,0.07769975031201838,0,1024,0
E22F25BB-34C0-4A1C-A7F8-E2B037338F14,1710,2,241.0,4,0.8538011695906432,289,61.687134502923975,378,55,1246.0,373.2367139701658,830.7,0.0,116.30228124585776,0.0,536.8,48.41340948662429,-0.5902762343777921,0,1024,0
B661AA1C-BEA1-47C2-96FF-01C42B0F6063,6118,4,178.33333333333334,3,0.17898005884275905,674,40.210853220006534,92,53,129.0,36.01785213970267,147.53,0.0,8.343944936975914,0.2983000980712651,47.00036599999999,6.187598550636835,0.09267606153394353,0,1024,0
B49E420D-017F-45B2-AD09-690BB04224C5,2393,3,325.5,3,0.4575846218136231,360,54.91015461763477,322,42,251.0,71.14943964499311,171.8945,-34.22894,26.177016096175176,0.0,105.43158,-3.4762349534421872,0.17459418053319886,0,1024,0
0D73717F-9B64-45D8-9390-42A477B75B22,2932,4,88.0,2,0.24897680763983632,78,9.710095497953615,719,39,473.0,102.2286288651042,360.5347,-43.45978,31.997865515205476,0.0,143.9209,4.8450210068093895,0.6686734869187481,0,1024,0
195D4A28-7382-4A32-9F2B-BDDC68B010A1,10264,4,59.333333333333336,1,0.03556118472330475,27,0.9601519875292284,261,23,318.0,105.09701092616488,206.9336,0.0,39.19679506607371,0.0,156.25,-26.24845709205995,0.05852899052024741,0,1024,0
5CB79D86-032A-42DA-AF90-0E1332BA04C4,4768,2,1.0,1,0.0765520134228188,834,63.844379194630875,451,28,450.0,109.3259566863841,201.0,-10.85,23.04419655536761,0.0,141.0,3.4689507210233046,0.13142020276841573,0,1024,0
789538B1-103F-4BBB-9681-2AAC7E5B54E7,4458,2,6.0,4,0.3275011215791835,535,43.80327501121579,199,28,208.0,33.88044368606443,237.2923,0.0,7.647277784812434,0.40937640197397934,44.072368,2.97731645233371,-0.017888180349408908,0,1024,0
34BDDE82-82B6-484F-A68B-5DD3017F0D80,4727,3,32.0,0,0.0,0,0.0,-1,24,400.0,143.4328992563516,303.6,0.0,38.74279985549794,0.0,193.6,-16.390707898326895,0.1376101073290888,0,1024,0
1A9B0851-50C5-42E5-83C2-55BC5588285B,3031,2,728.0,1,0.12042230287033982,4,0.4816892114813593,59,22,250.0,65.43100143289303,159.0,0.0,18.91842288642107,0.0,92.0,-4.0299983464732705,-0.13164433880732201,0,1024,0
D984B4DF-76DD-41F3-992B-70589E5FBDE1,2513,2,1.0,6,0.8714683645045762,276,40.0875447672105,227,17,301.0,104.5814120395295,539.4805,0.0,21.23659184324892,0.2904894548348587,129.24228,-7.009056753194642,0.024550937013135377,0,1024,1
9175FD58-1638-47AA-8B16-4041EF9F43BE,3467,1,0.0,2,0.21055667724257282,11672,1228.808768387655,16,17,452.0,114.87958901485783,242.4871,0.0003521013,21.530396876554,0.0,139.83841999999999,-6.278295233060732,-0.43184711426609607,0,1024,0
5739BAFF-F3B3-4D68-8255-E61A5CD65DBD,6153,3,232.0,2,0.11864131318056234,387,22.957094100438812,796,3,259.0,50.6036201094079,115.963,0.0,13.530995789597696,0.0,68.3484,8.415880536425433,0.030060922229826443,0,1024,0
E80093A2-E813-4D0B-B4C0-B12BF07A58A2,12711,8,66.71428571428571,1,0.028715285972779482,17,0.4881598615372512,744,2,887.0,206.9904242531257,552.0,0.0,92.17863906381321,0.0,315.0,-130.69543968522447,-3.282022300421409,0,1024,0
1EFF23EC-E7A0-4535-8747-37BC6B2B0CF9,12711,6,111.4,2,0.057430571945558964,15,0.4307292895916922,391,2,399.0,159.54616499714177,334.552,0.0,39.17251710932789,0.0,199.9146,3.212485666438482,0.19990582720531272,0,1024,0
62F835CA-317D-46C9-90DA-C87C8CD69E20,10115,4,335.3333333333333,2,0.07217004448838359,75,2.7063766683143844,796,1,188.0,42.31418447068219,124.8862,0.0,10.311306401264828,0.0,57.41186999999999,2.2354266586333864,0.016070206140440225,0,1024,0
30C3AEA4-3841-4F2F-9493-E2E62AE7FEA4,6197,3,3.5,3,0.17669840245279975,106,6.243343553332258,429,0,158.0,27.165320855433386,137.0,0.0,14.745996635977635,0.0,48.0,8.054432230986365,0.05991457564488148,0,1024,0
B844FC6F-EF8F-42FF-92AB-06DE9BF9C2DC,4807,3,241.0,0,0.0,0,0.0,-1,0,314.0,86.33757244765599,459.9609,0.0,29.726791781684664,0.3796546702725192,123.0,-6.746523064939936,-0.022133390953694432,0,1024,0
50B491E2-4948-470F-83CB-A07016264463,4251,2,217.0,2,0.17172430016466714,4615,396.2538226299694,48,392,542.0,115.78432144032895,411.9742,-1.84794,73.7505915241518,0.0,214.88796,-64.25405284492231,-1.8004585951875098,0,1024,0
749B5EBB-7FE5-4728-B3D8-CAA50CE673F8,5969,3,0.0,1,0.06114927123471268,121,7.3990618194002336,796,510,269.0,89.88654065945654,169.5257,0.0,20.051983582594595,0.0,116.9871,-12.104695346956547,0.05521859153443376,0,1024,0
B55107E0-4499-4EE7-8DBA-C4114403A0E5,12711,2,409.0,1,0.028715285972779482,41,1.1773267248839587,741,32,739.0,177.49760772239839,606.76,0.0,104.65933846869346,0.0,310.16,-70.31074198165764,-0.9249756337089241,0,1024,0
F21D382B-46AC-4A96-9C63-95FD7C9CE1AE,4886,3,134.5,0,0.0,0,0.0,-1,42,1734.0,468.77403705583146,1171.826,-91.81165,203.94999632177115,0.0,760.02024,-141.43362068083144,-0.5420109547718458,0,1024,0
1F3135EA-5ADD-41B0-BBB6-8DA2CA41D6A9,10236,2,14.0,2,0.07131692067213755,9,0.32092614302461897,378,491,146.0,34.41538746929157,1146.798,0.003754629,10.411841517829775,0.17829230168034388,43.387318,4.571382336572626,0.04310068246762179,0,1024,0
6AB8C606-0992-47F0-AA31-A4206C93525B,693,1,0.0,1,0.5266955266955267,60943,32098.40548340548,604,556,497.0,55.80534250655802,494.0,0.0,26.135513834651338,0.0,89.0,-3.6401418892740693,0.027486189424343423,0,724,0
A9308171-2840-4077-9F49-45BCBB738070,8708,1,0.0,2,0.08383096003674782,349,14.628502526412495,211,738,346.0,76.33896187874795,184.4,-31.48009,28.815134192453293,0.0,112.3,5.5820103434742805,-0.029544239572410612,0,1024,0
BBC31DC0-B7CC-4E6A-8F9C-43891A705AAB,12711,2,181.0,1,0.028715285972779482,4104,117.847533632287,409,238,314.0,80.49245825042276,190.0,-1.46,28.681219004098637,0.0,115.0,-5.540297756595592,-0.025668006566956166,0,1024,0
625C3816-E8C2-4A8C-ACFC-C7DD02C07D20,890,2,7.0,4,1.6404494382022472,703,288.30898876404495,199,721,151.0,14.386281672950894,500.0,0.0,54.413666074351035,745.5842696629213,12.14447,-4.294215681129906,0.020876188500857623,14,1024,0
A9693C1B-395A-4C3D-8F96-0D0006596C22,12711,7,33.833333333333336,1,0.028715285972779482,323,9.275037369207773,796,522,84.0,11.444208158828308,188.5983,0.0,2.475863960717458,0.11486114389111793,14.43976,-0.445188986991889,0.005561702907584082,0,1024,0
72E1682D-34E5-4D99-BC5B-72D1DA524E78,3443,1,0.0,4,0.4240487946558234,136,14.417659018297996,388,724,250.0,39.13856403767533,125.6862,0.0,17.410383383016704,0.0,62.436092,7.481725487764486,0.0795960410857397,0,1024,0
E5E993A9-BBB8-42BD-BB85-83857243B3E8,6220,4,227.0,2,0.11736334405144695,168,9.858520900321544,435,42,269.0,61.2288631153614,413.3616,0.0,14.0322477436354,0.2934083601286174,85.485294,23.602296774299084,0.054890680733825796,0,1024,0
4E42BD1F-F152-41F6-8C37-B03B91B72C24,12711,3,93.0,0,0.0,0,0.0,-1,536,489.0,107.21447375233451,239.0,0.0,24.34588586570032,0.0,139.0,17.467779334085236,-0.014006530298787364,0,1024,0
CB739177-12CB-41DD-8CF4-5B37A7E1C906,4689,6,70.8,1,0.07784175730432928,319,24.83152058008104,796,365,1524.0,433.02436150189817,810.0,0.0,56.37143407349365,0.0,504.0,-11.27019476578704,-0.12244755784361668,0,1024,0
39A56711-63D6-48D1-AB88-F8538F388120,4106,2,42.0,1,0.08889430102289334,190,16.88991719434973,175,721,151.0,29.706485022852757,139.0,0.0,7.83762186187794,0.0,40.0,-0.251932553716955,0.019447131104407506,0,1024,0
E0FE1F49-6C09-4610-A5D1-DB7EF44A313D,8213,5,153.25,5,0.22220869353464018,72,3.1998051868988187,499,105,708.0,172.73672148965835,681.6454,0.0,104.1914926520795,0.0,303.83856,-1.480301736571903,1.234873912188408,0,1024,0
C6047CE0-9451-4ECC-AAF2-DFCA6190BDC9,12711,5,152.25,0,0.0,0,0.0,-1,102,452.0,130.65547587353223,797.7214,-44.0297,44.240350281736674,0.057430571945558964,184.89005999999998,-38.02621499081617,0.7973370332322146,0,1024,1
75ADE5F4-067C-4930-BB4B-A03E975DEC67,6332,1,0.0,1,0.057643714466203415,110,6.340808591282375,796,708,269.0,70.8258440986913,142.8666,0.0,12.91441984822078,0.0,88.3,0.0953055926667048,0.21784253771607234,0,1024,0
79940172-DE11-4491-B298-EC92A07E899B,9486,5,184.75,1,0.03847775669407548,55,2.1162766181741515,394,1,489.0,155.75503745407377,259.0,0.0,28.467631495351245,0.0,190.0,-0.9175374540737664,-0.30254238063243066,0,1024,0
B05F4C1F-99C0-406E-8224-06E97829F2B2,6252,5,207.5,2,0.11676263595649393,13,0.7589571337172105,937,81,312.0,36.41941684693067,91.40901,-341.95,11.396047593664058,0.0,51.91563,-2.2416166602022756,0.01346119201955815,0,1024,1
8F12CE1C-05AF-490C-8BB8-1CA1FFF9A086,5249,5,157.75,3,0.20861116403124405,227,15.784911411697465,418,51,301.0,76.41243481670975,504.4127,0.01555736,17.94088742479686,0.3476852733854067,99.452584,-23.52216912729309,0.08587507302821465,0,1024,0
84BD511D-6277-47EE-B645-4874358E846D,3906,3,80.0,2,0.18689196108550946,233,21.77291346646185,796,518,301.0,85.0916629208659,158.909,-8.317545,18.66423597984261,0.0,108.7036,10.167522505831641,0.18774937007018103,0,1024,0
0AAAA21C-8D90-42CB-9758-50887F2ADCA0,6536,2,0.0,1,0.055844553243574055,186,10.387086903304775,796,672,269.0,92.4692392626994,158.2944,0.0,21.18433017982402,0.0,121.95174,-7.917834349890768,0.04168271435365788,0,1024,0
AFC46547-FE9B-467E-96B1-2F633B2D3EA5,5584,6,130.0,1,0.06536532951289399,143,9.34724212034384,650,21,451.0,83.95328006585419,206.1064,0.0,27.967482260781413,0.0,118.0427,-12.913552062999244,-0.3611947497461115,0,1024,0
2703E2CA-ABC0-4280-99F0-BADFE8890649,8783,3,272.0,4,0.16623021746555847,71,2.950586360013663,214,107,314.0,50.92645690574341,176.0,0.0,26.412554391811433,0.0,86.0,-19.02908036253353,-0.1672033127089688,0,1024,1
7F6B8819-A0B9-42EF-A026-381CFD1D6188,711,1,0.0,0,0.0,0,0.0,-1,644,678.0,44.84102725823989,162.7922,0.0,30.524487295666297,0.0,88.17215000000007,0.6927649229329447,-0.2999028043858294,0,760,0
08239E64-D3DE-44B3-A081-FAA5940F7543,8337,5,147.25,4,0.17512294590380234,44,1.9263524049418257,58,140,314.0,42.12976174047689,1000.83,0.0,13.498118198241842,0.2189036823797529,58.0,-4.5649469256620705,-0.06973757619829184,0,1024,0
5ACB72DB-4E4E-42E7-9253-6DCD965927CD,4403,2,1.0,4,0.33159209629797864,38,3.1501249148307973,66,623,301.0,43.6079489839041,103.4156,-45.3,13.254773408383839,0.0,60.65470199999999,-1.7691976161571858,0.23753908866032156,0,1024,0
D7EC6434-BF8F-4699-8A20-1FA3E017D34B,12711,3,0.5,1,0.028715285972779482,5,0.1435764298638974,842,598,489.0,109.64755128518748,221.0,0.0,29.183546699945435,0.0,146.0,0.86394562839277,0.00919815203511796,0,1024,0
26F11D4C-5846-41DE-B0C2-EEC7F41FBFD0,9303,4,93.0,2,0.07846931097495431,143,5.610555734709234,282,400,100.0,44.92703510876283,96.4273,0.0,7.766507707292296,0.0,54.0,2.2686361875334597,0.026173344445772954,0,1024,0
174492BE-3335-447B-B0B4-1436DF5F9F12,4213,2,238.0,1,0.08663660099691431,17,1.4728222169475433,210,336,188.0,21.33315227717373,138.5683,0.0,7.103083776429193,0.0,29.935836,-3.0665594814947177,-0.02063941353323948,0,1024,0
50F4C3E1-66C7-47EA-8E7E-AA173597A0BD,12711,3,104.5,2,0.057430571945558964,11,0.3158681457005743,153,574,313.0,48.503981981840035,188.0,-25.09178,29.012627502319546,0.0,89.0,-11.26208383369189,0.07484697470649189,0,1024,0
022B9D83-1EE0-48A0-AF7C-E057A504F1D9,3906,3,31.5,2,0.18689196108550946,773,72.2337429595494,266,511,301.0,84.66785840590671,171.4468,0.0004522573,18.612756012793245,0.0,108.23568,10.143166426655,0.1880822551714519,0,1024,0
C934F421-91CC-4E16-9087-2EE88663A6A3,6555,2,0.0,1,0.055682684973302816,4,0.22273073989321127,703,570,377.0,64.24681848742046,208.0107,-1.749512,29.872675927292764,0.0,106.17119999999997,6.5203668184437475,-0.3083677140814954,0,1024,0
06A8DAD9-0ABC-4738-A1ED-648A8800DFC0,7940,5,117.25,0,0.0,0,0.0,-1,446,489.0,107.89545912650173,201.0,0.0,26.60307553728319,0.0,143.0,11.141809392016782,0.01283005903781245,0,1024,0
CFC05757-D065-4373-91F8-A452AB1F1396,8564,4,234.33333333333334,2,0.08524054180289584,98,4.176786548341896,191,190,761.0,112.7291672376347,386.7279,0.0,71.74571474207241,0.0,210.7086,-52.98030901001125,-0.41400661243336667,0,1024,0
03492447-A122-438A-B6A8-A9FA08AFB3C7,302,7,73.0,3,3.6258278145695364,30601,36984.65231788079,433,364,150.6,42.59799728512975,165.0057,0.0,29.67881859021559,1.2086092715231787,76.90874,-42.59700263813901,-4.555174850119862e-06,0,1024,0
65B7D5D1-9325-4311-B19C-75F2BCAE89AF,5102,2,1.0,4,0.2861622892983144,130,9.300274402195218,107,560,133.0,40.5539754461972,77.19247,0.0,11.568015205564265,0.0,55.367302,-1.2312940832342392,0.012986572190631556,0,1024,0
CA28800D-A383-4B2B-9631-772BCCC7F6DB,12711,9,37.75,1,0.028715285972779482,24,0.6891668633467075,556,251,496.0,140.95691467019932,320.6305,-40.9519,72.22977624675426,0.0,209.198,46.58649797254756,-0.18298749373341053,0,1024,0
6BF8DCB5-9A56-49C5-8472-B5BEF5B15078,3199,3,0.5,0,0.0,0,0.0,-1,555,452.0,95.90361093944189,246.0,0.0,42.62962886286296,0.0,154.0,-12.436481309812265,-0.06692687254493358,0,1024,0
270C0041-C543-4B27-BB02-7B5DB2AACFE6,5103,2,2.0,1,0.07152655300803448,17,1.2159514011365864,746,552,188.0,18.106884350791525,97.0,0.0,8.712416710148812,0.0,30.0,-3.183967684124857,0.011733330132193003,0,1024,0
BBF323B9-A2C3-4D77-AF75-A57446178B99,5602,2,202.0,0,0.0,0,0.0,-1,551,251.0,50.32120015380823,235.5896,0.0,12.711660500747177,0.0,65.56802,-9.813278939147736,-0.07692700486655502,0,1024,1
2AA63D69-C695-4A9C-A97C-C9BC8EF077C1,9520,4,97.66666666666667,10,0.3834033613445378,2340,89.71638655462185,73,479,259.0,93.89759267748131,190.1733,-2.178168e-05,23.436173366741084,0.0,124.1345,10.605818846438453,0.19681866338484974,0,1024,0
D382CDA4-884A-4B9B-A22D-ABB67EFB11E4,12711,3,202.5,1,0.028715285972779482,12,0.34458343167335376,8,139,433.0,34.12751652720939,376.5,0.0,35.832642542043786,0.0,83.59652,37.993936683824565,-0.19833056012472855,0,1024,1
F059AF20-A1E6-4084-961A-8C9AF508F85C,1720,3,0.5,0,0.0,0,0.0,-1,528,629.0,81.71187077207006,782.7759,0.0,40.39884697646165,0.42441860465116277,138.49972,-14.36315055787253,0.3784425551549088,0,1024,0
5BD94305-EA73-4031-BD99-1BDB7D4E8EE2,12711,3,76.0,1,0.028715285972779482,118,3.3884037447879787,796,520,346.0,71.35239719760743,414.9719,0.0,40.22606113878437,0.20100700180945638,126.54791999999998,19.099048955401827,0.22491064593226143,0,1024,0
AFA3066C-0692-4489-9DD1-346974AFC63B,5005,4,22.0,1,0.07292707292707293,1951,142.2807192807193,321,444,176.0,35.794436694805334,154.35,0.0,14.686364006581233,0.0,56.22,4.452183675565031,0.08833163902261562,0,1024,1
720C8CBB-10A6-4A55-B307-BD54DC897475,5053,2,14.0,0,0.0,0,0.0,-1,497,489.0,109.89829673949214,226.0,0.0,27.89500127643017,0.0,147.0,11.07870943334737,0.08501118107848402,0,1024,0
B9DA195A-C798-40F8-BC58-AB1D1ABDA256,12711,1,0.0,0,0.0,0,0.0,-1,508,188.0,36.19001609540432,234.5,0.0,7.501245337418933,0.1435764298638974,46.0,-1.908843255898141,-0.054943111403820424,0,1024,0
851C0F1D-CE35-437C-BAD1-873DC0DCD321,6384,1,0.0,1,0.05717418546365914,357,20.411184210526315,796,505,676.0,96.37235228870884,186.2946,0.0,24.318118454055003,0.0,130.4474,31.755014188143036,0.1593602146560145,0,1024,0
6F6D633F-3DF8-4747-B5D0-7FA33C5B1654,682,4,97.66666666666667,5,2.6759530791788855,1395,746.590909090909,269,208,1188.0,209.52027578224778,1072.52,0.0,85.35840039191088,0.0,318.58699999999993,-59.69144630693913,1.0944731602666011,0,697,0
D7A38D08-22DE-44EE-9374-6818BDDDF83C,6269,3,19.5,4,0.23289200829478388,50,2.911150103684798,58,465,314.0,42.93113611822312,840.0,0.0,13.366334914198811,0.2911150103684798,59.0,-5.146876858963864,-0.06971836943751246,0,1024,0
EB3F0C5A-EF42-4536-8273-A67A4ABA5E44,2912,2,285.0,1,0.1253434065934066,424,53.145604395604394,796,199,542.0,120.6827265644122,408.2005,0.0,68.30927278357024,0.0,212.90116,-3.1173922580850473,0.17546490021334016,0,1024,0
B8FA83EE-4339-4D27-8FC3-4871FECC6BCB,1720,5,61.25,0,0.0,0,0.0,-1,331,629.0,81.92511537040482,225.6234,0.0,40.428714132797595,0.0,138.90536,-14.327358929741251,0.3799913449847559,0,1024,0
E37643E2-E950-46D4-A7B3-2D4BE8BE1CA3,2735,3,222.0,3,0.40036563071297987,528,70.46435100548446,48,479,301.0,64.20565577886514,237.4877,0.008464055,19.328374250648697,0.0,90.24132,-15.191600357136359,0.061016205557612106,0,1024,1
FCFE37C8-7C41-4533-8EC3-C1D377BA22B5,12711,5,55.25,4,0.11486114389111793,165,4.738022185508615,548,471,99999.0,18.115864011000568,239.342,0.0,19.90248082953278,0.0,45.08057,-18.115864011000568,0.0,0,1024,0
6AAB6026-ABA0-4B4E-8E70-853E097CA073,1247,4,207.0,3,0.8781074578989575,245,71.7121090617482,409,103,452.0,102.39124627876969,199.3295,0.0,27.712865248020886,0.0,143.33,12.124027499008108,0.06276839326746064,0,1024,0
57806FEE-DB0D-4805-A542-4467F5D4B48C,2786,2,0.0,4,0.5240488155061019,413,54.108040201005025,422,459,181.0,36.69233926177375,87.78651,-373.2394,16.36888420784046,0.0,60.417311999999995,11.491268137300324,-0.036216965091417454,0,1024,0
9CAF453B-F121-408C-9BA8-1B544FF2CDDF,12711,3,175.0,1,0.028715285972779482,8,0.22972228778223586,128,187,266.0,88.37147118617017,154.0,1.3,17.818741234486183,0.0,114.5,-11.25160235900968,0.1572456075966621,0,1024,0
34BE3784-CDAE-409E-92F5-606D4F251F34,624,3,205.5,5,2.9246794871794872,152,88.91025641025641,71,77,416.0,18.167994085179526,399.9599,0.0,23.22839834337227,0.0,40.10198300000002,36.3116878288637,0.5459415953124924,0,710,0
6567AD54-68F7-4EF8-9098-EACE464D8897,3748,2,1.0,3,0.29215581643543226,413,40.220117395944506,796,439,301.0,49.087320626533916,113.5633,-0.02,13.431368084465817,0.0,66.642138,8.701015361892011,0.061058439415077555,0,1024,0
415E2AC6-9736-4B8F-AEBF-1E2F89FC80E3,2045,1,0.0,0,0.0,0,0.0,-1,436,931.1,82.68887602783077,246.0,0.0,42.06905698639823,0.0,140.0,-9.163564662090039,0.24944637553555415,0,1024,0
51F67213-28DB-4C56-8826-D9B8552B56A5,2851,4,58.0,1,0.12802525429673797,239,30.598035776920376,796,252,301.0,127.7292963617595,224.2425,0.0,21.000905910320874,0.0,153.24878,-27.62227333243851,-0.04479798116489709,0,1024,0
DA0A2BEA-7166-4832-A6D4-0D9A8B23CD53,470,6,68.8,4,3.106382978723404,13233,10276.691489361701,304,77,226.0,31.976434502536257,93.27705,0.0,13.706554163213335,0.0,47.077948,-1.5282789801597154,0.03854635397200035,0,487,0
AD3296B7-7646-4DAD-9915-2E176E681BC1,443,5,94.0,3,2.471783295711061,287,236.46726862302484,265,42,226.0,23.698250970779455,82.65611,0.0,12.999536579652125,0.0,38.98298,-2.1753589615201925,-0.04971299709157125,0,487,0
284D8099-54AD-4BA2-9F1D-CBDBFC7678E7,1780,2,1.0,1,0.2050561797752809,27,5.536516853932584,414,415,753.0,255.66092063436955,668.7936,-156.5964,106.57679438376042,0.0,397.31554,-24.302874176036227,0.2847667039195676,0,1024,0
91432895-B2E5-42C5-8793-8D9B2956CDA6,3855,3,325.0,3,0.2840466926070039,369,34.93774319066148,199,98,452.0,27.427585142153596,121.8503,-0.6455656,21.654286418485576,0.0,55.02564999999999,15.1838510857785,-0.08595328243912033,0,1024,0
2FDF257B-B499-4681-AC67-D61934D29759,4163,3,46.0,5,0.4383857794859476,466,40.857554648090314,199,315,452.0,196.92016726996135,536.0,-35.34,41.26201353079103,0.17535431179437905,252.0,17.979061125100372,-0.21975015205374568,0,1024,0
2189B5AA-6168-4CC0-B28E-DCBA48BC1489,8956,2,329.0,1,0.04075480125055829,11,0.44830281375614117,153,406,301.0,47.3005684538904,181.0,-25.56258,29.199253808977804,0.0,88.0,-11.262759811915089,0.08037274835024485,0,1024,0
D6254F08-DE85-4CE6-9C7C-DA0882B4B70B,1662,2,170.0,3,0.6588447653429603,493,108.27015643802648,72,400,602.0,80.938434426372,966.9294,0.0,13.956009121383435,0.43922984356197353,99.120148,3.788122932424301,0.07063773531418135,0,1024,0
0EBC3A03-57B6-4B5A-B505-78FD4F82CE62,12711,4,128.66666666666666,0,0.0,0,0.0,-1,193,314.0,27.519873524604918,144.0,0.0,19.886134625123653,0.0,56.0,-8.98098463571603,-0.02127377408278129,0,1024,0
EEC3CB4D-F102-4DB2-A192-4C69F0BD3C01,1801,1,0.0,9,1.823986674069961,935,189.49194891726816,228,398,452.0,86.37729164241036,189.0,0.0,24.384001650556737,0.0,118.0,17.639453438608157,-0.03677002677581929,0,1024,0
25288F52-2B7B-430A-B67C-336DE7F68A2C,10080,4,125.66666666666667,3,0.10863095238095238,20,0.7242063492063492,106,371,188.0,38.25846794213716,136.0799,-723.0,13.351055837310026,0.0,54.533885999999995,-3.235596628865551,-0.00782224882579185,0,1024,0
E4B22469-BD58-4ECA-86AE-79D306D83E7E,5523,2,0.0,0,0.0,0,0.0,-1,389,511.0,162.4593466149865,296.243,-3.383485,36.08498365284228,0.0,207.95409999999998,-15.316623850325982,0.5297213701410275,0,1024,0
63641D07-2034-4A57-8871-AAEB24E848FA,12711,2,329.0,1,0.028715285972779482,560,16.08056014475651,246,56,188.0,51.27690359973378,120.0,-66.7,13.044772511377488,0.0,69.0,-6.3215795256597005,-0.004861882811366268,0,1024,0
A9499AB9-2DA8-46C7-98EE-CB387B56CF5A,469,2,1.0,0,0.0,0,0.0,-1,365,678.0,82.7046473469543,300.0,0.0,71.84996288216598,0.0,113.52844000000002,8.927327836687667,0.12712215013276287,0,640,0
27FF59CA-C2BB-451E-9481-9E3A649EF76D,8680,8,69.42857142857143,3,0.1261520737327189,20,0.8410138248847927,18,5,415.0,179.26173250402385,361.0,-1.0,52.92360777546615,0.0,245.0,-4.0114119924497516,-1.0399867784668162,0,1024,0
B1B22AA8-821E-4D5A-AE1C-317C4CB08AA1,3870,3,3.0,2,0.18863049095607234,81,7.63953488372093,304,329,452.0,75.72605714053935,216.3182,0.0,35.75145317181252,0.0,123.40068,-0.6618274708634289,-0.367078880804246,0,1024,0
9AE14878-F871-4485-A8E4-6331F02F5038,2422,2,284.0,0,0.0,0,0.0,-1,45,302.0,48.038800369807866,147.4399,0.0,21.043620662517753,0.0,71.59531799999999,-6.407569942718368,-0.336398791678497,0,1024,0
43D48296-363B-493B-97E8-135A4D2D738D,6140,2,4.0,2,0.11889250814332246,54,3.2100977198697067,688,329,1247.0,194.25015872827484,588.363,0.0,95.92783183931373,0.0,331.79047999999995,-67.11723261469459,0.7008090941367031,0,1024,0
5DED95B0-E8F9-4EDA-8695-40B4917BA061,12711,1,0.0,0,0.0,0,0.0,-1,322,573.0,79.59880359720063,312.1284,0.0,48.35722806394435,0.0,155.6513,4.783792104188251,-0.027620945223657097,0,1024,0
D60B02FE-1AD7-4AFC-8112-59F271ABC336,5208,2,199.0,3,0.21025345622119818,12,0.8410138248847927,202,122,148.0,49.72672451174787,181.5361,0.01731228,9.222410947339332,0.21025345622119818,61.045325999999996,0.18510996124595636,0.0227183023743883,0,1024,0
816653E7-90DE-4268-BEA5-5A35ED0BA3A9,168,3,112.0,6,13.035714285714286,510,1108.0357142857142,163,84,226.0,34.96665806434087,237.0,0.0,18.362690857477897,10.863095238095239,54.0,0.3109653924492548,-0.06056966337868965,0,1024,0
AB7E6766-7227-46CA-98D5-764CA6CF4552,4999,5,111.5,3,0.21904380876175233,682,49.795959191838364,308,307,487.0,99.8411788455466,327.0,-1.26853,31.443449383534585,0.0,141.0,19.291460043342298,-0.030944320972525786,0,1024,0
0EBC7B84-5B08-4F34-AC76-BFE03BE79CE2,478,1,0.0,5,3.8179916317991633,688,525.3556485355649,257,304,452.0,60.54886116473498,150.46,0.0,29.071465387758973,0.0,94.952886,-2.2126048437473216,-0.08391577222959955,0,557,0
BE7CE2C8-18C7-47F9-B010-505AAB63A382,9156,6,69.6,0,0.0,0,0.0,-1,199,452.0,135.10935418240777,294.0,0.0,40.109515004687935,0.0,187.0,-27.16321220709912,-0.09665710901676383,0,1024,0
A44CC9FB-6BF6-42FA-A9DA-43CBD87F6A08,454,6,28.6,0,0.0,0,0.0,-1,274,226.0,17.20008603083518,65.4575,0.0,10.758846408836632,0.0,30.579908,-0.29172408253270987,-0.0014135811680162792,0,487,0
52CEF3D7-B755-440E-914B-E90185699A93,3722,1,0.0,0,0.0,0,0.0,-1,266,90.0,16.842411824587256,44.06598,0.0,6.600325115297132,0.0,25.459524,0.026083417418917065,0.05294353163397843,0,1024,0
7788101C-D03E-4DE9-B82A-77ACA3BFE323,330,2,0.0,1,1.1060606060606062,8,8.84848484848485,198,257,402.0,20.36933572155965,162.0124,-21.7793,28.459508639923996,0.0,65.31623200000001,25.718712747190352,-0.17811809749556998,0,760,0
F3B79ACA-9389-4CCD-8FEE-3534CBF7C147,353,3,55.5,0,0.0,0,0.0,-1,172,887.0,79.5826432149594,235.4648,0.0,50.890157458098194,0.0,149.25779,-4.749895956394596,-0.38916876736488876,0,403,0
EA9B4423-F67A-4115-A93E-97EE9843D486,12711,5,31.25,1,0.028715285972779482,52,1.493194870584533,190,239,264.0,106.62193389343078,214.1,0.0,35.90287879418187,0.0,153.2,-6.449912288029552,0.03041404288243129,0,1024,0
8BBD03B9-5906-43F7-8551-542DE32729E9,1516,2,1.0,1,0.24076517150395776,10,2.4076517150395778,914,236,452.0,108.64039545574036,253.4523,0.0,44.6576566300449,0.0,164.86008,-23.790482542931727,0.1459054414011258,0,1024,0
7F1776E8-6AE9-49D6-9A08-03CFAE0C5F35,5949,5,7.75,2,0.12270969910909398,16,0.9816775928727518,162,190,489.0,97.82922255611318,234.4173,0.0,30.151231287009136,0.0,136.8759,-0.9948576487057608,-0.4342211763158914,0,1024,0
68393A79-FE6B-4B86-AB40-6CE88137A76E,9799,3,146.0,3,0.1117460965404633,210,7.822226757832431,476,210,141.0,40.32789460353012,124.8,-2.296912,17.96374900966562,0.0,60.72,-6.597626085011598,0.10294921526660392,0,1024,0
97DE8F48-CDF0-4327-9EAC-AB2B73FB697F,1211,1,0.0,0,0.0,0,0.0,-1,210,753.0,176.74574554320293,494.0,-14.515,56.98708857071666,0.0,263.4,-14.641895234560934,0.2749152444516176,0,1024,0
66C36BAE-71F9-4D8B-8D0F-1886931FC598,6110,5,68.25,5,0.29869067103109653,246,14.695581014729951,36,161,734.0,152.23347794583552,355.6895,-0.7,46.8945531925627,0.0,216.14321999999999,36.32518851326941,0.5194255018284823,0,1024,1
9BC821B2-CCB1-455D-934C-E0800CBD0CD5,6895,2,1.0,0,0.0,0,0.0,-1,206,801.0,237.5510052958634,427.07,0.43,48.41657363191306,0.0,301.63,2.2906189325316575,-0.0005382528938227416,0,1024,0
DF4F2003-6EAF-45F7-8020-9013817C6D00,12711,4,145.66666666666666,0,0.0,0,0.0,-1,110,250.0,56.360529698587975,297.46,0.0,27.027980945795118,0.1435764298638974,89.28223,-19.28244327883489,0.3801908557526342,0,1024,0
DC78C785-DE0F-48D9-8170-6F5F1EDAC962,5502,2,229.0,2,0.1326790258087968,179,11.874772809887313,733,200,314.0,26.19958708836173,207.0,-26.6,28.598032618382316,0.0,76.0,-18.230682767374077,0.019817890183052026,0,1024,0
FDD9C72D-F18E-4907-8818-5B7D2032B7C5,6005,2,1.0,2,0.12156536219816819,45,2.735220649458784,456,197,400.0,128.59472087272746,276.1907,0.0,35.1403659482642,0.0,172.65068,-12.982521231523748,-0.08642296719599703,0,1024,0
CAAC2AF6-6F91-488C-8E1A-9807951C955C,6102,2,0.0,1,0.059816453621763355,6,0.35889872173058013,632,192,325.0,85.50007924399141,180.4,-71.23009,20.018418683743796,0.0,111.19,6.7899932868728,-0.017578761438401532,0,1024,0
7D6A66AC-8CED-4DCB-8189-AF743326D9B9,6926,7,81.83333333333333,1,0.05269997112330349,181,9.538694773317932,796,180,748.0,225.12907207094202,992.0,0.0,61.58871334235435,0.26349985561651745,300.943,-15.838846222948177,0.011969342461488957,0,1024,0
BB67EE48-B027-4D81-83A2-3809F056824F,4886,3,74.0,2,0.14940646745804337,86,6.424478100695866,49,38,1734.0,461.9098019658805,1025.763,-146.1375,202.19058040738548,0.0,750.50206,-138.1145084558496,-0.5612140879758755,0,1024,0
25A7D8AB-326A-4464-90E9-F1A74466E9A5,867,3,76.0,16,6.735870818915802,1133,476.98385236447524,44,176,60.0,4.874508586514388,24.281,-0.498,5.637923777004502,0.0,12.32,1.0694783733621556,0.0322261820732285,0,969,0
B34F4910-E39E-4D7A-8DB1-1F921964B5C5,4546,4,11.666666666666666,2,0.1605807303123625,70,5.620325560932688,386,175,226.0,36.7669646219957,163.4039,0.0,21.885512399258083,0.0,66.28795399999998,18.384300004470354,0.08027786844512945,0,1024,0
FBB8FC67-8C01-467D-A12B-01B71AC82D42,5889,2,622.0,7,0.4338597384955001,394,24.420105281032434,227,159,269.0,104.4416440267306,224.9494,0.0,21.214633136529937,0.0,128.90042,-6.077429302965172,0.05581784378949348,0,1024,1
125918EE-4CCE-4177-A086-BEEED0C2412B,12711,3,220.0,6,0.17229171583667688,425,12.20399653843128,38,154,259.0,115.50089850622423,385.3159,-152.0502,34.90217625428846,0.1435764298638974,157.7912,13.236304941306642,0.17078880830040694,0,1024,0
49D98260-F113-459B-BD5D-136417B81C53,2458,1,0.0,1,0.1484947111472742,8,1.1879576891781936,682,143,472.0,119.43424370853056,457.0977,0.0,20.17196056173401,0.0,144.50603999999998,-1.6790840765861077,-0.0890688913910321,0,1024,0
B7C053D0-9734-48F1-B3A8-9114744DF765,6140,3,90.5,0,0.0,0,0.0,-1,126,1247.0,192.6251010539415,585.1356,0.0,95.21378272092204,0.0,329.29341999999997,-65.0144762154847,0.7394689935323753,0,1024,0
5E0193DC-45E4-4A39-A181-2527641BCA71,307,5,32.5,12,14.267100977198698,604,718.1107491856677,44,125,151.0,21.26727225012516,73.885,0.0,14.603668182844462,0.0,36.618,9.507549200492122,0.03206183136461241,0,431,0
98B781DF-4CCB-40B5-87E9-FA0B8D3C4B20,2721,4,83.33333333333333,10,1.3414185961043734,1028,137.8978316795296,120,120,301.0,49.373286636909405,96.93604,0.0,12.13626337444066,0.0,65.21072,15.34257941633134,-0.04962111127752085,0,1024,0
41BEAA45-C12F-40F6-A19D-77FF8F50DC5D,1939,1,0.0,0,0.0,0,0.0,-1,118,265.0,59.910819132742944,174.7969,-3.227356,25.14208884539487,0.0,90.26157,-10.63080389285097,-0.06984860472485663,0,1024,0
B730A01E-E8E9-4C5B-BD25-C42FD456A1E5,137,2,7.0,0,0.0,0,0.0,-1,109,803.0,64.21884776757867,810.0,0.0,61.675267147085314,5.328467153284671,141.93292,58.45432234276085,0.0869755165868663,0,248,1
7FBD9408-D2B6-41D7-8358-F38BB3ACA907,2797,2,309.0,0,0.0,0,0.0,-1,103,151.0,18.08654313524214,72.27811,-2.599853,3.710569950150139,0.0,22.83988,1.9990758781837812,0.061564374465166265,0,1024,0
B2E793B5-BA4A-4229-BCF3-2023FC784814,3611,2,1.0,2,0.20216006646358348,283,28.605649404597063,531,91,602.0,152.24381237228604,405.4499,0.0,29.985686774841962,0.0,190.87189999999998,16.649844509658408,0.17924449458250932,0,1024,0
2B187E80-8A1A-4948-8BD0-A7153C49F0CB,1014,2,0.0,0,0.0,0,0.0,-1,91,250.0,27.316882531630522,94.83833,-6.040794,9.445912919664488,0.0,39.237292000000004,-2.5765572762292877,-0.02918831114554848,0,1024,0
8EF84F38-2FDA-4126-939B-EB8D49676A85,6005,2,364.0,2,0.12156536219816819,111,6.746877601998334,455,86,400.0,130.20773807347808,278.1186,-58.86918,35.57588897205453,0.0,174.75564,-13.22846625866326,-0.08934045246338382,0,1024,0
74F518BC-6301-4C64-A447-7F5D7D314F82,2308,2,1.0,8,1.2651646447140381,526,83.18457538994801,199,84,452.0,192.9013687256786,346.9695,-36.44,39.89883722313399,0.0,245.63235999999998,15.642951451790537,-0.10908582551935582,0,1024,0
B3A5AEE1-A2D9-40D9-B866-178D0D703D27,460,4,30.333333333333332,0,0.0,0,0.0,-1,80,417.0,64.97693668708405,282.0468,0.0,61.393553091673375,0.0,170.78056000000004,4.902191054659781,0.14351618871316557,0,529,1
BD647A47-459B-4481-92BC-9F34D9044F0F,3962,1,0.0,0,0.0,0,0.0,-1,78,831.0,173.94272095580894,357.0,0.0,78.39038613165665,0.0,258.0,12.299177123666396,0.402496021700616,0,1024,0
E1C5CFB5-EFDF-4355-AF99-B7199F65F0AD,4774,3,326.5,0,0.0,0,0.0,-1,63,554.0,211.81279971748154,520.58,0.0,41.73490492333175,0.0,267.7,-0.38133366809884706,0.4094055507536777,0,1024,0
CF125889-D248-461C-837E-0415B1E65984,2968,3,367.5,1,0.12297843665768195,7,0.8608490566037736,758,22,250.0,65.61074981818034,152.0,-1.470137,19.441083248035586,0.0,92.0,-7.031583151513672,-0.0692463175609871,0,1024,0
E647C5AD-F118-4F53-B710-2FC7C9BC8096,12711,1,0.0,0,0.0,0,0.0,-1,56,282.0,32.701111737441174,123.0,0.0,11.567268608182212,0.0,45.0,-1.8676240831201874,-0.09410615393764864,0,1024,0
3713DA25-75F6-46FF-BCB7-9797A7F289C6,2828,3,0.5,1,0.12906647807637908,7,0.9034653465346535,966,52,887.0,67.45609600689319,206.4528,-88.0,27.194563197322672,0.0,104.97738,-21.550886464069116,-0.25018456164101016,0,1024,0
67D91F7D-F058-4F09-85E7-9BFD07230C81,4073,2,812.0,4,0.35845813896390866,375,33.60545052786644,40,35,158.0,61.818495573947175,107.5,-27.07218,13.688201648586261,0.0,80.0,1.3718979445713444,0.051956717335873044,0,1024,0
20641858-E610-4DD7-A517-032F5CF38EC3,5224,3,1.5,7,0.4890888208269525,127,8.873468606431853,144,30,251.0,52.125108357051566,118.2549,0.008972168,23.56893275500387,0.0,83.76257399999994,0.2166230571382428,-0.015029021540564621,0,1024,0
999B1355-80ED-477C-B0DB-57F491662D00,3001,4,148.33333333333334,5,0.6081306231256248,482,58.62379206931023,11,33,1246.0,287.8855543211196,827.0507,-10.67349,156.95487872564053,0.0,513.31552,-25.790278060332582,0.6509619996940665,0,1024,0
CB2189DE-A08B-4576-B7CD-5F712979C65C,2140,2,438.0,2,0.3411214953271028,67,11.427570093457943,144,28,603.0,210.90762586477143,381.4936,0.0,34.030720953532246,0.0,251.9974,-32.95030555998747,-0.368315732857587,0,1024,0
3F112FC8-560C-4F3B-88D4-6D4AD1717952,3625,2,321.0,2,0.2013793103448276,42,4.228965517241379,218,7,904.0,131.62262997534754,409.9875,-3.17,60.8403043363086,0.0,217.9933,6.619987823263557,0.10203673896684412,0,1024,0
C0961F9E-19D6-4D8E-AECE-8E15D1E4D786,12711,1,0.0,3,0.08614585791833844,61939,1778.5960978679884,170,67,726.0,231.12623469408544,611.9,0.0,86.12318168071441,0.0,335.83399999999995,-21.171269416307666,1.7590902597713103,0,1024,0
770C8A25-EB48-4D4C-88EF-91A1E00D3A27,12711,1,0.0,4,0.11486114389111793,219,6.2886476280387065,381,51,261.0,49.20954329443317,542.9186,0.0,11.587312895244954,0.1435764298638974,63.748954,4.826634195335352,0.05339550971925591,0,1024,0
AA0510DC-5FB2-440A-B2E6-1959058E011B,2150,1,0.0,1,0.16976744186046513,8,1.358139534883721,708,496,151.0,34.5293087762842,87.15195,0.0,7.823057744894215,0.0,43.48101,4.321738020629375,0.04722725598321307,0,1024,0
3690E5CA-2090-4DA5-A805-327DE86B80CA,4431,0,0.0,6,0.4942450914014895,841,69.27668697810877,48,0,142.0,17.47054005812003,70.505,0.0,3.522020216590466,0.0,21.58549,-0.3933109763299072,0.03605660105018302,0,1024,0
01F7288F-0F48-4BC6-A531-FA1A7629A20A,3674,2,14.0,1,0.09934676102340773,108,10.729450190528034,90,72,831.0,113.99389607382766,412.4885,-2.475639,58.73422929907552,0.0,181.7205,-34.97681369848816,-0.583164311237875,0,1024,0
3EB5027B-DB08-4931-8549-C2DAAF253F64,12711,3,236.5,2,0.057430571945558964,162,4.651876327590276,199,7,751.0,139.41559504513165,416.0889,-0.3444895,59.79287246378168,0.0,225.0,5.100760411658484,0.12341185201748824,0,1024,0
803A4BE4-7A83-4CC2-B52F-2328EDDD7381,137,1,0.0,0,0.0,0,0.0,-1,117,803.0,63.86165072479262,805.0,0.0,61.00785142481633,5.328467153284671,140.87256,57.694919857769115,0.08512220035555347,0,248,0
63EFD9D9-EEBA-49B7-9A49-02D344868BE3,-22,0,0.0,0,0.0,0,0.0,-1,0,1039.0,0.24957424488630958,201.6037,0.0,6.735699225573402,0.0,0.0,0.0,0.006555658127746362,0,74,0
4F727414-F7E6-4B01-869D-C6717BCED803,4330,1,0.0,5,0.4214780600461894,270,22.759815242494227,296,694,452.0,168.19995550849995,354.092,-0.4808291,60.529716222185755,0.0,248.80962,-64.24220796220366,-0.059413139033043724,0,1024,0
FD954650-C53A-46A6-BFD1-D91E4B9651E9,12711,0,0.0,1,0.028715285972779482,12,0.34458343167335376,27,0,489.0,104.24098597153083,186.0,0.0,23.977792813015647,0.0,135.0,17.178304151925957,-0.013629597618478937,0,1024,0
8A0188AC-39B0-4F80-9F94-B06A743028BB,4376,3,98.5,1,0.08340950639853748,15,1.2511425959780622,739,107,451.0,129.84347016608976,278.9171,0.0,35.68884827853131,0.0,174.42203999999998,-13.487316304207042,-0.09373128958261952,0,1024,0
9809289C-CDFF-429C-AF50-CDE2FD3210F2,9387,4,210.0,4,0.15553424949398104,159,6.182486417385746,148,321,266.0,118.39999585288663,233.0409,0.0,29.22313667237813,0.0,145.6955,-7.474272549645903,0.10105634870378459,0,1024,0
A84C30F4-9736-4403-AA25-3BED51DC5A2B,8210,1,0.0,1,0.044457978075517664,185,8.224725943970768,298,88,375.0,122.6837797034914,230.78,-18.7,33.265410113520005,0.0,157.86,-51.482582172627204,1.695261995079415,0,1024,0
C13CA763-0AA5-493F-BB21-60C6094CEAC1,12711,3,346.0,1,0.028715285972779482,118,3.3884037447879787,854,315,326.0,102.42960020147878,264.1347,0.0,52.53031516090636,0.0,152.9297,-53.12827818280595,-0.14834006245655465,0,1024,0
E5881D0A-9BDC-49AC-A85E-FF64CD676A2F,2789,3,291.5,0,0.0,0,0.0,-1,416,452.0,70.22553455581438,262.1021,0.0,40.746807971000855,0.0,126.84127999999998,-2.081276632974877,-0.29569870727418174,0,1024,0
D8094B5F-F4A1-4926-8E0B-288E2BADD0DD,3854,5,145.5,4,0.3788271925272444,352,33.33679294239751,199,415,452.0,27.807129133755936,171.2718,-3.533,21.42333013195042,0.0,55.217199999999984,14.972650974577398,-0.08521534237656174,0,1024,0
21DB4D85-15F5-41AC-932D-D07DA4E0A08E,5971,4,149.66666666666666,2,0.12225757829509296,14,0.8558030480656507,120,537,489.0,122.19295787825898,388.0,-307.6875,36.94434633690864,0.0,169.0,-4.885396149863922,0.4691779506385282,0,1024,0
CD2CC60C-A7FC-4B36-917D-175D718DDD25,12711,5,242.5,5,0.1435764298638974,220,6.317362914011486,519,10,739.0,272.96811579794496,585.0,0.0,91.70256664806209,0.0,393.0,-118.23802320535236,-0.6631168457012779,0,1024,0
5F483BB0-26D4-4780-B11A-39CEC912ABA2,12711,1,0.0,5,0.1435764298638974,1036,29.749036267799543,205,925,264.0,111.59652781109291,707.68,0.0,23.08697555007283,0.1435764298638974,141.59357999999997,1.4240443710058486,-0.059822538056939,0,1024,0
E3D46CDE-05B2-4898-8487-DF6FECFD428C,5050,3,432.0,1,0.07227722772277229,48,3.4693069306930693,977,56,452.0,126.17710984264535,273.0,-13.8214,36.84785074093397,0.0,174.0,9.484927194391688,0.2154110246805753,0,1024,0
8E608B9D-7222-4821-B0AA-9FD27A832275,6878,1,0.0,0,0.0,0,0.0,-1,902,600.0,183.16046024699995,474.6093,-11.4,50.748317749940476,0.0,251.9531,-1.2988485880493386,0.19575735170991876,0,1024,0
D39AC5D9-A1B3-41E7-8AE8-2D9B3351878B,8955,1,0.0,1,0.04075935231714126,73,2.9754327191513124,279,901,271.0,22.026458800179967,159.9827,0.0,11.015615797143091,0.0,37.156842,-1.9424793717077442,-0.025374476871936783,0,1024,0
2913AA43-DAB3-4727-97D2-C38B86F71128,1040,2,12.0,5,1.7548076923076925,136,47.73076923076923,589,874,624.0,26.298235426528215,473.1488,0.0,29.217877863115902,0.0,68.0,22.488031167607588,0.21487554227884575,0,1024,0
C505FE32-41AA-4382-8989-6883FD0BA9F6,3617,1,0.0,1,0.10091235830799006,5,0.5045617915399503,749,880,1039.0,227.8050256045285,470.1715,0.0,42.12248012413542,0.0,282.28229999999996,-19.602338027368006,0.05455518118357933,0,1024,0
8C4FBEC2-F1A5-4336-883A-E15C18D81F97,1351,1,0.0,1,0.27017024426350855,375,101.3138415988157,796,876,624.0,108.56134258925478,264.0076,0.0,62.909110199633815,0.0,198.5992199999999,-47.54885099689367,-1.3330907298722938,0,1024,0
8BB51D34-33B4-430E-B693-6CCC2F22F5B9,1081,2,227.0,3,1.0129509713228493,452,152.61794634597595,796,644,602.0,17.947027126936373,138.0,-4.628,18.745174218097883,0.0,45.0,-14.575113542831435,0.011461519977886594,0,1024,0
5B838E1C-3993-4E59-A9EC-FF210637E797,890,1,0.0,0,0.0,0,0.0,-1,853,482.0,90.93553426330315,252.4308,0.0,67.51293798825903,0.0,190.78808,-45.19224283259327,-0.41199173971495484,0,1024,0
7EBA0E3D-E744-4672-BD7B-86F0F3BF8B56,12711,1,0.0,1,0.028715285972779482,58,1.6654865864212098,154,852,452.0,104.7448677664061,232.0,0.0,30.401203720246485,0.0,145.0,-8.159759741714751,0.1020136802439305,0,1024,0
7EE4A26C-1EB5-4987-A73A-90C17F51FB24,5271,3,344.5,1,0.06924682223487005,69,4.778030734206033,832,139,768.0,87.72392271482612,259.3,0.0,29.350883019978987,0.0,130.0,19.375351976531917,-0.26525979430485425,0,1024,0
94B0146D-48B4-491F-933B-B7D9DF0E074E,3551,2,0.0,0,0.0,0,0.0,-1,809,452.0,41.18671680731696,188.7297,-1.55999,30.19884351813092,0.0,83.132036,11.762864208963897,-0.09554043223991851,0,1024,0
3748EB92-5990-48E4-B964-9F2F1ECE202A,12711,3,51.0,1,0.028715285972779482,337,9.677051372826686,796,704,269.0,40.74798333117756,515.1967,-1.818,51.66190542299339,0.1435764298638974,115.0,-40.18052962747385,0.002072386622947977,0,1024,0
0929FEE4-99CA-4E47-9961-7725857D46B1,929,2,256.0,26,10.215285252960173,24387,9581.54467168999,18,548,301.0,48.406404598973154,138.3514,0.0,27.019954963598458,0.0,79.08821,21.965232451181166,0.14050645186242108,0,1024,1
A2377B8D-B5A5-4125-8875-F7B199E6A415,2975,1,0.0,1,0.12268907563025211,5,0.6134453781512605,465,805,451.0,61.37200622083982,238.4,0.0,62.170266605762365,0.0,170.0,-43.635817949234884,0.024833827221451804,0,1024,0
BA7B92C9-C317-4FDE-98AB-7CA26DEF0FB2,6240,1,0.0,0,0.0,0,0.0,-1,791,312.0,55.906660237964815,129.0,0.0,19.876725598027292,0.0,83.0,-19.350024435495676,-0.04805805929405119,0,1024,0
6085C67E-1F01-449C-B43B-43ED266AB867,12711,5,193.0,2,0.057430571945558964,356,10.222641806309495,43,17,314.0,34.22509671075811,109.1,-32.26303,19.64448198494167,0.0,59.9,-2.0384146117611976,-0.01084507462201374,0,1024,0
8ABC2B43-ED95-4E5B-9E70-40FFCFC10E0B,8852,1,0.0,1,0.041233619521012205,1801,74.26174875734297,256,756,314.0,48.87455225505444,237.111,0.0,28.020092837932676,0.0,89.0,-11.211897934066783,0.02372949563957353,0,1024,1
33C64837-862E-4D62-8B39-E659102BE80F,3031,1,0.0,1,0.12042230287033982,4,0.4816892114813593,59,752,250.0,66.2009039233397,222.0,-18.8,19.10918056554851,0.0,93.0,-1.9232804665495706,-0.05148738070092786,0,1024,0
CDE3BF80-45A8-4454-A382-5832C64A3A3B,12711,5,153.75,2,0.057430571945558964,28,0.8040280072378255,443,124,188.0,19.601461011022295,90.0,-15.67459,14.289761608837601,0.0,40.0,-7.96272644312106,-0.018259455899917364,0,1024,0
50407294-CFB1-4B51-9BAC-CA1E4E222106,1886,2,1.0,1,0.19353128313891835,235,45.479851537645814,796,686,602.0,51.216950254983615,205.364,-2.102661,11.197676966525759,0.0,62.382634,1.6652056454793538,0.07357882533447167,0,1024,0
FF43581C-077D-46BB-8122-361C7B35518C,1219,2,587.0,1,0.29942575881870387,2,0.5988515176374077,224,97,452.0,100.95823024006603,174.8959,-9.599999,19.574495125288678,0.0,129.88998,-14.64647332031295,0.13475220130506696,0,1024,0
C8D30CC8-EE14-4099-A3EA-204972D0D165,1662,4,109.33333333333333,4,0.8784596871239471,442,97.06979542719615,678,346,831.0,240.53422673487404,20482050.0,0.0,53376.25181579696,0.21961492178098677,125.44127999999999,-146.79226750493575,-0.31363419714835644,1,1024,0
13510E1A-9690-4369-9442-4DA1C4ADBEEB,5788,1,0.0,0,0.0,0,0.0,-1,671,209.0,53.427057417129035,113.21,0.0,13.195605754922552,0.0,71.55,-0.04726343564755098,0.11524837028343575,0,1024,0
7A0D8C02-A584-4215-9DBC-2D8329900CC6,12711,6,131.4,3,0.08614585791833844,59,1.6942018723939893,196,62,789.0,168.9296486517673,584.03,0.0,98.51889518853952,0.0,293.98,1.0782988790968773,1.2281205624378684,0,1024,1
9DA0A802-E704-4C2F-AC5C-FBA1233EAD9A,9258,3,305.5,1,0.03942536184921149,846,33.35385612443292,204,26,820.0,231.64266830434576,946.0,0.0,79.32389354599667,0.03942536184921149,324.0,-34.81681953891365,-3.950887569567687,0,1024,0
C8DCBAAC-E4EA-4EE4-8FD3-2B32C4D6C764,4623,5,90.0,2,0.15790612156608264,23,1.8159203980099503,351,270,150.0,45.72542628916039,101.558,0.0,15.541603604027397,0.0,65.2732,3.3794583096050417,0.038726053719434814,0,1024,0
E46BEB47-635B-4F8C-B788-9549B07FB1BD,2920,7,69.5,7,0.875,533,66.625,253,212,450.0,103.11442732958906,363.6,-19.8818,49.6224775725358,0.0,167.37,-4.7752714653915405,0.17000256318786902,0,1024,0
8361C020-2620-4529-B0A0-03C216F6FA9E,3460,3,283.5,1,0.10549132947976878,198,20.887283236994218,667,64,831.0,169.69391976555042,345.3226,0.0,75.27389430587144,0.0,251.6441,11.850518542628606,0.2959468315166524,0,1024,0
78B3EBC8-F56B-4BB3-A5F7-2706B151DA0D,3590,1,0.0,1,0.10167130919220056,15,1.5250696378830084,329,588,451.0,162.98482026717343,408.9703,0.0,89.04186997484459,0.0,280.99508,35.927464364616725,0.31498541310386313,0,1024,0
307666EB-D13B-45F5-AE71-0625CA7FFA8D,12711,5,88.75,3,0.08614585791833844,322,9.246322083234993,325,245,301.0,50.04516696481423,252.7,0.0,17.896857423021725,0.0,73.8,2.8443623564820655,-0.07153627219575272,0,1024,0
C2BB26A4-687B-4185-8F3F-1387DB51C500,4402,1,0.0,0,0.0,0,0.0,-1,553,538.0,87.19972412001603,213.0,0.0,25.993516091899412,0.0,120.0,-5.100650045941961,-0.022724570477456484,0,1024,0
37269223-9280-4724-8C43-59E4154D0EB4,3826,2,197.0,3,0.2861996863565081,67,6.391792995295348,351,527,150.0,45.43778493311239,100.6699,0.0,15.224968019209069,0.0,64.690588,3.2094701219030455,0.037674841268937165,0,1024,0
3AF39594-F1F2-41DD-8019-F6DC70309A84,2127,2,1.0,3,0.5148095909732017,350,60.061118946873535,615,518,831.0,180.68398410798858,449.3375,0.0,68.48968522348356,0.0,272.26822,-13.330916611846618,-0.8517507986830528,0,1024,0
26245C96-2CD6-40BA-8241-3769DFA5D8BD,672,1,0.0,1,0.5431547619047619,4,2.1726190476190474,62,493,602.5,58.79417475080716,273.6766,-124.1082,59.584461930896865,0.0,147.20654,120.70115010104469,0.24303082745681098,0,1024,0
BEDECAEF-22CF-4F6B-A9D9-03809C319826,629,3,104.0,6,3.481717011128776,845,490.34181240063594,320,329,452.0,97.1403598891882,288.0,-0.2568916,49.04501165175986,0.0,143.0,24.242124934114273,0.24177156067896588,0,760,1
1EAE67FA-5497-4F17-BD60-E50D2108D271,3437,4,129.33333333333334,0,0.0,0,0.0,-1,486,452.0,46.26852295802291,166.0,-22.6,13.829975335928653,0.0,64.0,10.569362844446225,0.012664286400187828,0,1024,0
47385182-ECF8-458B-B139-DD5CC20E28E6,8796,3,10.0,3,0.12448840381991814,203,8.423715325147795,42,479,271.0,80.07536976210041,255.6026,0.0,41.720377351770594,0.0,135.83479999999997,22.293525617529227,0.5806038013517177,0,1024,0
E7E3043D-F19C-4229-92BD-9AAE6F2042B6,8348,2,1.0,2,0.08744609487302347,284,12.417345471969334,779,448,301.0,57.388353263190425,240.4425,0.0,23.307132451254656,0.0,87.2,-4.897620233483636,0.05608561065038589,0,1024,1
6A97A554-D7C2-4618-A10A-D667E7BD57BA,3793,4,46.666666666666664,3,0.28868969153704194,624,60.047455839704725,305,300,371.0,68.68839045607042,150.0,-2.972473,27.964284841428178,0.0,105.0,6.32086880318883,-0.041458479099,0,1024,0
552C4C96-F16B-47E5-9B2D-3230736F71DF,2331,2,0.0,0,0.0,0,0.0,-1,438,452.0,109.41430643748261,281.0,-13.6,42.36047831292704,0.0,164.0,-8.8535039683468,0.07774130779739784,0,1024,0
D67E77B7-40F0-4C8E-A09B-FD42FCDD03F1,1677,3,121.5,3,0.6529516994633273,383,83.36016696481812,796,434,831.0,27.134423283441425,86.12652,0.0778044,15.417713407645776,0.0,50.012068,10.10712992095672,0.21039030380376925,0,1024,0
5583101A-4AF5-483C-B8D1-A32F4E33B8D5,12711,3,99.0,3,0.08614585791833844,241,6.920383919439855,435,227,269.0,52.807452926327876,143.9,0.0,21.631663072297254,0.0,73.1,33.05150540700546,0.051395708432143195,0,1024,0
FAF71C56-C66C-4B45-A802-D78BB4F6E1EB,12711,1,0.0,1,0.028715285972779482,214,6.145071198174809,796,422,264.0,73.1172150679199,156.0,-496.0,18.227514439427175,0.0,97.5,4.270690024672689,0.0985597073026141,0,1024,1
32C858E9-875B-43D7-992D-62985F5ADA2F,4071,2,0.0,0,0.0,0,0.0,-1,406,301.0,27.95639820797707,101.1027,-34.14572,14.171076100650502,0.0,47.24885999999998,-4.130571260214726,0.06569103847586648,0,1024,0
CD150240-E82B-43BB-80F7-CB70234FFF5F,5089,3,129.0,0,0.0,0,0.0,-1,210,188.0,24.856643652434347,98.0,0.0,9.90892630932718,0.0,38.0,-3.9586498252738522,-0.03768526521337564,0,1024,0
95BA4402-942E-49AD-8E3B-7C16BF60F656,12711,5,115.0,6,0.17229171583667688,1253,35.98025332389269,142,35,225.999,29.603796042907497,111.5699,0.0,34.115907372019045,0.0,74.60537199999999,36.58596068317275,-0.07211900260726993,0,1024,0
97C338DC-7669-4BA4-8B57-DF87ED9B047E,2923,2,0.0,1,0.12487170715018817,307,38.33561409510777,796,373,602.0,78.9196981627809,239.6476,0.03456794,40.28287632208339,0.0,145.63517999999996,43.01200887811416,0.2789853932371706,0,1024,0
0EC04EA5-F77E-4D6D-8583-EE00C9E5B9D0,2779,2,0.0,0,0.0,0,0.0,-1,364,748.0,93.92792036248616,405.0395,0.0,36.57504939578629,0.0,138.79564000000002,31.687013310353336,0.24940378669394983,0,1024,1
EE6A50AE-34AB-4577-A6B8-DE0A643921BD,5073,2,90.0,0,0.0,0,0.0,-1,364,188.0,18.913770487391933,100.0,0.0,9.057399654569252,0.0,32.0,-2.2054371540586004,-0.17661485414296865,0,1024,0
DB233991-1F7F-4264-B67A-2B8477FECCE1,12711,3,156.0,0,0.0,0,0.0,-1,37,266.0,120.51738773265329,258.9601,-31.4528,62.107533541383795,0.0,186.0,39.383390084476346,-0.2570661935602981,0,1024,0
5F90C0FB-7BDD-44DB-A6D2-AF1B38DFFC84,12711,1,0.0,4,0.11486114389111793,14,0.40201400361891276,76,329,488.0,58.25837698404586,203.3936,-37.1265,58.52029157733189,0.0,160.8032,-40.637996336653885,0.004919689408654538,0,1024,0
8E086990-00A0-45D9-A1AC-9A79E3A11D21,371,3,56.5,1,0.9838274932614556,34,33.45013477088949,332,196,1246.0,235.36489241262123,1003.679,0.0,195.1506009488163,0.0,533.4246400000001,127.84771969154545,0.3678020305618526,0,424,0
2F6DA7D1-915A-4335-B0EF-1B35C34A0E1F,2377,2,61.0,0,0.0,0,0.0,-1,218,301.0,48.7783547894015,108.6,-6.236812,12.356984898180245,0.0,66.3,-4.158536102595946,0.031732861143023615,0,1024,0
41E5118C-A42B-4BDE-AB32-9C3566EDAA39,12711,5,43.5,0,0.0,0,0.0,-1,272,432.0,116.31183636542679,211.23,0.0,23.43073396797584,0.0,145.8,1.8515386345732168,-0.4296613790912863,0,1024,0
1F9A92EA-F9E2-498F-AAD3-AD6DBB1E865E,5607,2,1.0,1,0.0650971999286606,27,1.7576243980738362,871,269,131.0,28.488740687416378,232.6,0.0,17.716012741229278,0.0650971999286606,49.5,2.3606806088799175,-0.07907226200768776,0,1024,0
857F915F-1C2B-47F1-A172-492B94761B5B,385,3,79.0,0,0.0,0,0.0,-1,225,603.0,77.60191390937715,314.9013,-14.18723,85.90963421632567,0.0,201.56974000000005,89.00784261531422,0.12100047356196848,0,760,0
F6E0DA25-85FB-4E53-BC0D-EE9B432BC47F,353,3,35.5,0,0.0,0,0.0,-1,174,887.0,79.78516707075488,235.3271,0.0,50.87028360568464,0.0,149.36217,-4.977457858640676,-0.38970124859576766,0,403,0
D4F6F205-A6A6-4F9D-8BCA-2F2E629CAB34,3082,3,360.0,2,0.23685918234912395,46,5.447761194029851,18,239,451.0,105.2936725418708,275.1525,-28.45106,61.2375110359974,0.0,192.80303999999998,-8.39670138538932,0.029039620608990846,0,1024,0
42D1D8CB-80FB-4477-992F-5B36682F7037,3180,4,123.0,1,0.1147798742138365,6,0.6886792452830189,225,225,1040.0,163.1985360755601,531.1835,-1.288677,78.03102784078126,0.0,270.11415999999997,-52.29884049369282,-0.621666304756494,0,1024,0
E4EFA749-DE05-4CE0-B294-FACEAF47AD4B,2695,4,242.0,2,0.27087198515769945,86,11.647495361781077,378,204,361.0,70.67033218291034,225.7917,-31.30568,33.645675642114796,0.0,114.6753,1.3365219374600201,0.23950827308235256,0,1024,0
ABFFDC0D-9FB7-4D3B-BD20-B94AB1BC7402,2639,1,0.0,1,0.13830996589617278,203,28.076923076923077,796,203,301.0,88.00417915581303,1047.416,0.0,17.90328688025089,0.13830996589617278,113.36116,-2.9973225501031493,0.09437417096581571,0,1024,0
C23B93D1-6D8D-440E-911A-D6D9192CC4D2,4472,3,249.5,2,0.16323792486583183,24,1.9588550983899822,199,199,803.0,90.21466960827725,284.79,0.0,50.89548486562189,0.0,163.13,15.056560329994369,0.23511138549331886,0,1024,0
4F62C8AA-4BDA-4961-B66F-9BFCA812D0F7,854,1,0.0,0,0.0,0,0.0,-1,192,250.0,23.078648540608636,82.53806,0.0,13.293825427069656,0.0,38.699104,0.04959147258580998,0.016137413530055263,0,1024,0
3851D4EC-7685-4C83-A34B-CDA4C8243E2D,7172,3,93.5,0,0.0,0,0.0,-1,4,798.0,117.3614628067448,380.9532,0.0,64.20777817765365,0.0,209.19922,-44.48860949968616,-0.324029866186179,0,1024,0
98A71AE0-3C28-4381-A1BF-3523AFCFD83D,5688,1,0.0,6,0.38502109704641346,411,26.373945147679322,126,189,391.0,148.2688026713746,283.3233,0.0,44.7673677521058,0.0,216.06752,-24.382020108874585,0.25241756961582523,0,1024,0
8F9C870E-251F-4857-81C1-D587DEF9AE60,1148,2,1.0,2,0.6358885017421603,135,42.92247386759582,176,176,452.0,105.58203080329174,240.1837,-0.3500977,29.638209017807814,0.0,146.84004,-11.637437726902846,-0.1354473710238405,0,1024,0
06B483A0-1832-4A94-BA54-4BA71368635F,352,1,0.0,0,0.0,0,0.0,-1,177,678.0,30.71517338155122,124.4909,0.0,16.395335124336814,0.0,50.527634,5.608804955640135,-0.09275890267606703,0,403,0
E49AEB5A-C1B2-4A2F-9519-C650809EBE04,4319,2,558.0,2,0.1690206066219032,327,27.634869182681175,80,170,126.0,51.20089966415223,125.2804,0.006354059,22.30948047616941,0.0,78.24533399999999,9.932892885056106,0.22306546715412873,0,1024,0
000D19AE-90F4-4E04-AE7D-E5CF952562D1,12711,2,0.0,2,0.057430571945558964,7,0.20100700180945638,788,168,156.0,31.490301810559878,61.54682,0.0,9.414945835442484,0.0,43.98872399999999,-0.4971464911154371,0.011779157119276212,0,1024,0
EF58576A-4576-43DD-887F-CC0B3A5E04FD,4403,2,1.0,8,0.6631841925959573,116,9.61617079264138,66,161,301.0,43.389787338505094,101.9544,0.0,13.183769405676495,0.0,60.355954,-1.546329839508175,0.24163376443310802,0,1024,0
FE858CB0-C9EA-45C7-AE2C-E2BFBE6BB351,2458,1,0.0,0,0.0,0,0.0,-1,144,472.0,120.2904700965045,457.1287,0.0,20.329867367374103,0.0,145.59258,-1.7867431813810555,-0.09053077317970634,0,1024,0
50B4237B-C3AC-48AE-8E9A-D392D1A2B753,8477,7,107.0,5,0.21528842750973223,248,10.678306004482717,200,75,251.0,93.0736212396857,186.9,-36.933,22.729081467858077,0.0,121.0,4.080043883771083,0.13274962501077514,0,1024,0
D8706D99-4904-41E9-9C7E-17063B75A4E5,12711,3,153.5,5,0.1435764298638974,3072,88.21335850837856,796,133,171.0,18.822156676832805,86.30524,0.0,4.648827840540845,0.0,24.71849,2.12969496136164,0.04179615556279667,0,1024,0
1D499149-57AC-4248-B6E0-06E8AAB47AD4,6650,2,1.0,8,0.4390977443609022,575,31.56015037593985,475,119,271.0,88.14652901743328,156.9,-21.76611,25.501042997734572,0.0,118.7,-15.205178708791308,-0.12966249262604934,0,1024,1
BE12FD01-7810-404E-A4AC-D3C4E35D4411,12711,3,116.0,5,0.1435764298638974,148,4.249862323971363,340,108,199.0,61.74809165212194,239.5522,0.0,20.670470070275943,0.1435764298638974,88.0,-6.245236713850339,0.19031722023290404,0,1024,0
662BF047-B6C0-4A85-8580-647D11D6390E,7892,6,111.8,5,0.23124683223517487,778,35.98200709579321,206,84,157.0,40.20003772509699,451.8761,-18.30736,10.459641459994746,0.8787379624936645,52.584329999999994,2.4777096188983805,0.079341694444405,0,1024,0
45F6B4E0-1554-446A-8FC5-19241EF68471,2309,2,0.0,8,1.2646167171935903,797,125.98744045041143,199,77,452.0,194.52330349351772,326.8742,0.0,40.22225172565735,0.0,247.64798,15.98037390617364,-0.14044121532514425,0,1024,0
16D976FF-3466-4459-A793-C8E92BE70270,7011,2,1.0,1,0.052061046926258736,28,1.4577093139352446,105,63,377.0,119.01479829774881,211.5007,0.0,20.7961095923056,0.0,147.33906,-1.4008410592896894,0.09657642451367673,0,1024,0
917651D5-EB52-470C-9071-6CC2D91D9F57,2224,3,0.5,0,0.0,0,0.0,-1,51,452.0,92.15752443173714,182.0,0.0,23.013831489797273,0.0,122.0,8.007136062090012,0.07399518916363833,0,1024,0
5FF4882C-FDA4-4E16-9B33-337133325796,2428,1,0.0,2,0.30065897858319607,525,78.92298187808896,563,50,1039.0,172.97918333099489,492.4461,0.0,110.14304625367853,0.0,327.33968,36.19709787973042,-0.15585112979452093,0,1024,0
8855687A-DBD5-4C17-AA82-2D9C378569D9,3521,1,0.0,0,0.0,0,0.0,-1,35,630.0,161.43519835144284,531.78,0.3159409,37.385022227409245,0.0,210.11411999999999,-2.3171098220832675,0.29557827928042385,0,1024,1
06B0E02E-A74C-4F9F-945B-0397916C946A,4137,1,0.0,2,0.17645636934977038,1959,172.83901377810008,324,33,452.0,116.71485637256106,304.6803,0.0,82.34952070539536,0.0,231.59474,26.292266115633367,0.018974117084219328,0,1024,0
B4F2A313-F31F-44D8-A8CB-AD58324CC2F6,5428,2,90.0,1,0.06724392041267502,38,2.555268975681651,126,6,490.0,143.6933376087119,702.0,0.0,47.258262188006775,0.06724392041267502,204.82,-5.526995902693386,-0.17578822467865599,0,1024,0
753CCF25-D9A0-46CF-99E4-DE76429A20A6,5280,7,45.833333333333336,6,0.4147727272727273,135,9.332386363636363,197,3,301.0,98.81961403425173,240.25,-31.86622,17.122001656346846,0.0,124.59387999999994,15.911425020780968,-0.10857820104914989,0,1024,1
672B6ADA-B729-4284-A6B4-39D5B4F69203,24,2,1.0,0,0.0,0,0.0,-1,0,416.0,29.81037867947864,175.299,0.0,45.79828657235675,0.0,107.7164,0.0,1.5327720061355021,0,74,1
BF5709D0-85AF-4054-9BA6-4847386CD54A,1054,0,0.0,16,5.540796963946869,419566,145295.62618595824,100,0,451.0,64.96234375280379,354.92,0.0,51.219870316588946,0.0,135.15,-2.8157455660753854,0.1201709376877264,0,1024,0
09B55CF9-E0DB-4D5A-8A18-E83FD35C5802,1245,0,0.0,0,0.0,0,0.0,-1,0,452.0,43.40221631581561,513.7,0.0,26.45889647037301,1.465863453815261,81.43095,-16.073859887266224,0.1061586941580365,0,1024,1
237221B0-4D26-443E-A990-4A458A0E1B0E,1610,1,0.0,2,0.453416149068323,17,3.8540372670807455,795,588,452.0,40.942850480858695,84.46326,-224.1681,11.13464169190833,0.0,55.854589999999995,6.481004456641301,0.07074309672371913,0,1024,0
C1D9855E-7BD2-4741-9672-99A92F1509BB,12711,2,95.0,1,0.028715285972779482,11,0.3158681457005743,428,339,301.0,111.49439232289961,218.77,-26.85544,30.47627996094687,0.0,148.26,4.709345331421375,0.07544503893930923,0,1024,1
52BDF23D-D520-45A5-BAF7-3AE0588B443A,3632,0,0.0,2,0.20099118942731278,699,70.24642070484582,356,0,312.0,39.10018909971001,112.2864,0.0,19.5365572304226,0.0,63.91368,17.172213864024563,0.1129035495139507,0,1024,0
EAB87D4F-8510-48D3-9851-A3E73A5F1D61,12711,3,49.0,1,0.028715285972779482,34,0.9763197230745024,428,460,269.0,104.69835380552408,211.27,0.0,25.18385227301317,0.0,137.68,2.4699224290438337,0.04995001097519018,0,1024,0
30B29AA4-275A-4F18-9FC0-A0EBB7060768,998,2,71.0,0,0.0,0,0.0,-1,89,415.0,80.60676711297955,1024.0,0.0,48.281883224825556,1.8286573146292584,148.86491999999998,21.144438153455624,-0.023754553974243316,0,1024,0
1CE56AEA-BF03-4F9A-95FC-818D504DE34A,2436,2,356.0,0,0.0,0,0.0,-1,610,602.0,190.25966190093334,351.7194,0.005063998,36.662415686209606,0.0,237.14142,-23.92104051590252,0.05069600678794377,0,1024,0
BF3AEF5D-C6F4-4B6E-AB23-E20259719D21,1974,4,206.0,2,0.369807497467072,1683,311.19300911854106,515,318,1662.0,347.260120749489,940.0,-23.0,118.59190262604417,0.0,489.0,28.261715670264095,-0.9361889099252644,0,1024,0
7FD4D90D-20B0-48CB-BA23-936982304829,5023,4,288.6666666666667,0,0.0,0,0.0,-1,34,682.0,161.9298277649609,324.1945,0.08881455,37.94237719314833,0.0,211.94881999999998,-0.8885661848451605,0.2964154710985048,0,1024,1
5B3AB9AD-02B9-4E85-92E0-C124E60EB941,917,4,278.3333333333333,2,0.7960741548527808,79,31.444929116684843,53,52,302.0,47.96344898143709,205.927,-445.4993,33.858885151687915,0.0,95.33180000000002,24.56568219140241,0.22304912860749623,0,928,0
1ACDD6C6-89CD-4DE8-8308-D72D65051964,1396,2,322.0,3,0.7843839541547278,516,134.9140401146132,62,553,151.0,8.052244382737848,26.25901,-2.454,5.472727141073942,0.0,15.742066,4.997654537401042,0.08061152439995113,0,1024,0
233D30A4-11C2-4F96-BAE3-0183124C3A60,910,2,196.0,1,0.40109890109890106,9,3.6098901098901095,742,679,452.0,113.47223885792647,241.0,0.0,40.93062301851326,0.0,167.0,-10.589831450519057,0.20176793659930486,0,918,0
91149E01-0E5E-4D04-96C3-98C024D00242,1596,1,0.0,1,0.22869674185463656,91,20.811403508771928,796,861,250.0,41.07508736121618,235.9262,-0.1003746,8.938339187074767,0.0,51.19566,-0.6348959507223455,0.04989507035730117,0,1024,0
336DA11F-9E69-4F24-A98B-05D713991A6B,1033,1,0.0,0,0.0,0,0.0,-1,856,250.0,38.783656290131546,724.9043,-1.598337,18.46013037150955,0.35333978702807356,63.345338,1.5766413994517805,-0.08665535192935019,0,1024,0
0426A25C-3A1D-4759-AB6B-27D5F04588AC,874,3,101.0,3,1.2528604118993134,34,14.199084668192219,58,640,250.0,43.628653302729425,300.0,-2.883911,21.69717096595684,0.41762013729977115,66.0,4.91309052443107,-0.05014593708418761,0,1024,0
B6EBB536-F394-4378-99FB-5EE0CD3D886A,12711,2,757.0,1,0.028715285972779482,707,20.301707182755095,917,61,472.0,143.6673897405244,265.1184,0.0,42.72751832479397,0.0,188.2324,-74.32407097123429,-0.9352954245101114,0,1024,0
1D2EA738-97F5-413A-BA15-7C99BC5120C3,12711,3,144.5,4,0.11486114389111793,223,6.4035087719298245,156,500,128.0,16.048340130528974,311.5034,0.0,6.318485302854034,0.1435764298638974,24.0,5.357099684285842,0.026336156041192875,0,1024,0
9B56DC62-22B0-46D6-9480-9DD877B4CE56,12711,3,338.0,0,0.0,0,0.0,-1,100,452.0,1.7148287336964423,214.4088,0.0,8.08372424239347,0.0,0.0,17.76845726557825,-0.1489054031305894,0,1024,0
8E599CFF-1A47-4F5D-8C3D-4D9DE9F29F6C,1398,1,0.0,1,0.26108726752503575,507,132.37124463519314,796,764,209.0,27.869471124545154,246.1852,0.0,7.510293740328023,1.3054363376251787,38.010562,7.230046060640031,0.0587487255227806,0,1024,0
51C9901A-7D43-453E-AF50-3B8251DA3D54,860,1,0.0,0,0.0,0,0.0,-1,746,831.0,117.28182767959412,233.7652,0.0,28.19194448424495,0.0,152.7387,-22.97755252758793,-0.26119957259880083,0,851,0
F240884B-62D1-45A4-93F4-EDD499BEF2A2,908,2,668.0,1,0.40198237885462557,87,34.97246696035242,369,69,1663.0,509.3118919090046,1261.672,-4.021505,275.72073254739365,0.0,843.5470399999999,231.86325880654334,0.47334199774241714,0,1024,0
19F215C0-9EEA-489E-94E9-E5C8410E8D75,839,1,0.0,0,0.0,0,0.0,-1,725,887.0,31.730237890213317,99.308,0.0,12.166315714021316,0.0,47.336,-1.6705675198429475,-0.07631782798977067,0,851,1
A237E64F-3AAA-48A5-A4E6-A71866DDF30E,741,1,0.0,2,0.9851551956815113,28,13.79217273954116,683,721,661.0,154.23059350149646,478.5409,0.0,49.79925703959315,0.0,208.35226,3.0753229892442846,0.3341117232018603,0,760,0
88FBCAD3-5D91-4ACF-BEF1-4552774DC1B7,-5,3,295.5,1,0.0,24,0.0,316,125,602.0,102.15882169443181,210.12,0.0,45.38495513329778,0.0,151.8,-98.8981966944318,0.19607281763181167,0,1024,0
E4F0D14F-8944-4C02-BC15-E8EC2E96B87F,1398,1,0.0,3,0.7832618025751072,622,162.39628040057224,796,708,1040.0,192.40761033732437,375.7616,0.0,31.447972160688593,0.0,232.67114,26.98040734786082,0.2806762103801385,0,1024,0
B9F60663-A5FA-4DFD-8B23-69C9C962CFBD,4039,1,0.0,1,0.09036890319385986,11,0.9940579351324584,8,691,451.0,52.264406057121704,865.83,0.0,29.299400479643175,0.09036890319385986,92.96875,18.737853660316574,-0.19443457691675234,0,1024,0
329ECA34-1A6C-404D-A263-A4FE82BE2DDA,1219,1,0.0,2,0.5988515176374077,74,22.157506152584087,127,683,452.0,100.42773212473735,173.6115,-5.0,19.353250832959525,0.0,128.91362,-14.484170274428706,0.13588692127506785,0,1024,0
30A862C5-7497-4067-8931-549953D91397,748,4,214.0,3,1.463903743315508,192,93.68983957219251,119,36,452.0,134.0219819011487,543.8719,0.0,29.397315522665064,0.4879679144385027,163.59406,2.2467142199932653,0.11399885457325278,0,760,0
758E6981-F6AE-4472-A222-EF7502F0AF06,12711,4,189.33333333333334,3,0.08614585791833844,2259,64.86783101250884,341,105,281.0,80.32986638607238,169.06,-16.19285,25.060587537765684,0.0,110.04,10.996453829976986,0.13697100865210277,0,1024,0
9F783F39-6CA6-4323-87AC-FC4F7CA6184B,808,2,7.0,3,1.3551980198019804,290,131.00247524752476,689,673,832.0,182.641035184023,661.2498,-4.788715,144.74197534867469,0.0,389.26782000000003,109.51848330517453,-0.12598867189164864,0,949,0
AFF3BDD3-24C5-4873-9A1F-5E095330A78F,3772,1,0.0,1,0.09676564156945917,28,2.7094379639448567,220,655,630.0,168.18396640067368,302.0,0.0,33.55018499321015,0.0,211.0,-13.71737689450083,0.02948803693171054,0,1024,0
EABD1DC0-2B36-4163-8546-FDA15DE785C8,5346,3,0.5,2,0.13655069210624765,38,2.5944631500187056,332,634,225.999,67.05974307670083,174.679,-189.028,15.046358305612554,0.0,84.96094,3.359122070675724,-0.07628453928532831,0,1024,0
F2B54665-CE9B-4376-9E79-3189E65F7032,6555,2,0.0,0,0.0,0,0.0,-1,627,377.0,60.69043434339172,201.9065,0.0,27.51655655805947,0.0,97.92182199999999,-24.4121972715553,-0.22767548164461224,0,1024,0
49903CB2-EDF7-4F70-98B8-E9C744BCE113,12711,2,1.0,1,0.028715285972779482,3,0.08614585791833844,136,620,452.0,102.80293313955463,227.0,0.0,29.34153094321417,0.0,142.0,-7.76574178152994,0.08398876404485615,0,1024,0
A7D4AA4D-5547-40F0-9CEE-A67E752A87A0,12711,2,244.0,1,0.028715285972779482,9,0.25843757375501536,739,365,313.0,49.81413271625229,175.5,0.0,17.734986661170254,0.0,73.3,2.972788580275491,-0.07120043969739734,0,1024,0
DCE85A26-44E7-4A58-88F2-42C2F116CDFF,1351,1,0.0,0,0.0,0,0.0,-1,589,452.0,55.498533713053575,263.7538,0.0,29.84589870563902,0.0,94.538066,2.3936218818538393,-0.0033432915642854443,0,1024,0
13DF5815-4243-46F0-8103-8D9B28746CC4,3031,3,67.0,1,0.12042230287033982,7,0.8429561200923787,629,567,554.0,72.52697618993936,320.0,-26.9935,48.75279630357119,0.0,144.0,4.058054674258173,0.07175222821283178,0,1024,0
15E070C7-6367-4FE4-9C7E-EA228076BB92,2119,1,0.0,0,0.0,0,0.0,-1,559,0.0,126.87687325089702,1338.5,0.0,39.98660486487357,0.0,171.38105000000004,9.751127418856086,0.1222939429935204,0,690,0
67DB43A7-C55F-4065-8527-A93E6160DE6B,2177,4,174.0,4,0.6706476802939826,61,10.227377124483235,106,0,188.0,38.337918615456424,142.0074,0.009983522,13.02493686374785,0.0,54.892356,-4.1470735493467,-0.021289315535371445,0,1024,0
A68AACA3-3F7D-43AF-9946-EE67D1A379A2,3633,1,0.0,1,0.10046793283787504,198,19.892650701899257,796,507,301.0,90.37904289717278,162.0,-35.88287,21.491363159101347,0.0,120.0,-6.695015119395009,0.02257668985189005,0,1024,0
763B8726-F3DA-4386-A9DC-DD1ABFD5005B,1677,2,0.0,1,0.21765056648777578,353,76.83064997018485,796,497,831.0,26.901951529565967,136.8802,0.0,15.151866914803938,0.0,49.099162,9.7236878621007,0.20829113042519753,0,1024,0
8DDC5086-1AC5-4E69-9E58-5B0798DF3901,3618,2,15.0,3,0.30265339966832505,148,14.930901050304035,429,486,301.0,80.903568689983,256.2762,-3.605957,41.858458597929015,0.0,136.81842,22.064965499131773,0.5723728246292292,0,1024,0
A3CB7B3F-267E-40FA-BC84-02F007DABDD2,12711,3,78.5,0,0.0,0,0.0,-1,328,424.0,151.3022616420029,305.83,-122.23,41.65093728991346,0.0,207.06399999999994,-37.75334729015103,0.1198506108434855,0,1024,0
AB491B85-112D-44AC-A2B8-8AC3F712907A,3697,1,0.0,3,0.29618609683527186,203,20.041925885853395,730,442,831.0,220.92641795904746,721.7,0.0,143.96506378808292,0.0,407.6,59.525727102680946,-0.24560157175353997,0,1024,0
135779A2-0D81-4211-ADD9-341969F51C72,8694,4,69.0,4,0.16793190706234185,985,41.35323211410168,375,422,432.0,107.77758795282756,309.34,0.0,22.807390722944405,0.0,138.85,4.457256182974902,0.14500793879435464,0,1024,0
7BA18F7B-A213-4052-9481-787037F7ECE4,12711,6,121.8,2,0.057430571945558964,327,9.38989851309889,435,103,269.0,54.141784645534365,189.4,0.0,21.498715009643963,0.0,78.6,-54.141784645534365,0.0,0,1024,0
E4ADD619-7565-47CB-86F1-6ACA2B1B7CC4,12711,7,31.0,4,0.11486114389111793,183,5.254897333018645,295,236,289.0,36.86181421319281,200.44,0.0,19.665514391670552,0.0,64.30399999999995,-4.381098163810094,0.12411862804275926,0,1024,0
82A393EE-D05A-402D-8465-3B3BE32802E7,7768,2,141.0,1,0.04698764160659114,187,8.786688980432544,546,406,678.0,115.66396523714505,406.3499,0.0,58.49664995315678,0.0,198.78068,40.832870779058624,0.3447812640739593,0,1024,0
71631192-5D15-4D93-9FAB-AC9917F9BC53,4623,2,1.0,3,0.23685918234912395,65,5.131948950897685,351,402,150.0,45.64006860037895,99.9804,0.0,15.474613923791104,0.0,65.076,3.3406986835716665,0.038371070182371694,0,1024,0
213BC80D-6102-4D6D-8B7A-6B9D2B84DE55,636,1,0.0,3,1.7216981132075473,144,82.64150943396227,23,403,452.0,77.05081221955426,225.9679,0.0,50.395125634388016,0.0,143.62216,27.636547035538342,-0.09603916530938252,0,760,0
5DF86EBE-48A5-457C-8F61-0851605E4394,8666,2,238.0,4,0.16847449803831063,55,2.316524348026771,158,159,314.0,65.0814389749876,160.0,0.0,21.980259417980754,0.0,95.0,-9.553584036716003,-0.21632454624033892,0,1024,1
E2BF7BB2-56C6-46BA-AF3A-50184DECF8B7,3409,2,272.0,4,0.4282780874156644,488,52.24992666471106,483,113,100.0,37.93292483997637,70.01427,-0.22,8.483330647429847,0.0,49.0764,5.62323755662856,0.10044768206862192,0,1024,0
DFA17F76-9611-49C6-8262-CC3BE7A37BF1,3815,2,7.0,2,0.19134993446920054,162,15.499344692005243,624,384,831.0,115.27526698669584,246.3542,0.0,33.419822120932665,0.0,157.86944,-12.499574168022988,0.054437245492602565,0,1024,0
8F662221-D026-4BB2-8615-77455C45AD9F,448,2,256.0,0,0.0,0,0.0,-1,101,452.0,17.773217407668746,136.49,-11.1,22.327566135603657,0.0,51.28597,15.354147474661495,-0.08143378110567027,0,1024,0
AC0839C9-0CE9-4AAC-9784-E5A103ADB818,4182,2,1.0,1,0.08727881396461024,3345,291.9476327116212,23,355,259.0,36.955708740415766,228.8226,0.0,20.510406599287972,0.0,63.75,-9.175326795971323,-0.05461858288406141,0,1024,0
A834C603-B611-4CB0-8CB0-33298C75F137,2576,2,0.0,0,0.0,0,0.0,-1,337,452.0,153.81934084005107,354.5573,0.0,61.50230372404297,0.0,232.67265999999998,8.647623576615587,0.35914921435325564,0,1024,0
4B5682E6-FE5B-4FB3-B395-BD970311A60B,4789,4,0.0,1,0.07621632908749217,14,1.0670286072248902,203,332,452.0,103.98953558123425,270.0,-27.47813,24.242036301261944,0.0,132.0,-1.0395355812342473,0.14439128287434375,0,1024,0
A5194BF0-97F6-4E87-8875-7A1A3CF7F22E,3870,3,3.0,1,0.09431524547803617,18,1.697674418604651,767,329,452.0,76.64726250284217,218.3913,0.0,36.066598477222,0.0,124.74165999999998,-0.6641998019162401,-0.3699350984355385,0,1024,0
08EB17B0-6627-4B7C-9618-BF11DE6D95C7,2377,3,32.0,0,0.0,0,0.0,-1,215,301.0,48.619670610417195,151.2,0.0,12.31004131967119,0.0,66.0,-4.316263898688803,0.03158409207671305,0,1024,0
713C5599-A6BC-4392-A658-4006DB5B9B50,9666,2,0.0,1,0.0377612249120629,8,0.3020897992965032,277,277,295.0,86.03869737515876,234.5654,0.0,19.837615246366337,0.0,111.25,5.796642902619013,-0.013205911909652913,0,1024,0
A1FC7D15-7B15-4289-9817-CB7434B9ED25,2748,2,1.0,2,0.26564774381368267,72,9.563318777292578,547,270,452.0,74.32586802821925,205.8768,0.0,30.273074257688997,0.0,114.2947,-15.000448143342702,0.2553014129203866,0,1024,0
8FA4B4A4-0EB6-4083-8003-B209A1BDDEA2,2773,3,47.0,0,0.0,0,0.0,-1,155,150.0,48.063279222322365,120.0192,-35.70796,13.758149490453109,0.0,66.227332,-5.948794238140259,0.08463323748155666,0,1024,0
0169A51B-10B3-4672-BA04-98689DC352F2,3514,2,344.0,0,0.0,0,0.0,-1,236,624.0,124.61143887563078,335.4211,-7.736378,73.63916053584981,0.0,222.14431999999996,-5.486573627173982,-0.3173600515828619,0,1024,0
9D6EEFAA-F031-4CFD-AD6C-BF47868D8F23,9678,3,126.5,1,0.03771440380243852,50,1.885720190121926,428,235,301.0,105.22102901512423,234.0829,0.0,25.28089000088465,0.0,137.87,1.9772047811720626,0.04918409623034238,0,1024,0
99260EB7-3218-433D-897E-9FA6F7362196,1854,1,0.0,2,0.39374325782092773,307,60.439590075512406,222,212,734.0,160.47915544514984,99999.0,0.05578987,453.1693953454598,0.5906148867313915,224.24799999999993,34.73368585654771,0.5332268263861502,1,1024,0
83636987-57D4-4726-A764-982C4DF82A4A,1662,3,164.0,4,0.8784596871239471,475,104.31708784596871,72,198,602.0,81.11650357263643,172.8741,-150.9444,13.740334613893724,0.0,99.41294,3.7095679011289917,0.06952368446942493,0,1024,0
755EAB3D-8720-49E6-9610-D737FDFF7467,352,1,0.0,0,0.0,0,0.0,-1,178,678.0,30.734216125893937,80.31113,0.0,16.390514307201922,0.0,50.56603,5.637812943550507,-0.09254912219390894,0,403,0
AFF299B1-0349-45C4-9D74-9ABA3BCA105B,4418,7,19.666666666666668,3,0.24784970574920778,112,9.253055681303756,59,59,256.0,76.38323361426718,270.0,0.0,46.660176744409796,0.08261656858306926,142.0,44.17803181783158,-0.08731382017910871,0,1024,0
9DFB9A62-BA5C-47A6-93DD-FA0CE49F59FF,12711,1,0.0,2,0.057430571945558964,10,0.2871528597277948,521,135,77.0,21.297947858250964,82.43401,0.0,14.411275462581811,0.17229171583667688,42.34601,6.954398323878664,-0.016718761448903798,0,1024,0
92318A20-6162-48D2-8FF9-E096F80EC4CA,4397,4,22.666666666666668,1,0.08301114396179213,5,0.4150557198089606,374,49,301.0,61.74245065276642,174.1286,0.0,33.06152296586249,0.0,104.86833999999999,13.96623287222586,0.1998074966416867,0,1024,0
9F234378-BB89-424B-9F5F-F8F3CA3AA034,2509,1,0.0,0,0.0,0,0.0,-1,105,250.0,62.11681590660591,152.0,0.0,19.61892135535115,0.0,91.0,0.39576125388791894,-0.08820116109448357,0,1024,0
472BAB2C-F259-4641-8F8E-46C47F0CB1CF,1390,3,220.0,3,0.7877697841726619,680,178.5611510791367,92,4,302.0,70.9028075139867,225.0,0.0,16.10159258789295,0.0,92.63817999999999,12.660848322433054,0.16340813245112065,0,1024,0
83150C52-35D0-44C9-9112-C284CF0A5784,3892,3,13.0,1,0.09378211716341213,67,6.283401849948613,510,61,831.0,107.05751014832222,227.9445,0.0,21.904388460794895,0.0,131.15578,-0.5145001899888939,0.21554792545595217,0,1024,0
34C2D473-F269-45FE-8525-7DA4878EE20B,112,1,0.0,0,0.0,0,0.0,-1,81,678.0,22.046117440764924,600.23,0.0,32.38484924906467,0.0,70.71189600000002,28.370698279451126,-0.20672857332049507,0,269,0
BAE54530-1896-49C6-897D-732E3D6A4D95,3689,2,677.0,2,0.19788560585524534,261,25.824071564109516,422,81,80.0,22.230712000590845,129.6846,0.0,3.9713612756741403,0.4947140146381133,27.106066,0.667739768159155,0.020090952719964972,0,1024,0
FF9ABA08-F1C2-4CDE-88E4-71135C87F91B,10057,2,521.0,1,0.03629312916376653,109,3.9559510788505516,584,74,416.0,150.7289432847257,281.0807,0.0,41.93815965348495,0.0,197.8465,-35.55388819321334,1.1102215227984766,0,1024,0
4C0BDC14-DD24-425C-BBFD-65BCEB0AC073,3467,2,0.0,1,0.10527833862128641,208,21.897894433227574,796,63,452.0,114.1321229191506,242.8603,0.02987746,19.643699240821316,0.0,138.20983999999999,8.097699108539985,0.38579489738644424,0,1024,0
F32771BC-4602-4639-A49B-CF672F1FC57A,4454,2,196.0,0,0.0,0,0.0,-1,42,804.0,188.13552831663802,397.5,-29.99943,31.814700971604008,0.0,232.5,-7.047565353675054,0.10273216172075418,0,1024,0
75328D3F-EE47-4DFD-A2DE-AF4860737775,1406,2,1.0,2,0.519203413940256,348,90.34139402560456,796,28,90.0,2.0308232854322057,323.1117,-33.58037,2.1383210549623266,1.29800853485064,4.0,0.20201722382983123,0.011321462926449168,0,1024,0
E81CD061-8C64-41ED-AF9E-C14F199512D7,5432,2,0.0,2,0.13438880706921943,30,2.0158321060382915,578,9,804.0,135.89387738556306,439.765,0.0,43.62144044463021,0.0,184.51484,-3.9372727296988614,0.23670835600405346,0,1024,0
575C9142-8228-4CC8-907A-34C0AA53DFF2,629,2,538.0,6,3.481717011128776,800,464.2289348171701,320,0,452.0,98.20934121879147,281.0,-704.6049,49.87133549919724,0.0,145.0,24.282634444017177,0.22975252743183164,0,760,1
36C742A4-0795-4B0F-A7E1-87D9DCA1F8C9,8451,0,0.0,0,0.0,0,0.0,-1,0,251.0,71.94092355242618,361.3678,0.3374809,13.044873414218225,0.08638031002248255,89.834842,-9.796540039308901,0.057357544756839615,0,1024,0
1CAC6153-2470-47FA-A448-30C82F04D4C4,1148,2,1.0,0,0.0,0,0.0,-1,178,452.0,105.14874472091111,238.2195,0.0,29.38307390259324,0.0,146.02562,-11.377136257948152,-0.13352122326382562,0,1024,0
976E238F-CDA8-440B-BC0F-90D22D4ECBA1,10129,2,1.0,1,0.03603514660874716,7,0.2522460262612301,862,175,156.0,26.862309024497883,239.01,0.0,6.43090715553364,0.1801757330437358,35.31866,0.028122534684218436,0.0006528421035373123,0,1024,0
3DEE382B-B84C-4B12-88B7-0C7584E1BD7A,12711,3,248.0,2,0.057430571945558964,411,11.801982534812367,316,196,538.0,84.03555115322555,164.428,0.0,24.6321933499154,0.0,115.28724,-0.7385561547687587,-0.01710288767597386,0,1024,0
E345B333-A917-4E07-B06F-69340FD89087,2324,0,0.0,1,0.15705679862306368,366,57.482788296041306,796,0,416.0,60.53500319861457,114.4351,-29.88103,15.462239163223355,0.0,80.390188,-8.48366534312845,-0.09703282982402239,0,1024,0
FB16BEB4-78CA-4B11-85AA-16C4F7B384FD,5101,0,0.0,0,0.0,0,0.0,-1,0,753.0,195.6849306766182,498.7553,-8.3,57.64111130928648,0.0,271.06648,-26.625475403470062,-0.5458218177874752,0,1024,0
21E6288E-F54E-4B81-A4F3-0B50E6D52145,12711,3,76.5,1,0.028715285972779482,239556,6878.919046495162,271,595,678.0,107.32174367437028,544.0449,0.0,75.67173462003667,0.0,207.2021,77.04493971991985,2.604751603562676,0,1024,0
442DE724-EAD0-4E68-B96E-5F5071214095,4025,1,0.0,1,0.0906832298136646,304,27.56770186335404,796,736,504.0,16.936104640794042,202.6,0.0,32.041414958808346,0.0,67.5,-16.936104640794042,0.0,0,1024,0
B8A60FBD-CDC6-4EAB-88E6-E4A10168F69E,1301,1,0.0,0,0.0,0,0.0,-1,729,887.0,91.90839689012135,209.3543,-18.56,27.024310449031876,0.0,129.71266,9.262575490279886,-0.17248705076025975,0,1024,0
E554C17B-1BE0-4A75-A4EC-344359693CE6,8177,1,0.0,4,0.17854959031429618,83,3.7049039990216457,624,704,489.0,107.67694762842008,348.2184,0.0,43.26345301831858,0.0,165.82399999999996,-1.6396624379108289,-0.20602733160946657,0,1024,0
D930D9DF-F1CB-48D3-B922-F791DC37BDC9,687,2,85.0,1,0.5312954876273653,12,6.3755458515283845,296,595,542.4,159.80986296334265,322.3049,0.0,76.96185425665684,0.0,252.04584,-31.940664115348838,-0.08008405403343165,0,760,0
E8C1B437-90CA-425C-AE12-9D21EF47DB8E,12711,3,21.0,1,0.028715285972779482,126,3.6181260325702147,796,679,269.0,107.43262525029371,218.28,-35.37552,27.3934192238987,0.0,147.0,-8.87928358285545,-0.3266156290643976,0,1024,0
D3FB5DCE-F33B-4FD3-91AF-CEA0446341CF,12711,2,334.0,8,0.22972228778223586,719,20.646290614428448,319,337,138.0,27.63949355140682,193.259,0.0,5.97247818831948,0.1435764298638974,35.2,-4.253907134740153,0.06087534809737083,0,1024,0
90A13DCB-D4A2-4B76-BAA5-79CC692D6B82,6549,1,0.0,2,0.11146739960299283,387,21.568941823179113,203,631,138.0,15.481093954109758,62.94376,0.0,3.161746199759447,0.0,19.54942,1.401367891414937,0.026994958771301522,0,1024,0
5CD63272-9719-4D60-84D8-2041F64F5A46,2784,3,182.0,1,0.13110632183908047,66,8.653017241379311,868,238,301.0,74.68131991916981,149.6076,0.0,26.806597106751724,0.0,107.73324,-3.605190590157463,0.11439530221488788,0,1024,0
E22D3F3A-FA23-47A2-8C2F-C52A5BAF8653,12711,1,0.0,2,0.057430571945558964,20,0.5743057194555896,210,581,188.0,33.10457154452994,138.4107,0.0,10.223876416195122,0.0,46.528372,-1.740529553789198,-0.020221686378778803,0,1024,0
5AAAA079-9B8F-4E03-8799-8BFD262DA47A,2119,1,0.0,0,0.0,0,0.0,-1,560,0.0,73.29171150491636,173.9432,-679.58,25.005065766317138,0.0,102.42655,11.820470626256466,0.3434762539133108,0,690,0
B2E9766F-804A-44A5-ACA7-AF88F98CCCC9,1400,1,0.0,2,0.5214285714285715,432,112.62857142857143,422,498,301.0,38.62445876667777,419.0932,-56.45736,22.91755444201422,1.3035714285714286,69.12607799999999,9.582858701686426,0.004227539756233458,0,1024,0
30CB4D98-4210-4B66-AAF8-8AD83F64C821,3497,1,0.0,1,0.10437517872462111,134,13.986273949099228,868,441,831.0,207.94178585533555,715.0,0.0,133.07352327812794,0.0,382.8,50.781053650837265,-0.3430641414351933,0,1024,0
90390E04-CE6D-4CFB-9991-61729D467616,4163,1,0.0,6,0.5260629353831371,364,31.914484746576985,199,441,452.0,197.4599395573424,538.0,0.0,41.01952280688827,0.17535431179437905,252.0,17.767683899447718,-0.22038031672884562,0,1024,0
2504F7E4-B16E-4820-A3C8-990EA331CE7D,2331,1,0.0,1,0.1565851565851566,2,0.3131703131703132,96,436,452.0,110.18008923781129,283.0,-17.1,42.55272512432335,0.0,165.0,-8.87175590447795,0.0774944780561833,0,1024,0
1571A9B6-264E-4927-A936-09BC7C62B46C,4042,2,432.0,1,0.09030183077684314,196,17.699158832261258,431,1,624.0,142.4246381998954,497.7,0.0,82.72803588489398,0.0,256.4,8.489150380351475,-0.47837934381490127,0,1024,0
542358FF-AC42-4DFB-8750-AB5B18AD23A6,6138,1,0.0,0,0.0,0,0.0,-1,433,380.0,78.60700863175481,184.1,0.0,20.81498040616028,0.0,107.2,-7.600033323112839,-0.11060400689621483,0,1024,0
55FC5510-5348-4FD2-B755-C17BB5DDE25F,12711,2,115.0,5,0.1435764298638974,126,3.6181260325702147,173,418,84.0,24.50341756640203,120.2,-164.3568,14.71582589339073,0.057430571945558964,38.4,11.850170396560937,0.026480675483449914,0,1024,0
00B6496F-EAFA-4096-B929-2089B745186C,560,2,264.0,1,0.6517857142857143,14,9.125,38,148,151.0,29.53896213183731,107.0,0.0,20.965484626979478,0.0,58.0,24.712272436063927,-0.5597709822429674,0,620,1
FD7E9A32-A7EB-4B3A-B2CB-B5EB87374171,1510,1,0.0,1,0.24172185430463577,39,9.427152317880795,703,374,1247.0,121.55022329531083,478.5198,0.009231586,55.288218439566684,0.0,194.92938,4.227254700743174,-0.17107139886766431,0,1024,0
9C75526F-F996-4B7C-B82F-8AB30EBC0F6F,12711,2,364.0,1,0.028715285972779482,26,0.7465974352922665,218,7,375.0,70.51334220703308,273.6572,-234.05,33.96849341641786,0.0,113.9648,14.004843027457653,0.11730292519696592,0,1024,0
6FEFA82C-5808-4D65-B94C-14C208CA49EE,12711,1,0.0,2,0.057430571945558964,250,7.178821493194871,400,370,1370.0,433.84846106474157,871.06,0.0,121.47774588002405,0.0,607.4139999999999,-82.21344717585265,1.1197970485608022,0,1024,0
A80E1052-90E2-4B3A-804C-17865D1BA07E,474,2,1.0,0,0.0,0,0.0,-1,367,678.0,83.51485909732111,300.0,0.0,71.47978178282682,0.0,113.76754000000001,8.474700153450499,0.1278268815153517,0,640,0
56C99268-1D8D-4C94-A10D-F12C55F78A8C,527,1,0.0,3,2.0777988614800758,7958,5511.707779886148,351,356,301.0,26.887160117923877,1391.821,0.0,27.963726509721255,3.462998102466793,63.61771,29.60087986286316,0.18740701616615907,0,851,0
8525D1B3-BF24-4075-AC3E-8D9DDC54BF57,5995,2,0.0,1,0.06088407005838199,20,1.2176814011676398,29,343,1386.0,335.1953515564324,1002.0,0.0,134.80959648193416,0.0,514.5,9.859625295419448,0.6625254661066258,0,1024,0
1FACDCB4-5269-425C-BB15-58C8C0541010,5208,2,199.0,0,0.0,0,0.0,-1,121,148.0,49.372838195772474,93.78883,0.0138089,9.164360063515062,0.0,60.68028399999999,0.11459341688184566,0.02285755035367651,0,1024,0
75360B96-86FA-4D7B-BFB7-431A3C4D9D0D,490,1,0.0,0,0.0,0,0.0,-1,309,603.0,89.83566005601483,506.0982,-0.6175378,103.59233049126472,0.0,251.60804000000013,44.058819073769115,1.0047545148518855,0,760,0
11922B9E-E038-4CE8-ABE1-37C22C1B28DF,4808,2,0.0,0,0.0,0,0.0,-1,238,497.0,73.27306498604386,201.0,0.0,37.13763611793879,0.0,126.0,-9.003852023080896,-0.40366386110775976,0,1024,0
218C0101-E229-4D72-80D3-15A4C3F9552B,1516,2,0.0,1,0.24076517150395776,10,2.4076517150395778,914,233,452.0,108.90986244942921,261.7181,-30.61999,44.80936515890417,0.0,165.32058,-23.855802039784137,0.14658308287726837,0,1024,0
A48A293C-6D20-4654-AC4F-CB3318781CF8,2702,1,0.0,0,0.0,0,0.0,-1,207,151.0,35.647996211508556,233.75,0.0,6.655242789081547,0.6754256106587713,44.0,-1.4831042361999138,-0.06325169316745913,0,1024,0
F9BCC417-ED7C-4E4C-AC1A-C1735F2A828E,6197,3,69.0,4,0.23559786993706633,322,18.96562852993384,382,63,158.0,26.948827480356137,81.0,0.0,14.584848357269,0.0,48.0,7.945308322113,0.07869478627902626,0,1024,0
AE68AC8E-69DC-4AD3-8551-EBB9F9D71F93,12711,1,0.0,6,0.17229171583667688,397,11.399968531193455,192,186,200.0,29.201657569840812,116.8477,0.03515625,11.3155725451389,0.0,43.78125,-3.4519156455352515,-0.006252734882875694,0,1024,0
1B81C6A7-3250-408D-B086-33D52FB8FBA9,2608,2,0.0,1,0.13995398773006135,273,38.20743865030675,796,175,301.0,105.02334302261507,226.605,0.0,19.333492724328778,0.0,131.68429999999998,12.107905664113318,-0.02439285251048209,0,1024,0
CA7373A4-A59E-4483-870E-E081AA484ECB,353,1,0.0,0,0.0,0,0.0,-1,173,887.0,80.13665514501639,236.6321,0.0,51.160399150356646,0.0,150.22913,-5.051761071636761,-0.39049305365274845,0,403,0
2585C2EA-7C0D-4139-B72C-17F06D171433,2630,1,0.0,1,0.13878326996197718,454,63.00760456273764,796,157,1039.0,177.2973100996163,534.4375,0.1717913,112.66716049478057,0.0,335.49933999999996,39.654085228392944,-0.18386628728539808,0,1024,0
BB0BB08A-AC4C-4A36-88A5-19B50961CE00,2509,1,0.0,0,0.0,0,0.0,-1,154,250.0,69.06251366554157,153.0,0.0,19.385582050672255,0.0,96.0,-5.7308007025786125,-0.0884099202920064,0,1024,0
E7CE180B-AFE6-4AFA-9BFD-1BA15069FE42,300,2,15.0,0,0.0,0,0.0,-1,134,451.0,34.73674556114548,131.158,0.0,32.2246398736554,0.0,77.31517400000003,29.29160566184835,0.14717700719847757,0,515,1
2736960A-0787-412A-B145-142AD19DDEBC,5781,2,0.0,0,0.0,0,0.0,-1,133,209.0,53.53429665799643,167.61,-18.3,13.32851496843099,0.0,71.72,0.09526352718875586,0.11601674646613803,0,1024,0
2B419C55-B2F6-4719-A5FA-17C2C73242FB,3962,1,0.0,1,0.09212518929833419,221,20.359666834931854,796,118,416.0,68.36675793747919,246.0,0.0,43.78091733193432,0.0,126.0,19.83601983258255,0.18733382662003917,0,1024,0
8ED1FE13-8DE2-430D-80C1-1C4495111195,12711,1,0.0,1,0.028715285972779482,9,0.25843757375501536,160,67,313.0,37.36970668332801,167.0,0.0,14.11681034086711,0.0,55.0,-3.2785801401181374,-0.09619883341797213,0,1024,1
9A7C329D-C7F7-4E67-832D-F4A87B19C8AC,1219,1,0.0,1,0.29942575881870387,52,15.570139458572601,796,57,624.0,246.91869191093198,574.6124,-5.16,53.197680773246276,0.0,309.752,-11.844569767413418,0.027211135186790292,0,1024,0
C217F203-006F-4BDA-97DF-1589479D3ABF,2429,1,0.0,1,0.15026759983532317,41,6.1609715932482505,756,35,497.0,76.3146250857403,241.4,0.0,26.700440838648365,0.0,110.0,0.05605392660537234,-0.16379045423996924,0,1024,0
5EC7437A-A15B-4E3F-A4C6-D452BC4F5234,303,1,0.0,0,0.0,0,0.0,-1,8,301.0,75.26188790732222,204.708,0.0,50.823332601365564,0.0,132.4947,34.01851897385063,0.13025197668769295,0,389,0
1BE54786-C0DB-4CC4-A60E-96CC5B590B71,6724,0,0.0,0,0.0,0,0.0,-1,0,734.0,122.1974000533797,618.18,0.0,55.786773715017915,0.0,198.0,8.400748094768446,0.31436940088614146,0,1024,0
7A839D99-FC0A-4EE0-846C-9F9063724C66,1589,0,0.0,2,0.45940843297671485,288,66.15481434864694,40,0,301.0,124.92991847066493,219.8574,0.0,20.252838315619144,0.0,149.78915999999998,-27.33354459643654,-0.04501137558430101,0,1024,0
3EFAEA8A-BCCD-489D-BCC0-821E6C29F878,-22,0,0.0,0,0.0,0,0.0,-1,0,1039.0,0.005472708400723051,13.23259,0.0,0.2605017362292855,0.0,0.0,0.0,0.00024443053361841054,0,74,1
7B1D74D4-00DA-4932-BBF7-2D1DA8F93BE4,3906,1,0.0,1,0.09344598054275473,40,3.737839221710189,796,729,567.0,66.51016766507975,239.8,-122.4365,29.214601210814216,0.0,104.9,20.23541103862395,0.18851393976386535,0,1024,0
908B1A97-D6B7-4453-8242-B47FA006277F,5740,1,0.0,1,0.06358885017421602,110,6.994773519163763,796,693,266.0,93.33802557356006,319.469,0.0,18.692845621666372,0.19076655052264807,119.96997999999999,-2.9641475288069756,0.1011159047320981,0,1024,0
51670481-C0B0-43A4-BFC6-48F3FC483BF8,6555,1,0.0,0,0.0,0,0.0,-1,677,377.0,60.54205562947291,179.4144,-14.53967,27.306361320859388,0.0,97.29656599999998,-24.46083551188032,-0.22595248596733394,0,1024,0
CB3A882A-FF9C-4B39-B3B7-338BB9DF45CA,3613,1,0.0,1,0.10102407971215056,279,28.185718239690008,845,661,1039.0,229.5370214640706,410.5554,0.0,42.43743398499042,0.0,283.9785,-19.455216147712576,0.05469697245981895,0,1024,0
64C02E7F-3A0F-493B-9E0C-DB50E342A769,3447,2,62.0,0,0.0,0,0.0,-1,581,301.0,1066.916224191997,142608400.0,-0.56,371639.255257244,0.2117783579924572,130.30742,-975.2982812899136,0.134249099553875,1,1024,0
D9479808-04FE-44E0-BD50-049346B3FE38,2996,1,0.0,1,0.12182910547396528,29,3.533044058744993,710,616,250.0,62.37490475187949,211.0,0.0,20.24164494090927,0.0,88.0,-3.970043640768381,-0.18957135768940023,0,1024,0
734B1ECC-26C4-47AD-80EC-DCFF57342D09,6555,2,1.0,0,0.0,0,0.0,-1,585,377.0,61.665388688114525,205.1851,-14.82,27.92668322022105,0.0,99.535224,-24.79058891967317,-0.2312449017974206,0,1024,0
162459D6-0522-437D-BAFD-0B5F027A8B79,1219,2,433.0,7,2.0959803117309272,457,136.83757178014767,55,56,451.0,21.344857991918342,74.90896,0.0,6.018413915346199,0.0,28.938247999999998,-2.7287311261776033,-0.03694303249317103,0,1024,0
C7E215A2-2BF2-4BD2-889F-D3F55755D736,8778,1,0.0,1,0.04158122579175211,36,1.4969241285030759,781,476,313.0,34.99917051287972,189.0,-61.58681,25.926251728143438,0.0,78.0,-18.6519482906575,-0.001956345776586827,0,1024,0
300E0CEF-4D09-4BCE-BECA-E7231710793F,1781,3,20.5,0,0.0,0,0.0,-1,375,753.0,256.27701561212115,599.15,0.0,106.53645739971165,0.0,397.9806,-23.896277078170527,0.2630843587340578,0,1024,0
595403C8-1F79-45B3-9ECA-FF1E3DC7CD24,478,2,72.0,5,3.8179916317991633,210,160.35564853556485,257,305,452.0,60.434861796960085,144.7471,0.0,29.520365373636995,0.0,95.42712300000001,-1.7045281696452719,-0.08470600142970748,0,557,0
B98E9270-B97C-45C2-9351-B30785B414C4,371,1,0.0,0,0.0,0,0.0,-1,353,271.0,31.045818943240356,3996.304,0.0,24.548835763238806,0.9838274932614556,54.764634000000015,5.406276258071372,0.3536663819896982,0,437,0
8A85296D-C193-437F-A2B8-920D5EB795AC,1708,1,0.0,0,0.0,0,0.0,-1,207,99999.0,92.99437008251239,308.1649,0.0,85.75741599676232,0.0,217.499,2.0412903771326683,-0.40896374228808163,0,1024,0
159FC4C3-805D-4FC4-9FE2-91FF028BA0C4,4717,2,1.0,0,0.0,0,0.0,-1,203,188.0,55.083493313955465,349.94,0.01,13.90028034373851,0.15475938096247613,74.01,-0.16717386951101787,0.1218230737219031,0,1024,0
71795A45-8FB3-43AF-85B9-014106A6EBDC,6670,2,6.0,0,0.0,0,0.0,-1,196,920.0,184.64801161247087,621.5515,0.0,95.34821272758491,0.0,320.4346,-21.35963915839679,-0.02925424278952154,0,1024,0
91E99317-F64C-499F-AD57-260034B07F09,3479,2,149.0,1,0.10491520551882726,278,29.166427134233977,796,184,301.0,106.82329911789714,181.7191,-69.07047,19.935268022641598,0.0,134.38189999999997,12.629888730868302,-0.02397093444789975,0,1024,0
F9AB7870-787C-455A-A54F-6B624F62A429,352,1,0.0,0,0.0,0,0.0,-1,177,678.0,30.462722848246674,79.72689,0.0,16.257357919122267,0.0,50.133717,5.531509515642217,-0.0919818774270638,0,403,0
0147A16F-CD50-442E-AEDF-88FCD75E7F17,4708,1,0.0,1,0.07752761257434154,101,7.830288870008496,1017,166,128.0,14.690678545573084,697.3709,0.0,7.676122627474182,0.3876380628717077,22.5,5.903187195167655,0.033731787875027515,0,1024,0
111998E7-9D92-4538-BDCD-0CF26438B2BD,998,2,13.0,0,0.0,0,0.0,-1,148,415.0,80.82105752870481,310.6207,0.0,48.15509009738375,0.0,149.40743999999995,21.329876137205673,-0.061439253867987306,0,1024,0
53349B7E-CBF8-4090-A4CB-C5DE42EDEEDD,4451,1,0.0,2,0.1640080880700966,266,21.813075713322846,563,140,326.0,60.92865253825207,769.1667,0.0,14.781301596992146,0.4100202201752415,78.74999,7.145998489525709,0.029415349904816746,0,1024,0
2E9AD20F-FC82-4CCD-B899-1668319A610F,5809,2,1.0,2,0.12566706834222757,10,0.6283353417111379,521,136,77.0,21.23574336151086,80.53368,0.0,14.15059118197355,0.18850060251334136,41.887108,6.925816180186672,-0.016221824194669915,0,1024,0
999FFCB6-B610-4C8A-98E9-7D40808E8F06,315,1,0.0,1,1.1587301587301586,108,125.14285714285714,300,135,451.0,39.96006295363556,199.8729,0.0,35.933186363977484,0.0,82.695867,24.63558512043852,0.14837133596848737,0,515,1
5BF57D13-AAC5-4B0D-8BCB-F2CA28DF0CB1,2101,2,0.0,4,0.694907187053784,418,72.61780104712042,33,42,301.2,43.96809796713861,92.33346,0.0,12.72434093881826,0.0,60.513965999999996,6.081284490605988,0.01588941169562931,0,1024,0
12D8F1DE-4A7E-4B0A-B3AC-C2F179F7F302,12711,1,0.0,2,0.057430571945558964,535,15.362677995437023,396,12,1370.0,423.53752852357604,849.27,-4.344956,118.03747271491977,0.0,592.6479999999999,-82.3638950359217,0.9933812010396248,0,1024,0
11F09D04-EA56-4B69-B391-867753EBA81D,1245,0,0.0,0,0.0,0,0.0,-1,0,452.0,42.850503455637806,513.7,0.0,26.110133378041922,1.465863453815261,80.37248199999999,-15.865959434418674,0.10439601080841124,0,1024,1
A693AD9B-DF6E-4CB9-ADB9-720C564849BD,3724,0,0.0,1,0.09801288936627282,322,31.56015037593985,796,0,126.0,12.671710929614862,71.8894,0.0,4.783100924212643,0.0,19.35484,-1.8363511026858514,0.011854141399991308,0,1024,0
48E8BEE5-9E91-4DEA-9EE5-0C9076F210E8,2730,0,0.0,5,0.6684981684981686,198,26.472527472527474,354,0,453.0,107.39014546925912,248.739,0.0,19.962811683976362,0.0,131.30118,3.429654552345795,0.36559620822063166,0,1024,0
5B4324E3-C3D5-4E29-A3DB-4F517115E5BF,12711,1,0.0,0,0.0,0,0.0,-1,770,434.0,16.066171553702283,40.40527,0.0,8.281156062101227,0.0,26.85547,1.727968813195865,0.013346003735183753,0,1024,0
1F170920-B265-4766-B927-DAA65F95640A,7472,1,0.0,8,0.39079229122055675,472,23.05674518201285,226,759,263.0,105.08680788063592,227.0,0.0,21.38649059208602,0.0,129.7,-6.277556337426034,0.05708565415016573,0,1024,1
8D8BC86A-CDC2-4AAF-B02D-7F7A2E57C62A,4263,1,0.0,7,0.5993431855500821,260,22.26131832043162,227,751,263.0,106.26217490364095,231.8511,0.0,21.316900699034868,0.0,131.01953999999998,-6.4491904707705885,0.05762807413857378,0,1024,1
C11B57EB-0777-4FED-9325-E09683E78ACE,12711,1,0.0,1,0.028715285972779482,109,3.1299661710329634,279,740,271.0,32.30559493252833,159.2473,0.0,20.402618033628315,0.0,53.2878,-12.01289417566105,-0.559683412935165,0,1024,0
9E1F64C4-AEE8-4475-B918-BD14FB11C39A,12711,1,0.0,0,0.0,0,0.0,-1,735,479.0,120.13584286124676,325.0,0.0,31.13633471976717,0.0,161.0,0.9436324473952169,0.0028140191060348177,0,1024,0
0FD2461E-3677-456B-A2E9-02C8FD481D42,8451,1,0.0,1,0.04319015501124127,124,5.355579221393918,796,700,251.0,68.87922471670052,520.4246,0.0,13.734846625181977,0.08638031002248255,87.6,-0.8668867537375604,0.2163066370790535,0,1024,0
216F6E5D-E258-4CEA-A712-898B2A85FF8D,12711,1,0.0,0,0.0,0,0.0,-1,672,151.0,24.47125551420402,117.2801,0.0,7.836296069937456,0.0,36.0,-1.7573666253151323,0.0557788341496017,0,1024,0
0FE81E09-8393-4AAA-8E75-909048EBD2B7,4108,1,0.0,0,0.0,0,0.0,-1,670,188.0,55.12023192323103,109.73,0.0,13.573750373767501,0.0,73.76,-0.15234766397176713,0.12047441842380852,0,1024,0
98A6B2E8-599B-4D17-B4E7-A425AAA0622D,570,2,18.0,0,0.0,0,0.0,-1,536,301.0,66.60189216347489,255.1001,0.0,37.27646458703203,0.0,109.67258000000004,6.399506230568321,0.1724084062465693,0,620,1
C11B0376-0E4D-4DBF-9760-495F7B34A162,714,1,0.0,2,1.022408963585434,808,413.05322128851543,667,547,416.0,74.46569507873471,227.9,-102.0024,33.04660404949146,0.0,119.6,-0.37308705404335285,0.35971261884177574,0,724,0
7D6DCE0E-F19E-4098-8F2A-6011DE6DD9A0,8292,1,0.0,0,0.0,0,0.0,-1,534,377.0,116.3837922001603,301.68,-10.11829,45.916180592176296,0.0,177.43,19.164244836876733,0.3222458465378606,0,1024,0
A7A859FB-3644-4B4C-AD52-F0FE7FCDAF51,6256,1,0.0,0,0.0,0,0.0,-1,512,269.0,95.19826428115343,2049.0,0.0,28.347463454094196,0.3500639386189259,125.93334,-6.475483147048507,0.1306161815108992,0,1024,0
26CAD814-DEA7-4F53-9C05-9773CBB71794,9009,1,0.0,1,0.04051504051504052,25,1.0128760128760128,457,475,407.0,118.37518015185368,308.21,-281.16,47.4058306103353,0.0,181.09,20.43009376789938,0.3327139993276429,0,1024,0
690D4FD0-C958-4078-B99D-B805ABC80E41,12711,1,0.0,0,0.0,0,0.0,-1,420,314.0,43.745046079037266,209.0,-9.84,19.101806769351736,0.0,69.0,-8.147515214839736,-0.06361839367461078,0,1024,0
9C6ABA26-3BA6-453C-89DA-225A58494EF5,483,1,0.0,3,2.267080745341615,256,193.4575569358178,122,351,452.0,17.647274469088774,98.68127,0.0,24.196110616057236,0.0,55.91252700000002,28.600915938318632,-0.048320634323897646,0,557,0
90C243BA-1C52-45AB-926F-F3E63FF62CA0,4113,1,0.0,4,0.3549720398735716,125,11.092876246049114,650,333,200.0,26.64254263235244,71.99097,-119.6059,12.634273141156049,0.0,44.98291,1.646767119653731,0.1520805358065249,0,1024,0
1C1B9269-2936-4198-8FEF-0FE212124956,351,1,0.0,0,0.0,0,0.0,-1,308,226.0,19.75428890384647,101.0,0.0,15.24443893167643,0.0,38.0,-1.6655543359452345,-0.025382763304129842,0,424,0
0A7E9711-8C7E-416A-869D-15FA72B625AD,8682,1,0.0,2,0.08408200875374337,7,0.2942870306381018,586,303,739.0,120.40201059682033,404.425,0.0,73.98035188610328,0.0,222.1966199999999,-60.781970874598116,-0.4246551306906504,0,1024,0
5836278A-6DCF-42EB-A8D2-0BAED33170E4,721,1,0.0,0,0.0,0,0.0,-1,253,301.0,1.4543866651416246,66.24222,-44.4,8.754935037415576,0.0,0.0,3.7468264992102265,-0.008791685902586674,0,851,1
7F2D0DE9-09B2-4EE4-8837-EDF731C415C9,293,1,0.0,0,0.0,0,0.0,-1,169,99999.0,25.004108610217934,122.0,0.0,32.75491862048431,0.0,75.0,-25.004108610217934,0.0,0,312,0
6E3DB6AC-1E72-4DB6-B940-27E796AEE9EB,158,0,0.0,0,0.0,0,0.0,-1,0,887.0,71.13365565703863,600.23,0.0,70.39950937431482,0.0,170.639,75.43362709064657,0.17187924855650066,0,277,0
13A0A4DE-FF1C-416E-B3D0-1D93EFC3779F,5773,0,0.0,0,0.0,0,0.0,-1,0,961.0,289.98608496431166,594.0699,-17.97813,70.66014410287671,0.0,377.56712,-6.04450224826229,0.23985110548600408,0,1024,0
3996F15A-47A7-465D-BFB8-20FCC40CC39E,1104,0,0.0,0,0.0,0,0.0,-1,0,453.0,7.111345136491744,55.69553,0.0,3.7248148440850617,0.0,11.356492,-0.8317435084824849,0.009878463928383017,0,1024,0
