id_equipamento,idade_dias,num_manutencoes,intervalo_medio_manut,num_falhas_historico,taxa_falhas_ano,minutos_falha_historico,taxa_minutos_falha_ano,dias_desde_ultima_falha,dias_desde_ultima_manut,limite_potencia,utilizacao_media,utilizacao_maxima,utilizacao_minima,utilizacao_desvio,taxa_sobrecargas_ano,p90_utilizacao,delta_utilizacao,utilizacao_tendencia_90d,dias_acima_80pct_limite,dias_com_dados_util,vai_falhar
F239CDD0-6ABC-4E85-8155-849BFED176DD,12736,11,93.2,16,0.4585427135678392,1206,34.56265703517588,17,110,741.0,223.13019898734484,455.4583,0.0,76.09389002050503,0.0,279.6693,30.420608041976124,0.5789213006576097,0,1049,1
140D7CE9-2398-4B37-BF23-E597E20E1234,6862,3,293.0,2,0.10638297872340426,495,26.329787234042552,821,455,487.0,119.69961923960301,519.6515,0.0,55.41752836894848,0.05319148936170213,169.038,2.1042826861686024,0.5814007490586623,0,1049,0
5680A0F5-83E4-4AB1-94D3-427C75B6CA33,10495,7,154.33333333333334,1,0.034778465936160075,5,0.17389232968080037,659,107,407.0,45.95822419670055,189.9586,0.0,32.129006657457325,0.0,90.78088,-16.736548311769994,-0.03160183940782685,0,1049,0
111ADE95-8574-41F6-9BF9-2B67EF7A95C6,8411,7,170.16666666666666,2,0.08679110688384258,78,3.384853168469861,821,9,188.0,44.10769380122322,231.03,0.01036914,10.92912170682368,0.21697776720960646,59.700064,3.5419802970645833,0.011101896038393105,0,1049,0
9ACC3111-44AF-4292-926E-4661533CEC10,12736,4,292.3333333333333,3,0.08597675879396985,155,4.442132537688442,387,151,266.0,149.44946800400405,236.9,-27.1,22.14966722868943,0.0,176.1,-4.854329115115149,0.2786044573402838,0,1049,0
AED1F5C4-0302-4541-886C-584F8D7BAFD4,2814,3,209.5,2,0.2594171997157072,1893,245.53837953091684,55,609,452.0,70.05302030838531,258.5451,-1.656494,40.7006795672877,0.0,126.48722,-8.63372057844704,-0.22645231509269675,0,1049,0
C8D59FD5-A8B0-4A8C-A957-F1CEEABA7EFC,12736,6,166.2,2,0.0573178391959799,958,27.455244974874372,801,193,324.0,169.83821836768382,304.0137,-370.0966,32.43483434393338,0.0,209.1797,-0.6954010891344069,0.0066242562311780405,0,1049,0
63C274E2-FF8F-48BE-9430-D0099841D0CE,3502,3,215.0,1,0.10422615648201028,53,5.523986293546545,106,601,451.0,134.1847076366647,227.3683,0.04074871,19.031890548636255,0.0,158.31539999999998,-2.654284439905439,0.25367152508585733,0,1049,0
8023F211-A03E-4A6A-9DF7-3E088F3BD1BD,1197,5,169.25,1,0.30492898913951544,23,7.0133667502088555,952,344,482.0,62.63884458219454,243.8531,0.0,34.72023657701863,0.0,107.22442,-17.348606021970774,0.1754611540822303,0,1049,0
78600FF0-ABFF-4154-87B9-47180890E6B9,2937,3,24.5,2,0.24855294518215865,332,41.259788900238334,14,970,490.0,84.29845177983651,196.2717,0.0,28.02749640997136,0.0,118.1117,2.5750437798857178,0.023664780599372923,0,1049,0
D05B54E3-8C01-490F-B9DB-B13A9F4BB8D7,12736,4,4.666666666666667,0,0.0,0,0.0,-1,1001,200.0,43.2988874249405,357.1797,0.0,31.490147898775177,0.14329459798994976,85.0,-43.2988874249405,0.0,0,1049,0
8E4DB99F-E4AB-406B-9034-A5BF1E1665A1,9186,13,70.08333333333333,3,0.11920313520574786,653,25.94654909645112,169,170,259.0,45.40148626743653,106.5674,0.0,17.72015808934399,0.0,63.30322,14.083780637270266,-0.0049257553908121044,0,1049,0
E1B50D7E-9ECA-4DF4-890D-CFA2B6C970C1,826,9,28.75,4,1.7675544794188864,189,83.51694915254238,637,781,722.0,173.93119222152248,412.7343,0.0,58.952061425513925,0.0,242.6883,-10.916612998528649,0.014643255075341435,0,1049,0
4CE784EE-65E4-4168-BDFE-8B64BD300EAA,12736,5,187.25,6,0.1719535175879397,587,16.8227858040201,145,264,489.0,126.58154813751683,379.0,-307.125,38.862512305619084,0.0,174.0,2.19792717112513,0.20378864788965836,0,1049,0
77BEE62F-612C-40BC-B8C7-5C4A547C2328,12736,5,156.75,1,0.02865891959798995,89,2.5506438442211055,945,383,266.0,114.94529822933173,206.6,0.0,22.188035035997537,0.0,142.9,-3.744719525628028,0.1164186536516987,0,1049,0
BAA8A8EF-F082-42DB-BCA0-CC851F318378,569,9,104.375,4,2.5659050966608086,415,266.2126537785589,325,174,678.0,151.6249060904095,378.2227,0.0,57.46820378164255,0.0,226.5625,-35.91286905337246,-0.058838997041356735,0,1049,0
14D77E1B-0EE7-473C-9AA3-62DDBF2A4431,12736,6,128.4,2,0.0573178391959799,90,2.5793027638190957,365,366,455.0,104.72890590074711,343.6523,0.0,60.602210414711706,0.0,187.207,0.22373702980844712,-0.6208469310192766,0,1049,0
4F8F1F3C-CC15-4CE4-83A8-0B21806528E4,12736,6,183.8,3,0.08597675879396985,21263,609.3746074120603,447,83,706.0,233.71643375583213,538.7278,0.0,101.31793273550186,0.0,345.93818,-214.4072151601531,-1.1876847130762054,0,1049,0
4592F955-D4C0-425B-8D9F-27B64019C189,6367,5,73.5,0,0.0,0,0.0,-1,709,312.0,38.18546944917698,92.0,-347.9079,11.256454703026948,0.0,53.0,-0.8256700664609298,0.05657940166363735,0,1049,1
4D6AA979-6948-44E5-8AE9-84055A94F4E6,9727,9,104.0,5,0.1876220828621363,381,14.296802714094786,73,196,151.0,18.91477369184518,239.0,0.0,13.316493623689766,0.03752441657242726,36.0,9.122031863710376,0.009383474411538797,0,1049,0
A47D7EBD-BF11-450F-9725-C86375E38DEA,388,4,251.66666666666666,2,1.8814432989690721,70,65.85051546391752,180,241,226.0,37.1126425205672,168.0,-112.1648,18.641819920327247,0.0,58.0,-11.086793755135101,-0.09174435115449286,0,1049,0
E0991600-E200-4AC5-B956-72C797B539C3,12736,8,138.85714285714286,5,0.14329459798994976,11198,320.92258165829145,569,16,450.0,142.1882805093903,324.84,0.0,53.664003920297745,0.0,206.40399999999994,-36.95953359581004,-0.49449643646004104,0,1049,1
4D40A75C-4A61-40B3-B59F-455C13BF30E9,3091,4,243.66666666666666,0,0.0,0,0.0,-1,259,416.0,62.35206142368757,223.3955,-0.41,36.575321911221295,0.0,112.3081,26.230450923611798,0.2598116450002804,0,1049,0
E10035E9-3800-4DB9-874D-4EBDA6974EB4,2132,3,168.0,5,0.8560037523452158,437,74.81472795497186,406,655,451.8,57.060296028214026,235.05,0.0,22.257419564519008,0.0,87.94613799999999,18.231230477110046,-0.13420801681039513,0,1049,0
8F95A664-DE6F-49FB-859A-3C27EF11F534,7077,9,58.625,2,0.10315105270594883,104,5.36385474070934,733,513,489.0,118.90448270068347,372.0,0.0,45.01282711751731,0.0,179.0,-15.463201836485936,0.04867673421034267,0,1049,0
0D22829A-A658-4CBB-94CF-DD30D0CE3D8F,5373,5,236.5,0,0.0,0,0.0,-1,34,753.0,191.35855532576346,481.925,0.0,65.72834942424332,0.0,264.60365999999993,16.144442800008136,0.0007697810009944612,0,1049,0
A7294F99-D0EE-49B8-90CF-85455254D4D6,12736,2,7.0,0,0.0,0,0.0,-1,978,309.0,46.07296893885858,224.6338,0.0,19.708406445474616,0.0,76.64795,-0.4019437189511734,-0.0015069801787794385,0,1049,0
79A2FFC8-C67F-40FC-978D-B76D38EACB5D,865,7,88.0,9,3.797687861271676,859,362.46820809248555,637,487,722.0,176.7356356835734,449.6615,0.0,62.79369842394229,0.0,247.77,-13.59297580240056,0.011328392113864457,0,1049,0
A1A0482E-6F36-444C-A35C-F70EF4EBBEBD,4854,5,177.0,0,0.0,0,0.0,-1,267,251.0,46.95444248078566,114.8287,0.008167955,15.608167725924387,0.0,67.008476,-6.530108267799541,0.10845121149870474,0,1049,0
EA32ACF8-6379-4AD9-BD8D-14D4F18CAFA3,4264,3,349.5,2,0.17120075046904315,70,5.99202626641651,107,276,151.0,44.17837980868032,374.6707,0.0,10.635386062352726,0.4280018761726079,58.0,-6.159629808680322,-0.06083655732535965,0,1049,0
035C52AA-9DBB-446B-988D-E23209B52E51,12736,5,161.5,1,0.02865891959798995,112,3.2097989949748746,821,327,269.0,93.38080525028671,181.32,-38.2,24.761691725679103,0.0,122.28,-2.1740407572311398,0.14254038594434193,0,1049,0
ADEA2DFD-972E-4FDA-B7E4-6DCF28D53FAF,12736,4,230.66666666666666,14,0.40122487437185933,331,9.486102386934673,173,280,361.0,66.92038920230432,275.02,0.0,40.83133714441882,0.0,122.69,-11.559749541810504,-0.5062022043188535,0,1049,0
5A561BBF-6709-4B68-A7CB-FB2292AFBB33,12736,9,107.5,1,0.02865891959798995,117,3.3530935929648242,821,109,269.0,82.3149172286489,234.4922,-38.4,31.945719313384952,0.0,110.76,8.343597275209135,0.14350460226391612,0,1049,0
C59A2686-32D0-485E-8B4A-857EBDFAA744,4590,2,28.0,1,0.07952069716775599,63,5.009803921568627,687,943,302.0,50.192867842588115,207.4882,0.01532496,33.00050737218887,0.0,97.415858,25.646722968137183,0.04285358451430723,0,1049,0
309A1924-4FB3-4EC0-9F38-01BA96669D63,2664,8,76.0,1,0.13701201201201202,101,13.838213213213212,1020,448,452.0,121.62431803025584,369.0,0.0,43.78809301623413,0.0,180.0,-15.028407536428674,0.045284111435693504,0,1049,0
66E47D33-8F50-4FA8-96C8-4ECBD8B47802,6237,9,78.25,2,0.11704345037678371,150,8.77825877825878,306,340,258.0,98.12264444206382,230.4,-2.761532,17.312184601740345,0.0,119.9,-7.5134700593477675,0.009024165077450757,0,1049,0
23808D82-D775-495E-B7BA-ADEA8CEB3FEC,12736,5,196.75,1,0.02865891959798995,3,0.08597675879396985,307,182,451.0,94.32963276591515,201.29,-55.23553,31.733810911857013,0.0,125.36,10.84658174025769,0.08685461053709709,0,1049,0
7AB01D09-68D9-4089-96D7-3F01B0328BCD,4871,1,0.0,0,0.0,0,0.0,-1,968,377.0,114.51256458817636,240.9536,0.0170373,25.110583468709958,0.0,146.70319999999998,-12.73446700098502,0.4139531458301094,0,1049,0
CCB3457B-F244-4A1E-803A-AC30C15C9135,2209,7,87.0,1,0.16523313716613852,333,55.02263467632413,821,438,301.0,53.34920668059941,176.3749,0.0,16.871706992737973,0.0,77.38218599999999,-12.317087208222866,0.030588459426250558,0,1049,0
D298764B-043A-4443-8031-42DB085E61A3,12736,6,187.6,2,0.0573178391959799,215,6.161667713567839,821,25,269.0,100.06672405914603,229.0151,0.0,24.90154320799907,0.0,135.96,-12.901599093868256,-0.26182402307507624,0,1049,0
F19B40CD-A10F-4673-8DC8-69FA5F18182E,8075,5,230.75,1,0.04520123839009288,9,0.4068111455108359,245,37,1358.0,553.6094526241823,981.24,-543.22,142.05207363783026,0.0,718.6279999999999,-57.18874351924404,-1.003578954078045,0,1049,0
C468DD2E-00CF-4027-89C2-EAAAB75DCED4,8081,7,154.33333333333334,3,0.1355030318029947,227,10.253062739759931,820,34,106.0,28.82273945151047,53.4,-0.3443916,4.30982551791423,0.0,34.1,-0.11702185891787664,0.03161356797590071,0,1049,0
A7B8CCE1-0118-44BA-9392-9B46CB15E59E,6619,10,95.55555555555556,0,0.0,0,0.0,-1,116,472.0,152.2110285001823,262.7563,0.0,30.692793657312244,0.0,191.6199,-2.5995761197810623,-0.46999897872124385,0,1049,0
BC3612ED-EC0E-4454-A9E6-597BD5A7AF56,12736,8,122.14285714285714,0,0.0,0,0.0,-1,101,315.0,77.93784140062448,240.0,0.0,28.440720528028855,0.0,110.35468,28.447377375610074,0.08828562378976137,0,1049,1
1BFEC5F0-269D-4A77-A8FE-B324855362B3,12736,2,942.0,0,0.0,0,0.0,-1,16,314.0,85.00285040272594,199.03,-16.24106,26.40812205074613,0.0,118.36,-7.5758758656889,-0.8716947056793748,0,1049,0
5787E14C-7EE0-41B1-B1A5-59B80110213E,12736,4,307.3333333333333,5,0.14329459798994976,256,7.336683417085427,276,33,188.0,32.511377090694545,110.0,0.0,17.35257111704522,0.0,61.0,14.649965501898045,-0.051628973398684504,0,1049,0
3AA9BAE5-5478-4EAC-9B47-8ADF1CB0A257,2433,3,397.5,2,0.30004110152075625,36,5.400739827373613,83,161,250.0,50.609525729381424,163.0371,0.0,15.394140593418415,0.0,70.0,-4.800112149134513,-0.01763100611419752,0,1049,0
84D93928-D366-40B9-B0CD-38CC8B66D347,10082,3,408.0,2,0.0724062685975005,90,3.2582820868875224,154,140,416.0,151.41593760656482,293.4998,0.0,39.27907290187318,0.0,196.6766,5.730193861104937,-0.09711445283389647,0,1049,0
5E86FC79-E6CD-446E-9C63-AC9E1707FBDC,5442,4,231.33333333333334,1,0.06707092980521867,47,3.1523337008452774,261,261,126.0,47.972076918646046,126.0,-2.33007,14.840610787923865,0.0,67.5,-3.986428770497895,0.1535640545471646,0,1049,0
624B1859-E127-4462-BAA7-7CA58C3E877D,1071,8,72.85714285714286,0,0.0,0,0.0,-1,442,887.0,82.31854945332024,289.2185,-119.6904,50.78956636183934,0.0,151.72204000000002,-13.59898127122149,-0.3288835969576391,0,1049,0
346D5839-3153-4B86-9E48-E483953CA857,3952,5,205.0,1,0.0923582995951417,6,0.5541497975708503,955,133,554.0,121.05685738026611,344.1686,0.0,50.57647526230088,0.0,186.68965999999998,-28.18856110171673,0.3227042734258842,0,1049,0
35DD7336-6232-45C8-AC65-865B74AF82F7,6213,10,101.11111111111111,3,0.17624336069531626,75,4.406084017382907,398,39,215.0,56.330575781846434,121.8274,0.0,13.077800826776931,0.0,73.292992,-7.611270411809407,0.14654435574059374,0,1049,0
C2FAE1E4-0998-46CE-BDDF-ABFF133095CF,12736,9,109.875,6,0.1719535175879397,382,10.947707286432161,636,94,462.0,117.75433435795209,422.7,0.0,59.36674201426058,0.0,184.709,-6.7589775979212305,0.3337864941001152,0,1049,0
869E16C5-F63C-4408-BE22-07DD3864C3FD,2235,5,93.0,3,0.4899328859060403,452,73.8165548098434,402,648,1330.0,229.9835453137947,873.3069,0.0,121.52678902558351,0.0,424.31584000000004,-102.03499121194285,-0.24625065875544302,0,1049,0
80F8F1CB-814E-4E45-8D98-C829821FC6EF,12736,2,0.0,0,0.0,0,0.0,-1,946,99999.0,0.0,0.0,0.0,0.0,0.0,0.0,0.0,0.0,0,1049,0
00E09BD9-1407-4988-A183-D1FCB78D4E71,12736,9,100.25,0,0.0,0,0.0,-1,163,800.0,284.3443984182648,615.0879,0.0,71.15875395645452,0.0,380.383,2.787095825562403,0.06703296875899553,0,1049,0
5BC608D4-1CB8-4A06-97D9-A52C66D8FE89,12736,6,180.2,2,0.0573178391959799,47,1.3469692211055277,398,39,208.0,64.58372943238282,134.9521,-26.27249,15.093926499542127,0.0,84.246422,-8.601222255833441,0.1851748868027418,0,1049,0
B6E89437-3901-4A40-A9A0-2382B7C4A7CC,12736,2,76.0,5,0.14329459798994976,1516,43.44692211055276,562,865,99999.0,73.54627612712217,268.6962,0.0,47.359321954283395,0.0,130.70809999999997,-73.53628877974563,0.0003969025290045023,0,1049,0
DDCA2D1C-96E4-44E8-B08C-07C0F868055F,12736,17,63.0,8,0.2292713567839196,176,5.043969849246231,27,25,200.0,54.85100394578613,559.48,0.0,32.02389220688848,0.08597675879396985,97.0,29.481249140633622,0.25104139514244594,0,1049,0
0D64E8E7-5C77-4B76-BCBB-E9DC376AFAD8,7144,3,213.5,5,0.25545912653975367,54103,2764.2210246360582,26,511,798.0,170.3587387805989,632.8123,0.0,69.09018229624319,0.0,253.8281,-24.089026644796434,0.06519747671166617,0,1049,0
9F341F7C-2641-4A78-ABBA-50A9DBFE3D8D,12736,13,58.5,6,0.1719535175879397,234,6.7061871859296485,27,231,241.0,52.07935385602631,536.0,0.0,31.531119145811225,0.14329459798994976,94.0,29.63955046496134,0.25261617803746006,0,1049,0
50F9C677-6882-4699-91F9-DE04F0DAF557,12736,7,149.0,1,0.02865891959798995,4,0.1146356783919598,958,56,417.0,137.66233552919843,308.3862,0.0,34.94898639878485,0.0,174.7559,9.149865305678105,-0.039371756020544976,0,1049,0
0C5B0AA2-5077-4328-B167-81CC2F03E17A,6558,5,173.0,1,0.055657212564806345,141,7.847666971637695,881,241,435.0,157.39342820440535,313.2807,-35.96607,38.851650147917354,0.0,209.0789,-13.445688377244835,-0.03925958128132359,0,1049,0
98CC0281-EE7B-4AC2-A169-A459241C7670,12736,8,122.28571428571429,2,0.0573178391959799,140,4.012248743718593,388,75,470.0,130.34213857332264,1333.2,0.0,64.73510526118864,0.14329459798994976,208.1909,-20.492802223013996,0.48491582682923884,0,1049,0
1276D2BF-363A-46A7-AF31-BD3C63815533,2888,3,4.0,6,0.7583102493074791,104,13.14404432132964,74,934,90.0,29.884429666556183,80.01047,-4.67,16.858873563999584,0.0,54.961084,9.586504162610478,-0.061631395035093545,0,1049,0
1365214D-F4D9-4FFC-930F-32DC34064799,12736,5,221.25,3,0.08597675879396985,185,5.301900125628141,455,45,256.0,73.23485724317223,234.965,-2.938464,38.13755159264613,0.0,124.6753,26.618554093525304,0.12645827467170156,0,1049,1
08EB8303-7573-4051-A6DE-AD9898401BF8,12736,11,98.7,2,0.0573178391959799,1062,30.43577261306533,355,44,259.0,83.8393589437642,179.2,0.0,22.928556476915567,0.0,108.3,-4.4354335649061625,0.12628702608739817,0,1049,0
A90C95E3-C878-43A0-AFEA-D5352D3E0667,2967,9,95.125,0,0.0,0,0.0,-1,200,1180.0,133.43410805471774,801.8799,0.0,54.65936806427556,0.0,192.0166,38.28572618525138,0.11953195848179991,0,1049,1
6E8DBE3C-4A05-445A-8254-7FE5F2384A53,3025,8,81.42857142857143,14,1.6892561983471073,2331,281.26115702479336,426,460,831.0,211.5667289815593,789.896,-7.859729,141.4096596108666,0.0,384.2799,28.580688400462293,-1.5430284709700208,0,1049,0
527230AF-BDA0-4414-803F-A9AE9A58209E,7714,13,72.41666666666667,4,0.18926626912107855,330,15.614467202488981,306,82,251.0,96.51362718815092,233.4,-13.24505,17.6253086213976,0.0,118.0,-9.08230774370648,0.11222125616780318,0,1049,1
D9386093-6D65-4863-8CA4-A73B5947FFA1,468,11,93.4,0,0.0,0,0.0,-1,2,301.0,30.554133496284308,154.6127,0.0,36.073624575037506,0.0,80.849654,36.50295360788236,0.027116492863138476,0,1049,0
53EA041F-A40B-404B-B759-96E33C44F52C,2461,3,86.0,0,0.0,0,0.0,-1,754,602.0,191.44081103146198,525.3,0.002204452,37.433838894810684,0.0,238.26767999999998,-20.606263856307635,0.2788582443298557,0,1049,0
84AA2AB3-4D86-4C5D-A887-D03D6E04E384,1063,1,0.0,1,0.3433678269049859,18,6.1806208842897465,419,927,452.0,68.2923321527773,283.7075,0.0,34.36601269583906,0.0,115.9884,-14.0753188770057,-0.20750916423958668,0,1049,0
85BA9BE0-A063-41CF-8A8B-6F55EA4FBDF6,974,6,115.2,2,0.7494866529774128,69,25.85728952772074,934,356,151.0,35.47700124415523,126.8,0.0,11.53935290476384,0.0,49.3,-0.5356586513311612,0.08981594664307392,0,1002,0
6C0776E3-8490-41EB-8FAA-A036FA96F525,4276,3,446.5,1,0.0853601496725912,416,35.50982226379794,821,27,542.0,121.99198235674791,413.91,0.004389791,70.08095506853776,0.0,216.01945999999998,-0.6251102338589476,-0.23712591656833282,0,1049,0
19C2D2FC-18E5-4CC8-AB00-42F530EF12CC,1423,2,185.0,2,0.5130007027406887,369,94.64862965565706,821,734,1040.0,192.86835181382463,524.9402,0.0,31.615786446985382,0.0,233.2252,30.44283952876799,0.15075727715563747,0,1049,0
A127858E-B72A-4E34-AB5B-6F2983E83348,2176,7,98.33333333333333,2,0.33547794117647056,160,26.838235294117645,103,326,602.0,122.59843698099401,306.2753,0.0,46.3485167677901,0.0,180.0161,20.202596160209694,-0.07974498427974983,0,1049,0
6F9ECBF4-7CC7-4B22-AA2C-0468DCE1A12F,3332,8,122.42857142857143,1,0.1095438175270108,63,6.90126050420168,30,60,226.0,22.441798005827096,114.0279,0.0,13.19870387885715,0.0,39.786678,5.863874244635866,0.057141983450835175,0,1049,0
5B009B1D-13C0-421B-8A3D-4D9D5387B8AE,12736,8,62.285714285714285,11,0.31524811557788945,4715,135.12680590452263,551,478,99999.0,12.40678381319748,77.47803,0.0,14.36910396819464,0.0,31.20117,-12.40678381319748,0.0,0,1049,0
5A6C3F9F-DB74-459D-82A8-BE84B7A0B5D2,9104,3,232.0,3,0.1202768014059754,89,3.568211775043937,126,448,314.0,35.05998018291381,115.7,0.0,17.131770423029145,0.0,58.3,-6.70803573846937,-0.40479694566777524,0,1049,0
951A6CB6-9915-45B3-B842-22E5C6FAA977,12736,2,116.0,1,0.02865891959798995,91,2.6079616834170856,957,910,803.0,214.22557540802796,1996.49,-279.99,146.48166034783077,0.1146356783919598,385.6201,-137.19766922230806,-3.709137034668826,0,1049,0
FB912600-0A28-4998-A9DE-4B1CA9AFC007,12736,7,90.33333333333333,4,0.1146356783919598,1263,36.196215452261306,612,432,300.0,49.86542193511969,126.8921,-10.23551,18.268228215163422,0.0,75.57678,3.4364492778432734,0.036851397076864766,0,1049,0
43F3B249-81CF-4520-BC73-572928C04E1C,5923,5,79.5,1,0.06162417693736283,4,0.24649670774945132,434,588,377.0,65.40696843915624,215.7935,0.0,30.425392989667788,0.0,107.9872,3.2789210759672045,-0.09519925913117097,0,1049,0
CCA3F62C-3ECA-4F0D-9E13-740291ED19C3,8040,8,125.28571428571429,3,0.13619402985074627,37,1.679726368159204,76,26,150.0,56.78577730694015,270.1449,-2.0,23.188445677763546,0.27238805970149255,87.0,-41.01100878842163,-0.46206396079995166,0,1049,1
AE11A6F6-9BAC-4F37-AF8B-E21BA0D249A7,6824,6,134.4,3,0.1604630715123095,35,1.872069167643611,149,231,798.0,207.1647066356643,730.8465,0.0,108.31045511886704,0.0,342.1875,39.86979774967523,-0.28937527520740813,0,1049,0
091A9B8A-F32C-4375-99C0-780361B1ECE4,12736,17,60.0625,4,0.1146356783919598,4142,118.70524497487438,76,4,440.0,126.32461675702136,332.7637,0.0,46.60058649344571,0.0,186.4014,-7.644802781704996,-0.010586450673284028,0,1049,1
8D7F599A-E3D7-4794-BCCC-A88BAEA0921F,4820,6,154.8,2,0.15145228215767637,499,37.78734439834025,117,124,129.0,35.89855860149624,145.6951,0.006116094,8.524159720288615,0.37863070539419086,47.157236000000005,7.084022100664249,0.02343054998669818,0,1049,0
04E69428-F9F6-451C-B02B-366623A29F1C,5170,4,215.66666666666666,0,0.0,0,0.0,-1,249,315.0,126.14060515473295,340.9546,0.0,41.16783878274858,0.3529980657640232,168.6949,-72.98612478544283,0.10884564871138579,0,1049,0
67B5A77C-FDB1-46DC-824D-F0C43CC85E65,12736,10,86.11111111111111,4,0.1146356783919598,421,12.065405150753769,75,116,251.0,105.68416653960637,195.3,0.0,26.796848434373647,0.0,140.5,-13.805586292692794,0.10707304971341516,0,1049,0
DD6BB91B-D0E6-4032-8F4C-1D6C6471FE06,8902,4,140.0,3,0.12300606605257244,318,13.03864300157268,443,473,269.0,153.73107339555975,273.7,0.0,31.376416536576716,0.04100202201752415,193.0,-28.627323395559742,0.2830488446217717,0,1049,0
DD4C4138-5AB7-4FD7-84FA-07BC8DB4DC3B,10109,4,151.33333333333334,1,0.03610643980611337,79,2.852408744682956,178,585,489.0,123.35749948033438,282.0,0.0,36.35588286274092,0.0,170.0,-2.0975457766306818,0.07919021781369755,0,1049,0
BCB45581-9CC0-4607-8BB1-477B6E92CF1E,5685,3,312.0,1,0.06420404573438875,27,1.7335092348284962,896,268,131.0,28.39591230839195,76.5,-15.0,17.39167277382761,0.0,49.5,-0.1182502458919501,-0.016995153806741353,0,1049,0
B510BBF6-3B68-453D-B89A-D6DF249A471F,4422,3,397.0,0,0.0,0,0.0,-1,96,301.0,62.62720774459498,182.7204,0.0,33.35277523403115,0.0,106.12402,15.943043496145748,-0.19061961208586917,0,1049,0
E9FC4B54-6AD5-434E-B3DF-E388AE5CE9E1,5652,2,0.0,1,0.06457891012031139,23,1.485314932767162,896,889,131.0,28.00940997215722,116.1409,0.0,17.33320576568997,0.0,49.5,-0.09609976382389007,-0.017762223915418457,0,1049,0
AE6D1D2D-2D77-4C15-8E56-6C675A7A76FB,1621,1,0.0,1,0.22516964836520667,152,34.22578655151141,821,889,250.0,39.881727573170174,236.3501,0.0,8.899235641591282,0.0,49.54419,0.9608829738977249,0.022499096104073985,0,1049,0
7A814E4E-113F-4241-9E4E-A11CCB4B81A7,5905,2,14.0,12,0.7417442845046571,1509,93.27434377646064,108,874,264.0,111.72072957367399,833.48,0.0,24.55602995663344,0.30906011854360715,142.65839999999997,1.0502428800296997,-0.1286608413591325,0,1049,0
86F0B828-D353-4298-8E94-24D33B57D303,4195,3,325.5,0,0.0,0,0.0,-1,235,452.0,145.25518972263285,454.099,0.0,23.432900742144184,0.17401668653158522,167.7612,20.68861332520666,0.14483142791389916,0,1049,0
7A6F5E69-5A04-4CBF-91B9-93597B53F05B,4276,2,2.0,0,0.0,0,0.0,-1,886,151.0,24.02301530557452,331.7688,-11.9,5.3397845976192455,0.3414405986903648,30.0,2.1348550647958504,0.03952625609926562,0,1049,0
B5BA0E46-F802-497F-8FB4-5A3B2AD78CAB,4239,11,88.2,6,0.5166312809624912,777,66.9037508846426,354,6,301.0,29.972546298442793,100.1875,0.0,14.637787922865032,0.0,49.37326199999999,-3.918311032702057,0.017072312516038007,0,1049,0
87590A23-C0F5-4AC5-AD1B-19AA71EF7F7B,1187,3,65.5,1,0.3074978938500421,6,1.844987363100253,998,844,452.0,54.631217723932195,125.3336,-9.038255,18.674915192255373,0.0,81.64350599999999,2.4423817019937246,0.16891928013398771,0,1049,0
4DB1A6C1-28BB-4FDE-8B25-1359372E6823,1019,2,56.0,11,3.940137389597645,5007,1793.4789008832188,45,886,602.0,53.27228807278898,130.3286,0.0,22.729244434742448,0.0,83.58728799999999,22.022371496655467,0.14516460708677117,0,1049,0
6A3BD889-72BA-4693-9A92-8AA1074FB370,76,13,71.91666666666667,3,14.407894736842104,14,67.23684210526315,273,18,452.0,113.20791499330656,270.0,0.0,40.582273899274504,0.0,155.0,0.0,0.05165260344521998,0,84,0
9E3215DE-B13D-45BE-8785-E7EFD7DF04B4,6967,5,162.5,3,0.15716951342041052,50,2.6194918903401754,222,229,490.0,86.77048991215021,717.6804,0.0,37.88944524070143,0.0523898378068035,135.68105999999997,-3.8982760868415625,0.12439461976631234,0,1049,0
F4E603C6-F513-47F8-BAB8-89A5EDEEA250,12736,18,51.529411764705884,10,0.2865891959798995,216,6.19032663316583,89,70,188.0,35.99423256677296,109.0,0.0,17.436189846844247,0.0,59.0,-3.0714702210939464,0.007448964892752997,0,1049,0
5892C982-419F-4265-98B7-6CD0D7C0F2CA,12736,3,197.0,3,0.08597675879396985,4855,139.1390546482412,551,485,99999.0,10.114694655189696,193.0,0.0,12.975411398577435,0.0,26.51367,-10.114694655189696,0.0,0,1049,0
4764B324-754C-4709-AB20-B507812E1F39,12736,3,192.0,5,0.14329459798994976,29949,858.305983040201,525,537,300.0,31.07257015764317,133.1177,0.0,11.351618531932974,0.0,47.69897,-1.5167653860382302,0.020147304692366974,0,1049,0
0DA38EE8-2C8F-4957-9314-78C3CDCA156A,12736,2,120.0,3,0.08597675879396985,101,2.894550879396985,65,879,160.0,61.5414647132525,233.2578,0.0,13.961789047681982,0.14329459798994976,79.5,2.256799175636388,-0.023930680742540712,0,1049,0
36FB2CDE-4F84-4E29-831C-169E6A129F03,3252,2,1.0,2,0.22447724477244774,96,10.774907749077492,406,879,181.0,41.34312243366458,72.63777,-6.174105,9.652603900191718,0.0,53.82775,4.629485536782951,0.07067160651419407,0,1049,0
D986131B-4B84-4DE8-8BD6-C5782EFD6B64,915,2,75.0,3,1.1967213114754098,707,282.0273224043716,224,802,415.0,19.35712084406054,42.40417,-9.861,7.595687619624326,0.0,25.29144,1.3923585347974843,-0.01841460891092902,0,1049,0
A78368AF-8EC7-4A0F-864F-E56BE0BFDACE,12736,12,48.81818181818182,5,0.14329459798994976,7553,216.4608197236181,120,410,461.0,122.94441802914413,325.9888,0.0,45.8120919273573,0.0,182.8003,-3.945172892878702,-0.2145897282875649,0,1049,1
58B94B72-5A8B-4265-859F-C8A42977D4A2,12736,5,126.25,2,0.0573178391959799,295,8.454381281407036,475,367,284.0,0.0,0.0,0.0,0.0,0.0,0.0,0.0,0.0,0,1049,1
1822C8E1-4D94-4AA7-BD98-62579A5C12A1,8633,4,77.33333333333333,4,0.16911849878373683,74,3.128692227499131,37,641,739.0,266.33126134686137,556.2332,0.0,88.03845767853117,0.0,383.57903999999996,-97.7876459602873,0.06086500528821275,0,1049,0
9E7D8206-B9AA-4402-B6B1-BD01C6880C60,12736,5,150.0,6,0.1719535175879397,347,9.944645100502512,809,270,649.0,153.5245197777218,1009.0,0.0,45.78283895858684,0.14329459798994976,213.75,26.1815368804572,-0.02806342807028491,0,1049,0
3F8CB57D-232F-4AFA-8982-21F12C598ABA,4771,4,111.66666666666667,1,0.07650387759379584,9,0.6885348983441626,536,536,128.0,8.197559822668001,99.30642,0.0,8.185433532329842,0.0,19.5,-8.197559822668001,0.0,0,1049,0
F1983F15-7F51-4D7A-A3A0-712D2EB7DF30,6905,7,142.33333333333334,1,0.05286024619840696,2975,157.2592324402607,741,10,798.0,208.56982154378042,556.7811,0.0,104.25646043219659,0.0,344.35582,10.438730829926357,-2.1714390774475305,0,1049,0
47B23687-9630-4FD3-A667-184C83CB1869,12736,11,83.0,2,0.0573178391959799,12,0.3439070351758794,645,32,300.0,27.17007762076806,81.89392,0.0,13.52273548578214,0.0,45.3186,-7.8256309926816385,0.03273412908656439,0,1049,0
34BE9C23-C440-41D2-B64E-FB877B82CC26,3703,5,28.25,0,0.0,0,0.0,-1,829,151.0,39.573924559321696,937.077,0.0,14.615621000057901,0.4928436402916554,57.5,4.001692724628924,0.05440372153851288,0,1049,0
A4C9F3F6-F74C-4B75-9891-FAE0F4BB135F,12736,5,85.5,2,0.0573178391959799,49,1.4042870603015076,49,519,803.0,267.1099153672264,1781.27,0.0,151.14774083768253,0.14329459798994976,508.392,130.89962628400815,1.9142115075817936,0,1049,0
DF39C2B8-B194-4461-93CF-F8717023C467,9939,14,58.69230769230769,2,0.07344803300130798,1446,53.102927859945666,180,103,479.0,59.13336692145021,230.0,0.0,19.884217470811524,0.0,86.0,-13.488613835030456,-0.01451368024406224,0,1049,0
33919A4E-8F11-445E-BDDC-4A17FE681A9C,2339,3,38.0,3,0.46814878153056866,376,58.6746472851646,347,781,251.0,67.5541393685065,213.1302,0.0,25.39682067308132,0.0,100.63882,-0.06870028239538328,0.027457440649445254,0,1049,0
1D8017D7-E18F-40E9-8C24-00317FBD323F,12736,11,92.8,1,0.02865891959798995,750,21.494189698492463,94,98,1143.0,194.7882266319781,2998.323,0.0,95.78313291946495,0.08597675879396985,286.99327999999997,51.4392371025898,-0.4433596793273819,0,1049,0
B9D48F63-C043-4173-A67E-F23A31D900DB,12736,38,18.0,6,0.1719535175879397,42,1.203674623115578,261,170,1083.0,204.79572029055285,643.9819,0.0,100.34396553996567,0.0,338.8062,-21.146822367543592,0.20224594800489115,0,1049,0
28DA8065-B3BF-4CA2-916A-4BF7784FDD8B,327,5,185.5,7,7.813455657492355,661,737.8134556574923,248,110,226.0,45.86193301825744,113.0191,0.0,20.357507082898746,0.0,67.767622,6.390312562761082,0.06608663340291009,0,365,1
F0E862AB-F49F-485A-89DF-A6CF42B265E0,9327,2,1.0,0,0.0,0,0.0,-1,853,1245.0,568.4658233176663,1079.55,-544.53,130.04508935148658,0.0,729.84,71.29118208356829,2.0185854317857403,0,1049,0
056D6EC5-21CC-4C5B-B7CA-3D38576A0279,9913,13,69.91666666666667,4,0.14728134772520932,414,15.243619489559164,10,112,259.0,87.11524969565187,170.64,0.0,20.930324514275906,0.0,111.1,-5.72440177435557,0.1241440856986644,0,1049,0
AEA2D23E-9BE7-4555-B4E4-220F5AABFC92,12736,7,110.83333333333333,3,0.08597675879396985,183,5.244582286432161,438,183,803.0,208.51702620416714,589.8285,0.0,62.47506853295014,0.0,286.7432,-5.578955856173309,0.14040132531603147,0,1049,0
30AA272A-2443-466C-8986-905EB5D3F7AD,1026,2,21.0,3,1.067251461988304,45,16.00877192982456,680,851,301.0,35.11765937035539,140.1394,0.0,13.331582949539344,0.0,48.26736,-2.3373803541516835,0.03183439351848849,0,1049,0
EE4D2C52-4A10-45E0-B6F5-521EAEFDAD37,1287,2,721.0,2,0.5672105672105672,55,15.598290598290598,376,128,150.0,46.17877641075394,543.739,-60.68541,15.519725402585744,0.2836052836052836,65.71085,2.8216261481966782,-0.017142948205244812,0,1049,0
25F29DF5-0E1A-4FE9-998F-5E7F27FF09E0,12736,3,29.0,1,0.02865891959798995,45,1.2896513819095479,822,790,452.0,58.36310841243777,223.8281,0.0,30.003824273797182,0.0,99.20654,-14.97406057969085,0.07012341283302696,0,1049,0
FC6B3965-A1E8-439C-BB1D-0672F06F6AD5,12736,4,124.66666666666667,0,0.0,0,0.0,-1,471,690.0,128.4997700114023,463.47,0.0,59.94668130964558,0.0,205.17,28.198533229338437,0.6667227098223072,0,1049,0
69C1837D-05FB-4DCE-9762-49EE62C325F2,12736,7,112.66666666666667,0,0.0,0,0.0,-1,169,555.0,82.52408545771542,300.6,-14.19146,49.82116864067457,0.0,150.0,-12.699918366666026,0.11899603660253599,0,1049,0
AD4CF9BC-FF28-484E-9298-0888B25E0C4F,9599,4,279.0,1,0.03802479424940098,380,14.449421814772373,821,5,193.0,23.06561955995147,139.0038,0.0,9.791259491234502,0.0,34.7007,2.625313667671982,0.10871340229301564,0,1049,0
1303801B-9DB3-496F-8BB0-64867A2873B6,4462,1,0.0,2,0.1636037651277454,857,70.1042133572389,582,841,150.0,33.444093959037964,127.5189,-8.566734,12.637543063804317,0.0,50.0,2.6187146829373447,0.015867756878958986,0,1049,0
9FC1C01F-67B5-498C-9767-59A59BDAC33C,4462,1,0.0,1,0.0818018825638727,863,70.59502465262214,582,841,150.0,33.31111656181429,74.0,-17.0,12.586351824953201,0.0,50.0,2.612648870284481,0.015649508627003775,0,1049,0
4BA78034-FD46-43EE-A492-91B02B6AA81C,3581,4,83.33333333333333,1,0.10192683607930746,5,0.5096341803965373,840,588,452.0,60.99290924957076,235.6567,0.0,32.956117034512715,0.0,107.0,-4.3082641878423615,-0.5390628358325763,0,1049,0
BDE9DF47-1D5C-4BB5-A915-C6CF640FB6B3,4181,2,499.0,3,0.2618990672088017,283,24.705812006696963,94,340,753.0,300.401196806738,483.7311,0.0,56.61919849161906,0.0,374.56086,-13.535593631583765,0.013336490554685282,0,1049,0
08B98F4E-B5D2-41BE-8170-FD13A74212B6,7653,5,76.25,1,0.0476937148830524,69,3.2908663269306158,13,558,251.0,86.09887623368844,235.5157,-10.10948,34.88362422466348,0.0,127.43675999999999,0.4426291171603225,0.3611468528102357,0,1049,0
528A33E0-3710-44BB-ADBB-31CC96707FD7,1019,3,50.5,12,4.298331697742885,5373,1924.5780176643768,670,837,602.0,53.1218142480089,129.8239,-22.61637,22.687323144851288,0.0,83.38799999999999,21.909717139336777,0.14470565593367912,0,1049,0
71CC2757-211A-4D92-973D-6FE88DB85E16,8172,9,78.375,3,0.13399412628487517,2937,131.18024963289278,438,208,803.0,75.03964784830988,348.1875,0.0,79.76221062965811,0.0,171.594,-73.61672799638087,-0.0015041277930417064,0,1049,0
29C7EAB8-D7D7-4A3B-879E-1DD369918805,903,3,71.0,0,0.0,0,0.0,-1,739,602.0,101.30977514519347,296.8852,-941.73,57.40743218894334,0.0,170.5023,36.65351945611826,-0.16349339240666874,0,1049,0
8AE501DF-C350-4C40-81DC-A2C546FC5FD2,12736,3,61.0,1,0.02865891959798995,144,4.126884422110553,821,711,269.0,39.455680306262636,513.5625,-1.84608,51.005223561763515,0.1146356783919598,113.9,-38.90575746675646,0.0006684295729234381,0,1049,0
69B1356D-9B55-4313-A586-70B6E0AF1C7B,4729,11,61.4,2,0.15436667371537321,25,1.9295834214421654,259,223,490.0,86.74206288773262,233.9625,0.0,35.94396976842789,0.0,133.50964000000002,-5.572381112269667,0.1347555185902429,0,1049,0
1C735AAE-BF43-4FC0-A480-B058C93EA0BC,1950,6,160.6,8,1.4974358974358974,215,40.243589743589745,664,27,151.0,43.061525478125034,231.1351,-24.59,13.914702742482298,0.18717948717948718,58.424228,-0.31289313347390646,0.012230666523135796,0,1049,0
556A3991-C410-4811-B60B-4FF7A80A1ACB,5140,12,57.18181818181818,2,0.14202334630350194,28,1.9883268482490273,120,277,471.0,131.65161498179154,288.8838,-49.69661,50.713928624390995,0.0,196.7193,-3.8590492051503418,-0.2304567064098007,0,1049,1
8E05A8A5-DD1B-4B13-92EB-C31DC70FEDE3,12736,6,139.8,4,0.1146356783919598,117,3.3530935929648242,260,123,497.0,42.717595538901,283.0,0.0,35.94953914333539,0.0,87.0,27.801231621592827,0.3337053499974302,0,1049,0
4CE9C71E-D028-4FF1-95B3-64E7F3D0B71C,4388,5,204.75,4,0.33272561531449407,328,27.283500455788513,388,81,624.0,107.04584519962988,264.7833,0.05165524,63.51542447301006,0.0,198.94646,-64.59237911373327,-0.2133790624173855,0,1049,0
6AED5992-7C51-4238-A9F6-C08E540DE9DF,6410,2,1.0,0,0.0,0,0.0,-1,820,485.0,74.20569435780295,328.2493,0.1116015,56.17798482069931,0.0,165.24349999999998,-4.006313822154809,0.16676633687349024,0,1049,0
6EB5F12C-D18F-4C82-993A-D3CCA383645E,12736,6,103.2,6,0.1719535175879397,359,10.288552135678392,225,509,256.0,99.52528494812624,236.0945,0.0,26.38939838663529,0.0,131.14453999999998,8.938803468540442,0.08722474991758436,0,1049,0
15BCC681-BAF8-4836-8374-8E8F76FAF496,12736,15,59.0,3,0.08597675879396985,79,2.2640546482412063,267,199,266.0,56.54988869029547,400.0,-2.660278,37.36039672171223,0.02865891959798995,102.3913,-56.54988869029547,0.0,0,1049,0
A349FD0E-894E-41AC-8DEF-BE606B973E11,1423,3,224.5,2,0.5130007027406887,411,105.42164441321152,447,494,301.0,39.27607828533812,163.8731,-12.16988,22.3568324889538,0.0,69.035088,9.346431411421136,-0.00901913872487903,0,1049,0
C3ECB37A-111B-4258-BA51-B70E4D7FD316,3056,7,38.833333333333336,2,0.23887434554973824,112,13.376963350785342,797,564,554.0,73.08342568960603,246.0,0.0,48.68426923740297,0.0,145.0,5.685555791875444,0.11119857046816466,0,1049,0
7D626F8A-1B14-4815-9BA8-A7E1C57ADBAC,9756,5,196.25,0,0.0,0,0.0,-1,11,151.0,8.567771607200658,34.0,0.0,3.5021147976727205,0.0,12.0,-3.9078144157177412,0.00038520215680456853,0,1049,0
EB09302D-6254-41C9-99E7-3B47FB47A1A5,5512,4,3.3333333333333335,1,0.06621915820029028,4,0.26487663280116114,310,787,450.0,161.9897248264798,345.0,0.0,44.507930850603785,0.0,220.0,-39.84543470302302,-0.4176367224121423,0,1049,1
8E7EEB14-88C7-4566-AB9C-B7652DCC1FF8,1656,2,179.0,1,0.22041062801932368,6,1.3224637681159421,141,795,678.0,70.46192175897433,149.0,0.0,14.246891023969546,0.0,90.0,9.17118009287752,0.1135912412597081,0,1049,0
C5C33F4D-06F6-4F27-877D-B9CEB5C8A18E,2117,5,164.25,3,0.5172413793103449,481,82.93103448275862,132,133,803.0,239.8806662316785,486.68,0.0,127.82684500670527,0.0,395.5,78.39636617572887,-1.819330460322417,0,1049,0
E25A9E4D-8B06-4CC8-BA96-6BCCD553FF0E,2037,6,99.6,3,0.5375552282768777,24,4.300441826215022,89,291,661.0,148.70668055914436,421.0515,-28.4,41.3589472693211,0.0,206.82631999999998,13.470968173471391,0.16681283124854662,0,1049,0
E9EA01A7-51FB-4007-89A4-3B90EFB7F30D,1423,1,0.0,1,0.2565003513703443,351,90.03162333099087,821,789,209.0,27.900350413901702,254.5073,0.0,7.688318074456884,1.2825017568517219,38.330183999999996,8.564777714956318,0.026487894151850506,0,1049,0
CC7E70EA-3730-4F8E-A341-78672A20898A,4239,7,128.0,7,0.6027364944562397,1190,102.46520405756075,289,19,301.0,30.19242125840752,129.4863,0.0,14.757673761867467,0.0,49.711242,-3.8253475594106057,0.027906280695294966,0,1049,0
FE545373-09C7-4B48-83D2-0F570115D144,4131,2,1.0,0,0.0,0,0.0,-1,785,452.0,117.41428202284435,430.8,0.0,29.51392168375676,0.0,155.0,8.043356866044547,-0.02257508928869275,0,1049,0
9D35A429-C049-4FF8-9B46-54C59CEF091E,12736,2,677.0,3,0.08597675879396985,253,7.250706658291458,447,107,80.0,21.783079181143815,80.93059,0.0,3.9417264084192567,0.02865891959798995,26.651786,0.9423274058932201,0.00644643726223745,0,1049,0
A4988DFE-12D9-4329-AC56-03D916CB9DDD,2769,6,87.4,1,0.1318165402672445,1078,142.09823040808956,842,345,301.0,67.7165042167892,125.5963,-13.2,18.35612135191331,0.0,90.568434,-3.5624555516657495,0.16695358912960512,0,1049,0
1027E58E-BAC6-4764-A221-B5E9CD14F578,6442,13,52.166666666666664,1,0.056659422539583976,17,0.9632101831729276,633,154,472.0,115.7213181414281,335.083,0.0,49.74258671579401,0.0,186.4929,7.722886408726225,-0.2113830329094256,0,1049,1
9A16E6CC-35EA-4085-8F3B-26C879F429AF,7106,3,270.5,1,0.05136504362510554,18,0.9245707852518998,895,243,134.0,37.05310820074181,76.4,0.0,11.527873325612113,0.0,51.6,2.674445816002013,0.03224461301145711,0,1049,0
E8041C3A-6723-4437-A50A-1372FD649736,3784,6,135.4,1,0.09645877378435519,84,8.102536997885835,648,102,452.0,107.42267006639308,289.6738,-1.440048,43.26233893501653,0.0,161.35,-15.9127637315937,-0.0006075329364268232,0,1049,0
300C9711-3ACB-4AEF-BB6F-34E20D5D9A0B,9733,5,76.75,1,0.03750128429055789,33,1.2375423815884106,13,537,251.0,99.35826772566968,272.0423,-4.266948,40.08437519556998,0.3375115586150211,146.9769,2.8468296960039368,0.4213895594147802,0,1049,0
4EC99980-7AE9-4198-A8EE-8F5D45187CE4,12736,8,109.28571428571429,8,0.2292713567839196,633,18.141096105527637,17,270,741.0,235.58755512266734,455.0842,0.0,52.68838377123703,0.0,282.20867999999996,20.80354661498697,0.575885724631994,0,1049,0
2023419F-4043-4170-AEA7-05DBFA33862A,12736,4,249.0,2,0.0573178391959799,383,10.976366206030152,105,33,301.0,17.802769410295536,66.12592,0.0,8.492993973513649,0.0,26.359549999999995,-4.126553217942142,-0.32924830152514095,0,1049,0
17BC69F2-B472-4E68-B3FF-ACA5DF03A22B,3456,2,203.0,1,0.10561342592592593,18,1.9010416666666665,771,781,151.0,18.927091026006487,135.0,0.0,8.800638590884617,0.0,31.0,-2.8281712729200663,-0.037340572452949014,0,1049,0
A36BFD2A-F7A3-4F18-89A2-9C3BBE26BE72,12736,12,83.0,0,0.0,0,0.0,-1,123,479.0,56.62534773483065,243.0,0.0,28.26241630324173,0.0,97.0,-7.587153290386205,0.21581179432299216,0,1049,0
1CA24DE5-6DBA-4B99-A85E-2EA01B6014B3,12736,9,67.625,0,0.0,0,0.0,-1,234,693.0,160.5989102248339,312.4,0.0,39.27039656749714,0.0,205.7,-3.8605768915005854,0.024375391566252888,0,1049,1
CA42DCD8-C723-4A4E-A419-075957FF3D66,3063,10,59.0,7,0.8341495266079009,141,16.80215475024486,78,242,717.0,165.27245421574682,383.7634,0.006523287,45.66357794309574,0.0,225.00902,-2.521146561371836,0.1606306884122435,0,1049,0
DF31F146-AF53-46F7-B6EA-C3E4CD17D847,12736,4,241.66666666666666,5,0.14329459798994976,551,15.791064698492463,34,142,259.0,77.94959739205005,195.511,0.0,24.525962035234272,0.0,104.33909999999999,35.61152690365981,0.5541992636584604,0,1049,0
2A5A656E-58E0-41C8-A030-B15FE0F53430,12736,11,63.1,5,0.14329459798994976,723,20.720398869346734,706,184,302.0,67.19376263045737,226.8677,0.0,33.1583329633607,0.0,105.0293,0.3741626102833635,0.0014890962223753268,0,1049,0
02AD46F5-AA2C-477A-BAC0-9B37656EB37F,8607,5,95.0,1,0.04240734286046242,63,2.671662600209132,893,655,98.0,25.35802422615763,60.00026,0.0,9.48366810885423,0.0,35.97672,1.0808930207250818,0.06343731809992574,0,1049,0
37B802CD-A714-4468-8211-FC89C5384BB7,12736,5,202.0,0,0.0,0,0.0,-1,68,107.0,24.380792217987068,63.75095,-7.136641,5.554633759288799,0.0,30.56974,-1.3048835377676582,0.013081362007432288,0,1049,0
038FF4AB-E23A-42A5-A516-276DEA942BB5,6654,2,115.0,2,0.10970844604749022,97,5.320859633303276,155,659,136.0,38.27491857381121,79.40333,0.0,13.822633559818982,0.0,55.529968000000004,-0.3042466617664559,0.13093475310848637,0,1049,0
4D70620B-BFBC-4F9B-8011-D2C9B02C00FA,4131,2,7.0,0,0.0,0,0.0,-1,774,151.0,26.759422754208263,59.0,-44.25,7.273137407795991,0.0,36.0,0.5613334186312429,0.02869827322071909,0,1049,0
C3FD8C18-F21C-4F8D-AFB0-AE5BFA90FF98,12736,6,192.8,3,0.08597675879396985,1416,40.58103015075377,269,46,228.0,44.25036156880813,3261.424,0.0,20.91334466958334,0.02865891959798995,70.05555,-2.8812640542248005,0.014931614887430188,0,1049,0
AB54C437-ADC5-456C-A346-438A3B4BB50E,6974,3,346.0,3,0.1570117579581302,665,34.80427301405219,501,87,820.0,124.36712070110775,454.0,0.0,78.72119575068913,0.0,237.0,-45.23479045419417,0.04924642045421055,0,1049,0
CD712F25-2578-4742-8566-6A43356A5998,5531,4,197.0,9,0.5939251491592841,1471,97.07376604592298,144,192,392.0,124.79668461254172,277.3879,-12.50327,32.65246801010925,0.0,156.14992,11.861653975421234,0.03177736868736151,0,1049,0
FA08B10A-47AA-4772-989C-E679E91CA2EE,12736,5,41.75,2,0.0573178391959799,369,10.575141331658292,35,760,107.0,36.41601011488462,97.9,-153.4085,6.791303711680179,0.0,45.0,0.4273540826462465,0.045201693853344445,0,1049,0
5EEB6A31-85AD-48E8-B1AC-6C5B174D7321,12736,5,140.0,0,0.0,0,0.0,-1,205,693.0,169.51161880266756,328.6,-4.096977,40.95318676090642,0.0,217.0,-3.9914413335317533,0.031655079730765985,0,1049,0
DEA79AE6-198D-4E74-BD03-0DD4BD589EC7,12736,10,79.44444444444444,0,0.0,0,0.0,-1,45,800.0,301.85622019445515,1010.925,0.0,91.06536216856671,0.02865891959798995,413.51375999999993,0.2592132623349812,0.1562126894606951,0,1049,0
9DD19E83-FCEA-4D9E-9268-C0CAE7F360EF,12736,10,43.888888888888886,6,0.1719535175879397,369,10.575141331658292,773,629,739.0,109.093542040677,446.06,0.0,59.398402999968006,0.0,182.39399999999995,46.63625116919954,0.6408655801126495,0,1049,0
C4F3FAC7-F8EF-4BBA-B4C7-B428523D59D5,2391,6,120.0,9,1.3739021329987453,189,28.851944792973654,42,369,151.0,25.781533174841492,98.2241,0.0,10.045423568828136,0.0,39.283292,0.1911296561230138,0.012183499370525661,0,1049,0
3E35053E-1B5D-4BFA-8924-2C873EB506EB,5842,9,68.625,4,0.24991441287230404,356,22.24238274563506,403,209,256.0,75.34846572289142,249.6,-1.851,45.142489310396506,0.0,139.8,37.357543680426474,-0.2986056796444451,0,1049,0
0D71D5CD-14C2-40C4-9DC2-1A42AECB1007,5839,4,82.66666666666667,0,0.0,0,0.0,-1,760,251.0,88.36981423036917,286.0,0.0,43.38231957997,0.250042815550608,152.0,-22.075061143949426,-0.0892759965794344,0,1049,0
A9441B94-9CE5-48A5-98C9-4C5026B2554B,6905,13,81.08333333333333,3,0.15858073859522087,15,0.7929036929761043,544,34,203.0,38.76492074751238,110.0,0.0,18.90535197953653,0.0,64.0,-3.653500994425954,0.008712781184657148,0,1049,0
039F4325-748B-4AD3-856B-A4107D4F9B4A,4384,3,154.0,0,0.0,0,0.0,-1,450,554.0,118.86122562641616,337.3034,0.0,52.34814379328494,0.0,185.73668,-24.99408731407047,0.3244641109308573,0,1049,0
DD003CA7-B370-4F1C-A878-C9186208F1EE,9061,4,218.0,4,0.1611301180885112,155,6.243792075929809,123,105,792.0,242.65259547753683,974.68,-24.358,83.58801259271955,0.0402825295221278,348.18,-4.0544797367960825,0.8614814025963756,0,1049,0
E50B28CD-CAA2-43B2-A05B-6EDC4F3DA836,1357,4,201.0,0,0.0,0,0.0,-1,154,887.0,97.36854688166154,236.667,0.0,31.548461370995913,0.0,136.47814,-2.3908014117541256,-0.18856930127929108,0,1049,0
FED111EB-CCDD-4817-8961-13BF305C41EA,8387,6,189.8,1,0.04351973291999523,14,0.6092762608799333,508,75,178.0,34.15265384194714,123.4269,0.01054682,14.53955146381993,0.0,54.896248,-1.1655091054795506,0.07601359913994399,0,1049,0
1D8C85DB-215C-4A9B-95F8-CFAAF8B7FF81,12736,9,50.25,5,0.14329459798994976,495,14.186165201005025,502,490,99999.0,9.97673240398881,239.63,0.0,11.441868338366652,0.0,24.08447,-9.97673240398881,0.0,0,1049,0
78AC9471-AC70-4BEB-8641-A51A07FE0B39,6339,6,147.8,5,0.2879002997318189,662,38.11799968449282,92,12,259.0,94.67139435388175,206.5869,0.0,24.381175769308996,0.0,125.8374,10.446449115254055,0.0035060007064322274,0,1049,0
637B4840-C7EB-4E4D-A7FA-BA12322AF8DC,5496,5,111.75,1,0.06641193595342067,223,14.80986171761281,821,307,811.0,427.00018482416283,629.5574,0.0,33.71949673709794,0.0,463.81019999999995,14.866428053923642,0.19751818210825434,0,1049,0
15E752D2-5816-4ABC-9A94-9413FC7C5BF9,979,7,136.33333333333334,0,0.0,0,0.0,-1,141,802.0,106.46048003380909,346.5729,0.0,69.37222343539445,0.0,187.9234,47.51450333501805,-1.2081046284694157,0,1049,0
78FE1262-E81F-4AA3-9E68-B4DF3DB9BDAD,1272,4,216.66666666666666,3,0.8608490566037736,253,72.59827044025157,434,127,452.0,103.39443229881932,196.1997,0.0,28.676719677241884,0.0,145.423,12.814014370933762,0.06046629395135546,0,1049,0
5ACB4C39-0501-4B0F-B92D-F4D32196BFA8,5894,5,243.5,3,0.18578215134034612,73,4.520699015948422,419,3,377.0,42.78008015737801,240.8213,0.0,30.50419960779715,0.0,84.0,-15.835867194415048,0.013171893649396967,0,1049,0
22610DBA-9F12-4164-BCC2-BAF02CC3C38F,6997,4,201.0,1,0.05216521366299843,207,10.798199228240675,821,137,171.0,18.753754245646252,235.1959,0.0,4.840426772605746,0.2608260683149921,24.63925,2.723720700032761,0.030408256259097582,0,1049,0
A212072B-32B4-49B4-ABBC-CF03C659F7E3,3991,8,97.71428571428571,5,0.4572788774743172,661,60.45226760210474,109,259,1188.0,304.79166353987813,934.24,0.0,154.70002238906932,0.0,539.1119999999999,-142.10754239790282,-0.10713912725867086,0,1049,0
53FACE0D-C0E1-4009-91C9-CA879B3F48F0,12736,6,73.6,1,0.02865891959798995,60,1.719535175879397,821,390,266.0,112.63152333159427,319.9,0.0,29.69859900642676,0.02865891959798995,148.4,-29.573406047566493,-0.061166090464096365,0,1049,0
063B9AB9-5AC9-4600-862E-B3FDC77392F0,12736,11,88.0,1,0.02865891959798995,189,5.416535804020101,674,21,887.0,234.65787378535867,558.0,0.0,112.4845633542165,0.0,368.0,-60.71782748906239,-0.01689171731323902,0,1049,0
5976B219-558E-4D60-97C1-37CB026B0D81,5093,5,181.5,3,0.21500098173964266,426,30.530139407029257,87,11,357.0,40.472983208151305,140.0,-3.289,19.405225151208146,0.0,59.0,2.9861217301203027,1.1889899487090464e-05,0,1049,0
62F5BB0D-8F8B-4278-8C01-3DB60B53DEC9,12736,5,141.75,7,0.20061243718592967,2108,60.41300251256282,168,169,450.0,90.99893689168495,350.0,-10.07334,47.93345987283179,0.0,146.0,1.6002915033767806,0.04831472106743728,0,1049,0
D00320B6-6D62-4359-BB2E-76E9F7739537,12736,4,181.0,5,0.14329459798994976,1744,49.981155778894475,212,189,199.0,61.0522408148654,239.6283,0.0,20.390187231102495,0.14329459798994976,86.0,0.4289320246407726,0.19655432998124348,0,1049,0
A98F3C84-3F34-48AE-9052-56A5E5934AC2,12736,14,68.23076923076923,3,0.08597675879396985,26,0.7451319095477387,302,69,887.0,277.76046391641864,576.0,0.0,81.1256906381278,0.0,368.0,-5.455919163332169,0.5103052331561184,0,1049,0
A78A0D46-2591-45E4-A2FF-82E5246E3094,12736,6,156.2,0,0.0,0,0.0,-1,199,1044.0,11.821449340059795,521.246,-728.1993,61.99965521862412,0.0,0.0,126.04885787444637,5.117557836592853,0,1049,0
5E761A88-76FE-4198-8E85-039CE77EDEF9,4071,2,143.0,4,0.35863424220093343,575,51.55367231638418,224,585,452.0,207.12218886453817,435.8955,0.0,43.321196194850614,0.0,262.67684,15.295669383918636,0.1351143967188657,0,1049,0
DF88F395-7D5B-4E72-AB84-030D8C44E9C9,7589,6,18.4,0,0.0,0,0.0,-1,712,440.0,185.75866803688507,348.58,0.0,41.75563310836993,0.0,246.19,32.82776946311492,-0.47434857698504407,0,1049,0
CD471C9E-4DB6-4A0B-A7BC-EDB6084321E5,4294,8,77.42857142857143,2,0.17000465766185374,209,17.765486725663717,443,183,301.0,77.79497768261106,504.8663,0.0,18.256376016752125,0.4250116441546344,101.51809999999999,-22.348303076901182,0.04701947390447868,0,1049,0
67283C11-F89A-4F7F-BAC7-026CCF896C40,12736,1,0.0,0,0.0,0,0.0,-1,725,188.0,29.269324548748067,78.2,-24.0,9.966591242466414,0.0,42.1,-2.7878044841647345,0.0015710844645048664,0,1049,0
D28C46DC-BF3E-41DE-AD8D-98E577997D49,9873,6,127.0,2,0.07393902562544313,57,2.107262230325129,356,87,489.0,75.45133542302557,1061.0,-112.125,43.509193514385466,0.03696951281272157,132.0,9.48204746962874,1.4694777250849271,0,1049,1
C82E945E-0D25-461E-915C-B4C89B4C6015,8907,9,89.125,2,0.08195801055349725,89,3.647131469630627,5,2,739.0,166.31991386186004,409.0731,-2.6,72.50623342554309,0.0,252.82309999999998,19.8259194714733,0.008927485331798305,0,1049,1
D7226C0C-05E0-4A38-8ACE-0DF171DE1DF7,4355,2,174.0,5,0.4190585533869116,554,46.4316877152698,321,718,452.0,166.41684384271002,351.4146,-135.7022,60.88666658422158,0.0,247.66282,-62.7906766204878,0.054680056654129755,0,1049,0
1DB4A099-6EE9-476A-8F02-F2CBF243200B,9511,3,380.5,2,0.0767532330985175,133,5.104090001051414,30,25,489.0,153.33612800307597,310.0,0.0,29.463699196205102,0.0,189.0,0.3861637314919335,-0.018862440054476393,0,1049,0
03043F46-6D02-4C93-8520-5A32BB0B8D14,2964,3,317.0,0,0.0,0,0.0,-1,77,1246.0,184.48579487825415,491.9,0.0,49.49366607281172,0.0,249.0,-16.858734693068953,0.019271143442329445,0,1049,0
B8553E8A-AEDB-4CAE-AE4A-3F3CFC08026D,12736,6,111.8,1,0.02865891959798995,92,2.6366206030150754,739,179,314.0,61.60134308272621,188.0,0.0,20.520148652529713,0.0,88.0,-5.9474078975410265,-0.11000849441866431,0,1049,0
580F42B9-F6B8-45AC-B957-36049DF0A63A,12736,5,150.75,2,0.0573178391959799,27,0.7737908291457287,741,137,377.0,157.20140631535355,333.7983,-483.7,40.823389391208735,0.0,210.89903999999999,32.5235925997699,0.007490277312291993,0,1049,1
1D49708A-644C-4562-9BDC-F363556740C4,892,7,85.16666666666667,17,6.956278026905829,1190,486.93946188340806,69,201,60.0,5.257934469915849,27.062,-5.72205e-05,5.847774490846964,0.0,12.467,1.6437169189730403,0.004430980962434617,0,994,0
A307702A-865B-442F-A6F3-D9CFDD7DE0E8,927,7,66.66666666666667,1,0.39374325782092773,11,4.331175836030205,612,470,887.0,116.454995388135,527.9236,-4.22,73.5298926508284,0.0,210.907,5.946024348284752,0.2998492218097435,0,1049,0
237A5DCE-58B2-45C6-BB33-140395E78921,7157,12,43.63636363636363,3,0.1529970658096968,58,2.957943272320805,338,284,472.0,156.3306113826261,534.313,0.0,42.77856390198462,0.254995109682828,201.9653,-7.725052405002685,0.13140573425546465,0,1049,0
0CA68153-851D-4968-A9DC-0C42009EFDE9,12736,11,72.2,0,0.0,0,0.0,-1,58,693.0,191.62359977898137,481.1312,0.0,87.70817045635764,0.0,310.4847,-45.21886807589496,0.3264185447058968,0,1049,0
B09F4E36-28B7-431A-90DE-64AB1C2A7F8A,12736,8,47.857142857142854,1,0.02865891959798995,164,4.7000628140703515,821,494,269.0,136.31523199002962,261.9,0.0,21.738272462061836,0.0,161.7,-23.049306064103675,0.08878290872662274,0,1049,0
09531D9B-5C40-4E4C-9FF9-8F254CE91CDE,12736,10,90.11111111111111,2,0.0573178391959799,434,12.43797110552764,95,5,800.0,321.40157699276756,790.2831,-3.236415,80.81908600878953,0.0,415.192,17.565533701676884,0.26235997102947833,0,1049,0
730975BB-1E09-4FC7-A169-C4AD051BA7C3,3357,5,139.0,7,0.7610962168602919,454,49.36252606493893,435,348,416.0,78.19030447798369,265.6706,0.0,40.288160909522496,0.0,132.95072,-12.002620018492948,-0.25603492194899946,0,1049,0
8D49D287-FE99-40A8-B5DA-B98817B8B295,12736,7,134.66666666666666,1,0.02865891959798995,98,2.8085741206030153,17,18,271.0,76.94247246938954,162.4763,0.0,15.176118671574002,0.0,92.21262,6.120608653527114,0.0034948143728053345,0,1049,0
3820730B-D446-4C90-947C-92FE4D813F7A,12736,7,115.16666666666667,3,0.08597675879396985,278,7.967179648241206,17,41,271.0,78.4450522430317,172.9087,0.0,13.86041670493003,0.0,92.84054,5.162405405409672,0.025023541990253056,0,1049,0
2FB42A0F-3126-4CA4-850B-AFED58E6F1BD,4516,3,349.5,4,0.32329495128432245,658,53.18201948627104,224,3,901.0,149.62327738814827,491.0889,-67.0,64.93070945024769,0.0,228.8818,12.663269959845536,0.396152251946261,0,1049,0
322348D6-CAA9-48CF-801B-69047E083E89,1033,3,132.0,1,0.35333978702807356,4,1.4133591481122942,134,702,452.0,82.10267116689096,293.8461,0.0,44.95498482468711,0.0,144.7868,6.702054977399172,0.15120633562148775,0,1049,0
9DED6C01-5F39-4D14-ACAD-AAB508EEB6BA,4351,3,118.0,2,0.1677775224086417,169530,14221.661686968513,26,701,887.0,147.72885353490622,356.5359,0.0,72.58682779467767,0.0,233.74461999999997,-6.526674252498822,0.05798722058722574,0,1049,0
BAC94273-4572-4578-8CA3-1DBFB8291294,12736,18,38.23529411764706,4,0.1146356783919598,184,5.273241206030151,405,383,269.0,73.72439582014226,514.576,-74.02341,21.040536969099083,0.14329459798994976,100.1967,-2.0513888610373243,0.2051470398705463,0,1049,0
1B963941-733C-4279-AA9A-F207BD0D1F18,12736,20,42.73684210526316,3,0.08597675879396985,47,1.3469692211055277,396,95,452.0,101.94577987197823,772.1361,0.0,44.52211237506399,0.02865891959798995,153.35314,-0.42943203787329765,0.008381479178286352,0,1049,0
1A17FB4A-5F58-4C7D-BF39-6C6911CEFE88,4376,8,92.85714285714286,1,0.08340950639853748,60,5.004570383912249,51,45,800.0,310.180446995575,645.9803,0.0,84.33439081749266,0.0,417.9872,-7.873700922812645,0.26525161991833346,0,1049,0
6BCF5FA9-D936-49A4-956D-17D01F084F47,5548,4,102.0,0,0.0,0,0.0,-1,390,511.0,165.5591387493573,436.402,-184.722,36.62830018235771,0.0,211.69706,-4.458773091178273,0.516548125895038,0,1049,0
1774AC61-DAD0-4225-B1C7-8C3D76A609E5,1911,2,1.0,2,0.3819989534275249,220,42.019884877027735,717,697,602.0,50.03775835400438,179.693,-2.464044,11.120962786829182,0.0,61.090024,1.4644286583412907,-0.01250031909065573,0,1049,0
1C3CBB2F-4D26-49E4-B33F-736EB1D4587E,12736,10,92.22222222222223,0,0.0,0,0.0,-1,28,578.0,72.6898512960881,181.8956,0.0,28.21361333966602,0.0,107.0974,3.841451183850168,-0.6179581332881536,0,1049,0
531FCD46-83A5-4F94-B5DF-71B7B1C992D4,6725,7,76.33333333333333,3,0.16282527881040892,37,2.00817843866171,9,475,223.0,32.40968717849941,145.3582,0.0,16.878878786269823,0.0,54.528839999999995,-11.097316082928419,-0.07762800787173212,0,1049,0
3155C5B4-C6ED-4649-9E4C-8FF87F25F000,10111,6,122.0,1,0.036099297794481254,291,10.504895658194046,887,74,1270.0,312.41500367852854,691.16,0.0,108.04340927039878,0.0,444.42,43.93231808073074,-0.385833330475546,0,1049,0
F62BD0CA-53E7-4460-BB66-910DBE0F2DDE,3797,1,0.0,0,0.0,0,0.0,-1,680,630.0,168.69394154341816,310.0,0.0,33.272078732611256,0.0,212.0,-10.302274876751483,0.07600309594676491,0,1049,0
E2C1F887-0A50-491D-B7A1-BEDC33CE0F2B,3349,5,201.75,1,0.10898775753956405,359,39.126604956703495,821,137,301.0,67.45423324808382,246.8191,0.0,43.882243124519384,0.0,138.01965999999996,6.1175018100180125,0.07054842705454112,0,1049,0
9224BD01-549B-44D0-A062-5E612F54A67D,12736,5,0.0,5,0.14329459798994976,762,21.838096733668344,415,668,100.0,14.07898084982797,77.39868,0.0,11.914400907266824,0.0,28.2959,9.023134730650424,0.09074128303006568,0,1049,0
7084F0EA-F33F-446D-BA3E-7209E8CA9A41,12736,4,46.0,2,0.0573178391959799,84,2.407349246231156,733,670,314.0,50.19070117403727,173.0,-46.0,26.051931367973722,0.0,85.0,-17.69641105058048,0.12285067200794951,0,1049,1
5859D661-EAE9-4855-8537-DF33D4EC934C,2432,3,116.0,1,0.15008223684210525,434,65.13569078947368,821,669,301.0,30.57703376171949,146.5724,0.0,21.015678904146863,0.0,60.874601999999996,7.734791487508907,-0.020518655143104768,0,1049,0
53BA14D9-3C5C-4616-AB93-017E1C32B497,5288,2,292.0,2,0.1380484114977307,346,23.882375189107414,75,376,274.0,111.83103414249541,206.25,0.0,28.07123643652637,0.0,148.75,-15.280977357001575,0.11581441595089671,0,1049,0
0FEAB975-926F-4BBC-98D3-89BE8924FB20,12736,4,207.33333333333334,12,0.3439070351758794,737,21.121623743718594,89,118,376.0,132.50182090192925,430.916,0.02126971,44.416977674015314,0.08597675879396985,194.49392,-10.952650456788035,-0.2013736297648686,0,1049,0
7D8B619B-1A1F-4C8B-B1DB-74F8055D6D1A,3651,2,356.0,2,0.19994522048753768,17,1.6995343741440703,151,305,150.0,20.902934199553187,539.1084,0.0,8.415663521812444,0.49986305121884417,31.0,-2.283798397084052,-0.013423010614039985,0,1049,1
5A4968D3-4F8F-4884-B729-C3F532CB9B58,4314,4,172.66666666666666,4,0.33843300880853033,380,32.15113583681038,267,382,301.0,14.84091755637427,40.37077,0.02820016,3.2942715596744296,0.0,18.63935,-1.0935583359267405,0.016752732623528156,0,1049,0
7E1FF200-9640-48B3-9D6A-480E4A296740,4881,6,22.2,3,0.22433927473878304,264,19.74185617701291,379,543,251.0,96.78776762492129,152.9352,0.0,13.664152015129027,0.0,113.13015999999999,-1.5394940624212836,0.051831497981485015,0,1049,0
DBC62C1B-1683-4972-ABF7-FAD2EBCF66FF,12736,15,56.92857142857143,4,0.1146356783919598,60,1.719535175879397,718,133,461.0,130.7551906517763,319.4197,0.0,71.95485121404838,0.0,197.852,19.446432103624943,0.12640641775662656,0,1049,0
90294E09-1B40-4D4B-B3A1-2C9C8ABAD9B4,1019,5,88.5,9,3.223748773307164,2696,965.6918547595682,805,586,416.0,40.37795979579972,89.00196,-22.17479,10.25725224976571,0.0,50.233363999999995,7.347640603120034,0.19118373150145093,0,1049,0
C33CE1CE-EF0C-4763-853D-5ADE9D22023B,4257,3,223.0,1,0.08574113225276017,236,20.2349072116514,395,202,602.0,178.30512691541765,286.2,0.0,34.32521648399733,0.0,216.3,0.1366169117428626,0.20105275914248522,0,1049,1
D3CE6410-E249-437E-87CD-BAB7A359B7FB,4263,2,35.0,0,0.0,0,0.0,-1,612,452.0,112.43889476887176,291.0,0.0,43.44172114132465,0.0,171.0,19.570133008906026,-0.0075288787368728,0,1049,0
96C29E72-3A47-42C9-ADA7-07FF12C18ECF,8399,4,76.66666666666667,1,0.04345755447077033,36,1.5644719609477318,825,495,126.0,40.73852512836848,78.6,0.0,11.914744654708587,0.0,55.8,0.8032186987920156,0.1058725471365567,0,1049,0
C04FEE63-ADE6-4FDF-A858-A00078197C51,1635,6,105.8,0,0.0,0,0.0,-1,411,678.0,49.414034326171546,539.4024,-37.2,27.63702280191903,0.0,85.0,-8.977768894072781,-0.020108678254784726,0,1049,0
335C0ACD-5064-49CF-874F-A665F861F7AE,12736,5,116.75,3,0.08597675879396985,57,1.6335584170854272,87,475,225.999,28.4790667868516,799.9007,-4.882813e-05,28.230395025378954,0.0573178391959799,62.72042999999999,22.036798609273145,-0.18891590054739452,0,1049,1
2AD2958A-9832-4E44-8829-835B86560F81,8290,9,126.375,1,0.04402895054282267,272,11.975874547647768,821,0,901.0,194.6444570678237,386.5273,-13.38,46.16303682794861,0.0,250.32934,-8.941465950539794,0.08258457184682788,0,1049,0
0F8EA3F7-DE6F-424F-9B2C-73F34BCA6330,4781,6,95.2,1,0.07634386111692115,65,4.962350972599874,315,162,473.0,101.18548758001897,366.7786,0.06575783,53.11631836893362,0.0,174.69646,-62.55269757538934,-4.004319998772006e-11,0,1049,0
51292C18-31ED-4D63-B6FF-52F12960B6B0,2750,7,48.666666666666664,2,0.26545454545454544,485,64.37272727272727,417,346,1247.0,321.40092092532836,787.2072,0.0,188.21145517975683,0.0,584.4616799999999,-20.759986571470336,-1.0775339995354893,0,1049,1
77654BD6-E4C2-41AB-9495-B1ECCFD1C628,12736,11,63.4,0,0.0,0,0.0,-1,58,99.9995,7.653234075621656,79.30042,0.0,13.316734431796956,0.0,28.542542,9.866876314162292,-0.0012606823853594635,0,1049,0
BAAF667E-703D-4EB8-9EF0-B8B82B90AF23,8355,4,263.0,3,0.1310592459605027,1394,60.898862956313586,220,24,251.0,74.47117799492202,177.4,-16.266,21.14869682268089,0.0,101.7,-13.146085402329426,-1.0759165168997575,0,1049,0
5C0A84A2-ACFF-44F6-BD8A-DDA8476E0243,12736,10,67.55555555555556,2,0.0573178391959799,52,1.4902638190954773,412,414,269.0,79.2884456996692,1013.519,0.0,22.333847784356465,0.02865891959798995,107.69976,-2.535760323897591,0.22164344594719554,0,1049,0
5DA4F020-A8EF-4993-9B53-FD9AD31CC80A,12736,3,186.0,4,0.1146356783919598,2132,61.100816582914575,414,627,267.0,80.21575532029142,203.88,0.0,31.23918473352219,0.0,124.11,2.9314738463752406,0.3863160615393122,0,1049,0
312981FC-E0DB-4FC9-A22D-3FBF3758377C,10191,12,47.27272727272727,2,0.07163183200863507,107,3.832303012461976,217,99,235.999,56.44414755306371,129.5776,-28.72266,14.089514906496808,0.0,72.81494,-15.51750863176742,-3.876292458866019e-05,0,1049,0
494789BE-7AEF-49FA-A3F8-C72011A46C07,4712,6,93.0,0,0.0,0,0.0,-1,153,693.0,107.80101942537802,211.3531,0.0,20.887955064061416,0.0,131.55924000000002,5.734728792986189,0.46155124953975024,0,1049,0
578C8533-3CBE-4331-9D4F-38BD6E87928C,3421,2,607.0,2,0.2133878982753581,184,19.631686641332944,349,13,452.0,115.63710868257043,302.2222,0.0,81.93657440071628,0.0,229.96963999999997,23.289441659636353,-0.6848586827686729,0,1049,0
C77DC20A-45BB-45CF-91B7-EB9F38FCAB26,2990,8,72.0,2,0.24414715719063546,587,71.6571906354515,626,410,415.0,77.7192563818094,341.644,0.0,40.361394675037786,0.0,132.34044,-12.016991765065569,-0.2553628821193241,0,1049,0
9AB321E0-E4A3-48F6-BB81-9B07AB1BDF9F,4185,2,277.0,3,0.2616487455197133,202,17.617682198327362,349,620,452.0,115.77589124388686,302.0185,0.0,81.7014972069834,0.0,229.8319,23.605017789292162,-0.6728733554491684,0,1049,0
6182B77A-39DC-4FFA-B4DE-4C269400AF62,5583,3,217.0,1,0.06537703743507076,7,0.45763926204549527,764,221,314.0,53.263294488833054,195.0,0.0,19.05789280592134,0.0,78.0,0.8498227951175608,0.008198657355906329,0,1049,0
2FFCC62F-4FEF-4B9C-ACB6-A1EFCDD68B58,12736,16,37.266666666666666,2,0.0573178391959799,63,1.8055119346733668,282,60,235.999,61.019638421778346,399.9634,0.0,15.313981332015283,0.02865891959798995,78.79639,-19.01116076900057,0.010388402862908003,0,1049,0
BF27730A-1062-44DA-AFBF-F53BDC915EC3,12736,4,83.66666666666667,1,0.02865891959798995,15,0.42988379396984927,343,361,261.0,60.85182537751496,282.5585,0.0,22.56174212045958,0.1146356783919598,89.59083,-0.07118494456742752,0.062333798647183594,0,1049,0
1E07BAE7-73EA-46CE-B7A9-E0370849DB47,1079,10,107.33333333333333,3,1.0148285449490269,129,43.63762743280815,767,24,887.0,182.9419656804577,493.3319,0.0,77.17616412982022,0.0,274.4446,-26.78975606317377,0.008901913758063231,0,1049,0
DD39BD46-C53B-4406-ADFC-44C9D5A4EEFA,927,11,63.6,5,1.9687162891046386,8207,3231.4509169363537,107,231,887.0,114.3826540027445,381.1188,-0.46,73.25780185284724,0.0,209.3658,8.053729439230807,0.3006761610842525,0,1049,0
CC375D16-BB36-44E5-AEA2-38D64FFB1798,12736,6,102.6,4,0.1146356783919598,5589,160.17470163316582,51,93,1370.0,318.13753193633283,826.61,-361.73,121.42754804053914,0.0,485.36,-54.31491388077728,0.04751352075905511,0,1049,1
E57197DC-6EA9-4F3C-B3EB-4ED92D17A6C6,1033,7,160.16666666666666,0,0.0,0,0.0,-1,1,452.0,85.36723666337414,248.4846,0.0,39.99783844593161,0.0,143.4755,1.3948621205764766,0.06622383907470253,0,1049,0
FB435CCC-49EC-4293-9E12-8848430AB34B,3771,3,245.0,6,0.5807478122513922,1078,104.3410236011668,32,379,301.0,76.0640470227629,208.2538,0.0,23.840934248846445,0.0,101.87549999999999,34.38580245434976,0.5306340225879258,0,1049,0
049F4E33-511A-40DA-AEE8-FA4368601894,12736,9,25.25,3,0.08597675879396985,47,1.3469692211055277,177,441,470.0,160.08925664738246,1008.07,0.0,54.205039163834215,0.1719535175879397,212.4023,-6.0539046851911,-0.09632870111494994,0,1049,0
552652D8-4570-4DA8-A1B0-E419BC77A04B,8566,7,131.83333333333334,0,0.0,0,0.0,-1,212,472.0,139.80535719238696,471.0,0.0,31.18303652348684,0.0,176.4679,-0.3219582201647597,-0.07536454440891388,0,1049,0
68AA5796-52C8-484F-9DCB-DB5E8835BEF9,6985,12,65.0,1,0.05225483178239084,434,22.678596993557623,113,1,452.0,110.97557839420553,245.2874,0.0,24.52366505192398,0.0,139.22224,-9.293070584765829,0.625923261198868,0,1049,0
796651F4-2341-4804-915D-A592B87EC674,12736,8,76.71428571428571,0,0.0,0,0.0,-1,61,472.0,155.38770172209036,732.7881,0.0,69.84273190478488,0.14329459798994976,216.0645,-64.19229732800085,2.8904869316644697,0,1049,0
1610F0BE-08DA-4EA2-A731-A68E5D89F150,12736,10,82.55555555555556,10,0.2865891959798995,2551,73.10890389447236,132,178,259.0,77.25290268377776,214.3982,-15.06,25.042539801779025,0.0,103.87519999999999,36.33708517038892,0.5586194606574947,0,1049,0
DCB8F634-92D6-4E91-A14F-1E1BA289F0F2,2822,3,45.5,1,0.1293408929836995,375,48.50283486888731,821,508,151.0,11.046309453671599,29.4,-11.20524,4.1002835635796,0.0,15.68,1.5392044352172913,0.01636341592239327,0,1049,0
6796302D-5EE7-4A4A-8EF0-46CFBEB168EB,12736,8,31.428571428571427,0,0.0,0,0.0,-1,446,259.0,96.06548555823449,2029.0,0.0,29.015343011750545,0.14329459798994976,127.2,-5.556056545888794,-0.044441975003861885,0,1049,0
E589611A-9F2F-43DD-B486-B63BD2FCA1F3,12736,1,0.0,1,0.02865891959798995,129,3.6970006281407035,821,599,141.0,27.94926780826268,125.9,0.0,14.594157773837432,0.0,48.4,3.669212134870037,0.1257579526094074,0,1049,0
E1CFEB9D-B220-4FC7-9D44-E63904BCEF82,5457,4,180.0,7,0.4682059739783764,351,23.477185266630016,11,330,395.0,174.22165574387668,361.9185,0.01429563,37.484201916420545,0.0,222.63614,-12.315927818903674,0.07097537743399221,0,1049,1
6DED620A-7A47-4EDC-96E1-CF9E74554308,609,11,32.3,6,3.596059113300493,29795,17857.430213464697,297,269,678.0,123.77675549503988,382.0,0.0,89.25322646269436,0.0,238.0,3.109895739528028,-0.10050777873824233,0,715,0
94C39812-BC1C-485D-A316-AEDD8B235507,7965,6,159.2,0,0.0,0,0.0,-1,145,489.0,107.61182379961151,254.0,0.0,26.66422130187499,0.0,142.0,9.85646323742553,-0.0431509034038298,0,1049,0
97CB5650-DC04-4E1A-8A96-782066AEADFA,12736,12,75.18181818181819,10,0.2865891959798995,1634,46.82867462311558,383,42,218.999,37.099090626226385,173.0347,0.0,40.03050114122043,0.0,81.31477,17.090535916259853,0.04405244556051706,0,1049,0
5B376294-316F-478F-8235-507F0B951C67,3406,6,102.2,2,0.21432765707574866,28,3.0005871990604813,546,86,490.0,122.49157132668866,270.8837,-103.9867,31.531559022179575,0.0,160.283,-4.702012777228774,0.10744675373246124,0,1049,0
FBEDE38E-E6F2-4587-9B05-3A116BFA9A28,3492,5,144.0,2,0.20904925544100803,561,58.63831615120275,613,16,452.0,116.68068904120798,249.8689,0.009360424,20.220975389921257,0.0,141.37482,8.700376037933538,0.019389684088725653,0,1049,0
739D0037-CFA2-4D01-9B9C-F24DA571991E,5462,12,84.36363636363636,1,0.06682533870377151,38,2.5393628707433176,825,12,261.0,30.238137449203496,235.4852,0.0,13.931218572189266,0.0,48.0,-8.689294856610903,-0.031794734603745906,0,1049,0
3697A454-05B7-4A7F-9EFD-A7C6EC7A63BF,8445,6,89.2,4,0.1728833629366489,576,24.895204262877442,282,581,266.0,76.75191369378577,223.5,-2.492714,28.094042935033855,0.0,115.1,-3.2490278912394643,-0.036775424949027406,0,1049,0
8B3CBC04-0E04-4D93-B8EC-53C1D5B36F6A,2636,2,0.0,0,0.0,0,0.0,-1,578,347.0,21.233017088097874,122.5566,0.0,12.006033003032528,0.0,38.42054,3.3870625057292862,-0.05431936510797216,0,1049,0
48530EFB-01FE-4AF6-AE0A-8AF27F3F3003,9116,9,107.25,2,0.08007898200965335,44,1.7617376042123738,516,25,261.0,104.33310100041763,378.6778,0.0,47.88647712932721,0.20019745502413339,164.6,16.045170604520635,0.29350348465506476,0,1049,0
161BB03E-9934-47A2-AF1E-6D2E5420371A,12736,39,22.13157894736842,0,0.0,0,0.0,-1,13,1083.0,212.56093838745286,915.5884,0.0,107.11504578028412,0.0,350.4028,-29.14093173563188,0.10761638173508127,0,1049,0
575F6BD7-B6D0-4D7D-88A1-ADE8E25DCCE1,5204,5,129.75,0,0.0,0,0.0,-1,405,400.0,91.8157528111265,282.4227,0.0,47.62088252254786,0.0,157.0,-26.34962626791662,0.022510723774706514,0,1049,0
3D02237E-52DC-48D0-A424-F9146A2FE717,12736,3,66.0,2,0.0573178391959799,217,6.21898555276382,307,488,98.0,36.0531997833699,95.8,0.0,17.847738356942436,0.0,56.5,0.7183280042072582,0.01747321342349009,0,1049,0
AEBAED0D-838D-4DFE-A656-A2B31FD07529,5361,4,95.0,2,0.13616862525648202,67,4.561648946092147,51,567,511.0,53.19977761322836,218.0,0.02005204,25.065283425730826,0.0,86.37244,5.7950577581450915,-0.08264406130661225,0,1049,0
38FBACB2-837D-4E4E-8D03-B5E91A48F188,12736,9,64.75,3,0.08597675879396985,764,21.895414572864322,378,238,803.0,208.41145989956712,532.1503,0.0,63.56448234993131,0.0,284.4086,-6.619197673486866,0.12922722314635704,0,1049,0
CE80BE38-EA62-41E0-9A23-B701BB719304,2835,3,87.5,1,0.12874779541446207,19,2.4462081128747792,448,389,301.0,40.07896925815959,93.741,0.0,17.60233767675301,0.0,61.35296399999999,-0.6317164987460089,0.14593660254612234,0,1049,0
AAE94654-1BF0-4685-9517-9455367E1819,3026,7,82.83333333333333,3,0.3618638466622604,598,72.13152676801057,36,65,1246.0,286.86355970287576,692.8052,0.0,156.8412192599965,0.0,510.8822399999999,-29.60911216724304,-0.26054613316181585,0,1049,0
3FF158E7-DC5F-4CD0-9142-09E24B0EF3EC,8200,6,39.2,0,0.0,0,0.0,-1,564,753.0,198.1890731276724,420.0439,0.0,58.050289976284795,0.0,274.0723,-32.51713435220941,0.032005054991196165,0,1049,0
0B6F7610-23BE-4C8A-BE40-A7682629EE32,12736,3,238.5,5,0.14329459798994976,20629,591.2048523869347,226,86,538.0,66.55343344295876,212.6221,0.0,35.94120127408366,0.0,108.9478,-51.96965082258839,-0.4975353033913974,0,1049,0
1DE88476-8617-4FC9-91B8-E785414FA395,1798,3,206.5,5,1.0150166852057843,8201,1664.8303670745272,443,150,301.0,76.0741816023907,166.053,0.02312617,18.16740033578263,0.0,99.129146,-21.573198436495638,0.049099532579990425,0,1049,0
83B9B9D3-05E8-471E-8652-A76652FF0CB2,12736,4,242.33333333333334,6,0.1719535175879397,357,10.231234296482413,492,88,450.0,131.43729818955632,386.91,-0.59,38.033501234983284,0.0,182.32,-22.22082288091434,0.25480706808787246,0,1049,0
9D8FC919-9213-48A4-8913-B26BF7EDE3C4,4126,2,474.0,0,0.0,0,0.0,-1,87,452.0,145.61077133850856,352.0,0.0,33.7640582659762,0.0,186.0,-13.387083066903614,0.040573767680382775,0,1049,0
CFED983A-90E5-4DE8-B1A4-0A7C82262203,4555,8,113.0,2,0.1602634467618002,195,15.625686059275521,438,46,803.0,248.11585866255209,489.8071,0.0,71.22080916030124,0.0,324.0967,-18.923590684157006,-0.07437032273096458,0,1049,1
1396E67C-1FD6-42AD-8CDA-88D91DA2D0CD,4127,3,0.5,1,0.0884419675308941,102,9.0210806881512,809,553,452.0,145.66722226355182,352.0,-22.91559,64.66860559447903,0.0,230.0,-18.121774732687626,0.18938123362269432,0,1049,0
14AB8259-78C6-428F-9729-CBCC512979E2,10260,5,58.0,4,0.14230019493177387,244,8.680311890838206,400,554,489.0,90.477107096126,657.2795,0.0101646,52.772525323387185,0.17787524366471735,162.40004000000002,26.070734603071514,0.07545541572531181,0,1049,0
94CC3F23-A1B2-4EBF-9B32-31E8D31D6B51,12736,8,74.71428571428571,5,0.14329459798994976,4305,123.37664886934674,340,31,99.9995,10.693211507659417,86.06876,0.0,15.573650613561384,0.0,34.695975999999995,6.696171745951695,-0.012238632757044862,0,1049,0
3C4021F2-DC7A-43D1-98C1-F6F0A981C668,3462,3,0.5,0,0.0,0,0.0,-1,552,452.0,46.56888834381857,497.0,-49.3,14.05858890073416,0.5271519352975158,65.0,8.341065359885135,-0.04903606069342003,0,1049,0
6F8C19AE-D47E-4D76-99B1-E45A0540A6E4,12736,5,108.0,1,0.02865891959798995,168,4.814698492462312,821,522,88.0,15.97510308945852,232.1056,0.0,17.032735714761614,0.08597675879396985,39.49039,-15.94019578945852,-3.3648296792540056e-17,0,1049,0
F1B37FA2-DFDC-4280-8A70-0E6B55E811E4,2814,3,335.5,2,0.2594171997157072,88,11.414356787491116,55,356,452.0,70.56482515071562,260.5839,0.0,40.96035416879382,0.0,127.31577999999998,-7.573928001024264,-0.24959247649808372,0,1049,0
C9567B67-6E01-40B4-8643-87BA3D0335EE,7249,2,0.0,1,0.05035177265829769,294,14.803421161539521,821,543,134.0,18.006783956034923,113.0878,0.0,6.388475306771769,0.0,25.99718,3.0495308015268066,-0.007202114241376369,0,1049,0
3DF520E4-7689-4A2E-85B9-A5CE7C2FFE86,8741,14,70.38461538461539,0,0.0,0,0.0,-1,1,301.0,22.293805251632453,223.0312,0.0,31.277669794589556,0.0,70.261022,42.888771517812,0.031159060278528602,0,1049,0
E5A62A8B-D42F-44E2-817F-5ECBCC83891F,9280,9,98.25,4,0.15732758620689655,495,19.46928879310345,209,183,251.0,93.22420431317826,200.9,0.0,32.34610993320093,0.0,133.1,-8.618113014567157,0.06255716108805338,0,1049,0
688156CA-06E3-4EFE-821B-569593790822,10272,9,89.375,2,0.07106697819314642,43,1.5279400311526479,64,224,407.0,142.33687457476782,316.0,-44.33382,43.00799875577451,0.0,198.0,-28.798371488348067,0.18337237564755293,0,1049,0
B09C6D2B-450D-45BD-B2B7-ECA2AEA3587E,543,21,37.2,2,1.3443830570902393,36,24.19889502762431,946,269,678.0,153.33727425802306,392.0,0.0,79.69910537452856,0.0,250.0,-27.39445018394899,-0.03802864322539848,0,1049,0
B3276020-5E5D-4551-8248-24160FE39953,5069,8,116.71428571428571,0,0.0,0,0.0,-1,170,870.0,204.38519533347042,437.7909,0.01352869,49.14580374178111,0.0,263.87724,4.861393215912301,0.2545141517355026,0,1049,0
A247B87E-89B6-40DB-A582-6C1219A43347,8290,11,98.8,1,0.04402895054282267,149,6.560313630880579,821,35,901.0,194.81614712454606,388.9512,-10.58407,45.44290490273897,0.0,250.13528,-12.296729906536825,0.08216641626947181,0,1049,1
49CDD374-7817-4DD6-87E1-29355F56E953,12736,6,142.2,4,0.1146356783919598,339,9.715373743718594,335,68,107.0,31.348197310718806,207.9075,0.0,9.251860353701465,0.08597675879396985,40.9,0.8373813929848986,0.13852938520070798,0,1049,0
5EC41322-BCC3-4C82-8C54-BB599A1CA006,7249,2,1.0,1,0.05035177265829769,304,15.306938888122499,821,536,134.0,18.7830269358688,84.49085,0.0,5.810253662320131,0.0,25.99718,2.9933255022484815,-0.007082262616919374,0,1049,0
D27247AC-2C6B-4730-8EA1-90FD66830349,7515,4,100.0,0,0.0,0,0.0,-1,236,490.0,67.61902949037103,237.5486,0.0,35.59783925469164,0.0,115.315,-5.79161898736178,-0.03336793274467177,0,1049,1
FA5ED7C3-6B48-41CC-BEA7-70D7D89AE087,8719,7,136.16666666666666,7,0.29303819245326296,92,3.8513591008143133,521,88,653.0,86.04970703903955,288.7369,0.0,44.67069427752898,0.0,150.77708,17.541825109880193,0.1449661389831145,0,1049,0
C6ED89AF-04D8-447D-8FDB-B2A1CA3FA0B6,6410,8,40.42857142857143,1,0.05694227769110765,93,5.295631825273011,373,532,485.0,73.9832828476679,330.8474,-185.95,57.12983622009111,0.0,166.81851999999998,-3.5014282194657227,0.16610549255008858,0,1049,0
36F1BEA9-9279-4C2D-9BED-A1673776F56D,4729,9,90.25,2,0.15436667371537321,21,1.620850074011419,373,169,225.999,36.72072185637765,110.5957,0.0,15.209769098098397,0.0,56.41479,1.0550228698569128,-0.01818202011591783,0,1049,1
DB5E61BA-B974-4894-B987-F981DD5A8187,5274,3,227.0,2,0.1384148653773227,199,13.77227910504361,443,77,301.0,76.85510617160698,222.2603,0.03056435,18.23212290373138,0.0,100.49064,-22.547912653238917,0.06050136445804206,0,1049,0
0D0C57C6-4E07-41E5-B24F-238D824A940C,8166,11,71.2,4,0.17879010531471956,326,14.571393583149645,778,187,739.0,207.14415646177105,600.0,0.0,107.34816484911765,0.0,341.0156,47.095681336840045,-0.249255858564754,0,1049,0
1D9ED9B6-C222-46DE-B61F-13738452DF11,2439,14,36.69230769230769,3,0.4489544895448955,387,57.91512915129152,69,59,623.0,174.5023224095275,319.2175,0.0,36.185213033755666,0.0,218.323,20.1614781537441,0.34300764501659503,0,1049,0
430868C8-CCC6-4943-AA95-91E0B2DDBA06,12736,20,45.73684210526316,3,0.08597675879396985,38,1.0890389447236182,67,68,470.0,94.49684747730947,584.5,0.0,76.20729962147482,0.14329459798994976,207.1838,-60.204287277132,-0.06921209644376115,0,1049,0
EF701F11-B8AF-4832-8DBD-ABB7EABEAC74,12736,13,69.08333333333333,3,0.08597675879396985,103,2.951868718592965,241,123,126.0,38.332806536061035,96.96001,0.0,16.096704952263735,0.0,59.8,-2.963813240073378,-0.021292151989763468,0,1049,0
003F13BB-8478-4AFF-8754-26F032F8718A,12736,9,110.25,0,0.0,0,0.0,-1,86,489.0,51.69382884644706,227.0,0.0,24.476416424561563,0.0,85.0,2.7577915239233093,-0.23967642324390223,0,1049,0
9ADF1D5F-5918-4C45-9473-FE6880E5EA89,12736,2,1.0,2,0.0573178391959799,233,6.677528266331659,242,526,788.0,223.60457799870065,435.63,0.0,79.05637368376108,0.0,305.03,-75.9207932764784,2.801631181604473,0,1049,0
56029DF6-E1ED-42ED-97A6-FBFBC73376C3,12736,13,15.75,1,0.02865891959798995,29,0.8311086683417086,623,453,470.0,165.87025038192343,960.56,0.0,45.47858498011011,0.1719535175879397,212.7686,-11.996116246120977,-0.09759079255113624,0,1049,0
9A79782A-BB1D-48A4-BEDA-3A1D87A148CC,12736,8,90.0,2,0.0573178391959799,68,1.9488065326633166,226,188,138.0,32.25922799010919,522.5793,0.0,12.68194763418655,0.20061243718592967,48.532864,-4.051974633241901,0.07165570910483776,0,1049,0
E4C6B277-46F2-497F-9115-2465A88659BF,12736,2,3.0,2,0.0573178391959799,43,1.232333542713568,542,521,792.0,226.96999376852042,444.45,0.02,57.760222171694366,0.0,307.09,-46.10865734876734,0.160745901414273,0,1049,0
5540E277-052D-4923-BB5E-0376C62450BB,1725,5,68.0,23,4.866666666666667,298,63.05507246376812,173,248,361.0,63.44702360059822,342.4075,-2.0,38.756914325381864,0.0,116.36559999999999,-10.984065785644518,-0.4766644641761693,0,1049,0
3915581C-6D6F-45E7-B556-603E272C0F03,1722,4,113.66666666666667,2,0.4239256678281068,127,26.919279907084782,337,179,472.0,43.99082328431458,241.9371,-16.59344,27.949257879269407,0.0,84.021336,3.9584580370588753,0.12503201777724565,0,1049,0
9F1817D7-7F29-400E-AB9A-FF78AABC7B87,7497,2,267.0,7,0.3408029878618114,483,23.515406162464984,252,520,263.0,104.611634304958,205.8,0.0,21.248592891094365,0.0,129.0,-5.331472267920972,0.0928960308313327,0,1049,1
667BD908-B879-45F1-BD32-7F82F4C5E358,3054,17,55.625,3,0.3585461689587427,411,49.120825147347745,93,90,1180.0,145.05009965653431,1595.849,0.0,48.2775762790696,0.11951538965291422,200.7477,28.286736145996542,0.10496204313776618,0,1049,0
AA5E904A-D9F8-42BD-BC30-63242884D129,12736,4,86.0,2,0.0573178391959799,483,13.842258165829147,228,518,138.0,15.037633178763913,48.3,0.0,3.2927248963533886,0.0,19.3,1.628539676097196,0.012732721880428979,0,1049,0
248B4DB8-9DFB-404F-A2A9-CCD9F6648EE7,12736,6,80.4,2,0.0573178391959799,1764,50.554334170854275,116,117,811.0,412.449896938156,608.3342,-33.22943,38.94522423974053,0.0,447.1516,16.057953941473613,0.18947204195265016,0,1049,0
1C7EBA1D-ADC4-41C3-83DD-A089F8D8D9BB,12736,4,161.66666666666666,2,0.0573178391959799,449,12.867854899497488,562,88,250.0,52.97520081711933,297.55,0.0,26.18592624258227,0.14329459798994976,83.83789,-9.833997113415627,0.020877063011854446,0,1049,0
32369048-1F6A-4C9F-ABFB-7778EDF9E872,12736,31,22.4,4,0.1146356783919598,69,1.9774654522613067,19,335,788.0,309.22295106962684,609.91,0.0,107.26358465251404,0.0,447.46,-53.20190168691079,-0.293828389879214,0,1049,0
54239F60-1E94-4327-BE4F-348C634509D3,12736,1,0.0,2,0.0573178391959799,2380,68.20822864321609,5,510,920.0,101.60703004554283,377.3804,0.0,39.60795626463309,0.0,150.3067,-3.8889653727033107,-0.49468435609117484,0,1049,0
B8847579-5A5D-429D-B6F7-1810F2A7800E,4096,8,71.85714285714286,1,0.089111328125,236,21.0302734375,821,510,269.0,128.84595649896917,216.9,0.0,21.797606698090807,0.0,155.0,-26.20985310390745,0.1180508510423329,0,1049,0
64883052-ADC7-4180-929D-CA9A2E68CB69,6478,9,105.625,1,0.05634455078728002,286,16.114541525162085,699,76,399.0,89.72234903557909,273.0,0.0,49.33892880229658,0.0,157.0,-25.120960146690194,0.03485855592591058,0,1049,0
9A68001A-05D9-4FBC-AD45-F66F2745BF7F,12736,4,148.66666666666666,2,0.0573178391959799,938,26.882066582914575,753,508,88.0,28.992935143635208,233.8802,0.0,8.588414132956135,0.08597675879396985,40.37286,-2.9900444027401463,0.0707522660186453,0,1049,0
13AF42D5-1028-473A-83DD-5333B7836BC2,1706,2,1.0,1,0.21395076201641267,386,82.58499413833529,821,504,831.0,37.98893131763044,162.9753,0.0,22.314641248959614,0.0,67.032288,2.5329619881565932,-0.2539985718732927,0,1049,0
41B39B6C-F9EB-4721-BDE0-27D99E2380C1,5304,2,0.0,1,0.068815987933635,6,0.41289592760181,733,503,188.0,34.91049698877936,90.38031,0.01011564,7.866305517057998,0.0,44.035838,4.570563160757679,-0.003974244671304662,0,1049,0
60A33438-5964-424A-9A3C-B4A4D69048E0,12736,8,86.57142857142857,5,0.14329459798994976,1614,46.25549623115578,342,102,346.0,123.15542977851732,342.0,0.0,74.6153285892814,0.0,228.0,-3.108207556295099,-1.7740581827662334,0,1049,1
ECE0CACE-DDBE-44BE-96A1-41C159DA9FBD,1509,3,199.0,6,1.4512922465208749,594,143.67793240556662,17,501,453.0,118.78749760688645,437.57,0.0,24.34648733649111,0.0,149.03026,6.804162949595039,0.024130811410070088,0,1049,0
258F7945-6FCA-4CA5-801A-C4E5D9B05288,12736,8,129.42857142857142,1,0.02865891959798995,11,0.31524811557788945,696,38,377.0,126.88923408818206,281.9916,0.0,31.966621597069548,0.0,167.6239,-3.516842343583292,-0.3513337603963523,0,1049,0
62E7B5B8-FA81-4B52-8CB2-EE7D19382A7F,12736,12,84.9090909090909,9,0.2579302763819096,442,12.667242462311558,266,66,266.0,120.76924992460934,241.5016,0.0,29.563920236787986,0.0,149.19714,-2.9606794570167523,0.4245383160517261,0,1049,0
925E60E9-F346-41CF-87A0-E44ACDE15F51,12736,8,93.57142857142857,0,0.0,0,0.0,-1,205,470.0,73.52194951094089,354.7485,0.0,59.72240572684411,0.0,154.5776,36.6249505566517,-0.06053918098313165,0,1049,0
966BD1FE-5DD4-41D7-AF98-7C128185B402,12736,5,114.0,1,0.02865891959798995,19,0.5445194723618091,30,284,496.0,165.92357969377582,360.7178,0.0,51.48684571840323,0.0,218.2251,-70.76009151862151,-3.5833432636570515,0,1049,0
FCB862B1-ABE5-48AA-B81F-C5CEB36E1E0F,12736,11,61.9,3,0.08597675879396985,137,3.926271984924623,443,410,269.0,151.48747056255675,269.3,0.0,31.782870175914024,0.02865891959798995,190.5,-27.831290007001186,0.2793934493512073,0,1049,0
14BEAC7E-9296-44CC-9D7A-24892B1FDEDB,12736,4,2.6666666666666665,1,0.02865891959798995,231,6.620210427135679,821,484,811.0,415.45280293144714,613.5336,0.0,31.88583358208742,0.0,452.351,14.71918929849113,0.18973062671733923,0,1049,0
B2BFFF06-E91B-405F-994C-DC504CC9B88E,8549,13,50.166666666666664,8,0.34156041642297347,512,21.859866651070302,21,88,259.0,63.67810638660365,542.3265,0.0,24.234299540047466,0.2134752602643584,91.5,2.249208428211169,-0.010724232072608255,0,1049,0
0A516F19-B818-4F5B-9812-54A6EC55126E,12736,9,62.0,4,0.1146356783919598,445,12.753219221105528,508,130,85.0,38.20125125401234,69.96094,0.0,8.66214135530195,0.0,49.46045,6.0100606842592725,0.015800785788554438,0,1049,1
9EDE1B26-525D-4FAF-9A20-517D073AF4A8,9699,5,23.75,2,0.07526549128776162,161,6.058872048664811,243,431,538.0,102.40793058558009,223.3398,0.0,27.03984228034875,0.0,137.5977,-7.021087094067752,0.23741372474359904,0,1049,0
EEA9CEA5-E054-4328-A593-401064F6D49D,9909,6,123.0,4,0.14734080129175497,285,10.498032092037542,347,88,251.0,73.16728178557081,215.8781,0.0,22.49934855085827,0.0,104.868,-9.027371164274513,0.12164605846852432,0,1049,0
0FF7E89D-2290-45E9-9563-C220858C2851,12736,4,19.0,1,0.02865891959798995,10,0.2865891959798995,696,428,377.0,122.88103824437809,299.762,0.0,32.38654131145095,0.0,164.6301,-8.126889100859557,-0.009813789309949162,0,1049,1
0AA4184A-5FD1-4EBE-8948-77CB8090CFF3,12736,6,179.0,0,0.0,0,0.0,-1,71,311.0,115.78703037455435,188.9098,0.0,26.06617165089935,0.0,142.93574,-29.25854014527195,0.610100645142365,0,1049,0
B94308CB-123F-4045-9FE2-F77909423414,12736,3,72.0,3,0.08597675879396985,186,5.33055904522613,758,331,301.0,24.212925679662174,121.0,-24.6,27.324951719496127,0.0,72.0,-15.392786790773284,0.02088455136207188,0,1049,0
9E3EA23E-4B8C-4DA8-9E92-E98097922E74,8516,8,121.14285714285714,3,0.12858149365899482,253,10.843705965241897,516,75,693.0,176.81866254277514,319.0918,0.0,34.10996801224939,0.0,216.8884,-3.514218207898608,0.7086844927756046,0,1049,0
0A50ADC8-70FA-41B2-96B3-B4CB799000D9,3154,3,234.0,1,0.11572606214331008,92890,10749.793912492074,558,423,188.0,40.1039276783761,550.6155,0.0,16.965618574501864,0.4629042485732403,61.0,-0.3326313820798035,0.005247447101341189,0,1049,0
F7581B81-A4E0-4431-ACE4-5424BF6B6594,6297,3,179.5,2,0.11592821978720026,39,2.2606002858504053,468,226,188.0,20.52882589643811,88.0,-4.0,13.875623409853269,0.0,41.0,-8.648810464339345,0.04056702244903531,0,1049,0
B9A7AC63-0F8C-4A5C-A032-1EFCCDC25ADA,624,14,57.38461538461539,1,0.5849358974358974,22,12.868589743589743,597,0,301.0,43.55060856828376,209.8981,0.0,43.624556518073234,0.0,101.27999999999997,22.926370986500196,0.04289508619313458,0,1049,0
B2E1EA37-EEC2-4D09-8861-23CFEE530360,2839,7,108.83333333333333,3,0.38569918985558294,121,15.556533990841846,317,360,888.0,89.20114438457512,467.1713,0.0,61.64186883776288,0.0,178.26214000000002,-36.58022468087142,-0.08241314945266265,0,1049,0
92ECC55D-ED45-4166-A5B8-EACD1562041F,4820,8,146.42857142857142,4,0.30290456431535273,571,43.239626556016596,98,12,259.0,96.75822156456968,235.5005,-4.737869,25.12059076927256,0.0,128.945,13.890532631417969,0.16933300236759002,0,1049,0
5CB4CBE4-6402-4AE7-B3DF-98CC6BB720D3,12736,5,30.75,1,0.02865891959798995,85,2.4360081658291457,798,439,259.0,96.31647497135508,224.8,0.0,26.387545445340518,0.0,127.2,-4.963326823206941,-0.036305419507756315,0,1049,0
45FDF356-DD1F-44C2-A584-E941A7EDE373,4071,2,1.0,3,0.26897568165070007,484,43.39474330631295,24,466,301.0,75.82857821548987,235.8924,-28.62403,27.046081129736145,0.0,113.3,-4.666564321585554,0.019159081113682284,0,1049,0
1B3CD8C5-7527-4D02-B0D9-AABD1549A928,3777,1,0.0,2,0.19327508604712737,280,27.05851204659783,406,464,301.0,49.58059722878279,539.7876,0.0,12.61395101520402,0.4831877151178184,65.057156,6.831229887729542,-0.04366963472233567,0,1049,0
71265105-B927-491F-9FBC-F2FA23EE7DA2,12736,6,84.0,1,0.02865891959798995,45,1.2896513819095479,769,195,887.0,178.69662638302387,518.0,0.0,85.5184988862737,0.0,279.0,34.89334275277861,0.36253435494988934,0,1049,0
9F243EB4-BCBA-4017-9DC7-9F43C953F9E3,12736,6,87.8,0,0.0,0,0.0,-1,18,470.0,149.385213665237,262.3901,-14.27516,29.951574243837126,0.0,187.9578,-4.679215874341935,-0.4221268948414268,0,1049,0
6C0CB2E3-7484-4778-9DF5-1570E497B587,12736,3,168.5,1,0.02865891959798995,7,0.20061243718592967,456,120,988.0,187.80209589849318,489.95,0.0,61.73047994264005,0.0,269.90399999999994,61.422351632371004,0.2558311771455557,0,1049,0
1C456EB6-0CF3-4CFD-8D17-BC62269BB4BC,1341,3,3.0,0,0.0,0,0.0,-1,458,452.0,0.5197837984289798,234.013,0.0,7.191502815130291,0.0,0.2821024,-0.4883315295169428,-0.00017912238634974794,0,1049,0
C1D7B3B2-D959-41C9-97B4-D1F5AA6E8617,2259,4,158.0,2,0.3231518370960602,184,29.72996901283754,30,219,452.0,63.258715788182734,184.0,0.0,30.413599321141398,0.0,106.0,-13.069132454849402,-0.2022123787573808,0,1049,0
11F11A16-C2CE-47F1-9C82-BDB79130A408,5069,9,104.875,2,0.1440126257644506,19,1.3681199447622805,162,163,870.0,201.05527213014395,431.7801,0.05103945,48.61526942418754,0.0,259.8284,3.8721944130659267,0.2230555166045139,0,1049,0
825FD6F8-C5E0-4948-9D32-0296BE1A1638,12736,8,47.42857142857143,3,0.08597675879396985,155,4.442132537688442,443,446,269.0,155.45584690348497,274.8,0.0,32.22927595289977,0.02865891959798995,196.1,-28.86563085410225,0.2854456997433434,1,1049,0
7E4E7B1A-B727-4786-AD49-75E4949A0932,8719,2,0.0,0,0.0,0,0.0,-1,449,432.0,104.96260420048128,193.1,-55.00813,21.989029323151858,0.0,135.34,7.242797034086621,0.03950476167600317,0,1049,0
99D6BD31-288A-4FAE-8C4A-84337D45A57F,12736,19,37.333333333333336,7,0.20061243718592967,107,3.0665043969849246,405,137,302.0,74.89335553520256,247.6685,0.0,35.58839683809959,0.0,111.75013999999999,-7.1821912659124365,-0.0060386064198125824,0,1049,0
EC697299-CD8A-436D-B3EF-9E16C125A226,12736,9,100.625,0,0.0,0,0.0,-1,15,256.0,120.19982027753287,226.0,0.0,33.09520287447319,0.0,163.3,-12.131571820742735,0.260623836733294,0,1049,0
B9AF7179-5388-49FB-A4F6-BACF792F555B,12736,7,146.33333333333334,3,0.08597675879396985,74,2.1207600502512562,821,61,266.0,112.62721698145802,538.0,0.0,29.48658276494825,0.14329459798994976,148.4,-29.706121302291365,-0.05901114906775259,0,1049,0
59C704E4-CEE2-4F85-B5CB-B668829E57E1,4183,1,0.0,3,0.26177384652163516,326,28.44609132201769,224,445,452.0,207.26781612616696,433.9721,0.09083761,41.99357966600063,0.0,261.45574,14.011829045900953,0.13414551786951506,0,1049,0
1DB47FC0-1369-4CD2-A113-85AD76DD1CDA,4420,2,134.0,7,0.5780542986425339,462,38.15158371040724,342,310,1665.0,131.87300941701082,788.5336,-9.271603,137.64680427603352,0.0,336.1505599999999,168.71307038676227,0.7458535299976627,0,1049,0
FD4C51BB-D7BE-4399-A257-91CC3787DE7E,7021,13,78.25,2,0.10397379290699331,34,1.7675544794188862,77,78,485.0,83.18216691104232,524.1211,0.0,60.253754563747634,0.2599344822674833,155.8685,-45.936819323079355,0.13602756533153734,0,1049,0
A1CC1BDB-781D-462B-A8B9-24B955DD0178,12736,7,125.16666666666667,1,0.02865891959798995,17,0.48720163316582915,1033,192,276.0,81.11551428150199,161.5831,0.0,23.91107904416947,0.0,107.44404,16.849071015565926,0.06375607020576209,0,1049,0
7ACED623-4DAA-4992-A633-5FA69828C5D0,1718,5,141.75,2,0.42491268917345754,180,38.24214202561117,1038,378,473.0,52.919514448220255,156.22,-133.8345,25.07553822349769,0.0,86.43788599999999,6.142810349156285,-0.08781737460906537,0,1049,0
373DDDA5-15BC-4199-A764-F67130D6A47E,12736,14,63.69230769230769,1,0.02865891959798995,351,10.059280778894474,294,130,452.0,232.12918094957138,408.1055,0.0,46.92573485374198,0.0,295.1843,7.5092226692557915,0.05702040709735656,0,1049,0
1DA594CC-4FA6-41AD-A042-958720AEB69E,12736,8,92.42857142857143,1,0.02865891959798995,35,1.0030621859296482,729,367,259.0,90.68018600900253,176.7,0.0,21.705695072083074,0.0,115.8,-6.491569792953143,0.13333857887911751,0,1049,0
40022EE1-B7D0-4DB3-B86C-62880F6F7616,6848,2,75.0,0,0.0,0,0.0,-1,363,489.0,139.07375660848408,335.0,0.0,39.60533677547019,0.0,190.0,-7.644667102311246,0.030387096257758345,0,1049,0
49D2D922-82B3-4127-A08E-B7B2B5C2588D,12736,8,69.14285714285714,3,0.08597675879396985,569,16.30692525125628,76,116,377.0,156.8295109714738,306.502,0.0,41.476217556178476,0.0,211.11172,33.47781217206011,0.032219073060246475,0,1049,0
C947BAAB-68EA-467B-A2EB-3B6CFA782789,2750,6,12.2,5,0.6636363636363637,686,91.05090909090909,357,374,1247.0,211.87051820384895,1102.826,-3.9,158.79997817941538,0.0,459.95207999999985,139.7026597838054,-1.214722183054538,0,1049,0
A001F69E-136B-4677-A604-BFCD09CEAF73,4029,1,0.0,4,0.3623727972201539,62,5.616778356912385,669,438,313.0,53.20695141434699,184.0,0.0,27.690251989225576,0.0,90.0,-18.90648845138403,0.13098416356840614,0,1049,1
F9D5C172-6871-4FEE-8882-253AFB1C2501,6580,4,334.3333333333333,0,0.0,0,0.0,-1,1,377.0,64.55496617365544,212.1169,-7.54834,30.067633227578217,0.0,106.41707999999998,2.939686501923262,-0.10090688037244488,0,1049,0
56C7011C-9798-4256-BB1E-023A5ECD44EC,4096,2,1.0,0,0.0,0,0.0,-1,434,301.0,28.100226421975247,101.4189,-64.39418,14.10175631514896,0.0,47.21401,-2.13232833679006,0.10516932013826794,0,1049,0
D24AD388-D1CE-4809-88E3-EB3D3A6F5014,9412,11,100.3,1,0.03878028049298767,78,3.0248618784530383,1006,26,181.0,33.20529397861409,148.6832,0.007047985,14.861547517768614,0.0,54.44077999999999,-1.7021581767592266,-0.044510250160957374,0,1049,0
CF40FE82-D363-4D1F-938B-EE8102B0A334,661,1,0.0,0,0.0,0,0.0,-1,429,452.0,77.93281195856807,259.6419,0.0,50.6596259251452,0.0,145.12406000000001,25.20939683147823,-0.2654156089812706,0,785,0
0E41E983-C12B-4075-BE2D-46C19AFCC1C7,2416,4,96.0,4,0.6043046357615893,319,48.19329470198675,232,203,1494.0,625.3485568291051,28313600.0,-73.248,72898.84896348107,0.15107615894039733,612.1339999999999,-225.9654426315742,1.5889696178765975,1,1049,0
A3F0913E-39A4-45EC-B7E3-40BB476D203B,5220,12,77.27272727272727,4,0.2796934865900383,646,45.17049808429119,72,74,496.0,176.57118336352727,965.02,0.0,44.11877850481377,0.3496168582375479,224.7314,-20.098620956891466,0.18575892790534138,0,1049,0
CE6A579A-7416-4E20-A2F8-3B21E0A04A9A,6020,3,24.0,2,0.1212624584717608,26,1.5764119601328903,48,376,1386.0,334.84265666078875,879.0,0.0,135.95857127823209,0.0,514.7442,-7.719743906159067,-1.056605991943815,0,1049,0
85B01A8D-4AB0-41E9-ABFF-75BB9ACE6BCE,12736,4,174.66666666666666,4,0.1146356783919598,201,5.76044283919598,387,305,266.0,154.75205108487407,247.5,0.0,23.088867282456135,0.0,182.5,-5.8562717638864115,0.3120689968581894,0,1049,0
1BEDC70D-3287-4694-9165-AF42FCD0354B,12736,4,138.33333333333334,8,0.2292713567839196,1160,33.244346733668344,73,5,142.0,17.49717240103051,69.97994,0.0,3.502834050076142,0.0,21.58231,0.191278641654673,0.022513297411620947,0,1049,0
A90EFE72-06AE-4E04-AAE6-B22F1EE6B388,5323,4,135.0,0,0.0,0,0.0,-1,417,511.0,106.40297147705596,345.482,0.01381847,51.18100450326588,0.0,176.60399999999998,-26.23026001301274,0.19966942472189061,0,1049,0
28CE465F-2312-4D3B-AD39-FCA36090BE92,3982,3,29.0,1,0.0916624811652436,33,3.0248618784530388,811,410,188.0,29.300910282073886,101.0,0.0,14.822003499333865,0.0,49.0,-5.836712751209689,-0.01361119113930456,0,1049,0
7E0B653C-DBF7-4B6E-B89E-0FD5F9E0F5AF,9139,5,197.5,1,0.03993872414925047,304,12.141372141372141,1030,228,630.0,111.98130679336016,800.4243,0.0,146.85340315162412,0.03993872414925047,325.76292,159.4021477359608,-0.15470525010544361,0,1049,1
5EE63FB1-43A9-46FA-B067-920C8406EC5C,12736,7,61.0,1,0.02865891959798995,6,0.1719535175879397,51,46,800.0,6.309698763382765,561.5845,0.0,47.484537918353496,0.0,0.0,1.6569857659382237,-0.07506110893321037,0,1049,0
88466642-3067-427F-8CA7-378290AF3079,12736,4,167.33333333333334,2,0.0573178391959799,47,1.3469692211055277,842,413,269.0,66.54885546284646,124.6,-18.6,18.483580539371328,0.0,89.5,-3.848091573957582,0.1679567264819523,0,1049,0
BF6065CE-C857-4CB9-849E-4FD99ABA2556,12736,8,73.42857142857143,0,0.0,0,0.0,-1,187,489.0,124.76627974039921,313.0,0.0,56.38344387599822,0.0,200.0,-10.091665542868355,0.31523890695229273,0,1049,0
2624BF05-3ED5-44F7-93E5-8DFF1CBBDBE9,753,6,144.0,0,0.0,0,0.0,-1,1,99999.0,107.32182054502907,207.0947,0.0,73.54489301552218,0.0,186.7816,14.55495962655273,-0.4130494642537303,0,722,0
0D06F5FE-373C-4A1A-BA06-F2C4FDA5507A,12736,2,0.0,0,0.0,0,0.0,-1,407,295.0,88.05374710799684,184.99,0.0,20.455576374105707,0.0,114.37,4.739508293237719,-0.15664303949285502,0,1049,0
C42E7BCE-B693-4075-A043-8BAD0FAEF6E9,3779,2,398.0,2,0.19317279703625298,852,82.29161153744377,853,407,739.0,100.7835019981173,590.0,0.0,170.50476142579913,0.0,511.0,-73.93851743021607,0.044197214562359595,0,1049,0
B04BFC21-3290-4756-A2E7-64B78912DBB3,6442,6,186.0,2,0.11331884507916795,166,9.40546414157094,116,0,472.0,52.455687097655236,250.3052,-310.3609,34.16530774476931,0.0,101.9897,-13.324299242716968,-0.13954246375643015,0,1049,0
B4E33BDE-C3C8-4319-90A5-089A5546D686,12736,2,0.0,1,0.02865891959798995,4,0.1146356783919598,404,405,295.0,90.46223544995922,191.36,-12.30672,21.0998586422693,0.0,117.56,5.19042195744818,-0.1573283978818656,0,1049,0
7B71FC6C-41CF-41A9-8C0D-127B28D9F211,2948,2,0.0,1,0.12381275440976934,305,37.76289009497965,821,400,602.0,79.76808932408811,271.2956,0.04452702,41.3836504890196,0.0,147.58864,46.61083832637486,0.15462060649851625,0,1049,0
8EF70AD9-6B4D-4180-A78E-52B4A563C1CB,1384,8,78.57142857142857,2,0.5274566473988439,46,12.13150289017341,711,158,1247.0,125.24771231285119,492.4829,0.05251756,55.8707333452406,0.0,198.63204,-1.5758493020487094,-0.298274132454761,0,1049,0
43858604-7112-4C41-812A-B7FAA0363D05,15878,3,9.0,0,0.0,0,0.0,-1,377,99999.0,53.53011867186986,80.93739,0.0,15.881996678918092,0.0,58.74228,5.212161328130151,-5.501720571101963e-14,0,421,0
47ED5567-2313-4A87-B35C-774542F6E400,12736,9,37.75,1,0.02865891959798995,6,0.1719535175879397,395,90,627.0,22.396450458099928,483.424,0.0,75.28882531855847,0.0,0.0,238.28245189660686,0.29780109499211066,0,1049,1
8E59FCAD-16EF-45D4-AF77-804198137915,8838,2,308.0,1,0.041298936410952704,147,6.0709436524100475,413,88,314.0,43.44602073749826,142.2363,0.0,18.92503278117632,0.0,67.91992,-6.992664281757513,0.0869308845003408,0,1049,0
E4018002-6340-496F-A54A-E19B68740521,5005,4,98.66666666666667,2,0.14585414585414586,11,0.8021978021978022,630,395,775.0,157.94750426505004,540.5,0.0,47.26962912677506,0.0,226.8,-23.387040794371046,-0.03827228187077861,0,1049,0
A6B9150B-39CC-43C1-BD6B-14A8BBC14DB4,6450,9,122.0,3,0.16976744186046513,118,6.677519379844962,296,23,472.0,142.62989199453753,604.0,0.0,34.53831851077113,0.5093023255813954,189.651,-0.8693876002473928,-0.08766557954185711,0,1049,0
C30593A4-376B-47C3-AE95-23F4D64D848F,12736,15,51.0,0,0.0,0,0.0,-1,22,470.0,85.34715070773167,355.79,0.0,51.10270545306497,0.0,156.2805,-22.888836908703887,-0.21707217881173266,0,1049,0
71E2AD5C-CA5C-430F-BC2A-90756CDB3232,6435,6,65.2,3,0.17016317016317017,44,2.4957264957264957,560,347,269.0,102.01530079553852,233.153,0.0,48.134443653969086,0.0,162.5274,16.696814204461475,0.30091776291301486,0,1049,0
29754746-2F17-4BD7-8EC4-762BF963B1D6,12736,4,28.0,4,0.1146356783919598,220,6.304962311557789,706,389,138.0,36.76846162005211,89.61,0.0,13.971910749849078,0.0,56.32,4.063964305873817,-0.07167910533083258,0,1049,0
76635ABF-250D-4129-9630-39E925152686,2727,2,0.0,1,0.13384671800513384,118,15.793912724605793,937,389,452.0,153.0345683842768,352.3737,-3.672785,61.60662958587268,0.0,232.12351999999998,11.429242430152186,0.05755976349847953,0,1049,0
5385F0C2-D3E5-405C-89B5-D1756B5597EA,3028,2,34.0,2,0.24108322324966974,122026,14709.2107001321,412,389,188.0,37.69649523518055,86.0,-47.407,15.403733202713243,0.0,55.0,-4.6858470870324,-0.027519629766853928,0,1049,0
8CD521A3-0C86-4E2F-982F-98BEE1A214AA,7996,4,121.0,0,0.0,0,0.0,-1,20,920.0,103.29974700405046,394.4092,0.0,41.81757643337398,0.0,152.71,-4.886392742476389,-0.34533862428214196,0,1049,0
D8AE955C-E591-4791-9CBF-FE419A630610,12736,10,79.55555555555556,0,0.0,0,0.0,-1,116,452.0,244.16609147215388,403.7842,0.0,42.79864464702872,0.0,290.387,-9.207613262277363,0.05069309902206136,0,1049,0
CE5B2C9F-07AD-4F89-8889-80F2C0E4C5B9,5774,3,250.0,1,0.06321440942154485,3,0.18964322826463456,827,119,961.0,192.22982426558036,445.0473,-30.34,58.35102959203657,0.0,268.90533999999997,5.993837730561609,0.040511971099930565,0,1049,0
28DA31FA-71CF-4651-BD2D-702C8645BA99,12736,5,143.0,3,0.08597675879396985,803,23.01311243718593,248,78,450.0,143.10236550942346,306.24,0.0,49.97681881914246,0.0,202.31,-16.963667206954312,0.291946712099693,0,1049,0
8EE5AAC7-E730-4E0F-814D-0FD7021F3306,1337,3,113.0,0,0.0,0,0.0,-1,152,887.0,97.59206378526585,237.58,0.0,31.41510990048689,0.0,136.63056,-2.2957553091855942,-0.1883276089418769,0,1049,0
98DA4ABA-30CE-4BBD-9C92-A86A1AE277DF,500,6,18.6,0,0.0,0,0.0,-1,320,226.0,22.80584386221377,70.25793,0.0,10.38889069798401,0.0,35.17398,0.8643156130948704,0.011581182608256125,0,512,0
ED2FF8D8-C022-4CA5-BBD1-CF2B7470FD98,6066,3,207.0,1,0.0601714474118035,30,1.805143422354105,948,374,653.0,141.7504441584453,312.0,0.0,74.36988177062713,0.0,226.5,-14.118268232519384,0.02078754578742336,0,1049,0
D63D69CD-8056-448A-834D-A586FBAD43F9,4048,3,186.5,0,0.0,0,0.0,-1,372,1454.0,261.43931279013174,690.0878,0.0,118.50744981222536,0.0,409.2721,-23.54229851343422,-0.30140298127536436,0,1049,0
3253AA9C-A677-4F6D-8C47-F84B5CF9A766,6729,8,134.0,1,0.054242829543765796,3,0.16272848863129738,732,67,472.0,171.63457827679701,875.9766,0.0,37.863268326104,0.27121414771882896,217.1631,17.844698901443707,-0.8493243285438694,0,1049,0
705149D9-EC34-47C5-AE18-70CA66BB30E4,10099,7,129.33333333333334,5,0.18071096148133478,444,16.04713337954253,320,177,276.0,114.84287930817317,222.8,0.0,30.37089796459159,0.0,152.81,4.292091370839174,-0.03204037535509806,0,1049,0
3E5F5EA7-229F-43C5-ACB6-31BB16E119AB,5813,3,88.5,5,0.3139514880440392,177,11.113882676758989,152,239,188.0,22.57174077641584,82.0,-146.6096,9.532764585457844,0.0,34.0,1.0131357667940364,0.09913843958785967,0,1049,0
8822DF66-4505-49AB-A848-E43FE989B197,2287,3,244.0,2,0.3191954525579362,435,69.42501093135111,776,365,800.0,185.13084522386256,339.13,0.0,39.9982659901764,0.0,236.31,36.64245956008807,-0.1445648313922997,0,1049,0
0D0A767F-EBB4-4406-B84D-335B96C1D7AE,12736,5,137.5,0,0.0,0,0.0,-1,220,693.0,158.13486552228846,356.0,0.0,43.17757979675343,0.0,207.8,-10.820914905004514,0.18778017862273944,0,1049,0
E515D8AF-829D-4C8C-8EA3-8FB73BDB2737,3581,3,154.0,4,0.4077073443172298,213,21.71041608489249,378,166,150.0,20.302508501992083,84.0,0.0,13.073942173468833,0.0,39.0,-8.918789366189614,0.03800189095131969,0,1049,0
C1BD0250-66A2-4DA0-88F3-7804E8371109,12736,4,53.0,4,0.1146356783919598,221,6.333621231155779,200,362,100.0,34.23737757218241,72.12,-20.2006,13.928403901730276,0.0,49.68,3.1185238380027798,0.010617504914038107,0,1049,0
295C66AE-7C82-4E81-A5DE-E9DD0818BFDF,3895,2,7.0,2,0.18741976893453144,16,1.4993581514762515,792,354,452.0,75.13840042406542,214.0244,0.0,35.14021370435411,0.0,121.88154,-3.7956414459018504,-0.0568329675049187,0,1049,0
D43B94DD-D497-4DC6-8FDA-B97D71C6C380,2755,9,111.625,3,0.39745916515426494,269,35.63883847549909,586,92,473.0,103.03825906852639,263.855,-44.05509,32.46255212957012,0.0,145.8435,13.809832115115583,0.41231802941825896,0,1049,0
66E888E2-5EF7-46A2-8D90-4C7EFDF1C081,12736,7,134.5,2,0.0573178391959799,204,5.84641959798995,820,155,452.0,95.55666260137755,305.7543,-30.05048,63.06541304725692,0.0,156.08128,43.24864411312862,0.031605972599363,0,1049,0
D4C6545C-E04F-44FA-A5E1-F4FF96372DE4,6472,5,150.0,1,0.05639678615574784,79,4.455346106304079,456,354,266.0,59.47189702046047,251.3341,0.0,39.549269612462474,0.0,117.51411999999998,39.40911966796546,-0.006216992029288041,0,1049,0
3A171E90-2058-4BBA-BA24-0F764AB7ADBD,8290,8,76.14285714285714,4,0.1761158021712907,346,15.234016887816646,221,67,450.0,46.5174392822483,460.9563,0.0,35.69809631651143,0.04402895054282267,103.0,-12.445791181413426,-0.12285783260924749,0,1049,1
E946F0DA-6E00-490B-A0FD-2C018F732C83,5587,5,121.5,0,0.0,0,0.0,-1,351,858.0,210.7151801393465,841.4727,0.0,71.20522968689562,0.0,293.72988,58.53320538534484,0.2658130440198177,0,1049,0
C2127EBF-00FE-4E9F-B978-E53A692AA9AD,3924,7,53.333333333333336,0,0.0,0,0.0,-1,29,529.0,91.6460659628763,1199.524,0.0,58.726028320467734,0.09301732925586136,160.9497,-7.662687317120131,-0.7422975558289664,0,1049,0
2DA285B5-C033-4B53-A60D-0A7E6ECE1674,3833,4,104.33333333333333,2,0.19045134359509525,324,30.853117662405428,635,348,301.0,78.08116211267044,522.0,-126.4236,27.227493501482098,0.19045134359509525,97.5,-3.4166173595840235,0.09836619632961081,0,1049,0
ABEF99A0-CDEA-4A8F-B398-A42175A5A6E4,5233,1,0.0,1,0.06974966558379514,143,9.974202178482706,821,347,376.0,60.804488163864114,207.48,-181.4281,15.871401315000604,0.0,80.99061,-9.862096552984482,-0.04286189274601219,0,1049,0
2B237092-E2D5-4546-9B3B-00032C042A74,8446,5,67.75,2,0.08643144683874024,94,4.0622780014207915,347,347,271.0,73.28306712711763,162.3771,0.0,25.53974328608752,0.0,107.84172,-19.853182844941706,-0.3119272952413018,0,1049,0
A3757C7A-557A-4C32-8414-0181B78DD544,12736,2,243.0,2,0.0573178391959799,23,0.6591551507537688,10,347,301.0,38.003870809495716,128.0,0.0,14.187179167407624,0.0,56.0,-3.856957229248799,-0.05147789164646675,0,1049,0
044D2030-8A75-4C9B-B2C2-D203522170BC,12736,10,68.55555555555556,1,0.02865891959798995,6,0.1719535175879397,348,346,452.0,228.17831829887234,370.1843,0.0,46.67346964285036,0.0,291.3574,5.276372302979524,0.010187640197696685,0,1049,0
09B31A71-CAC2-4E04-B4CF-2E157DE15EF8,443,5,1.0,2,1.6478555304740405,170,140.06772009029345,73,344,452.0,67.72541801693515,147.046,0.0,28.031103747319964,0.0,113.13,-9.108209209064775,0.0471281481600979,0,589,0
AE400705-ECD5-40E8-BD0C-EACA2712A65D,4723,7,121.33333333333333,2,0.15456277789540546,63,4.868727503705272,143,3,126.0,46.3308246103668,143.7,0.0,14.273201418954462,0.38640694473851367,64.5,-5.415662573329762,0.0645581244597737,0,1049,0
9D94996F-3AF4-449E-9E14-D8A0FF6B4B2B,4693,5,91.75,0,0.0,0,0.0,-1,340,870.0,323.6503420848277,574.03,0.05112257,63.947740101586575,0.0,400.84022,34.38904105560442,0.7920859279663318,0,1049,0
93ED9622-C4B5-4DF9-809F-49D53655E66A,12736,14,44.07692307692308,1,0.02865891959798995,693,19.860631281407034,748,172,452.0,228.18994904300502,388.0826,0.0,46.59595032853637,0.0,293.3807,11.924047984001163,0.056469580740761256,0,1049,0
90406650-B2C8-4D79-80EB-FBE0051A221C,515,1,0.0,0,0.0,0,0.0,-1,338,416.0,32.64026335166364,152.6105,-320.1438,29.444666993741663,0.0,70.45132400000001,6.345340399570929,-0.04424599762091691,0,785,0
4BBBCD2F-5319-4621-AD46-0CDF609BF552,12736,6,89.8,0,0.0,0,0.0,-1,272,1245.0,592.856802853222,1138.26,0.0,136.8173765815772,0.0,752.16,92.77086612825951,2.298722065023473,0,1049,0
0F4626AA-2E91-4390-B948-4686E8B3F4C6,515,1,0.0,0,0.0,0,0.0,-1,336,416.0,32.218905927748,529.4462,0.0,29.562028975997176,3.5436893203883493,70.19909200000001,6.560822024566818,-0.04369867803482177,0,785,0
8E8B43CF-CAAB-4851-BF3C-B0EA1DB9267E,9618,12,39.90909090909091,3,0.11384903306300687,927,35.17935121646912,470,336,472.0,116.87436207322652,798.7671,0.0,35.7941738981429,0.03794967768766896,159.6069,-31.75746031165245,0.006270986293948238,0,1049,0
7F009C31-F8C1-482C-8931-B8E8A5A7A4D9,6708,3,301.0,3,0.16323792486583183,315,17.139982110912342,17,333,271.0,90.94696752475092,196.3328,0.0,15.419371439889263,0.0,108.57884,3.2195737554959862,0.048063192416210924,0,1049,0
781BF431-2FF4-4439-AEEA-8D061FE10A3F,8701,4,103.33333333333333,1,0.04194920124123664,205,8.599586254453511,65,16,1023.0,135.00859227561705,494.345,0.0,79.3694388010044,0.0,247.16899999999993,-11.720450840431852,-0.1404196358833842,0,1049,0
093C4FA8-F9CF-4F3E-B5D6-F4B3FDE93482,4190,4,186.33333333333334,8,0.6968973747016706,945,82.32100238663485,0,319,756.0,245.99927173725695,420.0,-26.54484,38.58493416945717,0.0,292.5,9.433598633113434,0.5581030236926833,0,1049,0
C20FA49F-6282-409C-B929-B381EFEFBFF9,9601,7,47.666666666666664,7,0.2661181126965941,2420,92.00083324653681,667,309,141.0,38.59308391668379,120.0,0.0,17.666649657474082,0.0,58.44,-6.236931138906016,0.04577246619378581,0,1049,0
CFFEEEAF-0A23-4D7D-9526-D5875D45E1DD,722,8,117.0,2,1.0110803324099722,11593,5860.7271468144045,558,116,226.0,45.65569435785928,416.0,-8.7,19.01039570143128,0.5055401662049861,67.0,-9.034552382550643,0.0145105934431437,0,1049,0
2947A2FD-92C9-4582-8F94-09CAA38BD4C3,12736,7,19.333333333333332,1,0.02865891959798995,7,0.20061243718592967,279,236,297.0,37.28118672416422,199.05,-37.58214,19.76009466860345,0.0,65.20399999999994,-4.334966816756818,-0.0683312726079928,0,1049,0
4542F5A7-6E08-48C7-A40D-DF73520189BD,738,8,135.42857142857142,3,1.4837398373983741,2703,1336.849593495935,22,19,226.0,47.03869376979022,361.0,-31.0,19.369864521355023,0.989159891598916,69.0,-0.8945579673210844,0.003991004833657725,0,1049,0
221573AA-43DA-4D40-ABBF-84545988447F,8624,11,64.4,0,0.0,0,0.0,-1,139,403.0,93.16016136961291,305.9064,0.0,32.31737098290664,0.0,136.7166,-10.050692949319682,0.09024028017185788,0,1049,0
97DA23A0-9719-48C1-A30A-B077EBEAFBA2,9034,3,30.5,0,0.0,0,0.0,-1,298,452.0,113.89171146923704,300.61,-46.17,46.27378589419666,0.0,175.02,22.849077111009876,-0.009987867729573377,0,1049,0
D8C2BE43-382E-481B-B564-0245CF70823B,4366,3,125.5,0,0.0,0,0.0,-1,46,99.9995,24.311779434274467,119.8853,0.0,12.89293738180805,0.08360054970224462,42.33398,-6.835802548934961,-0.002183969934119192,0,1049,0
D46170DF-C4CF-4244-A0F1-56C7ED6C1D0C,9996,12,57.72727272727273,6,0.21908763505402162,1362,49.73289315726291,127,25,259.0,90.871464821309,156.75,-121.8648,16.93449161159239,0.0,112.5,8.680734252765063,0.0964482926560668,0,1049,0
65086A22-90E5-418C-8FE5-AFD21B477971,12736,8,78.85714285714286,1,0.02865891959798995,324,9.285489949748744,295,294,555.0,75.85338163841507,344.4,-21.24427,51.24680757022718,0.0,144.0,-5.25694595006631,0.11769762566982869,0,1049,0
70C65F87-2E0A-4FD2-A063-F87E064F9BE1,4975,12,83.63636363636364,1,0.07336683417085427,4,0.29346733668341707,272,20,452.0,127.48897681425551,321.0,0.0,38.12916873393292,0.0,177.0,16.968430593151894,0.3600917808781692,0,1049,0
393BC993-536C-417C-BA81-60FF9F395097,3651,3,0.0,1,0.09997261024376884,192,19.194741166803617,821,290,451.0,143.15510151371137,328.3166,0.0,101.74189497368826,0.0,288.08254,12.760340176743881,-0.4422537144127792,0,1049,0
6ABFCF04-1648-438A-9F7D-D0D42C6A2645,3982,3,115.5,5,0.458312405826218,247,22.64063284781517,12,291,99.0,14.012515539162196,155.4983,0.0,6.3750388643835345,0.6416373681567052,25.3,-6.866828772572689,0.01789576780860499,0,1049,0
B3ED7F8B-BF7D-4EA9-8CF8-764506F8FA14,12736,9,62.125,5,0.14329459798994976,1146,32.84312185929648,51,1,800.0,292.866662520302,638.9465,0.0,86.41810015231813,0.0,399.6277,-7.510833600548892,0.10198300785850122,0,1049,0
5CCFA156-830E-46F9-8D51-5815272EFE68,1971,4,153.0,1,0.18518518518518517,92,17.037037037037035,945,284,276.0,115.2481861865997,928.006,0.0,22.98761419270292,0.9259259259259258,143.92318,-4.457823445087357,0.10874617295391986,0,1049,0
C850A04F-46E0-4B44-9B44-2EF8428B8E9C,12736,6,153.0,2,0.0573178391959799,207,5.9323963567839195,94,205,1370.0,253.00512337467768,842.9,0.0,133.00304397812783,0.0,439.21,-58.89943047344309,-0.26497903490619823,0,1049,0
96D134A8-2554-40C7-A6FA-2CE6F76BC128,12736,4,88.0,0,0.0,0,0.0,-1,270,540.0,104.43157371343149,228.0,0.0,39.233614338334185,0.0,157.0,-6.9737805035549485,-0.08733651388155825,0,1049,0
20B1E304-E6E1-4BB6-BB65-333FA534C91C,5102,14,57.69230769230769,1,0.0715405723245786,12,0.8584868678949432,410,269,489.0,160.77414936989135,432.0,0.0,72.20771805635833,0.0,251.0,-43.49513702421234,-0.029379484435781093,0,1049,0
B952BE16-2028-45C6-8A6C-F90063BF8DA3,4314,9,49.125,1,0.08460825220213258,321,27.15924895688456,821,264,452.0,131.62538940187108,266.0443,-1.68,42.36248174076754,0.0,189.32801999999998,-30.020904996778498,0.19490155387087243,0,1049,1
52717067-F22C-49F8-971A-C341FB9C58D2,4314,16,49.4,4,0.33843300880853033,327,27.666898470097355,194,229,301.0,14.039373739292063,102.9604,0.01752469,3.455819459341974,0.0,18.184707999999997,-1.1719246956192233,0.015597811543365883,0,1049,0
674D8274-555B-4237-BBE7-4A4DD6B87DED,6997,15,71.07142857142857,3,0.15649564098899527,153,7.981277690438759,230,2,472.0,158.59850890067423,482.9102,0.0,39.203931347515336,0.10433042732599686,198.1201,-1.7443918127112568,-0.6219074213576329,0,1049,0
40BD559B-B854-4802-AAB1-3084DCB120F9,12736,14,61.46153846153846,2,0.0573178391959799,531,15.217886306532664,283,61,100.0,26.003969719855224,235.4852,0.0,9.334279726036025,0.14329459798994976,36.5,-8.099571563913866,-0.364540878591528,0,1049,0
E10E0B59-BAC2-49E7-A361-9292C7DF3965,354,1,0.0,0,0.0,0,0.0,-1,261,473.0,73.38311199499267,750.047,0.0,41.67752977961017,4.124293785310734,128.31484999999998,4.121533106241898,0.19171674596411245,0,399,0
0F938D37-20F0-41B2-8539-C48E24236A39,12736,9,91.0,0,0.0,0,0.0,-1,260,800.0,287.0577051187627,456.4819,0.0,67.99588705931913,0.0,370.5322,-0.17987310487382047,-0.03558189614772,0,1049,0
DD62E7B5-6E77-446E-BD93-B8D728F05646,10258,8,94.57142857142857,5,0.17790992396178593,59,2.099337102749074,544,54,407.0,174.48471058423436,347.0,-16.82,51.25631952326834,0.0,239.0,-19.36881552250597,-0.14296060784839804,0,1049,0
EB075F9B-63E3-4157-9EB2-E559CBF7AE9E,3228,2,780.0,0,0.0,0,0.0,-1,250,226.0,36.340003202867805,113.1586,-32.85494,17.38106173229345,0.0,60.344294,-10.385761524318426,0.03806392943102194,0,1049,0
0E8744D7-AFE5-4969-BC9E-C8CF208F4C3E,5974,6,121.0,1,0.06109809173083361,42,2.5661198526950115,187,214,489.0,97.06309307408499,244.2205,-0.4180517,30.074599240691136,0.0,135.91628,-6.901442973776341,0.003275724952236868,0,1049,0
B0812993-F37E-4499-A0CF-346635825E82,1079,4,239.0,5,1.691380908248378,140,47.35866543095459,506,238,887.0,188.32640357220893,637.2681,0.0,77.44045936706982,0.0,280.9753,-24.907621698752166,0.040776872767634406,0,1049,0
F885761E-B4E9-4892-966C-BF14A6414F79,6967,8,89.85714285714286,3,0.15716951342041052,69,3.614898808669442,222,232,490.0,87.06298928123131,251.4025,-23.54589,37.35733937109967,0.0,135.01979999999995,-4.614047738252907,0.12265293332268229,0,1049,0
E46E07CE-14C5-488C-A7DA-B4961E2EE29C,12736,7,144.5,2,0.0573178391959799,47,1.3469692211055277,342,162,403.0,43.470193792385665,197.3,0.0,26.681855851702565,0.0,80.3,6.370817010083471,0.2869460164263179,0,1049,0
853B2A98-BB89-4CF7-ACA6-783BAAA2BFD0,2632,2,1.0,1,0.138677811550152,277,38.4137537993921,821,228,301.0,103.01562631454385,592.7252,0.0,19.38305497398299,0.6933890577507599,129.52793999999997,12.87735919857343,0.08869214724772259,0,1049,0
938B7EB9-30F7-4CC5-916A-3522AEB20D24,12736,6,203.6,0,0.0,0,0.0,-1,19,693.0,140.8829021528235,339.4254,-0.214293,51.3100760460495,0.0,222.89515999999998,-43.3032824645519,-0.20638346966142215,0,1049,0
62350768-56A6-45AA-84FE-ACDA16D3E757,12736,8,93.57142857142857,1,0.02865891959798995,22,0.6304962311557789,829,171,452.0,169.87816918798518,326.0,0.0,52.60612269439836,0.0,233.0,-16.539666101565416,-0.19216038331222543,0,1049,0
65A025C1-444F-4856-870C-D631C3C1A59A,3785,4,186.66666666666666,1,0.0964332892998679,55,5.303830911492734,648,228,452.0,106.18615658766386,297.67,-0.5719568,42.72412944066139,0.0,159.43334,-15.675319093065085,0.00019747713529312896,0,1049,0
6596D8C1-F67C-49FC-BD69-46FCC509FF94,2738,7,37.5,4,0.5332359386413441,112,14.930606281957633,203,76,1181.0,313.8336081146434,674.7599,-4.882999e-06,89.48587558100472,0.0,429.59399999999994,-0.9653682543954574,-0.0660625374064095,0,1049,0
E10F250B-888B-4DD7-BDEC-6862BD43F761,12736,6,113.6,0,0.0,0,0.0,-1,142,706.0,214.72375924821813,668.6909,-0.04,87.91333849322062,0.0,308.9221,25.73756782817074,-0.648303131682612,0,1049,1
CEE998A4-39A9-42D6-81E7-4FA37CF7086C,986,4,223.0,4,1.4807302231237325,272,100.68965517241381,344,166,301.0,120.19370208522096,244.0679,0.0,22.361086051010968,0.0,144.47134,-2.9034359648506154,0.40548253998540756,0,994,0
0352433F-3BB4-44E3-8CF2-999700F5D7CF,2720,4,254.33333333333334,5,0.6709558823529412,527,70.71875,402,6,166.0,41.66746886030215,106.7666,-10.78819,10.66926572716553,0.0,56.15134,1.575827180592917,0.03252300645080367,0,1049,0
819430A9-5491-4BF8-9511-91228BB1B29F,8407,5,202.25,1,0.04341620078506007,304,13.19852503865826,821,75,284.0,32.14381510450987,243.4866,0.0,54.46196636098946,0.0,125.0894,35.18636899348395,0.37401614866313637,0,1049,1
D6471B2A-9253-4B30-95B0-32699A51325F,12736,3,94.5,4,0.1146356783919598,6284,180.09265075376885,157,219,1370.0,433.9034408374048,871.63,0.0,125.39184587882254,0.0,608.9739999999999,-37.53998018925671,1.5967153369411549,0,1049,0
DB06597D-4FC8-4EA8-976B-6780A98A79E6,879,2,0.0,0,0.0,0,0.0,-1,217,250.0,23.022487792941856,82.2095,-6.962652,13.053576302474557,0.0,38.395377999999994,0.058020414697029565,0.008649586661740127,0,1049,0
86C3E933-98B8-4ADA-827E-279C1C5EF633,2259,3,237.5,2,0.3231518370960602,268,43.30234617087207,30,218,452.0,63.52707577909288,231.0,0.0,30.493504561474044,0.0,106.0,-13.235023309957079,-0.2066778363127275,0,1049,0
50268015-DCBB-415F-B4B4-946B81D7272D,3235,3,0.5,0,0.0,0,0.0,-1,217,417.0,38.56682332993032,284.6,0.0,27.579858437119796,0.0,76.0,6.6172430280943715,0.28841963228195994,0,1049,0
1ED97052-3D8C-4DFA-8C03-0BD915897D56,879,2,0.0,0,0.0,0,0.0,-1,217,250.0,23.034822276001513,168.0,0.0,13.162279359870638,0.0,38.43899,0.08164490648305289,0.008254983669944382,0,1049,0
983FA7B4-487F-44D5-9898-82D148985D61,12736,6,165.8,2,0.0573178391959799,67,1.9201476130653268,39,60,399.0,153.1694152003328,334.9197,0.0,42.34947030407127,0.0,195.1416,0.9002896819665693,0.5686432177544326,0,1049,0
B91B5C6C-6661-443C-9A47-A42052D4C8DF,12736,9,95.75,2,0.0573178391959799,130,3.725659547738694,75,117,251.0,107.77725715460033,199.7,0.0,27.05655797803158,0.0,143.4,-14.74299017929168,0.1116485174209037,0,1049,0
3F087177-A702-4FFD-8DDA-90CAFEBE3427,12736,13,16.25,6,0.1719535175879397,41,1.1750157035175879,70,62,236.0,102.08094657033553,226.7761,0.0,22.783461942425145,0.0,130.0049,-2.4408570132367657,-0.14996732543465355,0,1049,0
E5BDAC79-F720-49E4-911E-AD54290DBA2E,332,5,32.25,11,12.093373493975903,1196,1314.879518072289,69,150,151.0,21.71105579890417,72.591,0.0,14.391922865437861,0.0,36.694,9.418669586898297,0.011289808812672584,0,456,0
C02A2364-7C86-49B5-94A7-1314E72DF8B5,12736,8,139.57142857142858,1,0.02865891959798995,33,0.9457443467336684,38,38,377.0,141.61209265951595,354.35,0.0,32.86723680928113,0.0,168.3655,-47.30205382541101,-0.18618843701162502,0,1049,0
58B83194-807D-4677-9C88-F8300C24D2CF,4882,7,137.83333333333334,6,0.44858664481769767,460,34.39164276935682,217,5,301.0,67.34731046792672,179.6577,0.01739342,11.235112905801447,0.0,81.74793199999999,10.47369923595754,0.054111843653444305,0,1049,0
E4E31BBF-8D77-4DDB-A964-B07912693386,12736,8,38.0,4,0.1146356783919598,385,11.033684045226131,165,32,800.0,293.634354091795,535.5622,0.0,67.96847417203732,0.0,378.30186,-9.087743705375203,0.077945113511685,0,1049,0
324AFB1D-3068-4650-930D-2DC56B95C98B,8481,7,92.66666666666667,1,0.04303737766772786,58,2.496167904728216,411,204,256.0,77.16034507651501,534.6613,0.0,48.31265094873453,0.25822426600636716,145.92978,22.57363466177202,0.8262509548732082,0,1049,0
0959092E-7BF9-4CAB-8090-CDF2B9569A6E,1749,1,0.0,0,0.0,0,0.0,-1,204,99999.0,66.59511505125856,302.715,-4.726318,82.01138801168047,0.0,215.2695,13.393943613000701,-0.40569552217937477,0,1049,0
23F740A0-66FE-4729-B02B-EDE286F0663D,12736,19,48.388888888888886,2,0.0573178391959799,58,1.6622173366834172,196,79,281.0,80.3640573955067,183.2,-1.996812,24.783126928137296,0.0,111.18,10.838695690913056,0.2760109032664435,0,1049,0
14A135B0-F3E4-4A4E-8FDF-BBD69D993931,12736,14,51.23076923076923,2,0.0573178391959799,27,0.7737908291457287,283,122,887.0,246.84241321065718,593.2,0.0,105.31060272345425,0.0,355.73999999999944,50.88982444366377,0.0128772184949055,0,1049,0
864540A9-190E-422C-ACFE-F9A9823DBA84,2596,3,341.0,1,0.1406009244992296,308,43.30508474576271,821,202,602.0,77.33015601967655,242.8182,0.01071729,41.974032934542464,0.0,146.063,46.73183816550865,0.1571087207758856,0,1049,0
7A158859-C4BD-4450-B4B5-75650AFC04FB,4415,8,136.14285714285714,1,0.0826727066817667,449,37.12004530011325,821,24,1665.0,134.13213839256727,1553.569,-24.5,138.06507720201373,0.0,337.93606,166.98026127196974,0.7185684350913845,0,1049,0
9E62F979-A179-4F88-86E7-38ACA676731D,3700,3,175.0,2,0.1972972972972973,198,19.532432432432433,790,200,301.0,99.25212751032501,232.2697,0.0,36.94162661711201,0.0,145.6442,5.135073983502153,0.33012579094804256,0,1049,0
0E07EAFD-5109-44B6-8A6B-C76AF6595D2E,2160,4,41.333333333333336,3,0.5069444444444444,248,41.90740740740741,221,166,301.0,89.9868840459207,189.6746,0.0,35.99881717299111,0.0,130.01989999999998,7.838039643585475,0.030004318557182524,0,1049,0
B8E56FCB-06BD-4FED-A6CC-EE00F46BDF56,10307,8,17.571428571428573,5,0.17706413117298925,3677,130.21296206461628,166,128,407.0,178.13052629485506,354.0,0.0,52.937438237346406,0.0,244.0,-19.0883195047316,-0.10940622527716914,0,1049,0
18218745-2D63-4B41-8766-EA8B62385C69,12736,6,138.8,0,0.0,0,0.0,-1,140,489.0,80.48951449017879,234.3736,0.0,25.493325808176465,0.0,111.0,-3.7047151074627465,0.4210362619069933,0,1049,0
5C9BE7A7-AA37-485B-909B-00F453F9CE90,4247,1,0.0,2,0.17188603720273135,790,67.89498469507888,758,192,312.0,25.597818690280082,188.0,-8.292095,27.918535867891784,0.0,75.0,-19.12291600681712,0.07885538051984867,0,1049,0
8705BB84-E115-4C31-BD92-8B4A77C586DC,12736,6,132.2,3,0.08597675879396985,1264,36.2248743718593,537,182,200.0,42.79732444132134,106.0,0.0,20.023367247720476,0.0,70.0,-6.831583700580595,0.16069747979857665,0,1049,0
02DE9555-030F-4CEB-9826-8027C8D8866F,12736,5,139.5,4,0.1146356783919598,458,13.125785175879397,821,102,259.0,113.18680798657583,954.9747,0.0,34.70049151382226,0.14329459798994976,155.0403,14.707944436649484,0.051927827750275136,0,1049,0
39A3D048-F051-4059-A42B-7CF3509A5139,6719,5,199.25,2,0.10864712010715881,33,1.7926774817681204,18,182,223.0,32.452034528834325,145.1878,-2.8,16.920864333004044,0.0,54.599116,-11.11232076984513,-0.07884490174861064,0,1049,0
B86D9233-90F3-44E4-A9E8-78D2E0B1DC5A,5146,5,140.25,4,0.2837155071900505,226,16.029926156237856,299,179,490.0,127.98667328213355,280.41,-81.1172,33.666541336825176,0.0,174.33,-6.5682450413927995,0.058845795434165085,0,1049,0
822231DC-09F1-428B-A704-46FC74A68F2A,6920,5,167.0,0,0.0,0,0.0,-1,156,1270.0,323.4990811723733,719.12,-5.19811,111.55695247467764,0.0,459.92,49.31952685231806,-0.4783037652114505,0,1049,0
38238D1F-2E54-4556-A09D-2389F9AEE16E,4833,5,173.0,0,0.0,0,0.0,-1,179,497.0,73.59775591386637,201.0,0.0,37.300318621653155,0.0,126.0,-10.23085776571822,-0.1328859187005919,0,1049,0
13833E7F-3713-4F53-85C4-5A6652F8065A,12736,5,159.0,1,0.02865891959798995,45,1.2896513819095479,822,148,452.0,57.059224106611346,205.2612,0.0,30.40526702129377,0.0,98.25439,-13.87174770225949,0.07084196160861925,0,1049,0
7A3ED9C6-E64E-4BA4-9BDC-8A012AB76DF8,4355,3,283.5,5,0.4190585533869116,230,19.276693455797933,321,172,452.0,165.97657515923373,355.5764,0.0,60.76409214651497,0.0,247.02002,-63.06663798022139,0.04728473747892412,0,1049,0
0DF7E048-E83E-4498-A720-482CCA458E66,12736,9,114.125,0,0.0,0,0.0,-1,5,266.0,120.63320412344962,194.0,-2.344,22.770033530620903,0.0,148.0,5.24071608951337,0.15876639423122385,0,1049,0
0C85AD71-ABBB-43F0-A0A1-43436145C921,12736,11,90.1,2,0.0573178391959799,37,1.0603800251256281,729,50,259.0,86.79535261284613,170.1,0.0,20.95028134905224,0.0,110.6,-5.9548009184016735,0.1333947345990785,0,1049,0
D06E1410-9C36-4BC3-85D0-4F18DDA1A6C2,3112,10,103.0,2,0.23457583547557842,470,55.125321336760926,579,32,831.0,221.81876574376682,994.752,-48.74616,60.59299802146245,0.5864395886889461,295.95426,-13.262071732964358,0.2076300443605699,0,1049,0
6443015B-EBB4-426A-BAFF-AFD88D559560,3992,1,0.0,0,0.0,0,0.0,-1,169,250.0,21.540199999356965,100.7812,0.0,14.667585669793846,0.0,44.66503,6.368079122788096,-0.060047927696464554,0,1049,0
4D2A2F97-7674-4BC5-832B-0C7D8D9BD081,8691,4,103.66666666666667,3,0.1259924059371764,290,12.179265907260383,429,113,314.0,63.0949274682294,236.0238,0.0,21.629661795678437,0.0,93.0,-12.558044752180017,-0.06799421967966564,0,1049,0
4E406B15-0671-40D0-BD75-9BEC1D8FB8BB,5296,3,431.5,0,0.0,0,0.0,-1,165,768.0,88.88822570874463,257.9,-6.858307,29.053089345423377,0.0,131.0,14.129976451749187,-0.28390910743449904,0,1049,0
792BCFB4-4F15-47BF-9D97-B18346DF05BB,2706,5,212.75,10,1.3488543976348855,344,46.40059127864006,6,147,301.0,80.31448672271243,187.521,-21.52786,23.980887346766814,0.0,109.01313999999999,-14.94948847201799,-0.059698006809834475,0,1049,0
560FFDCD-48C9-499F-9FFD-8CC02E008B48,12736,8,123.85714285714286,2,0.0573178391959799,108,3.095163316582915,48,42,800.0,294.37253408062475,841.8126,-63.92524,68.53392996649298,0.0573178391959799,379.11433999999997,-5.115477755624738,-0.20540132456459143,0,1049,0
742017CE-7333-4270-958F-EB2F9006419C,10022,3,127.5,4,0.14567950508880462,102,3.714827379764518,167,97,491.0,66.18311684925787,288.1,-53.75211,28.686444817789813,0.0,106.4,27.99250815074214,0.2362253055932044,0,1049,1
9EB2677B-75FA-4C84-A833-11CE4A5BC09D,5296,3,280.0,1,0.06891993957703928,89,6.133874622356495,727,162,768.0,88.28492203758775,262.8,0.0,29.981127447207054,0.0,132.2,14.232138147597425,-0.2935171751886337,0,1049,0
17A853F8-A8CE-4A1D-AE94-32AF6BC42736,6409,2,63.0,1,0.05695116242783586,323,18.395225464190982,821,99,676.0,96.65778448696771,216.8579,0.0,24.602394624261432,0.0,130.9052,33.97910182167426,0.05773622257193747,0,1049,0
0EC82B9E-A2C8-4F31-A054-D53BAC6B8620,2750,7,45.833333333333336,4,0.5309090909090909,549,72.86727272727273,357,160,1247.0,213.22501175080052,1120.567,-27.28765,159.697997050558,0.0,462.78207999999995,140.17363942281057,-1.2208529934626604,0,1049,0
50000832-22FC-46AE-B154-E74A23D7E98F,12736,13,49.166666666666664,4,0.1146356783919598,267,7.651931532663317,225,135,256.0,99.74279855915114,191.0078,0.0,26.907697894679373,0.0,131.6,8.015560275725392,0.08014256915338654,0,1049,0
1FBF8807-07B1-4E64-B30B-C2D1E1877D3D,12736,5,31.0,0,0.0,0,0.0,-1,28,490.0,44.89033006907661,199.9512,0.0,35.20480584021584,0.0,91.55273,19.37838996178759,-0.04780316705658061,0,1049,0
76D18AE2-B110-46B9-BE7B-1E7B80244F9F,12736,7,56.333333333333336,0,0.0,0,0.0,-1,20,452.0,145.55173635537994,345.5612,0.0,19.53987414458891,0.0,165.2344,19.312063706348425,0.09274023734053115,0,1049,0
BB3CE716-58DB-4B32-970C-02A89E44791D,9083,3,283.0,1,0.040184960915996916,83,3.335351756027744,821,151,264.0,83.17279826579912,168.1,0.0,27.575618843534254,0.0,120.8,10.81006438852188,0.03240088511146623,0,1049,0
48EE7266-1BDE-47A4-82BF-CDD1F395B94F,7651,5,165.25,1,0.04770618219840544,322,15.36139066788655,821,120,103.0,10.377577608522397,35.45337,0.0,2.374915042457741,0.0,13.48871,-0.33987760852239823,-1.11735371645282e-14,0,1049,0
197B52E6-8B04-4F65-A492-9B84CD190EC9,12736,6,8.6,1,0.02865891959798995,5,0.14329459798994976,66,130,1083.0,292.2934470306482,867.1875,0.0,131.38625916424044,0.0,445.2209,98.3641191830863,-4.294168320520822,0,1049,0
254F228D-C6F6-48B2-B7FC-DD75BF4E652C,5779,3,204.5,7,0.44211801349714486,3276,206.9112303166638,126,150,538.0,78.39209825313067,261.5904,0.0,39.30010010049153,0.0,130.7952,18.828272117239706,0.6048898355077442,0,1049,0
32A76D07-F177-4B55-BD4B-878270ADF332,1337,4,76.33333333333333,0,0.0,0,0.0,-1,148,887.0,97.76765220195296,285.0,0.0,31.47536905478151,0.0,136.85439999999997,-2.485338601644301,-0.18860073108601388,0,1049,0
5BFA5E09-A362-42B7-BA96-472D41DC178D,12736,24,33.34782608695652,1,0.02865891959798995,28,0.8024497487437187,729,42,251.0,70.92544201896624,235.7483,0.0,29.494382479228772,0.0,105.66905999999999,-2.177732190254801,0.019508367356666008,0,1049,0
CAFFBD2A-7BF0-4CC7-8871-DB1A6403BF51,9097,5,156.0,3,0.12036935253380235,692,27.765197317797075,117,149,129.0,21.016106463396685,183.0408,0.0,4.407594716918228,0.12036935253380235,26.85059,3.590071203192821,0.012694941778625747,0,1049,0
4841D8B3-A9B2-4003-A5B5-DA09D70BE96C,12736,7,146.5,2,0.0573178391959799,446,12.781878140703519,536,149,377.0,161.9526845077356,605.0,0.0,42.775750344236116,0.0573178391959799,217.84496,34.54121746294342,0.02419246660176899,0,1049,0
E1A8FA71-2D4E-4C7C-8B97-8BBD0C91DA38,2561,2,1.0,0,0.0,0,0.0,-1,148,301.0,70.78056046175926,122.4362,0.0,12.622796238255638,0.0,87.90485199999999,-6.378880544321007,0.1328139789302412,0,1049,0
30D3BFE8-F44A-4B29-9DC6-326B60A5615F,12736,15,35.285714285714285,4,0.1146356783919598,462,13.240420854271358,508,60,85.0,38.33789395833525,71.30127,0.0,8.842474695496747,0.0,49.76807,6.286560123300546,0.02753058528060593,0,1049,1
92905D91-5F31-4F9F-86E5-BF755E08C9DE,4806,5,14.25,1,0.07594673325010404,434,32.96088223054515,821,145,693.0,58.96114673841708,168.75,-1.288032,31.99802577772145,0.0,101.25,-19.545059334867695,-0.010984293797740304,0,1049,0
D931B089-7749-4B86-B7B9-766ADA0C110B,332,13,11.5,2,2.1987951807228914,1385,1522.6656626506024,39,61,804.0,168.22000910026188,598.769,0.0,145.87214453033488,0.0,347.48647,89.95963906324116,0.3742340075670581,0,534,0
39A868D5-CF3F-49E1-9798-927E95D83E24,10022,4,121.0,3,0.10925962881660348,169,6.154959090001996,406,136,157.0,40.25556369571792,70.92947,-58.54089,9.444726065142408,0.0,52.331725999999996,4.178200946025896,0.06067891457303227,0,1049,0
C129B3A2-C318-4389-9EC5-F6DAFD5593FE,12736,9,46.875,3,0.08597675879396985,68,1.9488065326633166,726,72,1245.0,582.8313006556311,1092.41,-136.64,150.81229649682192,0.0,750.27,70.69936138140577,3.577290288466763,0,1049,0
A1583F11-F115-4E6B-8407-9F2EE54C0B9F,12736,9,71.875,2,0.0573178391959799,48,1.3756281407035176,645,19,489.0,152.48682399132898,320.0,0.0,53.809139924229946,0.0,221.0,-11.155882633304287,0.08535524504612355,0,1049,0
28FD5180-AB14-4ED6-8F46-FBD6DF6BC65F,9200,4,7.0,2,0.07934782608695652,5932,235.34565217391304,746,137,346.0,72.06249975312072,887.392,0.0,40.59291307447963,0.1983695652173913,128.8,18.378920000968805,-0.3325356811026497,0,1049,0
CEC5D20A-7411-4E20-BCF4-9E248A60837E,5815,4,187.66666666666666,4,0.2510748065348237,403,25.29578675838349,447,81,160.0,35.92950474106281,86.31833,0.0,16.847110049103915,0.0,60.10175,10.229415874531327,-0.030767480767852705,0,1049,0
6FDCC79E-AE91-4A12-B0E5-DBC66A0B3E0B,12736,8,26.571428571428573,3,0.08597675879396985,523,14.988614949748744,0,16,489.0,127.16318984697807,534.0536,0.0,49.32180663806362,0.02865891959798995,188.31232,-21.818825592425597,0.07805534215628449,0,1049,0
B3AE58AF-D117-41E1-B509-AB12BD5D8F84,1694,10,56.888888888888886,1,0.2154663518299882,4,0.8618654073199528,605,131,1663.0,273.07994649084475,893.6599,0.09155414,92.0563151647705,0.0,377.6608,38.60987789958739,-0.6428412591578435,0,1049,0
8A9CF1CD-0742-4354-A6DB-E3BCD6310CD5,4821,9,105.375,3,0.22713130056004976,356,26.952914333125907,306,116,251.0,99.25597794467242,241.5,0.0,18.040443394145754,0.0,121.5,-8.437459426153907,-0.0018393903226191738,1,1049,0
991CF82D-9B61-487D-94EE-5A0FB7E9A4BC,1071,6,198.6,2,0.6816059757236228,439,149.6125116713352,140,11,888.0,116.85627240501965,413.2542,-40.0093,70.65849128218167,0.0,216.37972,14.059872885103815,0.41715305272358927,0,1049,0
79BE139F-AB21-4F01-AFBF-B966A7F65F35,12736,5,43.5,3,0.08597675879396985,113,3.2384579145728645,178,98,452.0,126.7216502668399,2175.495,0.0,46.621390019787626,0.02865891959798995,186.3379,-20.148926418383127,0.2722431598862476,0,1049,0
CE8A429F-C0C8-442C-8ED8-62FA0BE76EEF,12736,8,101.85714285714286,1,0.02865891959798995,25,0.7164729899497487,51,72,803.0,248.93840002579375,801.5453,-586.98,122.40724171369793,0.0,391.571,84.52478463477016,1.4488783371718563,0,1049,0
6A3BC26D-9625-4E3A-ACD7-46E7225FD9CB,7540,8,109.71428571428571,2,0.09681697612732096,561,27.157161803713528,703,106,208.0,43.00230589728665,118.5336,0.0,18.33381042999517,0.0,67.0,-2.2651147275335575,-0.2082664200380722,0,1049,0
7C97E11E-49F1-4C09-8FFE-9E5694BC59D7,8705,8,65.71428571428571,1,0.04192992533026996,11,0.4612291786329695,43,13,415.0,177.9040382238156,877.0,-6.2784,85.89925000095053,59.708213670304424,241.0,-16.675079122735355,-1.0725999964452317,11,1049,0
A183AE88-0CCD-43E3-9CFD-1C22EA5B9BFC,167,5,7.5,2,4.37125748502994,96,209.82035928143713,54,116,555.0,32.079301869573435,799.0777,0.0,30.494340216606552,4.37125748502994,75.33042999999999,0.7998404302645312,-0.1201349713489184,0,203,0
F758E62E-6DE1-47DD-B4A9-8A8D43EA40F1,4330,7,88.33333333333333,5,0.4214780600461894,1028,86.65588914549653,176,98,452.0,131.63562591226872,2256.745,0.0,47.465860337291296,0.33718244803695147,192.0,-20.24573813217613,0.2873556319211976,0,1049,0
DC1037C6-DB13-4BB4-B5DF-ED9615D88208,7297,6,186.2,1,0.050020556393038235,16,0.8003289022886118,880,23,414.0,40.60716212757297,226.7578,-12.7,36.068588468971704,0.0,83.49609,-39.660280899177906,0.003002513038874515,0,1049,0
BFF392BC-577A-430C-96D3-5D0E2112E162,9271,9,68.875,0,0.0,0,0.0,-1,5,452.0,1.774161546734771,128.9625,0.0,7.897359042159398,0.0,0.0,13.758282013550724,-0.41934222201368493,0,1049,0
054F99E1-BBE0-4652-BF4E-1D72094A40F4,5453,1,0.0,1,0.06693563176233266,41,2.744360902255639,151,120,490.0,140.9850546769243,349.63,0.0,46.16009146444713,0.0,200.75,-5.638988463189747,0.09146775889729163,0,1049,0
0D2A5155-DBEC-439D-A275-E3705BD72AA8,12736,5,175.75,14,0.40122487437185933,3255,93.28478329145729,89,119,376.0,145.20761933829078,338.0,0.0,48.0365793945037,0.0,211.0,-10.50329835063647,-0.22283237985498974,0,1049,1
15238378-C75A-4456-A293-8EACB714B279,9756,4,227.0,2,0.07482574825748257,11,0.41154161541615414,242,116,151.0,21.116939029067602,43.0,0.0,5.503432668491176,0.0,28.0,-1.3394698932651323,0.0293238076945764,0,1049,0
E6946B30-E217-4772-A8F2-EDDF48594007,333,6,76.6,5,5.48048048048048,145,158.93393393393393,307,89,226.0,45.64897596109111,127.0,-89.3,16.39760292193014,0.0,66.0,-5.850287689486173,0.039718609521944635,0,1049,0
A9CF3A2C-161B-4512-8A8C-CF3B45C25843,12736,9,83.625,3,0.08597675879396985,297,8.511699120603016,3,3,741.0,247.6337946174402,396.7578,0.0,43.11539920574743,0.0,291.9523,-20.6148537834124,-1.396815551185789,0,1049,1
452330AD-2F39-4C09-B014-3E21FDCF4046,274,7,33.166666666666664,0,0.0,0,0.0,-1,64,472.0,50.870993066248644,999.1739,0.0,71.63328832689292,3.9963503649635035,153.9721,-18.14692461506037,-0.011205622234657667,0,372,0
6D8E26F6-EF80-49A0-A334-86A9CC07606B,12736,4,23.666666666666668,1,0.02865891959798995,16,0.4585427135678392,1033,112,276.0,55.58825203770747,138.1836,0.0,17.591625447169946,0.0,76.07422,-8.674482736627226,-0.05110441097042235,0,1049,0
373BE085-2525-463A-856A-036D6A1FCD2B,9598,4,35.333333333333336,1,0.03802875599083142,91,3.4606167951656595,438,113,271.0,25.890787648425228,77.65625,-53.40542,17.314238804906914,0.0,46.76563,6.397260586142668,0.09936288225681272,0,1049,0
99CD5C44-DBCF-4F5D-8CA3-FDD9508FC4FE,2895,11,52.6,1,0.12607944732297063,75,9.455958549222798,208,7,452.0,153.46199800985767,353.7225,0.0,61.78918481049472,0.0,232.67182,11.570655361747242,0.058368455500749886,0,1049,0
98BAFF66-96A5-46FD-AEEB-947E869F99D9,5104,2,0.0,1,0.07151253918495298,7,0.5005877742946708,69,109,1039.0,161.82931390777412,628.5,0.0,79.86048042612245,0.0,270.8,-62.648449710243256,-0.09339642982911389,0,1049,0
0E1EFDA6-4CFD-43ED-941E-2236A69EE917,6464,16,45.733333333333334,3,0.16939975247524755,305,17.222308168316832,679,32,259.0,90.4085131825227,183.75,-8.205465,16.614891059129725,0.0,111.75,10.446637280440271,0.033689130002237944,0,1049,0
6CD33829-8A6C-4778-8BD6-E3606033983A,6626,3,232.5,2,0.11017204950196198,1454,80.09507998792635,43,107,377.0,177.84704370583438,378.556,-7.799988,53.54599338354803,0.05508602475098099,243.776,-16.928073608612152,0.06522508276154804,1,1049,0
2BD05842-C822-4B32-90E6-AE4E4ED497B5,12736,11,86.5,4,0.1146356783919598,125,3.5823649497487438,106,90,377.0,127.78339791720087,284.9854,0.0,27.987623373808255,0.0,151.6663,-12.170049735873704,0.037538442449921286,0,1049,0
92D1B331-43BB-4AB4-8533-685FDCE75A8A,7048,2,1.0,0,0.0,0,0.0,-1,102,497.0,90.5270152538665,313.53,0.06,54.93938139045199,0.0,173.0,-17.15346741436032,-0.01245680193721105,0,1049,0
76E43C8C-544B-439F-AF27-2FC492938676,5322,8,40.0,7,0.4800826756858324,97,6.652574220217963,222,23,301.0,98.58238283246777,240.8846,0.008972168,17.247697341864743,0.0,124.5261,14.825884099216182,-0.08366731409468872,0,1049,0
E1CB2A4B-6019-49F5-8AC3-700EE7461768,12736,7,124.66666666666667,6,0.1719535175879397,274,7.852543969849246,130,100,693.0,226.7933064628398,394.6,0.0,27.314426538681506,0.0,258.1,-17.163738561605214,0.22196309100784137,0,1049,0
1AC1C574-BD15-4F62-9C7C-BAFE4220F780,12736,11,51.1,0,0.0,0,0.0,-1,63,706.0,222.19615845533949,1998.465,0.0,87.57537877152402,0.1146356783919598,316.8182,-33.28982197828705,2.282352911040831,0,1049,1
DF7F18E3-8854-40DA-BBC7-FD0BBFB79A1C,4787,3,426.0,3,0.22874451639857948,426,32.48172132859828,73,97,259.0,66.52336198892435,233.1762,0.01313791,20.335024961783724,0.0,94.055256,-15.099632717339468,0.01736590590710591,0,1049,1
D575E2B8-849E-44B4-ADE1-B032BB48C657,8061,4,249.0,2,0.09055948393499566,619,28.028160277881156,444,88,375.0,138.41774199875354,403.34,0.0,46.30388552215251,0.13583922590249348,194.77,-23.11254853532985,0.1427744541607895,0,1049,0
274A3B8D-5C78-41A0-87DE-1A828ED02C48,694,4,234.66666666666666,4,2.1037463976945245,32852,17278.06916426513,93,94,497.0,42.448825388771404,226.0,0.0,34.44184980804623,0.0,92.0,27.077332018636007,0.3286893557960423,0,1049,0
66D9C403-3113-485F-BFE7-C5B5AFCB1D83,8322,12,77.18181818181819,1,0.043859649122807015,528,23.157894736842106,1045,91,739.0,88.58581274330945,443.7591,-50.1,57.45471610444273,0.0,171.74641999999997,-34.72574464685883,-0.08002854139005386,0,1049,0
BBB6A57C-8FCC-4797-A32B-C607596EE51F,10054,8,131.42857142857142,3,0.10891187587030038,38935,1413.4946290033818,145,90,489.0,121.05223069467739,350.0,-307.0938,40.39744645864954,0.0,171.0,5.52261498433495,0.26162454898398924,0,1049,0
8CA5C88C-E442-4CAB-9163-07A7295021A4,4126,2,433.0,1,0.08846340281143965,25,2.211585070285991,162,85,452.0,144.54841666920788,431.1371,0.0,34.134916790366546,0.0,186.0,-12.117629632170832,0.0057417353764390895,0,1049,0
20EE3B08-3F70-4CDC-B7CD-B4B6D7EFC497,4009,4,316.3333333333333,1,0.09104514841606386,13,1.1835869294088301,43,69,452.0,183.360767615995,387.2,0.0,52.41943430865008,0.0,249.6,-46.49950893003822,1.2230815604069003,0,1049,0
80F74B56-E49B-456A-AA72-EE7EF373FAB1,5646,4,32.333333333333336,8,0.5171803046404534,598,38.659227771873894,17,81,402.0,118.09251413684065,265.0,0.0,25.698931618284597,0.0,150.0,8.703782159455642,0.06096946125024043,0,1049,1
8D4FE0DC-9C23-4AAF-B28D-2C90851B134F,6966,4,233.66666666666666,5,0.2619867929945449,300,15.719207579672696,80,81,734.0,151.85621540802603,355.0,0.0,45.61043034233326,0.0,208.0,2.154007213115932,0.10918884464288388,0,1049,0
DB3C99CD-9393-4AAD-B2A4-05740DFA76D1,-31,10,87.33333333333333,1,0.0,652,0.0,273,80,452.0,85.78802362658853,201.0,0.0,23.924833600362685,0.0,118.0,-15.55252979942803,0.1536115569822809,0,1049,0
FF0AA7C0-6553-4E3E-B265-B1FD2B36C206,12736,7,32.5,1,0.02865891959798995,168,4.814698492462312,821,14,251.0,98.72217994967922,208.2036,-11.07723,32.22190774119705,0.0,139.63209999999998,-11.514798262273203,0.09333396438210548,0,1049,0
14D19538-77CD-4509-8593-134C1D663F49,5940,8,105.0,0,0.0,0,0.0,-1,76,489.0,104.74860905274218,295.1255,0.0,41.760311426035415,0.0,160.96399999999997,-16.98045237558169,0.2602094572523085,0,1049,0
F3C72DA8-746F-4BFA-AF0B-CDB4AFEFD28D,12736,3,341.5,0,0.0,0,0.0,-1,75,312.0,55.42397594914052,136.0,-1.9,20.10536108366825,0.0,82.0,-20.736553109634343,-0.003601782113051436,0,1049,0
BF1E6491-B741-4888-90A8-7135C7A10D42,4516,4,303.3333333333333,4,0.32329495128432245,670,54.151904340124005,35,74,225.0,29.610244337125103,69.58008,-0.202634,6.210251657665799,0.0,37.35352,4.076442983785391,0.06726664045060955,0,1049,0
377D8035-8E88-4BC1-88E2-385158BC0C17,2447,2,47.0,0,0.0,0,0.0,-1,21,302.0,48.066578502112996,1041.261,0.0,21.55100110559987,0.1491622394769105,72.114392,-9.792307611592939,-0.17397466374980197,0,1049,0
0B604511-D550-455C-A815-9F752D51C59E,802,4,44.0,4,1.8204488778054861,231,105.13092269326683,224,33,451.0,196.56937365055526,298.0,0.0,37.058976617043285,0.0,244.0,14.386336225987947,0.066741550168301,0,505,0
E4F52558-59FE-4BF5-8B4B-4149F3599B93,12736,6,35.2,3,0.08597675879396985,939,26.910725502512562,38,64,1039.0,134.54692501567814,492.7368,0.0,78.98096827372241,0.0,245.5444,-11.347278009505303,-0.16369831715176109,0,1049,0
E7C975C1-526E-4E0E-94D3-6A9ACC47F556,12736,2,0.0,5,0.14329459798994976,260,7.451319095477388,71,66,450.0,102.9378392371078,363.0,-10.35292,43.26882613023556,0.0,160.5,-12.691311459330024,-0.07783505508233463,0,1049,0
7C9FD8ED-0444-44C5-BE90-4A54401B42F9,3726,4,57.0,4,0.3918411164787976,383,37.51878690284487,217,33,301.0,67.11164509065479,161.3619,0.0,11.031616841352124,0.0,81.50662799999999,8.41703090548718,0.06432180780370504,0,1049,0
2189AC8E-3FEC-4A31-A660-EB794CA97567,7025,9,123.875,3,0.15587188612099645,371,19.27615658362989,357,19,763.0,221.0224059996715,462.7991,0.0,90.53870754889658,0.0,320.4346,-111.40794537506127,-1.3664414634254614,0,1049,1
B0F7390C-6116-4937-8C35-D8F887A7EF90,12736,1,0.0,2,0.0573178391959799,279,7.995838567839196,406,62,261.0,49.10483411205989,125.9868,-106.941,11.424466626019274,0.0,63.92677,5.373909146913867,-0.02345656202797354,0,1049,0
F84DCB9B-F130-4277-A5D2-0A9807D3463D,12736,4,262.0,2,0.0573178391959799,40,1.146356783919598,645,61,452.0,150.53125981955225,318.0,0.0,52.991680939200016,0.0,218.0,-15.463281424490532,0.25128919665424165,0,1049,0
FFFDB39B-D066-4224-9848-6D9ACF52BE69,2140,3,84.5,2,0.3411214953271028,257,43.83411214953271,820,60,301.2,44.38825116933714,319.9724,0.01071342,13.057681467438373,0.8528037383177569,61.353284,6.221184367433693,0.00945585172324274,0,1049,0
877E4C2A-402B-4EB8-B31A-4B22E138185C,1955,7,150.0,2,0.37340153452685426,37,6.907928388746804,829,60,301.0,74.1914220895543,262.2364,0.0,41.224035589870525,0.0,131.85281999999998,52.90077536337779,0.5434993958975438,0,1049,0
41A1D1DA-43DD-449B-A2DE-37FC4BF6B391,12736,5,68.5,7,0.20061243718592967,856,24.532035175879397,447,60,264.0,112.4442758628677,265.7938,0.0,23.158623162123824,0.02865891959798995,142.73062,0.12078596915389994,-0.10626727798327851,0,1049,0
EB21CB81-C854-433D-A187-77C1504AF8F9,5018,5,174.25,0,0.0,0,0.0,-1,55,259.0,130.53806777124504,243.8835,0.0,36.563886733308664,0.0,180.1817,-15.856959557047503,0.24842394350321637,0,1049,0
D25583F6-FEC0-4046-B2BD-EDC9B903B6C2,4430,8,116.85714285714286,4,0.3295711060948081,735,60.558690744920995,188,37,181.0,58.12172415230758,182.2769,0.0,25.796231034990402,0.3295711060948081,88.6734,-40.33251283127054,0.685896725892303,0,1049,0
42918901-CC0A-4828-BAFD-BB861E440C5D,12736,4,301.3333333333333,2,0.0573178391959799,182,5.215923366834171,821,50,266.0,113.26562212042666,268.4,-39.4,23.229931513981636,0.02865891959798995,142.7,1.8803886820424793,0.21989456288603357,0,1049,0
123DA990-7674-4A6B-9D4F-61A9223F8AF1,12736,7,99.66666666666667,4,0.1146356783919598,39,1.117697864321608,463,19,266.0,119.5966581766293,194.4,-3.04,21.821651457254514,0.0,146.16,1.070879543278096,0.1233651509038596,0,1049,0
7EE736BE-2EFD-402E-BB49-4A8EFD89B1AE,4421,3,59.0,3,0.24768152001809546,78,6.439719520470482,180,53,193.0,24.412805651421642,534.52,0.0,10.030826424193288,0.16512101334539697,35.51291199999999,0.7340775530536661,0.11697346522488308,0,1049,0
4129116B-40CE-4E4F-AD47-C6FC5815983B,377,4,93.0,6,5.8090185676392565,781,756.1405835543766,248,53,226.0,50.78024670072686,109.2983,0.0,15.126041029164085,0.0,70.48621800000001,0.7507488069891863,0.04513314198021462,0,365,0
69B934B9-23D6-4AE0-9FFF-FCEEC30B599D,12736,8,99.0,7,0.20061243718592967,962,27.56988065326633,124,53,256.0,4.4867059827993785,445.0,0.0,18.613833824877418,0.1719535175879397,0.0,-4.4867059827993785,0.0,0,1049,0
9D5E0888-AED0-4421-A5AB-7A8439AAAEA3,5070,2,1.0,4,0.2879684418145957,330,23.757396449704142,151,53,391.0,146.27709379543512,278.5,-604.0,43.80520915829736,0.0,212.5,-18.84526509173142,0.23254205480317586,0,1049,0
4DE3157C-A45C-4533-ADE6-753F54E1D0D1,8971,6,179.8,0,0.0,0,0.0,-1,23,820.0,123.8706331537253,436.0,0.0,73.44556820215452,0.0,228.0,-37.742160931503065,-0.22034241767397264,0,1049,0
511322E9-E726-47A3-B34A-2FE59DE46B4A,12736,4,296.3333333333333,2,0.0573178391959799,71,2.0347832914572863,821,49,266.0,116.44071496843159,283.4,-6.466375,24.04930477859487,0.02865891959798995,146.9,1.5979578710745557,0.22981290557122802,0,1049,0
D980B5F9-43F2-4558-84B7-2BEBFA474220,9578,4,250.33333333333334,3,0.11432449363123824,344,13.109208603048652,17,49,271.0,96.06309494258221,209.0926,0.0,16.435392468978804,0.0,115.1163,0.022598376707904322,-0.029572466893012725,0,1049,1
F2678BD3-6AE1-4216-A103-B84BBD8D527F,12736,12,28.727272727272727,0,0.0,0,0.0,-1,28,788.0,85.31816860792722,452.01,0.0,64.415932437806,0.0,173.26399999999995,-9.755842990643274,-0.6305389176991198,0,1049,0
7408DC56-68AB-4F1B-AAE4-7BCED4AFE0EB,3636,5,240.0,2,0.20077007700770078,577,57.92216721672167,821,49,151.0,39.3944360842443,276.0,0.0,13.883911672481341,0.5019251925192519,57.5,3.9739088231631072,0.05705415449091199,0,1049,0
26C1600C-6E36-4699-9514-8F4F8B7B5F1C,7634,4,321.3333333333333,3,0.14343725438826305,798,38.15430966727797,186,46,228.0,51.334850774413816,209.0,0.0,18.584085206125042,0.0,75.2,-1.5266563298150544,0.035067486608609096,0,1049,0
87B0FC7B-CFC3-4BED-B4D6-B9A86E4C0C34,4732,7,145.16666666666666,2,0.15426880811496196,61,4.70519864750634,30,46,226.0,22.47043619337475,205.8016,0.0,12.888118868143787,0.0,39.2,6.028113198291919,0.09198426424224669,0,1049,0
84A3DB08-E6EA-4D2B-A671-02A8B2D6C633,12736,5,135.75,2,0.0573178391959799,97,2.7799152010050254,744,38,473.0,98.42972476173207,248.0164,0.0,34.17945886801916,0.0,140.8997,-22.224287555482064,-0.6837087635315532,0,1049,0
1EC7AB52-FDE2-44DF-B256-0AF19450EE57,2641,2,0.0,1,0.13820522529344945,61,8.430518742900416,603,37,803.0,130.90951948119624,382.8577,0.0,41.338966059691266,0.0,180.4509,2.7781162564581052,0.05685070552021376,0,1049,0
AA75FA33-9E52-47D9-8FEE-A5BC69C0712E,6766,7,152.83333333333334,4,0.21578480638486552,106,5.718297369198936,18,16,223.0,33.144829896337065,148.5255,0.0,17.256989895165923,0.0,55.737751999999986,-11.666711768562525,-0.08003508409351348,0,1049,1
D9EEC8F0-5C25-4E15-857F-5A3C7DB717F9,5457,2,0.0,2,0.13377313542239325,155,10.367417995235478,220,32,804.0,138.77872321471426,446.7563,0.0,43.93573703648986,0.0,187.79108,0.1528196649153415,0.09718476265117774,0,1049,0
F1ACDD45-7F87-4CDC-A972-21CBC8A9065D,2252,4,263.3333333333333,9,1.4587033747779752,588,95.30195381882771,396,25,208.0,39.400092175811196,464.8922,0.0,21.79424930027475,8.91429840142096,70.70235,18.584294683525222,-0.18253536932715217,0,1049,0
D30FEB9F-EE6F-4D1D-A866-3F9C49A8C632,2117,5,175.5,2,0.3448275862068966,52,8.965517241379311,637,32,452.4,132.1387010783866,399.3103,-35.19893,43.68801098263689,0.0,189.45584000000002,-23.964563198594917,0.004354389771744674,0,1049,0
B69589E2-6807-418A-B60E-EB9DF2CF9414,4540,3,153.5,0,0.0,0,0.0,-1,32,301.0,101.34583102890412,209.3423,0.6445879,26.15967254220504,0.0,132.664,-17.446534954760594,0.19067208593282164,0,1049,1
807F912E-403C-4C70-8A4E-842A99653258,4889,2,1.0,4,0.2986295766005318,335,25.010227040294538,447,32,264.0,110.95091279843817,524.5007,0.0,22.572062272844118,0.37328697075066475,140.525,0.3414390865926862,-0.1357559154897951,0,1049,0
11ED973B-5F01-4B0B-813A-97DA58168C83,7225,2,697.0,0,0.0,0,0.0,-1,30,450.0,111.63001007643506,205.66,0.0,24.314882102318805,0.0,142.7,21.977364923564963,-0.0999572157972361,0,1049,0
5274FE5A-D854-4898-BCA6-251B934FF370,1901,1,0.0,1,0.19200420831141507,235,45.12098895318254,31,27,708.0,103.4869265399312,238.0501,0.0,33.748203748412806,0.0,147.1007,3.072963886766317,-0.1724490281831704,0,1049,0
75C1D0C1-B81B-4D77-92A1-CB0AB19F2E10,12736,8,29.714285714285715,1,0.02865891959798995,28,0.8024497487437187,286,22,306.0,103.88567910772504,464.0,0.0,39.03672455913812,0.14329459798994976,155.1758,-26.82593386436085,-0.03860231249235917,0,1049,0
C9DA295C-FDC8-494F-8CD0-864EBF9A2BFE,12736,2,1.0,5,0.14329459798994976,72,2.0634422110552766,2,21,792.0,222.2729886573813,597.37,0.01,56.635757158840306,0.0,300.81,-45.67256195985041,0.10623987472145074,0,1049,0
A3568790-8909-4A14-BC34-BE2796EBAAC2,1270,3,3.5,0,0.0,0,0.0,-1,12,452.0,43.06569117816861,513.7,0.0,26.499937929252784,1.437007874015748,81.21243599999997,-10.044265452211825,0.38484979175157286,0,1049,0
8E9F1020-6887-47D2-897C-C8C8FB015B90,12736,4,314.3333333333333,1,0.02865891959798995,121,3.467729271356784,75,19,151.0,8.708323665701009,52.8,0.0,2.6852390068604453,0.0,11.0,-0.2871045298985404,-0.046192202512436366,0,1049,0
59210FF9-D5FE-4EEF-B238-D10ACCA19706,3430,4,235.33333333333334,4,0.4256559766763849,527,56.08017492711371,87,18,301.0,56.70297235868794,148.7008,0.0,17.252355941584902,0.0,79.185424,7.263588725185528,-0.10743764331697124,0,1049,0
D85F6C68-413B-4541-B487-97D96FBD9BF0,4830,4,208.33333333333334,1,0.07556935817805382,329,24.86231884057971,821,15,675.0,95.89372385757753,352.6052,0.0,25.255743989854206,0.0,130.496,32.54067165245331,-0.030570135464381098,0,1049,0
607B267C-54D0-4206-9517-FE3935888926,6359,7,129.33333333333334,0,0.0,0,0.0,-1,14,489.0,78.71720780598885,229.0,0.0,25.77747048318691,0.0,109.0,-28.652161509692554,-0.8660580524345372,0,1049,0
45D920F7-00C9-4288-B627-F1B234B33629,6435,7,110.16666666666667,0,0.0,0,0.0,-1,14,181.0,60.64522596345966,185.2539,-127.0965,23.608745272481634,0.39704739704739705,89.4043,-12.087441215002862,-0.3868430825468332,0,1049,1
86A0511C-438D-4C45-93B4-5CA8959ACC25,2517,2,0.0,5,0.7250695272149384,65,9.4259038537942,426,11,452.0,79.3878013419856,202.2754,0.0,29.30548740403781,0.0,115.20974,-10.611947099971715,-0.1551255275173985,0,1049,0
222B2D58-B4E6-4608-A993-EE22E726CC11,12736,4,287.0,3,0.08597675879396985,383,10.976366206030152,10,11,78.0,12.604348027189136,187.4019,-96.26875,2.543190920146541,0.14329459798994976,15.575793999999997,1.7733505525330884,0.008552580855179008,0,1049,0
068B377A-FD3C-4F29-9C9A-92AC88378806,4189,6,110.2,1,0.08713296729529721,364,31.716400095488183,821,7,832.0,194.15465592162923,390.0,0.0,44.8493981176891,0.0,250.0,-10.922788637678622,0.04461176048236954,0,1049,0
0F0728DC-114B-4FA9-947E-6DE866090D6D,3515,3,118.5,1,0.10384068278805121,37,3.8421052631578947,751,7,451.0,180.20391240503525,366.5321,-15.44369,59.47562895915327,0.0,251.48747999999998,50.45045420856664,0.6951070322601414,0,1049,1
F23D9E97-D7AD-48C5-848E-EB3BE56A2D84,9797,4,323.6666666666667,10,0.3725630294988262,1361,50.705828314790246,23,3,450.0,96.72687895682378,344.45,0.0,47.388816093368355,0.0,152.79399999999995,0.2299775246577127,0.020501884091677806,0,1049,1
F230D24D-7437-46E8-97E4-1683B8C7725F,6985,10,77.44444444444444,1,0.05225483178239084,403,21.058697208303506,449,1,452.0,111.74443843676042,251.2848,0.0,24.865913459440378,0.0,141.8335,-8.503462934445594,0.572843544956892,0,1049,0
DD781548-7E94-4620-ABAF-F126BA57E2A3,12736,3,56.0,0,0.0,0,0.0,-1,1,1370.0,316.9879709904738,850.39,0.0,128.92028035833687,0.0,492.544,-64.44402731763432,-0.45853371643987717,0,1049,0
B9DAFA34-ACAD-45A2-9EA9-FA166E912DA2,3,0,0.0,0,0.0,0,0.0,-1,0,1039.0,3.6452503103252782,348.2782,0.0,21.09318978865117,0.0,0.0,0.323740980492623,0.2527264102497298,0,99,0
0D36B8DE-6935-4684-825C-8EEF2AFB468D,9815,6,196.4,2,0.07437595517065716,1637,60.87671930718288,261,3,150.999,54.70101896647716,259.5215,0.0,23.321145083551052,0.9296994396332144,83.04291,-10.626542913464803,-0.40524367210037054,1,1049,0
7338441F-16FE-4E26-83E1-567455692E6F,3635,1,0.0,2,0.20082530949105917,36,3.614855570839065,488,349,250.0,62.821375013092734,538.7697,0.0,21.224208684746515,0.20082530949105917,92.0,-12.354476864944587,-0.06411382520938504,0,1049,0
183F635A-7D31-489D-8B9B-0140D4625984,4977,6,168.2,1,0.07333735181836448,5,0.36668675909182236,640,151,682.0,181.69957393203285,302.3207,0.006910498,39.93445070832461,0.0,232.30862,6.501262898214094,-0.0465916595077557,0,1049,0
AEBA6A3D-153A-425E-B838-E54D62817C3C,1986,2,348.0,0,0.0,0,0.0,-1,12,415.68,92.00210415877015,223.68,0.0,29.658031452747135,0.0,129.20978,-7.713896301131257,-0.0355441097408277,0,1049,0
C54CE7F4-0609-4E82-ACE8-41E113F04B46,327,4,155.66666666666666,10,11.162079510703364,664,741.1620795107034,17,145,226.0,47.12436858343885,125.2441,0.0,20.73225101803391,0.0,73.97461,-16.39342722541416,0.011699718300812867,0,1049,1
6D91627C-0809-4F4A-B786-CFFA4028E126,4344,3,312.0,2,0.1680478821362799,19,1.5964548802946592,680,18,452.0,132.1503716390117,324.0,0.0,40.43340837044464,0.0,185.0,-1.7030722562956555,0.5271379525591965,0,1049,0
6C890ABD-5E44-4EA7-B7D1-7B01729CB2A5,2902,3,67.5,0,0.0,0,0.0,-1,242,452.0,135.15044029049304,260.9429,0.0,29.813306462577568,0.0,172.3834,-7.549217938641178,0.07331051498801258,0,1049,0
5F0C3A57-9E28-444B-AD0F-C50B861004C1,4977,7,84.0,3,0.22001205545509342,65,4.766927868193691,232,200,682.0,181.95064594021423,301.2452,0.01949582,39.944292143770824,0.0,232.51112,6.431682884631442,-0.05989221035937427,0,1049,0
3287E045-CC5A-44F5-89DA-DCD69DA1E5F1,6647,8,53.142857142857146,6,0.32947194222957726,219,12.02572589137957,301,348,251.0,100.55999333705014,237.9,-86.18622,37.5603503181605,0.0,147.2,5.414437666807885,0.3325738292569549,0,1049,0
168B55CD-3653-4846-B11A-2C029F97E6BE,1431,2,1.0,2,0.5101327742837176,292,74.47938504542277,59,60,90.0,3.2949756936094183,7.507507,-131.248,0.9118684225136574,0.0,4.204204,0.4711748094229886,-8.62592161220118e-05,0,1049,0
31233CF7-B98C-421C-BC39-314064817E1E,3984,4,126.0,1,0.09161646586345382,83,7.604166666666667,49,36,554.0,69.2617290977613,189.7942,0.0,24.914971566247026,0.0,100.5969,18.80470197862759,0.12313021622745994,0,1049,0
81737197-5406-4565-9D1C-43D983177299,7963,3,136.5,1,0.045836996106994855,65,2.9794047469546654,304,686,693.0,139.86400989419744,394.656,0.0,54.93428555814241,0.0,218.688,29.0585419576544,-0.6166477534951363,0,1049,0
2E270BD4-33B3-4CB2-B24B-C8E7FFF4B72D,4588,1,0.0,8,0.6364428945074107,1478,117.58282476024412,17,655,402.0,120.54991911579282,390.8688,0.0,24.48317382422714,0.0,150.9935,6.8099309150713765,0.026111622951729037,0,1049,0
C3F611C1-25DF-46AE-B06C-114862138B82,979,4,60.0,0,0.0,0,0.0,-1,774,802.0,108.70957754486335,524.6429,0.0,69.15029895417698,0.0,189.537,46.7043560114638,-1.204516022918559,0,1049,0
C4B816A6-01D9-49D2-9464-EE4D11138AFE,12736,11,91.9,2,0.0573178391959799,79,2.2640546482412063,343,21,266.0,116.29774871227137,276.2,0.0,24.436453422295838,0.02865891959798995,146.9,0.40165715192618734,0.19547083430500092,0,1049,0
ED424732-3580-4C2C-9F42-057AED83126A,360,2,143.0,1,1.0138888888888888,84,85.16666666666667,49,50,803.0,11.71920983071629,999.9147,0.0,55.9057091957941,9.125,3.754159,-8.17241945872555,-0.030304029947860498,0,449,0
5B6A4864-6D93-42FC-94D0-4E97AB2041BB,8039,5,67.0,1,0.04540365717128996,1,0.04540365717128996,644,329,150.0,24.36502005230465,347.0,0.0,23.937834224231565,0.04540365717128996,55.0,17.178421305720043,1.0692972497747844,0,1049,0
9E5EC2AA-D247-40C5-AC4F-1F8592D6DFE7,979,4,271.0,0,0.0,0,0.0,-1,140,802.0,93.1269146549948,288.6543,-121.6507,63.38604958385998,0.0,174.6597,-78.29694514203184,-0.46990655523776703,0,1049,0
7EEC2A6F-8B55-4FA9-A5BF-C96FB85F3618,6546,0,0.0,2,0.11151848457073021,9,0.501833180568286,1030,0,489.0,93.86386868814097,205.0,-187.8,20.734926395730664,0.0,121.0,7.798245509389901,0.1213990181685908,0,1049,0
F8D8B824-1D6B-4827-9884-6254A2C7CF5B,12736,4,83.66666666666667,1,0.02865891959798995,22,0.6304962311557789,286,280,276.0,95.9852132336208,200.8789,0.0,33.99940037173329,0.0,141.2598,-22.679382485781304,-0.0388441722163494,0,1049,0
A119817A-A6B1-4E40-AA55-7B3AC6AA0B59,1129,1,0.0,0,0.0,0,0.0,-1,945,453.0,7.170398619700757,82.88313,0.0,3.7611715932977154,0.0,11.4718,-0.4129804904569294,0.01982487091609933,0,1049,0
870FB91B-E5D8-4EA0-B4EA-4A3A8FC2E635,7163,2,19.0,5,0.2547815161245288,110546,5633.0154963004325,26,918,798.0,157.8384981497345,377.578,0.0,70.46091796934296,0.0,244.6874,-14.571119046339447,0.07076733281987763,0,1049,0
9E31BE67-A0C8-4797-AAE7-CEAD8350BE84,1057,7,162.33333333333334,1,0.3453169347209082,230,79.42289498580888,1003,67,753.0,203.26274867873408,461.1739,0.0,58.793795695778584,0.0,271.6673,-4.217048076882236,0.08674289669945055,0,1049,0
29A38419-1EBD-47A7-9E93-FAF29C4D415A,12736,6,175.2,1,0.02865891959798995,30,0.8597675879396985,342,163,403.0,44.09679702148534,241.4,0.0,27.20942791031932,0.0,81.5,6.477485385922066,0.28179279677871516,0,1049,0
C92771E1-8125-4EDF-A205-E93AE3DADC26,12736,6,158.6,0,0.0,0,0.0,-1,240,739.0,175.8949781194853,430.0,0.0,56.29960860908788,0.0,249.0,9.117136078045576,0.024565732852072288,0,1049,0
A1478965-DF45-4C9E-A2C1-51B8554473DF,1422,5,173.25,2,0.5133614627285513,156,40.042194092827,337,338,416.0,59.17721568573189,213.4098,-0.03,35.214699644789874,0.0,107.60303999999998,24.482710792362234,0.24783966645855104,0,1049,0
420071ED-4053-473C-BE00-F2AD57C552C9,7115,6,185.0,3,0.15390021082220662,385,19.750527055516514,693,95,264.0,77.8463661856318,169.0,0.0,25.347988470563536,0.0,112.0,8.28915850572622,0.022300798452401998,0,1049,0
144C568D-B7F1-4C0C-9A19-274906B7F19E,12736,2,6.0,0,0.0,0,0.0,-1,1013,262.0,3.6870006152591692,185.7422,0.0,20.91375071153463,0.0,0.0,-3.6870006152591692,0.0,0,1049,0
4003EE70-B45C-44C7-891F-BB1F6EF6F1CB,12736,5,233.25,2,0.0573178391959799,143,4.098225502512563,388,83,440.0,135.26373943320053,325.1953,0.0,65.11548771597273,0.0,214.7827,-22.1389904293425,0.4919273113032038,0,1049,0
4A54D358-17CE-4805-8FA5-0AA098671906,8748,5,117.25,3,0.12517146776406035,3773,157.42398262459992,402,542,1330.0,245.6285124575961,908.0792,0.0,125.84008900574827,0.0,449.81113999999997,-103.29980933568251,-0.25193790236235025,0,1049,0
18971934-C7F4-4707-BE7F-465705C731B3,4414,2,847.0,3,0.24807430901676483,309,25.551653828726778,293,164,326.0,61.77716607509597,370.4519,0.0,14.635941372731851,0.41345718169460804,80.0,7.965308890953402,0.00753279196556121,0,1049,0
0942C5EB-FC42-41D6-BEFF-7265CCA5583F,12736,4,177.33333333333334,3,0.08597675879396985,2842,81.44864949748744,453,478,276.0,110.91301096475239,217.43,0.0,30.13972031067325,0.0,147.89,4.962357090803167,-0.03239741589050596,0,1049,0
80904C47-EAC6-45D1-96FB-37B55200D33C,3287,2,1.0,0,0.0,0,0.0,-1,1008,301.0,77.78980885636439,180.0,-6.953444,28.011063062027077,0.0,116.25,-4.48676101685821,-0.055187997603801275,0,1049,0
FF9BC881-886E-4CB1-84B1-BB30CDDB0ADD,2794,3,143.5,1,0.1306370794559771,18,2.3514674302075877,95,718,451.0,100.56251689137339,232.4771,0.0,37.373949957294705,0.0,140.91832,-16.777570496388833,0.17677663979421976,0,1049,0
612A09FC-6A8A-4303-A78E-87F7616EC271,12736,8,143.28571428571428,1,0.02865891959798995,5,0.14329459798994976,870,26,693.0,138.40525407362426,337.7295,-9.0,46.37122528737412,0.0,210.7438,-44.33281165664896,-0.17233083131077792,0,1049,0
B958F294-B632-4375-82AE-0CBE6CBAF442,1026,3,110.5,8,2.846003898635477,651,231.59356725146196,448,781,301.0,33.648193095852086,68.54248,0.0,12.654377204089391,0.0,45.90225,-2.338244047240977,0.02975609582398788,0,1049,0
CAE06DB1-C28C-4DD7-8229-3FC558CC8FCD,3273,3,184.0,1,0.11151848457073021,37,4.126183929117018,354,634,451.0,180.8196123640444,2099712.0,0.0,5406.532922149002,0.11151848457073021,287.93958000000003,18.83672272067784,-0.6603228272389527,1,1049,0
A67F23BF-12EA-4930-833E-716FD347EA9B,8047,3,471.0,0,0.0,0,0.0,-1,58,1245.0,310.08038237419373,832.57,0.0,126.36662914833272,0.0,482.44399999999996,-80.13631370135423,0.17696950755214771,0,1049,0
C182103F-59D6-42A0-96E7-3C5AB13F279B,5815,4,303.0,6,0.3766122098022356,292,18.328460877042133,447,82,160.0,39.06762507170112,894.3032,0.0,17.56642636069772,0.3138435081685297,63.549631999999995,11.934512840490235,-0.0028272687450472587,0,1049,0
040F8C6B-6154-4F65-90DE-0A928E5DF927,2366,6,187.4,8,1.2341504649196957,127,19.592138630600168,223,44,151.0,25.491037586265357,80.31917,0.0,9.72131128438283,0.0,38.514196,-1.6409141835979177,0.0036116614788334143,0,1049,0
0A766EC1-AA11-4B41-841B-B550585BD4FA,12736,15,64.92857142857143,0,0.0,0,0.0,-1,69,301.0,125.00672219394488,353.9307,0.0,39.87236596179508,0.14329459798994976,166.6016,-73.57673506585846,0.055964329961584486,0,1049,0
AF6F4292-7FD7-4D2E-8B50-818B9A886964,9342,7,149.0,3,0.11721258831085421,72,2.813102119460501,347,81,251.0,70.7735614368466,212.4987,0.0,22.039083254539534,0.0,101.89529999999999,-8.336834263312653,0.07521052908658146,0,1049,0
AD25229F-6579-44E2-BF43-AC29981611E0,2888,4,169.33333333333334,2,0.25277008310249305,204,25.78254847645429,821,466,831.0,169.2532920976446,609.7018,-13.30965,31.83756419920778,0.0,207.30712,-3.8161653283544865,0.649337890411006,0,1049,0
C1EC1AEA-C136-48C4-93D2-98466AFE7BC7,3252,3,172.0,3,0.33671586715867163,36,4.04059040590406,449,629,472.0,94.30031691809316,353.5162,-0.0778222,47.5531365772664,0.0,159.7545,14.300015511690802,-0.49363495641506955,0,1049,0
F0BE2E77-EABB-44C4-9A60-79EDF3CD87B7,12736,4,142.0,3,0.08597675879396985,199,5.703125,454,545,251.0,84.03360003486978,179.1,0.0,37.30155458899596,0.0,126.6,-0.5845502462895382,0.06285411936765412,0,1049,0
50CFD97F-A9A9-448D-BFDE-393B797DF7C3,12736,5,177.75,6,0.1719535175879397,233,6.677528266331659,344,257,266.0,122.1139250650659,248.4488,0.0,29.071104226559246,0.0,150.31194000000002,-1.2067392224733169,0.4246105124625704,0,1049,0
78151CF6-B676-4D65-A75E-25D3A6BC8D2B,12736,4,153.66666666666666,4,0.1146356783919598,121,3.467729271356784,43,508,160.0,61.664069865492856,136.6894,0.0,13.998413936221688,0.0,79.5,2.2367403196923306,-0.02405483873186691,0,1049,0
D8DDFCFE-66F5-44DA-9087-612B676696F1,12736,4,130.33333333333334,2,0.0573178391959799,170,4.872016331658291,821,574,269.0,94.76094368021901,186.72,0.0,27.046277160818587,0.0,125.97427999999998,-1.6360405829967846,0.14704939652349128,0,1049,0
56C72817-7EEB-4404-A234-6C6D0755A29D,6222,4,307.0,0,0.0,0,0.0,-1,40,145.0,44.69377196629698,239.5976,0.0,22.663478487286937,0.2933140469302475,74.0,-14.392923200864878,-0.08106356294561919,0,1049,0
5779EC43-21C7-4667-BC05-73CC8E6FED7A,2433,2,794.0,2,0.30004110152075625,99,14.852034525277436,83,162,250.0,50.871005886432606,135.0,-4.577637,15.312585838415327,0.0,70.0,-5.150481195074583,-0.017766482373267597,0,1049,0
0418827B-4B88-4512-9481-DB3A730A5550,12736,5,136.0,1,0.02865891959798995,85,2.4360081658291457,945,410,266.0,105.80987733000987,927.1177,0.0,35.61435908403904,0.14329459798994976,139.8,5.039297052706203,0.11630096651154208,0,1049,0
84793B37-3551-41B0-B566-499DDB1E68FE,7333,2,66.0,1,0.04977498977226238,6,0.29864993863357425,141,953,678.0,70.25342367431901,149.0,0.0,14.311044669371592,0.0,90.0,9.1923324985205,0.11345370713341016,0,1049,0
F880248A-50DD-45A4-AC83-91D3571C3492,12736,4,84.33333333333333,6,0.1719535175879397,79334,2273.626727386935,554,694,99999.0,11.499898667168056,109.5947,0.0,14.661780409629884,0.0,30.88379,-11.499898667168056,0.0,0,1049,0
80C35AF4-575C-4DF8-85E1-1CFE30E08EE3,7332,3,16.5,6,0.2986906710310966,244,12.146753955264593,28,943,126.0,43.325358026682665,111.0351,0.0,17.870871290901036,0.0,67.3828,3.6706219793358486,-0.061973683961601925,0,1049,0
87192324-493C-4DB8-9CA3-A519F745E6ED,12736,13,55.916666666666664,2,0.0573178391959799,190,5.445194723618091,790,264,264.0,105.04041880230297,232.1,0.0,39.93648359907591,0.0,154.8,7.1945739446106245,0.3614840263851934,0,1049,0
3E2ECBE0-F314-49FB-B271-F42762483208,6415,5,117.0,2,0.1137957911145752,74264,4225.465315666406,26,574,739.0,177.18230423739686,408.3658,0.0,69.77079376135116,0.0,264.122,-21.710030458075863,0.0450011128247053,0,1049,0
3D9B1E81-7F71-4E0D-BBE5-F1D7A487CD05,1019,6,16.8,6,2.1491658488714425,729,261.1236506378803,805,852,416.0,40.121235160830516,88.45615,-1.989993,10.547538223345102,0.0,50.030882,7.46601127821269,0.19050973754472172,0,1049,0
7E47271A-9402-41EB-AB36-67F25E9ADADF,1327,4,151.33333333333334,4,1.1002260738507912,158,43.45892991710625,52,471,452.0,121.81719962465282,411.0,0.0,39.477513905291275,0.0,173.0,16.612388475655834,0.09454821010468419,0,1049,0
0DB51A8A-4907-4EAA-9E2E-1EA4B14D04FB,1173,11,89.0,7,2.1781756180733165,859,267.2932651321398,425,81,151.0,48.63121800604587,225.4,0.0,18.7983329918303,0.6223358908780904,72.4,0.18421409719486803,0.1535718400572598,0,1049,0
0D0B09B9-5288-48F2-8CC9-56475F27ABF0,2328,2,116.0,1,0.156786941580756,35,5.487542955326461,799,913,678.0,109.55965061265522,329.0127,0.0,59.944910790104586,0.0,194.58978,49.831587641202816,0.12021001670230097,0,1049,0
6B14C01A-EAA3-49A8-9309-76CD84D81B27,2176,2,1.0,2,0.33547794117647056,213,35.728400735294116,103,911,602.0,123.02446070935453,322.0629,0.0,46.26595495201358,0.0,180.44181999999998,20.020112529071397,-0.08016173659370823,0,1049,0
7D79BF7B-842E-4995-BE09-FD1FD3655FB3,931,6,164.6,1,0.3920515574650913,49,19.210526315789473,285,82,603.0,108.31734392582354,305.4399,0.0,49.34375759858791,0.0,165.4776,0.29634948297274377,0.10443508331562788,0,953,0
9C5EBED9-6596-468C-AF05-09865B4D5E6E,2432,3,105.5,1,0.15008223684210525,456,68.4375,821,697,301.0,30.694391596898843,176.1974,0.0,21.104897392844514,0.0,61.11392599999999,7.795912395153625,-0.02023229449484278,0,1049,0
DF69803E-1C67-4624-ADAB-3F63B21E25AC,12736,6,168.2,0,0.0,0,0.0,-1,64,800.0,271.5254584033385,616.2964,0.0,70.05828533966806,0.0,361.9263,9.689978093575064,-0.011904957333824594,0,1049,1
78761FDA-39E5-4EA9-A4D9-7FDC815F320C,5162,5,92.25,0,0.0,0,0.0,-1,554,400.0,92.20703223895735,273.0,-105.7181,47.799388831609086,0.0,158.0,-26.438668041426496,0.023468718131577873,0,1049,0
DDB78145-F203-4785-B820-79E009E09EB1,12736,2,1.0,1,0.02865891959798995,81,2.321372487437186,27,904,489.0,107.63400001325847,225.0,-21.6,28.53542798819607,0.0,145.0,-2.882919766344898,-0.04744367160107728,0,1049,0
7F340B6C-D32A-4F8B-90CD-C862EEA99414,986,2,0.0,0,0.0,0,0.0,-1,894,1454.0,268.1779102060366,614.7714,0.0,112.69447722168185,0.0,403.19829999999996,-43.60602494083594,-1.8560589421346183,0,1049,0
3B353B6F-8AC4-452E-9DC5-A5FBCC9DCFED,4139,4,27.666666666666668,0,0.0,0,0.0,-1,805,452.0,140.0788370998429,360.0,0.0,50.53813817240727,0.0,202.0,-34.26332784058364,-0.14050254260939138,0,1049,0
EC3B46F5-6D6B-45FC-A05A-70A2224997C2,4139,4,25.666666666666668,0,0.0,0,0.0,-1,811,452.0,141.26567104416395,363.0,0.0,50.893936212669246,0.0,204.0,-34.645609315768894,-0.14708777489687092,0,1049,0
95A3ABCE-D88C-4314-A9E9-B8513A60052C,12736,4,296.0,3,0.08597675879396985,177,5.072628768844221,452,46,120.0,44.1920330533587,115.0,0.0,15.116407910775163,0.0,65.0,-18.14550527558092,-0.05472183351399664,0,1049,0
089F8EF0-AC2D-4868-B833-05A867DBEF61,12736,12,69.27272727272727,3,0.08597675879396985,869,24.904601130653266,450,259,706.0,283.49558742595474,800.0214,0.0,85.83960332267792,0.08597675879396985,352.075,-33.05796739192695,0.9506209306830019,7,1049,0
38E168C4-670A-4DE6-BE88-9E9A6C7679F7,6729,10,85.88888888888889,4,0.21697131817506318,71,3.8512408976073713,443,163,188.0,41.612584871094555,106.7106,0.0,20.857930985241982,0.0,70.1442,-5.923190894474189,0.16023590847878655,0,1049,0
0E5946F9-90B0-4BC0-9696-BA28B2584FDD,7341,3,0.5,0,0.0,0,0.0,-1,868,2144.0,303.23520531730827,1136.965,0.0,162.7029666156211,0.0,524.384,-52.114870120549,-1.0897570457861232,0,1049,0
20EC2CBC-C6A7-403B-ADC6-1A560025E4E4,12736,4,205.66666666666666,2,0.0573178391959799,120,3.439070351758794,556,248,452.0,137.51759980072856,349.4885,0.0,69.44800831021023,0.0,209.905,18.17089398630847,0.08598781033423399,0,1049,0
783B3D90-1BE7-4FFC-B3A8-DDA22416F1C5,4837,3,69.5,0,0.0,0,0.0,-1,865,251.0,51.362080985214945,121.6339,-48.79591,17.471287609061207,0.0,72.55246199999999,-10.749904073285933,0.1087566414128164,0,1049,0
BF613F99-2DCD-4D53-813D-35CBDD081C47,4353,4,277.3333333333333,0,0.0,0,0.0,-1,30,451.0,88.15858803878764,240.0,0.0,19.463631635637242,0.0,114.0,6.75213726985433,0.11712151248659403,0,1049,0
327067B8-5F05-47D8-B046-55DD26FB513A,12736,5,191.5,1,0.02865891959798995,152,4.356155778894473,592,92,412.0,89.33530444755282,317.3,-9.3,40.00099660325395,0.0,138.0,3.7789092870150824,0.443197340892496,0,1049,0
E1B23343-11EE-4D06-B68E-1C6E37035CB4,4662,7,69.5,0,0.0,0,0.0,-1,438,628.0,150.33487178202526,308.1528,-144.9404,30.347932460168007,0.0,188.38984,-30.01627034529686,0.550957306081362,0,1049,0
C97B79D4-FD5E-452D-83B2-30FAA1368686,12736,7,69.83333333333333,1,0.02865891959798995,162,4.642744974874372,821,435,693.0,225.82530179585936,362.8,-25.1,27.23959222227843,0.0,256.9,-16.794290993390234,0.22104000608195126,0,1049,0
B603BEBA-4D07-4357-90B6-856CED27A507,12736,1,0.0,1,0.02865891959798995,42,1.203674623115578,591,853,450.0,149.03202383872397,335.33,0.0,54.91031794992646,0.0,215.1,-34.253672758477066,-0.4160482244036911,0,1049,1
B5C30833-D82F-4AFF-ABA3-B71921FC635D,12736,8,77.42857142857143,3,0.08597675879396985,34,0.9744032663316583,323,306,683.0,116.7722007066763,459.55,0.0,68.313300500579,0.0,200.1,38.405939725422485,0.6434025657030044,0,1049,0
FE5E6CA4-8A0C-4EF9-8E1C-50B67AD61764,4015,1,0.0,2,0.18181818181818182,504,45.81818181818182,228,849,138.0,13.145115547541549,82.0,0.0,3.56709976525718,0.0,17.5,1.3002934030757345,0.013343839888769839,0,1049,0
101E536C-C816-4B20-9C6A-6C97C7CBD9F1,7540,3,377.0,3,0.14522546419098145,80,3.8726790450928386,49,93,208.0,43.615863934847894,213.0,0.0,18.56280803310806,0.04840848806366048,68.0,-18.815426218258388,0.5422265684773037,0,1049,0
CD1ECB28-EEF7-4014-B417-A5A5D5041015,3560,2,768.0,3,0.30758426966292135,381,39.063202247191015,224,69,452.0,205.04135261799837,360.6054,-9.461337,43.41346916423149,0.0,260.42864000000003,14.244279697642071,0.1771447357625412,0,1049,0
0103621A-B5FB-4EAF-B661-5933B9E2990B,12736,13,68.5,3,0.08597675879396985,939,26.910725502512562,23,12,800.0,349.13996087976557,790.2831,-16.18726,94.88739870362251,0.0,461.6089,18.36326981467886,-0.15294283202581663,0,1049,0
19BC1D55-5791-4C12-B27E-D8D1D52D5867,903,1,0.0,0,0.0,0,0.0,-1,836,602.0,101.7372016156503,297.9818,-4.394419,57.92990400300716,0.0,172.10358,36.86212117817685,-0.16714584797234194,0,1049,0
4A7D9253-FDDD-405A-B7B0-ACECFA3C0672,12736,8,107.71428571428571,2,0.0573178391959799,68,1.9488065326633166,275,72,800.0,327.7251614699994,685.1807,-0.7576736,93.32406945272591,0.0,435.1501,28.305522005309285,0.762818653822981,0,1049,0
510E2E04-AAB2-41AA-BAC8-1BFCCA3C09DF,12736,13,45.833333333333336,4,0.1146356783919598,201,5.76044283919598,301,390,264.0,99.6078271101182,244.6,0.0,39.74518835422453,0.0,148.3,8.811628645283037,0.3570480486427456,0,1049,0
91DD3FA9-4DBB-436F-895C-F1C6C1DBDAD9,12736,6,108.0,2,0.0573178391959799,284,8.139133165829145,244,278,1370.0,251.00596562808676,851.17,0.0,140.69588310874633,0.0,449.96399999999994,-145.120737233025,-3.207209538900772,0,1049,0
4E1662A1-23AE-4383-BA23-9721548AB53D,3791,4,9.0,0,0.0,0,0.0,-1,791,887.0,254.97145596504896,737.0,0.0,68.89320810060264,0.0,343.0,60.115118109025104,0.21490936238096994,0,1049,0
39D80A8A-0BD1-44F7-BB17-EBA6C2EF8815,12736,3,172.5,2,0.0573178391959799,21617,619.5198649497488,73,499,455.0,105.44078516622801,343.9453,0.0,59.7547812305399,0.0,187.207,-27.332421374561335,0.2837290430448034,0,1049,0
EB2E1E6A-7867-4982-9FB9-70632A10CDB9,5886,4,189.66666666666666,1,0.06201155283724091,46,2.852531430513082,822,242,452.0,57.754496354496425,237.6709,-45.50362,33.42907156585119,0.0,101.4404,-12.107994134991792,0.04914279475571099,0,1049,0
1C285E62-A053-48E3-9F57-B8FB2791E2DC,1272,5,171.0,3,0.8608490566037736,725,208.03852201257862,434,126,452.0,102.50852696294922,391.1461,-17.72805,27.96561200733899,0.0,143.284,12.026658938285351,0.06095410686607252,0,1049,0
7A2E33FB-CCD9-484B-A45A-D606B7718AA8,12736,1,0.0,2,0.0573178391959799,8,0.2292713567839196,142,809,151.0,52.731431011554754,288.0,0.0,14.647172839943648,0.0573178391959799,70.0,1.9630905933835194,0.007564319783368939,0,1049,0
B162CAC1-5ECC-41A5-82DA-750E8A7DFE7B,6654,3,47.5,1,0.05485422302374511,169,9.270363691012925,821,709,271.0,128.0814149203829,223.5446,-3.0,21.025313409343266,0.0,153.5683,-25.8820877629755,0.11654538052813701,0,1049,0
4B563A1D-CE3A-4E0C-BB18-464300998D19,12736,5,228.25,0,0.0,0,0.0,-1,30,452.0,118.25230564608509,259.7622,0.0,36.4066195192187,0.0,163.3528,-37.98105567193386,-0.5208580630425829,0,1049,0
3AA438F5-B9FA-4DB5-ABE5-0FCDF077797C,12736,6,137.6,2,0.0573178391959799,46,1.3183103015075377,645,111,489.0,163.68966745901477,339.0,0.0,56.486818558660225,0.0,236.0,-10.75448227382958,0.10129394118143593,0,1049,0
DB5A98A6-9ECB-42CB-9D8D-32C1F7C7D8A8,7020,3,187.0,1,0.051994301994301995,11,0.5719373219373219,962,423,377.0,118.33084826203022,384.2925,0.0,20.67030542498968,0.051994301994301995,146.46536,3.124494891519163,0.22902853639956022,0,1049,0
30B9750D-9A0B-4170-A5BF-C90D2A092FE6,6596,6,192.8,1,0.055336567616737414,158,8.743177683444511,821,67,152.0,28.070164788637495,121.8745,0.0,13.567839646795955,0.0,47.19109799999996,3.3178352140631233,0.11431157428309326,0,1049,0
5F2943CA-E070-4A84-AE21-4DF654FBACE4,3308,2,13.0,1,0.1103385731559855,53,5.847944377267231,124,1026,301.0,99.05810657765814,192.8708,0.0,25.694068627756458,0.0,129.85536,-16.63729673429394,0.2031377543462606,0,1049,1
BA499951-FC9B-497B-A257-37CB581DB410,12736,4,225.0,0,0.0,0,0.0,-1,346,988.0,186.3595566368572,494.08,0.0,61.12988063022235,0.0,267.54,58.65111157301931,0.25936949120353603,0,1049,0
A0146C0A-219D-4E78-9BC2-9B62DC02D44F,12736,2,6.0,1,0.02865891959798995,5,0.14329459798994976,601,1006,309.0,61.69461851061009,165.7471,0.0,20.97927146688262,0.0,91.18652,-1.3293394527397169,0.0016604832197472518,0,1049,0
C58977FC-E817-45E6-A8A8-F3AF3EC2D644,12736,3,498.0,1,0.02865891959798995,79,2.2640546482412063,178,9,489.0,122.72414346722174,280.0,0.0,36.115479233314225,0.0,169.0,-2.7335570474686506,0.041920470291142604,0,1049,0
81149ADE-1FBF-4DEA-B7BD-33428148236F,5659,5,248.0,0,0.0,0,0.0,-1,11,145.0,44.409005916590985,595.0482,0.0,22.773055960034537,0.3224951404841845,74.0,-14.239407151158886,-0.09068689321501468,0,1049,1
3A89B0FC-9977-4FF6-A6B2-91AE0D168FD1,12736,6,153.2,5,0.14329459798994976,89,2.5506438442211055,230,237,188.0,22.914007807248403,83.0,-144.4463,9.58209584943473,0.0,34.0,-1.0988071899644538,0.033864091588789655,0,1049,0
D6F046AA-8A21-41ED-92BD-CE6AFBBDC257,12736,5,125.0,6,0.1719535175879397,45,1.2896513819095479,446,503,472.0,133.9783476104596,799.0488,0.0,40.58571431653002,0.02865891959798995,176.4221,4.119973450497184,-0.07445605951765906,0,1049,0
A96BEA97-ED58-4E41-A8CA-51A4EF1D2650,12736,7,147.5,2,0.0573178391959799,495,14.186165201005025,158,142,432.0,113.53989757834097,207.31,0.0,23.576838858712247,0.0,142.71,-6.245867485748391,-0.3616157030132957,0,1049,0
0959DAA1-AD8D-4913-9DBB-B8276F0346CB,6197,11,96.0,7,0.4122962723898661,440,25.915765693077297,260,25,259.0,112.44706336040493,331.374,0.0,34.476203023360384,0.29449733742133294,154.0239,14.892117060428404,0.04069833084788063,0,1049,0
E08256B1-31CF-4C4F-8B11-25AB5404E475,3252,3,73.0,2,0.22447724477244774,81,9.091328413284133,399,841,472.0,94.07184131211095,570.307,-9.3125,47.67072219491674,0.4489544895448955,159.7545,14.375932374617449,-0.4933893122300335,0,1049,0
3CF93F4B-5D55-4CE2-BC88-3C72DE853BE3,12736,2,117.0,1,0.02865891959798995,26,0.7451319095477387,955,871,527.0,182.374564559388,308.9905,0.0,39.938989143852055,0.0,240.4785,30.15135239277251,-0.40560187354542687,0,1049,0
4F299892-5A7B-46C9-9776-EF49E2EC385B,4595,2,1.0,0,0.0,0,0.0,-1,979,250.0,18.959899765988055,373.0,0.0,17.862770958936437,0.15886833514689883,45.0,-13.537214580802871,0.019663607304051974,0,1049,0
03305618-8601-4B76-8E80-AD1AE27609A4,2575,4,192.0,1,0.141747572815534,125,17.718446601941746,438,396,803.0,244.89247198220716,949.585,-24.46836,57.62062164898346,0.283495145631068,310.3638,-9.53743276152818,-0.10311371643412386,0,1049,1
32BA210A-70F5-4937-B0AD-C2E9FDA1C70D,12736,5,231.25,3,0.08597675879396985,17,0.48720163316582915,481,46,479.0,117.37919476979059,301.8219,0.0,41.71610581360168,0.0,168.36401999999998,-40.95807787529985,-0.25890856204312973,0,1049,0
2877D2BE-ADF5-4E02-B930-7FEAE4EAC2E3,10445,6,167.6,2,0.06988989947343226,508,17.752034466251796,568,131,479.0,56.766264604678916,222.0,-5.15977,28.281572479141502,0.0,97.0,-7.694351024432002,0.21326078208096924,0,1049,0
F4B22715-8AD5-43E3-9B1D-CEB6AA6B186B,1169,4,300.0,0,0.0,0,0.0,-1,61,603.0,125.10455237461798,490.9829,0.0,65.14877370352092,0.0,190.2497,-17.524806963352546,0.07560542889544426,0,1049,0
E4731289-4021-456C-B1C0-35471BE3887E,2209,4,40.333333333333336,2,0.33046627433227704,452,74.68537799909461,820,837,301.0,53.25792209887396,200.7087,-222.5,17.195588790986445,0.0,78.308472,-12.752457360525206,0.03023291049445669,0,1049,0
FE508FA3-95CA-46C7-8F8F-C489B7E9A41B,3571,2,1.0,3,0.30663679641556985,329,33.62783534024083,678,953,301.0,84.3558322592892,266.1736,0.0,43.91695138832858,0.0,143.6248,30.379231187084258,0.13348380666138315,0,1049,0
458C9317-2ED9-4E0D-A157-FEEB84349913,9441,11,92.6,4,0.15464463510221374,1011,39.086431522084524,274,16,739.0,92.02934296094718,377.7464,0.0,63.37883594056419,0.0,184.16052,-39.9678853585552,-0.08093856966726279,0,1049,0
8066BFEF-9678-40A1-8F55-0CDD267C2FEC,12736,5,44.75,1,0.02865891959798995,282,8.081815326633166,821,762,107.0,43.31580544898341,99.2,-2.117635,9.473292566476482,0.0,55.3,2.1902670818807835,0.21263696821277606,0,1049,0
45B4C5AF-AD77-4D6E-A306-29B600B035B0,6530,2,32.0,0,0.0,0,0.0,-1,909,251.0,61.55184276142692,115.9988,0.0,21.586794526801,0.0,88.00765,3.1618202385576453,0.18304592295839164,0,1049,0
F1CEC826-C74D-4DF2-8C04-3FC8C9379645,12736,3,265.0,0,0.0,0,0.0,-1,410,678.0,49.36068592017077,539.6312,0.0,27.524950554642768,0.0,85.0,-8.980979130047317,-0.020298859484292282,0,1049,0
48C35BFD-4DA0-43C5-92DE-4AEC3E5D6D0A,12736,2,231.0,0,0.0,0,0.0,-1,710,151.0,32.34998773591785,150.0,0.0,11.888950927945945,0.0,49.0,-6.849756254436368,0.03487496170078102,0,1049,0
3BB36FED-8F33-4EB6-A9E1-EEC15C9BE2E4,5555,3,190.0,1,0.0657065706570657,45,2.9567956795679566,13,557,266.0,99.43281666847732,1322.0,0.0,40.08373402032269,0.3942394239423942,146.47458,2.0106741991924224,0.41402424051595405,0,1049,0
59714C45-7F19-4ADF-AB64-383589441535,3942,1,0.0,0,0.0,0,0.0,-1,937,887.0,151.5209662386259,545.627,0.0,84.32368333749547,0.0,263.96371999999997,42.74488937078769,-0.6537141781616688,0,1049,0
D3BA5D04-B303-4EC7-BAC7-84B8E1F6765C,75,11,94.3,2,9.733333333333334,226,1099.8666666666668,821,63,346.0,59.53300841623631,479.1862,-0.001,46.82047828574731,4.866666666666667,127.2,-30.194881460835074,0.6297443478683897,0,1049,0
FEB0DC7B-70AE-4770-A41D-63203CDEC0D7,4561,4,95.0,2,0.16005262003946505,16,1.2804209603157204,923,750,753.0,190.66965946961224,568.3344,-30.0859,74.68491392890024,0.0,263.3458,18.98342210291861,0.03494653380827134,0,1049,0
385D0432-7208-4080-8224-C6B79E54406D,4825,6,182.4,1,0.07564766839378238,290,21.93782383419689,932,19,206.0,41.14633759703404,219.1518,0.0,19.61575689246699,0.3782383419689119,67.32805599999999,-12.294038977743917,0.030150820609855657,0,1049,0
B9E051C8-32D0-4223-A2D5-FA7E228CE28A,12736,12,77.18181818181819,2,0.0573178391959799,262,7.508636934673367,481,67,256.0,122.24770891452934,230.2,0.0,33.54699569434016,0.0,166.5,-12.677168791072532,0.22194637655302382,0,1049,0
08F51991-D070-4C61-972E-E73585D7A7C8,12736,6,179.0,4,0.1146356783919598,436,12.495288944723619,12,20,301.0,114.49742877425471,223.91,0.0,38.623825737493384,0.0,154.68399999999994,-30.287549916230034,1.4326776802577166,0,1049,0
CBDE2D9A-4FBA-476B-8A6F-3BD26AC07A7D,12736,4,336.3333333333333,2,0.0573178391959799,126,3.6110238693467336,406,18,78.0,12.117217713526951,294.0802,0.0,2.7365067653566193,0.14329459798994976,14.95495,1.858160159806383,0.017566716482337905,0,1049,0
67013822-50EA-4C0C-A499-E18A86BF8D0A,1233,1,0.0,5,1.4801297648012977,229,67.78994322789943,12,914,99.0,9.734877623777734,143.6828,0.0,6.6159993870041225,1.4801297648012977,22.237,-4.987519158438229,0.02308005420744322,0,1049,0
CEA0063D-D90E-4C37-A135-A4E0ABFEC701,12225,4,206.0,8,0.23885480572597137,367,10.957464212678936,248,289,148.0,54.12961557988559,123.6762,0.0,17.184640822325328,0.0,75.68355,2.7368055728922016,0.054249753259380896,0,1049,0
BCB99DFB-301D-47A7-BAE5-4346EE59A479,5163,2,542.0,1,0.07069533217121828,3,0.21208599651365484,27,365,400.0,134.03362681617133,4310.928,-5.565529,31.426980740496116,0.07069533217121828,170.95108,-7.849741640245412,0.07230270341205418,0,1049,0
9E00283D-2CBB-4BEF-9B06-1E66D4686550,12736,4,139.33333333333334,2,0.0573178391959799,46,1.3183103015075377,821,480,259.0,92.96924764935333,584.0,0.0,39.07499158654301,0.14329459798994976,142.2,-14.540312460850245,0.16396467551376884,0,1049,1
E019CCCA-A54F-4A7E-821E-C3590B3DA268,12736,14,63.84615384615385,1,0.02865891959798995,15,0.42988379396984927,983,57,887.0,93.78648160056217,455.0,0.0,64.42261826182816,0.0,179.0,48.13087951054895,-0.6444964055920823,0,1049,0
71A4FDF8-3D80-481F-AFF5-B7489AA6400B,5191,5,183.75,0,0.0,0,0.0,-1,158,256.0,104.57248972856605,243.4782,-16.89596,43.02903809683844,0.0,159.27612,7.828786388717887,0.045999852272464774,0,1049,0
DD28E303-2043-4765-9DBC-00AB4836A5FF,7132,3,59.5,2,0.10235558048233315,114,5.834268087492989,391,770,271.0,69.65346868021904,128.7,0.0,18.995919428998516,0.0,93.3,-3.763337507379518,0.173125368701156,0,1049,0
C3066597-CB16-4B8F-BBAB-4EF7BDCFF6FC,5265,8,125.42857142857143,5,0.3466286799620133,2133,147.87179487179486,355,10,489.0,73.69714923730668,348.0,0.0,42.28324732708545,0.0,127.0,20.587881626890862,-0.9612169769474479,0,1049,1
4A139140-8535-4803-9239-67A5E2757A68,4753,5,110.25,2,0.15358720807910792,240,18.430464969492952,120,467,232.0,71.63290888021638,198.6288,-8.400001,27.11574037787783,0.0,108.21921999999999,-5.600709287237976,-0.3369377118776884,0,1049,0
0BF3CDD0-DF96-496B-9134-F2849E801EBF,5432,7,71.0,1,0.06719440353460972,305,20.494293078055964,821,453,284.0,122.31996327928299,250.3086,0.0,29.100742708560443,0.0,158.30265999999997,0.17797159648861793,0.26017531573102964,0,1049,1
81E7573E-370D-41FF-94AD-2CF63FD8095E,3350,3,69.0,0,0.0,0,0.0,-1,741,450.0,108.33015152502868,192.98,0.0,22.274387256826383,0.0,139.0,6.698017456452789,0.04262091056040921,0,1049,0
B67A6759-A83E-488C-8696-4C5E87CD94E1,2028,4,163.33333333333334,2,0.3599605522682446,531,95.56952662721893,262,375,1039.0,51.964340760931925,417.5107,0.0,35.54819303720329,0.0,108.00085999999996,14.146930779885984,0.014949003907427687,0,1049,1
702BC098-B23F-4DB2-8277-D6F642CA8B28,12736,4,166.33333333333334,4,0.1146356783919598,407,11.66418027638191,126,440,314.0,34.69309045990308,109.9,-57.49477,17.075484489275773,0.0,58.2,-5.5052355216314695,-0.40237545330246394,0,1049,0
AE54E534-A74D-46DC-8F22-8C0F7C94B5F6,3340,4,269.3333333333333,1,0.10928143712574852,360,39.34131736526946,821,137,301.0,66.71157366567382,264.1913,0.0,43.390896065263306,0.0,136.45997999999997,6.024538412489747,0.06884359757730847,0,1049,0
D929BBFD-057B-4A77-B3AE-032C4BCE5DCA,12736,6,135.0,0,0.0,0,0.0,-1,172,452.0,169.428203909922,339.0,-214.6522,55.174951864900265,0.0,235.0,-16.20004032967509,-0.10712199265585112,0,1049,0
582A4AA7-2C97-4452-8B75-B9B6B7DD2790,12736,12,58.18181818181818,1,0.02865891959798995,71,2.0347832914572863,560,233,251.0,105.07999145294238,239.5,-127.6779,47.39239046085608,0.0,164.9,16.800116571748987,0.30927847745252907,0,1049,0
52732ACA-3F3D-41EB-A1C3-5E7DB087D478,12736,7,103.83333333333333,0,0.0,0,0.0,-1,218,203.0,46.094135117039116,115.0,0.0,21.64679796704285,0.0,76.0,-7.393903635557635,0.17464416045873749,0,1049,0
30A963E2-56DC-4C6F-85FE-19F9FD54A91D,3576,5,171.0,0,0.0,0,0.0,-1,148,452.0,41.116667595610124,185.661,-10.81999,30.09079156017246,0.0,82.843312,9.029093704775683,-0.16151858082593606,0,1049,0
68EEE1C6-80EB-449A-855A-A3EB182BEC07,2380,5,201.25,15,2.3004201680672267,740,113.48739495798318,89,235,452.0,116.91414870502561,430.0,0.0,41.8047765740193,0.0,175.0,-12.405428166445347,-0.20092998138898996,0,1049,0
FCEE839F-3F98-48A6-98A7-8D6BB1B743CA,12736,7,84.83333333333333,1,0.02865891959798995,187,5.359217964824121,821,418,269.0,66.94023275537464,533.8332,0.0,23.42402208584312,0.1719535175879397,89.273702,8.535450879656224,0.0957579005769343,0,1049,0
3332C3FD-EFD6-4F55-B9DF-F37C156D5C58,12736,5,84.0,1,0.02865891959798995,404,11.57820351758794,855,526,753.0,162.96181034762378,415.7583,-40.73291,84.75643042355127,0.0,249.3724,33.52796142706757,0.03743095489250377,0,1049,0
DEDF2C8D-203D-46B8-AA25-2DC6F0A3ED75,5206,2,1.0,0,0.0,0,0.0,-1,811,490.0,104.33590003062042,295.363,0.0,42.17942595059687,0.0,161.35472,-16.058941903459925,0.20031560337276771,0,1049,0
F88C8391-493F-46C4-ACA6-90849D55A536,12736,1,0.0,3,0.08597675879396985,2325,66.63198806532664,576,1041,339.0,77.02110054008367,179.3701,-30.61992,20.21528420914885,0.0,103.5278,-0.8899469405466363,0.017720051694126094,0,1049,0
703A4E81-90DE-4C1A-A628-96004C4CDBC5,3350,4,165.33333333333334,1,0.10895522388059702,266,28.982089552238804,821,536,301.0,81.56156304069685,127.6,0.0,10.86585413962701,0.0,95.6,-1.2589935962524095,0.09554155634204181,0,1049,0
134082F5-20EE-4BF6-BF65-99DD9D94FF79,4816,3,175.0,1,0.07578903654485049,16,1.2126245847176078,95,669,377.0,105.41108745607339,233.6672,0.0,39.185947806447196,0.0,147.72747999999999,-17.638809076675244,0.1836661657274587,0,1049,0
891C53D5-3FCA-44CD-AA86-AB4177A748C4,2417,3,465.0,8,1.2081092263136117,177,26.729416632188663,42,88,159.0,26.321352928088764,72.52126,0.0,9.635475173076294,0.0,39.29709,-0.23595821528552108,0.030510480658305694,0,1049,0
5F9C4547-A81F-43B4-83D1-13C75F9A5B82,1067,2,573.0,2,0.6841611996251172,10029,3430.7263355201503,412,444,301.0,72.23629273455884,170.9804,0.0,21.801708895400356,0.0,100.56284,-3.8917598796205795,0.2256320642591346,0,1049,0
596E0C13-45F2-4528-82B0-67DE8C99E9D5,9695,2,796.0,3,0.11294481691593605,309,11.633316142341414,152,208,271.0,50.174951878936945,234.7766,-82.45698,15.837477011419315,0.0,77.63672,-3.4015518789369494,-4.663708555906961e-14,0,1049,0
AFFD3861-8CE7-4386-B3CA-B427D9CB71FD,8448,4,326.6666666666667,0,0.0,0,0.0,-1,21,251.0,71.32022840348034,122.0282,0.0,13.271338098286282,0.0,89.22678,-8.575541065517378,0.062131810594986146,0,1049,0
7D4391B2-5728-488A-9F43-F11A6A98C583,2676,3,422.0,0,0.0,0,0.0,-1,155,452.0,67.03897941357799,319.56,-266.6347,37.63954439098621,0.0,119.97,-8.845795771602681,-0.1672203427035516,0,1049,0
ECF72A82-D21D-4399-8DA5-9C3CF153E3C1,1079,2,937.0,9,3.0444856348470806,765330,258892.91010194624,125,46,451.0,36.19537830885599,540.1393,0.0,40.90042235171046,1.691380908248378,100.2007,29.642799933427966,0.0935474792109082,0,1049,0
CCB80281-C883-469C-AD11-C4D27D11A485,12736,6,174.2,0,0.0,0,0.0,-1,104,1083.0,268.1789033126877,2000.527,-98.87186,123.92146280387178,0.1146356783919598,421.4172,-96.74234062295002,4.818280527020929,0,1049,0
A72CBAE4-05E9-4164-B9DA-AA5FF0A39B10,8284,2,35.0,0,0.0,0,0.0,-1,976,825.0,297.81482929816303,2176.88,0.0,113.71180617603653,0.1762433606953163,451.54,114.55479409689866,-0.5818061294151252,0,1049,0
D26CB470-C959-4C4A-82B4-09BA54EE72E6,12736,8,104.28571428571429,4,0.1146356783919598,254,7.279365577889448,387,249,266.0,148.06222662697965,235.5,-26.8,22.389804962595203,0.0,174.8,-4.586817676362358,0.28167760194432706,0,1049,0
3E4F934A-22F9-4600-8BB4-8AA3E9C087FB,12736,6,178.2,3,0.08597675879396985,17,0.48720163316582915,322,79,489.0,55.83338077597831,251.0,-5.003362,24.169170107154716,0.0,89.0,-2.503133862398066,-0.09448114307670168,0,1049,0
02BA5F51-59B4-4241-A510-5A266306282B,12736,3,305.0,5,0.14329459798994976,571,16.364243090452263,675,358,104.0,15.374019413306199,62.5,-125.2329,7.107080304993601,0.0,24.4751,1.4696396115394794,0.026047479698210037,0,1049,0
85FB3038-427D-4E5A-9C5C-56E9B64A6AC4,1976,2,335.0,1,0.1847165991902834,87,16.070344129554655,539,627,1662.0,329.1551602566839,727.0,0.0,123.16278378411536,0.0,477.0,-65.3423516147086,0.886752937033625,0,1049,0
A0FE2471-47AB-42E3-A823-0B978173C4D6,3021,5,200.75,2,0.24164184045018205,615,74.30486593843098,36,206,451.0,72.34773663042553,226.9861,0.0,60.967725888477716,0.0,184.20973999999998,-32.0775970890675,-0.057911430712909155,0,1049,0
E84D8F35-5DED-432C-872B-BB6B793DA00D,7963,2,12.0,1,0.045836996106994855,87,3.9878186613085522,304,946,693.0,140.19192694977758,395.52,0.0,55.033489336882596,0.0,219.168,28.97948045762982,-0.6210846112690703,0,1049,0
3D628AD5-874B-4E64-A57D-D1C6EDB91862,12736,6,189.6,2,0.0573178391959799,21,0.601837311557789,386,8,377.0,128.65053881174165,309.1003,0.0,33.58435181350425,0.0,172.7875,-9.064168348470034,-0.014465977935662169,0,1049,0
F1B45926-7AE0-4CA1-B40A-C46260188C67,1531,2,0.0,0,0.0,0,0.0,-1,956,452.0,94.98278405549995,353.0,-10.97358,42.7377612852733,0.0,153.0,-13.701765536981426,-0.12568664169795796,0,1049,0
B0DFA93B-E5B3-4A08-B1BB-431B7C523AF7,12736,5,224.75,3,0.08597675879396985,291,8.339745603015075,73,48,259.0,64.8626010431099,233.2703,0.0,20.148848172812514,0.0,91.69,-13.998714314714846,0.013761075898668814,0,1049,1
65E5D0F8-52B5-4A98-A61C-E26A92BA8A86,12736,14,57.15384615384615,4,0.1146356783919598,130,3.725659547738694,267,198,276.0,59.77080505138318,267.5386,0.0,35.81925719587378,0.0,104.0428,-0.46960673433071065,-0.2059649434700532,0,1049,0
BF8835C5-990C-426F-B526-B722CDC26D5F,2461,3,430.0,2,0.29662738724095894,134,19.87403494514425,393,82,452.0,110.4452327027915,187.4053,0.01310423,19.31226583186766,0.0,134.78204,-4.844095234617896,0.18806991483460858,0,1049,0
8D099868-8322-4ED7-B0AC-732C59DF4466,12736,9,110.125,3,0.08597675879396985,530,15.189227386934673,499,60,100.0,25.321015998607866,71.3,0.0,7.433095798117403,0.0,34.1,1.4011059175186737,0.11029537829582524,0,1049,0
D5FE6817-1890-46E9-A1C2-E36AEC24D09E,6340,5,131.5,1,0.057570977917981075,1,0.057570977917981075,957,411,775.0,163.94763379178903,457.2,0.0,49.239953729741416,0.0,230.4,-23.172170409072976,-0.03952853883094602,0,1049,0
D232FB56-3008-4BE3-AE13-006A8B011A04,12736,5,193.5,0,0.0,0,0.0,-1,134,452.0,144.0545544504034,305.7999,0.0,35.86636281268466,0.0,187.0651,-8.74903874207007,0.01193629103717182,0,1049,0
A6575B86-32B9-4A08-A709-A89581E4E58C,8728,12,81.54545454545455,1,0.04181943171402383,19,0.7945692025664528,1036,7,470.0,141.5967191871234,349.1821,0.0,65.06752221627887,0.0,221.7407,-20.931727038203647,0.45027293926138134,0,1049,0
FAD5955E-330A-4F2B-BA3C-AF46A7EB9141,2933,3,146.5,1,0.12444595976815546,23,2.8622570746675757,821,611,301.0,0.6057268710673794,5.451586,0.0,0.3747970720403051,0.0,1.1584104,-0.30245229336344426,-0.00012062321584593615,0,1049,0
FCF47850-2BD4-43B9-A61B-74F4F893419D,1364,3,163.5,1,0.26759530791788855,48,12.84457478005865,721,572,887.0,84.89367990420757,295.5011,0.0,51.81791429552582,0.0,155.72177999999997,-14.228990490627325,-0.33633647426074037,0,1049,0
621D22C0-464B-4623-A92C-4F152A8DB7B9,1614,4,151.33333333333334,0,0.0,0,0.0,-1,445,887.0,84.65389261264727,296.2057,0.0,51.77159558456758,0.0,155.42628,-14.246570677462088,-0.3364793580358221,0,1049,0
60DE7DBA-7A39-48ED-8C19-37BA7939D964,5093,2,511.0,3,0.21500098173964266,441,31.605144315727472,87,389,129.0,7.009473174806261,933.0,0.0,13.146876061529703,0.3583349695660711,28.0,12.26012559062584,0.13909787673831422,0,1049,0
47A5FFAD-993D-4B88-8A5D-8860C7C5D531,3413,3,72.5,1,0.10694403750366246,8,0.8555523000292997,727,753,734.0,157.59812713238495,394.5086,0.0,47.48485788456911,0.0,216.43108,4.5931251893743195,0.003559701842893952,0,1049,0
BD438B48-65EE-42A9-8504-2CA87CE3D9BA,8284,3,224.0,1,0.04406084017382907,5,0.22030420086914534,525,525,825.0,286.3754531624759,702.64,0.0,110.88748605531617,0.0,463.01,127.50992029431421,-0.47560807347084544,0,1049,0
A8A5245D-E7DA-429A-B6C0-0C8B76505476,12736,3,234.0,3,0.08597675879396985,167,4.786039572864322,387,417,266.0,150.10742374724057,237.6,0.0,21.98621383872079,0.0,176.8,-4.340425290450469,0.28918826855611596,0,1049,0
D61AD443-F61E-4E59-A4AC-C0A5AF47F6E9,4715,7,89.33333333333333,4,0.30965005302226933,684,52.950159066808055,604,342,1524.0,430.6090917538963,804.0,0.0,54.82046410748866,0.0,498.0,-11.522054670562966,0.1780528447952507,0,1049,0
B974679A-1ECF-4E81-BA23-1882B09D8C39,9546,4,161.0,4,0.15294364131573435,59339,2268.88068300859,359,392,395.0,148.91259197390374,589.0604,0.0,61.41211117091429,0.03823591032893359,210.1583,9.676808117145669,0.08127328888096826,0,1049,0
8ECEA5F6-88CB-472C-986C-087ECC5B0128,12736,2,114.0,2,0.0573178391959799,767120,21984.83040201005,476,874,555.0,78.24804171485015,272.2656,0.0,76.8382502631548,0.0,169.1406,-78.24804171485015,0.0,0,1049,0
015D38B7-1E72-4215-89EE-60DA1BE3D511,4757,3,218.0,3,0.23018709270548665,32,2.4553289888585246,373,419,225.999,37.34936776006152,111.6028,0.0,15.206012750886106,0.0,57.00073,0.8298829649384842,-0.01793206702408748,0,1049,1
0B5AD3F1-F959-45DA-9F0A-ABB53C99CAF5,12736,2,34.0,1,0.02865891959798995,5,0.14329459798994976,545,822,412.0,88.34505230956532,282.23,-6.86,35.256234402343445,0.0,136.27,2.2486838015457806,0.4565532553172324,0,1049,0
2890FA10-3AB3-494A-9979-3EBA965EFC67,5082,6,140.4,0,0.0,0,0.0,-1,140,188.0,39.70946243289563,99.82724,0.0,18.82262021086387,0.0,65.672446,-6.329598547872479,0.15113758782686063,0,1049,0
62DD5160-6FC9-4DDE-ADEE-2D5C01D717D4,10004,10,71.44444444444444,1,0.036485405837664936,24,0.8756497401039585,1028,218,479.0,59.25485425629943,232.0,0.0,19.933214264772683,0.0,86.0,-13.659638206916718,-0.01348909101722565,0,1049,1
C383D645-F93C-45E1-A259-52EE6554D9C3,12736,4,222.33333333333334,0,0.0,0,0.0,-1,169,489.0,79.88386062434122,234.9138,0.0,25.92964927776167,0.0,111.0,-2.349678525575797,0.4512841663121997,0,1049,0
54742AD1-B566-4347-81B8-8A0D98593C11,12736,6,78.0,1,0.02865891959798995,329,9.428784547738694,821,446,693.0,243.0386676566322,394.6,0.0,31.121287448835165,0.0,277.7,-18.898127533175398,0.2278943330907556,0,1049,0
951EF7D8-8780-48A6-98B0-90BC0148854F,8201,6,161.0,7,0.31154737227167417,441,19.627484453115475,64,25,245.0,86.49747888623573,227.1,-31.51968,33.69782249396441,0.0,133.3,1.8563181816655003,0.4107812389960582,0,1049,0
353B1324-0EB2-4EDB-BB3A-B5C518F87B68,4314,3,184.0,2,0.16921650440426517,309,26.14394993045897,264,460,452.0,131.4298181376793,266.0704,-62.73737,41.38256392237923,0.0,188.35114,-30.492768874562003,0.19143896048600414,0,1049,0
E982614A-95D5-40B5-9990-9989ECF9F50C,8447,4,160.0,2,0.08642121463241387,70,3.0247425121344853,412,346,269.0,75.7452146617765,479.926,0.0,18.72133704827856,0.21605303658103467,100.60622,-1.5088332543690939,0.23358207112097318,0,1049,0
DD549033-7750-4EC7-B238-D207A907376E,12736,14,61.38461538461539,8,0.2292713567839196,409,11.721498115577889,279,20,159.0,40.26724388531111,135.6324,-25.27,13.470726294003972,0.0,55.837924,2.108627944105095,0.024503720970680397,0,1049,0
C87E7066-6AF7-4E62-80CE-BBDC10C985C2,2153,2,195.0,0,0.0,0,0.0,-1,628,250.0,59.042355675107885,237.9838,-72.89876,23.12459327933392,0.0,89.60001,-6.284758614536891,-0.10943715578123403,0,1049,0
D89AE226-4A70-4E95-8F42-9ABB15BED2BD,9166,7,159.83333333333334,2,0.0796421557931486,168,6.689941086624482,669,81,693.0,232.52689582290003,433.0719,0.0,63.449167620942774,0.0,310.34914,-14.990658579072857,0.2871325339637541,0,1049,0
43310AF9-A91A-4A1E-B1EA-3AB22FD0600A,1218,3,196.0,2,0.5993431855500821,166,49.745484400656814,411,648,226.0,35.93539082192553,162.3192,-53.42881,21.86173360603837,0.0,65.19909,16.92738214273497,-0.20673365170122915,0,1049,0
71325C08-995D-45AA-B1B6-858700B36BD8,9727,2,17.0,3,0.11257324971728179,2772,104.01768273876837,664,1023,1270.0,323.1198569868145,719.64,0.0,112.19085145397023,0.0,459.85,49.15151492676574,-0.4814448971756169,0,1049,0
DCB79EDB-51DA-42CC-8D88-BAFDB7C9D1F2,10035,5,209.0,1,0.036372695565520675,29,1.0548081714000996,846,201,407.0,47.68377606171646,189.8231,0.0,33.365149483258506,0.0,94.15858399999999,-18.495597919332198,-0.030764560777543123,0,1049,0
70D97D06-EEDB-4620-AACA-3C3774C72A47,2132,3,174.5,4,0.6848030018761726,420,71.90431519699811,406,656,451.8,57.41707486543319,205.4536,0.0,22.34300452609647,0.0,88.44317,18.290300777390883,-0.1337448445121481,0,1049,0
D0F53A9B-B47B-4FCD-BEE4-D44CEA55CEDA,1806,3,328.0,0,0.0,0,0.0,-1,345,753.0,0.48105131679118573,239.9767,0.0,9.587426815779239,0.0,0.0,-0.48105131679118573,0.0,0,1049,0
1C0E435A-C134-4347-89B4-E66983185C67,12736,2,183.0,0,0.0,0,0.0,-1,798,518.0,73.47273320952354,207.0313,0.0,34.41258797732015,0.0,121.4844,39.703239937081406,0.253101718393346,0,1049,0
B6565142-0266-48A2-8635-79C0D8A9A75A,4595,2,0.0,0,0.0,0,0.0,-1,981,250.0,19.051051064993004,105.0,0.0,17.85060451320981,0.0,45.0,-13.851282546474486,0.022580805586419665,0,1049,0
7DEE2F6C-25B1-4C45-9165-277335D80FDB,5894,5,241.75,1,0.06192738378011537,22,1.3624024431625381,475,13,377.0,43.17618749408341,177.0,0.0,30.561202590934226,0.0,87.0,-16.08266897556489,0.018068074247826842,0,1049,0
7C2EE4F9-48BD-4695-AE5C-745084D36E91,12736,2,63.0,3,0.08597675879396985,182,5.215923366834171,952,977,101.0,0.7572238187103488,86.70906,0.0,5.764606199594895,0.0,0.0,-0.7572238187103488,0.0,0,1049,0
A467E6AC-6954-4289-B08E-5203E6AED0A9,1532,1,0.0,1,0.23825065274151436,112,26.684073107049606,112,977,301.0,45.990863411347384,112.9607,0.02827294,15.221138734451756,0.0,65.522392,-6.441586007057261,0.11008738900088406,0,1049,0
4641D0B3-55D2-4610-8CA9-64F5108FBD2A,515,9,110.125,1,0.7087378640776698,63,44.6504854368932,5,128,678.0,143.35791399474303,383.0,0.0,60.55559256209691,0.0,218.8477,-28.7095343651134,-0.06379062572894095,0,1049,0
EABA266E-5971-4319-B289-76B58959B272,4590,1,0.0,0,0.0,0,0.0,-1,970,99999.0,197.9183807875529,646.422,-17.73434,134.72945814304543,0.0,393.323,63.75198232973099,0.25054430519518633,0,1049,0
645D282B-61B4-4513-B5F7-D2A9D16695E7,6848,3,126.0,0,0.0,0,0.0,-1,710,489.0,127.54299484411357,251.0,0.0,30.026836042325563,0.0,168.0,-0.9432263255950488,0.02887364923869704,0,1049,0
EDAE9693-FF75-41C4-A9F9-1EC775DCAC2C,12736,7,90.5,7,0.20061243718592967,313,8.970241834170855,391,411,269.0,65.53887515167024,116.8,0.0,18.379446094500913,0.0,88.3,-3.503250151670244,0.16975444499315662,0,1049,1
54DF2AC2-08E8-4796-9F51-0AE512D10818,12736,5,137.75,5,0.14329459798994976,413,11.83613379396985,73,398,259.0,64.58690141955095,233.9981,0.0,19.687229576982848,0.0,90.8,-13.463136486834905,0.06272687433435095,0,1049,1
886124C7-24B2-407F-AFE9-3E8C5C2B6FBA,3323,3,94.5,0,0.0,0,0.0,-1,754,452.0,70.8857103839294,237.7979,-3.7,35.212526597675065,0.0,118.90429999999999,-4.927923813173237,-0.023987081010009514,0,1049,1
E7B3BDAE-CD94-4E23-9BDA-CB3572944E67,3378,2,20.0,1,0.10805210183540558,62,6.699230313795145,106,921,451.0,134.3248176833747,270.0,0.04254523,18.977169221026912,0.0,158.56284000000002,-2.6518056478808774,0.2545721224372683,0,1049,0
2D0CC930-23BF-467A-994D-7E1B7264918D,12736,4,275.6666666666667,0,0.0,0,0.0,-1,128,265.0,56.85660691157729,160.4732,-3.172758,27.18629832224398,0.0,90.62526399999997,-5.035862000929136,-0.0007419369077846886,0,1049,0
3BCC6676-AA3F-4F9F-A889-E02D04919D2C,12736,4,251.66666666666666,2,0.0573178391959799,20,0.573178391959799,177,179,226.0,37.061724081991024,170.0,-0.5851979,19.220147648254045,0.0,58.0,-10.645983341250282,-0.09187508288634712,0,1049,0
9E962D84-5185-4D44-BE32-7738296BE4CD,12736,4,248.66666666666666,3,0.08597675879396985,280,8.024497487437186,199,188,452.0,147.00487962273036,949.8596,-165.315,36.65574538460135,0.02865891959798995,190.78003999999999,-8.834390246187155,0.011522990405632587,0,1049,0
B372A68C-1DA1-4CC9-8D63-0DF99DDCEBE9,7220,6,183.4,1,0.05055401662049862,375,18.957756232686982,179,13,377.0,107.53030503736237,246.0,-29.4,35.98077791581325,0.0,152.7,-29.186646694769777,-1.0583408899853992,0,1049,0
2FC0AB13-853C-4DE0-9B92-83F046AB2B4A,4472,5,205.5,1,0.08161896243291591,8,0.6529516994633273,926,101,792.0,119.17613343274975,436.0,-35.98437,76.47983243873904,0.0,228.0,-35.8538340500337,-0.40615330882194983,0,1049,0
7385215F-E55C-47DD-BD9F-64A206D48BEE,7003,6,156.8,0,0.0,0,0.0,-1,138,400.0,91.04806004295745,271.0,0.0,47.90552091110225,0.0,156.0,-26.743430413327815,0.023433277084900648,0,1049,0
6865C41D-68D9-4AF3-9CFC-4C8AE008CBC1,12736,3,214.0,2,0.0573178391959799,46,1.3183103015075377,228,493,407.0,105.94934112966119,271.02,0.0,25.38482025988641,0.0,134.36399999999995,2.5481627283634936,0.08642893098360493,0,1049,0
ED71725D-711F-4F01-89D3-49238120657A,-25,7,136.33333333333334,2,0.0,1188,0.0,430,100,452.0,92.84989001720747,451.0,0.0,38.98041365737266,0.0,135.2697,-92.84072983915809,-0.0001897730395019222,0,1049,1
D9737CB8-54FC-46DE-B36C-566B76A43BB9,6591,4,268.3333333333333,9,0.4984069185252617,251,13.90001517220452,100,100,235.999,63.27958255786128,169.0796,-54.6628,28.41301852861028,0.0,90.36255,10.14547726389798,-0.0014599241533706014,0,1049,0
914F6355-1212-4395-BE0E-55712F524310,5093,2,608.0,4,0.2866679756528569,464,33.2534851757314,87,291,258.0,53.3965594688658,109.0,0.0,13.116175914750697,0.0,71.0,6.381912753356417,-0.08587760034395467,0,1049,0
3F471218-FD78-4A69-953A-233ABD829ADD,8290,10,92.0,2,0.08805790108564535,236,10.390832328106152,221,67,450.0,48.77940845266661,224.0,-0.2520762,35.58791065070068,0.0,105.0,-0.2612757366172289,0.3059789617373546,0,1049,0
7ABA0B82-836C-4A75-9624-9AE7E4F89BB3,4976,2,751.0,0,0.0,0,0.0,-1,147,682.0,181.51003237608174,290.7283,0.1995625,39.3304470840833,0.0,231.94516,6.273256349226926,-0.04847696231835125,0,1049,0
1664D711-FBFE-4BAB-8601-ECE56ED1692B,1062,2,219.0,4,1.3747645951035783,238,81.7984934086629,820,676,602.0,15.943124569597007,235.7021,0.0,19.642623858567763,0.0,45.0,-14.70392703873281,0.03308604628829368,0,1049,0
D3F9E81D-17B1-4532-B2B4-E50459C020DD,5462,1,0.0,6,0.4009520322226291,111,7.417612596118638,30,894,979.0,279.1161405531105,563.3571,0.0,96.94369874763402,0.0,411.80866000000003,21.349313471199196,-0.14298631871153702,0,1049,0
17B966C6-8880-4C40-86FC-17FBAEF9AC4E,12736,3,233.5,0,0.0,0,0.0,-1,425,301.0,48.62703671673948,185.0,0.0,27.947100945515814,0.0,88.0,-9.111990420443185,0.003962823485257963,0,1049,1
7B2D3C96-43B6-4FA0-AB85-1112EC3265F7,10273,5,192.0,0,0.0,0,0.0,-1,106,452.0,103.90267781261808,229.0,-2.952,29.917695425636655,0.0,143.0,-2.6141747261983284,0.32907977893924617,0,1049,0
A0DA4AB1-4E3D-4A00-B35F-D803557F15D7,12736,4,274.3333333333333,2,0.0573178391959799,7,0.20061243718592967,472,49,120.0,59.150057956074704,139.6385,-4.1,14.701095453532199,0.2579302763819096,78.0,-6.699054869654951,0.15752144754949104,1,1049,0
575027EE-0D74-43BC-94A0-E3B64141152E,2087,4,197.0,1,0.17489218974604695,492,86.0469573550551,821,277,1039.0,51.67741251513719,537.9292,0.0,35.48372146695692,0.0,107.21184,13.967855344199222,0.009805202206027857,0,1049,0
2A44B059-4961-4BFB-AE93-36214ECB6718,12736,3,402.0,3,0.08597675879396985,217,6.21898555276382,418,60,452.0,135.11315007776224,350.6214,0.0,66.33618998063923,0.0,197.03668,21.222633417608137,0.09148848149276916,0,1049,0
CAC86566-186F-445F-8D6B-5F9C9B7998E7,2325,2,1.0,0,0.0,0,0.0,-1,848,1039.0,288.76683219871785,497.5063,-11.95917,63.462622009468824,0.0,374.4715,-44.49526918945858,0.47625183131869153,0,1049,1
C51C6412-E1C8-4148-B4A4-D305B89E7C77,954,2,257.0,20,7.651991614255765,23412,8957.421383647797,8,572,301.0,48.55367581834574,137.5312,0.0,27.23386717761992,0.0,79.5784,24.664099425481425,0.10747611243608203,0,1049,1
BF7DF309-F8B5-42A8-80DF-F33F7B3F23CC,12736,5,189.0,2,0.0573178391959799,11,0.31524811557788945,484,85,452.0,83.96399636718,258.75,0.0,35.66757699881963,0.0,131.53,3.1578956081286407,0.47060060112581853,0,1049,0
8882E55D-02C6-4912-AA59-6B172B7CE495,839,1,0.0,0,0.0,0,0.0,-1,826,301.0,60.18002296627553,244.6236,0.0,36.519991214940276,0.0,102.75918,20.336864281949786,-0.12299025344512447,0,981,0
9504E535-EA35-4A77-B780-C91CFFF034B3,839,3,405.5,1,0.435041716328963,71,30.887961859356373,738,14,301.0,56.00720768634775,243.6725,0.0,38.143154493220294,0.0,101.52714,23.869849215897624,-0.13845553794165968,0,1049,0
25AA28D4-530C-487E-B23A-4B36DA7B0D2F,12736,5,70.5,1,0.02865891959798995,198,5.67446608040201,825,542,138.0,41.216074876470856,969.3001,0.0,14.331817027335788,0.40122487437185933,58.218786,-5.41412166165604,0.04754986911515316,0,1049,0
BFB1CBA4-5945-4727-B97F-86C77ADF2661,12736,4,167.66666666666666,6,0.1719535175879397,567,16.249607412060303,46,305,226.0,38.16961766823736,101.2207,0.0,15.668019239330132,0.0,57.00073,-18.259094861138593,-0.5411512329101397,0,1049,0
8CF2A5DF-7CF3-4B04-A284-8BC476C4F5D1,2822,4,116.66666666666667,1,0.1293408929836995,353,45.65733522324592,821,508,151.0,10.877526260483137,29.4,-1.9725520000000002e-33,4.136101807884102,0.0,15.68,1.6111218876650124,0.015816607445809365,0,1049,0
7838F992-B6AE-49F6-9D65-1643965275CA,12736,4,251.33333333333334,2,0.0573178391959799,242,6.935458542713568,821,46,324.0,70.04018298631215,519.9437,-9.187823,27.471530678009803,0.0573178391959799,98.78931,-39.086751775800884,-0.7320632705070449,0,1049,0
D09194E5-090B-4E02-B4F1-DF1660B32E3C,7809,8,124.14285714285714,3,0.14022281982328083,137,6.4035087719298245,21,143,1082.0,322.8476695631998,616.7908,0.0,93.70724096069446,0.0,445.2209,10.347310243898903,-0.8275417409160224,0,1049,0
6939EDE7-AB90-483E-9569-5D300FB6F6C9,3468,2,264.0,2,0.21049596309111882,41,4.315167243367935,669,748,250.0,39.437638217202995,238.0,0.0,17.43672196297788,0.0,62.696706,8.202125460266146,-0.12286310946486927,0,1049,0
8EC1309B-7A39-4510-B425-A85B6984B741,2461,2,14.0,2,0.29662738724095894,148,21.950426655830963,393,1005,452.0,110.76987391237009,492.4323,0.03612974,19.517073504297187,0.7415684681023974,135.32128,-4.425160856814529,0.16379022042835206,0,1049,0
9BDE514B-020F-404D-8A35-FB43737D32D8,3091,4,140.0,0,0.0,0,0.0,-1,579,301.0,72.26161567660543,873.3192,-1.257899,41.12421640366396,0.5904238110643805,129.3985,52.021923959968646,0.5386932450444472,0,1049,0
B15C85AF-347A-4C23-A1B0-16BF49F6793A,3553,2,251.0,1,0.10273008725021109,61,6.266535322262876,554,735,452.0,121.00676406620082,1224.082,0.01196694,26.850042553838154,0.41092034900084434,154.61425999999997,-13.323956724379826,0.4354113254064588,0,1049,0
46935390-998D-4ADB-9EE1-8F805F665B29,10095,2,930.0,3,0.10846953937592868,45,1.6270430906389302,339,53,800.0,298.23959717932735,599.6461,-117.326,68.30676526853502,0.0,384.00608,-6.37096227191995,-0.22519237403594933,0,1049,0
D94FC0EA-7ECE-4263-83D7-C903DE84DEFF,10111,6,174.4,5,0.18049648897240628,266,9.602413213332014,91,105,497.0,90.1234893633947,316.43,0.0,55.646653980945494,0.0,172.7,-16.68942146216014,0.0013292679022314507,0,1049,0
6C12752C-D69D-4470-A654-CD97E112AACD,12736,3,340.5,0,0.0,0,0.0,-1,287,188.0,28.83680614291302,237.84,0.0,14.78157879023385,0.14329459798994976,48.0,-5.805016019456229,-0.013692591220703128,0,1049,0
0499D104-91A5-4C2C-ADB9-93B751EA04E4,9727,5,221.25,0,0.0,0,0.0,-1,82,151.0,22.539574617082206,80.0,0.0,9.808832030822405,0.0,33.0,-2.4536949874525753,-0.034079367365904334,0,1049,0
FF463EF6-C8E2-43F3-86C4-604A6B5F27BF,12736,12,88.54545454545455,2,0.0573178391959799,81,2.321372487437186,821,41,266.0,116.20407558652145,276.3,0.0,24.567377183537804,0.02865891959798995,146.8,0.06666515421926533,0.3462268661424996,0,1049,0
5857F116-46F2-4144-9266-187B3561C77B,4675,2,404.0,1,0.07807486631016043,216,16.86417112299465,821,551,86.0,28.890449080260133,73.5,-12.30628,8.424211845716497,0.0,40.0,-2.7935355000132205,0.07543775408941719,0,1049,0
2073F33A-AC6F-4451-B6CD-5BC5966B1EA1,1794,3,116.0,2,0.40691192865105913,314,63.88517279821628,821,719,1247.0,538.4457872589909,727.0559,0.0,73.28480836945917,0.0,631.69388,44.27685968545359,0.19602650746721484,0,1049,0
57C3CF66-E30C-416B-821B-51ACB8B43448,6923,4,272.6666666666667,0,0.0,0,0.0,-1,126,1126.0,231.46500427088375,810.0585,0.0,132.97132724921187,0.0,421.8749,102.55007524763477,0.024740767944280862,0,1049,0
08B439BD-C31C-45E1-BF75-FB72C43AC8EE,3291,2,1.0,2,0.22181707687632937,44,4.879975691279246,706,941,151.0,35.60787281152426,87.27,0.0,13.865997265016855,0.0,55.07,4.365336293414018,-0.05405437628335028,0,1049,0
573F935A-5A4F-4D09-9A77-9626B32FBB6D,12736,4,278.0,1,0.02865891959798995,24,0.6878140703517588,929,104,221.0,64.1136141306821,321.387,0.0,27.373471022757286,0.0573178391959799,95.215506,-11.541991356299384,-0.0005394270533444557,0,1049,0
FE9D18AC-FF6F-406E-88E0-9D258741BB1D,4722,3,159.0,3,0.23189326556543838,154,11.903854299025836,636,620,693.0,163.7102854840335,315.3061,-13.21866,30.49935072430496,0.0,201.92693999999997,-4.187678997922404,0.6451779709930916,0,1049,0
AD1F929A-DE63-4ECA-BBF6-054FAC6D4E8B,6185,4,145.66666666666666,0,0.0,0,0.0,-1,500,400.0,147.39955951788238,298.4,0.0,38.29957730866544,0.0,197.6,-11.594775567265089,0.2700112268088615,0,1049,0
AD28BEBD-7B0A-48DA-A06A-D0474308F9C0,3893,6,104.4,2,0.18751605445671718,110,10.313382995119445,327,406,920.0,162.018859855905,437.0584,0.0,71.71908626880962,0.0,267.1672,9.141627587767857,0.18138684665501018,0,1049,0
6DD6EFA3-E5E9-4C15-ABB8-FD90FAD164AC,9318,4,277.3333333333333,1,0.03917149602919081,62,2.4286327538098305,821,68,693.0,231.50684633569088,431.4423,0.0,62.76078972523489,0.0,308.6884,-14.260556416518057,0.24654314907256444,0,1049,0
7911DB3D-781F-44BF-A4E1-F04D901D3E41,12736,10,108.22222222222223,8,0.2292713567839196,309,8.855606155778895,26,4,266.0,118.47366023202316,262.8241,0.0,24.376873067799618,0.0,143.9084,-4.100899844677485,0.3823384088318138,0,1049,0
D59DDC65-B0C8-40A6-9851-50D0726C9E1F,10019,7,147.33333333333334,1,0.036430781515121274,32,1.1657850084838808,341,13,266.0,119.3816833404907,251.76,0.0,44.77324371361491,0.0,169.8,-102.64710796857712,0.8683574502968107,0,1049,0
BA516C92-B8BA-4932-89EC-F76BA19FF692,1072,3,250.0,9,3.064365671641791,259,88.1856343283582,415,383,180.0,34.06359321606198,91.4921,0.0,13.226145036636135,0.0,52.693718000000004,2.7028392192003636,0.12375046289405106,0,1049,0
9FC14863-3CC6-4419-8EAC-8A14391D1053,12736,5,162.25,2,0.0573178391959799,205,5.87507851758794,75,228,251.0,108.1368393201721,200.1,0.0,27.06995749589693,0.0,143.8,-14.81759549301161,0.1115173455341138,0,1049,0
391BDC4B-A13E-4AF6-9809-DE1B069E15B8,2153,3,86.5,0,0.0,0,0.0,-1,705,250.0,57.518589665488875,148.8,0.0,22.416778872675405,0.0,87.2,-6.103276759007393,-0.10739286995919464,0,1049,0
81921EC1-9D95-4D11-ABCA-9F41056FDFAE,4067,3,128.0,1,0.0897467420703221,6,0.5384804524219327,784,617,624.0,57.646265240828,283.4639,-0.01787822,44.72732632521197,0.0,112.65119999999999,-28.480015146692203,-0.11941233348770815,0,1049,0
CEDB03AA-14E6-4AF4-A22B-70BD5C240A69,5805,2,350.0,2,0.12575366063738158,601,37.78897502153316,271,522,188.0,49.01794533533978,101.0,0.0,12.204689525020568,0.0,66.0,-6.375970026697807,-0.014556895455810199,0,1049,0
EDE16837-3A93-434E-8EC3-6C82B254D307,5310,1,0.0,0,0.0,0,0.0,-1,872,416.0,159.3656548282962,299.8828,0.0,37.26156307181987,0.0,203.9063,3.330264239913703,-0.06520439924034944,0,1049,0
C13B1F0E-8DF7-4DBF-8B0F-5711BF854F0F,12736,6,111.8,1,0.02865891959798995,11,0.31524811557788945,848,287,555.0,77.09228623691554,344.4,-21.29142,52.58345212280349,0.0,147.0,-6.825063580279746,0.11858576612618382,0,1049,0
55AE5DBD-8F36-4635-B56A-191A5A142912,12736,2,306.0,0,0.0,0,0.0,-1,541,266.0,51.63021815527654,138.9395,0.0,12.952187821944436,0.0,67.149946,-9.917741462375304,-0.012369039844924073,0,1049,1
7AFA9DF1-8E26-45B1-B1FA-1ABD84FC5533,12736,5,200.5,1,0.02865891959798995,98,2.8085741206030153,243,42,450.0,120.31342504435621,254.8828,0.0,49.71891235257917,0.0,166.6016,28.930950428637587,-0.03394150718839075,0,1049,0
0AF08811-0440-44C2-983C-AC2BBB85C7EC,12736,2,312.0,2,0.0573178391959799,69,1.9774654522613067,678,524,527.0,72.4186163424132,196.875,-42.45663,31.19289385781016,0.0,115.625,36.237831565765816,0.20771669157991576,0,1049,1
4838A492-89EE-487C-BCEC-C7FE34C6DF3B,4391,2,0.0,0,0.0,0,0.0,-1,833,554.0,121.09733722231798,343.1349,0.0,50.6189423817247,0.0,186.84915999999998,-28.23984695349081,0.32486721113504385,0,1049,0
CFE21D01-E519-4F8F-994D-1EE5E98268D4,12736,6,142.8,3,0.08597675879396985,599,17.16669283919598,193,113,693.0,248.28593011461948,406.3,0.0,32.514030605115245,0.0,284.7,-20.100204805977512,0.23808669794603693,0,1049,0
C35E8565-17DA-4303-A1D7-9A9FD54D7440,3982,1,0.0,1,0.0916624811652436,2,0.1833249623304872,991,827,887.0,70.24078481494494,217.0,0.0,28.827209241742967,0.0,110.0,-24.300892839636305,-0.13892541603220804,0,1049,0
E6464C40-4171-4D14-B258-96BD51732EE0,4500,3,54.5,2,0.16222222222222224,338,27.415555555555557,821,792,624.0,106.57478505221772,539.7876,0.07529975,63.64377377073906,0.0,198.58793999999997,-64.74241391087513,-0.2219765006136375,0,1049,0
79EF276C-3569-474F-AC05-EE8F1FBBC038,5562,5,197.25,5,0.32811938151743975,760,49.874145990650845,334,25,138.0,29.600099588935542,546.779,0.0,6.312977271405825,0.32811938151743975,36.64648,1.5918371557866777,0.03385793766427223,0,1049,0
226FA0AE-EA74-4C4D-9121-0A1FC45E49F7,12736,10,85.0,1,0.02865891959798995,22,0.6304962311557789,435,39,437.0,162.12424312475557,533.7,0.0,36.12539666991917,0.14329459798994976,208.7472,-19.698813191885193,0.13547449995928537,0,1049,0
54545F03-85D8-41FE-BD75-1BF99660F253,6731,2,4.0,1,0.05422671222700936,20,1.084534244540187,801,798,803.0,261.8085234789363,541.9922,0.0,54.23281097416324,0.0,302.399,-8.385560515973367,0.3918730707492192,0,1049,0
45BD2F42-F612-46C5-91AE-7340948897A0,3219,6,153.0,0,0.0,0,0.0,-1,35,84.0,23.567498651839283,90.51721,0.0,15.883221168443495,2.9481205343274306,46.727944,5.891840628021832,-0.11094787130884791,0,1049,0
B70327BD-54B3-4AF3-AD2F-374725749C99,2609,3,294.0,1,0.1399003449597547,86,12.031429666538903,201,201,250.0,36.21175872203624,138.3914,-231.9782,11.178747467149831,0.0,49.484422,0.4960970796612898,-0.03637235425101901,0,1049,0
CAE19294-B1D9-46C0-ADD6-2B699443BDB5,12736,6,147.8,18,0.5158605527638191,1469,42.09995288944724,14,46,376.0,124.30903707514898,329.0,0.0,46.45291322096256,0.0,186.0,-13.670842630704527,-0.21016752182493958,0,1049,0
48820C0E-3CCF-4017-8A83-4D510210E544,12736,8,122.0,4,0.1146356783919598,482,13.813599246231156,239,27,461.0,125.53698955975258,800.3197,0.0,74.02688114418893,0.1719535175879397,196.43476,26.04033672882767,0.12318996351959001,0,1049,0
7DCBA3BF-C461-43D2-9388-494393ACD18C,3091,12,32.27272727272727,7,0.8265933354901326,223,26.33290197347137,78,409,717.0,164.2488422179694,368.4234,0.007983411,45.05398687565668,0.0,223.46568,-2.6294661798521304,0.1561988131654558,0,1049,0
6D874067-376B-4E91-8E62-6A1F26BA7EFE,4915,8,37.42857142857143,3,0.22278738555442523,20,1.4852492370295016,529,533,920.0,173.7932553935139,446.5204,0.03689134,70.34227723548987,0.0,274.94187999999997,16.537853314047823,0.14362607983535292,0,1049,0
4B87FBD1-5119-4F64-A8B0-56EA6844A1B4,5093,5,124.75,1,0.07166699391321422,3801,272.40624386412725,130,293,395.0,116.24250610472865,204.8257,0.0,22.04296041262992,0.0,144.8767,3.70519365916023,0.23780407295014466,0,1049,0
BC1A0767-7D63-4966-A45F-C69C2B6720A7,1702,4,152.33333333333334,1,0.2144535840188014,369,79.13337250293772,821,329,451.0,63.13343366347625,318.2505,-7.956126,35.34049175247896,0.0,112.96212,26.683268550258326,0.13227437970443312,0,1049,0
434A719B-8929-42EE-85B0-BCD8390A2FD4,4131,2,0.0,0,0.0,0,0.0,-1,783,452.0,117.74060235874761,542.7101,0.0,29.911946240972483,0.44178165093197774,156.0,8.230925419030171,-0.029286251617833846,0,1049,0
60D4B1B4-1E0D-4236-AC69-F3AE586A8F1D,6207,3,292.0,2,0.11760915095859514,385,22.639761559529564,105,196,84.0,18.682735788076,66.12852,0.0,8.250319515434839,0.0,26.874451999999998,5.281913028444066,0.10082329137875788,0,1049,0
9F376D6D-F527-405E-BA33-CC75D29896CA,12736,1,0.0,1,0.02865891959798995,35,1.0030621859296482,806,781,313.0,36.42441668551579,144.0,0.0,26.8125565302124,0.0,81.0,-19.2659290311948,0.009568282321075483,0,1049,0
A813927B-ADCC-4F53-9034-AF9AC78B3F6B,809,4,114.0,1,0.45117428924598274,13,5.865265760197775,656,436,753.0,137.3075374235125,402.6877,-1.182,52.02906450630872,0.0,187.5943,26.561602384357855,0.08488453278224378,0,876,0
4EBE1ECE-606C-46A0-B2F9-989FA0DA81E7,4384,3,373.0,1,0.08325729927007298,71,5.911268248175182,30,31,451.0,89.14891458232513,290.6211,0.0,19.68281163624598,0.0,116.0,6.580560726316847,0.11399223955395278,0,1049,0
EF9F8FC6-EF23-4520-80A2-DF7A9EA82C2E,2876,3,101.5,1,0.12691237830319888,17,2.157510431154381,448,572,301.0,39.3586213368824,106.5778,0.0,17.292160333728855,0.0,60.25215,-0.5925517168206724,0.1432242845521316,0,1049,0
20A69E41-B138-45F4-B805-694EF0C43A87,3880,4,236.0,4,0.37628865979381443,345,32.454896907216494,224,124,452.0,27.86571453042165,122.3371,0.0005835696,21.648578594376364,0.0,55.29618399999999,15.043421740025885,-0.027845528586275644,0,1049,0
9664692D-2042-40DC-A05E-28893CF7D0BF,4098,4,108.66666666666667,3,0.267203513909224,305,27.165690580771106,247,441,734.0,144.40449160862485,347.4693,-13.0108,69.21773663697157,0.0,228.40739999999997,58.65371821004797,0.1551135756704439,0,1049,0
B5436533-5880-4038-9A64-C2BA7CAEA666,4456,6,117.0,1,0.08191202872531418,11,0.901032315978456,233,174,314.0,29.05727283794175,159.0,-4.015089,19.64655532143317,0.0,58.0,-10.010204936707183,-0.020411070411089517,0,1049,0
943FD77E-B890-494F-9B86-8E962BC85129,915,2,0.0,4,1.5956284153005467,660,263.27868852459017,224,752,151.0,8.24071716364926,24.73297,0.0,3.681348109250556,0.0,12.0163,2.234488755872345,0.00874276387670286,0,1049,0
72A308E8-6508-453F-80F6-000D170432F1,12736,5,174.5,2,0.0573178391959799,15,0.42988379396984927,417,52,472.0,138.853827742596,389.5379,-32.87768,86.73767235778405,0.0,237.93654,-10.951450322765751,0.19158963378006488,0,1049,0
CCA0AF18-F42A-4AE2-A993-8AEB1B02DAE5,12736,4,136.66666666666666,1,0.02865891959798995,40,1.146356783919598,215,334,264.0,99.27567601614216,204.5,0.0,33.031153637496324,0.0,141.3,-4.59539052208352,0.1602073587015517,0,1049,0
C852126A-A2BE-436B-B7D3-A12C44115ABD,5265,3,0.5,3,0.20797720797720798,17,1.1785375118708452,55,740,489.0,97.06404862940596,542.9,0.0,20.7715139500275,0.3466286799620133,124.0,7.79551927182861,0.12478300933347736,0,1049,0
10C57184-042F-41C2-8FD4-8127F55287E7,5069,9,86.125,2,0.1440126257644506,17,1.22410731899783,311,41,870.0,201.0861815239514,433.2058,-19.4625,48.48287017943611,0.0,260.16268,3.3483018144127925,0.21727834707835406,0,1049,0
8A5D8DB0-38BE-402C-BBB2-249372283E4D,7266,3,359.5,0,0.0,0,0.0,-1,11,450.0,110.16601138902331,201.17,0.0,24.033092322432676,0.0,140.84,21.258933827026055,-0.1249018963247806,0,1049,0
A72BD56D-7FA5-4317-AB3A-A394D5404236,8187,6,126.2,1,0.04458287529009405,376,16.763161109075362,438,190,803.0,76.0532919766386,463.7369,0.0,55.653337566743595,0.0,124.40713999999998,32.99340424095399,0.024800609431559036,0,1049,1
B9EA2DFA-D4D1-4A7B-AE67-B016338A08AA,12736,4,51.0,0,0.0,0,0.0,-1,576,452.0,110.62183529224977,318.6141,0.0,72.52635861144564,0.0,188.9711,28.98876230574406,0.061717053270616884,0,1049,0
6BA3AF5F-A1DB-4453-B0FF-436B72B71550,12736,2,0.0,0,0.0,0,0.0,-1,728,392.0,112.73422931487765,185.6867,0.0,18.15611852281951,0.0,136.42476,4.962287070153224,-0.1611300223296952,0,1049,0
49C016C3-520D-4853-8EF2-81B177ED8825,1489,3,108.5,2,0.49026192075218267,454,111.28945601074545,820,501,301.0,97.21062328279648,224.8,0.0,23.348822169990946,0.0,130.65592,-9.233930191747092,-0.2508637868119107,0,1049,0
3D5714B3-E512-47CC-A8C0-C849047C9878,8362,2,91.0,3,0.13094953360440084,184,8.031571394403253,307,614,100.0,38.14642327016779,57.9,0.0,6.250542582447965,0.0,46.3,-0.093082220785071,-0.01169674010969855,0,1049,0
8F6E3CDE-8753-48A8-82A2-F3C9DA2C96BF,12736,4,51.0,5,0.14329459798994976,330,9.457443467336685,409,550,264.0,88.97612661988636,241.8,-794.5035,35.97678759539435,0.0,139.8,21.144150680267956,-0.2242768670304544,0,1049,0
67E58C5A-8E95-41B8-92F3-E6B672032201,1687,4,110.66666666666667,2,0.43272080616478953,449,97.14582098399525,703,366,831.0,352.0917188966966,18909180.0,0.0,68851.84870053385,0.43272080616478953,125.90323999999998,-260.9546129591966,0.24534545414092374,1,1049,0
EC098375-B938-4880-A7C8-4EB8C297FC03,12736,4,94.66666666666667,1,0.02865891959798995,165,4.728721733668342,821,410,269.0,87.38476853010003,183.3543,0.0,20.57727416107964,0.0,116.16937999999999,-4.970268009266704,0.1322748838338928,0,1049,0
DBBA78B9-5F4F-4381-9883-AA275249DB94,8373,12,49.45454545454545,7,0.30514749790994866,931,40.58461722202317,108,127,301.0,64.30539357494679,542.6331,0.0,15.90800767919363,0.21796249850710617,85.5,-1.8781945008727163,-0.0219436384465057,0,1049,0
31301640-2226-41DC-B1A9-EBC5A4DE58B5,9440,3,216.5,2,0.07733050847457627,41,1.5852754237288136,151,242,188.0,21.48014213076826,69.0,-53.0,8.306420458309352,0.0,32.0,-6.572503241879373,0.008235527477086732,0,1049,0
CE399C1D-9475-42B2-A10B-6D1B2FEAF527,2931,6,122.0,17,2.1170249061753665,1382,172.10167178437393,213,332,188.0,-19.785736540998496,0.0,-61.5,9.520450868057782,0.0,0.0,19.785736540998496,0.0,0,1049,0
0362A7F3-A940-436C-88B4-9AE1E666EBC0,12736,3,114.5,0,0.0,0,0.0,-1,575,119.0,15.286663493474181,149.76,0.0,21.45944275270219,0.0573178391959799,49.92,-15.286663493474181,0.0,0,1049,0
40A5B8E3-4F46-4245-9A30-23AF39FB3B4F,8684,5,161.0,0,0.0,0,0.0,-1,21,693.0,179.20866109740334,369.0,0.0,80.92305204393944,0.0,267.0,16.74272779148555,0.4845618800673193,0,1049,0
5EB18AA2-19DE-47F3-8B9F-24DD3BE012E5,5970,3,243.0,1,0.06113902847571189,329,20.114740368509214,821,168,133.0,42.96998125489535,99.94489,0.0,13.587881293716457,0.0,60.593374,3.3970415793639006,0.055599638574793386,0,1049,0
7557F0E7-2BAE-4289-8899-242ED9B3EE10,10497,6,126.4,0,0.0,0,0.0,-1,195,407.0,46.276597733966774,398.3401,0.0,32.792289060366436,0.0,91.73647,-16.928174966111833,-0.032301063686093104,0,1049,0
0546D5F3-6EF7-482D-9386-567CB1639566,5527,1,0.0,6,0.3962366564139678,281,18.557083408720825,562,648,188.0,28.875499823258004,319.0,0.0,12.166662991852615,0.4622760991496291,46.0,1.4278180779765641,0.016560515015542905,0,1049,0
C1509DEB-8344-42FD-91B5-65E8E93FC165,12736,5,156.5,3,0.08597675879396985,68,1.9488065326633166,112,18,489.0,123.06022470436534,303.9775,0.0,41.22971870836793,0.0,174.04157999999998,-26.659351247220272,-0.9894023286048477,0,1049,0
254BFB28-EF86-46B8-81C3-3DCB0782773E,810,3,39.5,2,0.9012345679012346,1194,538.0370370370371,553,643,450.0,77.3290294940363,270.45,0.0,41.67792319114549,0.0,128.46,14.266661092383444,0.43334326197100104,0,932,0
0C8A89C0-AFD8-4542-A1C7-AC4198C5ED37,2853,3,230.0,1,0.12793550648440238,182,23.28426218016123,380,174,777.0,218.00660334040452,748.2,0.0,43.63309909155399,0.0,272.2549,30.51082787101521,-0.5224067911164538,0,1049,0
1D0139A9-546B-4410-98A5-EF44AE53DBA1,5075,1,0.0,0,0.0,0,0.0,-1,634,489.0,115.98395725470178,227.0,0.0,29.03609991298379,0.0,154.0,10.93872793048341,0.09174783809603161,0,1049,0
92AAE5D8-79F8-4413-94A3-33A7894130B8,12736,5,134.75,4,0.1146356783919598,1130,32.384579145728644,171,72,663.0,172.74520885302326,694.3537,-1.411111,82.63204143464964,0.0573178391959799,236.1694,-106.52823081907263,-0.10038522118992016,0,1049,0
462C0070-90D1-47B8-B17B-FE1F0836461E,12736,2,342.0,4,0.1146356783919598,1302,37.31391331658292,359,611,1370.0,437.25137762103327,807.96,0.0,122.49692563538679,0.0,611.36,-39.680232559304955,1.5996653530611074,0,1049,0
AC52B34B-D800-4D88-A136-D15385665CA3,12736,3,227.5,4,0.1146356783919598,91,2.6079616834170856,354,410,104.0,18.103394168793542,352.9,0.0,7.1989355167209395,0.0573178391959799,26.1,-17.846727502126875,-0.016251343329996153,0,1049,0
5FB23539-F40F-467E-81AF-3F9848C0F79B,4113,2,126.0,0,0.0,0,0.0,-1,600,1247.0,294.0658925173454,686.6897,-3.53,113.41035521310208,0.0,449.47411999999986,193.26851524500023,-0.01829878102281254,0,1049,0
0C817BA4-271B-4C0C-A9A6-EF78579AD9BD,12736,4,19.666666666666668,2,0.0573178391959799,713,20.433809673366834,599,542,452.0,116.2890444622697,464.44,0.0,43.60392792838922,0.1146356783919598,174.67,19.97750569205128,-0.012598430647717214,0,1049,0
7AB02050-BE16-4E86-99CF-7FBFB7D8400E,2902,2,0.0,2,0.25155065472088217,284,35.72019297036527,792,595,151.0,35.772780475581214,234.2568,-35.45,10.930009864134336,0.37732598208132323,50.0,-6.419694055828128,-0.04968720418161678,0,1049,0
B52D06BF-8FE9-476B-AC66-5502470254A9,12736,4,9.0,0,0.0,0,0.0,-1,565,282.0,30.965590300105408,97.0,-44.7,11.06378475603472,0.0,44.0,-1.7040933865251624,-0.04017385548287457,0,1049,0
2162DBD3-BC3F-4F28-9CB6-9FC2E4B5DE8E,736,1,0.0,0,0.0,0,0.0,-1,585,678.0,44.68874272462896,162.9295,0.0,30.159333277115678,0.0,87.16965,-2.8759316573450064,-0.10849446878631508,0,785,0
5F318A4F-B8BB-4B45-B26A-D75B9C8E4051,7714,5,19.5,2,0.09463313456053928,279,13.20132227119523,600,584,251.0,60.28364791384649,514.0,0.0,40.22815739729604,0.2365828364013482,119.3,40.2033505430208,-0.006549431109504223,0,1049,0
2392ED53-E2AE-4D43-BE95-A9067BBB0D6B,6488,1,0.0,0,0.0,0,0.0,-1,575,269.0,90.84745119283778,187.9434,0.0,18.03570716168051,0.0,117.4944,-5.4110587406772765,0.3555210305409738,0,1049,1
6545E4B5-126B-4F8B-99D1-D6A633A02B45,12736,5,35.75,4,0.1146356783919598,340,9.744032663316583,47,428,488.0,148.26157603399471,536.87,0.0,40.52507741938305,0.14329459798994976,203.31,-36.91076739201941,-0.3782928219305861,0,1049,1
E88FEECA-C31D-40F6-9CFA-EAC22B9C9885,12736,3,41.5,1,0.02865891959798995,4,0.1146356783919598,620,571,188.0,30.030745026417495,138.785,0.0,15.146918286631909,0.0,50.0,-5.7594487301212,-0.028013060597355584,0,1049,0
1FCA5E9B-62A4-4670-B189-9121A55174CF,3410,5,52.25,2,0.21407624633431088,417,44.63489736070382,87,361,416.0,33.288922370017296,192.8626,0.0,15.904986456821137,0.0,48.059045999999995,1.3670732989641863,0.02024448626313294,0,1049,0
B2F5EE12-7D0C-449F-9C00-3B0C09AE260F,2218,4,188.33333333333334,6,0.9873760144274121,323,53.15374211000901,23,11,489.0,88.27415238571072,311.1475,0.0,52.688883234384356,0.0,159.73988,26.4566837168163,0.02296524391813165,0,1049,0
6B97EC58-3A8F-4853-B9E5-0FC6D32CB782,12736,3,0.5,0,0.0,0,0.0,-1,567,523.0,80.15438485463416,321.6244,0.0,48.81577136121954,0.0,156.8899,3.8101174879584505,0.0478106785553435,0,1049,0
954A1AEE-2A12-4D99-A1B2-A583D6155930,2822,4,11.666666666666666,0,0.0,0,0.0,-1,529,151.0,18.29196002924221,41.92131,0.0,3.8053716451639374,0.0,23.129,2.7014408937516166,0.030037882069441375,0,1049,1
D3573AEA-0C75-456D-962E-55892348EF0E,7851,3,302.5,1,0.04649089287988791,132,6.1367978601452045,675,92,955.0,150.72803873587148,1201.875,0.0,64.79409377470093,0.04649089287988791,229.7598,-28.037325539883838,0.2456698716438497,0,1049,0
E92FEBC9-D26C-4814-8C7B-F0EB7E2E0D38,9730,3,216.0,2,0.0750256937307297,70,2.6258992805755397,527,130,141.0,39.345356805239746,114.5508,0.0,17.351126644404754,0.0,59.57,-5.008386126227407,0.045423934367720825,0,1049,0
4870D3E9-B523-4119-BD26-273283DF0939,7476,8,101.71428571428571,2,0.09764579989299091,159,7.762841091492777,27,71,1382.0,276.6457419277149,867.24,-70.27345,132.44436302299397,0.0,467.61,-57.23551739067787,-0.4602029131399322,0,1049,0
508E3286-B2CC-4151-8711-C32B9E97B6C5,6731,2,7.0,4,0.21690684890803744,693,37.57911157331748,246,550,803.0,241.19898117441383,401.5503,0.0,53.813445204364726,0.0,307.9834,5.14154112496891,-0.01930468902221598,0,1049,0
0C337E90-C8DF-451D-A9F3-1447F9B49CE6,12736,1,0.0,1,0.02865891959798995,44,1.2609924623115578,781,548,792.0,218.97273508919633,449.67,0.0,57.58519131065104,0.0,296.6,-42.45619033610993,0.1638780404986588,0,1049,0
72E185DB-B9FE-4BEB-98BF-8950E5072BB4,12736,3,149.0,1,0.02865891959798995,181,5.187264447236181,587,246,266.0,93.0293555089594,160.8,0.0,18.539584225832726,0.0,120.3,-5.016107052169261,0.3498674904994425,0,1049,0
0C530106-0EB3-4B06-97F8-B0FBA94809EE,12736,2,45.0,1,0.02865891959798995,114,3.2671168341708543,821,499,395.0,67.28011032629088,365.0,-29.58497,66.78869198218318,0.0,148.0,-67.28011032629088,0.0,0,1049,0
4E2C99F6-2E9A-4949-B7B2-C7C9CCF45E6D,4314,2,75.0,4,0.33843300880853033,609,51.52642559109874,264,467,452.0,133.19553983327327,267.6082,0.06163254,40.18336753083699,0.0,188.31812,-29.18664743435353,0.1783033430732392,0,1049,0
9D4BD847-8AA1-4705-A90E-3D053ECC8A01,2170,2,244.0,1,0.16820276497695852,42,7.064516129032258,781,298,497.0,75.73505803894012,235.7,0.0,26.5053547343669,0.0,110.0,-2.174101248816669,0.005621521632686019,0,1049,0
E0D4FC66-F84A-4835-94CD-B0FA8144AF12,5035,4,241.66666666666666,7,0.5074478649453823,376,27.257199602780535,43,61,264.0,85.75445180946255,209.0,0.0,36.07773975072758,0.0,137.0,20.835980903500413,-0.18773339500681063,0,1049,0
FED49662-EC92-43C7-B43C-5500FD9ACAE1,12736,6,70.6,1,0.02865891959798995,202,5.78910175879397,586,211,266.0,93.15437302432264,161.4,0.0,18.616297090408708,0.0,120.5,-4.927428579878196,0.3503542618429543,0,1049,0
952239C5-D3DA-4BC9-BD6F-215E81E4EBB5,10266,1,0.0,5,0.17777128384960061,991,35.23426845899085,131,539,188.0,37.08917544637323,129.6142,-19.60703,13.27934027756887,0.0,53.91293999999999,-3.460136960339284,-0.01133189204586083,0,1049,0
E4620871-1E6B-4F9B-A1AD-BA312DA2991A,8379,1,0.0,0,0.0,0,0.0,-1,539,251.0,52.49184750611546,117.9296,0.0,13.28724111736046,0.0,68.57480799999999,-10.279887162288304,-0.03662012537994741,0,1049,1
E020129A-E1B9-4C74-A2BA-9A2EAC5E43D8,3189,5,107.0,0,0.0,0,0.0,-1,177,887.0,157.85148319529063,2048.0,0.0,47.92221141716501,0.11445594230166198,221.76082,-23.27539641442641,-0.039030477836899335,0,1049,0
184A220E-3158-4A4A-B9FB-6B022D7A2CBD,8981,3,203.0,11,0.44705489366440265,951,38.649927624986084,5,130,251.0,83.15586917666906,151.4,0.0,24.864244472134008,0.0,112.8,-15.346077509925237,-0.07091444187978078,0,1049,0
FC159190-9B7E-4A2F-9810-EEC819F428E7,675,12,41.0,12,6.488888888888889,4518,2443.0666666666666,112,82,301.0,54.94839772933041,200.1293,0.0,18.566336254063987,0.0,71.874104,8.724745124836254,0.058642729058284646,0,722,0
B0D8707A-E15A-4F2A-84EF-950F34F3804D,6179,3,235.0,0,0.0,0,0.0,-1,63,400.0,149.27299846864705,301.2,0.0,38.91722914573423,0.0,200.0,-12.878708345190262,0.2972302707694801,0,1049,0
0FBE9D7E-E88D-4F40-823B-DCC3D84E8186,1977,5,119.5,2,0.36924633282751645,287,52.98684876074861,539,482,1662.0,345.83272479929997,945.0,-29.97876,120.95091084270456,0.0,490.0,-18.943604428929575,-2.6009994946797055,0,1049,0
93CC4229-77D3-4EE6-A427-EB8D046F43DA,4479,4,155.0,2,0.16298280866264792,97,7.904666220138424,327,60,804.0,188.52410245613103,1674.656,0.0,33.37894690901366,0.4074570216566198,232.5,-7.167620974649537,-0.13533563814480126,0,1049,0
70B7AC8B-8E82-463C-9CBC-C4ABAB197FFA,5464,9,54.125,3,0.20040263543191802,251,16.767020497803806,718,123,535.0,174.33977964716166,376.5974,0.0,35.87622719231856,0.0,218.0943,23.304174036480305,0.25379697712890936,0,1049,0
59DCC837-2368-4FBA-98B4-D225B684101E,697,3,157.0,1,0.5236728837876614,51,26.70731707317073,36,206,542.0,46.14322426398938,186.0661,-13.67728,32.44662423296092,0.0,91.06744,1.7196457891742014,-0.06823803541062833,0,749,0
209EB4C0-E63E-478E-A305-E8F3B77F307B,1722,4,52.666666666666664,2,0.4239256678281068,143,30.31068524970964,397,359,472.0,43.66278988711078,251.8151,0.0,27.780809104418132,0.0,83.46169599999999,4.001922519447859,0.12413501012963872,0,1049,0
561A0161-97F0-46AA-AC51-EDD6468D88CD,12736,4,107.66666666666667,2,0.0573178391959799,20,0.573178391959799,489,189,306.0,60.68706014932547,150.0977,0.0,19.008588080827028,0.0,82.12891,-5.828819288985962,-0.03339921811511514,0,1049,0
90E5D015-459C-4F18-AA9F-F1DA845ABA9C,12736,1,0.0,3,0.08597675879396985,194,5.559830402010051,194,511,792.0,219.2652962273031,440.72,0.0,67.61369070143768,0.0,303.50399999999996,-100.40657091866113,-2.4961612899171306,0,1049,0
4E122FE7-704A-452D-9967-877E01CD93E6,12736,4,153.33333333333334,0,0.0,0,0.0,-1,43,432.0,114.00326110297189,205.7,0.0,23.180259179299142,0.0,143.46,-6.56880662766325,-0.3704349628213199,0,1049,0
BD1E5AE5-A8F9-4859-95B6-CF29DB31498B,5086,2,17.0,2,0.14353126228863547,31,2.2247345654738497,10,504,313.0,40.560145297137495,171.0,0.0,15.396518116758084,0.0,60.0,-4.983293445285646,-0.09668203207532933,0,1049,0
56A6E8B4-5CB0-4FC6-941E-80CF6B752D5B,1706,2,1.0,2,0.42790152403282533,433,92.64067995310668,820,501,831.0,37.6061234441613,482.3438,0.0,22.026120848006062,0.0,66.498498,2.489262408809381,-0.25343348763624035,0,1049,0
388C3696-9A66-4D81-B6DF-71463D42FC58,12736,4,167.33333333333334,2,0.0573178391959799,194,5.559830402010051,515,247,798.0,207.78999250896604,556.0,0.0,72.56230501814979,0.0,300.0,-56.83042460773146,-2.0274230243333897,0,1049,0
8279B13B-B969-4823-9B7F-4062A583A5B6,8446,3,225.0,1,0.04321572341937012,101,4.3647880653563815,22,493,251.0,125.0526616321836,203.04,0.0,22.566012747835195,0.0,152.64,5.587542565347263,0.18814131502963072,0,1049,0
4F43BEE4-EE32-4363-BECE-ADB0CDC9381E,6515,4,65.0,1,0.056024558710667687,21,1.1765157329240215,343,460,269.0,58.72168599626841,205.6556,0.0,22.10008186383335,0.0,86.65704,-0.023714805836313246,0.061442584760868175,0,1049,0
C8CE04A2-2920-4BDB-BB04-646C1768EDC8,1265,1,0.0,1,0.2885375494071146,70,20.197628458498023,821,485,1039.0,245.49168911278312,653.0061,-46.3125,45.54887810505144,0.0,301.9434,32.812332708204536,-0.10573432762645532,0,1049,0
DDBD0F06-A031-441A-B893-77B34ABBEA40,4067,3,79.0,2,0.1794934841406442,106,9.513154659454143,456,421,624.0,148.5654984483284,473.9,-6.620637,85.33261356912391,0.0,267.3,-10.582234559208047,-0.4838302225106508,0,1049,0
CA49E920-2F97-4BE1-B8D7-661D1DF2BD22,8373,3,66.5,3,0.1307774991042637,294,12.816194912217844,24,348,301.0,58.006939483708656,213.8,0.0,23.741885482229772,0.0,88.4,-5.010566022057418,0.04937016682912985,0,1049,0
6834BFCB-B69B-4C1D-91F8-7927ED064E29,12736,5,69.0,5,0.14329459798994976,358,10.259893216080402,200,238,100.0,23.596883077177544,52.0,0.0,7.43081512530968,0.0,32.1,3.223086811248379,6.56040574019125e-05,0,1049,0
3F8B8808-332F-42CC-95C5-5E25C2CC3B0C,4820,3,58.5,1,0.07572614107883818,13,0.9844398340248963,95,480,377.0,105.3753723985694,233.38,0.0,39.17024674477381,0.0,147.65599999999998,-17.671907459989157,0.18363240620942342,0,1049,0
5C5A7F54-7A76-4786-A969-B33B6066F4C0,10268,4,65.33333333333333,1,0.03554733151538761,449,15.960751850409038,409,480,489.0,110.85347000603261,286.0,-30.7,50.28185616264987,0.0,179.0,-8.529010129489393,0.2739345392434396,0,1049,0
DB74109B-2CDA-4D4C-86CD-252E49F1C0E1,9011,5,145.0,1,0.040506048163355894,144,5.832870935523249,821,437,811.0,433.9401346332377,939.3906,0.0,33.98845738326245,0.12151814449006769,473.1488,15.884604672317835,0.202107313362425,0,1049,0
8851D927-6303-4FAE-992B-A1231C700070,5181,2,44.0,1,0.07044972013124878,100,7.0449720131248785,123,434,400.0,138.20710183674188,3052.211,0.0,34.05442012173517,0.07044972013124878,177.56458,-11.412788106803617,0.07244828488644824,0,1049,0
A71477A6-16AD-4759-8D98-7AB56DC5AB7D,12736,6,91.2,0,0.0,0,0.0,-1,19,269.0,120.10973776787073,195.36,-2.8,22.38219018289819,0.0,147.12,1.6385406565120064,0.3403122796560504,0,1049,0
E808587E-D5AA-4244-A5AF-DB648578235D,9699,4,82.33333333333333,2,0.07526549128776162,143,5.3814826270749565,147,221,538.0,94.4657018282896,238.8672,0.0,25.771381899691704,0.0,128.3203,-5.8664958236599745,0.21464863831261002,0,1049,1
D84B2D7C-8B4D-46BC-8D7F-CB05FA4D42A5,12736,3,154.5,0,0.0,0,0.0,-1,161,452.0,43.62439290970321,351.9877,0.0,34.63850981626278,0.0,89.35845,19.806531377333826,-0.04555029476095952,0,1049,0
46FFA32E-6E7B-4C98-BCA8-18F18C7FFDCE,1843,2,0.0,2,0.39609332609875203,342,67.73195876288659,24,459,301.0,74.77285218241,237.13,0.0,27.194783147734466,0.0,112.69059999999999,-5.060614504169266,0.020274104918007487,0,1049,0
046598F9-2198-432A-A014-F6A1E74A2D50,12736,10,67.22222222222223,1,0.02865891959798995,136,3.897613065326633,438,109,800.0,222.35740688474465,544.3234,-20.1731,58.247912259327705,0.0,295.50379999999996,3.688180392261529,-0.1491159126489031,0,1049,1
3CE7605A-49CF-4E96-823B-2EBF42078853,4201,6,124.0,1,0.08688407522018567,110,9.557248274220424,341,103,554.0,215.25330354597705,358.0,0.0,42.93584161957404,0.0,272.0,7.254489663899506,0.2086187480848348,0,1049,0
A873313E-28D4-427B-A9D7-CDAAFE189971,4391,2,1.0,1,0.08312457299020724,2,0.1662491459804145,91,448,554.0,122.05557972072367,345.5042,0.0,50.947977158200295,0.0,188.22503999999998,-28.512665149736023,0.3248519530473972,0,1049,0
3CC4911B-5570-49E4-AEBF-9FBC2337558A,547,1,0.0,1,0.6672760511882998,22,14.680073126142597,417,447,1039.0,48.814231107084304,528.8867,-60.60374,45.01376188350542,0.0,110.044,29.874752226249036,0.09432567806717995,0,785,0
9F8173AB-DFC6-4848-ABCA-5223A11E46C2,508,2,76.0,3,2.1555118110236218,255,183.21850393700785,147,369,452.0,18.910090473992444,99.71751,0.0,24.841337532892144,0.0,57.878112,26.84987528449521,-0.07673780455811069,0,582,0
7EDB4110-47B4-4ECA-96CF-ECBE373A28CA,617,3,180.0,0,0.0,0,0.0,-1,99,1247.0,268.489151988215,630.3384,0.0,155.5943279729982,0.0,466.07225999999997,34.47961726564307,-1.0909560052873517,0,648,1
7D54DBF2-7A13-4C9B-BC1B-04FB690E46EA,6261,4,27.666666666666668,9,0.5246765692381409,1351,78.75978278230315,200,347,136.0,44.80637707047405,104.2,-0.4879012,18.069085389528826,0.0,64.80001,3.914985181609282,0.014123806142630129,0,1049,0
0F17F090-0884-4740-829A-4C37996ECB61,1702,3,178.0,1,0.2144535840188014,361,77.4177438307873,821,431,451.0,62.17616085467984,324.3729,0.0,34.31544232102282,0.0,112.43551999999998,27.43729986445596,0.13122549002040523,0,1049,0
EE138E80-2ED9-43EB-B510-7187B7935211,4127,2,0.0,1,0.0884419675308941,235,20.783862369760115,809,431,452.0,141.75338608324992,377.0,0.0,67.36726322145932,0.0,228.0,-14.707707070904249,0.1875460161975891,0,1049,0
C478FDFE-420B-4816-85D1-60C7F6D63E6C,1758,3,61.5,4,0.8304891922639362,197,40.901592718998856,968,431,1247.0,293.55050189558955,686.0895,0.0,113.83965700677926,0.0,449.70577999999995,194.19332007971911,-0.015876569490068326,0,1049,0
1A4B99DC-E3DB-470A-9044-B8C7FF877052,459,2,131.0,2,1.5904139433551197,264,209.9346405228758,434,294,887.0,107.1201295052245,555.55,0.0,67.37464698327928,0.0,195.343,-31.83876362929857,0.05347315791322957,0,534,0
41ED13D4-3691-4CE6-9987-E93FB75246C9,2750,4,97.33333333333333,1,0.13272727272727272,500,66.36363636363636,821,347,1247.0,321.3527780747936,782.1739,-15.3,187.5420360779424,0.0,582.56468,-18.13176223281829,-1.0980301645013235,0,1049,1
2BFC78EB-D465-421A-804C-F758F59776B7,12736,7,60.666666666666664,0,0.0,0,0.0,-1,54,499.0,70.12308535144882,191.3086,-16.47943,24.150450537505044,0.0,100.7813,16.989478550557365,0.43482449110022875,0,1049,0
EEBB029A-143F-46FC-B3BE-BABBF68CF3C0,6905,7,82.0,0,0.0,0,0.0,-1,59,407.0,140.63157846934976,312.7041,0.0,47.2440618392925,0.0,199.53567999999999,-53.213852105923834,0.37299941271721715,0,1049,0
3A2DF9C0-4CA5-4BB0-8F69-41E306415434,4799,3,123.5,1,0.07605751198166284,292,22.20879349864555,716,165,554.0,211.43828707233155,387.4,0.0,41.61090439098474,0.0,267.2,6.874344100507983,0.20367717436517566,0,1049,0
2F0B4580-9C56-40B9-A79E-011AA226D402,2811,15,39.642857142857146,6,0.7790821771611527,467,60.63856278904305,248,221,160.0,50.44437140648471,152.757,-14.57095,20.580228839404388,0.0,79.277078,14.290177521756029,-0.08443768283528044,0,1049,0
0B12EC05-9178-47BE-B0DB-5F6AD150B22C,12736,3,210.0,2,0.0573178391959799,164,4.7000628140703515,766,104,450.0,148.28879659522565,414.75,0.0,40.075112981033605,0.0,201.76,-22.68148100880589,0.26895820871793086,0,1049,0
A805F55E-8340-4A1B-B342-62A243DE1527,1326,1,0.0,0,0.0,0,0.0,-1,401,887.0,91.91199265255524,208.9132,-208.88,26.839767263115963,0.0,129.37319999999997,7.812828890654643,0.015722443034713474,0,1049,0
870EFCB6-0506-4C36-900B-58B90AE08897,2746,2,0.0,6,0.797523670793882,517,68.71995630007282,384,396,301.0,50.139262213965154,144.8135,0.0,12.248151641944848,0.0,66.43295,13.488830140973121,-0.13793367460210149,0,1049,0
E1656FE3-DAA7-41A4-B529-23A70618047A,2825,3,129.5,1,0.12920353982300883,9,1.1628318584070796,424,137,748.0,93.97770262067525,404.8377,0.0,36.64449040345169,0.0,139.15284,30.887696993522283,-0.08720783924182214,0,1049,1
AFA767E0-ADC2-47E6-8265-041F5856400B,6066,2,1.0,0,0.0,0,0.0,-1,382,653.0,123.95816805433984,397.7569,0.0,82.55660242509968,0.0,226.1755,-0.7309104733213161,0.04380351332284482,0,1049,0
25DA5517-8E5A-4428-AE69-F814D532E82C,12736,3,283.5,1,0.02865891959798995,304,8.712311557788945,821,383,284.0,92.13658104567654,368.901,0.0,50.44935448422107,0.02865891959798995,144.39185999999998,1.2206689651259381,-0.5218883683343314,0,1049,1
410F273B-56EE-477A-8190-71177633F867,12736,3,39.5,3,0.08597675879396985,58,1.6622173366834172,378,301,295.0,89.22978607463193,187.58,0.0,20.428529666329545,0.0,115.72,5.046497104380407,-0.15343980681209615,0,1049,0
587FA9B5-D4C9-4DB1-A1E7-DB3CB5771DAB,3992,2,1.0,0,0.0,0,0.0,-1,378,301.0,37.28691643519593,532.4835,-27.9,20.924221261300367,0.09143286573146292,64.5,-7.9644627314922225,-0.025143364750135802,0,1049,0
9D1143F3-C71B-4BE6-A967-39B81623748A,12736,2,0.0,0,0.0,0,0.0,-1,378,239.0,51.41936327079756,536.0,0.0,30.786669718384214,0.1719535175879397,92.0,28.66852253167157,0.25190438462903914,0,1049,0
5686885C-CDF1-4BBC-8012-0BFB570FFC5C,5121,7,68.33333333333333,3,0.21382542472173402,298,21.239992189025582,679,88,259.0,90.66596269179365,185.0,0.0,16.608653491935698,0.0,112.5,11.004756706354485,0.10832340315095162,0,1049,0
F46EF20A-0F69-4085-B391-71F3B111B8EB,4415,3,193.0,4,0.3306908267270668,346,28.604756511891278,96,356,1665.0,128.16276833532885,696.2038,-15.60709,132.85258667021222,0.0,319.0669199999999,172.68590344012642,0.7458682936503002,0,1049,0
216DB755-ABE2-42E4-AA82-E1E20F31103F,1867,4,52.666666666666664,1,0.1955008034279593,18,3.5190144617032675,792,354,452.0,74.4221831993941,238.3347,0.0,35.379740298382046,0.0,121.46399999999998,-3.759172192526819,-0.05766928132212567,0,1049,0
EE323BF7-DFDE-4CF6-9557-60ACB23A6E6C,4105,1,0.0,0,0.0,0,0.0,-1,351,452.0,99.32121202277806,849.87,0.0,22.70255044224576,0.08891595615103533,126.0,1.7160564957404603,0.08743689207162535,0,1049,0
3E2A058E-FC59-4E75-A86D-E8B1D3EB2EFE,12736,9,77.0,1,0.02865891959798995,175,5.015310929648241,407,56,693.0,190.72516349753062,459.5814,0.0,100.97119324686453,0.0,317.71314,-156.3129106016973,-1.7794904180152613,0,1049,0
48A0384D-7E79-4BFA-B8D2-6081AD2F90F9,8542,4,34.666666666666664,2,0.08546007960664949,1321,56.44638258019199,132,341,406.0,92.59082183440172,323.72,-28.68541,31.74940434906465,0.0,134.2568,-11.836810602380112,0.08806858859219799,0,1049,0
8049872E-28FB-42EE-B30F-D5C6EB0017E0,8467,3,87.0,6,0.2586512342033778,116,5.000590527931971,74,165,77.0,30.92063673594629,114.7132,0.006320088,17.40351245155474,1.2501476319829927,56.82292199999999,9.916915505535194,-0.06396928219136251,0,1049,0
BA6B93E6-32D4-4904-BE4D-AB3B5635BEC5,12736,6,83.4,2,0.0573178391959799,163,4.671403894472362,706,201,920.0,175.4547658842881,535.4004,0.0,105.52377610922744,0.0,303.1769,-6.919797730738708,4.316095568605658,0,1049,0
C6C80C9C-0461-4D1D-B482-AF468A879CAC,4516,2,1.0,4,0.32329495128432245,659,53.26284322409212,224,333,901.0,148.28015133229036,489.2578,1.831055,65.10942190305187,0.0,227.417,14.181080350425674,0.4837639107224959,0,1049,0
AE983F2F-0D33-4E8A-B78D-FC2DE082B356,512,4,99.66666666666667,0,0.0,0,0.0,-1,37,1246.0,211.32587284017146,629.2313,0.0,130.09182860325188,0.0,378.28053000000017,40.027882485445815,-0.8696960155966388,0,568,0
91FC46BC-EAEC-420E-90E7-8B9EB6FDFB6A,1907,6,63.6,5,0.957000524383849,241,46.12742527530152,403,174,554.0,97.28373563570374,321.0908,-26.95652,57.36277969106455,0.0,181.1078,38.28685893512959,-0.317622700275211,0,1049,0
39792953-EFB1-4EE9-86F6-C318FBFA1550,374,6,64.0,2,1.9518716577540107,97,94.66577540106952,258,6,602.0,178.93236501758378,360.0257,0.0,56.87224326851418,0.0,249.27947,-26.47338511171958,0.02622821768676191,0,392,0
142AECE8-7660-4809-94E9-B4F2F2C010E9,486,5,82.0,3,2.253086419753086,51,38.30246913580247,312,123,226.0,25.22432690609499,108.1698,0.0,13.023713516746803,0.0,40.975682000000006,-0.9565584462184482,0.13937058088331103,0,512,0
2330284F-71E7-4FEA-AAEA-073E1C52A071,4516,3,154.0,4,0.32329495128432245,547,44.21058458813109,224,4,901.0,148.91322833397413,488.5254,-151.0,64.63115131805,0.0,227.7832,13.824639929914753,0.46810514466907416,0,1049,0
6F0E2563-148C-4B04-A3E1-F7FDA69F387A,5278,7,46.833333333333336,7,0.48408488063660476,141,9.75085259568018,222,22,301.0,98.92502277293879,240.9741,0.008972168,17.287984926772996,0.0,124.8649,14.803627788737444,-0.08613399301966422,0,1049,0
D698C919-8F96-4908-9794-7E94FBC4C880,12736,2,420.0,4,0.1146356783919598,1981,56.773319723618094,721,301,726.0,236.0487501574443,521.68,0.0,72.80464389350382,0.0,333.29,-25.761779478431976,-0.38507366021432815,0,1049,0
7C0FE479-4111-4BB5-8D55-607B41C9B0F3,5595,3,214.5,2,0.13047363717605004,10,0.6523681858802503,293,294,450.0,116.72778168607925,218.38,0.0,25.901635371386334,0.0,149.41,23.460035443550368,-0.08467325584333994,0,1049,0
58682C71-82CE-4105-A731-736CAC1F991D,1831,2,297.0,0,0.0,0,0.0,-1,291,452.0,144.55836313430166,307.5027,0.0,35.96887457440856,0.0,187.7014,-8.767606806369571,0.010877008564598918,0,1049,0
61D3E1D8-1995-428B-80E4-318ED8513EE0,355,1,0.0,1,1.028169014084507,10,10.28169014084507,223,281,402.0,20.735971754313052,161.8541,0.0,28.240794485716457,0.0,64.85180400000002,20.842684356335095,-0.33231880723585794,0,785,0
BB5BDBB3-30F0-45A0-90C5-6AD5CACD8AA3,6556,2,247.0,0,0.0,0,0.0,-1,278,188.0,34.84875138405138,119.6,0.0,6.651381582757374,0.0,44.0,-1.8100939766439765,-0.0015333968985953015,0,1049,0
9FE556DC-9229-4044-A12D-D158ECD9C8EC,1039,2,10.0,1,0.35129932627526467,4,1.4051973051010587,296,259,250.0,27.114786464059613,84.55215,0.0,9.358769973460525,0.0,38.94207599999999,-3.3748690918373896,-0.01786915374957189,0,1049,0
6036494F-799D-432A-951B-0FD9BCAE3383,6967,2,0.0,0,0.0,0,0.0,-1,263,768.0,97.35316150403389,282.7339,0.0,36.92842472855664,0.0,146.7053,4.130859274824118,-0.15685680083045075,0,1049,0
283B275A-3D7F-4D6F-9327-8752BC9AE288,12736,7,63.0,3,0.08597675879396985,258,7.394001256281407,98,98,706.0,250.7644506041221,493.9087,-0.9,66.72239445513513,0.0,338.635,-17.08446337418377,-1.3666150345896386,0,1049,0
51EDDA54-2C7E-4CBF-A0A9-01946FB3154F,6967,1,0.0,0,0.0,0,0.0,-1,261,768.0,98.48337507667371,286.2928,0.0,37.22520086738069,0.0,147.8916,4.161891770394192,-0.15566046564892888,0,1049,0
51D47ABB-49D8-4264-BF61-141D4150B9FF,5763,5,133.0,2,0.12667013708138122,66,4.180114523685581,189,258,953.0,139.21639872664358,750.6409,0.0,92.22753620042134,0.0,254.3335,-11.43997608250777,-0.19136879519615782,0,1049,0
FF43FC19-CB5F-4E57-B4F2-97863D71913A,4450,2,132.0,1,0.08202247191011236,296,24.27865168539326,821,116,490.0,88.08406550836277,258.0,0.0,27.727656925667873,0.0,122.0,1.7202555826866046,0.026319892869634254,0,1049,0
844C1E94-D91C-4693-A425-0673A5E23C9F,3911,3,19.0,1,0.0933265149578113,47,4.386346203017131,237,199,511.0,160.99211661514317,294.4316,0.1511501,35.919072450603174,0.0,206.66699999999997,-4.457337374402442,0.4910268015574473,0,1049,0
5C17EFDE-AC38-42A1-8921-47450C93FC46,4758,3,283.0,0,0.0,0,0.0,-1,228,250.0,34.77870955338853,142.5,0.0,11.826805364801288,0.0,50.0,0.5457503231546781,-0.03717622888974918,0,1049,0
F867B201-9236-4A2E-9E95-E4D3B5D842B9,12736,6,145.4,1,0.02865891959798995,12,0.3439070351758794,203,40,499.0,71.02272434984454,191.1,0.0,24.474961473551385,0.0,102.3,21.08868768719249,0.18649918485584627,0,1049,1
7814E77A-3787-4332-A9BD-C92B5DC2C0B1,5146,8,123.14285714285714,5,0.35464438398756315,109,7.731247570928876,140,23,490.0,106.22119043925304,266.83,-14.72,43.629454819346115,0.0,149.06,12.718007863216101,0.05661845598210837,0,1049,0
18D3BF84-9B53-48D3-B063-F7DFA6FA89ED,12736,3,227.0,3,0.08597675879396985,290,8.311086683417086,443,214,269.0,154.86937288444585,254.4,0.0,31.597181970873255,0.0,194.4,-28.864612081976702,0.28527132407739797,1,1049,0
725409A2-0E3D-4446-987F-EB1FF410D697,12736,7,83.33333333333333,2,0.0573178391959799,112,3.2097989949748746,20,207,803.0,296.497229657799,799.1638,0.0,131.98864040340987,0.0,435.75437999999787,72.33795102815782,0.9429461029610651,0,1049,0
39A2C8C4-7F28-47CA-9AA4-8961A6AAA602,4063,1,0.0,1,0.08983509721880384,8,0.7186807777504307,784,198,624.0,62.98381051463403,276.754,-6.019614,36.40880110885073,0.0,110.50901999999999,-20.49737877080687,-0.06854752322193094,0,1049,0
9683C647-7AFE-4F37-B4CB-37BD2E7380EC,6178,1,0.0,2,0.11816121722240207,158,9.334736160569763,220,197,269.0,73.73848566017224,171.7468,0.0,19.831563476994045,0.0,100.2345,18.439856183963556,0.5935625565089697,0,1049,0
93132377-10BF-46AB-B748-AE3094FFF34C,4792,2,0.0,5,0.3808430717863105,140,10.663606010016695,223,193,294.0,86.02557380856098,536.6702,0.0,33.48501206337141,0.3808430717863105,132.41,1.809134524772361,0.41800744261973644,0,1049,0
E4DDABB0-5441-4865-8C23-A2516C0A5149,1907,4,6.333333333333333,5,0.957000524383849,150,28.71001573151547,411,174,554.0,104.73367964819982,310.8095,0.0,58.58466287023141,0.0,190.5982,38.677360924022395,-0.3320124333330265,0,1049,0
F28238AC-EDF1-4E47-991A-034656708A18,9332,15,42.285714285714285,0,0.0,0,0.0,-1,187,693.0,176.79994640761834,384.6,0.0,43.89597065008078,0.0,229.1,-9.943634679223294,0.19768557389328614,0,1049,0
2246E459-92C8-4031-A2E2-7B0A5D166EAA,12736,4,39.0,1,0.02865891959798995,4,0.1146356783919598,102,67,630.0,35.40111121865201,587.9417,0.0,100.32648530457882,0.0,224.2717999999999,231.01695966869366,-0.021401371402996406,0,1049,1
36D8819D-C1FE-41D7-8634-80B330BC8E60,12736,10,78.88888888888889,0,0.0,0,0.0,-1,2,529.0,71.33973922400182,283.2687,-14.1602,54.58605809342634,0.0,143.1274,13.037627447294483,-0.5912480515931245,0,1049,0
4020B8F4-3A21-4DF9-8501-1C464D81E73B,3591,5,117.5,1,0.10164299637983848,173,17.584238373712058,171,65,120.0,30.96881082704396,90.5029,-2.0,8.30193540950102,0.0,43.40004,-2.130878341619578,-0.009598577908189626,0,1049,0
AF87F62F-3C03-4D0D-9722-8060B5CB41B3,12736,2,250.0,7,0.20061243718592967,407,11.66418027638191,74,166,77.0,29.013580943634167,80.10583,0.002974187,16.41645982595797,0.0573178391959799,53.440886,9.41305698895534,-0.055259189925204746,0,1049,0
6B7D69EB-3F90-4DB5-B105-55BDEBD0EB6A,8900,2,0.0,5,0.2050561797752809,99,4.060112359550562,157,158,440.0,273.43972786929805,413.97,-15.57002,82.13921229061538,0.0,343.304,26.29535392082539,-0.5203179427733161,1,1049,0
BD959831-3BDF-418D-AD85-DA021C5F8822,5453,6,61.2,0,0.0,0,0.0,-1,40,490.0,141.231243116469,802.0,0.0,46.57228594213693,0.06693563176233266,201.34,-6.095101276191201,0.09346104067533582,0,1049,1
62A73906-3EF3-45D1-9D3C-8606A3D65A90,6346,5,105.0,3,0.17254963756697134,378,21.741254333438388,454,77,269.0,93.7162688426021,533.0723,0.0,33.30080975756202,0.28758272927828554,134.6,-9.57929019213914,0.08007869317248978,0,1049,0
5C4DB19D-9BCD-473F-B857-7118091B3580,12736,1,0.0,2,0.0573178391959799,44,1.2609924623115578,792,128,188.0,34.45662103011661,81.0,0.0,10.47974982404417,0.0,48.0,-6.091420412832658,-0.05758752795272633,0,1049,0
543FA16C-1207-4E8C-A1C0-499F0B8A249B,5026,3,38.5,1,0.07262236370871468,58,4.2120970951054515,893,49,133.0,37.492696959771166,83.71803,0.0,13.743700918671335,0.0,54.557205999999994,-0.29784070051190525,0.12806147743751403,0,1049,0
59F7DD56-C665-42DE-B997-94823778B39B,4911,7,74.5,3,0.22296884544899204,29,2.1553655060069232,962,11,1734.0,461.5044058754898,1165.093,-82.24992,203.46246102360948,0.0,751.9919,-123.53696040172434,1.1130246620430422,0,1049,0
702910A0-BA44-4766-AA67-D86F6A3B3F99,7438,4,86.33333333333333,1,0.04907233127184727,249,12.21901048668997,821,116,693.0,52.22212534316227,265.1713,0.0,27.369325567732275,0.0,87.35054,-16.002509377112887,-0.014207663671361547,0,1049,0
76DEF8EC-BC05-45F4-9A17-EE19804E89BC,2704,3,2.0,0,0.0,0,0.0,-1,114,472.0,73.27782029556703,380.5664,0.0,59.52416368421578,0.0,154.248,35.812933975497785,-0.06241394106216076,0,1049,0
2868313B-49FA-4E25-9459-4D66A1A117E6,4849,2,439.0,1,0.07527325221695196,30,2.2581975665085583,752,107,251.0,96.05641949351993,232.5,0.0,13.189769874719785,0.0,112.07798,-1.7924096555569662,0.050796615414252254,0,1049,0
104A009D-8BA7-4B68-BC2F-F007BF0D7B6D,7424,5,105.0,1,0.049164870689655166,158,7.768049568965517,30,103,820.0,227.77485436594696,652.0,0.0,91.52533972418018,0.0,334.0,-36.50826485977413,4.693678174717521,0,1049,1
0AC983BF-C77D-463D-A8D8-993E4D5E7C21,3636,3,373.0,2,0.20077007700770078,712,71.47414741474147,353,102,602.0,153.5923437182947,319.9472,0.0,30.526552768623773,0.0,193.55626,22.09664320145842,0.12291927732945664,0,1049,0
51649634-A16E-4323-809B-7E15C362D5BD,12736,11,93.4,0,0.0,0,0.0,-1,92,188.0,0.0,0.0,0.0,0.0,0.0,0.0,0.0,0.0,0,1049,0
7D009E15-757B-4BA5-9B51-239AB1A261F2,12736,1,0.0,0,0.0,0,0.0,-1,82,251.0,83.45540001332475,231.5428,0.0,30.02026034068005,0.0,124.7,-6.380700939250673,-0.0038094837955132592,0,1049,0
DFFDD77E-1474-4BCF-8ADD-E88ABCAE0D13,2249,3,0.5,0,0.0,0,0.0,-1,78,452.0,92.74948258831796,375.0,-16.6,23.2087201097789,0.0,123.0,7.716335312916613,0.04290464529219249,0,1049,0
E22F25BB-34C0-4A1C-A7F8-E2B037338F14,1735,2,241.0,4,0.8414985590778098,289,60.79827089337176,403,80,1246.0,370.1435323338549,830.7,0.0,117.3313119574137,0.0,535.2,19.617972295774678,-4.543438164520209,0,1049,0
B661AA1C-BEA1-47C2-96FF-01C42B0F6063,6143,4,178.33333333333334,3,0.17825166856584732,674,40.04720820446036,117,78,129.0,36.164483055313,147.53,0.0,8.485930370763294,0.2970861142764122,47.35707,6.655099471446256,0.04064411458118542,0,1049,0
B49E420D-017F-45B2-AD09-690BB04224C5,2418,3,325.5,3,0.45285359801488834,360,54.34243176178661,347,67,251.0,71.14483869792109,171.8945,-34.22894,26.316734178274714,0.0,105.60206,-0.37712452265103025,0.04656997103167429,0,1049,0
0D73717F-9B64-45D8-9390-42A477B75B22,2957,4,88.0,2,0.24687182955698345,78,9.628001352722354,744,64,473.0,102.67501376063163,360.5347,-43.45978,32.32139878711404,0.0,144.7449,12.861118007886887,0.4435430832074823,0,1049,0
195D4A28-7382-4A32-9F2B-BDDC68B010A1,10289,4,59.333333333333336,1,0.03547477889007678,27,0.9578190300320731,286,48,318.0,104.35201527141407,206.9336,0.0,39.27584724747005,0.0,155.957,-26.56040415737087,-0.034298895852216786,0,1049,0
5CB79D86-032A-42DA-AF90-0E1332BA04C4,4793,2,1.0,1,0.07615272272063427,834,63.511370749008975,476,53,450.0,109.52166860593847,201.0,-10.85,23.09325383111992,0.0,141.0,6.14384065332078,0.05505943806495315,0,1049,0
789538B1-103F-4BBB-9681-2AAC7E5B54E7,4483,2,6.0,4,0.3256747713584653,535,43.55900066919473,224,53,208.0,33.554727492312935,237.2923,0.0,7.879071204700303,0.4070934641980816,43.98009999999999,-1.2954916038376254,-0.24367614315958266,0,1049,0
34BDDE82-82B6-484F-A68B-5DD3017F0D80,4752,3,32.0,0,0.0,0,0.0,-1,49,400.0,143.48519305521492,303.6,0.0,38.65474045274323,0.0,193.6,-10.07985354904207,0.2726915302756803,0,1049,0
1A9B0851-50C5-42E5-83C2-55BC5588285B,3056,2,728.0,1,0.11943717277486912,4,0.4777486910994765,84,47,250.0,65.22174566275233,159.0,0.0,18.85147198242516,0.0,91.0,-5.621899983739979,-0.15033314583882793,0,1049,0
D984B4DF-76DD-41F3-992B-70589E5FBDE1,2538,2,1.0,6,0.8628841607565012,276,39.692671394799056,252,42,301.0,104.49361525893521,539.4805,0.0,21.142945724619874,0.28762805358550037,129.02292,-6.199587378464514,0.089347145310172,0,1049,1
9175FD58-1638-47AA-8B16-4041EF9F43BE,3492,1,0.0,2,0.20904925544100803,11672,1220.0114547537228,41,42,452.0,115.01432417980317,242.4871,0.0003521013,21.494135660177335,0.0,139.95795999999999,-5.085428257573966,-0.10397234367623746,0,1049,0
5739BAFF-F3B3-4D68-8255-E61A5CD65DBD,6178,3,232.0,2,0.11816121722240207,387,22.8641955325348,821,28,259.0,50.79036482750061,115.963,0.0,13.727236336477912,0.0,68.73654199999999,8.476807750431483,-0.017047110566407366,0,1049,0
E80093A2-E813-4D0B-B4C0-B12BF07A58A2,12736,8,66.71428571428571,1,0.02865891959798995,17,0.48720163316582915,769,27,887.0,206.4686934443509,552.0,0.0,92.439065115059,0.0,314.0,-137.4175360369435,1.5968348287168486,0,1049,0
1EFF23EC-E7A0-4535-8747-37BC6B2B0CF9,12736,6,111.4,2,0.0573178391959799,15,0.42988379396984927,416,27,399.0,160.15748473973056,346.0003,0.0,39.74412857788864,0.0,200.48049999999998,11.072769698541038,0.38252805637398096,0,1049,0
62F835CA-317D-46C9-90DA-C87C8CD69E20,10140,5,253.25,2,0.07199211045364892,75,2.6997041420118344,821,18,188.0,42.38819687635414,138.1113,0.0,10.603465863845184,0.0,57.625634,2.734648520928431,0.009456020271420175,0,1049,0
30C3AEA4-3841-4F2F-9493-E2E62AE7FEA4,6222,3,3.5,3,0.1759884281581485,106,6.2182577949212465,454,25,158.0,27.43095984673212,137.0,0.0,14.872264756524391,0.0,49.0,10.069811758206153,-0.023441622879863098,0,1049,0
B844FC6F-EF8F-42FF-92AB-06DE9BF9C2DC,4832,3,241.0,0,0.0,0,0.0,-1,25,314.0,86.2192256405497,459.9609,0.0,29.784581921286556,0.37769039735099336,123.0,-6.575629961537345,0.04478633621884699,0,1049,0
50B491E2-4948-470F-83CB-A07016264463,4276,3,307.0,2,0.1707202993451824,4615,393.9370907390084,73,19,542.0,114.90351468285711,411.9742,-1.84794,73.92343264154304,0.0,214.11019999999996,-70.22415698707795,-0.08752835453618958,0,1049,0
749B5EBB-7FE5-4728-B3D8-CAA50CE673F8,5994,6,107.0,1,0.06089422756089423,121,7.368201534868202,821,0,269.0,89.74690826043606,169.5257,0.0,19.97010531365158,0.0,116.4547,-9.950745085358903,0.11862598116707175,0,1049,0
B55107E0-4499-4EE7-8DBA-C4114403A0E5,12736,2,409.0,1,0.02865891959798995,41,1.1750157035175879,766,57,739.0,176.39504487527094,606.76,0.0,104.48588273257481,0.0,309.49,-67.45374009132031,-0.17207978637062832,0,1049,0
F21D382B-46AC-4A96-9C63-95FD7C9CE1AE,4911,3,134.5,0,0.0,0,0.0,-1,67,1734.0,467.3067777507674,1171.826,-91.81165,202.40463289539719,0.0,757.6878,-121.85342396990325,1.1676455585929104,0,1049,0
1F3135EA-5ADD-41B0-BBB6-8DA2CA41D6A9,10261,2,14.0,2,0.07114316343436312,9,0.32014423545463405,403,516,146.0,34.50336006540916,1146.798,0.003754629,10.404313354203266,0.1778579085859078,43.596968,4.5841481704704705,-0.006328597294571013,0,1049,0
6AB8C606-0992-47F0-AA31-A4206C93525B,718,1,0.0,1,0.5083565459610028,60943,30980.772980501395,629,581,497.0,55.672026822449865,494.0,0.0,25.861252530425833,0.0,88.0,-3.314773736030112,0.006555907679453362,0,749,0
A9308171-2840-4077-9F49-45BCBB738070,8733,1,0.0,2,0.08359097675483797,349,14.586625443719226,236,763,346.0,76.22373941649487,184.4,-31.48009,29.157222428411043,0.0,112.6,1.801808423011309,-0.07117244127083293,0,1049,0
BBC31DC0-B7CC-4E6A-8F9C-43891A705AAB,12736,2,181.0,1,0.02865891959798995,4104,117.61620603015076,434,263,314.0,80.40644494090039,190.0,-1.46,28.729968614294965,0.0,115.0,-5.408759755715195,0.046565991228840774,0,1049,0
625C3816-E8C2-4A8C-ACFC-C7DD02C07D20,915,2,7.0,4,1.5956284153005467,703,280.43169398907105,224,746,151.0,14.298914584784583,500.0,0.0,53.7648628940007,725.2131147540985,12.20856,-3.7889313354790275,0.009080263970222295,14,1049,0
A9693C1B-395A-4C3D-8F96-0D0006596C22,12736,7,33.833333333333336,1,0.02865891959798995,323,9.256831030150755,821,547,84.0,11.42072686019604,188.5983,0.0,2.460419655516185,0.1146356783919598,14.380379999999999,-0.6006751932978922,0.0010678360937806913,0,1049,0
72E1682D-34E5-4D99-BC5B-72D1DA524E78,3468,1,0.0,4,0.42099192618223763,136,14.313725490196079,413,749,250.0,39.22573908341949,125.6862,0.0,17.327944542854453,0.0,62.37925799999999,8.064916859558906,-0.12081509966673301,0,1049,0
E5E993A9-BBB8-42BD-BB85-83857243B3E8,6245,4,227.0,2,0.11689351481184948,168,9.819055244195356,460,67,269.0,61.771449789439764,413.3616,0.0,14.3741828624541,0.2922337870296237,86.261454,22.924308561640494,0.021553584207274115,0,1049,0
4E42BD1F-F152-41F6-8C37-B03B91B72C24,12736,3,93.0,0,0.0,0,0.0,-1,561,489.0,107.4158757987232,239.0,0.0,24.37595637381998,0.0,139.0,14.40025074448667,-0.09781757464353581,0,1049,0
CB739177-12CB-41DD-8CF4-5B37A7E1C906,4714,6,70.8,1,0.07742893508697497,319,24.699830292745016,821,390,1524.0,432.9105395425166,810.0,0.0,55.99140063763877,0.0,504.0,-11.179520931405477,0.17924263561304601,0,1049,0
39A56711-63D6-48D1-AB88-F8538F388120,4131,2,42.0,1,0.08835633018639555,190,16.787702735415156,200,746,151.0,29.707125764251195,139.0,0.0,7.820408379379085,0.0,40.0,-0.009517739559836258,0.009029406922637519,0,1049,0
E0FE1F49-6C09-4610-A5D1-DB7EF44A313D,8238,5,153.25,5,0.22153435299830057,72,3.190094683175528,524,130,708.0,171.94766226168053,681.6454,0.0,103.97186961603143,0.0,303.5109399999999,1.7619365037515706,-0.14510600645730348,0,1049,0
C6047CE0-9451-4ECC-AAF2-DFCA6190BDC9,12736,5,152.25,0,0.0,0,0.0,-1,127,452.0,130.2470074769137,797.7214,-44.0297,44.045179579258566,0.0573178391959799,184.32548,-22.926532391265553,0.17703990458517518,0,1049,1
75ADE5F4-067C-4930-BB4B-A03E975DEC67,6357,1,0.0,1,0.057417020607204654,110,6.315872266792512,821,733,269.0,70.97378447035739,142.8666,0.0,13.045131696197286,0.0,88.6,3.9951429987784195,0.09856058475433775,0,1049,0
79940172-DE11-4491-B298-EC92A07E899B,9511,5,184.75,1,0.03837661654925875,55,2.110713910209231,419,26,489.0,155.7863265427884,259.0,0.0,28.36372298271404,0.0,190.0,-3.209629011924193,-0.025720710833216615,0,1049,0
B05F4C1F-99C0-406E-8224-06E97829F2B2,6277,5,207.5,2,0.11629759439222559,13,0.7559343635494663,962,106,312.0,36.44680781759001,91.40901,-341.95,11.31748061058228,0.0,51.91563,-1.2790324973739615,0.05710271824878994,0,1049,1
8F12CE1C-05AF-490C-8BB8-1CA1FFF9A086,5274,5,157.75,3,0.20762229806598406,227,15.710087220326129,443,76,301.0,75.8660151446569,504.4127,0.01555736,18.100601462404345,0.34603716344330676,99.20084999999999,-22.266045923604437,0.05951694863974337,0,1049,0
84BD511D-6277-47EE-B645-4874358E846D,3931,3,80.0,2,0.18570338336301195,233,21.634444161790892,821,543,301.0,85.61596670340637,158.909,-8.317545,19.201192842270416,0.0,109.6969,14.659337477920772,0.20910057032466658,0,1049,0
0AAAA21C-8D90-42CB-9758-50887F2ADCA0,6561,2,0.0,1,0.05563176345069349,186,10.34750800182899,821,697,269.0,92.44040526848197,158.2944,0.0,21.35392748623762,0.0,122.08462,-6.261888573265921,0.1625317731880884,0,1049,0
AFC46547-FE9B-467E-96B1-2F633B2D3EA5,5609,6,130.0,1,0.06507398823319666,143,9.305580317347122,675,46,451.0,83.20118835435132,206.1064,0.0,28.396393498414422,0.0,117.7299,-19.623465341311203,-0.3952458893271241,0,1049,0
2703E2CA-ABC0-4280-99F0-BADFE8890649,8808,3,272.0,4,0.16575840145322435,71,2.942211625794732,239,132,314.0,50.70999754718357,176.0,0.0,26.337049689879386,0.0,86.0,-17.86624754718357,0.12460346041803938,0,1049,1
7F6B8819-A0B9-42EF-A026-381CFD1D6188,736,1,0.0,0,0.0,0,0.0,-1,669,678.0,44.81277732221877,162.7922,0.0,30.27856168043284,0.0,87.42142,-2.3216159226817297,-0.10521765486278657,0,785,0
08239E64-D3DE-44B3-A081-FAA5940F7543,8362,5,147.25,4,0.17459937813920115,44,1.9205931595312125,83,165,314.0,41.944307987563555,1000.83,0.0,13.427493287037873,0.21824922267400143,58.0,-5.958351197440095,-0.048859712904693445,0,1049,0
5ACB72DB-4E4E-42E7-9253-6DCD965927CD,4428,2,1.0,4,0.32971996386630537,38,3.1323396567299007,91,648,301.0,43.56801085818695,103.4156,-45.3,13.315058118791859,0.0,60.709036,1.1367291858716868,2.3350148638426056e-05,0,1049,0
D7EC6434-BF8F-4699-8A20-1FA3E017D34B,12736,3,0.5,1,0.02865891959798995,5,0.14329459798994976,867,623,489.0,109.62135133008942,221.0,0.0,29.06423981475403,0.0,146.0,0.24616410200934524,-0.011876580556457792,0,1049,0
26F11D4C-5846-41DE-B0C2-EEC7F41FBFD0,9328,4,93.0,2,0.0782590051457976,143,5.595518867924528,307,425,100.0,44.94824118915193,96.4273,0.0,7.723302673768738,0.0,54.0,2.1106862799838666,-0.011820040654356453,0,1049,0
174492BE-3335-447B-B0B4-1436DF5F9F12,4238,2,238.0,1,0.08612553091080698,17,1.4641340254837187,235,361,188.0,21.256523100234013,138.5683,0.0,7.0641995407572935,0.0,29.7923,-3.136888172301912,-0.01158471067703359,0,1049,0
50F4C3E1-66C7-47EA-8E7E-AA173597A0BD,12736,3,104.5,2,0.0573178391959799,11,0.31524811557788945,178,599,313.0,48.290107425934885,188.0,-25.09178,28.90588533433196,0.0,89.0,-9.134474709885502,-0.004804948484761755,0,1049,0
022B9D83-1EE0-48A0-AF7C-E057A504F1D9,3931,3,31.5,2,0.18570338336301195,773,71.77435766980412,291,536,301.0,85.19189807105575,171.4468,0.0004522573,19.150041184116322,0.0,109.31461999999999,14.641715533882518,0.20935710374157113,0,1049,0
C934F421-91CC-4E16-9087-2EE88663A6A3,6580,3,297.0,1,0.05547112462006079,4,0.22188449848024316,728,0,377.0,64.35710797884612,208.0107,-1.749512,29.80250503505802,0.0,106.0937,3.1173698995335144,-0.09923282467308614,0,1049,0
06A8DAD9-0ABC-4738-A1ED-648A8800DFC0,7965,5,117.25,0,0.0,0,0.0,-1,471,489.0,108.06056911970407,201.0,0.0,26.620733011244138,0.0,143.0,9.873690139555194,-0.0434035066058751,0,1049,0
CFC05757-D065-4373-91F8-A452AB1F1396,8589,4,234.33333333333334,2,0.08499243218069624,98,4.164629176854116,216,215,761.0,111.60931192466535,386.7279,0.0,71.43647681947064,0.0,209.52943999999997,-52.508241143029544,-0.09051500971148435,0,1049,0
03492447-A122-438A-B6A8-A9FA08AFB3C7,327,7,73.0,3,3.3486238532110093,30601,34157.07951070336,458,389,150.6,41.58140135364641,165.0057,0.0,30.034679456367293,1.1162079510703364,76.90874,-41.58054234033623,-2.5120449541104875e-06,0,1049,0
65B7D5D1-9325-4311-B19C-75F2BCAE89AF,5127,2,1.0,4,0.28476692022625316,130,9.254924907353228,132,585,133.0,40.69824890228642,78.5124,0.0,11.829826600677608,0.0,55.66513,0.6660646085932029,0.11160361384843935,0,1049,0
CA28800D-A383-4B2B-9631-772BCCC7F6DB,12736,9,37.75,1,0.02865891959798995,24,0.6878140703517588,581,276,496.0,141.16075232343263,320.6305,-40.9519,71.50358858302178,0.0,208.81384,36.948281282277236,-0.7924124185378132,0,1049,0
6BF8DCB5-9A56-49C5-8472-B5BEF5B15078,3224,3,0.5,0,0.0,0,0.0,-1,580,452.0,95.4506619289744,246.0,0.0,42.623080874859426,0.0,154.0,-13.818408842554646,-0.12380597970493748,0,1049,0
270C0041-C543-4B27-BB02-7B5DB2AACFE6,5128,2,2.0,1,0.07117784711388456,17,1.2100234009360373,771,577,188.0,18.012691004799564,97.0,0.0,8.725375682214416,0.0,30.0,-2.911919399861292,-0.03341473341474958,0,1049,0
BBF323B9-A2C3-4D77-AF75-A57446178B99,5627,2,202.0,0,0.0,0,0.0,-1,576,251.0,50.09512491788236,235.5896,0.0,12.792089489704185,0.0,65.42403999999999,-9.859226276524332,-0.03355793605776226,0,1049,1
2AA63D69-C695-4A9C-A97C-C9BC8EF077C1,9545,4,97.66666666666667,10,0.38239916186485073,2340,89.48140387637507,98,504,259.0,94.31648642439751,229.9768,-2.178168e-05,23.874091206801882,0.0,124.8926,13.702015388102495,0.16280947712613528,0,1049,0
D382CDA4-884A-4B9B-A22D-ABB67EFB11E4,12736,3,202.5,1,0.02865891959798995,12,0.3439070351758794,33,164,433.0,35.02016001257566,376.5,0.0,36.136684533794686,0.0,85.15907,34.964132948844096,-0.04394124823442032,0,1049,1
F059AF20-A1E6-4084-961A-8C9AF508F85C,1745,3,0.5,0,0.0,0,0.0,-1,553,629.0,81.4125637838406,782.7759,0.0,40.19316476680245,0.4183381088825215,137.86682,-10.580549258300465,0.12097407519812033,0,1049,0
5BD94305-EA73-4031-BD99-1BDB7D4E8EE2,12736,3,76.0,1,0.02865891959798995,118,3.381752512562814,821,545,346.0,71.49664396530326,414.9719,0.0,40.46668794983734,0.20061243718592967,126.9866,18.869376231764633,-0.27415324539687713,0,1049,0
AFA3066C-0692-4489-9DD1-346974AFC63B,5030,4,22.0,1,0.07256461232604375,1951,141.57355864811134,346,469,176.0,35.814992807281556,154.35,0.0,14.735386156276943,0.0,56.32,4.486807347039431,-0.05237484108696118,0,1049,1
720C8CBB-10A6-4A55-B307-BD54DC897475,5078,2,14.0,0,0.0,0,0.0,-1,522,489.0,110.23051502515794,226.0,0.0,27.99170327954037,0.0,147.0,11.963003493360574,0.09148465974297054,0,1049,0
B9DA195A-C798-40F8-BC58-AB1D1ABDA256,12736,1,0.0,0,0.0,0,0.0,-1,533,188.0,36.12873507593787,234.5,0.0,7.496359804513796,0.14329459798994976,46.0,-2.7359110018637907,0.0011070754047970166,0,1049,0
851C0F1D-CE35-437C-BAD1-873DC0DCD321,6409,1,0.0,1,0.05695116242783586,357,20.3315649867374,821,530,676.0,97.26711475896445,217.8497,0.0,24.905474664216186,0.0,131.8207,34.279342378381216,0.05853090981841785,0,1049,0
6F6D633F-3DF8-4747-B5D0-7FA33C5B1654,707,4,97.66666666666667,5,2.5813295615275815,1395,720.1909476661953,294,233,1188.0,206.78137347819387,1072.52,0.0,85.55471366452119,0.0,316.85,-51.532887367082736,-0.09783125260107149,0,722,0
D7A38D08-22DE-44EE-9374-6818BDDDF83C,6294,3,19.5,4,0.23196695265332062,50,2.8995869081665075,83,490,314.0,42.73186738881118,840.0,0.0,13.306994017764508,0.28995869081665077,58.0,-6.530709981403774,-0.04839617831194472,0,1049,0
EB3F0C5A-EF42-4536-8273-A67A4ABA5E44,2937,2,285.0,1,0.12427647259107932,424,52.69322437861763,821,224,542.0,120.50231625753248,408.2005,0.0,68.12957571491549,0.0,212.39939999999999,-0.21413710861273216,-0.22146357613949877,0,1049,0
B8FA83EE-4339-4D27-8FC3-4871FECC6BCB,1745,5,61.25,0,0.0,0,0.0,-1,356,629.0,81.62693789142642,225.6234,0.0,40.22452990012538,0.0,138.31114,-10.530836083787534,0.12156794792646361,0,1049,0
E37643E2-E950-46D4-A7B3-2D4BE8BE1CA3,2760,3,222.0,3,0.3967391304347826,528,69.82608695652173,73,504,301.0,63.84819795327415,237.4877,0.008464055,19.312926007573306,0.0,89.95864599999999,-14.238420181468989,0.018261499590254294,0,1049,1
FCFE37C8-7C41-4533-8EC3-C1D377BA22B5,12736,5,55.25,4,0.1146356783919598,165,4.728721733668342,573,496,99999.0,17.683524551550914,239.342,0.0,19.857008486562744,0.0,44.64111,-17.683524551550914,0.0,0,1049,0
6AAB6026-ABA0-4B4E-8E70-853E097CA073,1272,4,207.0,3,0.8608490566037736,245,70.30267295597484,434,128,452.0,102.70670048068573,199.3295,0.0,27.675815311081895,0.0,143.33,12.034009997709333,0.06079860582228434,0,1049,0
57806FEE-DB0D-4805-A542-4467F5D4B48C,2811,2,0.0,4,0.5193881181074351,413,53.626823194592674,447,484,181.0,36.91346906679218,87.78651,-373.2394,16.47169093642287,0.0,60.65003999999999,10.42884779447325,-0.047745556901105685,0,1049,0
9CAF453B-F121-408C-9BA8-1B544FF2CDDF,12736,3,175.0,1,0.02865891959798995,8,0.2292713567839196,153,212,266.0,88.58445456489024,154.0,1.3,17.797191433372223,0.0,114.7,-4.776723083408754,0.33382645548369244,0,1049,0
34BE3784-CDAE-409E-92F5-606D4F251F34,649,3,205.5,5,2.8120184899845917,152,85.48536209553158,96,102,416.0,19.588940786853605,399.9599,0.0,24.427926735768576,0.0,47.316992000000035,43.41517311499825,-0.019393464813618814,0,735,0
6567AD54-68F7-4EF8-9098-EACE464D8897,3773,2,1.0,3,0.2902199840975351,413,39.95361781076066,821,464,301.0,49.274519310594435,113.5633,-0.02,13.625831916755379,0.0,67.12291,8.949637496272842,-0.013034371689120592,0,1049,0
415E2AC6-9736-4B8F-AEBF-1E2F89FC80E3,2070,1,0.0,0,0.0,0,0.0,-1,461,931.1,82.45393634947992,246.0,0.0,41.95822407036742,0.0,140.0,-7.241897203646587,0.061453609479045025,0,1049,0
51F67213-28DB-4C56-8826-D9B8552B56A5,2876,4,58.0,1,0.12691237830319888,239,30.332058414464534,821,277,301.0,127.22436140533124,224.2425,0.0,21.168379258322076,0.0,152.95126,-26.045275627553465,0.11613876464392055,0,1049,0
DA0A2BEA-7166-4832-A6D4-0D9A8B23CD53,495,6,68.8,4,2.9494949494949494,13233,9757.666666666666,329,102,226.0,31.995498150030574,93.27705,0.0,13.503335232663789,0.0,46.83247800000001,-0.7222531847527982,0.041029998359965944,0,512,0
AD3296B7-7646-4DAD-9915-2E176E681BC1,468,5,94.0,3,2.3397435897435894,287,223.83547008547006,290,67,226.0,23.611604334307263,82.65611,0.0,12.774142850981818,0.0,38.365892,-2.6429814940294882,0.013503768948935978,0,512,0
284D8099-54AD-4BA2-9F1D-CBDBFC7678E7,1805,2,1.0,1,0.20221606648199447,27,5.459833795013851,439,440,753.0,253.46844397136843,668.7936,-156.5964,106.31729044053239,0.0,394.3384199999999,-42.555093423528945,-0.6593503680783644,0,1049,0
91432895-B2E5-42C5-8793-8D9B2956CDA6,3880,3,325.0,3,0.2822164948453608,369,34.71262886597938,224,123,452.0,27.830320300501107,121.8503,-0.6455656,21.627197794694368,0.0,55.241594,14.983855441551363,-0.029571530045303263,0,1049,0
2FDF257B-B499-4681-AC67-D61934D29759,4188,3,46.0,5,0.4357688634192932,466,40.61365807067813,224,340,452.0,197.34912772544368,536.0,-35.34,41.10588713922781,0.17430754536771728,252.0,17.077569805420524,-0.158530202631546,0,1049,0
2189B5AA-6168-4CC0-B28E-DCBA48BC1489,8981,2,329.0,1,0.040641353969491145,11,0.44705489366440265,178,431,301.0,47.09154178160653,181.0,-25.56258,29.093904647422878,0.0,88.0,-9.014767090248505,-0.002556728539909651,0,1049,0
D6254F08-DE85-4CE6-9C7C-DA0882B4B70B,1687,2,170.0,3,0.6490812092471843,493,106.66567871962062,97,425,602.0,81.03993755255325,966.9294,0.0,13.936719207074438,0.43272080616478953,99.254966,4.429893393434398,0.03015730249039382,0,1049,0
0EBC3A03-57B6-4B5A-B505-78FD4F82CE62,12736,4,128.66666666666666,0,0.0,0,0.0,-1,218,314.0,27.280766716457737,144.0,0.0,19.760928795755184,0.0,56.0,-9.191954988062676,-0.02023300773302635,0,1049,0
EEC3CB4D-F102-4DB2-A192-4C69F0BD3C01,1826,1,0.0,9,1.7990142387732748,935,186.8975903614458,253,423,452.0,86.57519253044474,189.0,0.0,24.59058965601237,0.0,118.0,15.349963061376258,-0.19427420514945895,0,1049,0
25288F52-2B7B-430A-B67C-336DE7F68A2C,10105,4,125.66666666666667,3,0.10836219693221179,20,0.7224146462147453,131,396,188.0,38.16916146572931,136.0799,-723.0,13.418523902989174,0.0,54.555733999999994,-3.122659923676842,-0.0089783085868851,0,1049,0
E4B22469-BD58-4ECA-86AE-79D306D83E7E,5548,2,0.0,0,0.0,0,0.0,-1,414,511.0,162.65540767968147,296.243,-3.383485,36.09004522341107,0.0,208.24742,-4.409147793879015,0.50996674380226,0,1049,0
63641D07-2034-4A57-8871-AAEB24E848FA,12736,2,329.0,1,0.02865891959798995,560,16.048994974874372,271,81,188.0,51.09958583432219,120.0,-66.7,12.994210668647163,0.0,68.0,-6.45020311827281,-0.01595750275530051,0,1049,0
A9499AB9-2DA8-46C7-98EE-CB387B56CF5A,494,2,1.0,0,0.0,0,0.0,-1,390,678.0,83.086452740365,300.0,0.0,70.63538157530202,0.0,114.20948,10.224575960252295,0.025965253238765165,0,665,0
27FF59CA-C2BB-451E-9481-9E3A649EF76D,8705,8,69.42857142857143,3,0.12578977599080987,20,0.8385985066053991,43,30,415.0,178.69060051171056,361.0,-1.0,52.71076886343546,0.0,244.0,-14.744447790259926,-0.790725526344897,0,1049,0
B1B22AA8-821E-4D5A-AE1C-317C4CB08AA1,3895,3,3.0,2,0.18741976893453144,81,7.590500641848523,329,354,452.0,75.73472602763064,216.3182,0.0,35.542804632087446,0.0,123.00254,-3.842039220068912,-0.05763041464717215,0,1049,0
9AE14878-F871-4485-A8E4-6331F02F5038,2447,2,284.0,0,0.0,0,0.0,-1,70,302.0,47.80571116327206,147.4399,0.0,21.189727323338175,0.0,71.65992200000001,-9.6287324068145,-0.16040234700193706,0,1049,0
43D48296-363B-493B-97E8-135A4D2D738D,6165,2,4.0,2,0.11841038118410381,54,3.197080291970803,713,354,1247.0,192.635694091545,588.363,0.0,95.76117099961087,0.0,329.8267,-56.76014276885982,-0.04991297624102977,0,1049,0
5DED95B0-E8F9-4EDA-8695-40B4917BA061,12736,1,0.0,0,0.0,0,0.0,-1,347,573.0,79.66569358513594,312.1284,0.0,48.30383586831902,0.0,155.6513,3.428408714246771,0.04844727168412547,0,1049,0
D60B02FE-1AD7-4AFC-8112-59F271ABC336,5233,2,199.0,3,0.20924899675138542,12,0.8369959870055417,227,147,148.0,49.68454245653768,181.5361,0.01731228,9.358419267123166,0.20924899675138542,61.168126,0.07091749330800212,-0.03946052342372359,0,1049,0
816653E7-90DE-4268-BEA5-5A35ED0BA3A9,193,4,107.0,6,11.347150259067357,510,964.5077720207253,188,12,226.0,34.914300582709636,237.0,0.0,18.191265871935467,9.455958549222798,54.0,-0.7416153975244484,-0.05675346293327254,0,1049,0
AB7E6766-7227-46CA-98D5-764CA6CF4552,5024,5,111.5,3,0.21795382165605096,682,49.54816878980892,333,332,487.0,100.33372928510477,327.0,-1.26853,31.779737268760357,0.0,141.0,18.96349293711745,0.0005998682963855527,0,1049,0
0EBC7B84-5B08-4F34-AC76-BFE03BE79CE2,503,1,0.0,5,3.628230616302187,688,499.2445328031809,282,329,452.0,60.69606155579194,150.46,0.0,28.606052130125292,0.0,94.45043,-1.6259959568721811,0.06542569507604075,0,582,0
BE7CE2C8-18C7-47F9-B010-505AAB63A382,9181,6,69.6,0,0.0,0,0.0,-1,224,452.0,134.59599511622372,294.0,0.0,40.045929630754095,0.0,186.0,-27.039359313754588,0.17592352508073278,0,1049,0
A44CC9FB-6BF6-42FA-A9DA-43CBD87F6A08,479,6,28.6,0,0.0,0,0.0,-1,299,226.0,17.21027863375688,65.4575,0.0,10.642103716737099,0.0,30.47056600000001,-0.3195636265809547,0.017425063337765487,0,512,0
52CEF3D7-B755-440E-914B-E90185699A93,3747,1,0.0,0,0.0,0,0.0,-1,291,90.0,16.85208826233667,44.06598,0.0,6.65199247428204,0.0,25.509044,0.5049077771463537,0.02577755898854838,0,1049,0
7788101C-D03E-4DE9-B82A-77ACA3BFE323,355,2,0.0,1,1.028169014084507,8,8.225352112676056,223,282,402.0,20.754278467103806,162.0124,-21.7793,28.285747433233816,0.0,64.90161400000001,20.858991690689404,-0.3332963619878755,0,785,0
F3B79ACA-9389-4CCD-8FEE-3534CBF7C147,378,3,55.5,0,0.0,0,0.0,-1,197,887.0,79.59550817676045,235.4648,0.0,49.92204132982052,0.0,148.10535,-6.072300626760452,-0.0248747411401544,0,428,0
EA9B4423-F67A-4115-A93E-97EE9843D486,12736,5,31.25,1,0.02865891959798995,52,1.4902638190954773,215,264,264.0,106.67057747257819,214.1,0.0,36.34273230937542,0.0,153.7,-4.475700928982505,0.1781603695787453,0,1049,0
8BBD03B9-5906-43F7-8551-542DE32729E9,1541,2,1.0,1,0.23685918234912395,10,2.3685918234912395,939,261,452.0,108.2456138964938,253.4523,0.0,44.692121843819,0.0,164.60943999999998,-21.08568005606169,0.23719746985136994,0,1049,0
7F1776E8-6AE9-49D6-9A08-03CFAE0C5F35,5974,5,7.75,2,0.12219618346166722,16,0.9775694676933377,187,215,489.0,97.70960488660695,234.4173,0.0,30.124850440454857,0.0,136.80238,-7.094794363458803,0.0028584911510829356,0,1049,0
68393A79-FE6B-4B86-AB40-6CE88137A76E,9824,3,146.0,3,0.11146172638436483,210,7.802320846905538,501,235,141.0,40.20787451315571,124.8,-2.296912,18.028103051446696,0.0,60.67,-5.225536550192743,0.05708211804837783,0,1049,0
97DE8F48-CDF0-4327-9EAC-AB2B73FB697F,1236,1,0.0,0,0.0,0,0.0,-1,235,753.0,176.46138865207794,494.0,-14.515,56.489158453274726,0.0,262.0,-10.783093898991496,0.08427859749473203,0,1049,0
66C36BAE-71F9-4D8B-8D0F-1886931FC598,6135,5,68.25,6,0.35696821515892424,251,14.93317033414833,1,186,734.0,153.1672968493072,355.6895,-0.7,47.49985566764775,0.0,217.77526,41.33665295987487,0.1562906950770002,0,1049,1
9BC821B2-CCB1-455D-934C-E0800CBD0CD5,6920,2,1.0,0,0.0,0,0.0,-1,231,801.0,238.1744661597513,427.07,0.43,48.46067036260509,0.0,302.52399999999994,6.479646494569721,0.4618628260002463,0,1049,0
DF4F2003-6EAF-45F7-8020-9013817C6D00,12736,5,139.75,0,0.0,0,0.0,-1,12,250.0,56.0460858785921,297.46,0.0,26.82778140877956,0.14329459798994976,88.96484,-12.731579705752594,0.005127519172422179,0,1049,0
DC78C785-DE0F-48D9-8170-6F5F1EDAC962,5527,2,229.0,2,0.1320788854713226,179,11.821060249683372,758,225,314.0,25.783274443641567,207.0,-26.6,28.388128785031974,0.0,76.0,-17.445697283147737,0.016768816909259347,0,1049,0
FDD9C72D-F18E-4907-8818-5B7D2032B7C5,6030,2,1.0,2,0.12106135986733002,45,2.7238805970149254,481,222,400.0,128.2844594844876,276.1907,0.0,35.10116188651552,0.0,172.29326,-13.418749505320918,-0.0085174895672972,0,1049,0
CAAC2AF6-6F91-488C-8E1A-9807951C955C,6127,2,0.0,1,0.05957238452750122,6,0.35743430716500735,657,217,325.0,85.41746059543777,180.4,-71.23009,19.96636786649878,0.0,111.03399999999995,4.180741565056053,-0.1524000951192897,0,1049,0
7D6A66AC-8CED-4DCB-8189-AF743326D9B9,6951,7,81.83333333333333,1,0.05251043015393468,181,9.504387857862177,821,205,748.0,225.0583287336175,992.0,0.0,61.64703260689127,0.2625521507696734,300.8789,-12.541044999049575,0.21865113747905915,0,1049,0
BB67EE48-B027-4D81-83A2-3809F056824F,4911,4,69.0,2,0.1486458969659947,86,6.391773569537772,74,4,1734.0,460.4548624948458,1025.763,-146.1375,200.7625033688409,0.0,748.39094,-119.5820634686113,1.1194765848810273,0,1049,0
25A7D8AB-326A-4464-90E9-F1A74466E9A5,892,3,76.0,16,6.547085201793721,1133,463.6154708520179,69,201,60.0,4.916957637087131,24.281,-0.498,5.646718607781535,0.0,12.335800000000003,1.6410024709375604,0.002736007474625025,0,994,0
B34F4910-E39E-4D7A-8DB1-1F921964B5C5,4571,4,11.666666666666666,2,0.15970247210676,70,5.5895865237366005,411,200,226.0,36.97294538217532,163.4039,0.0,22.021986716115503,0.0,66.660366,17.242900766667276,-0.2127608048589718,0,1049,0
FBB8FC67-8C01-467D-A12B-01B71AC82D42,5914,2,622.0,7,0.43202570172472105,394,24.31687521136287,252,184,269.0,104.35753252980837,224.9494,0.0,21.11977020337587,0.0,128.71032,-5.268370502802199,0.09158444699553661,0,1049,1
125918EE-4CCE-4177-A086-BEEED0C2412B,12736,3,220.0,6,0.1719535175879397,425,12.18004082914573,63,179,259.0,115.84709235888681,385.3159,-152.0502,35.307108924710306,0.14329459798994976,158.7155,15.08887707629836,0.03337908646253706,0,1049,0
49D98260-F113-459B-BD5D-136417B81C53,2483,1,0.0,1,0.14699959726137737,8,1.175996778091019,707,168,472.0,119.05120557213603,457.0977,0.0,20.269483865883384,0.0,144.2753,-5.0594485644199665,-0.28805413516312767,0,1049,0
B7C053D0-9734-48F1-B3A8-9114744DF765,6165,3,90.5,0,0.0,0,0.0,-1,151,1247.0,191.02317171886563,585.1356,0.0,95.0497699646004,0.0,327.4345799999999,-54.73216591647366,-0.0648031977382522,0,1049,0
5E0193DC-45E4-4A39-A181-2527641BCA71,332,5,32.5,12,13.192771084337348,604,664.0361445783133,69,150,151.0,21.821496939912393,73.885,0.0,14.459479519969108,0.0,36.884,9.484008307001186,0.011074399788694973,0,456,0
98B781DF-4CCB-40B5-87E9-FA0B8D3C4B20,2746,4,83.33333333333333,10,1.3292061179898034,1028,136.64238892935177,145,145,301.0,49.59609810460267,96.93604,0.0,12.187834489115193,0.0,65.60211,13.624101179347953,-0.13869873589567305,0,1049,0
41BEAA45-C12F-40F6-A19D-77FF8F50DC5D,1964,1,0.0,0,0.0,0,0.0,-1,143,265.0,59.62890973722381,174.7969,-3.227356,25.017717017005545,0.0,89.830374,-11.577531886066396,-0.004644483929534034,0,1049,0
B730A01E-E8E9-4C5B-BD25-C42FD456A1E5,162,2,7.0,1,2.253086419753086,505,1137.8086419753085,1,134,803.0,70.60644236392514,810.0,0.0,62.59730945718966,4.506172839506172,146.41684,58.472494951661275,-0.06604762394947168,0,273,0
7FBD9408-D2B6-41D7-8358-F38BB3ACA907,2822,2,309.0,0,0.0,0,0.0,-1,128,151.0,18.153450718178025,72.27811,-2.599853,3.759667528734683,0.0,22.98444,2.6704422815133313,0.02988051492123375,0,1049,0
B2E793B5-BA4A-4229-BCF3-2023FC784814,3636,2,1.0,2,0.20077007700770078,283,28.40896589658966,556,116,602.0,152.90370621651078,405.4499,0.0,30.608385755433417,0.0,192.59992,21.670289677779294,0.10704633198126227,0,1049,0
2B187E80-8A1A-4948-8BD0-A7153C49F0CB,1039,2,0.0,0,0.0,0,0.0,-1,116,250.0,27.211663116893277,94.83833,-6.040794,9.423786446547945,0.0,39.10363199999999,-3.3372099371864863,-0.018051042486464722,0,1049,0
8EF84F38-2FDA-4126-939B-EB8D49676A85,6030,2,364.0,2,0.12106135986733002,111,6.718905472636816,480,111,400.0,129.89075538940403,278.1186,-58.86918,35.5346220139528,0.0,174.34496,-13.724275782922561,-0.006901457666353575,0,1049,0
74F518BC-6301-4C64-A447-7F5D7D314F82,2333,2,1.0,8,1.251607372481783,526,82.29318474067723,224,109,452.0,193.31655775156284,346.9695,-36.44,39.74983718822838,0.0,245.7715,16.545452973745796,-0.15426115123973416,0,1049,0
B3A5AEE1-A2D9-40D9-B866-178D0D703D27,485,4,30.333333333333332,1,0.7525773195876289,8,6.020618556701031,8,105,417.0,65.12413564764536,282.0468,0.0,61.18452925797803,0.0,170.27487000000002,4.370037508913285,0.15552035433958125,0,554,0
BD647A47-459B-4481-92BC-9F34D9044F0F,3987,1,0.0,0,0.0,0,0.0,-1,103,831.0,174.6175650314557,360.0,0.0,78.44429216313213,0.0,258.0,20.09400897163073,0.31711905469908136,0,1049,0
E1C5CFB5-EFDF-4355-AF99-B7199F65F0AD,4799,3,326.5,0,0.0,0,0.0,-1,88,554.0,212.06118596989006,520.58,0.0,41.67205833882469,0.0,267.9,6.199531622702523,0.245117761451831,0,1049,0
CF125889-D248-461C-837E-0415B1E65984,2993,3,367.5,1,0.12195121951219513,7,0.853658536585366,783,47,250.0,65.40788400483669,152.0,-1.470137,19.362442471170866,0.0,92.0,-8.633346967799653,0.03347338263063118,0,1049,0
E647C5AD-F118-4F53-B710-2FC7C9BC8096,12736,1,0.0,0,0.0,0,0.0,-1,81,282.0,32.60089759824856,123.0,0.0,11.545580187937286,0.0,45.0,-3.480913030347324,-0.030975303306794495,0,1049,0
3713DA25-75F6-46FF-BCB7-9797A7F289C6,2853,3,0.5,1,0.12793550648440238,7,0.8955485453908166,991,77,887.0,66.91678398427545,206.4528,-88.0,27.241368221847406,0.0,104.52123999999999,-23.64780516961497,-0.08291524074101522,0,1049,0
67D91F7D-F058-4F09-85E7-9BFD07230C81,4098,2,812.0,4,0.35627135187896536,375,33.400439238653,65,60,158.0,61.85657001980152,107.5,-27.07218,13.788299939406835,0.0,80.0,2.280775659210825,-0.019094721341975342,0,1049,0
20641858-E610-4DD7-A517-032F5CF38EC3,5249,3,1.5,7,0.4867593827395694,127,8.831205943989332,169,55,251.0,52.10416654607498,118.2549,0.008972168,23.500050029066283,0.0,83.44764,0.4182355941950746,-0.06983978089534591,0,1049,0
999B1355-80ED-477C-B0DB-57F491662D00,3026,4,148.33333333333334,5,0.6031064111037674,482,58.139458030403176,36,58,1246.0,286.42612313278954,827.0507,-10.67349,156.41550637069759,0.0,510.6003,-27.590126802558075,-0.46929758170320013,0,1049,0
CB2189DE-A08B-4576-B7CD-5F712979C65C,2165,2,438.0,2,0.33718244803695147,67,11.295612009237875,169,53,603.0,209.7109709010454,381.4936,0.0,34.79174885577195,0.0,251.558,-40.31251841261948,-0.25006982206840284,0,1049,0
3F112FC8-560C-4F3B-88D4-6D4AD1717952,3650,2,321.0,2,0.2,42,4.2,243,32,904.0,131.60481825611382,409.9875,-3.17,60.80242077990852,0.0,216.9934,5.474100594966416,-0.050619653155188016,0,1049,0
C0961F9E-19D6-4D8E-AECE-8E15D1E4D786,12736,2,67.0,3,0.08597675879396985,61939,1775.1048209798996,195,24,726.0,228.74860759577587,611.9,0.0,87.20659720270568,0.0,334.69,-22.453814385899335,-0.6429696053012858,0,1049,0
770C8A25-EB48-4D4C-88EF-91A1E00D3A27,12736,2,54.0,4,0.1146356783919598,219,6.276303391959799,406,21,261.0,49.30140015663554,542.9186,0.0,11.711509407847238,0.14329459798994976,64.03390999999999,5.210375950617546,-0.0217592548660512,0,1049,0
AA0510DC-5FB2-440A-B2E6-1959058E011B,2175,3,250.5,1,0.16781609195402297,8,1.3425287356321838,733,18,151.0,34.58708879051848,87.15195,0.0,7.941623118449883,0.0,43.697356,4.123281946427518,-0.0164329446629823,0,1049,0
3690E5CA-2090-4DA5-A805-327DE86B80CA,4456,2,0.0,6,0.49147217235188506,841,68.88801615798923,73,11,142.0,17.475543956273572,70.505,0.0,3.5530265989155185,0.0,21.61236,0.18765817551654962,0.009219201985481712,0,1049,0
01F7288F-0F48-4BC6-A531-FA1A7629A20A,3699,4,33.666666666666664,1,0.09867531765341984,108,10.656934306569342,115,8,831.0,113.15901314149356,412.4885,-2.475639,58.942483547920595,0.0,181.8646,-41.002573072876274,0.06855316252673066,0,1049,0
3EB5027B-DB08-4931-8549-C2DAAF253F64,12736,5,124.25,2,0.0573178391959799,162,4.642744974874372,224,7,751.0,139.13434371038534,416.0889,-0.3444895,59.632783446334436,0.0,223.8281,1.7887813976393545,-0.19783041379151825,0,1049,0
803A4BE4-7A83-4CC2-B52F-2328EDDD7381,162,3,69.5,0,0.0,0,0.0,-1,2,803.0,70.0341837690371,805.0,0.0,61.900181194451164,4.506172839506172,145.12542000000002,57.460726224095595,-0.0918601559486795,0,273,0
63EFD9D9-EEBA-49B7-9A49-02D344868BE3,3,1,0.0,0,0.0,0,0.0,-1,0,1039.0,2.410864500814967,201.6037,0.0,14.496099897264978,0.0,0.0,0.21411304324367508,0.1507838547024021,0,99,0
4F727414-F7E6-4B01-869D-C6717BCED803,4355,1,0.0,5,0.4190585533869116,270,22.629161882893225,321,719,452.0,166.71160332124666,354.092,-0.4808291,60.85167549210672,0.0,247.9671,-63.113731719394806,0.04758281357999472,0,1049,0
FD954650-C53A-46A6-BFD1-D91E4B9651E9,12736,0,0.0,1,0.02865891959798995,12,0.3439070351758794,52,0,489.0,104.44116529563067,186.0,0.0,24.010825498327478,0.0,135.0,14.173495198196491,-0.09424403104190046,0,1049,0
8A0188AC-39B0-4F80-9F94-B06A743028BB,4401,3,98.5,1,0.08293569643262895,15,1.2440354464894343,764,132,451.0,129.51559922289616,278.9171,0.0,35.64938654782714,0.0,174.04306,-14.057412265334435,-0.01140104317588247,0,1049,0
9809289C-CDFF-429C-AF50-CDE2FD3210F2,9412,5,238.0,4,0.1551211219719507,159,6.16606459838504,173,24,266.0,115.6717836588066,233.0409,0.0,33.8837515754347,0.0,145.44332,-33.663023657263395,-1.4117270500589085,0,1049,0
A84C30F4-9736-4403-AA25-3BED51DC5A2B,8235,2,108.0,1,0.04432301153612629,185,8.199757134183365,323,5,375.0,122.33175389633203,230.78,-18.7,33.19907275993268,0.0,157.61,-23.817685995097463,0.7988307392773083,0,1049,0
C13CA763-0AA5-493F-BB21-60C6094CEAC1,12736,3,346.0,1,0.02865891959798995,118,3.381752512562814,879,340,326.0,101.17104490660833,264.1347,0.0,52.58146981439614,0.0,152.7344,-53.71640559858365,0.055747435898878026,0,1049,0
E5881D0A-9BDC-49AC-A85E-FF64CD676A2F,2814,3,291.5,0,0.0,0,0.0,-1,441,452.0,69.88740996121898,262.1021,0.0,40.63138712023103,0.0,126.30157999999996,-7.339369312299226,-0.2511278384180521,0,1049,0
D8094B5F-F4A1-4926-8E0B-288E2BADD0DD,3879,5,145.5,4,0.3763856664088682,352,33.12193864398041,224,440,452.0,28.206387099664962,171.2718,-3.533,21.398744644387683,0.0,55.40257999999999,14.798176044548004,-0.02842867329675824,0,1049,0
21DB4D85-15F5-41AC-932D-D07DA4E0A08E,5996,4,149.66666666666666,2,0.12174783188792528,14,0.8522348232154769,145,562,489.0,122.21174082812385,388.0,-307.6875,36.990031243696734,0.0,170.0,0.3597869496539232,0.23225209559468724,0,1049,0
CD2CC60C-A7FC-4B36-917D-175D718DDD25,12736,5,242.5,5,0.14329459798994976,220,6.304962311557789,544,35,739.0,270.6862327185824,585.0,0.0,92.06791182255745,0.0,392.0,-110.89194259512561,-0.2055406931813071,0,1049,0
5F483BB0-26D4-4780-B11A-39CEC912ABA2,12736,1,0.0,5,0.14329459798994976,1036,29.690640703517587,230,950,264.0,111.54262515575384,707.68,0.0,23.084453373753174,0.14329459798994976,141.56364000000002,0.8456389939375271,-0.12773174564772385,0,1049,0
E3D46CDE-05B2-4898-8487-DF6FECFD428C,5075,3,432.0,1,0.07192118226600985,48,3.452216748768473,1002,81,452.0,126.85262479863702,291.0,-13.8214,37.390482501819704,0.0,177.0,15.203162238400026,0.41695219574421044,0,1049,0
8E608B9D-7222-4821-B0AA-9FD27A832275,6903,1,0.0,0,0.0,0,0.0,-1,927,600.0,183.0797972725344,474.6093,-11.4,50.62819335561609,0.0,251.4648,0.14007230925571434,-0.013737833413540259,0,1049,0
D39AC5D9-A1B3-41E7-8AE8-2D9B3351878B,8980,1,0.0,1,0.04064587973273942,73,2.967149220489978,304,926,271.0,21.995560850458407,159.9827,0.0,11.010486328041388,0.0,37.10998399999998,-2.09539278525779,0.016623907086190076,0,1049,0
2913AA43-DAB3-4727-97D2-C38B86F71128,1065,2,12.0,5,1.7136150234741783,136,46.61032863849765,614,899,624.0,26.944455481514385,473.1488,0.0,29.30319443462132,0.0,68.0,24.898138421263386,0.11210346806986375,0,1049,0
C505FE32-41AA-4382-8989-6883FD0BA9F6,3642,1,0.0,1,0.10021965952773203,5,0.5010982976386601,774,905,1039.0,227.74870311766233,470.1715,0.0,42.07305260132106,0.0,281.94236,-16.084289954082067,0.4020129663811256,0,1049,0
8C4FBEC2-F1A5-4336-883A-E15C18D81F97,1376,1,0.0,1,0.2652616279069767,375,99.47311046511628,821,901,624.0,107.10894543013781,264.0076,0.0,62.90542144834906,0.0,198.1049,-64.08727824441249,-0.2117169556053951,0,1049,0
8BB51D34-33B4-430E-B693-6CCC2F22F5B9,1106,2,227.0,3,0.9900542495479203,452,149.16817359855332,821,669,602.0,17.71350377110582,138.0,-4.628,18.65380593432632,0.0,43.0,-12.517284635303351,0.034757434616981414,0,1049,0
5B838E1C-3993-4E59-A9EC-FF210637E797,915,1,0.0,0,0.0,0,0.0,-1,878,482.0,90.12627705342896,252.4308,0.0,67.28241818738104,0.0,189.78332,-46.477420288614155,0.30902228558484024,0,1049,0
7EBA0E3D-E744-4672-BD7B-86F0F3BF8B56,12736,1,0.0,1,0.02865891959798995,58,1.6622173366834172,179,877,452.0,104.98633412663162,232.0,0.0,30.447697423295672,0.0,145.0,-2.717661287125452,0.3241241488431655,0,1049,0
7EE4A26C-1EB5-4987-A73A-90C17F51FB24,5296,3,344.5,1,0.06891993957703928,69,4.75547583081571,857,164,768.0,87.90612970751823,259.3,0.0,29.292429319572296,0.0,130.2,14.087280786308938,-0.2864441083262414,0,1049,0
94B0146D-48B4-491F-933B-B7D9DF0E074E,3576,2,0.0,0,0.0,0,0.0,-1,834,452.0,41.29800634287722,188.7297,-1.55999,30.4017273288438,0.0,83.40146599999999,9.252148345008578,-0.16597131238047105,0,1049,0
3748EB92-5990-48E4-B964-9F2F1ECE202A,12736,3,51.0,1,0.02865891959798995,337,9.658055904522614,821,729,269.0,39.789668349824005,515.1967,-1.818,51.408372660144,0.14329459798994976,114.7,-39.19547853500919,0.0007529336040566215,0,1049,0
0929FEE4-99CA-4E47-9961-7725857D46B1,954,2,256.0,27,10.330188679245282,24396,9333.899371069181,8,573,301.0,49.08193994375095,138.3514,0.0,27.21196249595417,0.0,80.04379,24.47216303850213,0.10781070625596433,0,1049,1
A2377B8D-B5A5-4125-8875-F7B199E6A415,3000,1,0.0,1,0.12166666666666666,5,0.6083333333333333,490,830,451.0,60.2544087718019,238.4,0.0,61.852884410747414,0.0,170.0,-43.2260137100735,-0.021746511915068874,0,1049,0
BA7B92C9-C317-4FDE-98AB-7CA26DEF0FB2,6265,1,0.0,0,0.0,0,0.0,-1,816,312.0,55.362831213478586,129.0,0.0,20.05221157702193,0.0,82.0,-20.457352818416858,-0.024198174900457226,0,1049,0
6085C67E-1F01-449C-B43B-43ED266AB867,12736,5,193.0,2,0.0573178391959799,356,10.202575376884422,68,42,314.0,34.406168603744185,109.1,-32.26303,19.719479495139357,0.0,60.0,-0.4213229247318395,0.1676385630598855,0,1049,0
8ABC2B43-ED95-4E5B-9E70-40FFCFC10E0B,8877,1,0.0,1,0.04111749464909316,1801,74.05260786301679,281,781,314.0,48.70067151418325,237.111,0.0,27.856805731898387,0.0,88.0,-9.076211637640036,0.002557643147492953,0,1049,1
33C64837-862E-4D62-8B39-E659102BE80F,3056,2,758.0,1,0.11943717277486912,4,0.4777486910994765,84,18,250.0,65.97898201488925,222.0,-18.8,19.05225479138869,0.0,92.0,-3.592022138346046,-0.159476307088732,0,1049,0
CDE3BF80-45A8-4454-A382-5832C64A3A3B,12736,6,150.8,2,0.0573178391959799,28,0.8024497487437187,468,10,188.0,19.416457267893957,90.0,-15.67459,14.20900998239897,0.0,40.0,-7.949559119745809,0.007223628431482844,0,1049,0
50407294-CFB1-4B51-9BAC-CA1E4E222106,1911,2,1.0,1,0.19099947671376244,235,44.88487702773417,821,711,602.0,51.45292741370775,205.364,-2.102661,11.309156662476454,0.0,62.909116,4.239163347866324,0.15329784757772813,0,1049,0
FF43581C-077D-46BB-8122-361C7B35518C,1244,2,587.0,1,0.2934083601286173,2,0.5868167202572346,249,122,452.0,100.53867884889326,174.8959,-9.599999,19.643504102324666,0.0,129.41799999999998,-13.796114331146327,-0.020436689279854328,0,1049,0
C8D30CC8-EE14-4099-A3EA-204972D0D165,1687,4,109.33333333333333,4,0.8654416123295791,442,95.63129816241849,703,371,831.0,237.23377741698542,20482050.0,0.0,52735.48728200992,0.21636040308239476,125.92204,-145.72730542701626,0.24540500691378447,1,1049,0
13510E1A-9690-4369-9442-4DA1C4ADBEEB,5813,1,0.0,0,0.0,0,0.0,-1,696,209.0,53.48040944466909,113.21,0.0,13.204097232239246,0.0,71.64,1.5343482713802885,0.06732737923744006,0,1049,0
7A0D8C02-A584-4215-9DBC-2D8329900CC6,12736,6,131.4,3,0.08597675879396985,59,1.690876256281407,221,87,789.0,168.17975813258985,584.03,0.0,98.32568203588484,0.0,293.63685999999996,3.723229521731156,-0.13653240226291294,0,1049,1
9DA0A802-E704-4C2F-AC5C-FBA1233EAD9A,9283,3,305.5,1,0.03931918560810083,846,33.2640310244533,229,51,820.0,226.11446021339503,946.0,0.0,85.97748767286352,0.03931918560810083,323.0,-104.89100342327158,-4.924400931985545,0,1049,0
C8DCBAAC-E4EA-4EE4-8FD3-2B32C4D6C764,4648,5,90.0,2,0.15705679862306368,23,1.8061531841652323,376,295,150.0,45.74605774062461,101.558,0.0,15.55845178548602,0.0,65.2732,2.8979327223383535,-0.017733248755038504,0,1049,0
E46BEB47-635B-4F8C-B788-9549B07FB1BD,2945,7,69.5,7,0.8675721561969439,533,66.05942275042445,278,237,450.0,102.8972189768441,363.6,-19.8818,49.31123149512971,0.0,166.25,-4.206036878078649,-0.01787444151779768,0,1049,0
8361C020-2620-4529-B0A0-03C216F6FA9E,3485,3,283.5,1,0.10473457675753228,198,20.737446197991392,692,89,831.0,170.31734597611486,347.9429,0.0,75.31952657087734,0.0,252.0207,16.135103998653648,0.44858047094109804,0,1049,0
78B3EBC8-F56B-4BB3-A5F7-2706B151DA0D,3615,1,0.0,1,0.10096818810511757,15,1.5145228215767637,354,613,451.0,163.05342760313752,408.9703,0.0,89.10978292263526,0.0,280.99825999999996,32.20477945874521,-0.6453881079813102,0,1049,0
307666EB-D13B-45F5-AE71-0625CA7FFA8D,12736,5,88.75,3,0.08597675879396985,322,9.228172110552764,350,270,301.0,50.08882974184439,252.7,0.0,17.85512224772833,0.0,73.8,1.5198508140198044,0.003046220830368638,0,1049,0
C2BB26A4-687B-4185-8F3F-1387DB51C500,4427,1,0.0,0,0.0,0,0.0,-1,578,538.0,87.01122844670428,213.0,0.0,25.9432850862129,0.0,120.0,-6.609453755346252,0.0448332098612218,0,1049,0
37269223-9280-4724-8C43-59E4154D0EB4,3851,2,197.0,3,0.2843417294209296,67,6.350298623734095,376,552,150.0,45.455537769846266,100.6699,0.0,15.240739085464782,0.0,64.737932,2.7349526911876936,-0.017216759739532867,0,1049,0
3AF39594-F1F2-41DD-8019-F6DC70309A84,2152,2,1.0,3,0.5088289962825279,350,59.363382899628256,640,543,831.0,180.3830346247456,449.3375,0.0,68.31945712416031,0.0,271.75228,-24.688978109313496,0.25135433041102306,0,1049,0
26245C96-2CD6-40BA-8241-3769DFA5D8BD,697,1,0.0,1,0.5236728837876614,4,2.0946915351506457,87,518,602.5,61.60163249366643,273.6766,-124.1082,61.75831837878881,0.0,159.31364,120.24319497701258,-0.0645969570113303,0,1049,0
BEDECAEF-22CF-4F6B-A9D9-03809C319826,654,4,179.0,7,3.9067278287461775,960,535.7798165137615,23,24,452.0,98.28896389165973,299.0,-0.2568916,48.7638565396676,0.0,143.0,27.853397455562487,0.2540993238830441,0,785,0
1EAE67FA-5497-4F17-BD60-E50D2108D271,3462,4,129.33333333333334,0,0.0,0,0.0,-1,511,452.0,46.37158975650825,166.0,-22.6,13.779778893697275,0.0,64.0,8.377638638553478,-0.04926408381470145,0,1049,0
47385182-ECF8-458B-B139-DD5CC20E28E6,8821,3,10.0,3,0.1241355855345199,203,8.399841287835846,67,504,271.0,80.7286064384111,255.6026,0.0,42.29472863204292,0.0,137.7593,29.262918736666066,0.13064116631575734,0,1049,0
E7E3043D-F19C-4229-92BD-9AAE6F2042B6,8373,2,1.0,3,0.1307774991042637,303,13.208527409530635,24,473,301.0,57.25850598922749,240.4425,0.0,23.450753343597196,0.0,87.2,-4.927132528270697,0.04874840511752268,0,1049,0
6A97A554-D7C2-4618-A10A-D667E7BD57BA,3818,4,46.666666666666664,3,0.28679937139863804,624,59.654269250916705,330,325,371.0,68.60521872814839,150.0,-2.972473,28.247180675656494,0.0,105.0,2.688299790370138,-0.0760649462897358,0,1049,0
552C4C96-F16B-47E5-9B2D-3230736F71DF,2356,2,0.0,0,0.0,0,0.0,-1,463,452.0,109.26354107141674,281.0,-13.6,42.46531429277944,0.0,164.0,-7.963695392404389,0.11661464835612691,0,1049,0
D67E77B7-40F0-4C8E-A09B-FD42FCDD03F1,1702,3,121.5,3,0.6433607520564042,383,82.13572267920094,821,459,831.0,27.43329309140321,86.12652,0.0778044,15.490610692975501,0.0,50.217258,12.691516448334443,0.05739234476457746,0,1049,0
5583101A-4AF5-483C-B8D1-A32F4E33B8D5,12736,3,99.0,3,0.08597675879396985,241,6.906799623115578,460,252,269.0,53.55322161556412,143.9,0.0,21.99554831591815,0.0,78.8,31.93463332270749,0.007657529736097392,0,1049,0
FAF71C56-C66C-4B45-A802-D78BB4F6E1EB,12736,1,0.0,1,0.02865891959798995,214,6.133008793969849,821,447,264.0,73.29868222176113,156.0,-496.0,18.261789485342895,0.0,98.25,5.763412685646287,0.08926800805304592,0,1049,1
32C858E9-875B-43D7-992D-62985F5ADA2F,4096,2,0.0,0,0.0,0,0.0,-1,431,301.0,27.984523648418595,101.1027,-34.14572,14.049605445662396,0.0,47.009944,-2.1844182467982236,0.10414839988605376,0,1049,0
CD150240-E82B-43BB-80F7-CB70234FFF5F,5114,3,129.0,0,0.0,0,0.0,-1,235,188.0,24.72582290592455,98.0,0.0,9.933234095839293,0.0,38.0,-4.6370883380233145,-0.022174090994336246,0,1049,0
95BA4402-942E-49AD-8E3B-7C16BF60F656,12736,5,115.0,6,0.1719535175879397,1253,35.909626256281406,167,60,225.999,30.119214888264267,111.5699,0.0,33.904514599671145,0.0,74.42264999999999,31.478703630254252,-0.24439142075846393,0,1049,0
97C338DC-7669-4BA4-8B57-DF87ED9B047E,2948,2,0.0,1,0.12381275440976934,307,38.01051560379919,821,398,602.0,80.12982559934902,239.6476,0.03456794,41.288290595826574,0.0,147.76286,46.632952562688004,0.15343443086469094,0,1049,0
0EC04EA5-F77E-4D6D-8583-EE00C9E5B9D0,2804,2,0.0,0,0.0,0,0.0,-1,389,748.0,94.46385719460777,405.0395,0.0,36.84117197663723,0.0,139.9148,31.141229697367535,-0.0851572322258696,0,1049,1
EE6A50AE-34AB-4577-A6B8-DE0A643921BD,5098,2,90.0,0,0.0,0,0.0,-1,389,188.0,18.718151258937862,100.0,0.0,9.065860854547864,0.0,32.0,-5.246237678690948,-0.12530330676399937,0,1049,0
DB233991-1F7F-4264-B67A-2B8477FECCE1,12736,3,156.0,0,0.0,0,0.0,-1,62,266.0,119.63071011170257,258.9601,-31.4528,62.02777308873606,0.0,185.76,14.821568991692487,-0.9705725826098205,0,1049,0
5F90C0FB-7BDD-44DB-A6D2-AF1B38DFFC84,12736,1,0.0,4,0.1146356783919598,14,0.40122487437185933,101,354,488.0,57.2084643097894,203.3936,-37.1265,58.21923968393691,0.0,160.3271,-40.503308660931374,-0.030016116128666184,0,1049,0
8E086990-00A0-45D9-A1AC-9A79E3A11D21,396,3,56.5,1,0.9217171717171717,34,31.338383838383837,357,221,1246.0,238.88509018120374,1003.679,0.0,195.91143392379348,0.0,538.05878,114.50459303561729,-1.2233761072169895,0,449,0
2F6DA7D1-915A-4335-B0EF-1B35C34A0E1F,2402,2,61.0,0,0.0,0,0.0,-1,243,301.0,48.780390871247036,108.6,-6.236812,12.495444245520186,0.0,66.3,-2.789623073330368,0.07471184585249953,0,1049,0
41E5118C-A42B-4BDE-AB32-9C3566EDAA39,12736,5,43.5,0,0.0,0,0.0,-1,297,432.0,115.90657380856099,211.23,0.0,23.546681611665313,0.0,145.60399999999996,-6.687665629548647,-0.3685719218880528,0,1049,0
1F9A92EA-F9E2-498F-AAD3-AD6DBB1E865E,5632,2,1.0,1,0.06480823863636363,27,1.7498224431818181,896,294,131.0,28.440165200501166,232.6,0.0,17.682245119640953,0.06480823863636363,49.5,-0.09074390420487077,-0.018378897943533506,0,1049,0
857F915F-1C2B-47F1-A172-492B94761B5B,410,3,79.0,0,0.0,0,0.0,-1,250,603.0,80.00298446837978,314.9013,-14.18723,85.9936957646448,0.0,202.5165,83.84271118208319,-0.15359655932790883,0,785,0
F6E0DA25-85FB-4E53-BC0D-EE9B432BC47F,378,3,35.5,0,0.0,0,0.0,-1,199,887.0,79.78462691945032,235.3271,0.0,49.90361400756864,0.0,148.19946,-6.282407972768212,-0.025859684785516285,0,428,0
D4F6F205-A6A6-4F9D-8BCA-2F2E629CAB34,3107,3,360.0,2,0.2349533311876408,46,5.403926617315738,43,264,451.0,104.78373538808755,275.1525,-28.45106,61.006498605724,0.0,191.96775999999994,-9.798966771498812,-0.2709586593572117,0,1049,0
42D1D8CB-80FB-4477-992F-5B36682F7037,3205,4,123.0,1,0.1138845553822153,6,0.6833073322932918,250,250,1040.0,161.7537570352609,531.1835,-1.288677,77.89543418024661,0.0,269.07734,-60.641019670214575,-0.08978594381112219,0,1049,0
E4EFA749-DE05-4CE0-B294-FACEAF47AD4B,2720,4,242.0,2,0.26838235294117646,86,11.540441176470589,403,229,361.0,70.74544242488746,225.7917,-31.30568,33.62641799320654,0.0,115.0707,4.058543850575504,0.05500762447837405,0,1049,0
ABFFDC0D-9FB7-4D3B-BD20-B94AB1BC7402,2664,1,0.0,1,0.13701201201201202,203,27.81343843843844,821,228,301.0,88.04525529348281,1047.416,0.0,18.080829643378586,0.13701201201201202,113.62552,-1.2280633968778574,0.12074910241540066,0,1049,0
C23B93D1-6D8D-440E-911A-D6D9192CC4D2,4497,3,249.5,2,0.16233044251723372,24,1.9479653102068044,224,224,803.0,90.53958922491,284.79,0.0,50.85153802867264,0.0,163.13,16.844027287435665,0.03727181853716303,0,1049,0
4F62C8AA-4BDA-4961-B66F-9BFCA812D0F7,879,1,0.0,0,0.0,0,0.0,-1,217,250.0,23.077604210484793,82.53806,0.0,13.157395693249644,0.0,38.500367999999995,0.07675865240101132,0.00837328026726102,0,1049,0
3851D4EC-7685-4C83-A34B-CDA4C8243E2D,7197,3,93.5,0,0.0,0,0.0,-1,29,798.0,116.34293796585116,380.9532,0.0,63.86426804976961,0.0,207.96332,-44.79126524274314,-0.10817678728490972,0,1049,0
98A71AE0-3C28-4381-A1BF-3523AFCFD83D,5713,1,0.0,6,0.38333625065639765,411,26.25853316996324,151,214,391.0,147.98844169954918,283.3233,0.0,44.52918921353381,0.0,215.35866,-18.055455626246726,0.21857870546020441,0,1049,0
8F9C870E-251F-4857-81C1-D587DEF9AE60,1173,3,93.5,2,0.6223358908780904,135,42.0076726342711,201,14,452.0,105.20916792519772,240.1837,-0.3500977,29.60477359383152,0.0,146.1581,-13.181840967635978,-0.11669429674397758,0,1049,0
06B483A0-1832-4A94-BA54-4BA71368635F,377,1,0.0,0,0.0,0,0.0,-1,202,678.0,30.90743930359408,124.4909,0.0,16.137416912406547,0.0,50.4447,3.6785254155417135,-0.031815907584647085,0,428,0
E49AEB5A-C1B2-4A2F-9519-C650809EBE04,4344,2,558.0,2,0.1680478821362799,327,27.47582872928177,105,195,126.0,51.80842663524248,134.4155,0.006354059,23.013004286166748,1.5964548802946592,79.138656,15.111624105158754,0.30210566406063466,0,1049,0
000D19AE-90F4-4E04-AE7D-E5CF952562D1,12736,2,0.0,2,0.0573178391959799,7,0.20061243718592967,813,193,156.0,31.498541794397706,61.54682,0.0,9.398943779045148,0.0,43.95872,-0.08743310458289599,0.00899560535476836,0,1049,0
EF58576A-4576-43DD-887F-CC0B3A5E04FD,4428,2,1.0,8,0.6594399277326107,116,9.561878952122855,91,186,301.0,43.356912639295835,101.9544,0.0,13.243493291914811,0.0,60.421192,1.3926927423399675,0.0028380912770007024,0,1049,0
FE858CB0-C9EA-45C7-AE2C-E2BFBE6BB351,2483,1,0.0,0,0.0,0,0.0,-1,169,472.0,119.90285525916988,457.1287,0.0,20.42964117019966,0.0,145.33023999999997,-5.198736847904442,-0.2892526203973594,0,1049,0
50B4237B-C3AC-48AE-8E9A-D392D1A2B753,8502,7,107.0,5,0.21465537520583391,248,10.646906610209362,225,100,251.0,93.31043048042056,186.9,-36.933,23.051554134332417,0.0,121.6,7.208010877604124,0.07344538420371742,0,1049,0
D8706D99-4904-41E9-9C7E-17063B75A4E5,12736,3,153.5,5,0.14329459798994976,3072,88.04020100502512,821,158,171.0,19.0073703616353,86.30524,0.0,4.801473803558101,0.0,25.0776,3.8543169687659358,0.09612776818169594,0,1049,0
1D499149-57AC-4248-B6E0-06E8AAB47AD4,6675,2,1.0,9,0.49213483146067416,610,33.355805243445694,6,144,271.0,87.72413609969041,156.9,-21.76611,25.740382700508846,0.0,118.5,-16.69374258117189,-0.06444713682080284,0,1049,0
BE12FD01-7810-404E-A4AC-D3C4E35D4411,12736,3,116.0,5,0.14329459798994976,148,4.2415201005025125,365,133,199.0,61.940232497166,239.5522,0.0,20.587444717237844,0.14329459798994976,88.0,-0.0802016329684676,0.19640890736391448,0,1049,0
662BF047-B6C0-4A85-8580-647D11D6390E,7917,6,111.8,5,0.23051660982695465,778,35.868384489074145,231,109,157.0,40.33578286573387,451.8761,-18.30736,10.551994334135554,0.8759631173424277,52.942194,3.912429563355637,0.0604189287746036,0,1049,0
45F6B4E0-1554-446A-8FC5-19241EF68471,2334,2,0.0,8,1.2510711225364182,797,124.63796058269065,224,102,452.0,194.9399376846076,326.8742,0.0,40.070867519930054,0.0,247.77805999999998,16.630859522182533,-0.155938224289449,0,1049,0
16D976FF-3466-4459-A793-C8E92BE70270,7036,2,1.0,1,0.05187606594656055,28,1.4525298465036953,130,88,377.0,119.31667234428673,211.5007,0.0,20.811389402244508,0.0,147.71364,2.135361675808184,0.29450839345637586,0,1049,0
917651D5-EB52-470C-9071-6CC2D91D9F57,2249,3,0.5,0,0.0,0,0.0,-1,76,452.0,92.31579680073187,182.0,0.0,23.002160954736553,0.0,122.0,7.67779887828047,0.03907358247236435,0,1049,0
5FF4882C-FDA4-4E16-9B33-337133325796,2453,1,0.0,2,0.29759478189971467,525,78.1186302486751,588,75,1039.0,173.15334557047206,492.4461,0.0,110.7386595713981,0.0,328.8026,29.405990647969332,-0.7973543025930897,0,1049,0
8855687A-DBD5-4C17-AA82-2D9C378569D9,3546,3,23.5,0,0.0,0,0.0,-1,12,630.0,161.37516581899942,531.78,0.3159409,37.508072533905256,0.0,210.02277999999998,0.08264123996664807,0.1047849676936755,0,1049,1
06B0E02E-A74C-4F9F-945B-0397916C946A,4162,1,0.0,2,0.17539644401729937,1959,171.80081691494473,349,58,452.0,116.82495109148672,304.6803,0.0,82.41901464727496,0.0,231.82178,23.719828449948466,-0.6794506953373227,0,1049,0
B4F2A313-F31F-44D8-A8CB-AD58324CC2F6,5453,2,90.0,1,0.06693563176233266,38,2.543554006968641,151,31,490.0,143.6877023242756,702.0,0.0,47.12661649532278,0.06693563176233266,204.69,-6.0697533698002815,0.08827645561339127,0,1049,0
753CCF25-D9A0-46CF-99E4-DE76429A20A6,5305,7,45.833333333333336,6,0.412818096135721,135,9.288407163053723,222,28,301.0,99.15371181390059,240.25,-31.86622,17.26074268872859,0.0,125.0937,13.226146914743225,0.0060119052573529095,0,1049,1
672B6ADA-B729-4284-A6B4-39D5B4F69203,49,2,1.0,0,0.0,0,0.0,-1,25,416.0,39.57107747643681,175.299,0.0,46.54475072969109,0.0,110.2785,3.5143757851372612,1.1138955545066223,0,99,1
BF5709D0-85AF-4054-9BA6-4847386CD54A,1079,2,1.0,16,5.41241890639481,419566,141929.1844300278,125,16,451.0,64.97786837105876,354.92,0.0,50.65355007952383,0.0,134.55,-0.7210269675093741,0.07759001909409098,0,1049,0
09B55CF9-E0DB-4D5A-8A18-E83FD35C5802,1270,3,0.5,1,0.2874015748031496,11,3.1614173228346454,13,13,452.0,43.5614110143914,513.7,0.0,26.775099050640087,1.437007874015748,82.146066,-9.876242829592023,0.41607619132098733,0,1049,0
237221B0-4D26-443E-A990-4A458A0E1B0E,1635,1,0.0,2,0.44648318042813456,17,3.795107033639144,820,613,452.0,40.826393492512274,84.46326,-224.1681,11.065982790694628,0.0,55.676102,5.065347468907483,-0.22381573124145154,0,1049,0
C1D9855E-7BD2-4741-9672-99A92F1509BB,12736,2,95.0,1,0.02865891959798995,11,0.31524811557788945,453,364,301.0,111.57661137689182,218.77,-26.85544,30.2956230232059,0.0,148.19,5.1382821416267035,-0.021848092814499148,0,1049,1
52BDF23D-D520-45A5-BAF7-3AE0588B443A,3657,0,0.0,2,0.19961717254580258,699,69.766201804758,381,0,312.0,39.43203116094453,112.2864,0.0,19.616680954644576,0.0,64.244822,16.698028387666575,-0.01401064856720813,0,1049,0
EAB87D4F-8510-48D3-9851-A3E73A5F1D61,12736,3,49.0,1,0.02865891959798995,34,0.9744032663316583,453,485,269.0,104.72372843213324,211.27,0.0,25.08019740696855,0.0,137.57,2.7287376172494646,-0.03338327205472783,0,1049,0
30B29AA4-275A-4F18-9FC0-A0EBB7060768,1023,3,88.0,0,0.0,0,0.0,-1,9,415.0,80.56438842934166,1024.0,0.0,48.08574333735454,1.7839687194525904,148.28036,15.189672527679932,-0.37501062135316676,0,1049,0
1CE56AEA-BF03-4F9A-95FC-818D504DE34A,2461,2,356.0,0,0.0,0,0.0,-1,635,602.0,190.0102266147602,351.7194,0.005063998,36.74397948476049,0.0,236.63764,-20.44222873281572,0.27760302390597774,0,1049,0
BF3AEF5D-C6F4-4B6E-AB23-E20259719D21,1999,4,206.0,2,0.36518259129564784,1683,307.3011505752877,540,343,1662.0,344.0811020437927,940.0,-23.0,120.99773402042813,0.0,488.0,-18.38318537712604,-2.592776485894884,0,1049,0
7FD4D90D-20B0-48CB-BA23-936982304829,5048,4,288.6666666666667,1,0.07230586370839936,164,11.858161648177497,5,59,682.0,161.92139325149256,324.1945,0.08881455,37.913293278171125,0.0,211.90832,1.6686189042945045,0.10776950979098497,0,1049,1
5B3AB9AD-02B9-4E85-92E0-C124E60EB941,942,4,278.3333333333333,2,0.7749469214437368,79,30.610403397027603,78,77,302.0,48.56413171031132,205.927,-445.4993,34.09543036227641,0.0,96.5169,25.06714267240472,0.05166927718550022,0,953,0
1ACDD6C6-89CD-4DE8-8308-D72D65051964,1421,2,322.0,3,0.7705840957072484,516,132.54046446164674,87,578,151.0,8.254755314510728,26.34233,-2.454,5.617355146788476,0.0,16.091189999999997,6.483299389038654,0.0631123953967682,0,1049,0
233D30A4-11C2-4F96-BAE3-0183124C3A60,935,2,196.0,1,0.39037433155080214,9,3.513368983957219,767,704,452.0,113.164246558545,241.0,0.0,40.995760905726435,0.0,167.0,-8.549354583236365,0.043889106108106,0,943,0
91149E01-0E5E-4D04-96C3-98C024D00242,1621,1,0.0,1,0.22516964836520667,91,20.490438001233805,821,886,250.0,41.12868399608212,235.9262,-0.1003746,8.999729460548236,0.0,51.19566,0.897354859627761,0.020460269521688428,0,1049,0
336DA11F-9E69-4F24-A98B-05D713991A6B,1058,1,0.0,0,0.0,0,0.0,-1,881,250.0,38.92545337933137,724.9043,-1.598337,18.448096093673477,0.3449905482041588,63.46220799999999,1.7253690864093656,0.055882296113795096,0,1049,0
0426A25C-3A1D-4759-AB6B-27D5F04588AC,899,3,101.0,3,1.218020022246941,34,13.804226918798665,83,665,250.0,43.682276166360616,300.0,-2.883911,21.49082514123991,0.40600667408231367,66.0,3.513557166972717,-0.025317025878872124,0,1049,0
B6EBB536-F394-4378-99FB-5EE0CD3D886A,12736,2,757.0,1,0.02865891959798995,707,20.261856155778894,942,86,472.0,143.32838190824478,265.1184,0.0,42.49145416044469,0.0,187.9211,-79.38925947305961,1.7528547205199239,0,1049,0
1D2EA738-97F5-413A-BA15-7C99BC5120C3,12736,3,144.5,4,0.1146356783919598,223,6.3909390703517595,181,525,128.0,16.1705001703713,311.5034,0.0,6.377553073213593,0.14329459798994976,24.0,5.339453533332403,0.0059588975319108785,0,1049,0
9B56DC62-22B0-46D6-9480-9DD877B4CE56,12736,3,338.0,0,0.0,0,0.0,-1,125,452.0,1.897232624530816,214.4088,0.0,8.249546444934417,0.0,0.0,15.019439864867334,-0.337460288221177,0,1049,0
8E599CFF-1A47-4F5D-8C3D-4D9DE9F29F6C,1423,1,0.0,1,0.2565003513703443,507,130.0456781447646,821,789,209.0,28.111629511862358,246.1852,0.0,7.709147469156091,1.2825017568517219,38.594558,8.670061428724065,0.027180349739645566,0,1049,0
51C9901A-7D43-453E-AF50-3B8251DA3D54,885,1,0.0,0,0.0,0,0.0,-1,771,831.0,116.47950827977554,233.7652,0.0,28.509714056149235,0.0,152.3185,-25.910907310639743,-0.13917340580236692,0,876,0
F240884B-62D1-45A4-93F4-EDD499BEF2A2,933,2,668.0,1,0.3912111468381565,87,34.035369774919616,394,94,1663.0,512.5371972068732,1261.672,-4.021505,275.4902213594538,0.0,846.15672,213.40449330547233,-1.8173506664262187,0,1049,0
19F215C0-9EEA-489E-94E9-E5C8410E8D75,864,1,0.0,0,0.0,0,0.0,-1,750,887.0,31.63658901119833,99.308,0.0,12.143012080222228,0.0,47.336,-3.209817097618078,0.016153117897472556,0,876,1
A237E64F-3AAA-48A5-A4E6-A71866DDF30E,766,1,0.0,2,0.9530026109660574,28,13.342036553524803,708,746,661.0,154.2316503045393,478.5409,0.0,49.68612654785374,0.0,208.77597999999998,5.9535396221582175,-0.011044757204402199,0,785,0
88FBCAD3-5D91-4ACF-BEF1-4552774DC1B7,20,3,295.5,1,18.25,24,438.0,341,150,602.0,102.77333084920483,262.08,0.0,45.84797345080013,0.0,153.12,-63.982719694112234,1.886846869313477,0,1049,0
E4F0D14F-8944-4C02-BC15-E8EC2E96B87F,1423,1,0.0,3,0.7695010541110331,622,159.54321855235418,821,733,1040.0,193.29071590711123,375.7616,0.0,32.02217411590988,0.0,234.31573999999998,31.25950876881467,0.1532381865843251,0,1049,0
B9F60663-A5FA-4DFD-8B23-69C9C962CFBD,4064,1,0.0,1,0.08981299212598425,11,0.9879429133858267,33,716,451.0,52.696558943021735,865.83,0.0,29.420116287901674,0.08981299212598425,93.75,16.200876957672712,-0.04404574062471123,0,1049,0
329ECA34-1A6C-404D-A263-A4FE82BE2DDA,1244,1,0.0,2,0.5868167202572346,74,21.712218649517684,152,708,452.0,100.01362622764256,173.6115,-5.0,19.422901277501445,0.0,128.43442,-13.614419275482078,-0.01910870708326465,0,1049,0
30A862C5-7497-4067-8931-549953D91397,773,4,214.0,3,1.4165588615782665,192,90.65976714100906,144,61,452.0,134.1834642224093,543.8719,0.0,29.165334558794022,0.4721862871927555,163.6673,4.151719328516663,0.04192066253021908,0,785,0
758E6981-F6AE-4472-A222-EF7502F0AF06,12736,4,189.33333333333334,3,0.08597675879396985,2259,64.7404993718593,366,130,281.0,80.84184057853322,180.65,-16.19285,25.33442797564986,0.0,110.53,14.359870069614914,0.22209708274448095,0,1049,0
9F783F39-6CA6-4323-87AC-FC4F7CA6184B,833,2,7.0,3,1.3145258103241295,290,127.07082833133254,714,698,832.0,183.0057439246683,661.2498,-4.788715,144.39941119962606,0.0,389.665,87.85505939616507,-1.8893685391010815,0,974,0
AFF3BDD3-24C5-4873-9A1F-5E095330A78F,3797,1,0.0,1,0.09612852251777719,28,2.6915986304977615,245,680,630.0,167.96224983327477,302.0,0.0,33.44266441849032,0.0,211.0,-12.031539956731564,0.09637986857072982,0,1049,0
EABD1DC0-2B36-4163-8546-FDA15DE785C8,5371,3,0.5,2,0.13591509960901135,38,2.5823868925712157,357,659,225.999,66.75048617761684,174.679,-189.028,15.102132131542831,0.0,84.81445,-1.2902669152711468,-0.2666998234293513,0,1049,0
F2B54665-CE9B-4376-9E79-3189E65F7032,6580,2,0.0,0,0.0,0,0.0,-1,652,377.0,59.98185256755122,201.9065,0.0,27.700333630280564,0.0,97.57197,-27.33420527464999,-0.09120090061350873,0,1049,0
49903CB2-EDF7-4F70-98B8-E9C744BCE113,12736,2,1.0,1,0.02865891959798995,3,0.08597675879396985,161,645,452.0,103.0431264526308,227.0,0.0,29.393949973090105,0.0,142.0,-2.615425835346855,0.31501437077271666,0,1049,0
A7D4AA4D-5547-40F0-9CEE-A67E752A87A0,12736,3,313.5,1,0.02865891959798995,9,0.2579302763819096,764,6,313.0,49.8580893227575,175.5,0.0,17.699430161502423,0.0,73.3,1.6210619120418812,0.0010779794404286434,0,1049,0
DCE85A26-44E7-4A58-88F2-42C2F116CDFF,1376,1,0.0,0,0.0,0,0.0,-1,614,452.0,56.089716550319196,263.7538,0.0,29.942436957074545,0.0,95.632694,6.235153216810424,0.4592539945641034,0,1049,0
13DF5815-4243-46F0-8103-8D9B28746CC4,3056,3,67.0,1,0.11943717277486912,7,0.8360602094240839,654,592,554.0,72.79147522350462,320.0,-26.9935,48.57410833054891,0.0,144.0,5.848030949334884,0.11136651529902787,0,1049,0
15E070C7-6367-4FE4-9C7E-EA228076BB92,2144,1,0.0,0,0.0,0,0.0,-1,584,0.0,127.38611431135968,1338.5,0.0,39.68691507323221,0.0,171.40257000000003,12.91371559913415,-0.019003542424210082,0,715,0
67DB43A7-C55F-4065-8527-A93E6160DE6B,2202,4,174.0,4,0.6630336058128974,61,10.111262488646684,131,25,188.0,38.23159460940583,142.0074,0.009983522,13.136970944358287,0.0,54.928776,-4.011239884505208,-0.01442554738532429,0,1049,0
A68AACA3-3F7D-43AF-9946-EE67D1A379A2,3658,1,0.0,1,0.09978130125751776,198,19.756697648988517,821,532,301.0,90.35661252447844,162.0,-35.88287,21.64849432426961,0.0,121.5,-5.411126413367327,0.14022950364235165,0,1049,0
763B8726-F3DA-4386-A9DC-DD1ABFD5005B,1702,2,0.0,1,0.2144535840188014,353,75.7021151586369,821,522,831.0,27.191972103329864,136.8802,0.0,15.215832714870105,0.0,49.285709999999995,12.265660706006553,0.06033582869252015,0,1049,0
8DDC5086-1AC5-4E69-9E58-5B0798DF3901,3643,2,15.0,3,0.30057644798243205,148,14.828438100466649,454,511,301.0,81.54742524447902,256.2762,-3.605957,42.435590077822624,0.0,138.78279999999998,28.944193406441272,0.12376209380101899,0,1049,0
A3CB7B3F-267E-40FA-BC84-02F007DABDD2,12736,3,78.5,0,0.0,0,0.0,-1,353,424.0,149.94174779743716,305.83,-122.23,42.231412393762874,0.0,206.39,-38.59575551348654,-0.3908369048763558,0,1049,0
AB491B85-112D-44AC-A2B8-8AC3F712907A,3722,1,0.0,3,0.2941966684578184,203,19.90730789897904,755,467,831.0,220.41552211986885,721.7,0.0,143.49498769649847,0.0,406.8,40.81879115173609,-1.6159548103792802,0,1049,0
135779A2-0D81-4211-ADD9-341969F51C72,8719,4,69.0,4,0.16745039568757886,985,41.234659938066294,400,447,432.0,107.97201497736117,309.34,0.0,22.848762253313634,0.0,139.06399999999994,6.97046110288575,0.04358618748074371,0,1049,0
7BA18F7B-A213-4052-9481-787037F7ECE4,12736,6,121.8,2,0.0573178391959799,327,9.371466708542714,460,128,269.0,52.9076870186414,189.4,0.0,22.728510100409697,0.0,77.8,-52.23249411740683,0.04221301326638516,0,1049,0
E4ADD619-7565-47CB-86F1-6ACA2B1B7CC4,12736,7,31.0,4,0.1146356783919598,183,5.244582286432161,320,261,289.0,36.617805640483404,200.44,0.0,19.581674208987277,0.0,63.89,-4.465871998508092,-0.059967828675726705,0,1049,0
82A393EE-D05A-402D-8465-3B3BE32802E7,7793,2,141.0,1,0.046836904914667014,187,8.758501219042731,571,431,678.0,116.60073294333928,406.3499,0.0,58.60021462282049,0.0,200.06289999999998,41.74418142240144,0.11290996307600128,0,1049,0
71631192-5D15-4D93-9FAB-AC9917F9BC53,4648,2,1.0,3,0.23558519793459554,65,5.10434595524957,376,427,150.0,45.6593643387008,99.9804,0.0,15.492288822368963,0.0,65.076,2.8492793650029142,-0.01786327749658403,0,1049,0
213BC80D-6102-4D6D-8B7A-6B9D2B84DE55,661,1,0.0,3,1.6565809379727685,144,79.51588502269288,48,428,452.0,77.62723856146737,225.9679,0.0,50.39774515904459,0.0,144.5592,24.885451307514117,-0.26317375839174956,0,785,0
5DF86EBE-48A5-457C-8F61-0851605E4394,8691,2,238.0,4,0.16798987458290185,55,2.3098607755149003,183,184,314.0,64.73899145988982,160.0,0.0,21.98311292083239,0.0,95.0,-12.879655040136733,-0.06750016005639148,0,1049,1
E2BF7BB2-56C6-46BA-AF3A-50184DECF8B7,3434,2,272.0,4,0.42516016307513105,488,51.869539895165985,508,138,100.0,38.06423064397702,70.01427,-0.22,8.569770909140578,0.0,49.320312,6.486307477936556,0.011322747506508414,0,1049,0
DFA17F76-9611-49C6-8262-CC3BE7A37BF1,3840,2,7.0,2,0.19010416666666669,162,15.3984375,649,409,831.0,115.4348601411364,246.3542,0.0,33.405191971781655,0.0,157.90496,-7.891405184346283,0.3421189440236371,0,1049,0
8F662221-D026-4BB2-8615-77455C45AD9F,473,2,256.0,0,0.0,0,0.0,-1,126,452.0,18.289677124231837,141.3391,-11.1,22.432883312642623,0.0,51.35213199999999,15.410305235490384,0.11673401501451475,0,1049,0
AC0839C9-0CE9-4AAC-9784-E5A103ADB818,4207,2,1.0,1,0.08676016163536962,3345,290.2127406703114,48,380,259.0,36.79519476622008,228.8226,0.0,20.530408847082413,0.0,63.75,-8.287189364985512,-0.01967728354669464,0,1049,0
A834C603-B611-4CB0-8CB0-33298C75F137,2601,2,0.0,0,0.0,0,0.0,-1,362,452.0,153.952751290493,354.5573,0.0,61.882546840111104,0.0,233.37448,11.511448757732296,0.05840894503666657,0,1049,0
4B5682E6-FE5B-4FB3-B395-BD970311A60B,4814,4,0.0,1,0.07582052347320316,14,1.061487328624844,228,357,452.0,104.0722993876577,270.0,-27.47813,24.18075308495428,0.0,132.0,1.5728395012312006,0.09058131319357333,0,1049,0
A5194BF0-97F6-4E87-8875-7A1A3CF7F22E,3895,3,3.0,1,0.09370988446726572,18,1.686777920410783,792,354,452.0,76.65584741797318,218.3913,0.0,35.855909739293594,0.0,124.34418,-3.875403164346622,-0.05792532971790531,0,1049,0
08EB17B0-6627-4B7C-9618-BF11DE6D95C7,2402,3,32.0,0,0.0,0,0.0,-1,240,301.0,48.617047427738704,151.2,0.0,12.447304857277308,0.0,66.0,-2.952737884297349,0.07397758405794631,0,1049,0
713C5599-A6BC-4392-A658-4006DB5B9B50,9691,2,0.0,1,0.0376638117841296,8,0.3013104942730368,302,302,295.0,85.94362600780924,234.5654,0.0,19.795259213947297,0.0,111.09,3.405454239104344,-0.14899044920964125,0,1049,0
A1FC7D15-7B15-4289-9817-CB7434B9ED25,2773,2,1.0,2,0.26325279480706815,72,9.477100613054454,572,295,452.0,74.05007001284878,205.8768,0.0,30.441532481865927,0.0,114.18329999999999,-11.166990545024703,0.10234046948983162,0,1049,0
8FA4B4A4-0EB6-4083-8003-B209A1BDDEA2,2798,3,47.0,0,0.0,0,0.0,-1,180,150.0,48.083085734779615,120.0192,-35.70796,13.973474730317564,0.0,66.45503,-3.613013130921594,0.14331469785143586,0,1049,0
0169A51B-10B3-4672-BA04-98689DC352F2,3539,2,344.0,0,0.0,0,0.0,-1,261,624.0,123.8167250223074,335.4211,-7.736378,73.39675236755818,0.0,221.08875999999995,-14.494730945146898,-0.4914030513690657,0,1049,0
9D6EEFAA-F031-4CFD-AD6C-BF47868D8F23,9703,3,126.5,1,0.03761723178398434,50,1.8808615891992169,453,260,301.0,105.23681995260095,234.0829,0.0,25.17809595104476,0.0,137.79807999999997,2.2311044301150815,-0.02954330667262362,0,1049,0
99260EB7-3218-433D-897E-9FA6F7362196,1879,1,0.0,2,0.38850452368281,307,59.63544438531134,247,237,734.0,161.38382011847753,99999.0,0.05578987,447.85433918169906,0.582756785524215,225.92224000000002,40.01049122025702,0.16709468697934005,1,1049,0
83636987-57D4-4726-A764-982C4DF82A4A,1687,3,164.0,4,0.8654416123295791,475,102.77119146413752,97,223,602.0,81.21425018164099,180.4356,-150.9444,13.72539812613956,0.0,99.538502,4.3122437049330955,0.029882873671449622,0,1049,0
755EAB3D-8720-49E6-9610-D737FDFF7467,377,1,0.0,0,0.0,0,0.0,-1,203,678.0,30.927024833761585,80.31113,0.0,16.132722106699074,0.0,50.47071,3.7013800636149554,-0.031881887865135794,0,428,0
AFF299B1-0349-45C4-9D74-9ABA3BCA105B,4443,7,19.666666666666668,3,0.24645509790681971,112,9.200990321854603,84,84,256.0,77.06860593846746,270.0,0.0,47.00272406025809,0.08215169930227324,144.0,39.52506690103871,-0.342445455086034,0,1049,0
9DFB9A62-BA5C-47A6-93DD-FA0CE49F59FF,12736,1,0.0,2,0.0573178391959799,10,0.2865891959798995,546,160,77.0,21.336864445806544,82.43401,0.0,14.35701919063089,0.1719535175879397,42.262266,5.516297052557654,-0.09912746285822485,0,1049,0
92318A20-6162-48D2-8FF9-E096F80EC4CA,4422,4,22.666666666666668,1,0.08254183627317956,5,0.41270918136589774,399,74,301.0,61.92089676022659,174.1286,0.0,33.085245315176756,0.0,105.05394,15.251414896679272,-0.16298517369022844,0,1049,0
9F234378-BB89-424B-9F5F-F8F3CA3AA034,2534,1,0.0,0,0.0,0,0.0,-1,130,250.0,62.04745067386159,152.0,0.0,19.58502399686437,0.0,91.0,-1.387342649170229,-0.05068041093328063,0,1049,0
472BAB2C-F259-4641-8F8E-46C47F0CB1CF,1415,3,220.0,3,0.7738515901060071,680,175.40636042402826,117,29,302.0,71.18738608505306,225.0,0.0,16.391812178749998,0.0,93.337226,13.556727307693848,0.03959009856432869,0,1049,0
83150C52-35D0-44C9-9112-C284CF0A5784,3917,3,13.0,1,0.09318355884605564,67,6.243298442685728,535,86,831.0,107.57249633164732,227.9445,0.0,22.008016686600016,0.0,131.93784,5.782159146747745,0.4468393171504043,0,1049,0
34C2D473-F269-45FE-8525-7DA4878EE20B,137,1,0.0,0,0.0,0,0.0,-1,106,678.0,24.643053184750663,600.23,0.0,32.88743430473346,0.0,72.26944,24.991120844878964,-0.061492942150202644,0,294,0
BAE54530-1896-49C6-897D-732E3D6A4D95,3714,2,677.0,2,0.19655358104469575,261,25.650242326332798,447,106,80.0,22.25712405955041,129.6846,0.0,3.997162427564455,0.4913839526117394,27.169638,0.9955368715452693,0.006624268228851605,0,1049,0
FF9ABA08-F1C2-4CDE-88E4-71135C87F91B,10082,2,521.0,1,0.03620313429875025,109,3.9461416385637773,609,99,416.0,150.9185537107533,281.0807,0.0,41.89161169321438,0.0,198.1768,-17.667820254271817,1.3601778361459118,0,1049,0
4C0BDC14-DD24-425C-BBFD-65BCEB0AC073,3492,2,0.0,1,0.10452462772050401,208,21.741122565864835,821,88,452.0,114.23016329218459,242.8603,0.02987746,19.6333877306797,0.0,138.30748,9.296318935351692,0.12685517328049234,0,1049,0
F32771BC-4602-4639-A49B-CF672F1FC57A,4479,2,196.0,0,0.0,0,0.0,-1,67,804.0,187.7950482146811,397.5,-29.99943,31.829744838509217,0.0,232.5,-7.025372288755165,-0.12814767941190994,0,1049,0
75328D3F-EE47-4DFD-A2DE-AF4860737775,1431,2,1.0,2,0.5101327742837176,348,88.76310272536688,821,53,90.0,2.0496571778692054,323.1117,-33.58037,2.119352253936333,1.275331935709294,4.0,0.4157450597878931,0.013174077903961195,0,1049,0
E81CD061-8C64-41ED-AF9E-C14F199512D7,5457,2,0.0,2,0.13377313542239325,30,2.006597031335899,603,34,804.0,135.93292385816093,439.765,0.0,43.325686812843,0.0,184.16834,0.19706707933906387,0.1064091888897913,0,1049,0
575C9142-8228-4CC8-907A-34C0AA53DFF2,654,2,538.0,7,3.9067278287461775,960,535.7798165137615,23,25,452.0,99.3512611329499,292.0,-704.6049,49.562765433413155,0.0,145.0,27.782303975846403,0.24455047377522546,0,785,0
36C742A4-0795-4B0F-A7E1-87D9DCA1F8C9,8476,1,0.0,0,0.0,0,0.0,-1,23,251.0,71.76240598131947,361.3678,0.0,13.292202307786097,0.08612553091080698,89.725006,-8.547044106319476,0.06510515583536503,0,1049,0
1CAC6153-2470-47FA-A448-30C82F04D4C4,1173,3,95.5,0,0.0,0,0.0,-1,13,452.0,104.7827492612382,238.2195,0.0,29.343046292103075,0.0,145.35398,-12.90739632682461,-0.11649642302499852,0,1049,0
976E238F-CDA8-440B-BC0F-90D22D4ECBA1,10154,2,1.0,1,0.03594642505416585,7,0.25162497537916095,887,200,156.0,26.86609807977779,239.01,0.0,6.436443604932199,0.17973212527082924,35.344302,-0.04949112321914839,0.009760179857855473,0,1049,0
3DEE382B-B84C-4B12-88B7-0C7584E1BD7A,12736,3,248.0,2,0.0573178391959799,411,11.77881595477387,341,221,538.0,83.9563252876027,164.428,0.0,24.555542158538508,0.0,115.14554,-1.954946212757008,0.02337793506678047,0,1049,0
E345B333-A917-4E07-B06F-69340FD89087,2349,0,0.0,1,0.15538527032779906,366,56.87100893997446,821,0,416.0,60.27201430936909,114.4351,-29.88103,15.726217893029478,0.0,80.32532,-9.863961263759528,-0.044298207028735874,0,1049,0
FB16BEB4-78CA-4B11-85AA-16C4F7B384FD,5126,0,0.0,0,0.0,0,0.0,-1,0,753.0,195.0540274864598,498.7553,-8.3,57.53452532840635,0.0,270.29269999999997,-32.69964848645981,0.02951959951258667,0,1049,0
21E6288E-F54E-4B81-A4F3-0B50E6D52145,12736,3,76.5,1,0.02865891959798995,239556,6865.416143216081,296,620,678.0,108.22915995372794,544.0449,0.0,75.56163580606207,0.0,208.3008,105.9286133479696,-1.3090858457179553,0,1049,0
442DE724-EAD0-4E68-B96E-5F5071214095,4050,1,0.0,1,0.09012345679012344,304,27.397530864197527,821,761,504.0,16.53192042296499,202.6,0.0,31.762128264934574,0.0,66.7,-16.53192042296499,0.0,0,1049,0
B8A60FBD-CDC6-4EAB-88E6-E4A10168F69E,1326,1,0.0,0,0.0,0,0.0,-1,754,887.0,92.18519146167773,209.3543,-18.56,26.936686686937442,0.0,129.79845999999998,8.061670427211155,0.017257802500673262,0,1049,0
E554C17B-1BE0-4A75-A4EC-344359693CE6,8202,1,0.0,4,0.17800536454523289,83,3.693611314313582,649,729,489.0,107.50941633795152,348.2184,0.0,43.123115831596486,0.0,165.34,-5.866895047210775,-0.03851060055743975,0,1049,0
D930D9DF-F1CB-48D3-B922-F791DC37BDC9,712,2,85.0,1,0.5126404494382023,12,6.151685393258427,321,620,542.4,158.86856992477072,322.3049,0.0,76.40510795285746,0.0,251.04456000000002,-31.485220207949737,0.05961970830577622,0,785,0
E8C1B437-90CA-425C-AE12-9D21EF47DB8E,12736,3,21.0,1,0.02865891959798995,126,3.6110238693467336,821,704,269.0,106.94237941550045,218.28,-35.37552,27.439327370086023,0.0,146.64,-14.172930806704159,-0.26265348122377974,0,1049,0
D3FB5DCE-F33B-4FD3-91AF-CEA0446341CF,12736,2,334.0,8,0.2292713567839196,719,20.605763190954775,344,362,138.0,27.715195575410846,193.259,0.0,5.98924844900543,0.14329459798994976,35.2,-2.7933128609046776,0.2145383517409409,0,1049,0
90A13DCB-D4A2-4B76-BAA5-79CC692D6B82,6574,1,0.0,2,0.11104350471554608,387,21.486918162458167,228,656,138.0,15.526908097892566,62.94376,0.0,3.2059981121694934,0.0,19.69815,1.7899742995611376,0.00810073367909555,0,1049,0
5CD63272-9719-4D60-84D8-2041F64F5A46,2809,3,182.0,1,0.12993948024207905,66,8.576005695977216,893,263,301.0,74.85366168730567,151.326,0.0,27.283020591081403,0.0,108.7208,-0.6136003502686407,0.25764460945721074,0,1049,0
E22D3F3A-FA23-47A2-8C2F-C52A5BAF8653,12736,1,0.0,2,0.0573178391959799,20,0.573178391959799,235,606,188.0,33.059386046705605,138.4107,0.0,10.152314710693918,0.0,46.33196799999999,-2.0640958946994346,0.006477062101258098,0,1049,0
5AAAA079-9B8F-4E03-8799-8BFD262DA47A,2144,1,0.0,0,0.0,0,0.0,-1,585,0.0,74.25513392256177,173.9432,-679.58,25.30871852744471,0.0,103.8968,18.375220874506127,0.284764478586099,0,715,0
B2E9766F-804A-44A5-ACA7-AF88F98CCCC9,1425,1,0.0,2,0.512280701754386,432,110.65263157894736,447,523,301.0,38.86602142102263,419.0932,-56.45736,22.757627914697657,1.280701754385965,68.84334799999999,9.82486986061317,-0.009290942905093353,0,1049,0
30CB4D98-4210-4B66-AAF8-8AD83F64C821,3522,1,0.0,1,0.1036342986939239,134,13.886996024985804,893,466,831.0,207.26936592600845,715.0,0.0,132.71729640873056,0.0,382.0,31.485726666584156,-1.5717736185997577,0,1049,0
90390E04-CE6D-4CFB-9991-61729D467616,4188,1,0.0,6,0.5229226361031518,364,31.723973256924545,224,466,452.0,197.88500745788778,538.0,0.0,40.86798789557181,0.17430754536771728,252.0,16.887523406309754,-0.15870637893131975,0,1049,0
2504F7E4-B16E-4820-A3C8-990EA331CE7D,2356,1,0.0,1,0.15492359932088287,2,0.30984719864176574,121,461,452.0,110.02821799571751,283.0,-17.1,42.658193259036025,0.0,165.0,-7.9892519463347895,0.11600180406350775,0,1049,0
1571A9B6-264E-4927-A936-09BC7C62B46C,4067,2,432.0,1,0.0897467420703221,196,17.59036144578313,456,26,624.0,142.02485300350685,497.7,0.0,82.37905036179696,0.0,255.3,-2.957353003506853,-0.37545869860492037,0,1049,0
542358FF-AC42-4DFB-8750-AB5B18AD23A6,6163,1,0.0,0,0.0,0,0.0,-1,458,380.0,78.36801129621405,184.1,0.0,20.776157473590683,0.0,106.8,-8.759369320905407,-0.08061639982995393,0,1049,0
55FC5510-5348-4FD2-B755-C17BB5DDE25F,12736,2,115.0,5,0.14329459798994976,126,3.6110238693467336,198,443,84.0,24.813511216000318,120.2,-164.3568,14.694020045882398,0.0573178391959799,38.7,12.04881131486388,0.02509946929887358,0,1049,0
00B6496F-EAFA-4096-B929-2089B745186C,585,2,264.0,2,1.2478632478632479,29,18.094017094017094,22,173,151.0,29.715988136964143,107.0,0.0,20.629417260697384,0.0,57.0,14.903379146986474,-0.4965562163596494,0,645,0
FD7E9A32-A7EB-4B3A-B2CB-B5EB87374171,1535,1,0.0,1,0.23778501628664492,39,9.273615635179151,728,399,1247.0,121.28103438308108,478.5198,0.009231586,55.29662262276604,0.0,194.99093999999997,-0.4096116956690281,-0.2775118206951791,0,1049,0
9C75526F-F996-4B7C-B82F-8AB30EBC0F6F,12736,2,364.0,1,0.02865891959798995,26,0.7451319095477387,243,32,375.0,70.72705550205838,273.6572,-234.05,34.10422855738249,0.0,114.3555,13.48778510573483,-0.04348201848161636,0,1049,0
6FEFA82C-5808-4D65-B94C-14C208CA49EE,12736,1,0.0,2,0.0573178391959799,250,7.1647298994974875,425,395,1370.0,434.4765338150577,871.06,0.0,120.78845673518568,0.0,606.64,-39.90739492616876,1.5875596358486528,0,1049,0
A80E1052-90E2-4B3A-804C-17865D1BA07E,499,2,1.0,0,0.0,0,0.0,-1,392,678.0,83.88044530847671,300.0,0.0,70.27142693476287,0.0,114.5215,9.802184291060328,0.026268593232156467,0,665,0
56C99268-1D8D-4C94-A10D-F12C55F78A8C,552,1,0.0,3,1.983695652173913,7958,5262.083333333333,376,381,301.0,27.55045492097682,1391.821,0.0,28.144449736268413,3.306159420289855,64.66484,28.683276038745404,-0.026052964158184116,0,876,0
8525D1B3-BF24-4075-AC3E-8D9DDC54BF57,6020,2,0.0,1,0.0606312292358804,20,1.212624584717608,54,368,1386.0,333.338786522967,1002.0,0.0,136.18464338980996,0.0,513.0,-7.431957819263289,-1.0496854035481191,0,1049,0
1FACDCB4-5269-425C-BB15-58C8C0541010,5233,2,199.0,0,0.0,0,0.0,-1,146,148.0,49.32939849975744,93.78883,0.0138089,9.299309867564565,0.0,60.786378,0.0071932980820719195,-0.03919432099761146,0,1049,0
75360B96-86FA-4D7B-BFB7-431A3C4D9D0D,515,1,0.0,0,0.0,0,0.0,-1,334,603.0,93.13577978441276,506.0982,-0.6175378,105.1098751977001,0.0,259.43782000000016,64.58137423904404,1.141976928493014,0,785,0
11922B9E-E038-4CE8-ABE1-37C22C1B28DF,4833,2,0.0,0,0.0,0,0.0,-1,263,497.0,73.15897565082501,201.0,0.0,37.04842945325695,0.0,126.0,-10.101568243417603,-0.13215211754544245,0,1049,0
218C0101-E229-4D72-80D3-15A4C3F9552B,1541,2,0.0,1,0.23685918234912395,10,2.3685918234912395,939,258,452.0,108.51529410449729,261.7181,-30.61999,44.841552373361544,0.0,165.05432,-21.130274509435566,0.23895807867219,0,1049,0
A48A293C-6D20-4654-AC4F-CB3318781CF8,2727,1,0.0,0,0.0,0,0.0,-1,232,151.0,35.58539777493752,233.75,0.0,6.663090862384571,0.6692335900256692,44.0,-2.592265058888138,-0.002583709465764696,0,1049,0
F9BCC417-ED7C-4E4C-AC1A-C1735F2A828E,6222,3,69.0,4,0.234651237544198,322,18.88942462230794,407,88,158.0,27.213806041883497,81.0,0.0,14.708747184208404,0.0,48.0,9.963740254412802,-0.002207234089291766,0,1049,0
AE68AC8E-69DC-4AD3-8551-EBB9F9D71F93,12736,1,0.0,6,0.1719535175879397,397,11.377591080402011,217,211,200.0,29.096448445380755,116.8477,0.03515625,11.29843076510057,0.0,43.67578,-3.6562487761677893,-0.01770845428924988,0,1049,0
1B81C6A7-3250-408D-B086-33D52FB8FBA9,2633,2,0.0,1,0.13862514242309154,273,37.84466388150399,821,200,301.0,105.45615811849756,226.605,0.0,19.505553225906098,0.0,132.38564000000002,12.985658212520974,0.0863078861089436,0,1049,0
CA7373A4-A59E-4483-870E-E081AA484ECB,378,1,0.0,0,0.0,0,0.0,-1,198,887.0,80.13344543233045,236.6321,0.0,50.18568791459456,0.0,148.96842999999996,-6.362391535494027,-0.024706678575673425,0,428,0
2585C2EA-7C0D-4139-B72C-17F06D171433,2655,1,0.0,1,0.1374764595103578,454,62.41431261770245,821,182,1039.0,177.45486386907396,534.4375,0.1717913,113.28538717485091,0.0,337.02242,32.67932032467607,-0.9656045469579776,0,1049,0
BB0BB08A-AC4C-4A36-88A5-19B50961CE00,2534,1,0.0,0,0.0,0,0.0,-1,179,250.0,68.84652627967411,153.0,0.0,19.401269283025805,0.0,96.0,-7.373686773501269,-0.050860531478569525,0,1049,0
E7CE180B-AFE6-4AFA-9BFD-1BA15069FE42,325,2,15.0,0,0.0,0,0.0,-1,159,451.0,36.84933313715523,131.158,0.0,33.23317586152385,0.0,79.567997,32.89164648012873,0.27650399675880255,0,540,1
2736960A-0787-412A-B145-142AD19DDEBC,5806,2,0.0,0,0.0,0,0.0,-1,158,209.0,53.59146439770099,167.61,-18.3,13.336223645446672,0.0,71.82,1.68367063316321,0.06794942619797256,0,1049,0
2B419C55-B2F6-4719-A5FA-17C2C73242FB,3987,1,0.0,1,0.09154752947078003,221,20.232004013042385,821,143,416.0,68.43640249060304,246.0,0.0,43.90349432167255,0.0,126.0,18.697393816495733,-0.3668309499321844,0,1049,0
8ED1FE13-8DE2-430D-80C1-1C4495111195,12736,1,0.0,2,0.0573178391959799,29,0.8311086683417086,10,92,313.0,37.181165021511866,167.0,0.0,14.121247766376932,0.0,55.0,-5.1661187252155685,-0.08786481412889424,0,1049,0
9A7C329D-C7F7-4E67-832D-F4A87B19C8AC,1244,1,0.0,1,0.2934083601286173,52,15.257234726688102,821,82,624.0,246.75438962232596,574.6124,-5.16,53.00568535685628,0.0,308.68752,-10.104555116924729,0.09614657655415292,0,1049,0
C217F203-006F-4BDA-97DF-1589479D3ABF,2454,1,0.0,1,0.14873675631621844,41,6.098207008964955,781,60,497.0,76.29495183861795,241.4,0.0,26.630899053320853,0.0,110.0,-2.1885475176302975,0.00019235342262050422,0,1049,0
5EC7437A-A15B-4E3F-A4C6-D452BC4F5234,328,1,0.0,0,0.0,0,0.0,-1,33,301.0,77.98192977585713,204.708,0.0,51.23216217254931,0.0,135.5415,35.66182738000707,0.17443401427806882,0,414,0
1BE54786-C0DB-4CC4-A60E-96CC5B590B71,6749,1,0.0,0,0.0,0,0.0,-1,11,734.0,122.26004869609605,618.18,0.0,55.958786236139865,0.0,198.0,9.861363340940983,-0.03417611570713811,0,1049,0
7A839D99-FC0A-4EE0-846C-9F9063724C66,1614,0,0.0,2,0.45229244114002476,288,65.13011152416357,65,0,301.0,124.42935881721212,219.8574,0.0,20.429840660852484,0.0,149.51426,-25.786293801008412,0.1137613650341139,0,1049,0
3EFAEA8A-BCCD-489D-BCC0-821E6C29F878,3,0,0.0,0,0.0,0,0.0,-1,0,1039.0,2.960929862164269,347.3209,0.0,19.938059999189836,0.0,0.0,0.26296529871536034,0.20852071819503942,0,99,1
7B1D74D4-00DA-4932-BBF7-2D1DA8F93BE4,3931,1,0.0,1,0.09285169168150598,40,3.714067667260239,821,754,567.0,67.33296955312336,239.8,-122.4365,29.621978349304136,0.0,106.4,25.4150397061359,0.22587973823921004,0,1049,0
908B1A97-D6B7-4453-8242-B47FA006277F,5765,1,0.0,1,0.06331309627059843,110,6.964440589765828,821,718,266.0,93.38092713789467,319.469,0.0,18.884059311650617,0.1899392888117953,120.23841999999999,-1.157894917215657,0.12612743226636008,0,1049,0
51670481-C0B0-43A4-BFC6-48F3FC483BF8,6580,1,0.0,0,0.0,0,0.0,-1,702,377.0,59.83300780728154,179.4144,-14.53967,27.49532325692942,0.0,96.889416,-27.358596169781542,-0.09054131548228525,0,1049,0
CB3A882A-FF9C-4B39-B3B7-338BB9DF45CA,3638,2,681.0,1,0.10032985156679494,279,27.99202858713579,870,4,1039.0,229.46044373318662,410.5554,0.0,42.444887076733515,0.0,283.61823999999996,-16.20553455108788,0.3866690238161941,0,1049,0
64C02E7F-3A0F-493B-9E0C-DB50E342A769,3472,2,62.0,0,0.0,0,0.0,-1,606,301.0,1043.5782646272314,142608400.0,-0.56,367177.8467982911,0.21025345622119815,130.00986,-951.2018912270771,-0.04338452025819457,1,1049,0
D9479808-04FE-44E0-BD50-049346B3FE38,3021,1,0.0,1,0.12082092022509103,29,3.5038066865276396,735,641,250.0,62.14826678687677,211.0,0.0,20.25399619404459,0.0,88.0,-7.094640243666895,-0.10818282321096961,0,1049,0
734B1ECC-26C4-47AD-80EC-DCFF57342D09,6580,2,1.0,0,0.0,0,0.0,-1,610,377.0,60.94629310851924,205.1851,-14.82,28.113647449997103,0.0,99.101494,-27.75135140759331,-0.09241526111080443,0,1049,0
162459D6-0522-437D-BAFD-0B5F027A8B79,1244,2,433.0,7,2.0538585209003215,457,134.08762057877811,80,81,451.0,21.376800127725446,74.90896,0.0,6.037589602160519,0.0,29.013455999999998,-2.0337780928489018,0.06878461026919908,0,1049,0
C7E215A2-2BF2-4BD2-889F-D3F55755D736,8803,1,0.0,1,0.04146313756673861,36,1.49267295240259,806,501,313.0,34.5665797828926,189.0,-61.58681,25.790436554807155,0.0,78.0,-18.113724844620997,0.012663600444484585,0,1049,0
300E0CEF-4D09-4BCE-BECA-E7231710793F,1806,3,20.5,0,0.0,0,0.0,-1,400,753.0,254.08878743321378,599.15,0.0,106.27418535174347,0.0,395.15193999999997,-42.45356955512736,-0.6585692219149188,0,1049,0
595403C8-1F79-45B3-9ECA-FF1E3DC7CD24,503,2,72.0,5,3.628230616302187,210,152.38568588469184,282,330,452.0,60.606100974912756,144.7471,0.0,29.04936851738524,0.0,94.931443,-1.136761750375726,0.06601289427415799,0,582,0
B98E9270-B97C-45C2-9351-B30785B414C4,396,1,0.0,0,0.0,0,0.0,-1,378,271.0,31.528794391173854,3996.304,0.0,24.12894892420413,0.9217171717171717,54.885650000000005,11.003463200647133,-0.08239503087205347,0,462,0
8A85296D-C193-437F-A2B8-920D5EB795AC,1733,1,0.0,0,0.0,0,0.0,-1,232,99999.0,92.75050521159653,308.1649,0.0,85.71167926263931,0.0,217.499,-1.9290255447755555,-0.5457861916933021,0,1049,0
159FC4C3-805D-4FC4-9FE2-91FF028BA0C4,4742,2,1.0,0,0.0,0,0.0,-1,228,188.0,55.13983705343825,349.94,0.01,13.905466416285265,0.1539434837621257,74.09,1.5375016811296547,0.07254018271569282,0,1049,0
71795A45-8FB3-43AF-85B9-014106A6EBDC,6695,2,6.0,0,0.0,0,0.0,-1,221,920.0,186.58765083761358,621.5515,0.0,96.20299749018591,0.0,324.0051,7.879818298188894,1.0571193974563386,0,1049,0
91E99317-F64C-499F-AD57-260034B07F09,3504,2,149.0,1,0.10416666666666667,278,28.958333333333336,821,209,301.0,107.2755905725868,181.7191,-69.07047,20.125254196078536,0.0,135.15164000000001,13.561879361055176,0.0912112782212492,0,1049,0
F9AB7870-787C-455A-A54F-6B624F62A429,377,1,0.0,0,0.0,0,0.0,-1,202,678.0,30.650412959586923,79.72689,0.0,16.001496456617538,0.0,50.044893,3.6148196489007347,-0.031853780270003816,0,428,0
0147A16F-CD50-442E-AEDF-88FCD75E7F17,4733,1,0.0,1,0.07711810690893725,101,7.788928797802662,1042,191,128.0,14.82597826804643,697.3709,0.0,7.708118638125867,0.3855905345446862,24.0,5.955850435657272,0.006190493339348809,0,1049,0
111998E7-9D92-4538-BDCD-0CF26438B2BD,1023,3,88.0,0,0.0,0,0.0,-1,10,415.0,80.76508378158795,310.6207,0.0,47.968687609968995,0.0,148.7703,14.44664114389046,-0.35321066584032285,0,1049,0
53349B7E-CBF8-4090-A4CB-C5DE42EDEEDD,4476,1,0.0,2,0.16309204647006253,266,21.69124218051832,588,165,326.0,61.13843028485818,769.1667,0.0,14.876572065391397,0.40773011617515637,78.74999,7.891660450481318,0.007275700331591628,0,1049,0
2E9AD20F-FC82-4CCD-B899-1668319A610F,5834,2,1.0,2,0.125128556736373,10,0.625642783681865,546,161,77.0,21.274130072896973,80.53368,0.0,14.104344642088357,0.18769283510455947,41.829808,5.4942251488700045,-0.099381168725633,0,1049,0
999FFCB6-B610-4C8A-98E9-7D40808E8F06,340,1,0.0,1,1.0735294117647058,108,115.94117647058825,325,160,451.0,41.86375121254965,199.8729,0.0,36.450329942388564,0.0,84.980409,28.498384998870115,0.2788463609704325,0,540,1
5BF57D13-AAC5-4B0D-8BCB-F2CA28DF0CB1,2126,2,0.0,4,0.6867356538099718,418,71.76387582314206,58,67,301.2,44.12162015444298,92.33346,0.0,12.848066048755426,0.0,60.968588,6.147383796357175,0.014448365572623445,0,1049,0
12D8F1DE-4A7E-4B0A-B3AC-C2F179F7F302,12736,1,0.0,2,0.0573178391959799,535,15.332521984924623,421,37,1370.0,424.15383966874384,849.27,-4.344956,117.37332406765204,0.0,591.87,-41.01840139713897,1.528617432192974,0,1049,0
11F09D04-EA56-4B69-B391-867753EBA81D,1270,3,0.5,2,0.5748031496062992,7,2.0118110236220472,16,21,452.0,43.03862328255318,513.7,0.0,26.473905821757473,1.437007874015748,81.11801199999998,-9.423408131241452,0.4286653939906143,0,1049,0
A693AD9B-DF6E-4CB9-ADB9-720C564849BD,3749,0,0.0,1,0.09735929581221658,322,31.349693251533743,821,0,126.0,12.692403875383663,71.8894,0.0,4.7639992641424405,0.0,19.35484,-1.4511517171274892,0.07778595063650236,0,1049,0
48E8BEE5-9E91-4DEA-9EE5-0C9076F210E8,2755,0,0.0,5,0.662431941923775,198,26.232304900181486,379,0,453.0,107.86977170061053,248.739,0.0,20.286124369023074,0.0,132.04952,9.40374575849441,0.4268700446813476,0,1049,0
5B4324E3-C3D5-4E29-A3DB-4F517115E5BF,12736,1,0.0,0,0.0,0,0.0,-1,795,434.0,16.149754213441433,40.40527,0.0,8.222899382040502,0.0,26.85547,1.5066237756789356,0.095392828859117,0,1049,0
1F170920-B265-4766-B927-DAA65F95640A,7497,1,0.0,8,0.38948912898492727,472,22.97985861011071,251,784,263.0,104.99985747147771,227.0,0.0,21.29031817777442,0.0,129.5,-5.435767965304862,0.09355878412049122,0,1049,1
8D8BC86A-CDC2-4AAF-B02D-7F7A2E57C62A,4288,1,0.0,7,0.5958488805970149,260,22.13152985074627,252,776,263.0,106.17073268315856,231.8511,0.0,21.226169569303238,0.0,130.82978,-5.606769676985721,0.09365956867893999,0,1049,1
C11B57EB-0777-4FED-9325-E09683E78ACE,12736,1,0.0,1,0.02865891959798995,109,3.1238222361809047,304,765,271.0,31.829517278765895,159.2473,0.0,20.54859283510919,0.0,53.2878,-20.228673318194907,-0.07202016757162803,0,1049,0
9E1F64C4-AEE8-4475-B918-BD14FB11C39A,12736,1,0.0,0,0.0,0,0.0,-1,760,479.0,120.11114873872202,325.0,0.0,31.00231380072759,0.0,161.0,0.2596074341174841,-0.013311942946890537,0,1049,0
0FD2461E-3677-456B-A2E9-02C8FD481D42,8476,1,0.0,1,0.04306276545540349,124,5.339782916470033,821,725,251.0,69.03231620025589,520.4246,0.0,13.85007332134541,0.08612553091080698,87.9,3.233108182460157,0.12428076968800808,0,1049,0
216F6E5D-E258-4CEA-A712-898B2A85FF8D,12736,1,0.0,0,0.0,0,0.0,-1,697,151.0,24.383288767426595,117.2801,0.0,7.854712265000691,0.0,35.0,-1.6787362982907936,-0.014316067827326652,0,1049,0
0FE81E09-8393-4AAA-8E75-909048EBD2B7,4133,1,0.0,0,0.0,0,0.0,-1,695,188.0,55.1757763826924,109.73,0.0,13.582216909074802,0.0,73.84,1.5199373518754982,0.07226870201162786,0,1049,0
98A6B2E8-599B-4D17-B4E7-A425AAA0622D,595,2,18.0,0,0.0,0,0.0,-1,561,301.0,67.17909804945482,255.1001,0.0,37.73284024943135,0.0,111.02634,9.517339125244249,0.17511021400520027,0,645,1
C11B0376-0E4D-4DBF-9760-495F7B34A162,739,1,0.0,2,0.9878213802435724,808,399.07983761840325,692,572,416.0,74.87702215581726,227.9,-102.0024,33.09121817471637,0.0,120.2,6.93353339973828,0.19506350806905545,0,749,0
7D6DCE0E-F19E-4098-8F2A-6011DE6DD9A0,8317,1,0.0,0,0.0,0,0.0,-1,559,377.0,116.7327722135475,301.68,-10.11829,45.92863181629312,0.0,177.84,21.0021351938599,-0.007511091904482377,0,1049,0
A7A859FB-3644-4B4C-AD52-F0FE7FCDAF51,6281,1,0.0,0,0.0,0,0.0,-1,537,269.0,94.98478787710725,2049.0,0.0,28.41529942633587,0.34867059385448174,125.61148,-5.5106840075856525,-0.04060079185464942,0,1049,0
26CAD814-DEA7-4F53-9C05-9773CBB71794,9034,1,0.0,1,0.04040292229355767,25,1.0100730573389418,482,500,407.0,118.75224288066717,308.21,-281.16,47.420018941355195,0.0,181.5,22.34135434155506,-0.008043809706866818,0,1049,0
690D4FD0-C958-4078-B99D-B805ABC80E41,12736,1,0.0,0,0.0,0,0.0,-1,445,314.0,43.70293608755892,209.0,-9.84,19.081810228622935,0.0,68.0,-6.983337322126822,0.0822311167816466,0,1049,0
9C6ABA26-3BA6-453C-89DA-225A58494EF5,508,1,0.0,3,2.1555118110236218,256,183.93700787401573,147,376,452.0,18.73584549841038,98.68127,0.0,24.5653717085143,0.0,57.16535700000002,26.51430535652789,-0.07703411571277675,0,582,0
90C243BA-1C52-45AB-926F-F3E63FF62CA0,4138,1,0.0,4,0.3528274528757854,125,11.025857902368292,675,358,200.0,26.453099814765956,71.99097,-119.6059,12.647350328582565,0.0,44.98291,0.6940495603112034,-0.11545834054395938,0,1049,0
1C1B9269-2936-4198-8FEF-0FE212124956,376,1,0.0,0,0.0,0,0.0,-1,333,226.0,19.645203292359678,101.0,0.0,14.87428514383524,0.0,36.0,-2.014339094828813,0.004852450919850109,0,449,0
0A7E9711-8C7E-416A-869D-15FA72B625AD,8707,1,0.0,2,0.08384058803261744,7,0.293442058114161,611,328,739.0,119.023109679344,404.425,0.0,73.85193089813718,0.0,220.89113999999998,-61.20357083289339,-0.12882082894384983,0,1049,0
5836278A-6DCF-42EB-A8D2-0BAED33170E4,746,1,0.0,0,0.0,0,0.0,-1,278,301.0,1.5797866079634284,66.71906,-44.4,9.137389276235558,0.0,0.0,3.877343868888423,-0.012831521164026588,0,876,1
7F2D0DE9-09B2-4EE4-8837-EDF731C415C9,318,1,0.0,0,0.0,0,0.0,-1,194,99999.0,23.143683862433864,122.0,0.0,32.18871364096785,0.0,73.0,-23.143683862433864,0.0,0,337,0
6E3DB6AC-1E72-4DB6-B940-27E796AEE9EB,183,1,0.0,0,0.0,0,0.0,-1,18,887.0,75.52452755655786,600.23,0.0,70.9530367383657,0.0,172.3785,67.53654802986189,-0.3286291138550895,0,302,0
13A0A4DE-FF1C-416E-B3D0-1D93EFC3779F,5798,0,0.0,0,0.0,0,0.0,-1,0,961.0,290.06114045715196,594.0699,-17.97813,70.3415644800745,0.0,377.04722,-0.5092701407939444,0.007141619386893506,0,1049,0
3996F15A-47A7-465D-BFB8-20FCC40CC39E,1129,0,0.0,0,0.0,0,0.0,-1,0,453.0,7.122501919136607,55.69553,0.0,3.72753152025583,0.0,11.395309999999997,-0.4093693425933971,0.019888848627625594,0,1049,0
