id_equipamento,idade_dias,num_manutencoes,intervalo_medio_manut,num_falhas_historico,taxa_falhas_ano,minutos_falha_historico,taxa_minutos_falha_ano,dias_desde_ultima_falha,dias_desde_ultima_manut,limite_potencia,utilizacao_media,utilizacao_maxima,utilizacao_minima,utilizacao_desvio,taxa_sobrecargas_ano,p90_utilizacao,delta_utilizacao,utilizacao_tendencia_90d,dias_acima_80pct_limite,dias_com_dados_util,vai_falhar
F239CDD0-6ABC-4E85-8155-849BFED176DD,12761,11,93.2,18,0.5148499333908001,1255,35.896481466969675,23,135,741.0,225.27319777233618,455.4583,0.0,76.61608460506292,0.0,283.32784,49.692811594947784,1.0321490825225437,0,1074,0
140D7CE9-2398-4B37-BF23-E597E20E1234,6887,3,293.0,2,0.10599680557572239,495,26.234209379991288,846,480,487.0,119.1039026816733,519.6515,0.0,54.960209120029376,0.05299840278786119,168.39504000000002,2.5686983853019996,-0.45002628145440854,0,1074,0
5680A0F5-83E4-4AB1-94D3-427C75B6CA33,10520,7,154.33333333333334,1,0.034695817490494295,5,0.17347908745247148,684,132,407.0,45.96911104559485,189.9586,0.0,31.952308374551322,0.0,90.39726799999997,-12.84634781105781,0.3020210340349208,0,1074,0
111ADE95-8574-41F6-9BF9-2B67EF7A95C6,8436,7,170.16666666666666,2,0.086533902323376,78,3.374822190611664,846,34,188.0,44.171806595551345,231.03,0.01036914,10.926669145323583,0.21633475580844003,59.815523999999996,3.7463008391562127,-0.04547371127198449,0,1074,0
9ACC3111-44AF-4292-926E-4661533CEC10,12761,4,292.3333333333333,3,0.08580832223180003,155,4.433429981976334,412,176,266.0,149.69305522282724,236.9,-27.1,22.222241123199396,0.0,176.6,2.324583666061642,0.20977595542188077,0,1074,0
AED1F5C4-0302-4541-886C-584F8D7BAFD4,2839,3,209.5,2,0.2571327932370553,1893,243.37618879887285,80,634,452.0,70.24583098997714,258.5451,-1.656494,40.90012338027671,0.0,127.11003999999998,-6.784627109575901,0.317345210568359,0,1074,0
C8D59FD5-A8B0-4A8C-A957-F1CEEABA7EFC,12761,6,166.2,2,0.057205548154533346,958,27.401457566021474,826,218,324.0,169.84457859440457,304.0137,-370.0966,32.843353873339176,0.0,210.4102,-0.5563766885403538,0.04954253284225767,0,1074,0
63C274E2-FF8F-48BE-9430-D0099841D0CE,3527,3,215.0,1,0.10348738304508082,53,5.484831301389283,131,626,451.0,134.36983537056702,227.3683,0.04074871,19.12182605933143,0.0,158.65488,2.723960373260155,0.1804807720796472,0,1074,0
8023F211-A03E-4A6A-9DF7-3E088F3BD1BD,1222,5,169.25,1,0.2986906710310966,23,6.869885433715221,977,369,482.0,63.09865094725245,243.8531,0.0,34.84898594086975,0.0,107.98944,-6.12634251187437,0.5486434556120868,0,1074,0
78600FF0-ABFF-4154-87B9-47180890E6B9,2962,3,24.5,2,0.2464550979068197,332,40.91154625253207,39,995,490.0,84.57653047765899,196.2717,0.0,28.16386479924042,0.0,118.6201,4.8276971777422375,0.16126557243924744,0,1074,0
D05B54E3-8C01-490F-B9DB-B13A9F4BB8D7,12761,4,4.666666666666667,0,0.0,0,0.0,-1,1026,200.0,42.289635094174706,357.1797,0.0,31.799317556056053,0.14301387038633337,84.0,-42.289635094174706,0.0,0,1074,0
8E4DB99F-E4AB-406B-9034-A5BF1E1665A1,9211,13,70.08333333333333,3,0.11887960047768972,653,25.876126370643796,194,195,259.0,45.499638373979415,106.5674,0.0,17.624754710800747,0.0,63.30322,12.127543755418728,-0.21904479524587792,0,1074,0
E1B50D7E-9ECA-4DF4-890D-CFA2B6C970C1,851,9,28.75,4,1.7156286721504113,189,81.06345475910693,662,806,722.0,173.5264756762514,412.7343,0.0,58.68967402344351,0.0,242.05723999999995,-10.925116249553895,-0.19391006803840674,0,1074,0
4CE784EE-65E4-4168-BDFE-8B64BD300EAA,12761,5,187.25,6,0.17161664446360006,587,16.789828383355538,170,289,489.0,126.79931492291855,379.0,-307.125,38.928312964964235,0.0,175.0,7.315731373377744,0.026467773799104807,0,1074,0
77BEE62F-612C-40BC-B8C7-5C4A547C2328,12761,5,156.75,1,0.028602774077266673,89,2.545646892876734,970,408,266.0,115.1421542794616,206.6,0.0,22.331071428750313,0.0,143.4,0.7824059057235786,0.1749792098246099,0,1074,0
BAA8A8EF-F082-42DB-BCA0-CC851F318378,594,9,104.375,4,2.457912457912458,415,255.00841750841752,350,199,678.0,150.99398634495975,378.2227,0.0,57.202971091794055,0.0,225.5859,-34.061038814095554,0.18176941140413982,0,1074,0
14D77E1B-0EE7-473C-9AA3-62DDBF2A4431,12761,6,128.4,2,0.057205548154533346,90,2.574249666954001,390,391,455.0,104.35033478928047,343.6523,0.0,60.19184285336319,0.0,186.0352,-13.499683712891567,-0.11473119376143763,0,1074,0
4F8F1F3C-CC15-4CE4-83A8-0B21806528E4,12761,6,183.8,3,0.08580832223180003,21263,608.1807852049213,472,108,706.0,233.42424720047015,538.7278,0.0,102.36739181023516,0.0,346.34984,-171.98506320317077,3.2627084528730412,0,1074,0
4592F955-D4C0-425B-8D9F-27B64019C189,6392,5,73.5,0,0.0,0,0.0,-1,734,312.0,38.36780584925573,92.0,-347.9079,11.266354847663862,0.0,53.0,1.710975014941802,0.15529369195096424,0,1074,1
4D6AA979-6948-44E5-8AE9-84055A94F4E6,9752,9,104.0,5,0.18714109926168992,381,14.26015176374077,98,221,151.0,19.097327025411758,239.0,0.0,13.299022041000635,0.037428219852337984,36.0,8.516947665946265,-0.0007084207927166779,0,1074,0
A47D7EBD-BF11-450F-9725-C86375E38DEA,413,4,251.66666666666666,2,1.7675544794188864,70,61.864406779661024,205,266,226.0,36.865700119134715,168.0,-112.1648,18.56701519260867,0.0,57.0,-11.718246415431011,0.011105108998345058,0,1074,0
E0991600-E200-4AC5-B956-72C797B539C3,12761,8,138.85714285714286,5,0.14301387038633337,11198,320.2938641172322,594,41,450.0,141.126858792984,324.84,0.0,53.61003085450604,0.0,205.73,-41.732297064588934,-0.30252828309861635,0,1074,1
4D40A75C-4A61-40B3-B59F-455C13BF30E9,3116,4,243.66666666666666,0,0.0,0,0.0,-1,284,416.0,62.43224607390236,223.3955,-0.41,36.65912998884706,0.0,112.3081,24.353913430958755,-0.4777141022433561,0,1074,0
E10035E9-3800-4DB9-874D-4EBDA6974EB4,2157,3,168.0,5,0.8460825220213258,437,73.94761242466389,431,680,451.8,57.221098614191284,235.05,0.0,22.445093610137,0.0,88.28758799999999,14.825859276780939,-0.2915777219790746,0,1074,0
8F95A664-DE6F-49FB-859A-3C27EF11F534,7102,9,58.625,2,0.102787947057167,104,5.344973246972684,758,538,489.0,118.86244797211988,372.0,0.0,45.04221370270033,0.0,179.0,-10.505657848663091,0.15334975054066255,0,1074,0
0D22829A-A658-4CBB-94CF-DD30D0CE3D8F,5398,5,236.5,0,0.0,0,0.0,-1,59,753.0,191.70984407418365,481.925,0.0,65.2159128984913,0.0,264.5401,17.221720293871897,-0.1477999403637908,0,1074,0
A7294F99-D0EE-49B8-90CF-85455254D4D6,12761,2,7.0,0,0.0,0,0.0,-1,1003,309.0,46.12601089001405,224.6338,0.0,19.672531668366847,0.0,76.46484,0.23647199270200048,0.04886185374505246,0,1074,0
79A2FFC8-C67F-40FC-978D-B76D38EACB5D,890,7,88.0,9,3.6910112359550564,859,352.2865168539326,662,512,722.0,176.26638846335635,449.6615,0.0,62.47862976184644,0.0,247.0423,-13.593030391597125,-0.19554514705478523,0,1074,0
A1A0482E-6F36-444C-A35C-F70EF4EBBEBD,4879,5,177.0,0,0.0,0,0.0,-1,292,251.0,46.90934002230587,114.8287,0.008167955,15.774747065348699,0.0,67.044786,-4.345414672344447,0.10127698352717676,0,1074,0
EA32ACF8-6379-4AD9-BD8D-14D4F18CAFA3,4289,3,349.5,2,0.17020284448589415,70,5.957099557006295,132,301,151.0,43.98275174655384,374.6707,0.0,10.668704508100777,0.42550711121473533,58.0,-7.158677672479762,-0.03719983719987596,0,1074,0
035C52AA-9DBB-446B-988D-E23209B52E51,12761,5,161.5,1,0.028602774077266673,112,3.2035106966538676,846,352,269.0,93.53517117710282,181.32,-38.2,24.632292736706198,0.0,122.04,1.4972685914156898,0.1452092521618172,0,1074,0
ADEA2DFD-972E-4FDA-B7E4-6DCF28D53FAF,12761,4,230.66666666666666,14,0.40043883708173345,331,9.46751821957527,198,305,361.0,66.33899052749487,275.02,0.0,40.67787851933024,0.0,121.96,-19.20623975588994,-0.3040956456673334,0,1074,0
5A561BBF-6709-4B68-A7CB-FB2292AFBB33,12761,9,107.5,1,0.028602774077266673,117,3.346524567040201,846,134,269.0,82.71095102170972,234.4922,-38.4,31.785595455531958,0.0,111.2,11.752127666561876,0.14209897162307134,0,1074,0
C59A2686-32D0-485E-8B4A-857EBDFAA744,4615,2,28.0,1,0.0790899241603467,63,4.982665222101842,712,968,302.0,50.722113695500006,207.4882,0.01532496,33.24740907790063,0.0,98.519966,26.30440202973147,-0.17352267811632244,0,1074,0
309A1924-4FB3-4EC0-9F38-01BA96669D63,2689,8,76.0,1,0.1357381926366679,101,13.70955745630346,1045,473,452.0,121.59065246919656,369.0,0.0,43.811012004490024,0.0,180.0,-10.125683333394093,0.15130068641294764,0,1074,0
66E47D33-8F50-4FA8-96C8-4ECBD8B47802,6262,9,78.25,2,0.11657617374640689,150,8.743213030980517,331,365,258.0,98.07592537344203,230.4,-2.761532,17.185949558858027,0.0,119.6,-5.774906854923515,0.07635249893668576,0,1074,0
23808D82-D775-495E-B7BA-ADEA8CEB3FEC,12761,5,196.75,1,0.028602774077266673,3,0.08580832223180003,332,207,451.0,94.55270095139436,201.29,-55.23553,31.527157295865198,0.0,125.42,10.941724974531567,0.004959501172881566,0,1074,0
7AB01D09-68D9-4089-96D7-3F01B0328BCD,4896,1,0.0,0,0.0,0,0.0,-1,993,377.0,114.88837950275914,240.9536,0.0170373,25.37120911959861,0.0,147.50168,-1.3550589302282816,0.5044710266081349,0,1074,0
CCB3457B-F244-4A1E-803A-AC30C15C9135,2234,7,87.0,1,0.16338406445837064,333,54.40689346463742,846,463,301.0,53.10354542476953,176.3749,0.0,16.90263059819556,0.0,77.07305199999999,-11.309421281019524,0.03606894883366463,0,1074,0
D298764B-043A-4443-8031-42DB085E61A3,12761,6,187.6,2,0.057205548154533346,215,6.149596426612335,846,50,269.0,99.68263923442994,229.0151,0.0,24.944666113948962,0.0,135.66,-16.01831956159043,-0.09125568563799917,0,1074,0
F19B40CD-A10F-4673-8DC8-69FA5F18182E,8100,5,230.75,1,0.04506172839506172,9,0.4055555555555555,270,62,1358.0,555.4674193088892,981.24,-543.22,141.87094734892423,0.0,720.45,-37.85093937061765,2.2117847619500957,0,1074,0
C468DD2E-00CF-4027-89C2-EAAAB75DCED4,8106,7,154.33333333333334,3,0.13508512213175425,227,10.221440907969406,845,59,106.0,28.87810367337663,53.4,-0.3443916,4.327101160607305,0.0,34.2,0.78211237600609,0.04472781276149479,0,1074,0
A7B8CCE1-0118-44BA-9392-9B46CB15E59E,6644,10,95.55555555555556,0,0.0,0,0.0,-1,141,472.0,151.8296393776959,262.7563,0.0,30.682169999640955,0.0,191.1621,-9.013985871523062,-0.38926982113719744,0,1074,0
BC3612ED-EC0E-4454-A9E6-597BD5A7AF56,12761,9,121.25,0,0.0,0,0.0,-1,10,315.0,77.30773379709545,240.0,0.0,29.22995929660247,0.0,110.30801999999998,14.797351754602076,-0.8576530811732693,0,1074,1
1BFEC5F0-269D-4A77-A8FE-B324855362B3,12761,2,942.0,0,0.0,0,0.0,-1,41,314.0,84.08900311886926,199.03,-16.24106,27.76075441058554,0.0,118.25,-19.54894447689395,-0.8192090290068722,0,1074,0
5787E14C-7EE0-41B1-B1A5-59B80110213E,12761,5,242.75,5,0.14301387038633337,256,7.322310163780268,301,9,188.0,32.768268079017396,110.0,0.0,17.401498903539288,0.0,61.0,12.618846118513467,-0.034698099445335986,0,1074,0
3AA9BAE5-5478-4EAC-9B47-8ADF1CB0A257,2458,3,397.5,2,0.2969894222945484,36,5.345809601301871,108,186,250.0,50.63600541091766,163.0371,0.0,15.322337664012416,0.0,70.0,-3.230989978818897,0.07867975241566469,0,1074,0
84D93928-D366-40B9-B0CD-38CC8B66D347,10107,3,408.0,2,0.07222716928861185,90,3.2502226179875335,179,165,416.0,151.3217232590305,293.4998,0.0,39.248917500170535,0.0,196.6553,1.6503145682071647,-0.04437230345845331,0,1074,0
5E86FC79-E6CD-446E-9C63-AC9E1707FBDC,5467,4,231.33333333333334,1,0.06676422169379916,47,3.1379184196085608,286,286,126.0,48.0054477390108,126.0,-2.33007,15.066172421253597,0.0,67.5,-1.1890125538256129,0.11832976636343367,0,1074,0
624B1859-E127-4462-BAA7-7CA58C3E877D,1096,8,72.85714285714286,0,0.0,0,0.0,-1,467,887.0,81.84923804758266,289.2185,-119.6904,50.55348851144627,0.0,150.92122,-18.876541296811055,-0.0637957003431557,0,1074,0
346D5839-3153-4B86-9E48-E483953CA857,3977,5,205.0,1,0.09177772190093035,6,0.5506663314055821,980,158,554.0,120.92130870363943,344.1686,0.0,50.4092244787857,0.0,186.33148,-19.200721355645584,0.39231143734529217,0,1074,0
35DD7336-6232-45C8-AC65-865B74AF82F7,6238,10,101.11111111111111,3,0.17553703109971147,75,4.388425777492786,423,64,215.0,56.46588749088159,121.8274,0.0,13.056385741985283,0.0,73.393078,-3.4884402473877643,0.30187188795056347,0,1074,0
C2FAE1E4-0998-46CE-BDDF-ABFF133095CF,12761,9,109.875,6,0.17161664446360006,382,10.926259697515869,661,119,462.0,117.57891855713609,422.7,0.0,58.862604037614936,0.0,183.9,-2.008499880438549,-0.17389481605708543,0,1074,0
869E16C5-F63C-4408-BE22-07DD3864C3FD,2260,5,93.0,3,0.4845132743362832,452,73.0,427,673,1330.0,228.45597854590886,873.3069,0.0,121.3122940419727,0.0,423.56665999999996,-93.55741938464345,0.6576730604971953,0,1074,0
80F8F1CB-814E-4E45-8D98-C829821FC6EF,12761,2,0.0,0,0.0,0,0.0,-1,971,99999.0,0.0,0.0,0.0,0.0,0.0,0.0,0.0,0.0,0,1074,0
00E09BD9-1407-4988-A183-D1FCB78D4E71,12761,9,100.25,0,0.0,0,0.0,-1,188,800.0,284.8711492427823,615.0879,0.0,71.19433035899516,0.0,380.383,9.90618489302011,0.1142006580027712,0,1074,0
5BC608D4-1CB8-4A06-97D9-A52C66D8FE89,12761,6,180.2,2,0.057205548154533346,47,1.3443303816315337,423,64,208.0,64.7446164323467,134.9521,-26.27249,15.071332157632728,0.0,84.36896999999999,-3.6511152874331216,0.3457083996018758,0,1074,0
B6E89437-3901-4A40-A9A0-2382B7C4A7CC,12761,2,76.0,5,0.14301387038633337,1516,43.36180550113628,587,890,99999.0,71.83198841640174,268.6962,0.0,48.10162910698293,0.0,130.20022,-71.8220010690252,2.6955101795823244e-05,0,1074,0
DDCA2D1C-96E4-44E8-B08C-07C0F868055F,12761,19,58.22222222222222,8,0.22882219261813339,176,5.034088237598935,52,8,200.0,55.179008929988925,559.48,0.0,32.17130112286724,0.08580832223180003,98.0,28.01474107001107,-0.24035037476057733,0,1074,0
0D64E8E7-5C77-4B76-BCBB-E9DC376AFAD8,7169,3,213.5,5,0.25456828009485283,54103,2754.5815315943646,51,536,798.0,170.53086566910983,632.8123,0.0,68.57335980320089,0.0,253.8281,-16.600293540251812,0.6261066557135484,0,1074,0
9F341F7C-2641-4A78-ABBA-50A9DBFE3D8D,12761,13,58.5,6,0.17161664446360006,234,6.693049134080402,52,256,241.0,52.44026294534695,536.0,0.0,31.650846213755326,0.14301387038633337,94.0,28.47632656082589,-0.22068070818079685,0,1074,0
50F9C677-6882-4699-91F9-DE04F0DAF557,12761,8,138.57142857142858,1,0.028602774077266673,4,0.11441109630906669,983,5,417.0,137.87161827399044,308.3862,0.0,34.70066382515443,0.0,174.6094,8.030697876472516,0.01853073270634522,0,1074,0
0C5B0AA2-5077-4328-B167-81CC2F03E17A,6583,5,173.0,1,0.05544584535925869,141,7.817864195655476,906,266,435.0,157.36754106644955,313.2807,-35.96607,38.763415758369355,0.0,209.05075999999994,-11.124436625863126,0.25104442518667913,0,1074,0
98CC0281-EE7B-4AC2-A169-A459241C7670,12761,8,122.28571428571429,2,0.057205548154533346,140,4.004388370817335,413,100,470.0,131.41619515089317,1333.2,0.0,64.85600538362235,0.14301387038633337,209.4727,2.787256325187059,0.897868062064608,0,1074,0
1276D2BF-363A-46A7-AF31-BD3C63815533,2913,3,4.0,6,0.7518022657054583,104,13.031239272227943,99,959,90.0,29.73662111495853,80.01047,-4.67,16.784689391510287,0.0,54.713021999999995,4.6876581722328226,-0.2300559037334717,0,1074,0
1365214D-F4D9-4FFC-930F-32DC34064799,12761,5,221.25,3,0.08580832223180003,185,5.2915132042943345,480,70,256.0,73.54200343219875,234.965,-2.938464,38.293391160185706,0.0,125.0749,25.711884678742607,-0.3422836733341194,0,1074,1
08EB8303-7573-4051-A6DE-AD9898401BF8,12761,11,98.7,2,0.057205548154533346,1062,30.376146070057207,380,69,259.0,83.93730144658035,179.2,0.0,22.904001787471856,0.0,108.5,-0.918006011395164,0.1457617459230631,0,1074,0
A90C95E3-C878-43A0-AFEA-D5352D3E0667,2992,11,98.5,0,0.0,0,0.0,-1,0,1180.0,134.43268009524306,801.8799,0.0,54.74361824048005,0.0,193.8477,38.55738230444831,0.19175075730412372,0,1074,1
6E8DBE3C-4A05-445A-8254-7FE5F2384A53,3050,8,81.42857142857143,14,1.6754098360655736,2331,278.955737704918,451,485,831.0,209.45620881790953,789.896,-7.859729,141.08660692657756,0.0,383.23782,-15.175061968418788,-2.1430208603991754,0,1074,0
527230AF-BDA0-4414-803F-A9AE9A58209E,7739,13,72.41666666666667,4,0.18865486496963432,330,15.564026359994832,331,107,251.0,96.47628843843519,233.4,-13.24505,17.495232104730963,0.0,117.7,-5.439606339669766,0.07895131086133812,0,1074,1
D9386093-6D65-4863-8CA4-A73B5947FFA1,493,11,93.4,0,0.0,0,0.0,-1,27,301.0,31.46065736831405,154.6127,0.0,36.189373037251,0.0,81.31921,36.85507521810571,0.015099253094738122,0,1074,0
53EA041F-A40B-404B-B759-96E33C44F52C,2486,3,86.0,0,0.0,0,0.0,-1,779,602.0,191.32300884234039,525.3,0.002204452,37.511540759195114,0.0,238.118,-13.548132319192263,0.2756537892136413,0,1074,0
84AA2AB3-4D86-4C5D-A887-D03D6E04E384,1088,1,0.0,1,0.33547794117647056,18,6.03860294117647,444,952,452.0,68.16349801820688,283.7075,0.0,34.30683430530287,0.0,115.88529999999999,-15.57735978541367,0.29799182578017946,0,1074,0
85BA9BE0-A063-41CF-8A8B-6F55EA4FBDF6,999,6,115.2,2,0.7307307307307307,69,25.21021021021021,959,381,151.0,35.57099157567718,126.8,0.0,11.539048119611033,0.0,49.4,1.6564003998629389,0.06356097917166371,0,1027,0
6C0776E3-8490-41EB-8FAA-A036FA96F525,4301,3,446.5,1,0.0848639851197396,416,35.30341780981167,846,52,542.0,121.60400920819666,413.91,0.004389791,69.85196045292086,0.0,215.22912,-6.39905120027683,-0.29362638019449994,0,1074,0
19C2D2FC-18E5-4CC8-AB00-42F530EF12CC,1448,2,185.0,2,0.5041436464088398,369,93.01450276243094,846,759,1040.0,193.6941965979268,524.9402,0.0,31.98300025725265,0.0,234.70775999999998,34.74727781565346,-0.08925022453640243,0,1074,0
A127858E-B72A-4E34-AB5B-6F2983E83348,2201,7,98.33333333333333,2,0.33166742389822806,160,26.533393911858244,128,351,602.0,122.57588256542377,306.2753,0.0,46.49361451095063,0.0,180.12161999999998,15.080535061891055,-0.4731749625452533,0,1074,0
6F9ECBF4-7CC7-4B22-AA2C-0468DCE1A12F,3357,8,122.42857142857143,1,0.1087280309800417,63,6.849865951742627,55,85,226.0,22.388425352787685,114.0279,0.0,13.19330246536446,0.0,39.737801999999995,3.0864589064715737,0.01688359333671645,0,1074,0
5B009B1D-13C0-421B-8A3D-4D9D5387B8AE,12761,8,62.285714285714285,11,0.31463051484993343,4715,134.86207977431238,576,503,99999.0,12.117594500828117,77.47803,0.0,14.32350480988995,0.0,30.88379,-12.117594500828117,0.0,0,1074,0
5A6C3F9F-DB74-459D-82A8-BE84B7A0B5D2,9129,3,232.0,3,0.11994742030890568,89,3.558440135830869,151,473,314.0,34.91773120003626,115.7,0.0,17.141059612587284,0.0,58.3,-12.41100280497453,0.1487592432536109,0,1074,0
951A6CB6-9915-45B3-B842-22E5C6FAA977,12761,2,116.0,1,0.028602774077266673,91,2.6028524410312674,982,935,803.0,209.23231239001595,1996.49,-279.99,148.32892773156337,0.11441109630906669,383.51915999999994,-209.23095605313324,7.938062506573931e-05,0,1074,0
FB912600-0A28-4998-A9DE-4B1CA9AFC007,12761,7,90.33333333333333,4,0.11441109630906669,1263,36.12530365958781,637,457,300.0,49.99433793370542,126.8921,-10.23551,18.28516128964954,0.0,75.89722,4.176984006109393,0.04186831030460604,0,1074,0
43F3B249-81CF-4520-BC73-572928C04E1C,5948,5,79.5,1,0.06136516476126429,4,0.24546065904505715,459,613,377.0,65.5373006573867,215.7935,0.0,30.324620802663265,0.0,107.9304,2.3209412365947912,0.0763669728950821,0,1074,0
CCA3F62C-3ECA-4F0D-9E13-740291ED19C3,8065,8,125.28571428571429,3,0.13577185368877867,37,1.6745195288282702,101,51,150.0,55.46215950727434,270.1449,-2.0,24.465931080709748,0.27154370737755734,87.0,-47.819412593694096,-0.3509298130084887,0,1074,1
AE11A6F6-9BAC-4F37-AF8B-E21BA0D249A7,6849,7,153.66666666666666,3,0.15987735435830047,35,1.8652358008468388,174,6,798.0,206.435523302159,730.8465,0.0,108.8179743982373,0.0,342.1875,21.350803125503035,-1.602123631458435,0,1074,0
091A9B8A-F32C-4375-99C0-780361B1ECE4,12761,17,60.0625,5,0.14301387038633337,4149,118.67290964657943,12,29,440.0,126.02777065094436,332.7637,0.0,46.31507700179711,0.0,185.9741,-7.382072225782309,-0.18571517465699272,0,1074,0
8D7F599A-E3D7-4794-BCCC-A88BAEA0921F,4845,6,154.8,2,0.15067079463364294,499,37.592363261093915,142,149,129.0,36.00742439127923,145.6951,0.006116094,8.645949323808091,0.37667698658410737,47.464135999999996,6.7829202792454595,-0.056347680157745654,0,1074,0
04E69428-F9F6-451C-B02B-366623A29F1C,5195,4,215.66666666666666,0,0.0,0,0.0,-1,274,315.0,124.6013464753346,340.9546,0.0,41.943550104671395,0.35129932627526467,168.2949,-68.14839428629139,0.08242691015403729,0,1074,0
67B5A77C-FDB1-46DC-824D-F0C43CC85E65,12761,10,86.11111111111111,4,0.11441109630906669,421,12.04176788652927,100,141,251.0,105.45732497232062,195.3,0.0,26.83647417221689,0.0,140.3,-11.128189169851481,0.05263521330927935,0,1074,0
DD6BB91B-D0E6-4032-8F4C-1D6C6471FE06,8927,4,140.0,3,0.12266158843956536,318,13.002128374593928,468,498,269.0,152.89450250571394,273.7,0.0,31.60260888865643,0.04088719614652179,192.6,-26.366107443985555,-0.11198551032833519,0,1074,0
DD4C4138-5AB7-4FD7-84FA-07BC8DB4DC3B,10134,4,151.33333333333334,1,0.03601736727846852,79,2.8453720149990134,203,610,489.0,123.37630205902349,282.0,0.0,36.366165355647595,0.0,170.0,-0.09867860223336322,0.01608909193166613,0,1074,0
BCB45581-9CC0-4607-8BB1-477B6E92CF1E,5710,3,312.0,1,0.063922942206655,27,1.7259194395796849,921,293,131.0,28.4181705312761,76.5,-15.0,17.34906705714177,0.0,49.5,0.40474616085353077,-0.019913638528221294,0,1074,0
B510BBF6-3B68-453D-B89A-D6DF249A471F,4447,3,397.0,0,0.0,0,0.0,-1,121,301.0,62.78823824370767,182.7204,0.0,33.3809896907982,0.0,106.25619999999999,12.599967554826279,-0.2585206006668198,0,1074,0
E9FC4B54-6AD5-434E-B3DF-E388AE5CE9E1,5677,2,0.0,1,0.06429452175444778,23,1.4787740003522987,921,914,131.0,28.029935616101316,116.1409,0.0,17.291368493457416,0.0,49.5,0.38765699655300523,-0.0207475893148961,0,1074,0
AE6D1D2D-2D77-4C15-8E56-6C675A7A76FB,1646,1,0.0,1,0.22174969623329283,152,33.70595382746051,846,914,250.0,39.879395846212624,236.3501,0.0,8.930064225896531,0.0,49.54419,0.6440063351145326,0.001919687588846691,0,1074,0
7A814E4E-113F-4241-9E4E-A11CCB4B81A7,5930,3,454.5,12,0.7386172006745363,1509,92.88111298482293,133,3,264.0,111.45268600231796,833.48,0.0,24.562594564697683,0.3077571669477234,142.386,-3.67980868750314,-0.1840667465806296,0,1074,0
86F0B828-D353-4298-8E94-24D33B57D303,4220,3,325.5,0,0.0,0,0.0,-1,260,452.0,145.05172705801988,454.099,0.0,23.37400927879525,0.17298578199052134,167.514,19.51908388642454,-0.836141653796046,0,1074,0
7A6F5E69-5A04-4CBF-91B9-93597B53F05B,4301,2,2.0,0,0.0,0,0.0,-1,911,151.0,24.16476713565171,331.7688,-11.9,5.401254499096333,0.3394559404789584,31.0,3.41100446928656,0.06663774219951547,0,1074,0
B5BA0E46-F802-497F-8FB4-5A3B2AD78CAB,4264,12,80.72727272727273,6,0.5136022514071295,777,66.51149155722327,379,24,301.0,29.678112278462518,100.1875,0.0,14.74328904342182,0.0,49.21375,-6.241384936217148,-0.05611267942309721,0,1074,0
87590A23-C0F5-4AC5-AD1B-19AA71EF7F7B,1212,3,65.5,1,0.30115511551155116,6,1.8069306930693068,1023,869,452.0,55.0066200270125,125.3336,-9.038255,18.827797186664114,0.0,82.23819,7.290072894283796,0.24474905727153942,0,1074,0
4DB1A6C1-28BB-4FDE-8B25-1359372E6823,1044,2,56.0,11,3.845785440613027,5007,1750.5316091954023,70,911,602.0,53.3346054921494,138.2765,0.0,23.061966283784834,0.0,84.023606,18.987334489332078,-0.3936839001923843,0,1074,0
6A3BD889-72BA-4693-9A92-8AA1074FB370,101,13,71.91666666666667,3,10.841584158415843,14,50.5940594059406,298,43,452.0,113.52578446502058,270.0,0.0,37.768582185431,0.0,154.0,-1.0057998971193456,0.13867355594873487,0,109,0
9E3215DE-B13D-45BE-8785-E7EFD7DF04B4,6992,5,162.5,3,0.15660755148741418,50,2.6101258581235696,247,254,490.0,86.73057947832022,717.6804,0.0,37.85481167099684,0.052202517162471394,135.3134,-0.6974262811751686,-0.061751228467763986,0,1074,0
F4E603C6-F513-47F8-BAB8-89A5EDEEA250,12761,18,51.529411764705884,10,0.28602774077266674,216,6.178199200689602,114,95,188.0,35.915977649290696,109.0,0.0,17.412466820177062,0.0,59.0,-2.3341103653400808,-0.05841181810286357,0,1074,0
5892C982-419F-4265-98B7-6CD0D7C0F2CA,12761,3,197.0,3,0.08580832223180003,4855,138.86646814512972,576,510,99999.0,9.878931572975844,193.0,0.0,12.913793014127195,0.0,26.24512,-9.878931572975844,0.0,0,1074,0
4764B324-754C-4709-AB20-B507812E1F39,12761,3,192.0,5,0.14301387038633337,29949,856.6244808400596,550,562,300.0,31.084355666345086,133.1177,0.0,11.333321295131515,0.0,47.69897,-0.8083995776105226,0.03385518424253882,0,1074,0
0DA38EE8-2C8F-4957-9314-78C3CDCA156A,12761,2,120.0,3,0.08580832223180003,101,2.888880181803934,90,904,160.0,61.50130030107416,233.2578,0.0,14.022800250689468,0.14301387038633337,79.5,1.1593478470739882,-0.08093540354782566,0,1074,0
36FB2CDE-4F84-4E29-831C-169E6A129F03,3277,2,1.0,2,0.2227647238327739,96,10.692706743973147,431,904,181.0,41.435065976088886,72.63777,-6.174105,9.738720879547806,0.0,54.023288,5.192482246982102,-0.018236340175614044,0,1074,0
D986131B-4B84-4DE8-8BD6-C5782EFD6B64,940,2,75.0,3,1.1648936170212765,707,274.52659574468083,249,827,415.0,19.372658167617374,42.40417,-9.861,7.5163338807475855,0.0,25.20752,1.1571164967344778,-0.026675088415716492,0,1074,0
A78368AF-8EC7-4A0F-864F-E56BE0BFDACE,12761,15,68.14285714285714,6,0.17161664446360006,7560,216.23697202413607,12,16,461.0,122.60063073101003,325.9888,0.0,45.60391777435934,0.0,182.373,-7.85634125585571,-0.2126480834235427,0,1074,0
58B94B72-5A8B-4265-859F-C8A42977D4A2,12761,5,126.25,3,0.08580832223180003,422,12.070370660606537,17,392,284.0,0.0,0.0,0.0,0.0,0.0,0.0,0.0,0.0,0,1074,0
1822C8E1-4D94-4AA7-BD98-62579A5C12A1,8658,4,77.33333333333333,4,0.16863016863016864,74,3.1196581196581197,62,666,739.0,264.259375019068,556.2332,0.0,88.2857929101162,0.0,382.48333999999994,-93.64554909013282,0.23509064586987294,0,1074,0
9E7D8206-B9AA-4402-B6B1-BD01C6880C60,12761,5,150.0,6,0.17161664446360006,347,9.925162604811536,834,295,649.0,153.7167765043672,1009.0,0.0,45.83174101040255,0.14301387038633337,213.75,21.20251678729943,-0.31163692907693286,0,1074,0
3F8CB57D-232F-4AFA-8982-21F12C598ABA,4796,4,111.66666666666667,1,0.07610508757297747,9,0.6849457881567973,561,561,128.0,8.006483172674121,99.30642,0.0,8.18348595000433,0.0,19.5,-8.006483172674121,0.0,0,1074,0
F1983F15-7F51-4D7A-A3A0-712D2EB7DF30,6930,7,142.33333333333334,1,0.05266955266955267,2975,156.6919191919192,766,35,798.0,209.2609253111264,556.7811,0.0,104.11631153339789,0.0,344.7759,6.648856518822669,-1.2693787314292968,0,1074,0
47B23687-9630-4FD3-A667-184C83CB1869,12761,11,83.0,2,0.057205548154533346,12,0.3432332889272001,670,57,300.0,27.11967763472259,81.89392,0.0,13.443094014019078,0.0,44.99817,-5.985855480401604,0.09396207893176761,0,1074,0
34BE9C23-C440-41D2-B64E-FB877B82CC26,3728,5,28.25,0,0.0,0,0.0,-1,854,151.0,39.668812265696324,937.077,0.0,14.726390409493149,0.48953862660944203,57.5,4.877484030599973,-0.027509111778817593,0,1074,0
A4C9F3F6-F74C-4B75-9891-FAE0F4BB135F,12761,5,85.5,2,0.057205548154533346,49,1.401535929786067,74,544,803.0,270.98960901474294,1781.27,0.0,152.26460770950496,0.14301387038633337,508.392,162.6357608077879,0.08944042021036727,0,1074,0
DF39C2B8-B194-4461-93CF-F8717023C467,9964,14,58.69230769230769,2,0.0732637494981935,1446,52.9696908871939,205,128,479.0,59.073410296088625,230.0,0.0,19.84698691275783,0.0,86.0,-10.747175728187393,0.18462258715063984,0,1074,0
33919A4E-8F11-445E-BDDC-4A17FE681A9C,2364,3,38.0,3,0.46319796954314724,376,58.054145516074456,372,806,251.0,67.80776680612183,213.1302,0.0,25.61255723099104,0.0,101.20045999999998,2.8742947830756975,0.16849298558743717,0,1074,0
1D8017D7-E18F-40E9-8C24-00317FBD323F,12761,11,92.8,1,0.028602774077266673,750,21.452080557950005,119,123,1143.0,196.20220473142243,2998.323,0.0,95.51601488786874,0.08580832223180003,289.53934000000004,47.89373581641712,0.13681064280318084,0,1074,0
B9D48F63-C043-4173-A67E-F23A31D900DB,12761,38,18.0,6,0.17161664446360006,42,1.2013165112452002,286,195,1083.0,203.09097027836748,643.9819,0.0,100.45160983548186,0.0,337.5854,-31.830240563552678,-0.639280773697796,0,1074,0
28DA8065-B3BF-4CA2-916A-4BF7784FDD8B,352,5,185.5,7,7.258522727272727,661,685.4119318181818,273,135,226.0,46.283608469000484,113.0191,0.0,19.988796144746907,0.0,67.821314,6.948485638252606,-0.01898655249910411,0,390,1
F0E862AB-F49F-485A-89DF-A6CF42B265E0,9352,3,431.5,0,0.0,0,0.0,-1,16,1245.0,568.3238576340104,1079.55,-544.53,132.22282428882016,0.0,730.3039999999999,72.36591705734759,-0.9042067802158548,0,1074,0
056D6EC5-21CC-4C5B-B7CA-3D38576A0279,9938,13,69.91666666666667,4,0.1469108472529684,414,15.20527269068223,35,137,259.0,87.1721124225786,170.64,0.0,20.954953517332374,0.0,111.24,-2.2717278299860055,0.1345053953848141,0,1074,0
AEA2D23E-9BE7-4555-B4E4-220F5AABFC92,12761,7,110.83333333333333,3,0.08580832223180003,183,5.234307656139801,463,208,803.0,208.41921546174416,589.8285,0.0,62.221497275406534,0.0,286.1938,-3.671601494923152,0.054759985827386844,0,1074,0
30AA272A-2443-466C-8986-905EB5D3F7AD,1051,2,21.0,3,1.0418648905803995,45,15.627973358705994,705,876,301.0,35.07736806716867,140.1394,0.0,13.530177061226052,0.0,48.50006,-1.5582260270452153,-0.012369501809813716,0,1074,0
EE4D2C52-4A10-45E0-B6F5-521EAEFDAD37,1312,2,721.0,2,0.5564024390243902,55,15.301067073170731,401,153,150.0,46.29366481953033,543.739,-60.68541,15.548023898309799,0.2782012195121951,65.901842,3.1536525815499203,0.02405936102486216,0,1074,0
25F29DF5-0E1A-4FE9-998F-5E7F27FF09E0,12761,3,29.0,1,0.028602774077266673,45,1.2871248334770005,847,815,452.0,58.28113485036161,223.8281,0.0,29.870089102254855,0.0,98.87695,-11.329176717213471,0.20310546170362553,0,1074,0
FC6B3965-A1E8-439C-BB1D-0672F06F6AD5,12761,4,124.66666666666667,0,0.0,0,0.0,-1,496,690.0,130.26227279850045,463.47,0.0,61.50956648557109,0.0,209.60399999999996,45.56571794224027,0.7707418234074174,0,1074,0
69C1837D-05FB-4DCE-9762-49EE62C325F2,12761,7,112.66666666666667,0,0.0,0,0.0,-1,194,555.0,82.35952993926718,300.6,-14.19146,49.79625506741087,0.0,149.4,-11.65272394544003,0.23965383238551263,0,1074,0
AD4CF9BC-FF28-484E-9298-0888B25E0C4F,9624,4,279.0,1,0.0379260182876143,380,14.411886949293432,846,30,193.0,23.14987319475289,139.0038,0.0,9.805786790171133,0.0,34.82521,4.050553365432293,0.005624600893774156,0,1074,0
1303801B-9DB3-496F-8BB0-64867A2873B6,4487,1,0.0,2,0.1626922219745933,857,69.71361711611323,607,866,150.0,33.50337165136908,127.5189,-8.566734,12.792226370080964,0.0,50.0,3.1393752622111677,-0.04417600709739321,0,1074,0
9FC1C01F-67B5-498C-9767-59A59BDAC33C,4487,1,0.0,1,0.08134611098729665,863,70.201693782037,607,866,150.0,33.36977733461964,74.0,-17.0,12.740367199971656,0.0,50.0,3.1228152579729525,-0.04422047989467454,0,1074,0
4BA78034-FD46-43EE-A492-91B02B6AA81C,3606,4,83.33333333333333,1,0.1012201885745979,5,0.5061009428729895,865,613,452.0,60.492702231639335,235.6567,0.0,32.96437220234856,0.0,107.0,-13.47711581188625,-0.371162420600684,0,1074,0
BDE9DF47-1D5C-4BB5-A915-C6CF640FB6B3,4206,2,499.0,3,0.2603423680456491,283,24.55896338563956,119,365,753.0,299.48987863031334,483.7311,0.0,57.04483626048376,0.0,374.01744,-17.689266796208415,-0.5217530180506452,0,1074,0
08B98F4E-B5D2-41BE-8170-FD13A74212B6,7678,5,76.25,1,0.0475384214639229,69,3.28015108101068,38,583,251.0,86.34015874936516,235.5157,-10.10948,34.99721648464024,0.0,128.15576,7.2419882564218625,0.14148858268084832,0,1074,0
528A33E0-3710-44BB-ADBB-31CC96707FD7,1044,3,50.5,12,4.195402298850575,5373,1878.4913793103449,695,862,602.0,53.183425322210205,137.8136,-22.61637,23.017463425001736,0.0,83.83248999999999,18.890183373005847,-0.39205950216942265,0,1074,0
71CC2757-211A-4D92-973D-6FE88DB85E16,8197,9,78.375,3,0.1335854580944248,2937,130.78016347444188,463,233,803.0,73.32212973522309,348.1875,0.0,79.60730786956472,0.0,171.594,-71.92453498159654,-0.0018599096243604684,0,1074,0
29C7EAB8-D7D7-4A3B-879E-1DD369918805,928,3,71.0,0,0.0,0,0.0,-1,764,602.0,101.51291408778414,296.8852,-941.73,57.04785219733197,0.0,170.06286,30.229782675024495,-0.6867652875329122,0,1074,0
8AE501DF-C350-4C40-81DC-A2C546FC5FD2,12761,3,61.0,1,0.028602774077266673,144,4.118799467126401,846,736,269.0,38.549875408125764,513.5625,-1.84608,50.74715902542149,0.11441109630906669,113.6,-37.98199732170601,0.000906976398548933,0,1074,0
69B1356D-9B55-4313-A586-70B6E0AF1C7B,4754,11,61.4,2,0.15355490113588557,25,1.9194362641985696,284,248,490.0,86.66587455051119,233.9625,0.0,35.924003415442705,0.0,133.183,-2.227690832841432,-0.05574442465110355,0,1074,0
1C735AAE-BF43-4FC0-A480-B058C93EA0BC,1975,6,160.6,8,1.478481012658228,215,39.734177215189874,689,52,151.0,43.03287929872854,231.1351,-24.59,13.865737094452793,0.1848101265822785,58.345594,-0.26461754875334265,-0.022406022957787135,0,1074,0
556A3991-C410-4811-B60B-4FF7A80A1ACB,5165,12,57.18181818181818,3,0.21200387221684416,38,2.6853823814133593,12,302,471.0,131.35884718673208,288.8838,-49.69661,50.38864637510103,0.0,196.1089,-7.319963362534551,-0.19600887200736228,0,1074,0
8E05A8A5-DD1B-4B13-92EB-C31DC70FEDE3,12761,7,137.33333333333334,4,0.11441109630906669,117,3.346524567040201,285,23,497.0,42.76311701914961,283.0,0.0,35.71495758203987,0.0,87.0,27.328163845047918,-0.6232294910666648,0,1074,0
4CE9C71E-D028-4FF1-95B3-64E7F3D0B71C,4413,5,204.75,4,0.3308406979379107,328,27.128937230908676,413,106,624.0,105.68394859484852,264.7833,0.05165524,63.47128963088925,0.0,198.34302,-66.97937216201672,0.3804743438282926,0,1074,0
6AED5992-7C51-4238-A9F6-C08E540DE9DF,6435,2,1.0,0,0.0,0,0.0,-1,845,485.0,74.36123412434364,328.2493,0.1116015,56.41231424658221,0.0,166.40651999999997,0.5209353040514202,0.11571878681277535,0,1074,0
6EB5F12C-D18F-4C82-993A-D3CCA383645E,12761,6,103.2,6,0.17161664446360006,359,10.268395893738736,250,534,256.0,99.83637580283204,236.0945,0.0,26.741270189176873,0.0,131.87532,10.63884121877291,0.07823492262408946,0,1074,0
15BCC681-BAF8-4836-8374-8E8F76FAF496,12761,15,59.0,3,0.08580832223180003,79,2.2596191521040674,292,224,266.0,55.23176921057062,400.0,-2.660278,37.89547382684302,0.028602774077266673,101.7,-55.23176921057062,0.0,0,1074,0
A349FD0E-894E-41AC-8DEF-BE606B973E11,1448,3,224.5,2,0.5041436464088398,411,103.60151933701657,472,519,301.0,39.4112141406981,163.8731,-12.16988,22.182776592756554,0.0,68.749244,7.983050509764865,-0.04090679131230348,0,1074,0
C3ECB37A-111B-4258-BA51-B70E4D7FD316,3081,7,38.833333333333336,2,0.23693605972086987,112,13.268419344368713,822,589,554.0,74.50343816972813,246.0,0.0,49.451824730431,0.0,148.0,19.60983343521015,0.8632654694451918,0,1074,0
7D626F8A-1B14-4815-9BA8-A7E1C57ADBAC,9781,5,196.25,0,0.0,0,0.0,-1,36,151.0,8.487088498387134,34.0,0.0,3.50341686807192,0.0,12.0,-3.703281566857922,0.007586279600640491,0,1074,0
EB09302D-6254-41C9-99E7-3B47FB47A1A5,5537,4,3.3333333333333335,1,0.06592017337908615,4,0.2636806935163446,335,812,450.0,160.86501531852352,345.0,0.0,44.721333402674425,0.0,220.0,-44.03091038025191,-0.262959990488208,0,1074,1
8E7EEB14-88C7-4566-AB9C-B7652DCC1FF8,1681,2,179.0,1,0.21713265913146937,6,1.3027959547888162,166,820,678.0,70.75629511467365,163.0,0.0,14.365482915256672,0.0,90.0,11.069090687795494,0.04128979114926489,0,1074,0
C5C33F4D-06F6-4F27-877D-B9CEB5C8A18E,2142,5,164.25,3,0.5112044817927172,481,81.96311858076564,157,158,803.0,239.89956230324972,486.68,0.0,126.87187876247512,0.0,394.0,38.89774016588606,-1.5089027966418953,0,1074,0
E25A9E4D-8B06-4CC8-BA96-6BCCD553FF0E,2062,6,99.6,3,0.5310378273520854,24,4.248302618816683,114,316,661.0,149.0876186876744,421.0515,-28.4,41.659300598366684,0.0,207.74424,16.369622867881162,-0.025341980257215638,0,1074,0
E9EA01A7-51FB-4007-89A4-3B90EFB7F30D,1448,1,0.0,1,0.2520718232044199,351,88.47720994475138,846,814,209.0,28.060304744513196,254.5073,0.0,7.7600150835413535,1.2603591160220995,38.680308,8.149234545610256,-0.025527832479354532,0,1074,0
CC7E70EA-3730-4F8E-A341-78672A20898A,4264,7,128.0,7,0.599202626641651,1190,101.86444652908067,314,44,301.0,30.30355929221027,148.0931,0.0,15.064455176379395,0.0,49.84225,-1.727163119833726,0.13071372973878903,0,1074,0
FE545373-09C7-4B48-83D2-0F570115D144,4156,2,1.0,0,0.0,0,0.0,-1,810,452.0,117.60956315305575,430.8,0.0,29.458492353943708,0.0,155.0,8.414896723487459,-0.04964438911080735,0,1074,0
9D35A429-C049-4FF8-9B46-54C59CEF091E,12761,3,395.5,3,0.08580832223180003,253,7.236501841548469,472,18,80.0,21.78361858095658,80.93059,0.0,3.963953201533281,0.028602774077266673,26.675606,0.7621785792286033,-0.01380204809249368,0,1074,0
A4988DFE-12D9-4329-AC56-03D916CB9DDD,2794,6,87.4,1,0.1306370794559771,1078,140.82677165354332,867,370,301.0,67.74614846674264,125.5963,-13.2,18.440923497563077,0.0,90.660698,-0.7269999896593049,0.08495203827095353,0,1074,0
1027E58E-BAC6-4764-A221-B5E9CD14F578,6467,13,52.166666666666664,2,0.11288077934127107,30,1.6932116901190661,12,179,472.0,115.72239735883508,335.083,0.0,49.379845086714155,0.0,186.1267,4.3286408965661565,-0.17088419693744802,0,1074,0
9A16E6CC-35EA-4085-8F3B-26C879F429AF,7131,3,270.5,1,0.051184967045295196,18,0.9213294068153135,920,268,134.0,37.16669610134415,76.4,0.0,11.691908193345169,0.0,51.9,3.430881063084861,0.0403267664448931,0,1074,0
E8041C3A-6723-4437-A50A-1372FD649736,3809,6,135.4,1,0.09582567603045418,84,8.049356786558151,673,127,452.0,107.23372567871955,289.6738,-1.440048,43.59848462302385,0.0,161.49532,-14.47719326097264,0.222029383744943,0,1074,0
300C9711-3ACB-4AEF-BB6F-34E20D5D9A0B,9758,5,76.75,1,0.03740520598483296,33,1.2343717974994877,38,562,251.0,99.69944143989908,272.0423,-4.266948,40.27675374412978,0.41145726583316256,147.99694,10.769567778148001,0.1688658525068724,0,1074,0
4EC99980-7AE9-4198-A8EE-8F5D45187CE4,12761,8,109.28571428571429,8,0.22882219261813339,633,18.105555990909806,42,295,741.0,237.4441537180327,455.0842,0.0,53.628139713208334,0.0,286.02617999999995,39.481789686288295,0.9946647189637129,0,1074,0
2023419F-4043-4170-AEA7-05DBFA33862A,12761,4,249.0,2,0.057205548154533346,383,10.954862471593136,130,58,301.0,17.387805248628013,66.12592,0.0,8.812774855363944,0.0,26.301337999999998,-9.595149869623382,-0.3353156007992771,0,1074,0
17BC69F2-B472-4E68-B3FF-ACA5DF03A22B,3481,2,203.0,1,0.10485492674518816,18,1.887388681413387,796,806,151.0,18.957434589211836,135.0,0.0,9.024215280106157,0.0,31.0,-2.0844407620513437,0.030298207826283112,0,1074,0
A36BFD2A-F7A3-4F18-89A2-9C3BBE26BE72,12761,12,83.0,0,0.0,0,0.0,-1,148,479.0,56.34271193196371,243.0,0.0,28.17219523410112,0.0,96.0,-7.844023660358772,0.08197474082301404,0,1074,0
1CA24DE5-6DBA-4B99-A85E-2EA01B6014B3,12761,9,67.625,1,0.028602774077266673,10,0.28602774077266674,7,259,693.0,161.08402889460797,312.4,0.0,39.2390424193999,0.0,206.2,2.6584325251451446,0.3059890853007344,0,1074,0
CA42DCD8-C723-4A4E-A419-075957FF3D66,3088,10,59.0,7,0.8273963730569948,141,16.666126943005178,103,267,717.0,165.095749444876,383.7634,0.006523287,45.728377023700716,0.0,225.10092,-1.3714635073760064,-0.09503795421432419,0,1074,0
DF31F146-AF53-46F7-B6EA-C3E4CD17D847,12761,4,241.66666666666666,5,0.14301387038633337,551,15.760128516573937,59,167,259.0,79.20545371589331,195.511,0.0,26.129833704431338,0.0,105.67876,47.22950376963139,0.10569425508512321,0,1074,0
2A5A656E-58E0-41C8-A030-B15FE0F53430,12761,11,63.1,5,0.14301387038633337,723,20.679805657863806,731,209,302.0,67.36935893812507,226.8677,0.0,32.95265160918542,0.0,105.05967999999999,2.795571070362584,0.06519267373251719,0,1074,0
02AD46F5-AA2C-477A-BAC0-9B37656EB37F,8632,5,95.0,1,0.04228452270620945,63,2.6639249304911954,918,680,98.0,25.395742789106293,60.00026,0.0,9.611763487588496,0.0,36.39058,2.0486560046359905,-0.0026763304675220772,0,1074,0
37B802CD-A714-4468-8211-FC89C5384BB7,12761,5,202.0,0,0.0,0,0.0,-1,93,107.0,24.38782104299012,63.75095,-7.136641,5.542685665396802,0.0,30.57664,-0.9313105696104884,0.054432128315032274,0,1074,0
038FF4AB-E23A-42A5-A516-276DEA942BB5,6679,2,115.0,2,0.10929779907171733,97,5.30094325497829,180,684,136.0,38.31244363961359,79.40333,0.0,13.993544289579768,0.0,55.87722,1.4668401308879524,0.04107185010247368,0,1074,0
4D70620B-BFBC-4F9B-8011-D2C9B02C00FA,4156,2,7.0,0,0.0,0,0.0,-1,799,151.0,26.774198554870306,59.0,-44.25,7.252657018810339,0.0,36.0,0.6821286056235216,0.023964778459133883,0,1074,0
C3FD8C18-F21C-4F8D-AFB0-AE5BFA90FF98,12761,6,192.8,3,0.08580832223180003,1416,40.50152809340961,294,71,228.0,44.20163188553355,3261.424,0.0,20.855243363721296,0.028602774077266673,69.96171,-2.980384110379241,0.056739608874515235,0,1074,0
AB54C437-ADC5-456C-A346-438A3B4BB50E,6999,3,346.0,3,0.1564509215602229,665,34.679954279182745,526,112,820.0,123.83447432711546,454.0,0.0,78.5115645971181,0.0,236.0,-37.4252150678562,0.2884028892455141,0,1074,0
CD712F25-2578-4742-8566-6A43356A5998,5556,4,197.0,9,0.5912526997840173,1471,96.63696904247661,169,217,392.0,125.033708924473,277.3879,-12.50327,32.42964635041094,0.0,156.21254,11.679834907317101,-0.04323502906293651,0,1074,0
FA08B10A-47AA-4772-989C-E679E91CA2EE,12761,5,41.75,2,0.057205548154533346,369,10.554423634511403,60,785,107.0,36.49198869385615,97.9,-153.4085,6.7556442337550715,0.0,45.0,1.7333585283660753,0.03574303297614408,0,1074,0
5EEB6A31-85AD-48E8-B1AC-6C5B174D7321,12761,5,140.0,0,0.0,0,0.0,-1,230,693.0,170.02003121799706,328.6,-4.096977,40.919248281729175,0.0,217.5,2.8704163128671496,0.3222735660093693,0,1074,0
DEA79AE6-198D-4E74-BD03-0DD4BD589EC7,12761,11,76.4,0,0.0,0,0.0,-1,20,800.0,302.1172910252253,1010.925,0.0,90.78653065395909,0.028602774077266673,413.3606,4.351178519527764,0.21107068312588761,0,1074,0
9DD19E83-FCEA-4D9E-9268-C0CAE7F360EF,12761,10,43.888888888888886,6,0.17161664446360006,369,10.554423634511403,798,654,739.0,111.2617175873277,454.77,0.0,61.494243584073985,0.0,186.69,63.025672844771066,0.7582088529446717,0,1074,0
C4F3FAC7-F8EF-4BBA-B4C7-B428523D59D5,2416,6,120.0,9,1.3596854304635762,189,28.5533940397351,67,394,151.0,25.938896653125763,98.2241,0.0,10.237038098955832,0.0,39.765927999999995,2.29494574111035,0.0645144312552916,0,1074,0
3E35053E-1B5D-4BFA-8924-2C873EB506EB,5867,9,68.625,4,0.24884949718765978,356,22.147605249701723,428,234,256.0,75.69234372036362,249.6,-1.851,45.20626464258415,0.0,140.4,28.532980673154896,-0.4552043771045204,0,1074,0
0D71D5CD-14C2-40C4-9DC2-1A42AECB1007,5864,4,82.66666666666667,0,0.0,0,0.0,-1,785,251.0,87.887012160861,286.0,0.0,43.45133684278797,0.24897680763983632,152.0,-22.06232080283631,0.0023450540303846445,0,1074,0
A9441B94-9CE5-48A5-98C9-4C5026B2554B,6930,13,81.08333333333333,3,0.15800865800865802,15,0.79004329004329,569,59,203.0,38.66730982149216,110.0,0.0,18.88380527001874,0.0,63.0,-2.997711056060062,-0.057219569860055115,0,1074,0
039F4325-748B-4AD3-856B-A4107D4F9B4A,4409,3,154.0,0,0.0,0,0.0,-1,475,554.0,118.79855760641513,337.3034,0.0,52.14480261417385,0.0,185.36954,-16.08397806089043,0.3918462970867774,0,1074,0
DD003CA7-B370-4F1C-A878-C9186208F1EE,9086,4,218.0,4,0.1606867708562624,155,6.226612370680168,148,130,792.0,242.97012431448977,974.68,-24.358,83.10042324424555,0.0401716927140656,347.75,15.592334018843559,-0.248015980482533,0,1074,0
E50B28CD-CAA2-43B2-A05B-6EDC4F3DA836,1382,4,201.0,0,0.0,0,0.0,-1,179,887.0,97.18531975627886,236.667,0.0,31.373396388036426,0.0,136.18552,-5.68365694069243,-0.08653560008732233,0,1074,0
FED111EB-CCDD-4817-8961-13BF305C41EA,8412,6,189.8,1,0.04339039467427484,14,0.6074655254398478,533,100,178.0,34.260344309032874,123.4269,0.01054682,14.59885937877705,0.0,55.110507999999996,2.13487939243317,0.01405261026580768,0,1074,0
1D8C85DB-215C-4A9B-95F8-CFAAF8B7FF81,12761,9,50.25,5,0.14301387038633337,495,14.158373168247003,527,515,99999.0,9.744185079311997,239.63,0.0,11.407488999455342,0.0,23.84033,-9.744185079311997,0.0,0,1074,0
78AC9471-AC70-4BEB-8641-A51A07FE0B39,6364,6,147.8,5,0.2867693274670019,662,37.968258956631054,117,37,259.0,95.07179813605961,206.5869,0.0,24.676617014651914,0.0,126.7383,12.784742227366308,0.011891608927951833,0,1074,0
637B4840-C7EB-4E4D-A7FA-BA12322AF8DC,5521,5,111.75,1,0.06611121173700417,223,14.74280021735193,846,332,811.0,427.6758885356821,629.5574,0.0,34.02144580676362,0.0,465.27957999999995,19.406183455058567,0.2772587775006876,0,1074,0
15E752D2-5816-4ABC-9A94-9413FC7C5BF9,1004,11,98.0,0,0.0,0,0.0,-1,2,802.0,106.74805611070465,348.5985,0.0,69.79203180811443,0.0,188.4041,30.356773199480557,-0.9143646813245594,0,1074,0
78FE1262-E81F-4AA3-9E68-B4DF3DB9BDAD,1297,4,216.66666666666666,3,0.8442559753276793,253,71.19892058596761,459,152,452.0,103.89150756434246,196.1997,0.0,28.738432854824723,0.0,145.423,15.838284586120494,0.07427130940651126,0,1074,0
5ACB4C39-0501-4B0F-B92D-F4D32196BFA8,5919,5,243.5,3,0.18499746578813986,73,4.501605000844737,444,28,377.0,42.67009881383258,240.8213,0.0,30.564974298058576,0.0,84.0,-13.050191406425174,0.19052180653302267,0,1074,0
22610DBA-9F12-4164-BCC2-BAF02CC3C38F,7022,4,201.0,1,0.05197949302193108,207,10.759755055539733,846,162,171.0,18.83583159509735,235.1959,0.0,4.8907872740183596,0.2598974651096554,24.79924,3.2402732501186975,0.007474185837851082,0,1074,0
A212072B-32B4-49B4-ABBC-CF03C659F7E3,4016,8,97.71428571428571,5,0.4544322709163347,661,60.075946215139446,134,284,1188.0,301.8107383762715,934.24,0.0,154.3887078095836,0.0,537.04,-133.78561646269125,-0.03679436304452591,0,1074,0
53FACE0D-C0E1-4009-91C9-CA879B3F48F0,12761,6,73.6,1,0.028602774077266673,60,1.7161664446360005,846,415,266.0,111.96078784308533,319.9,0.0,30.124986189089462,0.028602774077266673,148.1,-30.053419015847666,0.07076988814037705,0,1074,0
063B9AB9-5AC9-4600-862E-B3FDC77392F0,12761,11,88.0,1,0.028602774077266673,189,5.4059243006034015,699,46,887.0,233.48983332081553,558.0,0.0,111.64055885114183,0.0,367.0,-57.78597529612418,0.24621695408195848,0,1074,0
5976B219-558E-4D60-97C1-37CB026B0D81,5118,5,181.5,3,0.21395076201641264,426,30.381008206330595,112,36,357.0,40.46913244025459,193.0,-3.289,19.41030596672653,0.0,59.0,2.372302744930593,-0.08183034713938034,0,1074,0
62F5BB0D-8F8B-4278-8C01-3DB60B53DEC9,12761,5,141.75,7,0.20021941854086672,2108,60.29464775487815,193,194,450.0,92.08641562024512,350.0,-10.07334,48.325697775733005,0.0,149.0,14.300621416791913,0.5737077737076988,0,1074,0
D00320B6-6D62-4359-BB2E-76E9F7739537,12761,4,181.0,5,0.14301387038633337,1744,49.88323799075308,237,214,199.0,60.94865144806957,239.6283,0.0,20.87435278832979,0.14301387038633337,87.0,0.584836206251417,-0.03751663442680588,0,1074,0
A98F3C84-3F34-48AE-9052-56A5E5934AC2,12761,14,68.23076923076923,3,0.08580832223180003,26,0.7436721260089335,327,94,887.0,279.2671188200483,576.0,0.0,81.55268052372566,0.0,371.0,20.405180562667738,1.0696393130379473,0,1074,0
A78A0D46-2591-45E4-A2FF-82E5246E3094,12761,6,156.2,0,0.0,0,0.0,-1,224,1044.0,19.579308538851517,521.246,-728.1993,79.98937210086038,0.0,0.0,214.02674692411142,4.668105606727835,0,1074,0
5E761A88-76FE-4198-8E85-039CE77EDEF9,4096,2,143.0,4,0.3564453125,575,51.239013671875,249,610,452.0,207.44548931445084,435.8955,0.0,43.151116059206565,0.0,262.66143999999997,13.328133679376322,0.21946803575409235,0,1074,0
DF88F395-7D5B-4E72-AB84-030D8C44E9C9,7614,6,18.4,0,0.0,0,0.0,-1,737,440.0,185.90036159562828,348.58,0.0,41.62345030782463,0.0,245.79,21.575236398198882,-0.5459496239821567,0,1074,0
CD471C9E-4DB6-4A0B-A7BC-EDB6084321E5,4319,9,91.25,2,0.1690206066219032,209,17.662653391988886,468,20,301.0,77.40686803514494,504.8663,0.0,18.269804573606805,0.42255151655475803,101.26912,-19.353156765453583,0.04102007153983639,0,1074,0
67283C11-F89A-4F7F-BAC7-026CCF896C40,12761,1,0.0,0,0.0,0,0.0,-1,750,188.0,29.28893601176455,78.2,-24.0,9.968951704813389,0.0,42.2,-1.9319375521966506,0.06903845578532643,0,1074,0
D28C46DC-BF3E-41DE-AD8D-98E577997D49,9898,6,127.0,2,0.07375227318650232,57,2.101939785815316,381,112,489.0,76.00188799107227,1061.0,-112.125,43.73371660509509,0.03687613659325116,133.0,31.95626007287835,0.023063274751463997,0,1074,1
C82E945E-0D25-461E-915C-B4C89B4C6015,8932,9,89.125,2,0.08172861621137484,89,3.63692342140618,30,27,739.0,166.59158187805528,409.0731,-2.6,72.10543871917962,0.0,252.50719999999998,19.196535405895332,-0.282137026519235,0,1074,1
D7226C0C-05E0-4A38-8ACE-0DF171DE1DF7,4380,2,174.0,5,0.4166666666666667,554,46.166666666666664,346,743,452.0,165.0986208999934,351.4146,-135.7022,61.10203612753156,0.0,246.76444,-59.232720372215624,0.09638076501890352,0,1074,0
1DB4A099-6EE9-476A-8F02-F2CBF243200B,9536,4,264.3333333333333,2,0.0765520134228188,133,5.0907088926174495,55,18,489.0,153.1803289044559,310.0,0.0,29.512054712494862,0.0,189.0,-2.5752935413000273,0.007264024553561895,0,1074,0
03043F46-6D02-4C93-8520-5A32BB0B8D14,2989,3,317.0,0,0.0,0,0.0,-1,102,1246.0,184.52042642459872,491.9,0.0,49.101881838844776,0.0,248.3,-9.36128290608022,0.04807219569843238,0,1074,0
B8553E8A-AEDB-4CAE-AE4A-3F3CFC08026D,12761,6,111.8,1,0.028602774077266673,92,2.631455215108534,764,204,314.0,61.67658679029053,188.0,0.0,20.497077858878658,0.0,88.0,-5.19448802485843,0.17538847960191717,0,1074,0
580F42B9-F6B8-45AC-B957-36049DF0A63A,12761,5,150.75,3,0.08580832223180003,711,20.336572368936604,14,162,377.0,157.89940623187536,333.7983,-483.7,41.46512720434125,0.0,212.21062,31.665971104723383,-0.07801980467737439,0,1074,0
1D49708A-644C-4562-9BDC-F363556740C4,917,7,85.16666666666667,17,6.766630316248637,1190,473.6641221374046,94,226,60.0,5.276520506822815,27.062,-5.72205e-05,5.8446631045896416,0.0,12.468,1.4814635209549625,-0.016234118466849894,0,1019,0
A307702A-865B-442F-A6F3-D9CFDD7DE0E8,952,7,66.66666666666667,1,0.38340336134453784,11,4.217436974789916,637,495,887.0,117.21021138817848,527.9236,-4.22,73.73702959915398,0.0,212.0209,15.244423928565354,0.44910361767131424,0,1074,0
237A5DCE-58B2-45C6-BB33-140395E78921,7182,12,43.63636363636363,3,0.15246449456975772,58,2.947646895015316,363,309,472.0,156.6299044087292,534.313,0.0,42.631447932977174,0.2541074909495962,202.4231,-1.3088883724637697,0.3097445388186708,0,1074,0
0CA68153-851D-4968-A9DC-0C42009EFDE9,12761,11,72.2,0,0.0,0,0.0,-1,83,693.0,190.69862149097105,481.1312,0.0,87.78034341814542,0.0,309.91654,-42.04825426118711,0.30554379853958524,0,1074,0
B09F4E36-28B7-431A-90DE-64AB1C2A7F8A,12761,8,47.857142857142854,1,0.028602774077266673,164,4.690854948671735,846,519,269.0,136.4305787745958,261.9,0.0,21.709051389498082,0.0,161.9,-14.829251614101963,0.44922641341170994,0,1074,0
09531D9B-5C40-4E4C-9FF9-8F254CE91CDE,12761,11,82.5,2,0.057205548154533346,434,12.413603949533737,120,15,800.0,321.7887602435011,790.2831,-3.236415,81.06553029400163,0.0,415.192,16.963428383042128,0.42489305593251725,0,1074,0
730975BB-1E09-4FC7-A169-C4AD051BA7C3,3382,5,139.0,7,0.7554701360141928,454,48.99763453577765,460,373,416.0,77.83883953155066,265.6706,0.0,40.26680344034065,0.0,132.66416,-13.989069160177202,-0.15472863922135852,0,1074,0
8D49D287-FE99-40A8-B5DA-B98817B8B295,12761,7,134.66666666666666,1,0.028602774077266673,98,2.803071859572134,42,43,271.0,77.13153300672725,162.4763,0.0,15.140692045937701,0.0,92.4172,6.720533563720281,0.011166686919369957,0,1074,0
3820730B-D446-4C90-947C-92FE4D813F7A,12761,7,115.16666666666667,3,0.08580832223180003,278,7.951571193480135,42,66,271.0,78.60186966891295,172.9087,0.0,13.836066268863199,0.0,93.04030399999999,5.655120886164198,0.0288981287636559,0,1074,0
2FB42A0F-3126-4CA4-850B-AFED58E6F1BD,4541,4,239.66666666666666,4,0.32151508478308743,658,52.88923144681789,249,8,901.0,150.13086661119996,491.0889,-67.0,64.59848675958965,0.0,229.248,19.160001861022266,0.07375343969289665,0,1074,0
322348D6-CAA9-48CF-801B-69047E083E89,1058,3,132.0,1,0.3449905482041588,4,1.3799621928166352,159,727,452.0,82.62485800515388,293.8461,0.0,44.83142996589069,0.0,144.9203,12.29172835904366,0.2302375948573076,0,1074,0
9DED6C01-5F39-4D14-ACAD-AAB508EEB6BA,4376,3,118.0,2,0.16681901279707495,169530,14140.413619744058,51,726,887.0,148.26576627587457,356.5359,0.0,72.05794198176396,0.0,233.39301999999998,0.14268859372421616,0.5865510918144857,0,1074,0
BAC94273-4572-4578-8CA3-1DBFB8291294,12761,18,38.23529411764706,4,0.11441109630906669,184,5.262910430217068,430,408,269.0,73.91902195012527,514.576,-74.02341,21.026453222858173,0.14301387038633337,100.41301999999999,2.673482054504362,0.1757532355617094,0,1074,0
1B963941-733C-4279-AA9A-F207BD0D1F18,12761,20,42.73684210526316,3,0.08580832223180003,47,1.3443303816315337,421,120,452.0,102.1795387093197,772.1361,0.0,44.29511278646839,0.028602774077266673,153.5156,3.25650053373586,0.09182471158580978,0,1074,0
1A17FB4A-5F58-4C7D-BF39-6C6911CEFE88,4401,8,92.85714285714286,1,0.08293569643262895,60,4.976141785957737,76,70,800.0,310.3823632362008,645.9803,0.0,84.11349129827883,0.0,416.9873,-0.8555445405988849,0.26310675753350193,0,1074,0
6BCF5FA9-D936-49A4-956D-17D01F084F47,5573,5,177.0,0,0.0,0,0.0,-1,12,511.0,165.9440814746638,436.402,-184.722,36.67537726655268,0.0,212.21482,6.250221544093904,0.33858216869016955,0,1074,0
1774AC61-DAD0-4225-B1C7-8C3D76A609E5,1936,2,1.0,2,0.37706611570247933,220,41.47727272727273,742,722,602.0,49.88660505407356,179.693,-2.464044,11.103673804538094,0.0,60.97297,-0.052817459166156766,-0.16383446737771531,0,1074,0
1C3CBB2F-4D26-49E4-B33F-736EB1D4587E,12761,11,86.4,0,0.0,0,0.0,-1,18,578.0,73.11825022869334,185.9955,0.0,28.60703262473397,0.0,107.8974,4.042550869300484,-0.11749737522073275,0,1074,0
531FCD46-83A5-4F94-B5DF-71B7B1C992D4,6750,7,76.33333333333333,3,0.1622222222222222,37,2.0007407407407407,34,500,223.0,32.1684596413922,145.3582,0.0,16.8172514674532,0.0,54.251658,-11.406323407086642,0.0043306580836025245,0,1074,0
3155C5B4-C6ED-4649-9E4C-8FF87F25F000,10136,6,122.0,1,0.03601026045777427,291,10.478985793212313,912,99,1270.0,311.9457076530784,691.16,0.0,108.02098383978242,0.0,443.65,27.268422748156183,-1.3400260463115468,0,1074,0
F62BD0CA-53E7-4460-BB66-910DBE0F2DDE,3822,1,0.0,0,0.0,0,0.0,-1,705,630.0,168.6412750004856,310.0,0.0,33.10690273242996,0.0,212.0,-6.917278086905355,0.09263049164719508,0,1074,0
E2C1F887-0A50-491D-B7A1-BEDC33CE0F2B,3374,5,201.75,1,0.10818020154119738,359,38.83669235328986,846,162,301.0,67.81730929758234,246.8191,0.0,43.803096134201276,0.0,137.67741999999998,9.621901009593586,0.11487803118479414,0,1074,0
9224BD01-549B-44D0-A062-5E612F54A67D,12761,5,0.0,5,0.14301387038633337,762,21.795313846877207,440,693,100.0,14.355732791533665,77.39868,0.0,11.937539544180236,0.0,28.49731,10.47441755800337,0.047178206616135546,0,1074,0
7084F0EA-F33F-446D-BA3E-7209E8CA9A41,12761,4,46.0,3,0.08580832223180003,228,6.521432489616802,23,695,314.0,50.344957817244754,173.0,-46.0,26.103394271382626,0.0,85.0,-11.092951644405247,0.5016154257727129,0,1074,0
5859D661-EAE9-4855-8537-DF33D4EC934C,2457,3,116.0,1,0.14855514855514856,434,64.47293447293447,846,694,301.0,30.72357579444146,146.5724,0.0,21.08842433081554,0.0,61.129048,6.9568313710678,-0.02557088135410264,0,1074,0
53BA14D9-3C5C-4616-AB93-017E1C32B497,5313,2,292.0,2,0.13739883305100697,346,23.769998117824205,100,401,274.0,111.5793589599863,206.25,0.0,28.133490292505922,0.0,148.75,-12.360224139770253,0.058373257948419174,0,1074,0
0FEAB975-926F-4BBC-98D3-89BE8924FB20,12761,4,207.33333333333334,12,0.3432332889272001,737,21.08024449494554,114,143,376.0,132.33781615443047,430.916,0.02126971,44.276616659366034,0.08580832223180003,194.11883999999998,-8.689223334214418,-0.2549807998136664,0,1074,0
7D8B619B-1A1F-4C8B-B1DB-74F8055D6D1A,3676,2,356.0,3,0.2978781284004352,41,4.0710010881392815,9,330,150.0,20.850362358608454,539.1084,0.0,8.389799792542524,0.49646354733405873,31.0,-2.4302234697195644,0.0058940175513033585,0,1074,0
5A4968D3-4F8F-4884-B729-C3F532CB9B58,4339,4,172.66666666666666,4,0.33648306061304445,380,31.965890758239226,292,407,301.0,14.820206947589721,40.37077,0.02820016,3.2949434233407886,0.0,18.616042,-0.7562775160310782,-0.006103378593907568,0,1074,0
7E1FF200-9640-48B3-9D6A-480E4A296740,4906,6,22.2,3,0.223196086424786,264,19.64125560538117,404,568,251.0,96.98478623577344,152.9352,0.0,13.696573697609486,0.0,113.43602,1.8106944617574072,0.12012929717537311,0,1074,0
DBC62C1B-1683-4972-ABF7-FAD2EBCF66FF,12761,15,56.92857142857143,4,0.11441109630906669,60,1.7161664446360005,743,158,461.0,131.67769513217155,319.4197,0.0,71.53687683793241,0.0,197.9828,25.105397259032145,0.297872411269775,0,1074,0
90294E09-1B40-4D4B-B3A1-2C9C8ABAD9B4,1044,5,88.5,9,3.146551724137931,2696,942.5670498084291,830,611,416.0,40.65883601220484,101.192,-22.17479,10.476538641970151,0.0,50.53188,10.192859713875414,0.07772752537059839,0,1074,0
C33CE1CE-EF0C-4763-853D-5ADE9D22023B,4282,3,223.0,1,0.08524054180289584,236,20.116767865483418,420,227,602.0,177.5545622757969,286.2,0.0,34.70337837295184,0.0,216.0,-4.633867831352461,-0.43549591170396307,0,1074,1
D3CE6410-E249-437E-87CD-BAB7A359B7FB,4288,2,35.0,0,0.0,0,0.0,-1,637,452.0,112.60765802637798,291.0,0.0,43.33488155292125,0.0,171.0,17.22752715880722,-0.31234651740283836,0,1074,0
96C29E72-3A47-42C9-ADA7-07FF12C18ECF,8424,4,76.66666666666667,1,0.04332858499525166,36,1.5598290598290598,850,520,126.0,40.89026008948053,81.0,0.0,12.172309487775646,0.0,56.1,2.9511828118312096,0.11688582381411734,0,1074,0
C04FEE63-ADE6-4FDF-A858-A00078197C51,1660,6,105.8,0,0.0,0,0.0,-1,436,678.0,49.62635619986143,539.4024,-37.2,27.56915112505061,0.0,86.0,-4.064164841836742,0.24058937317360984,0,1074,0
335C0ACD-5064-49CF-874F-A665F861F7AE,12761,5,116.75,4,0.11441109630906669,3199,91.50027427317609,0,500,225.999,28.92739979840509,799.9007,-4.882813e-05,28.166452345932914,0.057205548154533346,62.781386,19.524909487711263,-0.1161275526570493,0,1074,0
2AD2958A-9832-4E44-8829-835B86560F81,8315,11,101.3,1,0.043896572459410706,272,11.939867708959712,846,23,901.0,194.27958325237785,386.5273,-13.38,46.36028611351753,0.0,249.8943,-9.026702176760608,-0.11529569761488348,0,1074,0
0F8EA3F7-DE6F-424F-9B2C-73F34BCA6330,4806,6,95.2,1,0.07594673325010404,65,4.936537661256763,340,187,473.0,100.68521854437523,366.7786,0.06575783,52.98226474737714,0.0,174.00067999999996,-50.638488760424615,0.6298617576632496,0,1074,0
51292C18-31ED-4D63-B6FF-52F12960B6B0,2775,7,48.666666666666664,3,0.3945945945945946,522,68.65945945945946,11,371,1247.0,318.01247911069174,787.2072,0.0,188.27764143616972,0.0,580.65328,-59.67990448090785,-2.222312974519719,0,1074,0
77654BD6-E4C2-41AB-9495-B1ECCFD1C628,12761,11,63.4,0,0.0,0,0.0,-1,83,99.9995,8.044116093160113,79.30042,0.0,13.569409550427741,0.0,29.365181999999997,12.241956025026617,0.044050709826841894,0,1074,0
BAAF667E-703D-4EB8-9EF0-B8B82B90AF23,8380,4,263.0,3,0.13066825775656324,1394,60.717183770883054,245,49,251.0,72.73533177724397,177.4,-16.266,23.72973108522468,0.0,101.4,-34.5380401105773,-1.3703404912815835,0,1074,0
5C0A84A2-ACFF-44F6-BD8A-DDA8476E0243,12761,10,67.55555555555556,2,0.057205548154533346,52,1.487344252017867,437,439,269.0,79.49081394651887,1013.519,0.0,22.324049643908282,0.028602774077266673,107.93302,2.567035080487301,0.19003925157133958,0,1074,0
5DA4F020-A8EF-4993-9B53-FD9AD31CC80A,12761,4,338.6666666666667,4,0.11441109630906669,2132,60.98111433273255,439,8,267.0,80.36401809552792,203.88,0.0,31.404524704113886,0.0,124.42,8.783635453854785,-0.021919731174032193,0,1074,0
312981FC-E0DB-4FC9-A22D-3FBF3758377C,10216,14,49.23076923076923,2,0.07145653876272513,107,3.8229248238057947,242,3,235.999,56.12356654967076,129.5776,-28.72266,14.163943958344955,0.0,72.81494,-14.238350720195456,-0.01971983148986846,0,1074,0
494789BE-7AEF-49FA-A3F8-C72011A46C07,4737,7,106.66666666666667,0,0.0,0,0.0,-1,3,693.0,108.20569346947495,211.3531,0.0,21.184876774712208,0.0,132.22044,12.386883969568245,0.283963519435882,0,1074,0
578C8533-3CBE-4331-9D4F-38BD6E87928C,3446,2,607.0,2,0.21183981427742313,184,19.48926291352293,374,38,452.0,114.4111526784962,302.2222,0.0,81.9233286653442,0.0,229.54022,-3.139937511520884,-1.249993122576453,0,1074,0
C77DC20A-45BB-45CF-91B7-EB9F38FCAB26,3015,8,72.0,2,0.24212271973466004,587,71.06301824212272,651,435,415.0,77.36674127117266,341.644,0.0,40.33458035465646,0.0,132.06449999999998,-14.01815695026216,-0.1540627704291438,0,1074,0
9AB321E0-E4A3-48F6-BB81-9B07AB1BDF9F,4210,2,277.0,3,0.26009501187648454,202,17.513064133016627,374,645,452.0,114.55165775847118,302.0185,0.0,81.69026041256025,0.0,229.45362,-2.8342095099372386,-1.2458686688691487,0,1074,0
6182B77A-39DC-4FFA-B4DE-4C269400AF62,5608,3,217.0,1,0.06508559201141227,7,0.4555991440798859,789,246,314.0,53.34841844617895,195.0,0.0,19.009542221003485,0.0,78.0,1.4314426649321632,0.05827085419776838,0,1074,0
2FFCC62F-4FEF-4B9C-ACB6-A1EFCDD68B58,12761,16,37.266666666666666,2,0.057205548154533346,63,1.8019747668678006,307,85,235.999,60.670129302025934,399.9634,0.0,15.343425912286287,0.028602774077266673,78.79639,-17.090147038137047,0.026347363657108495,0,1074,0
BF27730A-1062-44DA-AFBF-F53BDC915EC3,12761,4,83.66666666666667,1,0.028602774077266673,15,0.42904161115900014,368,386,261.0,60.619780265916454,282.5585,0.0,22.705489462217468,0.11441109630906669,89.5,-1.2807216227065794,-0.21051403234516475,0,1074,0
1E07BAE7-73EA-46CE-B7A9-E0370849DB47,1104,10,107.33333333333333,3,0.9918478260869565,129,42.64945652173913,792,49,887.0,183.05962387796464,493.3319,0.0,77.63246087739861,0.0,275.0854,-17.39069011098931,0.39858314217447743,0,1074,0
DD39BD46-C53B-4406-ADFC-44C9D5A4EEFA,952,11,63.6,5,1.9170168067226891,8207,3146.5913865546217,132,256,887.0,115.18603110970105,381.1188,-0.46,73.49102443056152,0.0,210.6171,17.304303931425494,0.4483949736369569,0,1074,0
CC375D16-BB36-44E5-AEA2-38D64FFB1798,12761,6,102.6,6,0.17161664446360006,5615,160.60457644385238,15,118,1370.0,316.6464259584194,826.61,-361.73,121.26945336540446,0.0,483.86,-56.19725620533296,0.021156014917001736,0,1074,0
E57197DC-6EA9-4F3C-B3EB-4ED92D17A6C6,1058,7,160.16666666666666,0,0.0,0,0.0,-1,26,452.0,85.7947482085764,248.4846,0.0,39.930990726041244,0.0,143.6663,7.054823671824849,0.1932369232066019,0,1074,0
FB435CCC-49EC-4293-9E12-8848430AB34B,3796,3,245.0,6,0.5769230769230769,1078,103.65384615384615,57,404,301.0,77.276899280418,208.2538,0.0,25.383858664689413,0.0,103.15894,45.57831352539837,0.10003947050275953,0,1074,0
049F4E33-511A-40DA-AEE8-FA4368601894,12761,9,25.25,3,0.08580832223180003,47,1.3443303816315337,202,466,470.0,160.07947424558392,1008.07,0.0,53.77753546639523,0.17161664446360006,212.25879999999995,-6.224525465491325,0.15486759152979002,0,1074,0
552652D8-4570-4DA8-A1B0-E419BC77A04B,8591,7,131.83333333333334,0,0.0,0,0.0,-1,237,472.0,140.02355371428385,471.0,0.0,31.014308758534966,0.0,176.4679,1.1844274315494658,0.16336180423210073,0,1074,0
68AA5796-52C8-484F-9DCB-DB5E8835BEF9,7010,13,61.416666666666664,1,0.05206847360912981,434,22.59771754636234,138,4,452.0,110.93687550998544,257.059,0.0,24.78649024328696,0.0,139.16694,0.7047218360926877,0.07058726749534439,0,1074,0
796651F4-2341-4804-915D-A592B87EC674,12761,8,76.71428571428571,0,0.0,0,0.0,-1,86,472.0,155.83791579924545,732.7881,0.0,69.32689886198759,0.14301387038633337,216.156,-16.11396666951552,1.8836198632111305,0,1074,0
1610F0BE-08DA-4EA2-A731-A68E5D89F150,12761,10,82.55555555555556,10,0.28602774077266674,2551,72.96567667110729,157,203,259.0,78.5251436900673,214.3982,-15.06,26.636438921088708,0.0,105.22601999999999,47.99556998971664,0.10442329010371051,0,1074,0
DCB8F634-92D6-4E91-A14F-1E1BA289F0F2,2847,3,45.5,1,0.12820512820512822,375,48.07692307692308,846,533,151.0,11.047018343884956,29.4,-11.20524,4.113268623643379,0.0,15.68,1.3581483227817124,-0.027674189314651706,0,1074,0
6796302D-5EE7-4A4A-8EF0-46CFBEB168EB,12761,8,31.428571428571427,0,0.0,0,0.0,-1,471,259.0,95.85444132940749,2029.0,0.0,29.049851318233532,0.14301387038633337,126.9,-5.85747373681491,-0.1342782202193226,0,1074,0
E589611A-9F2F-43DD-B486-B63BD2FCA1F3,12761,1,0.0,1,0.028602774077266673,129,3.689757855967401,846,624,141.0,28.175030923760257,125.9,0.0,14.79689422594376,0.0,48.8,6.37175148835394,0.11045773256829337,0,1074,0
E1CFEB9D-B220-4FC7-9D44-E63904BCEF82,5482,4,180.0,8,0.5326523166727472,670,44.60963152134258,2,355,395.0,174.1035594454178,361.9185,0.01429563,37.3921765060933,0.0,222.09282,-9.170176657799743,0.07313125749161604,0,1074,1
6DED620A-7A47-4EDC-96E1-CF9E74554308,634,11,32.3,6,3.454258675078864,29795,17153.272870662462,322,294,678.0,124.26018605525277,382.0,0.0,88.78180933313304,0.0,238.0,4.6827151793151245,0.1881474850574783,0,740,0
94C39812-BC1C-485D-A316-AEDD8B235507,7990,6,159.2,0,0.0,0,0.0,-1,170,489.0,107.70540563882756,254.0,0.0,26.634376563369035,0.0,142.0,8.64714065746874,-0.15808770401478814,0,1074,0
97CB5650-DC04-4E1A-8A96-782066AEADFA,12761,13,73.58333333333333,10,0.28602774077266674,1634,46.736932842253744,408,11,218.999,37.69923060211187,173.0347,0.0,39.80445236211611,0.0,81.30821999999999,19.0614755059608,0.14949279234424095,0,1074,0
5B376294-316F-478F-8235-507F0B951C67,3431,6,102.2,2,0.2127659574468085,28,2.978723404255319,571,111,490.0,122.47910180856218,270.8837,-103.9867,31.344595914276894,0.0,160.283,-2.733042689735015,0.08147856760654373,0,1074,0
FBEDE38E-E6F2-4587-9B05-3A116BFA9A28,3517,5,144.0,2,0.20756326414557863,561,58.2214955928348,638,41,452.0,116.74935030398196,249.8689,0.009360424,20.158186894306727,0.0,141.39142,8.539523667906465,-0.17516291205104775,0,1074,0
739D0037-CFA2-4D01-9B9C-F24DA571991E,5487,12,84.36363636363636,1,0.06652086750501185,38,2.52779296519045,850,37,261.0,30.167710086955395,235.4852,0.0,13.831281708838727,0.0,48.0,-7.725348975844284,0.11533179679245494,0,1074,0
3697A454-05B7-4A7F-9EFD-A7C6EC7A63BF,8470,6,89.2,4,0.17237308146399055,576,24.82172373081464,307,606,266.0,76.91911416192286,223.5,-2.492714,28.147526323384962,0.0,115.2,-0.9458888532037264,0.15325149881100159,0,1074,0
8B3CBC04-0E04-4D93-B8EC-53C1D5B36F6A,2661,2,0.0,0,0.0,0,0.0,-1,603,347.0,21.133106178982434,122.5566,0.0,11.999641002612604,0.0,38.42054,0.20129781183547024,-0.06868445741606262,0,1074,0
48530EFB-01FE-4AF6-AE0A-8AF27F3F3003,9141,9,107.25,2,0.07985997155672245,44,1.756919374247894,541,50,261.0,104.9741735780559,378.6778,0.0,48.43476557447273,0.19964992889180613,166.2,21.894615002191017,0.17289567642084355,0,1074,0
161BB03E-9934-47A2-AF1E-6D2E5420371A,12761,39,22.13157894736842,0,0.0,0,0.0,-1,38,1083.0,210.72477898050593,915.5884,0.0,107.17392671950044,0.0,348.8159,-40.05279810378525,-0.615479313938006,0,1074,0
575F6BD7-B6D0-4D7D-88A1-ADE8E25DCCE1,5229,5,129.75,0,0.0,0,0.0,-1,430,400.0,92.02560661132945,282.4227,0.0,47.50479496563986,0.0,157.0,-17.331393648366486,0.6115508659047527,0,1074,0
3D02237E-52DC-48D0-A424-F9146A2FE717,12761,3,66.0,2,0.057205548154533346,217,6.206801974766869,332,513,98.0,36.01041928782041,95.8,0.0,17.816582246536615,0.0,56.5,0.4403291779974907,-0.05925128507072558,0,1074,0
AEBAED0D-838D-4DFE-A656-A2B31FD07529,5386,4,95.0,2,0.13553657630894914,67,4.540475306349796,76,592,511.0,53.36289022454602,218.0,0.02005204,25.052015104632908,0.0,86.518454,6.294969710700897,-0.09146358082748367,0,1074,0
38FBACB2-837D-4E4E-8D03-B5E91A48F188,12761,9,64.75,3,0.08580832223180003,764,21.852519395031738,403,263,803.0,208.2906449582705,532.1503,0.0,63.284437818927046,0.0,283.8593,-4.797992338671719,0.05398257990050304,0,1074,0
CE80BE38-EA62-41E0-9A23-B701BB719304,2860,3,87.5,1,0.12762237762237763,19,2.4248251748251746,473,414,301.0,40.270166641712684,93.741,0.0,17.846975795601274,0.0,61.89568,3.014060748179297,0.152492171563726,0,1074,0
AAE94654-1BF0-4685-9517-9455367E1819,3051,7,82.83333333333333,3,0.35889872173058013,598,71.54047853162898,61,90,1246.0,284.2796257530395,692.8052,0.0,156.91438460299756,0.0,508.53316,-52.47911332186666,-1.2018870221064115,0,1074,0
3FF158E7-DC5F-4CD0-9142-09E24B0EF3EC,8225,6,39.2,0,0.0,0,0.0,-1,589,753.0,198.8073512000233,420.0439,0.0,58.02639503267075,0.0,275.0977,-19.1059846089739,1.058715627022865,0,1074,0
0B6F7610-23BE-4C8A-BE40-A7682629EE32,12761,3,238.5,5,0.14301387038633337,20629,590.0466264399342,251,111,538.0,65.00417473029584,212.6221,0.0,36.90847588803499,0.0,108.4717,-58.13317227350572,-0.3986167444483581,0,1074,0
1DE88476-8617-4FC9-91B8-E785414FA395,1823,3,206.5,5,1.0010970927043334,8201,1641.999451453648,468,175,301.0,75.71105029871626,166.053,0.02312617,18.148358118264998,0.0,98.876358,-18.495944511679227,0.04339826006634787,0,1074,0
83B9B9D3-05E8-471E-8652-A76652FF0CB2,12761,4,242.33333333333334,6,0.17161664446360006,357,10.211190345584203,517,113,450.0,131.53892467966358,386.91,-0.59,37.959029381320214,0.0,181.73,-12.166910790774708,0.37574223269437923,0,1074,0
9D8FC919-9213-48A4-8913-B26BF7EDE3C4,4151,2,474.0,0,0.0,0,0.0,-1,112,452.0,145.43158510103788,352.0,0.0,33.72242043201992,0.0,186.0,-10.40365300227245,0.009726166467608755,0,1074,0
CFED983A-90E5-4DE8-B1A4-0A7C82262203,4580,8,113.0,2,0.1593886462882096,195,15.540393013100436,463,71,803.0,247.75746613835165,489.8071,0.0,70.88038054313891,0.0,323.3643,-18.61743135440102,0.09770003402318436,0,1074,1
1396E67C-1FD6-42AD-8CDA-88D91DA2D0CD,4152,3,0.5,1,0.08790944123314065,102,8.966763005780347,834,578,452.0,145.08014060998272,352.0,-22.91559,64.72620396161672,0.0,229.0,-17.27072702973581,-0.14914781431648116,0,1074,0
14AB8259-78C6-428F-9729-CBCC512979E2,10285,5,58.0,4,0.14195430238210988,244,8.659212445308702,425,579,489.0,90.92314241396414,657.2795,0.0101646,53.151046942797045,0.17744287797763736,163.56526,25.99074616739388,-0.2579715127365405,0,1074,0
94CC3F23-A1B2-4EBF-9B32-31E8D31D6B51,12761,8,74.71428571428571,5,0.14301387038633337,4305,123.13494240263303,365,56,99.9995,11.01983774622945,86.06876,0.0,15.68356393066488,0.0,35.08272399999999,9.177174251964997,0.04503240765571734,0,1074,0
3C4021F2-DC7A-43D1-98C1-F6F0A981C668,3487,3,0.5,0,0.0,0,0.0,-1,577,452.0,46.58613699197783,497.0,-49.3,13.992619370124665,0.5233725265271006,64.0,6.31602350184933,-0.1496788583867792,0,1074,0
6F8C19AE-D47E-4D76-99B1-E45A0540A6E4,12761,5,108.0,1,0.028602774077266673,168,4.805266044980801,846,547,88.0,15.603553594537603,232.1056,0.0,17.0040096053704,0.08580832223180003,39.38021,-15.568646294537603,-3.3648296792540056e-17,0,1074,0
F1B37FA2-DFDC-4280-8A70-0E6B55E811E4,2839,3,335.5,2,0.2571327932370553,88,11.313842902430434,80,381,452.0,70.7554538680583,260.5839,0.0,41.16505229713915,0.0,127.9886,-5.76129914120645,0.25576502473208246,0,1074,0
C9567B67-6E01-40B4-8643-87BA3D0335EE,7274,2,0.0,1,0.05017871872422326,294,14.75254330492164,846,568,134.0,17.99791883218839,113.0878,0.0,6.382284372864596,0.0,25.99718,1.8770891787683972,-0.035756177326096976,0,1074,0
3DF520E4-7689-4A2E-85B9-A5CE7C2FFE86,8766,14,70.38461538461539,0,0.0,0,0.0,-1,26,301.0,23.34764906228674,223.0312,0.0,31.719067951904858,0.0,71.2103,43.13348401348487,0.012806066003398585,0,1074,0
E5A62A8B-D42F-44E2-817F-5ECBCC83891F,9305,9,98.25,4,0.1569048898441698,495,19.416980118216014,234,208,251.0,92.97471249269977,200.9,0.0,32.325030247570524,0.0,132.6,-8.017292579119527,-0.055475144853359026,0,1074,0
688156CA-06E3-4EFE-821B-569593790822,10297,10,105.0,2,0.07089443527240943,43,1.5242303583568029,89,18,407.0,139.64815628377372,316.0,-44.33382,46.56766611623076,0.0,197.0,-47.69566596124285,-1.275284270238122,0,1074,0
B09C6D2B-450D-45BD-B2B7-ECA2AEA3587E,568,21,37.2,2,1.2852112676056338,36,23.133802816901408,971,294,678.0,152.98410334936906,392.0,0.0,79.5750710625363,0.0,250.0,-23.97708174443079,0.18949498794992803,0,1074,0
B3276020-5E5D-4551-8248-24160FE39953,5094,8,116.71428571428571,0,0.0,0,0.0,-1,195,870.0,204.73307444410068,437.7909,0.01352869,49.07859105991157,0.0,264.12004,9.119574298183295,0.24463832979475414,0,1074,0
A247B87E-89B6-40DB-A582-6C1219A43347,8315,11,98.8,2,0.08779314491882141,180,7.901383042693927,23,60,901.0,194.6185362569192,388.9512,-10.58407,45.30391060580744,0.0,249.71663999999998,-10.19209964724331,0.03963871950638037,0,1074,0
49CDD374-7817-4DD6-87E1-29355F56E953,12761,6,142.2,4,0.11441109630906669,339,9.696340412193402,360,93,107.0,31.549984912170515,207.9075,0.0,9.317282494745875,0.08580832223180003,41.1,4.617615396471457,0.10274939635891632,0,1074,0
5EC41322-BCC3-4C82-8C54-BB599A1CA006,7274,2,1.0,1,0.05017871872422326,304,15.254330492163872,846,561,134.0,18.774895463854918,84.49085,0.0,5.812557967187052,0.0,25.99718,1.8503398575956993,-0.03491773011324833,0,1074,0
D27247AC-2C6B-4730-8EA1-90FD66830349,7540,4,100.0,2,0.09681697612732096,17,0.8229442970822282,7,261,490.0,67.99751675399328,237.5486,0.0,35.76318467119926,0.0,116.7212,-1.3502875493636424,0.398350251666484,0,1074,0
FA5ED7C3-6B48-41CC-BEA7-70D7D89AE087,8744,7,136.16666666666666,7,0.2922003659652333,92,3.840347666971638,546,113,653.0,86.63529660451806,288.7369,0.0,44.512717980248986,0.0,150.1173,20.54303693251896,0.08944064073058439,0,1074,0
C6ED89AF-04D8-447D-8FDB-B2A1CA3FA0B6,6435,8,40.42857142857143,1,0.05672105672105672,93,5.275058275058275,398,557,485.0,74.15394917676069,330.8474,-185.95,57.37018514717258,0.0,167.90149999999997,1.0504566277917746,0.11646455762004271,0,1074,0
36F1BEA9-9279-4C2D-9BED-A1673776F56D,4754,9,90.25,3,0.23033235170382835,32,2.456878418174169,2,194,225.999,37.03969342951951,110.5957,0.0,15.288422991605472,0.0,56.7627,2.5194957388446895,0.29824942639269364,0,1074,0
DB5E61BA-B974-4894-B987-F981DD5A8187,5299,3,227.0,2,0.13776184185695414,199,13.707303264766937,468,102,301.0,76.4780816792712,222.2603,0.03056435,18.227524840666984,0.0,100.2511,-19.173976839765025,0.04548405136088259,0,1074,0
0D0C57C6-4E07-41E5-B24F-238D824A940C,8191,12,82.0909090909091,4,0.17824441460139176,326,14.526919790013428,803,21,739.0,205.5925312899753,600.0,0.0,108.18068364598442,0.0,339.93135999999987,17.78818754907101,-1.728059565218614,0,1074,0
1D9ED9B6-C222-46DE-B61F-13738452DF11,2464,14,36.69230769230769,3,0.44439935064935066,387,57.32751623376623,94,84,623.0,175.5129922822068,375.2777,0.0,36.88059124307983,0.0,220.43493999999995,28.110535395262332,0.4206803666831815,0,1074,0
430868C8-CCC6-4943-AA95-91E0B2DDBA06,12761,20,45.73684210526316,3,0.08580832223180003,38,1.0869054149361337,92,93,470.0,93.21269023572422,584.5,0.0,75.87057430195314,0.14301387038633337,205.9937,-57.752344666349224,0.0563744203037725,0,1074,0
EF701F11-B8AF-4832-8DBD-ABB7EABEAC74,12761,13,69.08333333333333,3,0.08580832223180003,103,2.9460857299584675,266,148,126.0,38.270643762139755,96.96001,0.0,16.01416076271429,0.0,59.6,-2.8624003916150613,-0.015237711091367397,0,1074,0
003F13BB-8478-4AFF-8754-26F032F8718A,12761,9,110.25,0,0.0,0,0.0,-1,111,489.0,51.89378233309809,227.0,0.0,24.525792550054305,0.0,85.0,1.3257392718401846,0.11212089512646656,0,1074,0
9ADF1D5F-5918-4C45-9473-FE6880E5EA89,12761,2,1.0,2,0.057205548154533346,233,6.664446360003135,267,551,788.0,224.97357823311557,435.63,0.0,79.04297625642747,0.0,306.72,-24.86788378867115,3.664569962912628,0,1074,0
56029DF6-E1ED-42ED-97A6-FBFBC73376C3,12761,14,51.15384615384615,1,0.028602774077266673,29,0.8294804482407335,648,2,470.0,165.68191849606663,960.56,0.0,45.25866730452826,0.17161664446360006,212.56392,-12.480396215974025,0.1252507814777946,0,1074,0
9A79782A-BB1D-48A4-BEDA-3A1D87A148CC,12761,8,90.0,2,0.057205548154533346,68,1.9449886372541338,251,213,138.0,32.106009201844,522.5793,0.0,12.745866936635677,0.20021941854086672,48.4238,-4.1291948935724,0.0037860719145211357,0,1074,0
E4C6B277-46F2-497F-9115-2465A88659BF,12761,2,3.0,2,0.057205548154533346,43,1.229919285322467,567,546,792.0,226.5455354263922,444.45,0.02,57.42454470304305,0.0,306.34,-35.57018203133046,0.34753812770649967,0,1074,0
5540E277-052D-4923-BB5E-0376C62450BB,1750,5,68.0,23,4.797142857142857,298,62.15428571428572,198,273,361.0,62.8893272188611,342.4075,-2.0,38.615196723477816,0.0,115.66784,-18.331616550358014,-0.286036534328047,0,1074,0
3915581C-6D6F-45E7-B556-603E272C0F03,1747,4,113.66666666666667,2,0.41785918717801945,127,26.534058385804233,362,204,472.0,44.00552376446289,241.9371,-16.59344,27.88934763058107,0.0,83.944374,4.959986192172899,-0.10661694010033823,0,1074,0
9F1817D7-7F29-400E-AB9A-FF78AABC7B87,7522,2,267.0,7,0.33967030045200747,483,23.437250731188517,277,545,263.0,104.58835134382669,205.8,0.0,21.158269342178897,0.0,128.9,-2.8723945537032307,0.04342888696811821,0,1074,1
667BD908-B879-45F1-BD32-7F82F4C5E358,3079,17,55.625,3,0.35563494641117244,411,48.721987658330626,118,115,1180.0,145.91959110788318,1595.849,0.0,48.47380206211781,0.11854498213705747,202.0905,29.779322251746464,0.26643967784804196,0,1074,0
AA5E904A-D9F8-42BD-BC30-63242884D129,12761,4,86.0,2,0.057205548154533346,483,13.815139879319803,253,543,138.0,15.074923127221636,48.3,0.0,3.34427372963438,0.0,19.4,1.7654395455407101,-0.0043205433794575795,0,1074,0
248B4DB8-9DFB-404F-A2A9-CCD9F6648EE7,12761,6,80.4,2,0.057205548154533346,1764,50.455293472298415,141,142,811.0,413.13009080092206,608.3342,-33.22943,39.07418442683925,0.0,452.351,20.254639592596448,0.262027686002233,0,1074,0
1C7EBA1D-ADC4-41C3-83DD-A089F8D8D9BB,12761,4,161.66666666666666,2,0.057205548154533346,449,12.842645560692738,587,113,250.0,52.91025476480605,297.55,0.0,25.94866718889499,0.14301387038633337,83.49609,-7.689112789497408,0.13009985229082588,0,1074,0
32369048-1F6A-4C9F-ABFB-7778EDF9E872,12761,31,22.4,4,0.11441109630906669,69,1.9735914113314006,44,360,788.0,306.3408577052322,609.91,0.0,107.97506649968409,0.0,446.25,-76.60881603856558,-0.6987105518287862,0,1074,0
54239F60-1E94-4327-BE4F-348C634509D3,12761,1,0.0,2,0.057205548154533346,2380,68.07460230389468,30,535,920.0,101.6365332079613,377.3804,0.0,39.29537226416766,0.0,149.6887,-9.953303585276146,0.19199251622563127,0,1074,0
B8847579-5A5D-429D-B6F7-1810F2A7800E,4121,8,71.85714285714286,1,0.08857073525843243,236,20.902693520990052,846,535,269.0,128.98031881486855,216.9,0.0,21.81438594043273,0.0,155.3,-16.81030338276979,0.5194437470560215,0,1074,0
64883052-ADC7-4180-929D-CA9A2E68CB69,6503,9,105.625,1,0.05612794095033062,286,16.052591111794555,724,101,399.0,89.98310219667587,273.0,0.0,49.20707906007622,0.0,157.0,-15.779707134947472,0.6308739533458179,0,1074,0
9A68001A-05D9-4FBC-AD45-F66F2745BF7F,12761,4,148.66666666666666,2,0.057205548154533346,938,26.82940208447614,778,533,88.0,28.965576275692893,233.8802,0.0,8.558052510348098,0.08580832223180003,40.2775,-1.8313587000756115,0.0364307482945754,0,1074,0
13AF42D5-1028-473A-83DD-5333B7836BC2,1731,2,1.0,1,0.21086077411900633,386,81.39225880993645,846,529,831.0,37.94218976394232,162.9753,0.0,22.41718938143347,0.0,67.22000599999997,-1.7376982139423092,-0.04257578371636277,0,1074,0
41B39B6C-F9EB-4721-BDE0-27D99E2380C1,5329,2,0.0,1,0.0684931506849315,6,0.4109589041095891,758,528,188.0,34.94316997243973,90.38031,0.01011564,7.911301610737517,0.0,44.143601999999994,3.994117563517058,-0.07437395599037734,0,1074,0
60A33438-5964-424A-9A3C-B4A4D69048E0,12761,8,86.57142857142857,5,0.14301387038633337,1614,46.16487736070841,367,127,346.0,121.70218337552689,342.0,0.0,74.45005719696948,0.0,228.0,-35.327877819971334,-1.1142107736210125,0,1074,1
ECE0CACE-DDBE-44BE-96A1-41C159DA9FBD,1534,3,199.0,6,1.4276401564537158,594,141.33637548891787,42,526,453.0,119.03852183309485,437.57,0.0,24.514114708199713,0.0,149.51534,7.97385319638046,0.0560233366629561,0,1074,0
258F7945-6FCA-4CA5-801A-C4E5D9B05288,12761,9,118.0,1,0.028602774077266673,11,0.31463051484993343,721,24,377.0,126.6266356623955,281.9916,0.0,31.962094578729495,0.0,167.157,-8.545617085234994,-0.1590175064538266,0,1074,0
62E7B5B8-FA81-4B52-8CB2-EE7D19382A7F,12761,12,84.9090909090909,9,0.25742496669540005,442,12.64242614215187,291,91,266.0,121.33153538675109,241.5016,0.0,29.503471068016726,0.0,149.85834,7.321664946582246,0.5071473389374886,0,1074,0
925E60E9-F346-41CF-87A0-E44ACDE15F51,12761,8,93.57142857142857,0,0.0,0,0.0,-1,230,470.0,74.65749964930949,354.7485,0.0,61.07823510452127,0.0,157.8735,37.879384486184335,0.20259844085633535,0,1074,0
966BD1FE-5DD4-41D7-AF98-7C128185B402,12761,5,114.0,1,0.028602774077266673,19,0.5434527074680668,55,309,496.0,162.05607247837122,360.7178,0.0,56.708573773657825,0.0,217.749,-127.10933259025393,-1.9450022795905393,0,1074,0
FCB862B1-ABE5-48AA-B81F-C5CEB36E1E0F,12761,11,61.9,3,0.08580832223180003,137,3.918580048585534,468,435,269.0,150.67118151825545,269.3,0.0,31.97137535624265,0.028602774077266673,190.1,-25.615039542946803,-0.1107855908138061,0,1074,0
14BEAC7E-9296-44CC-9D7A-24892B1FDEDB,12761,4,2.6666666666666665,1,0.028602774077266673,231,6.607240811848602,846,509,811.0,416.1057228505572,613.5336,0.0,32.203808677913216,0.0,452.351,18.98286642413416,0.2651089090784319,0,1074,0
B2BFFF06-E91B-405F-994C-DC504CC9B88E,8574,13,50.166666666666664,8,0.3405644973174714,512,21.79612782831817,46,113,259.0,63.74216277493251,542.3265,0.0,24.0461428619485,0.21285281082341964,90.0,2.2738094472897075,-0.007349844288110061,0,1074,0
0A516F19-B818-4F5B-9812-54A6EC55126E,12761,11,64.1,4,0.11441109630906669,445,12.72823446438367,533,8,85.0,38.24811643804671,69.96094,0.0,8.735804618868503,0.0,49.46045,5.386280996598359,-0.0970714513597811,0,1074,1
9EDE1B26-525D-4FAF-9A20-517D073AF4A8,9724,5,23.75,2,0.07507198683669272,161,6.043294940353764,268,456,538.0,102.58705414571342,223.3398,0.0,26.95428746477961,0.0,137.7441,-0.9366924497257827,0.27999273548966347,0,1074,0
EEA9CEA5-E054-4328-A593-401064F6D49D,9934,6,123.0,4,0.1469700020132877,285,10.471612643446749,372,113,251.0,73.2148123654587,215.8781,0.0,22.60763014182323,0.0,105.13096,-4.600235956045125,0.14023789832815098,0,1074,0
0FF7E89D-2290-45E9-9563-C220858C2851,12761,4,19.0,2,0.057205548154533346,12,0.3432332889272001,7,453,377.0,122.77007872087322,299.762,0.0,32.286403050504184,0.0,164.2731,-6.900923049345437,0.025457061697322377,0,1074,0
0AA4184A-5FD1-4EBE-8948-77CB8090CFF3,12761,6,179.0,0,0.0,0,0.0,-1,96,311.0,115.88610748464133,188.9098,0.0,25.938609648412008,0.0,142.96192,-21.495619591346582,1.3069653149784672,0,1074,0
B94308CB-123F-4045-9FE2-F77909423414,12761,3,72.0,3,0.08580832223180003,186,5.320115978371602,783,356,301.0,24.336900036905867,121.0,-24.6,27.135642969384573,0.0,72.0,-9.647933987523151,0.3217304491180893,0,1074,0
9E3EA23E-4B8C-4DA8-9E92-E98097922E74,8541,8,121.14285714285714,3,0.12820512820512822,253,10.811965811965813,541,100,693.0,177.27762448095464,319.0918,0.0,34.5070265482044,0.0,217.8116,8.611088098520668,0.46796647655787404,0,1074,0
0A50ADC8-70FA-41B2-96B3-B4CB799000D9,3179,3,234.0,1,0.11481597986788299,92890,10665.25636992765,583,448,188.0,40.269543458273716,550.6155,0.0,16.907963831744084,0.45926391947153195,61.0,1.4260583935781384,0.1268275575859499,0,1074,0
F7581B81-A4E0-4431-ACE4-5424BF6B6594,6322,3,179.5,2,0.11546978804175893,39,2.2516608668142992,493,251,188.0,20.762959461821854,88.0,-4.0,13.96028331516431,0.0,41.0,-3.5317094618218547,0.3022547936873739,0,1074,0
B9A7AC63-0F8C-4A5C-A032-1EFCCDC25ADA,649,14,57.38461538461539,1,0.5624036979969184,22,12.372881355932204,622,25,301.0,44.13964832732199,209.8981,0.0,43.33044873933351,0.0,100.42214,23.714248476690344,0.019414645201903974,0,1074,0
B2E1EA37-EEC2-4D09-8861-23CFEE530360,2864,7,108.83333333333333,3,0.3823324022346369,121,15.420740223463687,342,385,888.0,89.58722788244513,467.1713,0.0,61.62174496850879,0.0,178.5884,-22.70332912935872,0.8203208116925442,0,1074,0
92ECC55D-ED45-4166-A5B8-EACD1562041F,4845,8,146.42857142857142,4,0.3013415892672859,571,43.01651186790506,123,37,259.0,97.1649145823528,235.5005,-4.737869,25.4231234140226,0.0,129.82424,16.2897156823077,0.054370871352894534,0,1074,0
5CB4CBE4-6402-4AE7-B3DF-98CC6BB720D3,12761,5,30.75,1,0.028602774077266673,85,2.4312357965676674,823,464,259.0,96.12350126583229,224.8,0.0,26.47683660575613,0.0,127.0,-5.1091494139804325,-0.1344326574383689,0,1074,0
45FDF356-DD1F-44C2-A584-E941A7EDE373,4096,2,1.0,3,0.267333984375,484,43.1298828125,49,491,301.0,75.63731790249084,235.8924,-28.62403,27.340880033393702,0.0,113.4,-5.119995366919838,-0.056352401808192516,0,1074,0
1B3CD8C5-7527-4D02-B0D9-AABD1549A928,3802,1,0.0,2,0.19200420831141507,280,26.88058916359811,431,489,301.0,49.697658848732566,539.7876,0.0,12.709620854754627,0.4800105207785377,65.336624,6.100658638150151,-0.06550062708650625,0,1074,0
71265105-B927-491F-9FBC-F2FA23EE7DA2,12761,6,84.0,1,0.028602774077266673,45,1.2871248334770005,794,220,887.0,180.1697605003658,518.0,0.0,85.45898234049882,0.0,280.0,44.901227153955176,0.41372391653270596,0,1074,0
9F243EB4-BCBA-4017-9DC7-9F43C953F9E3,12761,6,87.8,0,0.0,0,0.0,-1,43,470.0,149.01167027226168,262.3901,-14.27516,29.94640111294609,0.0,187.5916,-9.509901577817232,-0.38694941824566026,0,1074,0
6C0CB2E3-7484-4778-9DF5-1570E497B587,12761,3,168.5,1,0.028602774077266673,7,0.20021941854086672,481,145,988.0,189.49552636179402,489.95,0.0,62.00549671525057,0.0,270.3,61.701580891292394,0.495965004252707,0,1074,0
1C456EB6-0CF3-4CFD-8D17-BC62269BB4BC,1366,3,3.0,0,0.0,0,0.0,-1,483,452.0,0.5086980676678493,234.013,0.0,7.1075598211070945,0.0,0.2821024,-0.4792664627974789,0.0004898538369037261,0,1074,0
C1D7B3B2-D959-41C9-97B4-D1F5AA6E8617,2284,4,158.0,2,0.319614711033275,184,29.404553415061297,55,244,452.0,62.92824399632237,184.0,0.0,30.268642216928093,0.0,106.0,-15.884802638297678,0.03835835928528398,0,1074,0
11F11A16-C2CE-47F1-9C82-BDB79130A408,5094,9,104.875,2,0.14330585001963095,19,1.361405575186494,187,188,870.0,201.37059970615047,431.7801,0.05103945,48.55255978013775,0.0,260.07126,7.675739707429756,0.2414104204906783,0,1074,0
825FD6F8-C5E0-4948-9D32-0296BE1A1638,12761,8,47.42857142857143,3,0.08580832223180003,155,4.433429981976334,468,471,269.0,154.61245824036723,274.8,0.0,32.43720941360951,0.028602774077266673,195.7,-26.5913085490092,-0.11224237217227495,1,1074,0
7E4E7B1A-B727-4786-AD49-75E4949A0932,8744,2,0.0,0,0.0,0,0.0,-1,474,432.0,104.93218764903172,193.1,-55.00813,22.054469525360936,0.0,135.34,5.766881023807798,-0.16543987197790702,0,1074,0
99D6BD31-288A-4FAE-8C4A-84337D45A57F,12761,19,37.333333333333336,7,0.20021941854086672,107,3.060496826267534,430,162,302.0,74.8843572959572,247.6685,0.0,35.3231526029248,0.0,111.676,-4.786488608457191,0.059205939630683165,0,1074,0
EC697299-CD8A-436D-B3EF-9E16C125A226,12761,9,100.625,0,0.0,0,0.0,-1,40,256.0,120.11756582779206,226.0,0.0,33.114492415537015,0.0,163.0,-6.309132185816765,0.09779369766718655,0,1074,0
B9AF7179-5388-49FB-A4F6-BACF792F555B,12761,7,146.33333333333334,3,0.08580832223180003,74,2.116605281717734,846,86,266.0,111.95723970037616,538.0,0.0,29.92094978161623,0.14301387038633337,148.0,-30.22247889759838,0.08267985188001485,0,1074,0
59C704E4-CEE2-4F85-B5CB-B668829E57E1,4208,1,0.0,3,0.2602186311787072,326,28.27709125475285,249,470,452.0,207.56083541074872,433.9721,0.09083761,41.83782456779202,0.0,261.43804,12.056404799899411,0.2194872857603899,0,1074,0
1DB47FC0-1369-4CD2-A113-85AD76DD1CDA,4445,2,134.0,7,0.5748031496062992,462,37.93700787401575,367,335,1665.0,136.25848932214825,788.5336,-9.271603,139.89806420896144,0.0,354.27103999999997,180.18562903525145,0.08601396620808423,0,1074,0
FD4C51BB-D7BE-4399-A257-91CC3787DE7E,7046,13,78.25,2,0.10360488220266817,34,1.761282997445359,102,103,485.0,82.73619957105026,524.1211,0.0,60.030713289280314,0.2590122055066704,155.4565,-38.70124187043298,0.6951343022492368,0,1074,0
A1CC1BDB-781D-462B-A8B9-24B955DD0178,12761,7,125.16666666666667,1,0.028602774077266673,17,0.48624715931353346,1058,217,276.0,81.54303929711635,161.5831,0.0,23.83077260068611,0.0,107.7148,17.69666839269847,-0.018059330546163814,0,1074,0
7ACED623-4DAA-4992-A633-5FA69828C5D0,1743,5,141.75,2,0.41881812966150317,180,37.693631669535286,1063,403,473.0,53.08182278455898,156.22,-133.8345,25.064838023310127,0.0,86.579304,6.542143149707989,-0.10182177575801485,0,1074,0
373DDDA5-15BC-4199-A764-F67130D6A47E,12761,14,63.69230769230769,1,0.028602774077266673,351,10.039573701120602,319,155,452.0,232.43634174182725,408.1055,0.0,46.89405942911334,0.0,295.4224,9.16573373656783,0.10834930461213493,0,1074,0
1DA594CC-4FA6-41AD-A042-958720AEB69E,12761,8,92.42857142857143,1,0.028602774077266673,35,1.0010970927043337,754,392,259.0,90.74243484697017,176.7,0.0,21.736911988576413,0.0,116.0,-2.567044286784977,0.14145594235906203,0,1074,0
40022EE1-B7D0-4DB3-B86C-62880F6F7616,6873,2,75.0,0,0.0,0,0.0,-1,388,489.0,138.96754849961474,335.0,0.0,39.405160858014554,0.0,190.0,-6.094091709491266,0.029669758040418617,0,1074,0
49D2D922-82B3-4127-A08E-B7B2B5C2588D,12761,8,69.14285714285714,3,0.08580832223180003,569,16.27497844996474,101,141,377.0,157.7357783564194,356.2565,0.0,41.95594894678796,0.0,212.53282,35.004229428302864,0.03486274819746494,0,1074,0
C947BAAB-68EA-467B-A2EB-3B6CFA782789,2775,6,12.2,5,0.6576576576576577,686,90.23063063063063,382,399,1247.0,211.42028078171154,1102.826,-3.9,159.0074987639224,0.0,460.3369199999999,87.61666851435331,-2.8314760402927024,0,1074,0
A001F69E-136B-4677-A604-BFCD09CEAF73,4054,1,0.0,6,0.5402072027627035,161,14.495559940799211,23,463,313.0,53.37297584284577,184.0,0.0,27.74590301997341,0.0,91.0,-11.834241274944532,0.5361186566242584,0,1074,0
F9D5C172-6871-4FEE-8882-253AFB1C2501,6605,4,334.3333333333333,0,0.0,0,0.0,-1,26,377.0,64.67731925778683,212.1169,-7.54834,29.9660848902351,0.0,106.32183999999998,1.9704871600758196,0.07160247539764888,0,1074,0
56C7011C-9798-4256-BB1E-023A5ECD44EC,4121,2,1.0,0,0.0,0,0.0,-1,459,301.0,28.097032574162657,101.4189,-64.39418,13.982128081214974,0.0,46.988118,-0.9283264694558682,0.08096968335051664,0,1074,0
D24AD388-D1CE-4809-88E3-EB3D3A6F5014,9437,11,100.3,1,0.03867754583024266,78,3.0168485747589275,1031,51,181.0,33.33781155612604,148.6832,0.007047985,14.93151934728052,0.0,54.658914,0.24865517913931257,0.0567985145890972,0,1074,0
CF40FE82-D363-4D1F-938B-EE8102B0A334,686,1,0.0,0,0.0,0,0.0,-1,454,452.0,78.66164758402988,259.6419,0.0,50.729873457832916,0.0,146.41900000000004,21.904604051000973,-0.1031804237619521,0,810,0
0E41E983-C12B-4075-BE2D-46C19AFCC1C7,2441,4,96.0,4,0.5981155264235969,319,47.69971323228185,257,228,1494.0,622.5058403335772,28313600.0,-73.248,72044.23918065379,0.14952888160589922,612.71,-181.53237737061426,1.8290347162197715,1,1074,0
A3F0913E-39A4-45EC-B7E3-40BB476D203B,5245,12,77.27272727272727,4,0.2783603431839847,646,44.955195424213535,97,99,496.0,176.36419325929282,965.02,0.0,43.88746012345362,0.3479504289799809,224.3652,-14.498053891237277,0.15470621949597388,0,1074,0
CE6A579A-7416-4E20-A2F8-3B21E0A04A9A,6045,3,24.0,2,0.1207609594706369,26,1.5698924731182797,73,401,1386.0,334.68108302077735,879.0,0.0,136.17053190138662,0.0,514.7442,-7.949026747629148,-0.8053746422229876,0,1074,0
85B01A8D-4AB0-41E9-ABFF-75BB9ACE6BCE,12761,4,174.66666666666666,4,0.11441109630906669,201,5.7491575895306015,412,330,266.0,155.01630041373414,247.5,0.0,23.172801288891385,0.0,183.0,2.063938783796715,0.252876138114763,0,1074,0
1BEDC70D-3287-4694-9165-AF42FCD0354B,12761,4,138.33333333333334,8,0.22882219261813339,1160,33.179217929629345,98,30,142.0,17.48941801935712,69.97994,0.0,3.4881385814332173,0.0,21.55449,0.3574306821012101,-0.011737450519886212,0,1074,0
A90EFE72-06AE-4E04-AAE6-B22F1EE6B388,5348,4,135.0,0,0.0,0,0.0,-1,442,511.0,106.09458563416227,345.482,0.01381847,50.96886949698569,0.0,175.9247,-20.020928562634495,0.20048559106415176,0,1074,0
28CE465F-2312-4D3B-AD39-FCA36090BE92,4007,3,29.0,1,0.09109059146493637,33,3.0059895183429,836,435,188.0,29.417498645619528,101.0,0.0,14.929159747325842,0.0,49.0,-3.3040727196936004,0.18333630580819862,0,1074,0
7E0B653C-DBF7-4B6E-B89E-0FD5F9E0F5AF,9164,7,172.33333333333334,1,0.039829768659973806,304,12.108249672632038,1055,8,630.0,115.83669576785563,800.4243,0.0,147.62529862958675,0.039829768659973806,327.19043999999997,155.9752556364653,0.054059291121644724,0,1074,1
5EE63FB1-43A9-46FA-B067-920C8406EC5C,12761,7,61.0,1,0.028602774077266673,6,0.17161664446360006,76,71,800.0,6.238503524574773,561.5845,0.0,47.27773674001317,0.0,0.0,-0.5627779150068708,-0.06856273483124047,0,1074,0
88466642-3067-427F-8CA7-378290AF3079,12761,4,167.33333333333334,2,0.057205548154533346,47,1.3443303816315337,867,438,269.0,66.57806172993972,124.6,-18.6,18.57002665747459,0.0,89.6,-0.9583549398162745,0.09202137438086527,0,1074,0
BF6065CE-C857-4CB9-849E-4FD99ABA2556,12761,8,73.42857142857143,0,0.0,0,0.0,-1,212,489.0,124.52166115236942,313.0,0.0,56.39197642283066,0.0,200.0,-5.435472880764479,-0.07072735317129203,0,1074,0
2624BF05-3ED5-44F7-93E5-8DFF1CBBDBE9,778,6,144.0,0,0.0,0,0.0,-1,26,99999.0,107.72331263922493,207.0947,0.0,73.11527041147986,0.0,186.7816,13.69430469508832,-0.42773833544987533,0,747,0
0D06F5FE-373C-4A1A-BA06-F2C4FDA5507A,12761,2,0.0,0,0.0,0,0.0,-1,432,295.0,88.14824820164846,184.99,0.0,20.407543941265615,0.0,114.45,3.5165542674873507,-0.07922584635515048,0,1074,0
C42E7BCE-B693-4075-A043-8BAD0FAEF6E9,3804,2,398.0,2,0.19190325972660358,852,81.75078864353313,878,432,739.0,99.17258947023899,590.0,0.0,168.9129243924568,0.0,501.0,-70.81410181591801,0.09331353207755468,0,1074,0
B04BFC21-3290-4756-A2E7-64B78912DBB3,6467,6,186.0,2,0.11288077934127107,166,9.3691046853255,141,25,472.0,52.26538012658064,250.3052,-310.3609,34.16444738071093,0.0,101.4771,-13.880700888154713,0.14750921162931988,0,1074,0
B4E33BDE-C3C8-4319-90A5-089A5546D686,12761,2,0.0,1,0.028602774077266673,4,0.11441109630906669,429,430,295.0,90.55890947004472,191.36,-12.30672,21.049656478428037,0.0,117.66,3.8731437706960037,-0.08510565833468467,0,1074,0
7B71FC6C-41CF-41A9-8C0D-127B28D9F211,2973,2,0.0,1,0.1227716111671712,305,37.445341405987215,846,425,602.0,81.03759655137826,271.2956,0.04452702,42.40725304849841,0.0,149.89328,49.35844427346741,0.09053475459864113,0,1074,0
8EF70AD9-6B4D-4180-A78E-52B4A563C1CB,1409,8,78.57142857142857,2,0.518097941802697,46,11.91625266146203,736,183,1247.0,124.54412252343306,492.4829,0.05251756,55.733218923033064,0.0,197.69179999999997,-10.395951076673796,-0.5572139392113095,0,1074,0
43858604-7112-4C41-812A-B7FAA0363D05,15903,3,9.0,0,0.0,0,0.0,-1,402,99999.0,53.82295500343345,80.93739,0.0,15.476001690593097,0.0,58.74228,4.919324996566559,-5.501720571101963e-14,0,446,0
47ED5567-2313-4A87-B35C-774542F6E400,12761,9,37.75,1,0.028602774077266673,6,0.17161664446360006,420,115,627.0,28.433891873283393,483.424,0.0,84.35538340609362,0.0,189.0273999999999,241.82037284893883,0.15731712895485303,0,1074,1
8E59FCAD-16EF-45D4-AF77-804198137915,8863,2,308.0,1,0.041182443867764866,147,6.053819248561435,438,113,314.0,43.96310918073125,142.2363,0.0,19.40220192822485,0.0,69.11621,0.7691519615527085,0.5045731462273366,0,1074,0
E4018002-6340-496F-A54A-E19B68740521,5030,4,98.66666666666667,2,0.1451292246520875,11,0.7982107355864811,655,420,775.0,157.30585105673794,540.5,0.0,47.14128723156514,0.0,225.6,-24.029091255812006,-0.0801646955078094,0,1074,0
A6B9150B-39CC-43C1-BD6B-14A8BBC14DB4,6475,9,122.0,3,0.1691119691119691,118,6.651737451737452,321,48,472.0,142.84758338990076,604.0,0.0,34.318638942139216,0.5073359073359073,189.651,0.654231049142453,0.16984467327400532,0,1074,0
C30593A4-376B-47C3-AE95-23F4D64D848F,12761,16,49.333333333333336,0,0.0,0,0.0,-1,21,470.0,84.52055408035376,355.79,0.0,51.012186582420604,0.0,155.6625,-28.23222697506055,-0.19795016644124613,0,1074,0
71E2AD5C-CA5C-430F-BC2A-90756CDB3232,6460,6,65.2,3,0.16950464396284828,44,2.486068111455108,585,372,269.0,102.67020632355825,239.526,0.0,48.68497222903333,0.0,163.9953,22.53858939943558,0.17741810508430955,0,1074,0
29754746-2F17-4BD7-8EC4-762BF963B1D6,12761,4,28.0,4,0.11441109630906669,220,6.292610296998668,731,414,138.0,36.82289859951958,89.61,0.0,14.085396149127185,0.0,56.57,3.368204023937203,-0.09527653333977784,0,1074,0
76635ABF-250D-4129-9630-39E925152686,2752,2,0.0,1,0.13263081395348836,118,15.650436046511627,962,414,452.0,152.84716593989526,352.3737,-3.672785,61.69026105850459,0.0,231.77152,8.77165872630843,-0.421947808041975,0,1074,0
5385F0C2-D3E5-405C-89B5-D1756B5597EA,3053,2,34.0,2,0.23910907304290863,122026,14588.761873566984,437,414,188.0,37.689966245645955,86.0,-47.407,15.269256492722793,0.0,55.0,-3.9478366160163247,0.07925841324714815,0,1074,0
8CD521A3-0C86-4E2F-982F-98BEE1A214AA,8021,4,121.0,0,0.0,0,0.0,-1,45,920.0,103.31844123790039,394.4092,0.0,41.50599634096023,0.0,151.9775,-10.614544458579402,0.35110172490080654,0,1074,0
D8AE955C-E591-4791-9CBF-FE419A630610,12761,10,79.55555555555556,0,0.0,0,0.0,-1,141,452.0,244.07705485894834,403.7842,0.0,42.82154987339101,0.0,290.7532,-7.283009411417481,0.10326449654255421,0,1074,0
CE5B2C9F-07AD-4F89-8889-80F2C0E4C5B9,5799,3,250.0,1,0.06294188653216072,3,0.18882565959648215,852,144,961.0,192.17875797095445,445.0473,-30.34,58.24411337708712,0.0,268.6244,5.961131547564094,-0.27702305305087904,0,1074,0
28DA31FA-71CF-4651-BD2D-702C8645BA99,12761,5,143.0,3,0.08580832223180003,803,22.96802758404514,273,103,450.0,143.34648455457213,306.24,0.0,49.712748063467004,0.0,202.10399999999996,-6.425199832349904,0.3830979196104425,0,1074,0
8EE5AAC7-E730-4E0F-814D-0FD7021F3306,1362,3,113.0,0,0.0,0,0.0,-1,177,887.0,97.41115085003916,237.58,0.0,31.242204540545213,0.0,136.34318,-5.584545519020651,-0.08675003318605869,0,1074,0
98DA4ABA-30CE-4BBD-9C92-A86A1AE277DF,525,6,18.6,0,0.0,0,0.0,-1,345,226.0,22.745598893969035,70.25793,0.0,10.253187822326561,0.0,34.981636,0.42533849183343264,-0.02243822596642042,0,537,0
ED2FF8D8-C022-4CA5-BBD1-CF2B7470FD98,6091,3,207.0,1,0.059924478739123294,30,1.7977343621736988,973,399,653.0,141.281981844704,312.0,0.0,74.04043518893207,0.0,226.5,-15.401889252111417,-0.07203341290432529,0,1074,0
D63D69CD-8056-448A-834D-A586FBAD43F9,4073,3,186.5,0,0.0,0,0.0,-1,397,1454.0,260.38545647711516,690.0878,0.0,118.19777676961638,0.0,408.679,-30.02860741801024,-0.4766295011413307,0,1074,0
3253AA9C-A677-4F6D-8C47-F84B5CF9A766,6754,8,134.0,1,0.05404204915605567,3,0.162126147468167,757,92,472.0,171.58217068392395,875.9766,0.0,37.698833208888594,0.27021024578027836,217.1631,5.60047978135384,-0.49919612826877063,0,1074,0
705149D9-EC34-47C5-AE18-70CA66BB30E4,10124,7,129.33333333333334,5,0.18026471750296325,444,16.007506914263136,345,202,276.0,114.89676222263948,222.8,0.0,30.20644385731885,0.0,152.68,2.948388240323496,-0.008050054762247419,0,1074,0
3E5F5EA7-229F-43C5-ACB6-31BB16E119AB,5838,3,88.5,5,0.3126070572113738,177,11.066289825282631,177,264,188.0,22.629053208544033,82.0,-146.6096,9.499994465568625,0.0,34.0,2.0796659272584357,0.05615696725245177,0,1074,0
8822DF66-4505-49AB-A848-E43FE989B197,2312,4,284.3333333333333,2,0.3157439446366782,435,68.67430795847751,801,24,800.0,186.16653233461315,339.13,0.0,40.69463682951954,0.0,238.23399999999995,37.39797306662143,0.03240259599929229,0,1074,0
0D0A767F-EBB4-4406-B84D-335B96C1D7AE,12761,5,137.5,0,0.0,0,0.0,-1,245,693.0,158.53788134078778,356.0,0.0,43.02975859615534,0.0,208.1,-1.5831668346149286,0.37990720733684735,0,1074,0
E515D8AF-829D-4C8C-8EA3-8FB73BDB2737,3606,3,154.0,4,0.4048807542983916,213,21.559900166389355,403,191,150.0,20.514814143363097,84.0,0.0,13.15811255418496,0.0,40.0,-3.986187600153219,0.2919015493453664,0,1074,0
C1BD0250-66A2-4DA0-88F3-7804E8371109,12761,4,53.0,4,0.11441109630906669,221,6.321213071075935,225,387,100.0,34.19975902449384,72.12,-20.2006,13.941996555282634,0.0,49.8,2.1250865182530845,-0.09034456797642312,0,1074,0
295C66AE-7C82-4E81-A5DE-E9DD0818BFDF,3920,2,7.0,2,0.18622448979591835,16,1.4897959183673468,817,379,452.0,75.29548154214066,214.0244,0.0,34.95491153640363,0.0,121.64086,-2.618278835659183,0.26295215974588654,0,1074,0
D43B94DD-D497-4DC6-8FDA-B97D71C6C380,2780,10,110.66666666666667,3,0.39388489208633093,269,35.318345323741006,611,14,473.0,101.7294087964156,263.855,-44.05509,34.331562654741106,0.0,145.6604,-0.07260062666252054,-1.0374982578451972,0,1074,0
66E888E2-5EF7-46A2-8D90-4C7EFDF1C081,12761,7,134.5,2,0.057205548154533346,204,5.834965911762402,845,180,452.0,96.52405212849716,305.7543,-30.05048,62.70487310666988,0.0,156.33733999999998,42.32366260375595,-0.044340605659614535,0,1074,0
D4C6545C-E04F-44FA-A5E1-F4FF96372DE4,6497,5,150.0,1,0.056179775280898875,79,4.438202247191011,481,379,266.0,59.13303821050847,251.3341,0.0,39.56454696808043,0.0,117.46643999999998,29.089412735247713,-1.1774430824130884,0,1074,0
3A171E90-2058-4BBA-BA24-0F764AB7ADBD,8315,8,76.14285714285714,5,0.21948286229705352,375,16.461214672279013,10,92,450.0,46.21912319046862,460.9563,0.0,35.39174924254895,0.043896572459410706,102.0,-14.053265134041155,0.028182396764002315,0,1074,0
E946F0DA-6E00-490B-A0FD-2C018F732C83,5612,5,121.5,0,0.0,0,0.0,-1,376,858.0,211.58955955233833,841.4727,0.0,71.14455644839838,0.0,294.51926,48.95619986124191,0.20918047656750566,0,1074,0
C2127EBF-00FE-4E9F-B978-E53A692AA9AD,3949,7,53.333333333333336,0,0.0,0,0.0,-1,54,529.0,91.40157758463423,1199.524,0.0,58.24434339631545,0.0924284629020005,160.4004,-13.15956782761262,-0.36697384759975865,0,1074,0
2DA285B5-C033-4B53-A60D-0A7E6ECE1674,3858,4,104.33333333333333,2,0.18921721099015035,324,30.653188180404356,660,373,301.0,78.39708159569301,522.0,-126.4236,27.1319682282471,0.18921721099015035,100.0,1.8450094536897126,0.25335360904174586,0,1074,0
ABEF99A0-CDEA-4A8F-B398-A42175A5A6E4,5258,1,0.0,1,0.06941802966907569,143,9.926778242677823,846,372,376.0,60.568152870744726,207.48,-181.4281,16.10827072666098,0.0,80.93118,-10.07353030481108,-0.007151501739203556,0,1074,0
2B237092-E2D5-4546-9B3B-00032C042A74,8471,5,67.75,2,0.08617636642663204,94,4.050289222051706,372,372,271.0,73.39480437796986,162.3771,0.0,25.63353337766622,0.0,108.1721,-15.776758054898878,0.24309918147280185,0,1074,0
A3757C7A-557A-4C32-8414-0181B78DD544,12761,2,243.0,2,0.057205548154533346,23,0.6578638037771335,35,372,301.0,37.92549482994166,128.0,0.0,14.175755953225286,0.0,56.0,-4.256513348460182,0.01934143675713461,0,1074,0
044D2030-8A75-4C9B-B2C2-D203522170BC,12761,10,68.55555555555556,1,0.028602774077266673,6,0.17161664446360006,373,371,452.0,228.4242428731539,370.1843,0.0,46.623450173062594,0.0,291.5955,6.503356154623873,0.09164347782968656,0,1074,0
09B31A71-CAC2-4E04-B4CF-2E157DE15EF8,468,5,1.0,2,1.5598290598290598,170,132.5854700854701,98,369,452.0,67.15102919153564,147.046,0.0,27.714387114181505,0.0,113.13,-9.063963872091193,-0.09554558485507199,0,614,0
AE400705-ECD5-40E8-BD0C-EACA2712A65D,4748,8,104.57142857142857,2,0.15374894692502106,63,4.843091828138164,168,24,126.0,46.359193768736205,143.7,0.0,14.50242770992783,0.3843723673125527,66.0,-2.8719252502176857,0.09784952874836789,0,1074,0
9D94996F-3AF4-449E-9E14-D8A0FF6B4B2B,4718,5,91.75,0,0.0,0,0.0,-1,365,870.0,324.12757948014524,574.03,0.05112257,63.852321813214054,0.0,401.31702,38.1808445784967,-0.1031363273933059,0,1074,0
93ED9622-C4B5-4DF9-809F-49D53655E66A,12761,14,44.07692307692308,1,0.028602774077266673,693,19.821722435545805,773,197,452.0,227.21599286545015,388.0826,0.0,49.41511648463011,0.0,293.541,-1.6353917875180457,-0.9171265263461011,0,1074,0
90406650-B2C8-4D79-80EB-FBE0051A221C,540,1,0.0,0,0.0,0,0.0,-1,363,416.0,33.50381834080975,152.6105,-320.1438,29.998851428270495,0.0,72.596554,11.127774596844567,0.33067924185653186,0,810,0
4BBBCD2F-5319-4621-AD46-0CDF609BF552,12761,7,123.83333333333333,0,0.0,0,0.0,-1,2,1245.0,593.6302886427058,1138.26,0.0,139.2493601445818,0.0,755.208,96.48429469062762,-0.6500121071195485,0,1074,0
0F4626AA-2E91-4390-B948-4686E8B3F4C6,540,1,0.0,0,0.0,0,0.0,-1,361,416.0,32.41866537991499,529.4462,0.0,29.397238793805478,3.3796296296296298,70.20002400000001,5.979131395393651,-0.03065119577226413,0,810,0
8E8B43CF-CAAB-4851-BF3C-B0EA1DB9267E,9643,12,39.90909090909091,3,0.11355387327595147,927,35.088146842269005,495,361,472.0,116.32593032043356,798.7671,0.0,35.62200335965383,0.037851291091983826,159.1797,-28.175096368273074,0.05388455034449568,0,1074,0
7F009C31-F8C1-482C-8931-B8E8A5A7A4D9,6733,3,301.0,3,0.1626318134561117,315,17.076340412891728,42,358,271.0,91.0360614745259,196.3328,0.0,15.391405925951123,0.0,108.61898,3.788511917603728,0.01451821498587051,0,1074,0
781BF431-2FF4-4439-AEEA-8D061FE10A3F,8726,4,103.33333333333333,1,0.041829016731606695,205,8.574948429979372,90,41,1023.0,134.52629291601653,494.345,0.0,79.37231723745859,0.0,246.584,-18.433657653670863,0.22370144159305083,0,1074,0
093C4FA8-F9CF-4F3E-B5D6-F4B3FDE93482,4215,4,186.33333333333334,8,0.6927639383155397,945,81.83274021352312,25,344,756.0,247.64558161537613,420.0,-26.54484,39.86652431018857,0.0,292.5,29.096316532772022,1.0100552537348153,0,1074,0
C20FA49F-6282-409C-B929-B381EFEFBFF9,9626,7,47.666666666666664,7,0.2654269686266362,2420,91.76189486806565,692,334,141.0,38.41199200748476,120.0,0.0,17.763502659566615,0.0,58.2,-5.541145556867477,-0.05680671310590547,0,1074,0
CFFEEEAF-0A23-4D7D-9526-D5875D45E1DD,747,8,117.0,2,0.9772423025435074,11593,5664.585006693441,583,141,226.0,45.59352740292786,416.0,-8.7,18.847950775035496,0.4886211512717537,66.0,-7.298311353545145,0.11483585079087419,0,1074,0
2947A2FD-92C9-4582-8F94-09CAA38BD4C3,12761,7,19.333333333333332,1,0.028602774077266673,7,0.20021941854086672,304,261,297.0,37.25930140294082,199.05,-37.58214,19.647585741731707,0.0,64.94,-3.233805260965518,-0.04300187094432138,0,1074,0
4542F5A7-6E08-48C7-A40D-DF73520189BD,763,8,135.42857142857142,3,1.4351245085190039,2703,1293.0471821756225,47,44,226.0,47.1829031259367,361.0,-31.0,19.262434752726158,0.9567496723460025,69.0,0.8856153925818191,0.11004742240693315,0,1074,0
221573AA-43DA-4D40-ABBF-84545988447F,8649,11,64.4,0,0.0,0,0.0,-1,164,403.0,93.08455615059535,305.9064,0.0,32.35909381033594,0.0,136.6968,-6.985114791336073,0.08071163868576456,0,1074,0
97DA23A0-9719-48C1-A30A-B077EBEAFBA2,9059,3,30.5,0,0.0,0,0.0,-1,323,452.0,114.11590390230954,300.61,-46.17,46.14938468928495,0.0,175.07,20.222657054480592,-0.3298535821753559,0,1074,0
D8C2BE43-382E-481B-B564-0245CF70823B,4391,3,125.5,0,0.0,0,0.0,-1,71,99.9995,24.315544959662542,119.8853,0.0,12.922518032253764,0.08312457299020724,42.3584,-4.053893360588468,0.045612401029258856,0,1074,0
D46170DF-C4CF-4244-A0F1-56C7ED6C1D0C,10021,12,57.72727272727273,6,0.2185410637660912,1362,49.608821474902705,152,50,259.0,91.17105773436843,156.75,-121.8648,17.10338016693405,0.0,112.5,10.969625136001937,0.03331005371024152,0,1074,0
65086A22-90E5-418C-8FE5-AFD21B477971,12761,8,78.85714285714286,1,0.028602774077266673,324,9.267298801034402,320,319,555.0,75.86374135947607,344.4,-21.24427,51.17593007946672,0.0,144.0,-4.347074176837168,0.2371807219201709,0,1074,0
70C65F87-2E0A-4FD2-A063-F87E064F9BE1,5000,12,83.63636363636364,1,0.073,4,0.292,297,45,452.0,127.81833694082759,321.0,0.0,38.16902092936915,0.0,177.0,18.270088985098326,0.12036088131580161,0,1074,0
393BC993-536C-417C-BA81-60FF9F395097,3676,3,0.0,1,0.09929270946681175,192,19.064200217627853,846,315,451.0,142.13328362023296,328.3166,0.0,101.6293818615682,0.0,287.69898,-5.858773692949001,-0.9480836683952396,0,1074,0
6ABFCF04-1648-438A-9F7D-D0D42C6A2645,4007,3,115.5,5,0.45545295732468183,247,22.499376091839284,37,316,99.0,14.135968530149498,155.4983,0.0,6.400151084902882,0.6376341402545546,25.3,-3.587110478451967,0.1871872040884084,0,1074,0
B3ED7F8B-BF7D-4EA9-8CF8-764506F8FA14,12761,9,62.125,5,0.14301387038633337,1146,32.77877909254761,76,26,800.0,293.11531039126686,638.9465,0.0,86.13074833058748,0.0,399.6277,-1.7484577060816378,0.28751930083933336,0,1074,0
5CCFA156-830E-46F9-8D51-5815272EFE68,1996,4,153.0,1,0.18286573146292584,92,16.82364729458918,970,309,276.0,115.3928510474791,928.006,0.0,23.13367129885172,0.9143286573146292,144.30282,-0.4082040629111958,0.15450735770409332,0,1074,0
C850A04F-46E0-4B44-9B44-2EF8428B8E9C,12761,6,153.0,2,0.057205548154533346,207,5.9207742339942016,119,230,1370.0,251.03321259525922,842.9,0.0,132.50818059847825,0.0,436.84,-62.79402278044438,-0.7221519540594666,0,1074,0
96D134A8-2554-40C7-A6FA-2CE6F76BC128,12761,4,88.0,0,0.0,0,0.0,-1,295,540.0,104.1008799131741,228.0,0.0,39.17263708383839,0.0,156.0,-10.086296579840763,-0.06055177136647291,0,1074,0
20B1E304-E6E1-4BB6-BB65-333FA534C91C,5127,14,57.69230769230769,1,0.07119173005656329,12,0.8543007606787595,435,294,489.0,160.02516792168186,432.0,0.0,72.30386751540331,0.0,250.0,-39.8679148352621,0.17870507561508106,0,1074,0
B952BE16-2028-45C6-8A6C-F90063BF8DA3,4339,9,49.125,2,0.16824153030652222,462,38.863793500806636,1,289,452.0,131.16241748931833,266.0443,-1.68,42.16387250058302,0.0,188.59029999999998,-25.103286438492717,0.20728414260363912,0,1074,0
52717067-F22C-49F8-971A-C341FB9C58D2,4339,16,49.4,4,0.33648306061304445,327,27.507490205116387,219,254,301.0,14.020192065718271,102.9604,0.01752469,3.4524680392405345,0.0,18.160118,-0.8155353955022218,-0.0036346492613527136,0,1074,0
674D8274-555B-4237-BBE7-4A4DD6B87DED,7022,15,71.07142857142857,3,0.15593847906579322,153,7.952862432355455,255,27,472.0,158.6197277430446,482.9102,0.0,40.12088811355376,0.10395898604386215,198.3643,-1.1400282561618553,-0.5513615997101359,0,1074,0
40BD559B-B854-4802-AAB1-3084DCB120F9,12761,14,61.46153846153846,2,0.057205548154533346,531,15.188073035028603,308,86,100.0,25.397844052205617,235.4852,0.0,10.024583179125761,0.14301387038633337,36.5,-14.514302381912405,-0.433099611179562,0,1074,0
E10E0B59-BAC2-49E7-A361-9292C7DF3965,379,1,0.0,0,0.0,0,0.0,-1,286,473.0,74.36889464451049,750.047,0.0,41.61601891392861,3.8522427440633242,129.36700000000002,8.79182855240309,0.19632514196635908,0,424,0
0F938D37-20F0-41B2-8539-C48E24236A39,12761,9,91.0,0,0.0,0,0.0,-1,285,800.0,287.20599256476333,456.4819,0.0,67.8943770682442,0.0,370.7886,1.867807875051426,0.03926215080823467,0,1074,0
DD62E7B5-6E77-446E-BD93-B8D728F05646,10283,9,91.375,5,0.1774773898667704,59,2.0942332004278907,569,10,407.0,173.84565020686708,347.0,-16.82,51.122818798510714,0.0,239.0,-21.891560700694242,-0.1804341985523286,0,1074,0
EB075F9B-63E3-4157-9EB2-E559CBF7AE9E,3253,2,780.0,0,0.0,0,0.0,-1,275,226.0,36.300950242173684,113.1586,-32.85494,17.23479146728321,0.0,60.087322,-8.628646497883558,0.22920754336702,0,1074,0
0E8744D7-AFE5-4969-BC9E-C8CF208F4C3E,5999,6,121.0,1,0.06084347391231872,42,2.5554259043173864,212,239,489.0,97.23144967539996,244.2205,-0.4180517,30.073905460990837,0.0,136.12994,-3.7110778003999627,0.2766848279793709,0,1074,0
B0812993-F37E-4499-A0CF-346635825E82,1104,4,239.0,5,1.6530797101449275,140,46.28623188405797,531,263,887.0,188.5259618944816,637.2681,0.0,77.81090856539404,0.0,281.6772,-14.62746124324704,0.4080767473246232,0,1074,0
F885761E-B4E9-4892-966C-BF14A6414F79,6992,8,89.85714285714286,3,0.15660755148741418,69,3.601973684210526,247,257,490.0,87.00603974604168,251.4025,-23.54589,37.33176439288689,0.0,134.68294,-1.4243713546065067,-0.06167668494810121,0,1074,0
E46E07CE-14C5-488C-A7DA-B4961E2EE29C,12761,7,144.5,2,0.057205548154533346,47,1.3443303816315337,367,187,403.0,43.82794242037722,197.3,0.0,26.80422525097514,0.0,80.9,10.984071468511665,0.2026501842933988,0,1074,0
853B2A98-BB89-4CF7-ACA6-783BAAA2BFD0,2657,2,1.0,1,0.13737297704177642,277,38.05231464057207,846,253,301.0,103.4501677074336,592.7252,0.0,19.57626031662321,0.6868648852088821,130.31438,14.837249715405918,0.10909724366737406,0,1074,0
938B7EB9-30F7-4CC5-916A-3522AEB20D24,12761,6,203.6,0,0.0,0,0.0,-1,44,693.0,140.1921975177049,339.4254,-0.214293,51.19795777613146,0.0,221.64471999999992,-40.97311694594562,0.1710001555009323,0,1074,0
62350768-56A6-45AA-84FE-ACDA16D3E757,12761,8,93.57142857142857,1,0.028602774077266673,22,0.6292610296998669,854,196,452.0,169.35052922685452,326.0,0.0,52.36830334760008,0.0,233.0,-19.21974218981748,-0.14394592610899867,0,1074,0
65A025C1-444F-4856-870C-D631C3C1A59A,3810,4,186.66666666666666,1,0.09580052493438321,55,5.269028871391076,673,253,452.0,106.00211039594377,297.67,-0.5719568,43.057324307587635,0.0,159.58,-14.228318202733902,0.21979863895969248,0,1074,0
6596D8C1-F67C-49FC-BD69-46FCC509FF94,2763,8,45.0,4,0.5284111473036555,112,14.795512124502352,228,10,1181.0,314.1246537201961,674.7599,-4.882999e-06,89.24686690603872,0.0,429.37,6.598037626525354,-0.1905483215871097,0,1074,0
E10F250B-888B-4DD7-BDEC-6862BD43F761,12761,7,121.66666666666667,0,0.0,0,0.0,-1,4,706.0,213.39308976481226,668.6909,-0.04,88.05421163196017,0.0,308.02306,4.193799026082814,-1.821425749504683,0,1074,1
CEE998A4-39A9-42D6-81E7-4FA37CF7086C,1011,4,223.0,4,1.444114737883284,272,98.1998021760633,369,191,301.0,120.78241718753281,244.0679,0.0,22.470297104986862,0.0,145.60464000000002,6.988628809380771,0.5075846351823402,0,1019,0
0352433F-3BB4-44E3-8CF2-999700F5D7CF,2745,4,254.33333333333334,5,0.6648451730418943,527,70.07468123861567,427,31,166.0,41.69534223552416,106.7666,-10.78819,10.667731281878991,0.0,56.15134,2.0225332258956,-0.023563702558199354,0,1074,0
819430A9-5491-4BF8-9511-91228BB1B29F,8432,5,202.25,2,0.08657495256166983,428,18.527039848197344,17,100,284.0,34.41166113514669,243.4866,0.0,56.17908049686198,0.0,127.7239,51.40923954540888,1.290858055458354,0,1074,0
D6471B2A-9253-4B30-95B0-32699A51325F,12761,3,94.5,4,0.11441109630906669,6284,179.73983230154377,182,244,1370.0,435.4507454337087,871.63,0.0,125.04058462503778,0.0,609.5239999999999,2.5388463872790226,1.829180932830876,0,1074,0
DB06597D-4FC8-4EA8-976B-6780A98A79E6,904,2,0.0,0,0.0,0,0.0,-1,242,250.0,23.093315021799715,82.2095,-6.962652,12.94284260266036,0.0,38.228908,0.8830618231076919,0.04264028954589898,0,1074,0
86C3E933-98B8-4ADA-827E-279C1C5EF633,2284,3,237.5,2,0.319614711033275,268,42.828371278458846,55,243,452.0,63.19649977046381,231.0,0.0,30.347782061162924,0.0,106.0,-16.075897918611957,0.042100019206717874,0,1074,0
50268015-DCBB-415F-B4B4-946B81D7272D,3260,3,0.5,0,0.0,0,0.0,-1,242,417.0,38.9451662955577,284.6,0.0,27.687519188484682,0.0,76.6,11.339116111849712,0.21388972918463417,0,1074,0
1ED97052-3D8C-4DFA-8C03-0BD915897D56,904,2,0.0,0,0.0,0,0.0,-1,242,250.0,23.10590052728768,168.0,0.0,13.049954583117938,0.0,38.274202,0.8962865120641759,0.04251870112048723,0,1074,0
983FA7B4-487F-44D5-9898-82D148985D61,12761,6,165.8,2,0.057205548154533346,67,1.916385863176867,64,85,399.0,153.85827473097308,334.9197,0.0,42.86928340983739,0.0,195.8496,7.476951511665817,0.9208671182851407,0,1074,0
B91B5C6C-6661-443C-9A47-A42052D4C8DF,12761,9,95.75,2,0.057205548154533346,130,3.7183606300446677,100,142,251.0,107.53673952877037,199.7,0.0,27.111870230335796,0.0,143.2,-11.908791997906178,0.05865827056829613,0,1074,0
3F087177-A702-4FFD-8DDA-90CAFEBE3427,12761,13,16.25,6,0.17161664446360006,41,1.1727137371679337,95,87,236.0,102.51108197093762,226.7761,0.0,23.090966402539923,0.0,130.8289,1.7571539850809046,0.26018572856207745,0,1074,0
E5BDAC79-F720-49E4-911E-AD54290DBA2E,357,5,32.25,11,11.246498599439777,1196,1222.8011204481793,94,175,151.0,22.127668002488388,72.591,0.0,14.192313134566975,0.0,36.729,8.971142414178278,-0.03416714792181383,0,481,0
C02A2364-7C86-49B5-94A7-1314E72DF8B5,12761,8,139.57142857142858,1,0.028602774077266673,33,0.9438915445498003,63,63,377.0,141.39137990346205,354.35,0.0,32.64049091157669,0.0,168.1183,-50.45164609713487,1.4941119076857676,0,1074,0
58B83194-807D-4677-9C88-F8300C24D2CF,4907,8,119.14285714285714,6,0.4463012023639698,460,34.21642551457102,242,23,301.0,67.67908184799278,179.6577,0.01739342,11.605494494379402,0.0,82.35154800000001,11.72509642525877,0.05263533774886646,0,1074,0
E4E31BBF-8D77-4DDB-A964-B07912693386,12761,9,39.375,4,0.11441109630906669,385,11.01206801974767,190,8,800.0,293.6978047387453,535.5622,0.0,68.09853193603914,0.0,378.39464,-3.903908087510729,0.061923788533287276,0,1074,0
324AFB1D-3068-4650-930D-2DC56B95C98B,8506,7,92.66666666666667,1,0.04291088643310604,58,2.4888314131201503,436,229,256.0,77.57821629149002,534.6613,0.0,48.405332030250534,0.25746531859863625,146.4637,33.17202179098683,-0.4956292553278267,0,1074,0
0959092E-7BF9-4CAB-8090-CDF2B9569A6E,1774,1,0.0,0,0.0,0,0.0,-1,229,99999.0,66.75877732597718,302.715,-4.726318,81.84225718542906,0.0,214.7741,7.9651792008592395,-0.1280031442819398,0,1074,0
23F740A0-66FE-4729-B02B-EDE286F0663D,12761,19,48.388888888888886,2,0.057205548154533346,58,1.658960896481467,221,104,281.0,80.5885946372542,183.2,-1.996812,24.781060502912048,0.0,111.51,12.52065690595569,0.06885455680390928,0,1074,0
14A135B0-F3E4-4A4E-8FDF-BBD69D993931,12761,14,51.23076923076923,2,0.057205548154533346,27,0.7722749000862003,308,147,887.0,249.33442867513128,593.2,0.0,105.95976830135933,0.0,359.0,61.75330280635018,1.0234563137650459,0,1074,0
864540A9-190E-422C-ACFE-F9A9823DBA84,2621,3,341.0,1,0.13925982449446775,308,42.892025944296066,846,227,602.0,78.60128524717314,242.8182,0.01071729,42.99898972060924,0.0,148.33089999999999,49.52951241563551,0.08658555219139355,0,1074,0
7A158859-C4BD-4450-B4B5-75650AFC04FB,4440,9,123.0,1,0.0822072072072072,449,36.91103603603604,846,18,1665.0,138.40041391854646,1553.569,-24.5,140.2381500425616,0.0,355.3905399999998,177.44624400363335,0.04184304453527693,0,1074,0
9E62F979-A179-4F88-86E7-38ACA676731D,3725,3,175.0,2,0.1959731543624161,198,19.401342281879195,815,225,301.0,99.66355352049568,232.2697,0.0,37.46109242489199,0.0,147.0039,11.582412209442595,0.21228812090874505,0,1074,0
0E07EAFD-5109-44B6-8A6B-C76AF6595D2E,2185,4,41.333333333333336,3,0.5011441647597253,248,41.4279176201373,246,191,301.0,89.88851409490634,189.6746,0.0,36.04125000545536,0.0,130.1806,5.335843869214031,-0.230006173391938,0,1074,0
B8E56FCB-06BD-4FED-A6CC-EE00F46BDF56,10332,8,17.571428571428573,5,0.17663569492837786,3677,129.89789005032907,191,153,407.0,177.5691240360771,354.0,0.0,52.74451228283498,0.0,243.0,-21.0835530484228,-0.07008975730900933,0,1074,0
18218745-2D63-4B41-8766-EA8B62385C69,12761,7,140.83333333333334,0,0.0,0,0.0,-1,13,489.0,80.60511238353611,234.3736,0.0,25.596953938154606,0.0,111.0,1.5377116905379609,0.26339791606638846,0,1074,0
5C9BE7A7-AA37-485B-909B-00F453F9CE90,4272,1,0.0,2,0.17088014981273408,790,67.49765917602997,783,217,312.0,25.596598547754763,188.0,-8.292095,27.713492706063665,0.0,74.0,-12.706081690171429,0.27425398849948274,0,1074,0
8705BB84-E115-4C31-BD92-8B4A77C586DC,12761,6,132.2,3,0.08580832223180003,1264,36.15390643366508,562,207,200.0,42.83426677112537,106.0,0.0,19.976288134506976,0.0,70.0,-2.7591896106315446,0.12738706881961942,0,1074,0
02DE9555-030F-4CEB-9826-8027C8D8866F,12761,5,139.5,4,0.11441109630906669,458,13.100070527388137,846,127,259.0,113.3387248345452,954.9747,0.0,34.951173004030046,0.14301387038633337,155.3484,13.587015079189356,-0.1996821658435367,0,1074,0
39A3D048-F051-4059-A42B-7CF3509A5139,6744,5,199.25,2,0.10824436536180308,33,1.7860320284697508,43,207,223.0,32.209676917648586,145.1878,-2.8,16.859657390305962,0.0,54.342454,-11.437224032347657,0.003272866375486838,0,1074,0
B86D9233-90F3-44E4-A9E8-78D2E0B1DC5A,5171,5,140.25,4,0.28234384064977763,226,15.952426996712434,324,204,490.0,127.90788325179511,280.41,-81.1172,33.447029020977524,0.0,173.18,-5.399795288832166,0.08063998870448257,0,1074,0
822231DC-09F1-428B-A704-46FC74A68F2A,6945,5,167.0,0,0.0,0,0.0,-1,181,1270.0,323.0627543274327,719.12,-5.19811,111.5484467327262,0.0,459.23,30.3145658886167,-1.3941791916472883,0,1074,0
38238D1F-2E54-4556-A09D-2389F9AEE16E,4858,5,173.0,0,0.0,0,0.0,-1,204,497.0,73.64467866866303,201.0,0.0,37.14307335862115,0.0,126.0,-10.67546570570007,0.3886959638363706,0,1074,0
13833E7F-3713-4F53-85C4-5A6652F8065A,12761,5,159.0,1,0.028602774077266673,45,1.2871248334770005,847,173,452.0,57.00101737449611,205.2612,0.0,30.25878236502085,0.0,97.9248,-10.266926575499191,0.20207341621944425,0,1074,0
7A3ED9C6-E64E-4BA4-9BDC-8A012AB76DF8,4380,3,283.5,5,0.4166666666666667,230,19.166666666666668,346,197,452.0,164.64850844940293,355.5764,0.0,60.989569160946374,0.0,246.20576,-59.63618052502021,0.09561005100642687,0,1074,0
0DF7E048-E83E-4498-A720-482CCA458E66,12761,10,102.11111111111111,0,0.0,0,0.0,-1,23,266.0,120.93101804120508,194.0,-2.344,22.818479726614587,0.0,148.0,9.286883514350507,0.07502892394910604,0,1074,0
0C85AD71-ABBB-43F0-A0A1-43436145C921,12761,11,90.1,2,0.057205548154533346,37,1.058302640858867,754,75,259.0,86.86317981022616,170.1,0.0,20.970885386942843,0.0,110.76,-2.293063668250852,0.1520572246812986,0,1074,0
D06E1410-9C36-4BC3-85D0-4F18DDA1A6C2,3137,10,103.0,2,0.23270640739560092,470,54.68600573796621,604,57,831.0,221.99913848381644,994.752,-48.74616,60.73677341635664,0.5817660184890022,296.51128,-5.938916467612728,0.3329775814015997,0,1074,0
6443015B-EBB4-426A-BAFF-AFD88D559560,4017,1,0.0,0,0.0,0,0.0,-1,194,250.0,21.93567081029738,100.7812,0.0,14.94081384099601,0.0,45.73061,7.442145303360025,0.2255445484413192,0,1074,0
4D2A2F97-7674-4BC5-832B-0C7D8D9BD081,8716,4,103.66666666666667,3,0.12563102340523177,290,12.144332262505737,454,138,314.0,63.422478415249245,236.0238,0.0,21.80993044405255,0.0,93.0,-6.919237674508501,0.4276905470725341,0,1074,0
4E406B15-0671-40D0-BD75-9BEC1D8FB8BB,5321,3,431.5,0,0.0,0,0.0,-1,190,768.0,88.77028484520257,257.9,-6.858307,29.000817014752553,0.0,130.8,5.785533056031994,-0.26597752123043267,0,1074,0
792BCFB4-4F15-47BF-9D97-B18346DF05BB,2731,5,212.75,10,1.3365067740754304,344,45.9758330281948,31,172,301.0,80.06873655404767,187.521,-21.52786,24.184289607305974,0.0,108.93281999999999,-14.179923258060015,0.05474253996280457,0,1074,0
560FFDCD-48C9-499F-9FFD-8CC02E008B48,12761,8,123.85714285714286,2,0.057205548154533346,108,3.089099600344801,73,67,800.0,294.5230953716162,841.8126,-63.92524,68.4728061237795,0.057205548154533346,379.2299,-4.245271745072955,0.16130425768128778,0,1074,0
742017CE-7333-4270-958F-EB2F9006419C,10047,3,127.5,4,0.14531701005275205,102,3.7055837563451774,192,122,491.0,67.25889287172947,288.1,-53.75211,29.485663041273416,0.0,108.6,33.92715651098658,0.3088581123411736,0,1074,1
9EB2677B-75FA-4C84-A833-11CE4A5BC09D,5321,3,280.0,1,0.06859612854726554,89,6.105055440706634,752,187,768.0,88.15905284404359,262.8,0.0,29.92641744090586,0.0,132.0,5.663647773240385,-0.27201855052988955,0,1074,0
17A853F8-A8CE-4A1D-AE94-32AF6BC42736,6434,2,63.0,1,0.05672987255206714,323,18.323748834317687,846,124,676.0,97.41236406712736,216.8579,0.0,24.90389740929764,0.0,131.9427,33.997053884261504,-0.07065332280461292,0,1074,0
0EC82B9E-A2C8-4F31-A054-D53BAC6B8620,2775,7,45.833333333333336,4,0.5261261261261262,549,72.21081081081081,382,185,1247.0,212.76551173290517,1120.567,-27.28765,159.90511777058467,0.0,463.10725999999994,87.81048061886952,-2.8463630534449935,0,1074,0
50000832-22FC-46AE-B154-E74A23D7E98F,12761,14,56.92307692307692,4,0.11441109630906669,267,7.636940678630202,250,9,256.0,99.90577016123505,191.0078,0.0,27.352335338606252,0.0,132.26139999999998,8.268962275493337,-0.0013515810526358173,0,1074,0
1FBF8807-07B1-4E64-B30B-C2D1E1877D3D,12761,5,31.0,0,0.0,0,0.0,-1,53,490.0,44.68745333629012,199.9512,0.0,35.18378775611849,0.0,91.55273,10.351281686086423,-0.30114943250259313,0,1074,0
76D18AE2-B110-46B9-BE7B-1E7B80244F9F,12761,8,54.714285714285715,0,0.0,0,0.0,-1,0,452.0,145.33415854454927,345.5612,0.0,19.6085668726951,0.0,164.9872,17.84168281579025,-0.8384755631498517,0,1074,0
BB3CE716-58DB-4B32-970C-02A89E44791D,9108,3,283.0,1,0.04007465963987703,83,3.3261967501097938,846,176,264.0,83.5176429454829,168.5,0.0,27.95672141901341,0.0,121.7,12.025651807603523,0.04604376740603687,0,1074,0
48EE7266-1BDE-47A4-82BF-CDD1F395B94F,7676,5,165.25,1,0.047550807712350186,322,15.31136008337676,846,145,103.0,10.369655412619073,35.45337,0.0,2.347633426584455,0.0,13.40252,-0.3319554126190738,-1.11735371645282e-14,0,1074,0
197B52E6-8B04-4F65-A492-9B84CD190EC9,12761,6,8.6,1,0.028602774077266673,5,0.14301387038633337,91,155,1083.0,292.7949908944958,867.1875,0.0,130.7094343342336,0.0,445.2209,24.479307655658545,-0.873559146127786,0,1074,0
254F228D-C6F6-48B2-B7FC-DD75BF4E652C,5804,3,204.5,7,0.44021364576154376,3276,206.0199862164025,151,175,538.0,79.65993412102534,261.5904,0.0,40.07647188915365,0.0,133.608,31.63273563206107,0.7841118359376071,0,1074,0
32A76D07-F177-4B55-BD4B-878270ADF332,1362,4,76.33333333333333,0,0.0,0,0.0,-1,173,887.0,97.5835231714957,285.0,0.0,31.302565842942624,0.0,136.55704,-5.7657034261253415,-0.08531771833294738,0,1074,0
5BFA5E09-A362-42B7-BA96-472D41DC178D,12761,24,33.34782608695652,1,0.028602774077266673,28,0.8008776741634669,754,67,251.0,70.42545306613336,235.7483,0.0,29.788277185462068,0.0,105.20551999999999,-6.343989798687375,-0.36562711733550635,0,1074,0
CAFFBD2A-7BF0-4CC7-8871-DB1A6403BF51,9122,5,156.0,3,0.12003946502959878,692,27.689103266827452,142,174,129.0,21.071872874500635,183.0408,0.0,4.4700449014785,0.12003946502959878,26.85059,3.4594010755765225,-0.028306751629455073,0,1074,0
4841D8B3-A9B2-4003-A5B5-DA09D70BE96C,12761,7,146.5,2,0.057205548154533346,446,12.756837238460937,561,174,377.0,162.87309857969655,605.0,0.0,43.25491829212735,0.057205548154533346,219.30254,35.68434019808123,0.039794221433182606,0,1074,0
E1A8FA71-2D4E-4C7C-8B97-8BBD0C91DA38,2586,2,1.0,0,0.0,0,0.0,-1,173,301.0,70.7477474277584,122.4362,0.0,12.608405196679112,0.0,87.78514,-3.7421761515238217,0.09486797373583784,0,1074,0
30D3BFE8-F44A-4B29-9DC6-326B60A5615F,12761,15,35.285714285714285,4,0.11441109630906669,462,13.214481623697203,533,85,85.0,38.40897015191617,71.30127,0.0,8.864836370960186,0.0,50.05371,6.032763318377036,-0.0894212661149183,0,1074,1
92905D91-5F31-4F9F-86E5-BF755E08C9DE,4831,5,14.25,1,0.07555371558683503,434,32.7903125646864,846,170,693.0,58.61477302679884,168.75,-1.288032,31.95251535527622,0.0,101.25,-19.198974932663035,0.1620499642125157,0,1074,0
D931B089-7749-4B86-B7B9-766ADA0C110B,357,13,11.5,2,2.044817927170868,1385,1416.0364145658264,64,86,804.0,172.903834863448,598.769,0.0,145.5059696500821,0.0,349.01887,93.17128822574952,0.25412254779909055,0,559,0
39A868D5-CF3F-49E1-9798-927E95D83E24,10047,6,101.4,3,0.10898775753956404,169,6.139643674728775,431,17,157.0,40.32466930830065,70.92947,-58.54089,9.57000441436227,0.0,52.52617,4.500288562930059,-0.02310564749722349,0,1074,0
C129B3A2-C318-4389-9EC5-F6DAFD5593FE,12761,9,46.875,3,0.08580832223180003,68,1.9449886372541338,751,97,1245.0,585.5788153217608,1092.41,-136.64,151.20108194957453,0.0,754.684,125.75591153009111,0.6941101107583353,0,1074,0
A1583F11-F115-4E6B-8407-9F2EE54C0B9F,12761,10,68.55555555555556,2,0.057205548154533346,48,1.3729331557088005,670,2,489.0,152.44536921157422,320.0,0.0,54.02534286614969,0.0,221.0,-7.143748841203859,0.1145523795803319,0,1074,0
28FD5180-AB14-4ED6-8F46-FBD6DF6BC65F,9225,5,45.25,2,0.07913279132791329,5932,234.7078590785908,771,2,346.0,71.43733837670528,887.392,0.0,40.620622294653145,0.1978319783197832,128.4,3.4666045260725014,-0.7537047268973465,0,1074,0
CEC5D20A-7411-4E20-BCF4-9E248A60837E,5840,4,187.66666666666666,4,0.25,403,25.1875,472,106,160.0,35.83026748409552,86.31833,0.0,16.86281322338659,0.0,60.037389999999995,5.955736938203863,-0.21609973231182292,0,1074,0
6FDCC79E-AE91-4A12-B0E5-DBC66A0B3E0B,12761,8,26.571428571428573,3,0.08580832223180003,523,14.959250842410471,25,41,489.0,127.35005755474111,534.0536,0.0,49.2922030615645,0.028602774077266673,188.55911999999998,-11.930264301654702,0.34132380763505094,0,1074,0
B3AE58AF-D117-41E1-B509-AB12BD5D8F84,1719,10,56.888888888888886,1,0.2123327515997673,4,0.8493310063990692,630,156,1663.0,274.1947029563828,893.6599,0.09155414,91.93243920312426,0.0,379.3088,33.26929080133323,0.1328118969702947,0,1074,0
8A9CF1CD-0742-4354-A6DB-E3BCD6310CD5,4846,9,105.375,3,0.22595955427156417,356,26.813867106892282,331,141,251.0,99.20242222263948,241.5,0.0,17.91117283060697,0.0,121.5,-6.572098148565416,0.07918570193842495,1,1074,0
991CF82D-9B61-487D-94EE-5A0FB7E9A4BC,1096,6,198.6,2,0.6660583941605839,439,146.19981751824818,165,36,888.0,116.5029340340052,413.2542,-40.0093,70.47256161493505,0.0,215.62521999999998,9.23375403080962,-0.33270017550077435,0,1074,0
79BE139F-AB21-4F01-AFBF-B966A7F65F35,12761,5,43.5,3,0.08580832223180003,113,3.232113470731134,203,123,452.0,126.86061782515685,2175.495,0.0,46.685147501216406,0.028602774077266673,186.60432,-9.955638431406868,0.3753562558587078,0,1074,0
CE8A429F-C0C8-442C-8ED8-62FA0BE76EEF,12761,8,101.85714285714286,1,0.028602774077266673,25,0.7150693519316669,76,97,803.0,251.53394089293357,801.5453,-586.98,122.85571840830812,0.0,394.66583999999995,114.6331202917977,-0.10006150197530511,0,1074,0
6A3BC26D-9625-4E3A-ACD7-46E7225FD9CB,7565,8,109.71428571428571,2,0.09649702577660277,561,27.06741573033708,728,131,208.0,43.19398014461271,118.5336,0.0,18.362884953346178,0.0,67.0,-2.8363076570355474,0.23264757207934303,0,1074,0
7C97E11E-49F1-4C09-8FFE-9E5694BC59D7,8730,8,65.71428571428571,1,0.04180985108820161,11,0.45990836197021767,68,38,415.0,177.70927559226087,877.0,-6.2784,85.0356740903879,59.537227949599085,240.0,-24.607654709544818,-0.041129131497865755,11,1074,0
A183AE88-0CCD-43E3-9CFD-1C22EA5B9BFC,192,5,7.5,2,3.802083333333334,96,182.50000000000003,79,141,555.0,34.365364806609975,799.0777,0.0,32.127526473094754,3.802083333333334,79.84016199999999,2.728659332394649,0.3539461074097586,0,228,0
F758E62E-6DE1-47DD-B4A9-8A8D43EA40F1,4355,7,88.33333333333333,5,0.4190585533869116,1028,86.15843857634903,201,123,452.0,131.7931669892455,2256.745,0.0,47.530984499501244,0.33524684270952926,193.0,-9.665547727671424,0.38937324031934856,0,1074,0
DC1037C6-DB13-4BB4-B5DF-ED9615D88208,7322,6,186.2,1,0.04984976782299918,16,0.7975962851679869,905,48,414.0,39.6606511324791,226.7578,-12.7,36.168476941536944,0.0,83.20312,-38.71376990408404,-0.03207149221097483,0,1074,0
BFF392BC-577A-430C-96D3-5D0E2112E162,9296,9,68.875,0,0.0,0,0.0,-1,30,452.0,1.8623673068321174,128.9625,0.0,8.064412765832293,0.0,0.0,6.3054159188160295,-0.1407865745333002,0,1074,0
054F99E1-BBE0-4652-BF4E-1D72094A40F4,5478,2,124.0,1,0.06663015699160278,41,2.7318364366557137,176,20,490.0,141.2330104992651,349.63,0.0,46.068584777710875,0.0,201.01,-2.0829118518885537,0.37888283908666986,0,1074,0
0D2A5155-DBEC-439D-A275-E3705BD72AA8,12761,5,175.75,15,0.42904161115900014,3331,95.27584045137529,8,144,376.0,145.06401389682642,338.0,0.0,47.88779688357526,0.0,211.0,-8.018720686949877,-0.28354580812460595,0,1074,1
15238378-C75A-4456-A293-8EACB714B279,9781,4,227.0,2,0.07463449545036295,11,0.4104897249769962,267,141,151.0,21.077948433558184,43.0,0.0,5.4993742701787545,0.0,28.0,-1.120849668126084,0.005047148024656309,0,1074,0
E6946B30-E217-4772-A8F2-EDDF48594007,358,6,76.6,5,5.097765363128492,145,147.83519553072625,332,114,226.0,45.65353860419892,127.0,-89.3,16.312098549076623,0.0,66.0,-3.9950509498779354,0.10658586108020779,0,1074,0
A9CF3A2C-161B-4512-8A8C-CF3B45C25843,12761,12,62.18181818181818,3,0.08580832223180003,297,8.495023900948203,28,10,741.0,242.1156311447746,396.7578,0.0,56.16712686702362,0.0,291.35501999999997,-79.91895394037644,-3.9304016179810737,0,1074,1
452330AD-2F39-4C09-B014-3E21FDCF4046,299,7,33.166666666666664,0,0.0,0,0.0,-1,89,472.0,50.26771626179813,999.1739,0.0,69.70303361772515,3.6622073578595318,147.81935,-15.720334956605228,0.1943674483817537,0,397,0
6D8E26F6-EF80-49A0-A334-86A9CC07606B,12761,4,23.666666666666668,1,0.028602774077266673,16,0.45764438523626677,1058,137,276.0,55.222140971803,138.1836,0.0,17.788043344298615,0.0,75.86716599999998,-11.136009889086957,-0.07995776637083839,0,1074,0
373BE085-2525-463A-856A-036D6A1FCD2B,9623,4,35.333333333333336,1,0.037929959472098096,91,3.4516263119609265,463,138,271.0,26.02278269045045,77.65625,-53.40542,17.19316805960403,0.0,46.6875,7.0919741691174565,0.003334760886085817,0,1074,0
99CD5C44-DBCF-4F5D-8CA3-FDD9508FC4FE,2920,12,49.81818181818182,1,0.125,75,9.375,233,10,452.0,153.27289753156745,353.7225,0.0,61.879244144362566,0.0,232.34848,8.900465812799837,-0.42815091095609176,0,1074,0
98BAFF66-96A5-46FD-AEEB-947E869F99D9,5129,2,0.0,1,0.07116396958471437,7,0.4981477870930006,94,134,1039.0,160.91954466610557,628.5,0.0,79.6101656712634,0.0,269.8,-57.34179003647594,0.46646856836455675,0,1074,0
0E1EFDA6-4CFD-43ED-941E-2236A69EE917,6489,16,45.733333333333334,3,0.1687471104946833,305,17.155956233626135,704,57,259.0,90.70791266935584,183.75,-8.205465,16.78988382477248,0.0,112.5,11.093071126940458,0.03627947037347311,0,1074,0
6CD33829-8A6C-4778-8BD6-E3606033983A,6651,3,232.5,2,0.10975793113817471,1454,79.79401593745301,68,132,377.0,177.63812333612177,378.556,-7.799988,53.14892396331733,0.054878965569087355,243.0728,-14.382061533652632,0.03979870148104864,1,1074,0
2BD05842-C822-4B32-90E6-AE4E4ED497B5,12761,11,86.5,4,0.11441109630906669,125,3.575346759658334,131,115,377.0,127.60628722207619,284.9854,0.0,28.00576702410408,0.0,151.9135,-10.15845756297125,0.04860702276390129,0,1074,0
92D1B331-43BB-4AB4-8533-685FDCE75A8A,7073,2,1.0,0,0.0,0,0.0,-1,127,497.0,90.1357710411986,313.53,0.06,54.82196234363883,0.0,172.56,-15.619586627618332,-0.08567770998256054,0,1074,0
76E43C8C-544B-439F-AF27-2FC492938676,5347,8,40.0,7,0.4778380400224425,97,6.621469983168132,247,48,301.0,99.12310582691322,240.8846,0.008972168,17.602746282880393,0.0,125.5606,15.886083479770733,0.11704874515867886,0,1074,0
E1CB2A4B-6019-49F5-8AC3-700EE7461768,12761,7,124.66666666666667,6,0.17161664446360006,274,7.837160097171068,155,125,693.0,226.55313926460212,394.6,0.0,27.2114787960818,0.0,257.8,-12.737467968305822,0.12822514096370147,0,1074,0
1AC1C574-BD15-4F62-9C7C-BAFE4220F780,12761,11,51.1,0,0.0,0,0.0,-1,88,706.0,222.04880597455823,1998.465,0.0,86.8603321015101,0.11441109630906669,316.4749,12.07277702420717,-0.7064455174571461,0,1074,1
DF7F18E3-8854-40DA-BBC7-FD0BBFB79A1C,4812,3,426.0,3,0.22755610972568577,426,32.31296758104738,98,122,259.0,66.1212348297686,233.1762,0.01313791,20.344798868878456,0.0,93.753564,-14.812555329537112,-0.053128165663565895,0,1074,1
D575E2B8-849E-44B4-ADE1-B032BB48C657,8086,4,249.0,2,0.09027949542418996,619,27.941503833786793,469,113,375.0,138.36461429398176,403.34,0.0,46.05761348940935,0.13541924313628495,194.34,-15.817234503657986,0.3173498578264611,0,1074,0
274A3B8D-5C78-41A0-87DE-1A828ED02C48,719,4,234.66666666666666,4,2.030598052851182,32852,16677.30180806676,118,119,497.0,42.542030362648674,255.0,0.0,34.3351516387385,0.0,91.0,27.221472723771072,-0.5915684035066989,0,1074,0
66D9C403-3113-485F-BFE7-C5B5AFCB1D83,8347,12,77.18181818181819,1,0.04372828561159698,528,23.088534802923206,1070,116,739.0,88.88262116713177,443.7591,-50.1,57.416027064016774,0.0,171.94224,-22.233468824539173,0.7294598566923807,0,1074,0
BBB6A57C-8FCC-4797-A32B-C607596EE51F,10079,8,131.42857142857142,3,0.10864173033038992,38935,1409.9885901379105,170,115,489.0,121.38910334030444,350.0,-307.0938,40.48260798310894,0.0,171.0,11.44515591895481,0.060333694603234476,0,1074,0
8CA5C88C-E442-4CAB-9163-07A7295021A4,4151,2,433.0,1,0.087930619127921,25,2.198265478198025,187,110,452.0,144.38930512926765,431.1371,0.0,34.08128152888673,0.0,186.0,-9.577731055193567,0.01051524422298069,0,1074,0
20EE3B08-3F70-4CDC-B7CD-B4B6D7EFC497,4034,5,256.0,1,0.09048091224590978,13,1.176251859196827,68,19,452.0,183.06370145804058,387.2,0.0,52.13738664243591,0.0,248.8,-16.42463101513937,0.01433669772544078,0,1074,0
80F74B56-E49B-456A-AA72-EE7EF373FAB1,5671,4,32.333333333333336,8,0.5149003703050609,598,38.488802680303294,42,106,402.0,118.42374070069344,265.0,0.0,25.906085171903012,0.0,150.0,11.016459916590506,0.04199563960786951,0,1074,1
8D4FE0DC-9C23-4AAF-B28D-2C90851B134F,6991,4,233.66666666666666,5,0.261049921327421,300,15.66299527964526,105,106,734.0,151.63746670019165,355.0,0.0,45.45542793332034,0.0,207.7563,2.223530440240438,-0.3215341056190553,0,1074,0
DB3C99CD-9393-4AAD-B2A4-05740DFA76D1,-6,11,87.6,1,0.0,652,0.0,298,15,452.0,85.46827714361561,201.0,0.0,23.9041135080465,0.0,117.0,-13.367196896702026,0.08511144494283797,0,1074,0
FF0AA7C0-6553-4E3E-B265-B1FD2B36C206,12761,7,32.5,1,0.028602774077266673,168,4.805266044980801,846,39,251.0,98.4188826792962,208.2036,-11.07723,32.24416769813996,0.0,139.13709999999998,-10.203844885515338,-0.05940817971926998,0,1074,0
14D19538-77CD-4509-8593-134C1D663F49,5965,8,105.0,0,0.0,0,0.0,-1,101,489.0,104.8472379731429,295.1255,0.0,41.932970460074756,0.0,161.39402,-8.767533129392902,0.3715631769269461,0,1074,0
F3C72DA8-746F-4BFA-AF0B-CDB4AFEFD28D,12761,3,341.5,0,0.0,0,0.0,-1,100,312.0,55.265505318976736,136.0,-1.9,20.19376592706401,0.0,82.0,-16.423915812803898,0.19966519643482958,0,1074,0
BF1E6491-B741-4888-90A8-7135C7A10D42,4541,4,303.3333333333333,4,0.32151508478308743,670,53.85377670116715,60,99,225.0,29.73679870915143,69.58008,-0.202634,6.2528357044260785,0.0,37.53662,4.910062092468941,0.0330070575940132,0,1074,0
377D8035-8E88-4BC1-88E2-385158BC0C17,2472,2,47.0,0,0.0,0,0.0,-1,46,302.0,47.902148024303735,1041.261,0.0,21.670922110083623,0.1476537216828479,72.217916,-12.380614108474262,0.17696889034963714,0,1074,0
0B604511-D550-455C-A815-9F752D51C59E,827,4,44.0,4,1.765417170495768,231,101.9528415961306,249,58,451.0,197.3375252803959,298.0,0.0,36.96096401121073,0.0,244.0,11.99380188009792,0.27110468599212284,0,530,0
E4F52558-59FE-4BF5-8B4B-4149F3599B93,12761,6,35.2,3,0.08580832223180003,939,26.858004858553407,63,89,1039.0,133.99488041988516,492.7368,0.0,78.96644933772322,0.0,244.812,-19.34415391602714,0.17870796274621117,0,1074,0
E7C975C1-526E-4E0E-94D3-6A9ACC47F556,12761,2,0.0,5,0.14301387038633337,260,7.436721260089335,96,91,450.0,100.53846455677352,363.0,-10.35292,45.494869986000694,0.0,159.0,-34.032330297514264,-1.3771800530930844,0,1074,0
7C9FD8ED-0444-44C5-BE90-4A54401B42F9,3751,6,42.4,4,0.3892295387896561,383,37.26872833910957,242,15,301.0,67.3942535243158,161.3619,0.0,11.392793017597862,0.0,82.073978,9.636148290499008,0.07415724948431929,0,1074,0
2189AC8E-3FEC-4A31-A660-EB794CA97567,7050,9,123.875,3,0.1553191489361702,371,19.207801418439715,382,44,763.0,220.88888009182728,462.7991,0.0,89.77634453171257,0.0,319.9768,-117.64328960301953,3.226930342776973,0,1074,1
B0F7390C-6116-4937-8C35-D8F887A7EF90,12761,1,0.0,2,0.057205548154533346,279,7.980173967557402,431,87,261.0,49.21290387927185,125.9868,-106.941,11.542994164482366,0.0,64.197676,4.958154719979696,-0.03153282172538699,0,1074,0
F84DCB9B-F130-4277-A5D2-0A9807D3463D,12761,5,216.5,2,0.057205548154533346,40,1.144110963090667,670,5,452.0,150.3891040292139,318.0,0.0,53.31340351371058,0.0,218.0,-10.022128720571942,0.19963975890929508,0,1074,0
FFFDB39B-D066-4224-9848-6D9ACF52BE69,2165,3,84.5,2,0.33718244803695147,257,43.327944572748265,845,85,301.2,44.565048272941524,319.9724,0.01071342,13.18732044481923,0.8429561200923787,61.851017999999996,6.269584193613255,0.033414806634370985,0,1074,0
877E4C2A-402B-4EB8-B31A-4B22E138185C,1980,7,150.0,2,0.3686868686868687,37,6.82070707070707,854,85,301.0,74.31959803623894,262.2364,0.0,41.62214171690174,0.0,132.52179999999998,48.075600483051176,-0.9404730090141856,0,1074,0
41A1D1DA-43DD-449B-A2DE-37FC4BF6B391,12761,5,68.5,7,0.20021941854086672,856,24.483974610140272,472,85,264.0,112.18440325824395,265.7938,0.0,23.17303927859443,0.028602774077266673,142.44204,-4.360539930851942,-0.13406413776191778,0,1074,0
EB21CB81-C854-433D-A187-77C1504AF8F9,5043,5,174.25,0,0.0,0,0.0,-1,80,259.0,130.35866696820915,243.8835,0.0,36.561750627251136,0.0,179.63132,-10.857702368980753,0.13930652312151495,0,1074,0
D25583F6-FEC0-4046-B2BD-EDC9B903B6C2,4455,8,116.85714285714286,4,0.3277216610549944,735,60.21885521885522,213,62,181.0,57.68949149901403,182.2769,0.0,25.80304875923827,0.3277216610549944,88.43994,-29.69391437956341,0.63580950865904,0,1074,0
42918901-CC0A-4828-BAFD-BB861E440C5D,12761,4,301.3333333333333,2,0.057205548154533346,182,5.205704882062535,846,75,266.0,113.55244711778151,268.4,-39.4,23.352454831498477,0.028602774077266673,143.3,6.394597635304905,0.19657977322292594,0,1074,0
123DA990-7674-4A6B-9D4F-61A9223F8AF1,12761,7,99.66666666666667,4,0.11441109630906669,39,1.1155081890134002,488,44,266.0,119.90384259648941,194.4,-3.04,21.830183492233918,0.0,146.52,5.182833792399464,0.1991765155516488,0,1074,0
7EE736BE-2EFD-402E-BB49-4A8EFD89B1AE,4446,3,59.0,3,0.2462887989203779,78,6.4035087719298245,205,78,193.0,24.472291383581425,534.52,0.0,10.016148285118721,0.16419253261358524,35.61918399999999,2.1735436951222837,0.04730763467938338,0,1074,0
4129116B-40CE-4E4F-AD47-C6FC5815983B,402,4,93.0,6,5.447761194029852,781,709.1169154228857,273,78,226.0,50.87486581041469,109.2983,0.0,14.989350682555518,0.0,70.406434,1.8886374395853167,-0.03943524983084944,0,390,0
69B934B9-23D6-4AE0-9FFF-FCEEC30B599D,12761,8,99.0,7,0.20021941854086672,962,27.51586866233054,149,78,256.0,4.382125501870142,445.0,0.0,18.408070927814062,0.17161664446360006,0.0,-4.382125501870142,0.0,0,1074,0
9D5E0888-AED0-4421-A5AB-7A8439AAAEA3,5095,2,1.0,4,0.28655544651619236,330,23.64082433758587,176,78,391.0,146.12017888181708,278.5,-604.0,43.5562707511302,0.0,211.5,-13.293519931199796,0.21689700488846103,0,1074,0
4DE3157C-A45C-4533-ADE6-753F54E1D0D1,8996,6,179.8,0,0.0,0,0.0,-1,48,820.0,123.49761665386832,436.0,0.0,73.27090455226619,0.0,228.0,-34.844607394609056,0.4770079639461017,0,1074,0
511322E9-E726-47A3-B34A-2FE59DE46B4A,12761,4,296.3333333333333,2,0.057205548154533346,71,2.030796959485934,846,74,266.0,116.73706728420106,283.4,-6.466375,24.177835080144956,0.028602774077266673,147.5,6.211605555305098,0.2225604898637516,0,1074,0
D980B5F9-43F2-4558-84B7-2BEBFA474220,9603,4,250.33333333333334,3,0.11402686660418619,344,13.075080703946684,42,74,271.0,96.07005580196507,209.0926,0.0,16.40508425565422,0.0,115.08566,-0.6360309431379108,0.037881232621403776,0,1074,1
F2678BD3-6AE1-4216-A103-B84BBD8D527F,12761,12,28.727272727272727,0,0.0,0,0.0,-1,53,788.0,85.47671621980354,452.01,0.0,64.08959990268426,0.0,172.94399999999993,-16.514087361778834,0.5172815030890409,0,1074,0
7408DC56-68AB-4F1B-AAE4-7BCED4AFE0EB,3661,6,204.4,2,0.19939907129199672,577,57.526632067741055,846,12,151.0,39.49141129319443,276.0,0.0,14.028546038905963,0.4984976782299918,57.5,4.829576361126556,-0.018681718822211243,0,1074,0
26C1600C-6E36-4699-9514-8F4F8B7B5F1C,7659,4,321.3333333333333,3,0.14296905601253426,798,38.029768899334115,211,71,228.0,51.346030902303056,209.0,0.0,18.581076954472564,0.0,75.2,-1.1646265811610803,0.07723881090905393,0,1074,0
87B0FC7B-CFC3-4BED-B4D6-B9A86E4C0C34,4757,7,145.16666666666666,2,0.15345806180365779,61,4.680470885011562,55,71,226.0,22.410138678666474,205.8016,0.0,12.898127771518869,0.0,39.2,3.5891514557471034,-0.0007237061779714165,0,1074,0
84A3DB08-E6EA-4D2B-A671-02A8B2D6C633,12761,5,135.75,2,0.057205548154533346,97,2.7744690854948675,769,63,473.0,99.2646270564854,267.7917,0.0,34.88912176568085,0.0,142.3645,-13.74811440656255,0.7230817403292826,0,1074,0
1EC7AB52-FDE2-44DF-B256-0AF19450EE57,2666,2,0.0,1,0.1369092273068267,61,8.351462865716428,628,62,803.0,131.39295439069718,382.8577,0.0,41.217825556064916,0.0,181.137,8.064431864704034,0.24459725684628555,0,1074,0
AA75FA33-9E52-47D9-8FEE-A5BC69C0712E,6791,7,152.83333333333334,5,0.2687380356353998,114,6.127227212487115,4,41,223.0,32.89662025297,148.5255,0.0,17.19502672334249,0.0,55.451588,-11.989962077301946,0.013759258214457833,0,1074,0
D9EEC8F0-5C25-4E15-857F-5A3C7DB717F9,5482,2,0.0,2,0.1331630791681868,155,10.320138635534477,245,57,804.0,139.25033851826194,446.7563,0.0,43.764552694151064,0.0,188.21383999999998,6.496489315071386,0.2728725438415912,0,1074,0
F1ACDD45-7F87-4CDC-A972-21CBC8A9065D,2277,4,263.3333333333333,9,1.4426877470355732,588,94.25559947299078,421,50,208.0,39.51994659925147,464.8922,0.0,21.658578107321816,8.816425120772948,70.46022,13.07881122536272,-0.23326734624816736,0,1074,0
D30FEB9F-EE6F-4D1D-A866-3F9C49A8C632,2142,6,148.6,2,0.3408029878618114,52,8.860877684407097,662,16,452.4,131.46499889904925,399.3103,-35.19893,43.66478498436651,0.0,188.68066,-23.871785815547696,-0.13021376022281494,0,1074,0
B69589E2-6807-418A-B60E-EB9DF2CF9414,4565,4,120.66666666666667,0,0.0,0,0.0,-1,2,301.0,101.28378185771624,209.3423,0.6445879,26.545908911570212,0.0,132.95963999999998,-11.799616923109767,0.26967328639978344,0,1074,1
807F912E-403C-4C70-8A4E-842A99653258,4914,2,1.0,4,0.29711029711029713,335,24.882987382987384,472,57,264.0,110.69701955295992,524.5007,0.0,22.589106437032413,0.3713878713878714,140.24808000000002,-4.146225473484591,-0.16221025709460585,0,1074,0
11ED973B-5F01-4B0B-813A-97DA58168C83,7250,2,697.0,0,0.0,0,0.0,-1,55,450.0,112.30384617376833,208.03,0.0,24.719073157072305,0.0,143.92,22.843013394132896,0.0414226664927625,0,1074,0
5274FE5A-D854-4898-BCA6-251B934FF370,1926,1,0.0,1,0.18951194184839043,235,44.535306334371754,56,52,708.0,103.74163728145578,238.0501,0.0,33.597412196727944,0.0,147.1007,2.286616955426936,0.156419217575353,0,1074,0
75C1D0C1-B81B-4D77-92A1-CB0AB19F2E10,12761,8,29.714285714285715,1,0.028602774077266673,28,0.8008776741634669,311,47,306.0,103.17265133684694,464.0,0.0,39.16822361761641,0.14301387038633337,154.7852,-26.80366235544261,-0.1185760242876572,0,1074,0
C9DA295C-FDC8-494F-8CD0-864EBF9A2BFE,12761,2,1.0,5,0.14301387038633337,72,2.0593997335632004,27,46,792.0,221.89098694050384,597.37,0.01,56.29552572237238,0.0,300.15,-35.226666724454475,0.34896115604104294,0,1074,0
A3568790-8909-4A14-BC34-BE2796EBAAC2,1295,3,3.5,0,0.0,0,0.0,-1,37,452.0,43.13981873588481,513.7,0.0,26.46290381069394,1.4092664092664093,81.078632,-4.34008286008234,0.39907225167094534,0,1074,0
8E9F1020-6887-47D2-897C-C8C8FB015B90,12761,5,242.0,1,0.028602774077266673,121,3.4609356633492676,100,18,151.0,8.66385556210221,119.0,0.0,2.6968890151745866,0.0,11.0,-1.0587629695096172,-0.035901551631898156,0,1074,0
59210FF9-D5FE-4EEF-B238-D10ACCA19706,3455,4,235.33333333333334,4,0.42257597684515197,527,55.67438494934878,112,43,301.0,56.50964333663975,148.7008,0.0,17.328269992563975,0.0,79.038282,3.3755940730824747,-0.36078490647103656,0,1074,0
D85F6C68-413B-4541-B487-97D96FBD9BF0,4855,4,208.33333333333334,1,0.07518022657054582,329,24.734294541709577,846,40,675.0,96.66180630089285,352.6052,0.0,25.552038769925694,0.0,131.596,32.548267741545416,-0.08454717925122651,0,1074,0
607B267C-54D0-4206-9517-FE3935888926,6384,7,129.33333333333334,0,0.0,0,0.0,-1,39,489.0,78.21256253543287,229.0,0.0,26.29871765955203,0.0,109.0,-30.642809449013114,-0.3009401023446564,0,1074,0
45D920F7-00C9-4288-B627-F1B234B33629,6460,7,110.16666666666667,0,0.0,0,0.0,-1,39,181.0,60.133276530719264,185.2539,-127.0965,23.81520869172018,0.39551083591331265,89.16016,-15.350452283805687,-0.4448695927069813,0,1074,1
86A0511C-438D-4C45-93B4-5CA8959ACC25,2542,2,0.0,5,0.7179386309992133,65,9.333202202989773,451,36,452.0,79.27443091683556,202.2754,0.0,29.525872610648786,0.0,115.26404,-10.334441497352515,0.06483053403439,0,1074,0
222B2D58-B4E6-4608-A993-EE22E726CC11,12761,4,287.0,3,0.08580832223180003,383,10.954862471593136,35,36,78.0,12.64446913116603,187.4019,-96.26875,2.5612403930314906,0.14301387038633337,15.661,1.8607696111950798,-0.005853459972301504,0,1074,0
068B377A-FD3C-4F29-9C9A-92AC88378806,4214,6,110.2,1,0.08661604176554343,364,31.528239202657808,846,32,832.0,193.956395279999,390.0,0.0,44.70950755864385,0.0,249.0,-8.833401452838501,-0.05316214164547796,0,1074,0
0F0728DC-114B-4FA9-947E-6DE866090D6D,3540,3,118.5,2,0.20621468926553674,94,9.692090395480227,22,32,451.0,181.3865134943997,366.5321,-15.44369,60.01091872743873,0.0,254.73692,62.4682550646651,-0.5249090217001767,0,1074,0
F23D9E97-D7AD-48C5-848E-EB3BE56A2D84,9822,4,323.6666666666667,11,0.40877621665648545,1377,51.17135003054368,8,28,450.0,97.35449099043684,344.45,0.0,47.426523047292655,0.0,154.3,8.07132999721749,0.282731136217002,0,1074,0
F230D24D-7437-46E8-97E4-1683B8C7725F,7010,11,71.8,1,0.05206847360912981,403,20.983594864479315,474,5,452.0,111.69162036115947,292.6758,0.0,25.266883079926554,0.0,141.8335,1.0678706982541115,0.020139902871416957,0,1074,0
DD781548-7E94-4620-ABAF-F126BA57E2A3,12761,3,56.0,0,0.0,0,0.0,-1,26,1370.0,315.328437587004,850.39,0.0,128.87141029574278,0.0,490.95399999999995,-68.9948635129299,-0.07962254027727383,0,1074,0
B9DAFA34-ACAD-45A2-9EA9-FA166E912DA2,28,1,0.0,0,0.0,0,0.0,-1,24,1039.0,17.815825770029925,348.2782,0.0,46.130710197895176,0.0,54.5897,6.531094771096615,1.0616295348243372,0,124,0
0D36B8DE-6935-4684-825C-8EEF2AFB468D,9840,7,164.83333333333334,2,0.0741869918699187,1637,60.72205284552845,286,20,150.999,54.31070688350865,259.5215,0.0,23.350681321237214,0.9273373983739837,82.85065,-13.386951414675323,-0.3763192734105325,1,1074,0
7338441F-16FE-4E26-83E1-567455692E6F,3660,2,355.0,2,0.19945355191256833,36,3.5901639344262297,513,18,250.0,62.15138498384559,538.7697,0.0,22.13907690397942,0.19945355191256833,91.0,-17.643051650512255,-0.14863551970298933,0,1074,0
183F635A-7D31-489D-8B9B-0140D4625984,5002,7,166.5,1,0.07297081167532987,5,0.36485405837664936,665,18,682.0,181.8115136309864,302.3207,0.006910498,40.074444198140604,0.0,232.50706,6.076039359723467,-0.06584101403152454,0,1074,0
AEBA6A3D-153A-425E-B838-E54D62817C3C,2011,6,73.4,0,0.0,0,0.0,-1,15,415.68,92.00843269346767,223.68,0.0,29.785772965323787,0.0,129.32325999999998,-4.773362800334951,0.004278399982022307,0,1074,0
C54CE7F4-0609-4E82-ACE8-41E113F04B46,352,5,155.25,11,11.40625,733,760.0710227272727,21,16,226.0,46.78074438290158,125.2441,0.0,20.649701954814518,0.0,73.97461,-15.384293765617631,0.017551435248033837,0,1074,0
6D91627C-0809-4F4A-B786-CFFA4028E126,4369,4,217.33333333333334,2,0.1670862897688258,19,1.5873197528038454,705,15,452.0,132.58211626402584,324.0,0.0,40.56714394069616,0.0,185.0,8.042420773011202,0.3786886126772584,0,1074,0
6C890ABD-5E44-4EA7-B7D1-7B01729CB2A5,2927,4,130.0,0,0.0,0,0.0,-1,11,452.0,135.15319315881825,260.9429,0.0,29.747164377461996,0.0,172.2858,-5.883321393386154,0.2288917889175852,0,1074,0
5F0C3A57-9E28-444B-AD0F-C50B861004C1,5002,9,89.75,3,0.21891243502598962,65,4.743102758896441,257,10,682.0,182.0864207187639,302.9641,0.01949582,40.11200876332258,0.0,232.77256,6.1742417640624865,-0.06484032755162503,0,1074,0
3287E045-CC5A-44F5-89DA-DCD69DA1E5F1,6672,10,81.88888888888889,6,0.3282374100719424,219,11.980665467625899,326,8,251.0,100.94376790416132,237.9,-86.18622,38.14067555831386,0.0,148.5,11.507406855097926,0.19095724866571687,0,1074,0
168B55CD-3653-4846-B11A-2C029F97E6BE,1456,3,38.5,2,0.5013736263736264,292,73.20054945054945,84,8,90.0,3.302498090043186,7.507507,-131.248,0.9107741572560413,0.0,4.204204,0.43281138960959176,-0.003033414433158374,0,1074,0
31233CF7-B98C-421C-BC39-314064817E1E,4009,5,108.0,1,0.09104514841606386,83,7.556747318533301,74,7,554.0,69.41679670832065,189.7942,0.0,25.2557920502236,0.0,100.8969,17.19181610495096,-0.2333545514890791,0,1074,0
81737197-5406-4565-9D1C-43D983177299,7988,6,196.4,1,0.0456935403104657,65,2.9700801201802705,329,1,693.0,141.0832367641327,394.656,0.0,56.100410095347065,0.0,221.616,34.08320027290435,-0.26474604546532554,0,1074,0
2E270BD4-33B3-4CB2-B24B-C8E7FFF4B72D,4613,2,677.0,8,0.6329937134185997,1478,116.94558855408629,42,2,402.0,120.74812573031524,390.8688,0.0,24.751093657613268,0.0,151.44559999999998,7.5027096277094785,0.012229458620738539,0,1074,0
C3F611C1-25DF-46AE-B06C-114862138B82,1004,5,244.75,0,0.0,0,0.0,-1,0,802.0,109.05676088858962,524.6429,0.0,69.52613875671443,0.0,189.9834,30.436321788107904,-0.857649635882859,0,1074,0
C4B816A6-01D9-49D2-9464-EE4D11138AFE,12761,11,91.9,2,0.057205548154533346,79,2.2596191521040674,368,46,266.0,116.60247204542658,276.2,0.0,24.560594677762744,0.028602774077266673,147.6,5.034773324943799,0.24343085909086323,0,1074,0
ED424732-3580-4C2C-9F42-057AED83126A,385,2,143.0,1,0.948051948051948,84,79.63636363636364,74,75,803.0,11.296530929675686,999.9147,0.0,54.43801167259336,8.532467532467532,3.870657,-7.566654165015192,-0.039388052030205026,0,474,0
5B6A4864-6D93-42FC-94D0-4E97AB2041BB,8064,5,67.0,1,0.045262896825396824,1,0.045262896825396824,669,354,150.0,25.573589515043995,347.0,0.0,25.11083398956387,0.045262896825396824,56.0,37.14068517631404,0.5587664572214762,0,1074,0
9E5EC2AA-D247-40C5-AC4F-1F8592D6DFE7,1004,4,271.0,0,0.0,0,0.0,-1,165,802.0,91.03074701546161,288.6543,-121.6507,64.1709938124311,0.0,174.1676,-83.30994280442766,-0.3810361931797408,0,1074,0
7EEC2A6F-8B55-4FA9-A5BF-C96FB85F3618,6571,0,0.0,2,0.11109420179576929,9,0.4999239080809618,1055,0,489.0,94.20243837691895,205.0,-187.8,20.7710296270281,0.0,121.0,10.283827055179813,0.12941606874181744,0,1074,0
F8D8B824-1D6B-4827-9884-6254A2C7CF5B,12761,4,83.66666666666667,1,0.028602774077266673,22,0.6292610296998669,311,305,276.0,95.34803746945553,200.8789,0.0,34.12218805578573,0.0,140.8936,-23.022915292217874,-0.1299458594303074,0,1074,0
A119817A-A6B1-4E40-AA55-7B3AC6AA0B59,1154,1,0.0,0,0.0,0,0.0,-1,970,453.0,7.1799921985341255,82.88313,0.0,3.7622849852905778,0.0,11.48961,-0.07271130871930964,0.019628732033555498,0,1074,0
870FB91B-E5D8-4EA0-B4EA-4A3A8FC2E635,7188,2,19.0,5,0.2538953811908737,110546,5613.423761825265,51,943,798.0,158.22136010678744,377.578,0.0,69.95301730678672,0.0,243.9843,-7.352148715583752,0.6188470928800051,0,1074,0
9E31BE67-A0C8-4797-AAE7-CEAD8350BE84,1082,7,162.33333333333334,1,0.33733826247689463,230,77.58780036968577,1028,92,753.0,203.0985734325756,461.1739,0.0,58.33438767634954,0.0,270.8416,-1.959318903254598,-0.17433355355391048,0,1074,0
29A38419-1EBD-47A7-9E93-FAF29C4D415A,12761,6,175.2,1,0.028602774077266673,30,0.8580832223180003,367,188,403.0,44.454749139186895,241.4,0.0,27.323207357719884,0.0,82.0,10.945011663282237,0.20556250085739936,0,1074,0
C92771E1-8125-4EDF-A205-E93AE3DADC26,12761,6,158.6,0,0.0,0,0.0,-1,265,739.0,175.91247977875906,430.0,0.0,56.17835894180882,0.0,249.0,8.704495529882905,-0.2693176569583015,0,1074,0
A1478965-DF45-4C9E-A2C1-51B8554473DF,1447,6,210.0,2,0.5044920525224602,156,39.3503800967519,362,6,416.0,58.96818893018057,213.4098,-0.03,35.45808410935564,0.0,107.66645999999999,19.786779512180537,-0.6579819903551694,0,1074,0
420071ED-4053-473C-BE00-F2AD57C552C9,7140,6,185.0,3,0.15336134453781514,385,19.68137254901961,718,120,264.0,78.1384902264466,169.0,0.0,25.68934580652661,0.0,112.8,9.538052983429935,0.048202555871011146,0,1074,0
144C568D-B7F1-4C0C-9A19-274906B7F19E,12761,2,6.0,0,0.0,0,0.0,-1,1038,262.0,3.6010604402157367,185.7422,0.0,20.67605834897158,0.0,0.0,-3.6010604402157367,0.0,0,1074,0
4003EE70-B45C-44C7-891F-BB1F6EF6F1CB,12761,5,233.25,2,0.057205548154533346,143,4.090196693049134,413,108,440.0,136.35716251963458,325.1953,0.0,65.27463342407442,0.0,216.98,1.8314612095320797,0.9344218566768847,0,1074,0
4A54D358-17CE-4805-8FA5-0AA098671906,8773,6,205.4,3,0.12481477259774307,3773,156.97537900376153,427,9,1330.0,243.40728342389943,908.0792,0.0,126.03238850485535,0.0,448.87928,-102.10926680815871,0.22620355941164336,0,1074,0
18971934-C7F4-4707-BE7F-465705C731B3,4439,2,847.0,3,0.24667717954494256,309,25.407749493129085,318,189,326.0,61.92260234637126,370.4519,0.0,14.649960510259245,0.4111286325749043,80.0,7.564374938350973,-0.045140528807352004,0,1074,0
0942C5EB-FC42-41D6-BEFF-7265CCA5583F,12761,4,177.33333333333334,3,0.08580832223180003,2842,81.28908392759189,478,503,276.0,110.98282611510746,217.43,0.0,29.969493460371407,0.0,147.79,3.5952587614357583,-0.006854415039921626,0,1074,0
80904C47-EAC6-45D1-96FB-37B55200D33C,3312,2,1.0,0,0.0,0,0.0,-1,1033,301.0,77.93983079345018,180.0,-6.953444,28.072232566528072,0.0,116.25,-2.128777552709437,0.1502388126334091,0,1074,0
FF9BC881-886E-4CB1-84B1-BB30CDDB0ADD,2819,3,143.5,1,0.12947853848882582,18,2.330613692798865,120,743,451.0,100.45761233719011,232.4771,0.0,37.79572304169048,0.0,141.18865999999997,-11.125866491742585,0.18348748684998054,0,1074,0
612A09FC-6A8A-4303-A78E-87F7616EC271,12761,8,143.28571428571428,1,0.028602774077266673,5,0.14301387038633337,895,51,693.0,137.59600275508103,337.7295,-9.0,46.368756726063765,0.0,209.46577999999997,-43.08542498625387,0.15568757824482715,0,1074,0
B958F294-B632-4375-82AE-0CBE6CBAF442,1051,3,110.5,8,2.7783063748810655,651,226.08468125594672,473,806,301.0,33.61452577013473,68.54248,0.0,12.84246056553991,0.0,46.11206,-1.498007261647082,-0.00813931217105955,0,1074,0
CAE06DB1-C28C-4DD7-8229-3FC558CC8FCD,3298,3,184.0,1,0.11067313523347483,37,4.0949060036385685,379,659,451.0,180.56612620126648,2099712.0,0.0,5343.167810148706,0.11067313523347483,287.68276,6.430391482838445,-0.6632664565438827,1,1074,0
A67F23BF-12EA-4930-833E-716FD347EA9B,8072,3,471.0,0,0.0,0,0.0,-1,83,1245.0,308.42595680071486,832.57,0.0,126.3357550261153,0.0,481.054,-84.70112964022104,1.1442370034250433,0,1074,0
C182103F-59D6-42A0-96E7-3C5AB13F279B,5840,4,303.0,6,0.375,292,18.25,472,107,160.0,39.08111223475302,894.3032,0.0,17.477224461428648,0.3125,63.46122999999999,8.748826500586489,-0.16736156757298146,0,1074,0
040F8C6B-6154-4F65-90DE-0A928E5DF927,2391,6,187.4,8,1.2212463404433291,127,19.387285654537852,248,69,151.0,25.64071266900212,80.31917,0.0,9.902055689908886,0.0,38.991963999999996,0.37835898929803236,0.11928492531847908,0,1074,0
0A766EC1-AA11-4B41-841B-B550585BD4FA,12761,15,64.92857142857143,0,0.0,0,0.0,-1,94,301.0,123.47274396122945,353.9307,0.0,40.69333178235417,0.14301387038633337,166.2109,-68.85744506771094,0.06857899407214949,0,1074,0
AF6F4292-7FD7-4D2E-8B50-818B9A886964,9367,7,149.0,3,0.11689975445713675,72,2.805594106971282,372,106,251.0,70.8170022346436,212.4987,0.0,22.144556701725655,0.0,102.14826,-4.65138504490595,0.13664989075788844,0,1074,0
AD25229F-6579-44E2-BF43-AC29981611E0,2913,4,169.33333333333334,2,0.25060075523515274,204,25.561277033985583,846,491,831.0,169.5196865555394,609.7018,-13.30965,31.736216765932788,0.0,207.02839999999998,5.574962136590216,0.36807105163345216,0,1074,0
C1EC1AEA-C136-48C4-93D2-98466AFE7BC7,3277,3,172.0,3,0.33414708574916085,36,4.00976502898993,474,654,472.0,94.19948935028584,353.5162,-0.0778222,47.692939158855594,0.0,159.7545,4.274122589528957,-0.2479829825996927,0,1074,0
F0BE2E77-EABB-44C4-9A60-79EDF3CD87B7,12761,4,142.0,3,0.08580832223180003,199,5.6919520413760685,479,570,251.0,83.9717948405602,179.1,0.0,37.13602025443996,0.0,126.2,-0.16529146093057534,-0.05499823753055145,0,1074,0
50CFD97F-A9A9-448D-BFDE-393B797DF7C3,12761,5,177.75,6,0.17161664446360006,233,6.664446360003135,369,282,266.0,122.73530035733938,248.4488,0.0,29.070378045627038,0.0,151.38566,9.059162899605042,0.5285334033881733,0,1074,0
78151CF6-B676-4D65-A75E-25D3A6BC8D2B,12761,4,153.66666666666666,4,0.11441109630906669,121,3.4609356633492676,68,533,160.0,61.62377674542076,136.6894,0.0,14.059656044073261,0.0,79.5,1.1405751064310863,-0.08064987447016266,0,1074,0
D8DDFCFE-66F5-44DA-9087-612B676696F1,12761,4,130.33333333333334,2,0.057205548154533346,170,4.862471593135335,846,599,269.0,94.93125902821032,186.72,0.0,26.887962185293546,0.0,125.52,2.105634126882279,0.14775323107267985,0,1074,0
56C72817-7EEB-4404-A234-6C6D0755A29D,6247,4,307.0,0,0.0,0,0.0,-1,65,145.0,44.70556514402999,239.5976,0.0,22.498922902314987,0.2921402273091084,74.0,-10.844916995881839,0.20292354337295856,0,1074,0
5779EC43-21C7-4667-BC05-73CC8E6FED7A,2458,2,794.0,2,0.2969894222945484,99,14.700976403580146,108,187,250.0,50.88887854701418,135.0,-4.577637,15.241305615827768,0.0,70.0,-3.579619287754923,0.07837627416274927,0,1074,0
0418827B-4B88-4512-9481-DB3A730A5550,12761,5,136.0,1,0.028602774077266673,85,2.4312357965676674,970,435,266.0,106.21117707433616,927.1177,0.0,35.52021104350105,0.14301387038633337,140.3,9.353568296034211,0.1750493716644359,0,1074,0
84793B37-3551-41B0-B566-499DDB1E68FE,7358,2,66.0,1,0.049605871160641475,6,0.29763522696384886,166,978,678.0,70.548254100112,163.0,0.0,14.428680479806966,0.0,90.0,11.09132923322133,0.04099231500909078,0,1074,0
F880248A-50DD-45A4-AC83-91D3571C3492,12761,4,84.33333333333333,6,0.17161664446360006,79334,2269.1724786458744,579,719,99999.0,11.231847910586154,109.5947,0.0,14.593416999812288,0.0,30.63965,-11.231847910586154,0.0,0,1074,0
80C35AF4-575C-4DF8-85E1-1CFE30E08EE3,7357,3,16.5,6,0.2976756830229713,244,12.105477776267499,53,968,126.0,43.31644633336355,111.0351,0.0,17.836727284871678,0.0,67.3828,1.749353553441999,-0.049124322616405786,0,1074,0
87192324-493C-4DB8-9CA3-A519F745E6ED,12761,13,55.916666666666664,2,0.057205548154533346,190,5.434527074680668,815,289,264.0,105.52287983276462,232.1,0.0,40.488840491189016,0.0,156.3,14.185335020630447,0.22791888374068564,0,1074,0
3E2ECBE0-F314-49FB-B271-F42762483208,6440,5,117.0,2,0.11335403726708075,74264,4209.062111801242,51,599,739.0,177.43994911651637,408.3658,0.0,69.23187915275199,0.0,264.0537,-14.778345756176861,0.6978827096376803,0,1074,0
3D9B1E81-7F71-4E0D-BBE5-F1D7A487CD05,1044,6,16.8,6,2.0977011494252875,729,254.87068965517244,830,877,416.0,40.40437256622531,100.8622,-1.989993,10.756059816203319,0.0,50.30691399999999,10.297783061089511,0.07726326028300251,0,1074,0
7E47271A-9402-41EB-AB36-67F25E9ADADF,1352,4,151.33333333333334,4,1.0798816568047338,158,42.655325443786985,77,496,452.0,122.02976994910877,411.0,0.0,39.34563133573021,0.0,173.0,14.519553301662839,-0.05659657774921763,0,1074,0
0DB51A8A-4907-4EAA-9E2E-1EA4B14D04FB,1198,11,89.0,7,2.132721202003339,859,261.7153589315526,450,106,151.0,48.721780562749686,225.4,0.0,18.93887552530833,0.6093489148580968,72.6,3.1536824043799427,0.031559131615308926,0,1074,0
0D0B09B9-5288-48F2-8CC9-56475F27ABF0,2353,2,116.0,1,0.1551211219719507,35,5.429239269018274,824,938,678.0,110.59339898552385,329.0127,0.0,60.23537105975822,0.0,195.99105999999998,50.20509793191441,-0.2138338436634204,0,1074,0
6B14C01A-EAA3-49A8-9309-76CD84D81B27,2201,2,1.0,2,0.33166742389822806,213,35.32258064516129,128,936,602.0,122.9968924750497,322.0629,0.0,46.415782342251724,0.0,180.55363999999997,14.891313355197198,-0.473858657995196,0,1074,0
7D79BF7B-842E-4995-BE09-FD1FD3655FB3,956,6,164.6,1,0.38179916317991636,49,18.7081589958159,310,107,603.0,107.96519799260086,305.4399,0.0,49.44073809195974,0.0,165.2299,-1.96966273851136,-0.19675679136958715,0,978,0
9C5EBED9-6596-468C-AF05-09865B4D5E6E,2457,3,105.5,1,0.14855514855514856,456,67.74114774114774,846,722,301.0,30.843191176639237,176.1974,0.0,21.17940601229922,0.0,61.38060399999999,7.029305801601502,-0.025148325569266966,0,1074,0
DF69803E-1C67-4624-ADAB-3F63B21E25AC,12761,6,168.2,0,0.0,0,0.0,-1,89,800.0,271.92369625482144,616.2964,0.0,69.93872515502187,0.0,362.146,11.547927240548916,0.08941275159114782,0,1074,1
78761FDA-39E5-4EA9-A4D9-7FDC815F320C,5187,5,92.25,0,0.0,0,0.0,-1,579,400.0,92.41973098959514,273.0,-105.7181,47.68387811295281,0.0,158.0,-17.36247790317539,0.6154891093092885,0,1074,0
DDB78145-F203-4785-B820-79E009E09EB1,12761,2,1.0,1,0.028602774077266673,81,2.3168247002586004,52,929,489.0,107.64373539142878,225.0,-21.6,28.506694655119304,0.0,145.0,-2.022824897601623,0.01373997932976983,0,1074,0
7F340B6C-D32A-4F8B-90CD-C862EEA99414,1011,2,0.0,0,0.0,0,0.0,-1,919,1454.0,266.81454504153527,614.7714,0.0,112.51129829448728,0.0,402.34072,-57.03036893837168,-1.0477104536077486,0,1074,0
3B353B6F-8AC4-452E-9DC5-A5FBCC9DCFED,4164,4,27.666666666666668,0,0.0,0,0.0,-1,830,452.0,139.46203124696498,360.0,0.0,50.784482468366065,0.0,202.0,-32.657092975360044,0.08772002030419328,0,1074,0
EC3B46F5-6D6B-45FC-A05A-70A2224997C2,4164,4,25.666666666666668,0,0.0,0,0.0,-1,836,452.0,140.64419949885075,363.0,0.0,51.14220163559685,0.0,204.0,-33.021745795147055,0.08696689806230345,0,1074,0
95A3ABCE-D88C-4314-A9E9-B8513A60052C,12761,4,296.0,3,0.08580832223180003,177,5.062691011676201,477,71,120.0,43.84197562918023,115.0,0.0,15.165820915509967,0.0,64.0,-17.962577481032085,0.08260021813390457,0,1074,0
089F8EF0-AC2D-4868-B833-05A867DBEF61,12761,12,69.27272727272727,3,0.08580832223180003,869,24.85581067314474,475,284,706.0,283.42477453717447,800.0214,0.0,85.6242233157695,0.08580832223180003,352.075,-13.017680370507833,0.2301160920641519,7,1074,0
38E168C4-670A-4DE6-BE88-9E9A6C7679F7,6754,10,85.88888888888889,4,0.21616819662422268,71,3.8369854900799525,468,188,188.0,41.67098661082443,106.7106,0.0,20.796193687141812,0.0,70.1442,-1.8772459454694896,0.12768024250389937,0,1074,0
0E5946F9-90B0-4BC0-9696-BA28B2584FDD,7366,3,0.5,0,0.0,0,0.0,-1,893,2144.0,301.97477328403926,1136.965,0.0,162.43612678336532,0.0,523.184,-65.61116278326764,0.18260942445947206,0,1074,0
20EC2CBC-C6A7-403B-ADC6-1A560025E4E4,12761,4,205.66666666666666,2,0.057205548154533346,120,3.432332889272001,581,273,452.0,138.16387926706574,349.4885,0.0,68.89138118084243,0.0,209.3008,21.226850028458927,0.12563064085457495,0,1074,0
783B3D90-1BE7-4FFC-B3A8-DDA22416F1C5,4862,3,69.5,0,0.0,0,0.0,-1,890,251.0,51.21899000425207,121.6339,-48.79591,17.60282863426816,0.0,72.45199,-8.462859198372442,0.10182617124089133,0,1074,0
BF613F99-2DCD-4D53-813D-35CBDD081C47,4378,4,277.3333333333333,0,0.0,0,0.0,-1,55,451.0,88.23488659467002,240.0,0.0,19.456787480541532,0.0,114.0,7.322366491749733,-0.07775765640943712,0,1074,0
327067B8-5F05-47D8-B046-55DD26FB513A,12761,5,191.5,1,0.028602774077266673,152,4.347621659744535,617,117,412.0,89.67366721270079,317.3,-9.3,39.70059048172903,0.0,137.78399999999993,11.3672641144597,0.15585932476794254,0,1074,0
E1B23343-11EE-4D06-B68E-1C6E37035CB4,4687,7,69.5,0,0.0,0,0.0,-1,463,628.0,150.18191200504486,308.1528,-144.9404,30.205370352095372,0.0,188.08529999999996,-19.509538687143646,0.5404533073469393,0,1074,0
C97B79D4-FD5E-452D-83B2-30FAA1368686,12761,7,69.83333333333333,1,0.028602774077266673,162,4.633649400517201,846,460,693.0,225.5933763685925,362.8,-25.1,27.133282030479428,0.0,256.5,-12.389487479703604,0.12773673475901018,0,1074,0
B603BEBA-4D07-4357-90B6-856CED27A507,12761,1,0.0,1,0.028602774077266673,42,1.2013165112452002,616,878,450.0,148.0182610215802,335.33,0.0,54.77777673817038,0.0,214.41,-38.734848212938246,-0.2760717538288923,0,1074,1
B5C30833-D82F-4AFF-ABA3-B71921FC635D,12761,8,77.42857142857143,3,0.08580832223180003,34,0.9724943186270669,348,331,683.0,118.74613640925367,459.55,0.0,69.70555888953693,0.0,204.47,55.00573010309202,0.7553469146852639,0,1074,0
FE5E6CA4-8A0C-4EF9-8E1C-50B67AD61764,4040,1,0.0,2,0.1806930693069307,504,45.53465346534654,253,874,138.0,13.173977124838942,82.0,0.0,3.605624085312214,0.0,17.5,1.4493832146672307,-0.00513645088787075,0,1074,0
101E536C-C816-4B20-9C6A-6C97C7CBD9F1,7565,3,377.0,3,0.14474553866490417,80,3.859881031064111,74,118,208.0,43.80539116424404,213.0,0.0,18.588663588320113,0.048248512888301384,68.0,-4.630800502901451,0.3395165874744825,0,1074,0
CD1ECB28-EEF7-4014-B417-A5A5D5041015,3585,2,768.0,3,0.3054393305439331,381,38.7907949790795,249,94,452.0,205.36708452975583,360.6054,-9.461337,43.23829023801834,0.0,260.4022,13.445844905429396,0.21850462307169027,0,1074,0
0103621A-B5FB-4EAF-B661-5933B9E2990B,12761,13,68.5,3,0.08580832223180003,939,26.858004858553407,48,37,800.0,349.9440692181136,790.2831,-16.18726,94.78385808053315,0.0,462.3413,22.385487718614797,-0.11384282520627927,0,1074,0
19BC1D55-5791-4C12-B27E-D8D1D52D5867,928,1,0.0,0,0.0,0,0.0,-1,861,602.0,101.9328307967523,297.9818,-4.394419,57.56936451970645,0.0,171.66648,30.281858897692146,-0.6964540643687579,0,1074,0
4A7D9253-FDDD-405A-B7B0-ACECFA3C0672,12761,8,107.71428571428571,2,0.057205548154533346,68,1.9449886372541338,300,97,800.0,328.49826288218617,685.1807,-0.7576736,93.13385032186031,0.0,435.9741,37.97473748046821,0.00028519637162823826,0,1074,0
510E2E04-AAB2-41AA-BAC8-1BFCCA3C09DF,12761,15,67.78571428571429,4,0.11441109630906669,201,5.7491575895306015,326,15,264.0,100.06769844950047,244.6,0.0,40.28156774408934,0.0,149.76,15.026896089851377,0.19728586131050754,0,1074,0
91DD3FA9-4DBB-436F-895C-F1C6C1DBDAD9,12761,6,108.0,2,0.057205548154533346,284,8.123187837943735,269,303,1370.0,245.45766882555182,851.17,0.0,143.7652980754231,0.0,447.47,-189.05825370209504,-2.357001503386476,0,1074,0
4E1662A1-23AE-4383-BA23-9721548AB53D,3816,4,9.0,0,0.0,0,0.0,-1,816,887.0,256.05794361793846,737.0,0.0,68.94022766132845,0.0,344.0,59.01335267835782,-0.3608009447900207,0,1074,0
39D80A8A-0BD1-44F7-BB17-EBA6C2EF8815,12761,3,172.5,2,0.057205548154533346,21617,618.3061672282737,98,524,455.0,105.06787519731687,343.9453,0.0,59.36101937079465,0.0,186.0352,-22.564324430341557,0.46158333706830396,0,1074,0
EB2E1E6A-7867-4982-9FB9-70632A10CDB9,5911,4,189.66666666666666,1,0.061749281001522584,46,2.8404669260700386,847,267,452.0,57.74382327442243,237.6709,-45.50362,33.248415687526794,0.0,101.0376,-8.683951133883852,0.2052631626808357,0,1074,0
1C285E62-A053-48E3-9F57-B8FB2791E2DC,1297,5,171.0,3,0.8442559753276793,725,204.0285273708558,459,151,452.0,102.98369859051972,391.1461,-17.72805,28.023103986937635,0.0,143.284,15.02305388787535,0.07335878085761144,0,1074,0
7A2E33FB-CCD9-484B-A45A-D606B7718AA8,12761,1,0.0,2,0.057205548154533346,8,0.22882219261813339,167,834,151.0,52.75734830589134,288.0,0.0,14.576039423822966,0.057205548154533346,70.0,1.5715097188000158,0.0061611401498504826,0,1074,0
B162CAC1-5ECC-41A5-82DA-750E8A7DFE7B,6679,3,47.5,1,0.054648899535858664,169,9.235664021560114,846,734,271.0,128.2070031234339,223.5446,-3.0,21.049433336263352,0.0,153.77169999999998,-16.6772591041438,0.5084020407485444,0,1074,0
4B563A1D-CE3A-4E0C-BB18-464300998D19,12761,5,228.25,0,0.0,0,0.0,-1,55,452.0,118.05120548955303,259.7622,0.0,36.301162283743615,0.0,162.8973,-33.233630397346246,0.21557638986430303,0,1074,0
3AA438F5-B9FA-4DB5-ABE5-0FCDF077797C,12761,7,137.0,2,0.057205548154533346,46,1.315727607554267,670,1,489.0,163.64854783317256,339.0,0.0,56.71697226043546,0.0,236.0,-6.566294746752817,0.10110656093787615,0,1074,0
DB5A98A6-9ECB-42CB-9D8D-32C1F7C7D8A8,7045,3,187.0,1,0.0518097941802697,11,0.5699077359829667,987,448,377.0,118.76188838392763,384.2925,0.0,20.804022374398752,0.0518097941802697,147.27993999999998,9.002646679343982,0.2757099419143001,0,1074,0
30B9750D-9A0B-4170-A5BF-C90D2A092FE6,6621,6,192.8,1,0.05512762422594775,158,8.710164627699744,846,92,152.0,28.287250673399942,121.8745,0.0,13.75849600456499,0.0,47.50876,5.948026083544502,0.10784425965651279,0,1074,0
5F2943CA-E070-4A84-AE21-4DF654FBACE4,3333,2,13.0,1,0.10951095109510951,53,5.804080408040805,149,1051,301.0,99.02880066202644,222.0672,0.0,26.039275368333076,0.0,130.16352,-10.651716037489422,0.2779090189074981,0,1074,1
BA499951-FC9B-497B-A257-37CB581DB410,12761,4,225.0,0,0.0,0,0.0,-1,371,988.0,188.02010799821295,494.08,0.0,61.3893222393958,0.0,268.01,59.53876468697226,0.4985345167211003,0,1074,0
A0146C0A-219D-4E78-9BC2-9B62DC02D44F,12761,2,6.0,1,0.028602774077266673,5,0.14301387038633337,626,1031,309.0,61.7171166090633,165.7471,0.0,20.926130510711577,0.0,91.04004,-0.642481896871935,0.0434850180240012,0,1074,0
C58977FC-E817-45E6-A8A8-F3AF3EC2D644,12761,3,498.0,1,0.028602774077266673,79,2.2596191521040674,203,34,489.0,122.74424799186775,280.0,0.0,36.12712338049356,0.0,169.0,-0.7417788560652809,0.004932593415621968,0,1074,0
81149ADE-1FBF-4DEA-B7BD-33428148236F,5684,5,248.0,0,0.0,0,0.0,-1,36,145.0,44.42118212396486,595.0482,0.0,22.607133145853773,0.32107670654468684,73.0,-10.712462988162393,0.18989467149576988,0,1074,1
3A89B0FC-9977-4FF6-A6B2-91AE0D168FD1,12761,6,153.2,5,0.14301387038633337,89,2.545646892876734,255,262,188.0,22.92137973350081,83.0,-144.4463,9.526528960935947,0.0,34.0,-0.6452223260934034,0.054638489891279333,0,1074,0
D6F046AA-8A21-41ED-92BD-CE6AFBBDC257,12761,5,125.0,6,0.17161664446360006,45,1.2871248334770005,471,528,472.0,134.30128319834634,799.0488,0.0,40.28872130044613,0.028602774077266673,176.4221,5.538039354122816,0.16445426062533183,0,1074,0
A96BEA97-ED58-4E41-A8CA-51A4EF1D2650,12761,7,147.5,2,0.057205548154533346,495,14.158373168247003,183,167,432.0,113.54589898152764,207.31,0.0,23.589330311553717,0.0,142.79,-8.28297228399677,0.11103234910107411,0,1074,0
0959DAA1-AD8D-4913-9DBB-B8276F0346CB,6222,11,96.0,7,0.4106396657023465,440,25.81163612986178,285,50,259.0,112.61213699470369,331.374,0.0,34.73189421820325,0.2933140469302475,154.4662,13.765095878598771,-0.19732652330147746,0,1074,0
E08256B1-31CF-4C4F-8B11-25AB5404E475,3277,3,73.0,2,0.2227647238327739,81,9.021971315227344,424,866,472.0,93.96914993872332,570.307,-9.3125,47.8103235101006,0.4455294476655478,159.7545,4.342139754795198,-0.2523623117946566,0,1074,0
3CF93F4B-5D55-4CE2-BC88-3C72DE853BE3,12761,2,117.0,1,0.028602774077266673,26,0.7436721260089335,980,896,527.0,182.50515999462598,308.9905,0.0,39.81663782984649,0.0,239.9902,20.57969926463329,-0.5264414570936833,0,1074,0
4F299892-5A7B-46C9-9776-EF49E2EC385B,4620,2,1.0,0,0.0,0,0.0,-1,1004,250.0,19.005917887689627,373.0,0.0,17.864526913062072,0.158008658008658,45.0,-9.12026973954148,0.24823846565419705,0,1074,0
03305618-8601-4B76-8E80-AD1AE27609A4,2600,4,192.0,1,0.14038461538461539,125,17.548076923076923,463,421,803.0,244.70555033571384,949.585,-24.46836,57.52904554062026,0.28076923076923077,310.3638,-9.815748892812593,0.02425696318796351,0,1074,1
32BA210A-70F5-4937-B0AD-C2E9FDA1C70D,12761,6,196.0,3,0.08580832223180003,17,0.48624715931353346,506,15,479.0,117.88172869475355,301.8219,0.0,41.77903926124111,0.0,168.97994,-31.792685000648618,1.2043073012704775,0,1074,0
2877D2BE-ADF5-4E02-B930-7FEAE4EAC2E3,10470,6,167.6,2,0.06972301814708692,508,17.709646609360078,593,156,479.0,56.47978087513516,222.0,-5.15977,28.18974833899416,0.0,96.0,-7.981555566493185,0.08011694402139426,0,1074,0
F4B22715-8AD5-43E3-9B1D-CEB6AA6B186B,1194,4,300.0,0,0.0,0,0.0,-1,86,603.0,124.36894000395606,490.9829,0.0,65.02201522509984,0.0,188.7634,-19.97529530534493,-0.16470933429560963,0,1074,0
E4731289-4021-456C-B1C0-35471BE3887E,2234,4,40.333333333333336,2,0.3267681289167413,452,73.84959713518353,845,862,301.0,53.00143411452369,200.7087,-222.5,17.222177132535343,0.0,77.97155799999999,-11.744668296931096,0.035481480267530834,0,1074,0
FE508FA3-95CA-46C7-8F8F-C489B7E9A41B,3596,2,1.0,3,0.30450500556173526,329,33.3940489432703,703,978,301.0,84.70578436478533,266.1736,0.0,44.09590880674039,0.0,144.25343999999998,29.228229405276394,-0.3893503074279985,0,1074,0
458C9317-2ED9-4E0D-A157-FEEB84349913,9466,11,92.6,4,0.1542362138178745,1011,38.98320304246778,299,41,739.0,92.40561699214616,377.7464,0.0,63.342838784067155,0.0,184.40232,-25.389295777948632,0.8731186670995922,0,1074,0
8066BFEF-9678-40A1-8F55-0CDD267C2FEC,12761,5,44.75,1,0.028602774077266673,282,8.065982289789202,846,787,107.0,43.46879968249821,99.2,-2.117635,9.44709845815381,0.0,55.4,5.590829947131425,0.06775548421611492,0,1074,0
45B4C5AF-AD77-4D6E-A306-29B600B035B0,6555,2,32.0,0,0.0,0,0.0,-1,934,251.0,61.79872226734716,124.5935,0.0,21.983379878071656,0.0,88.755766,6.857574882035564,0.12422009574632689,0,1074,0
F1CEC826-C74D-4DF2-8C04-3FC8C9379645,12761,3,265.0,0,0.0,0,0.0,-1,435,678.0,49.57045710826368,539.6312,0.0,27.45674262451411,0.0,85.0,-4.089438589745164,0.23843958787775568,0,1074,0
48C35BFD-4DA0-43C5-92DE-4AEC3E5D6D0A,12761,2,231.0,0,0.0,0,0.0,-1,735,151.0,32.538926622077476,150.0,0.0,11.945645268221545,0.0,49.0,-2.861303165287353,0.24950576888777432,0,1074,0
3BB36FED-8F33-4EB6-A9E1-EEC15C9BE2E4,5580,3,190.0,1,0.06541218637992831,45,2.943548387096774,38,582,266.0,99.75326592111726,1322.0,0.0,40.25387363792715,0.3924731182795699,147.38194,9.85666386954631,0.16769935077383105,0,1074,0
59714C45-7F19-4ADF-AB64-383589441535,3967,1,0.0,0,0.0,0,0.0,-1,962,887.0,151.93461212906047,545.627,0.0,84.08312710588407,0.0,264.0042,31.8553256756463,-0.7366898870111227,0,1074,0
D3BA5D04-B303-4EC7-BAC7-84B8E1F6765C,100,11,94.3,2,7.300000000000001,226,824.9000000000001,846,88,346.0,59.64626921005911,479.1862,-0.001,46.529484485647146,3.6500000000000004,126.7,-21.107716319549844,1.0357107349714607,0,1074,0
FEB0DC7B-70AE-4770-A41D-63203CDEC0D7,4586,4,95.0,2,0.15918011338857393,16,1.2734409071085915,948,775,753.0,191.0348443712898,568.3344,-30.0859,74.0388018242146,0.0,263.3458,20.03546894506823,-0.1957044156345135,0,1074,0
385D0432-7208-4080-8224-C6B79E54406D,4850,6,182.4,1,0.07525773195876288,290,21.824742268041234,957,44,206.0,41.136703489609985,219.1518,0.0,19.468498367746207,0.37628865979381443,67.13995399999999,-9.841015478113071,0.2773672175902312,0,1074,0
B9E051C8-32D0-4223-A2D5-FA7E228CE28A,12761,12,77.18181818181819,2,0.057205548154533346,262,7.493926808243868,506,92,256.0,122.11057415572984,230.2,0.0,33.563484828844565,0.0,166.0,-7.81736427918662,0.07413077974865175,0,1074,0
08F51991-D070-4C61-972E-E73585D7A7C8,12761,6,179.0,4,0.11441109630906669,436,12.47080949768827,37,45,301.0,114.44911152893873,223.91,0.0,38.30725162112862,0.0,154.36,-1.6511948622720638,-0.0099198632205335,0,1074,0
CBDE2D9A-4FBA-476B-8A6F-3BD26AC07A7D,12761,4,336.3333333333333,2,0.057205548154533346,126,3.603949533735601,431,43,78.0,12.154946126996965,294.0802,0.0,2.744866562082839,0.14301387038633337,15.033225999999999,1.939269532979889,-0.002965350719301272,0,1074,0
67013822-50EA-4C0C-A499-E18A86BF8D0A,1258,2,920.0,5,1.4507154213036566,229,66.44276629570747,37,18,99.0,9.919081592144877,143.6828,0.0,6.6986260865911245,1.4507154213036566,22.353,-1.527936137661852,0.19992586612344165,0,1074,0
CEA0063D-D90E-4C37-A135-A4E0ABFEC701,12250,4,206.0,8,0.2383673469387755,367,10.935102040816327,273,314,148.0,54.16365462637021,123.6762,0.0,17.105571844749612,0.0,75.68355,3.461134909895229,-0.06934518005143624,0,1074,0
BCB99DFB-301D-47A7-BAE5-4346EE59A479,5188,3,460.5,1,0.07035466461063994,3,0.21106399383191982,52,10,400.0,134.04110062234295,4310.928,-5.565529,31.314892706301794,0.07035466461063994,170.87522,-6.05573336154049,0.2348810291289984,0,1074,0
9E00283D-2CBB-4BEF-9B06-1E66D4686550,12761,4,139.33333333333334,3,0.08580832223180003,61,1.744769218713267,8,505,259.0,92.80764728464135,584.0,0.0,39.21638446546806,0.14301387038633337,141.7,-10.54810252877715,0.12407401115585366,0,1074,0
E019CCCA-A54F-4A7E-821E-C3590B3DA268,12761,14,63.84615384615385,1,0.028602774077266673,15,0.42904161115900014,1008,82,887.0,94.08150621248714,455.0,0.0,64.3442159681372,0.0,179.0,38.26316971343877,-1.1530499307186513,0,1074,0
71A4FDF8-3D80-481F-AFF5-B7489AA6400B,5216,5,183.75,0,0.0,0,0.0,-1,183,256.0,104.44360029909939,243.4782,-16.89596,43.07730664658817,0.0,159.05858,6.103251201672222,-0.2923851127901045,0,1074,0
DD28E303-2043-4765-9DBC-00AB4836A5FF,7157,3,59.5,2,0.1019980438731312,114,5.813888500768479,416,795,271.0,69.68213943945173,128.7,0.0,19.082547405135212,0.0,93.4,-0.8407891308097533,0.08938862479586544,0,1074,0
C3066597-CB16-4B8F-BBAB-4EF7BDCFF6FC,5290,8,125.42857142857143,5,0.3449905482041588,2133,147.17296786389414,380,35,489.0,73.36141117017488,348.0,0.0,42.6215306375301,0.0,127.0,2.785039447109071,-0.6316263324691189,0,1074,1
4A139140-8535-4803-9239-67A5E2757A68,4778,5,110.25,2,0.1527835914608623,240,18.334030975303474,145,492,232.0,71.84868731949472,198.6288,-8.400001,27.165302007925803,0.0,108.56299999999999,-7.020145069726198,0.3426148379813777,0,1074,0
0BF3CDD0-DF96-496B-9134-F2849E801EBF,5457,7,71.0,2,0.13377313542239325,430,28.76122411581455,17,478,284.0,121.0322670839835,250.3086,0.0,31.304111449994735,0.0,158.1,-11.610166287687193,-0.8373313081806172,0,1074,0
81E7573E-370D-41FF-94AD-2CF63FD8095E,3375,3,69.0,0,0.0,0,0.0,-1,766,450.0,108.27794633172545,192.98,0.0,22.34362727352547,0.0,139.05,5.153489625064665,-0.17053294016648618,0,1074,0
B67A6759-A83E-488C-8696-4C5E87CD94E1,2053,4,163.33333333333334,3,0.53336580613736,564,100.27277155382367,2,400,1039.0,52.02498457461523,417.5107,0.0,35.44153314782987,0.0,107.51677999999998,12.770685068231984,-0.29576420736618214,0,1074,0
702BC098-B23F-4DB2-8277-D6F642CA8B28,12761,4,166.33333333333334,4,0.11441109630906669,407,11.641329049447537,151,465,314.0,34.572377039405104,109.9,-57.49477,17.070675100270254,0.0,58.2,-11.269452656689054,0.1430463808974877,0,1074,0
AE54E534-A74D-46DC-8F22-8C0F7C94B5F6,3365,4,269.3333333333333,1,0.10846953937592867,360,39.04903417533432,846,162,301.0,67.0686073863908,264.1913,0.0,43.31098967358942,0.0,136.13647999999998,9.464150622328347,0.11282813361330535,0,1074,0
D929BBFD-057B-4A77-B3AE-032C4BCE5DCA,12761,6,135.0,0,0.0,0,0.0,-1,197,452.0,168.9438271717806,339.0,-214.6522,54.88714098715349,0.0,234.0,-18.13618828289171,-0.06394153599224325,0,1074,0
582A4AA7-2C97-4452-8B75-B9B6B7DD2790,12761,12,58.18181818181818,1,0.028602774077266673,71,2.030796959485934,585,258,251.0,105.72951543702371,241.0,-127.6779,47.95276397224298,0.0,166.5,22.69499845186519,0.1700135990724732,0,1074,0
52732ACA-3F3D-41EB-A1C3-5E7DB087D478,12761,7,103.83333333333333,0,0.0,0,0.0,-1,243,203.0,46.135068988067104,115.0,0.0,21.597610438328527,0.0,76.0,-2.9801307164621633,0.13949767460999932,0,1074,0
30A963E2-56DC-4C6F-85FE-19F9FD54A91D,3601,5,171.0,0,0.0,0,0.0,-1,173,452.0,41.378030628960104,185.661,-10.81999,30.460595736173612,0.0,83.43465599999999,8.43274003639484,-0.044452768724640095,0,1074,0
68EEE1C6-80EB-449A-855A-A3EB182BEC07,2405,5,201.25,15,2.2765072765072762,740,112.3076923076923,114,260,452.0,116.54052584781186,430.0,0.0,41.675011971661334,0.0,175.0,-11.580493595497046,-0.40172127806085306,0,1074,0
FCEE839F-3F98-48A6-98A7-8D6BB1B743CA,12761,7,84.83333333333333,1,0.028602774077266673,187,5.348718752448868,846,443,269.0,67.52577260030947,533.8332,0.0,23.62018791908896,0.17161664446360006,90.0,13.393350667437431,0.24791218714638003,0,1074,0
3332C3FD-EFD6-4F55-B9DF-F37C156D5C58,12761,5,84.0,1,0.028602774077266673,404,11.555520727215736,880,551,753.0,163.67612346311682,415.7583,-40.73291,84.04068670237051,0.0,248.9596,34.18713642885848,-0.17546927542857688,0,1074,0
DEDF2C8D-203D-46B8-AA25-2DC6F0A3ED75,5231,2,1.0,0,0.0,0,0.0,-1,836,490.0,104.43363225209295,295.363,0.0,42.35956895633066,0.0,161.79413999999997,-9.005532823312095,0.37696486877230395,0,1074,0
F88C8391-493F-46C4-ACA6-90849D55A536,12761,1,0.0,3,0.08580832223180003,2325,66.50144972964502,601,1066,339.0,77.05507471093644,179.3701,-30.61992,20.160913004092418,0.0,103.5278,-0.02960053192408907,0.047933967031751866,0,1074,0
703A4E81-90DE-4C1A-A628-96004C4CDBC5,3375,4,165.33333333333334,1,0.10814814814814815,266,28.767407407407408,846,561,301.0,81.68629562244652,127.6,0.0,10.92210555063744,0.0,95.8,1.116080920763352,0.13218523777504995,0,1074,0
134082F5-20EE-4BF6-BF65-99DD9D94FF79,4841,3,175.0,1,0.07539764511464574,16,1.2063623218343318,120,694,377.0,105.30602422240835,233.6672,0.0,39.62810629820664,0.0,148.01018,-11.668541125494784,0.19643730660772848,0,1074,0
891C53D5-3FCA-44CD-AA86-AB4177A748C4,2442,4,339.6666666666667,8,1.1957411957411956,177,26.455773955773953,67,23,159.0,26.458209962049093,72.52126,0.0,9.823552680224921,0.0,39.75252,1.966340867525755,0.05561213773250535,0,1074,0
5F9C4547-A81F-43B4-83D1-13C75F9A5B82,1092,2,573.0,2,0.6684981684981685,10029,3352.184065934066,437,469,301.0,72.44347480022273,170.9804,0.0,21.82539544198426,0.0,100.86265999999999,1.5120951233883773,0.22816823175065845,0,1074,0
596E0C13-45F2-4528-82B0-67DE8C99E9D5,9720,2,796.0,3,0.11265432098765432,309,11.603395061728396,177,233,271.0,50.09566521902013,234.7766,-82.45698,15.660222407094862,0.0,76.25391,-3.3222652190201316,-4.663708555906961e-14,0,1074,0
AFFD3861-8CE7-4386-B3CA-B427D9CB71FD,8473,4,326.6666666666667,0,0.0,0,0.0,-1,46,251.0,71.27432836228479,122.0282,0.0,13.251297699232623,0.0,89.08889199999999,-6.039789733426758,0.09434331934492167,0,1074,0
7D4391B2-5728-488A-9F43-F11A6A98C583,2701,3,422.0,0,0.0,0,0.0,-1,180,452.0,66.5521167623845,319.56,-266.6347,37.52838995526455,0.0,119.14,-13.301605959915356,-0.17762208868956386,0,1074,0
ECF72A82-D21D-4399-8DA5-9C3CF153E3C1,1104,2,937.0,9,2.9755434782608696,765330,253030.2989130435,150,71,451.0,36.96324701299475,540.1393,0.0,40.767208628914055,1.6530797101449275,99.90067,30.92958407111019,0.03786266337230084,0,1074,0
CCB80281-C883-469C-AD11-C4D27D11A485,12761,6,174.2,0,0.0,0,0.0,-1,129,1083.0,269.35191370003304,2000.527,-98.87186,123.59470084469179,0.11441109630906669,422.3328,-9.442203848258373,2.7103567642625457,0,1074,0
A72CBAE4-05E9-4164-B9DA-AA5FF0A39B10,8309,2,35.0,0,0.0,0,0.0,-1,1001,825.0,299.60560662712777,2176.88,0.0,113.75359750655333,0.17571308220002407,452.7989,103.36493436052655,-1.2889631605186609,0,1074,0
D26CB470-C959-4C4A-82B4-09BA54EE72E6,12761,8,104.28571428571429,4,0.11441109630906669,254,7.265104615625735,412,274,266.0,148.31133528006373,235.5,-26.8,22.46479695131178,0.0,175.3,2.5909023742572685,0.21148624887375528,0,1074,0
3E4F934A-22F9-4600-8BB4-8AA3E9C087FB,12761,6,178.2,3,0.08580832223180003,17,0.48624715931353346,347,104,489.0,56.0022142865449,251.0,-5.003362,24.21337831396877,0.0,89.0,-0.7331556445695924,0.12824028343686322,0,1074,0
02BA5F51-59B4-4241-A510-5A266306282B,12761,3,305.0,5,0.14301387038633337,571,16.33218399811927,700,383,104.0,15.4549384828064,62.5,-125.2329,7.144365984562664,0.0,24.4751,2.4286612350176764,0.011883308007773227,0,1074,0
85FB3038-427D-4E5A-9C5C-56E9B64A6AC4,2001,2,335.0,1,0.18240879560219891,87,15.869565217391305,564,652,1662.0,329.12484191496117,727.0,0.0,122.3434208469499,0.0,476.0,-28.923607347059942,-0.2083430510399752,0,1074,0
A0FE2471-47AB-42E3-A823-0B978173C4D6,3046,5,200.75,2,0.2396585686145765,615,73.69500984898227,61,231,451.0,71.32752755071189,226.9861,0.0,60.6909785020945,0.0,182.85727999999997,-34.74927997625201,-0.20018750298389407,0,1074,0
E84D8F35-5DED-432C-872B-BB6B793DA00D,7988,2,12.0,1,0.0456935403104657,87,3.9753380070105155,329,971,693.0,141.59705191161433,395.52,0.0,56.013381990619074,0.0,222.288,36.0408925328301,-0.1305533550097132,0,1074,0
3D628AD5-874B-4E64-A57D-D1C6EDB91862,12761,6,189.6,2,0.057205548154533346,21,0.6006582556226001,411,33,377.0,128.54080135422376,309.1003,0.0,33.48242443973745,0.0,172.3206,-7.609498066029303,0.03864228018176651,0,1074,0
F1B45926-7AE0-4CA1-B40A-C46260188C67,1556,2,0.0,0,0.0,0,0.0,-1,981,452.0,94.71919186788996,353.0,-10.97358,42.83552206643161,0.0,153.0,-14.810241250606012,0.10343275118548718,0,1074,0
B0DFA93B-E5B3-4A08-B1BB-431B7C523AF7,12761,5,224.75,3,0.08580832223180003,291,8.323407256484602,98,73,259.0,64.48809817315971,233.2703,0.0,20.136387138776474,0.0,91.488,-13.83202973180169,-0.046068315418507894,0,1074,1
65E5D0F8-52B5-4A98-A61C-E26A92BA8A86,12761,14,57.15384615384615,4,0.11441109630906669,130,3.7183606300446677,292,223,276.0,59.55474380786288,267.5386,0.0,35.80952760256391,0.0,104.0428,-3.8066335482178104,-0.24208707091502532,0,1074,0
BF8835C5-990C-426F-B526-B722CDC26D5F,2486,3,430.0,2,0.2936444086886565,134,19.674175382139982,418,107,452.0,110.61711452011362,187.4053,0.01310423,19.426988845142553,0.0,135.12314,0.05345980241725101,0.2167612577797822,0,1074,0
8D099868-8322-4ED7-B0AC-732C59DF4466,12761,9,110.125,3,0.08580832223180003,530,15.159470260951338,524,85,100.0,25.488912703768932,71.3,0.0,7.644399541492091,0.0,34.3,3.4719437810304505,0.13238522250498527,0,1074,0
D5FE6817-1890-46E9-A1C2-E36AEC24D09E,6365,5,131.5,1,0.05734485467399842,1,0.05734485467399842,982,436,775.0,163.3137782963735,457.2,0.0,49.09604363878516,0.0,229.2,-23.869425974614245,-0.07426821897607302,0,1074,0
D232FB56-3008-4BE3-AE13-006A8B011A04,12761,5,193.5,0,0.0,0,0.0,-1,159,452.0,144.04130366811916,305.7999,0.0,35.75762551596027,0.0,186.8774,-6.676189305464845,0.15128414645371194,0,1074,0
A6575B86-32B9-4A08-A709-A89581E4E58C,8753,12,81.54545454545455,1,0.0416999885753456,19,0.7922997829315663,1061,32,470.0,142.68626146231395,349.1821,0.0,65.22822331533226,0.0,223.2056,2.1861784273465616,0.9232562480535031,0,1074,0
FAD5955E-330A-4F2B-BA3C-AF46A7EB9141,2958,3,146.5,1,0.12339418526031101,23,2.838066260987153,846,636,301.0,0.5983992931892816,5.451586,0.0,0.37404864144334316,0.0,1.1524108,-0.29676132628488344,-0.00037240778640380487,0,1074,0
FCF47850-2BD4-43B9-A61B-74F4F893419D,1389,3,163.5,1,0.26277897768178543,48,12.613390928725702,746,597,887.0,84.40462919985497,295.5011,0.0,51.58289779718137,0.0,154.90818,-19.6435347538673,-0.06557729379148047,0,1074,0
621D22C0-464B-4623-A92C-4F152A8DB7B9,1639,4,151.33333333333334,0,0.0,0,0.0,-1,470,887.0,84.16540974139998,296.2057,0.0,51.535826267955805,0.0,154.6135,-19.643490117171595,-0.06564360618086836,0,1074,0
60DE7DBA-7A39-48ED-8C19-37BA7939D964,5118,2,511.0,3,0.21395076201641264,441,31.45076201641266,112,414,129.0,7.284764352820061,933.0,0.0,13.280691662454052,0.35658460336068776,28.0,13.427889968167591,-0.010831355494298147,0,1074,0
47A5FFAD-993D-4B88-8A5D-8860C7C5D531,3438,3,72.5,1,0.10616637579988365,8,0.8493310063990692,752,778,734.0,157.38093400188333,394.5086,0.0,47.34135558125536,0.0,216.11497999999997,2.77268099040063,-0.3450390637517474,0,1074,0
BD438B48-65EE-42A9-8504-2CA87CE3D9BA,8309,3,224.0,1,0.04392827055000602,5,0.21964135275003008,550,550,825.0,288.8413485091973,702.64,0.0,110.97110654399111,0.0,462.4,120.80475488586444,-1.0140161771233707,0,1074,0
A8A5245D-E7DA-429A-B6C0-0C8B76505476,12761,3,234.0,3,0.08580832223180003,167,4.776663270903534,412,442,266.0,150.3673153249982,237.6,0.0,22.075098951320335,0.0,177.3,2.931928502162293,0.21747564857101373,0,1074,0
D61AD443-F61E-4E59-A4AC-C0A5AF47F6E9,4740,7,89.33333333333333,4,0.3080168776371308,684,52.67088607594937,629,367,1524.0,430.70561206562763,804.0,0.0,54.55567567104568,0.0,498.0,-5.5556118187140555,0.20719911397343543,0,1074,0
B974679A-1ECF-4E81-BA23-1882B09D8C39,9571,4,161.0,4,0.1525441437676314,59339,2262.9542367568697,384,417,395.0,149.34209879769406,589.0604,0.0,60.912236931250554,0.03813603594190785,209.65413999999998,12.724752206935563,0.10889493287222135,0,1074,0
8ECEA5F6-88CB-472C-986C-087ECC5B0128,12761,2,114.0,2,0.057205548154533346,767120,21941.76005015281,501,899,555.0,76.42416070600271,272.2656,0.0,76.84976532081348,0.0,168.75,-76.42416070600271,0.0,0,1074,0
015D38B7-1E72-4215-89EE-60DA1BE3D511,4782,3,218.0,4,0.3053115851108323,42,3.205771643663739,2,444,225.999,37.665721887845024,111.6028,0.0,15.285016051857811,0.0,57.31201,2.3184542687907808,0.30085877696775276,0,1074,0
0B5AD3F1-F959-45DA-9F0A-ABB53C99CAF5,12761,2,34.0,1,0.028602774077266673,5,0.14301387038633337,570,847,412.0,88.61166481538002,282.23,-6.86,35.03732337619905,0.0,136.11,9.683682406842195,0.12961970727972866,0,1074,0
2890FA10-3AB3-494A-9979-3EBA965EFC67,5107,6,140.4,0,0.0,0,0.0,-1,165,188.0,39.747714743212924,99.82724,0.0,18.78029118722544,0.0,65.61131599999999,-2.4946743157900855,0.12123596300757618,0,1074,0
62DD5160-6FC9-4DDE-ADEE-2D5C01D717D4,10029,10,71.44444444444444,1,0.03639445607737561,24,0.8734669458570146,1053,243,479.0,59.18381710230694,232.0,0.0,19.896547740671636,0.0,86.0,-10.980885003541509,0.18140556904598212,0,1074,1
C383D645-F93C-45E1-A259-52EE6554D9C3,12761,6,169.8,0,0.0,0,0.0,-1,11,489.0,80.00933474654737,234.9138,0.0,26.027799227377194,0.0,111.0,2.7728411793785597,0.2669991837125986,0,1074,0
54742AD1-B566-4347-81B8-8A0D98593C11,12761,6,78.0,1,0.028602774077266673,329,9.410312671420735,846,471,693.0,242.74430516617352,394.6,0.0,30.958136705105296,0.0,277.4,-14.837615351358721,0.15348573555012693,0,1074,0
951EF7D8-8780-48A6-98B0-90BC0148854F,8226,6,161.0,7,0.31060053488937517,441,19.567833698030636,89,50,245.0,86.64458051986766,227.1,-31.51968,33.87770001292435,0.0,133.67399999999995,8.247579973959517,-0.005245496700645184,0,1074,0
353B1324-0EB2-4EDB-BB3A-B5C518F87B68,4339,3,184.0,2,0.16824153030652222,309,25.993316432357684,289,485,452.0,130.98988540777427,266.0704,-62.73737,41.1889741540638,0.0,187.5794,-25.237097963329845,0.2278440507103264,0,1074,0
E982614A-95D5-40B5-9990-9989ECF9F50C,8472,4,160.0,2,0.08616619452313504,70,3.0158168083097263,437,371,269.0,75.927673877479,479.926,0.0,18.740492136794845,0.21541548630783758,100.87345999999998,3.061405743662988,0.1781544784809273,0,1074,0
DD549033-7750-4EC7-B238-D207A907376E,12761,14,61.38461538461539,8,0.22882219261813339,409,11.69853459760207,304,45,159.0,40.27656184123048,135.6324,-25.27,13.418840837311164,0.0,55.785624,2.137128080855476,-0.041209304306603675,0,1074,0
C87E7066-6AF7-4E62-80CE-BBDC10C985C2,2178,2,195.0,0,0.0,0,0.0,-1,653,250.0,59.16909129749364,237.9838,-72.89876,23.19191777846627,0.0,89.60001,-4.993531284993637,0.2343466333800488,0,1074,0
D89AE226-4A70-4E95-8F42-9ABB15BED2BD,9191,7,159.83333333333334,2,0.07942552497007942,168,6.6717440974866715,694,106,693.0,232.71156365236618,433.0719,0.0,63.61562220004195,0.0,310.9131,-6.125972106841459,0.3459385700947588,0,1074,0
43310AF9-A91A-4A1E-B1EA-3AB22FD0600A,1243,3,196.0,2,0.587288817377313,166,48.74497184231697,436,673,226.0,35.84156786924965,162.3192,-53.42881,21.713558696524757,0.0,64.85897,10.13883924101269,-0.4154254874688511,0,1074,0
71325C08-995D-45AA-B1B6-858700B36BD8,9752,2,17.0,3,0.11228465955701394,2772,103.75102543068088,689,1048,1270.0,322.6757673304759,719.64,0.0,112.1614508100556,0.0,459.18,30.08136538557352,-1.3968251773199611,0,1074,0
DCB79EDB-51DA-42CC-8D88-BAFDB7C9D1F2,10060,5,209.0,1,0.036282306163021874,29,1.0521868787276343,871,226,407.0,47.65005640121946,189.8231,0.0,33.1652880412982,0.0,93.38729399999998,-14.588505790864517,0.29935399260964246,0,1074,0
70D97D06-EEDB-4620-AACA-3C3774C72A47,2157,3,174.5,4,0.6768660176170607,420,71.07093184979138,431,681,451.8,57.578596327083076,205.4536,0.0,22.53259732848313,0.0,88.777126,14.884532206404586,-0.29230060555883935,0,1074,0
D0F53A9B-B47B-4FCD-BEE4-D44CEA55CEDA,1831,3,328.0,0,0.0,0,0.0,-1,370,753.0,0.4698385076045504,239.9767,0.0,9.475308763084472,0.0,0.0,-0.4698385076045504,0.0,0,1074,0
1C0E435A-C134-4347-89B4-E66983185C67,12761,2,183.0,0,0.0,0,0.0,-1,823,518.0,74.66723893430755,207.0313,0.0,35.01263275076696,0.0,122.8516,42.760036203038126,0.32948945370474975,0,1074,0
B6565142-0266-48A2-8635-79C0D8A9A75A,4620,2,0.0,0,0.0,0,0.0,-1,1006,250.0,19.099450944343364,105.0,0.0,17.853319239039248,0.0,45.0,-9.344589833232252,0.25834516606988683,0,1074,0
7DEE2F6C-25B1-4C45-9165-277335D80FDB,5919,5,241.75,1,0.06166582192937996,22,1.3566480824463591,500,38,377.0,43.06627746035857,177.0,0.0,30.623385798383005,0.0,87.0,-13.248453386284496,0.2003815628815436,0,1074,0
7C2EE4F9-48BD-4695-AE5C-745084D36E91,12761,2,63.0,3,0.08580832223180003,182,5.205704882062535,977,1002,101.0,0.7395737138371091,86.70906,0.0,5.698171665818031,0.0,0.0,-0.7395737138371091,0.0,0,1074,0
A467E6AC-6954-4289-B08E-5203E6AED0A9,1557,1,0.0,1,0.23442517662170842,112,26.255619781631342,137,1002,301.0,45.94191686964492,112.9607,0.02827294,15.388925367801555,0.0,65.56090799999998,-4.284152367705879,0.09607580472063967,0,1074,0
4641D0B3-55D2-4610-8CA9-64F5108FBD2A,540,9,110.125,1,0.6759259259259259,63,42.583333333333336,30,153,678.0,142.89416597515654,383.0,0.0,60.16562513229199,0.0,218.0,-27.046017827008384,0.17724673370730437,0,1074,0
EABA266E-5971-4319-B289-76B58959B272,4615,1,0.0,0,0.0,0,0.0,-1,995,99999.0,199.3383175371486,646.422,-17.73434,134.78614391347875,0.0,394.67699999999996,69.24018068816008,-0.46927311093533125,0,1074,0
645D282B-61B4-4513-B5F7-D2A9D16695E7,6873,3,126.0,0,0.0,0,0.0,-1,735,489.0,127.58975016186783,251.0,0.0,29.99451451540854,0.0,168.0,0.3878732949223007,0.028780759398612705,0,1074,0
EDAE9693-FF75-41C4-A9F9-1EC775DCAC2C,12761,7,90.5,7,0.20021941854086672,313,8.952668286184469,416,436,269.0,65.57216391386042,116.8,0.0,18.461051432559568,0.0,88.4,-0.5979200866999292,0.08559688438896078,0,1074,1
54DF2AC2-08E8-4796-9F51-0AE512D10818,12761,5,137.75,5,0.14301387038633337,413,11.812945693911136,98,423,259.0,64.27679086311163,233.9981,0.0,19.574614039627992,0.0,90.8,-12.360556502772127,-0.001567900805705117,0,1074,1
886124C7-24B2-407F-AFE9-3E8C5C2B6FBA,3348,3,94.5,2,0.2180406212664277,26,2.8345280764635605,7,779,452.0,71.27816769196812,237.7979,-3.7,35.37800067246276,0.0,119.44216,-0.408935117292188,0.3895965533969724,0,1074,0
E7B3BDAE-CD94-4E23-9BDA-CB3572944E67,3403,2,20.0,1,0.10725830149867764,62,6.650014692918014,131,946,451.0,134.51009560809874,270.0,0.04254523,19.069335173431337,0.0,158.87492,2.7308575161296744,0.18112118267846547,0,1074,0
2D0CC930-23BF-467A-994D-7E1B7264918D,12761,4,275.6666666666667,0,0.0,0,0.0,-1,153,265.0,56.93067683056776,160.4732,-3.172758,27.033553963025827,0.0,90.47574799999995,-3.1084362839628312,0.1341213121473165,0,1074,0
3BCC6676-AA3F-4F9F-A889-E02D04919D2C,12761,4,251.66666666666666,2,0.057205548154533346,20,0.5720554815453335,202,204,226.0,36.82605613962136,170.0,-0.5851979,19.130236237317153,0.0,58.0,-11.274281448263334,0.011934429490584294,0,1074,0
9E962D84-5185-4D44-BE32-7738296BE4CD,12761,4,248.66666666666666,3,0.08580832223180003,280,8.00877674163467,224,213,452.0,146.99257312586195,949.8596,-165.315,36.543309271136415,0.028602774077266673,190.6067,-6.738186770923676,0.15374143517934102,0,1074,0
B372A68C-1DA1-4CC9-8D63-0DF99DDCEBE9,7245,6,183.4,1,0.05037957211870255,375,18.892339544513458,204,38,377.0,105.47765851049876,246.0,-29.4,38.63172863673008,0.0,152.4,-49.47521960386295,-1.250880318549386,0,1074,0
2FC0AB13-853C-4DE0-9B92-83F046AB2B4A,4497,5,205.5,1,0.08116522125861686,8,0.6493217700689349,951,126,792.0,118.65172648177045,436.0,-35.98437,76.2815229149289,0.0,227.0,-36.164072160782794,0.27136500619639975,0,1074,0
7385215F-E55C-47DD-BD9F-64A206D48BEE,7028,6,156.8,0,0.0,0,0.0,-1,163,400.0,91.25833919273279,271.0,0.0,47.78581794742737,0.0,156.0,-17.67238240260933,0.6254731951360735,0,1074,0
6865C41D-68D9-4AF3-9CFC-4C8AE008CBC1,12761,3,214.0,2,0.057205548154533346,46,1.315727607554267,253,518,407.0,105.97965179890836,271.02,0.0,25.253061835752277,0.0,134.22399999999993,2.8037841578817506,0.007689938286744889,0,1074,0
ED71725D-711F-4F01-89D3-49238120657A,0,7,136.33333333333334,2,0.0,1188,0.0,455,125,452.0,90.71240174316878,451.0,0.0,40.98589225957167,0.0,134.98522,-90.38818677518931,0.02076995448364226,0,1074,1
D9737CB8-54FC-46DE-B36C-566B76A43BB9,6616,4,268.3333333333333,9,0.49652357920193474,251,13.84749093107618,125,125,235.999,63.67332532956743,169.0796,-54.6628,28.27700447460257,0.0,90.7196,13.33218390422887,-0.04910335740188129,0,1074,0
914F6355-1212-4395-BE0E-55712F524310,5118,2,608.0,4,0.2852676826885502,464,33.09105119187182,112,316,258.0,53.259414596593004,109.0,0.0,13.16243831042871,0.0,71.0,3.2440576256292175,-0.27960259154086164,0,1074,0
3F471218-FD78-4A69-953A-233ABD829ADD,8315,10,92.0,2,0.08779314491882141,236,10.359591100420927,246,92,450.0,49.248554046756496,224.0,-0.2520762,35.37608704607252,0.0,104.0,9.010010768058322,0.24967182734032323,0,1074,0
7ABA0B82-836C-4A75-9624-9AE7E4F89BB3,5001,2,751.0,0,0.0,0,0.0,-1,172,682.0,181.708929493838,301.5269,0.1995625,39.39660118907452,0.0,232.18006,6.845025558631136,-0.022064796195870724,0,1074,0
1664D711-FBFE-4BAB-8601-ECE56ED1692B,1087,2,219.0,4,1.343146274149034,238,79.91720331186752,845,701,602.0,15.855520093948083,235.7021,0.0,19.549147979838377,0.0,45.0,-11.422418242096231,0.1984741486146029,0,1074,0
D3F9E81D-17B1-4532-B2B4-E50459C020DD,5487,1,0.0,6,0.3991252050300711,111,7.383816293056316,55,919,979.0,280.3379857936059,563.3571,0.0,97.20634331045403,0.0,414.895,27.993972861876614,0.40575108623486617,0,1074,0
17B966C6-8880-4C40-86FC-17FBAEF9AC4E,12761,3,233.5,0,0.0,0,0.0,-1,450,301.0,48.82842403937921,185.0,0.0,27.969369137298973,0.0,89.0,-5.189920952959454,0.34887943413221556,0,1074,1
7B2D3C96-43B6-4FA0-AB85-1112EC3265F7,10298,5,192.0,0,0.0,0,0.0,-1,131,452.0,104.45668896126179,229.0,-2.952,30.08563186255376,0.0,144.0,6.297323384417226,0.5002348255156376,0,1074,0
A0DA4AB1-4E3D-4A00-B35F-D803557F15D7,12761,4,274.3333333333333,2,0.057205548154533346,7,0.20021941854086672,497,74,120.0,59.030766492712715,139.6385,-4.1,14.637358911104558,0.25742496669540005,78.0,-5.334624517404073,0.1192185363533215,1,1074,0
575027EE-0D74-43BC-94A0-E3B64141152E,2112,4,197.0,1,0.1728219696969697,492,85.0284090909091,846,302,1039.0,51.7318084986429,537.9292,0.0,35.377848329277185,0.0,106.69103999999999,12.535063150431178,-0.29879144785783546,0,1074,0
2A44B059-4961-4BFB-AE93-36214ECB6718,12761,3,402.0,3,0.08580832223180003,217,6.206801974766869,443,85,452.0,135.8361053406036,350.6214,0.0,65.86248792259667,0.0,196.97975999999997,24.211780158624777,0.13896084362538005,0,1074,0
CAC86566-186F-445F-8D6B-5F9C9B7998E7,2350,2,1.0,0,0.0,0,0.0,-1,873,1039.0,287.8737094296425,497.5063,-11.95917,63.48867686065864,0.0,373.6458,-36.218240409580744,0.07984810141716829,0,1074,1
C51C6412-E1C8-4148-B4A4-D305B89E7C77,979,2,257.0,21,7.829417773237998,23420,8731.664964249234,5,597,301.0,48.96743749836513,137.5312,0.0,27.22413868155447,0.0,80.00183,23.4511860379003,-0.10301375896265749,0,1074,0
BF7DF309-F8B5-42A8-80DF-F33F7B3F23CC,12761,5,189.0,2,0.057205548154533346,11,0.31463051484993343,509,110,452.0,84.25967969594748,258.75,0.0,35.44341660653651,0.0,131.38,10.846006260842643,0.12431591863184474,0,1074,0
8882E55D-02C6-4912-AA59-6B172B7CE495,864,1,0.0,0,0.0,0,0.0,-1,851,301.0,61.13119385917028,248.2377,0.0,36.95791145103779,0.0,103.54908,23.476550794224778,0.15089083305681844,0,1006,0
9504E535-EA35-4A77-B780-C91CFFF034B3,864,3,405.5,1,0.4224537037037037,71,29.994212962962962,763,39,301.0,56.98651764737741,247.2527,0.0,38.58772648494582,0.0,102.33131999999999,26.956000248077828,0.14662161803559354,0,1074,0
25AA28D4-530C-487E-B23A-4B36DA7B0D2F,12761,5,70.5,1,0.028602774077266673,198,5.663349267298802,850,567,138.0,40.87866470389195,969.3001,0.0,14.48818316115893,0.40043883708173345,58.07845,-7.463676342395033,-0.07604299144473832,0,1074,0
BFB1CBA4-5945-4727-B97F-86C77ADF2661,12761,4,167.66666666666666,6,0.17161664446360006,567,16.217772901810203,71,330,226.0,37.279923316092905,101.2207,0.0,16.520674850193473,0.0,56.7627,-27.267724726586735,-0.43784277160032087,0,1074,0
8CF2A5DF-7CF3-4B04-A284-8BC476C4F5D1,2847,4,116.66666666666667,1,0.12820512820512822,353,45.256410256410255,846,533,151.0,10.878685787455243,29.4,-1.9725520000000002e-33,4.148502302879764,0.0,15.68,1.4190287187175965,-0.029249071673241617,0,1074,0
7838F992-B6AE-49F6-9D65-1643965275CA,12761,4,251.33333333333334,2,0.057205548154533346,242,6.921871326698535,846,71,324.0,69.8079550477266,519.9437,-9.187823,27.2465578222751,0.057205548154533346,98.78931,-37.53966941128941,0.23079237799491564,0,1074,0
D09194E5-090B-4E02-B4F1-DF1660B32E3C,7834,8,124.14285714285714,3,0.13977533826908348,137,6.3830737809548115,46,168,1082.0,323.10533703730084,616.7908,0.0,93.26808102165738,0.0,444.7632,3.195050825353519,-0.18965284976344307,0,1074,0
6939EDE7-AB90-483E-9569-5D300FB6F6C9,3493,2,264.0,2,0.20898940738620098,41,4.28428285141712,694,773,250.0,39.53416668968915,238.0,0.0,17.359896244229226,0.0,62.64579799999999,5.885974634539245,-0.07744550584153158,0,1074,0
8EC1309B-7A39-4510-B425-A85B6984B741,2486,2,14.0,2,0.2936444086886565,148,21.72968624296058,418,1030,452.0,110.94278231049675,492.4323,0.03612974,19.630531120067676,0.7341110217216412,135.66034000000002,0.03738880524397814,0.2186142920204087,0,1074,0
9BDE514B-020F-404D-8A35-FB43737D32D8,3116,4,140.0,0,0.0,0,0.0,-1,604,301.0,72.38840542360097,873.3192,-1.257899,41.52158919270634,0.5856867779204108,130.1309,47.33610223766445,-0.9259607667083268,0,1074,0
B15C85AF-347A-4C23-A1B0-16BF49F6793A,3578,2,251.0,1,0.10201229737283399,61,6.222750139742873,579,760,452.0,121.40299516943803,1224.082,0.01196694,27.111115591421225,0.40804918949133595,155.42416,-1.3755219302404953,0.5314900440245501,0,1074,0
46935390-998D-4ADB-9EE1-8F805F665B29,10120,3,492.0,3,0.10820158102766798,45,1.6230237154150198,364,23,800.0,298.22395542619796,599.6461,-117.326,68.46610265176386,0.0,384.00996,-7.749366645333794,0.149726763786293,0,1074,0
D94FC0EA-7ECE-4263-83D7-C903DE84DEFF,10136,6,174.4,5,0.18005130228887137,266,9.578729281767956,116,130,497.0,89.73230227845151,316.43,0.0,55.52684810805364,0.0,172.28,-15.126306908081148,-0.08734553534280147,0,1074,0
6C12752C-D69D-4470-A654-CD97E112AACD,12761,3,340.5,0,0.0,0,0.0,-1,312,188.0,28.952499538611953,237.84,0.0,14.88543315782287,0.14301387038633337,49.0,-3.290153859599606,0.18217681195207602,0,1074,0
0499D104-91A5-4C2C-ADB9-93B751EA04E4,9752,5,221.25,0,0.0,0,0.0,-1,107,151.0,22.44339619586654,80.0,0.0,9.749565269903435,0.0,33.0,-3.0563591588295047,-0.03703349293238971,0,1074,0
FF463EF6-C8E2-43F3-86C4-604A6B5F27BF,12761,12,88.54545454545455,2,0.057205548154533346,81,2.3168247002586004,846,66,266.0,116.50760383820987,276.3,0.0,24.68574996948779,0.028602774077266673,147.5,6.795343692654313,0.20535588527150994,0,1074,0
5857F116-46F2-4144-9266-187B3561C77B,4700,2,404.0,1,0.07765957446808511,216,16.774468085106385,846,576,86.0,28.871768777703682,73.5,-12.30628,8.392748579621452,0.0,40.0,-1.565287296222202,0.04081322339746928,0,1074,0
2073F33A-AC6F-4451-B6CD-5BC5966B1EA1,1819,3,116.0,2,0.40131940626717977,314,63.00714678394722,846,744,1247.0,539.6658450701989,727.0559,0.0,73.70312959093218,0.0,633.6430799999999,47.282329459122025,0.15922729805978825,0,1074,0
57C3CF66-E30C-416B-821B-51ACB8B43448,6948,4,272.6666666666667,0,0.0,0,0.0,-1,151,1126.0,232.25829440649542,810.0585,0.0,133.13492612552218,0.0,422.3632,92.07743916449218,-1.8098558542839651,0,1074,0
08B439BD-C31C-45E1-BF75-FB72C43AC8EE,3316,2,1.0,2,0.22014475271411338,44,4.843184559710495,731,966,151.0,35.67116467137594,87.27,0.0,13.980650851599586,0.0,55.29,3.7809595570191163,-0.0842556745689178,0,1074,0
573F935A-5A4F-4D09-9A77-9626B32FBB6D,12761,4,278.0,1,0.028602774077266673,24,0.6864665778544002,954,129,221.0,64.03873787986171,321.387,0.0,27.221759881088502,0.057205548154533346,94.882466,-9.434440884568502,0.13594250664326335,0,1074,0
FE9D18AC-FF6F-406E-88E0-9D258741BB1D,4747,3,159.0,3,0.23067200337054983,154,11.841162839688224,661,645,693.0,164.10391446645127,315.3061,-13.21866,30.890751196967624,0.0,202.007,6.641346799752455,0.43580593475917434,0,1074,0
AD1F929A-DE63-4ECA-BBF6-054FAC6D4E8B,6210,4,145.66666666666666,0,0.0,0,0.0,-1,525,400.0,147.2851641960932,298.4,0.0,38.10496982756891,0.0,196.8,-7.757602467698149,0.1943908255704712,0,1074,0
AD28BEBD-7B0A-48DA-A06A-D0474308F9C0,3918,6,104.4,2,0.18631955079122,110,10.2475752935171,352,431,920.0,162.7555133777522,437.0584,0.0,71.45028827236852,0.0,266.79542,15.826281762679884,0.34728989287070494,0,1074,0
6DD6EFA3-E5E9-4C15-ABB8-FD90FAD164AC,9343,5,227.0,1,0.039066680937600344,62,2.4221342181312213,846,16,693.0,231.4123248933183,431.4423,0.0,63.31361060339403,0.0,309.1003,-8.989623749153935,0.19477032407991085,0,1074,0
7911DB3D-781F-44BF-A4E1-F04D901D3E41,12761,10,108.22222222222223,8,0.22882219261813339,309,8.838257189875403,51,29,266.0,118.98117584038538,262.8241,0.0,24.37556933103725,0.0,144.7085,5.453935803133135,0.4823492148172297,0,1074,0
D59DDC65-B0C8-40A6-9851-50D0726C9E1F,10044,7,147.33333333333334,1,0.03634010354440462,32,1.1628833134209478,366,38,266.0,118.48393045240762,251.76,0.0,44.690164280648,0.0,169.08,-79.28648318851873,1.3381185567411376,0,1074,0
BA516C92-B8BA-4932-89EC-F76BA19FF692,1097,3,250.0,9,2.9945305378304465,259,86.17593436645396,440,408,180.0,34.17440315555693,91.4921,0.0,13.33196008591197,0.0,52.92020799999999,4.764075964196152,0.013616302164953917,0,1074,0
9FC14863-3CC6-4419-8EAC-8A14391D1053,12761,5,162.25,2,0.057205548154533346,205,5.8635686858396685,100,253,251.0,107.89455024008237,200.1,0.0,27.127531483296103,0.0,143.6,-11.981062585761379,0.05842345648516596,0,1074,0
391BDC4B-A13E-4AF6-9809-DE1B069E15B8,2178,3,86.5,0,0.0,0,0.0,-1,730,250.0,57.642994114880835,148.8,0.0,22.48457376286585,0.0,87.2,-4.848236742041337,0.22853581374708481,0,1074,0
81921EC1-9D95-4D11-ABCA-9F41056FDFAE,4092,3,128.0,1,0.08919843597262953,6,0.5351906158357771,809,642,624.0,56.83810092797646,283.4639,-0.01787822,44.81825251348192,0.0,112.20419999999999,-32.42757935004437,0.11562511506505521,0,1074,0
CEDB03AA-14E6-4AF4-A22B-70BD5C240A69,5830,2,350.0,2,0.12521440823327615,601,37.626929674099486,296,547,188.0,48.92112504613233,101.0,0.0,12.12887780524525,0.0,66.0,-5.75901084860147,0.02818071961326199,0,1074,0
EDE16837-3A93-434E-8EC3-6C82B254D307,5335,1,0.0,0,0.0,0,0.0,-1,897,416.0,159.21887846079235,299.8828,0.0,37.289880755805115,0.0,203.9063,-0.30494153147137126,-0.041332937004493024,0,1074,0
C13B1F0E-8DF7-4DBF-8B0F-5711BF854F0F,12761,6,111.8,1,0.028602774077266673,11,0.31463051484993343,873,312,555.0,77.06658920833684,344.4,-21.29142,52.49380336913147,0.0,147.0,-5.910848028552877,0.24159937442488347,0,1074,0
55AE5DBD-8F36-4635-B56A-191A5A142912,12761,2,306.0,0,0.0,0,0.0,-1,566,266.0,51.49670897821906,138.9395,0.0,12.99331329478681,0.0,67.04254,-9.190199285317824,0.0959958203893116,0,1074,1
7AFA9DF1-8E26-45B1-B1FA-1ABD84FC5533,12761,5,200.5,1,0.028602774077266673,98,2.803071859572134,268,67,450.0,121.00352077713391,254.8828,0.0,49.42628463203966,0.0,166.9922,28.53373324524263,-0.045650317416450786,0,1074,0
0AF08811-0440-44C2-983C-AC2BBB85C7EC,12761,2,312.0,2,0.057205548154533346,69,1.9735914113314006,703,549,527.0,73.52708613986677,196.875,-42.45663,31.77998351594946,0.0,116.9922,38.8383251039604,0.32385663943298815,0,1074,1
4838A492-89EE-487C-BCEC-C7FE34C6DF3B,4416,2,0.0,0,0.0,0,0.0,-1,858,554.0,120.959305141084,343.1349,0.0,50.45265674464878,0.0,186.4473,-19.244232773028443,0.39177736309858735,0,1074,0
CFE21D01-E519-4F8F-994D-1EE5E98268D4,12761,6,142.8,3,0.08580832223180003,599,17.13306167228274,218,138,693.0,247.97403640083652,406.3,0.0,32.360808972537654,0.0,284.4,-15.67132806750314,0.14782209623479736,0,1074,0
C35E8565-17DA-4303-A1D7-9A9FD54D7440,4007,1,0.0,1,0.09109059146493637,2,0.18218118292987273,1016,852,887.0,69.96748830977617,217.0,0.0,28.664988502121847,0.0,110.0,-24.428290778911972,0.3752863865223149,0,1074,0
E6464C40-4171-4D14-B258-96BD51732EE0,4525,3,54.5,2,0.16132596685082873,338,27.264088397790058,846,817,624.0,105.21064477614902,539.7876,0.07529975,63.602917416312884,0.0,198.01468,-67.27344555224471,0.388209056217826,0,1074,0
79EF276C-3569-474F-AC05-EE8F1FBBC038,5587,5,197.25,5,0.326651154465724,760,49.650975478790045,359,50,138.0,29.606365386327735,546.779,0.0,6.2909777931281345,0.326651154465724,36.64032,1.715005268116709,-0.028436652793288292,0,1074,0
226FA0AE-EA74-4C4D-9121-0A1FC45E49F7,12761,11,82.4,1,0.028602774077266673,22,0.6292610296998669,460,5,437.0,160.99700561143953,533.7,0.0,37.67340904757132,0.14301387038633337,208.0148,-23.989022333661723,-0.5719079265388701,0,1074,0
54545F03-85D8-41FE-BD75-1BF99660F253,6756,2,4.0,1,0.05402605091770279,20,1.0805210183540557,826,823,803.0,261.9305806634451,707.6,0.0,53.74703532327797,0.0,302.399,-2.2512557791858967,0.33840271924836973,0,1074,0
45BD2F42-F612-46C5-91AE-7340948897A0,3244,6,153.0,0,0.0,0,0.0,-1,60,84.0,23.52949776658012,90.51721,0.0,15.883582821952253,2.9254007398273734,46.719313999999976,3.209381541444575,-0.16713621604956788,0,1074,0
B70327BD-54B3-4AF3-AD2F-374725749C99,2634,3,294.0,1,0.13857251328777526,86,11.91723614274867,226,226,250.0,36.55648519578237,138.3914,-231.9782,11.391473115961846,0.0,50.16855399999999,3.270607271038614,0.2277312981477761,0,1074,0
CAE19294-B1D9-46C0-ADD6-2B699443BDB5,12761,6,147.8,18,0.5148499333908001,1469,42.017475119504745,39,71,376.0,123.92017530722512,329.0,0.0,46.266403921120585,0.0,186.0,-12.706132097348572,-0.3992435051425083,0,1074,0
48820C0E-3CCF-4017-8A83-4D510210E544,12761,8,122.0,4,0.11441109630906669,482,13.786537105242537,264,52,461.0,126.6334927615946,800.3197,0.0,73.68666345866525,0.17161664446360006,197.0283,31.782505159701714,0.3020950921854527,0,1074,0
7DCBA3BF-C461-43D2-9388-494393ACD18C,3116,12,32.27272727272727,7,0.8199614890885751,223,26.12163029525032,103,434,717.0,164.0712499535377,368.4234,0.007983411,45.12712032988145,0.0,223.56011999999998,-1.5143421896487723,-0.09333636855960706,0,1074,0
6D874067-376B-4E91-8E62-6A1F26BA7EFE,4940,8,37.42857142857143,3,0.22165991902834006,20,1.477732793522267,554,558,920.0,174.6685012533451,446.5204,0.03689134,70.12817656012558,0.0,274.75048,22.099832564556124,0.3445846973515789,0,1074,0
4B87FBD1-5119-4F64-A8B0-56EA6844A1B4,5118,5,124.75,1,0.07131692067213755,3801,271.0756154747948,155,318,395.0,116.69930270377542,204.8257,0.0,22.172360689920733,0.0,144.8767,9.792213682027054,0.28437112852742374,0,1074,0
BC1A0767-7D63-4966-A45F-C69C2B6720A7,1727,4,152.33333333333334,1,0.21134916039374638,369,77.98784018529241,846,354,451.0,63.792845462614366,318.2505,-7.956126,35.572297587852994,0.0,113.64587999999999,28.980301961768347,-0.08164164843748431,0,1074,0
434A719B-8929-42EE-85B0-BCD8390A2FD4,4156,2,0.0,0,0.0,0,0.0,-1,808,452.0,117.93720592831198,542.7101,0.0,29.85161475884137,0.4391241578440808,156.0,8.451605800083072,-0.04935525876550012,0,1074,0
60D4B1B4-1E0D-4236-AC69-F3AE586A8F1D,6232,3,292.0,2,0.11713735558408216,385,22.548940949935815,130,221,84.0,18.839767753172932,66.12852,0.0,8.374719083598475,0.0,27.15932,6.300287763840959,0.047859795022243405,0,1074,0
9F376D6D-F527-405E-BA33-CC75D29896CA,12761,1,0.0,1,0.028602774077266673,35,1.0010970927043337,831,806,313.0,36.64475181622175,144.0,0.0,26.73460071304289,0.0,81.0,-11.532637618690885,0.44202673626830413,0,1074,0
A813927B-ADCC-4F53-9034-AF9AC78B3F6B,834,4,114.0,1,0.4376498800959232,13,5.689448441247002,681,461,753.0,138.14413327767534,402.6877,-1.182,51.91159981704273,0.0,188.2943,28.167424210750596,-0.01561953251960651,0,901,0
4EBE1ECE-606C-46A0-B2F9-989FA0DA81E7,4409,3,373.0,1,0.08278521206622817,71,5.8777500567022,55,56,451.0,89.19934552305969,290.6211,0.0,19.60477715748807,0.0,116.0,6.91029953866871,-0.09845345561647238,0,1074,0
EF9F8FC6-EF23-4520-80A2-DF7A9EA82C2E,2901,3,101.5,1,0.12581868321268527,17,2.1389176146156497,473,597,301.0,39.547669760174685,106.5778,0.0,17.533149810989887,0.0,60.79237,2.986839281106178,0.15059940426655335,0,1074,0
20A69E41-B138-45F4-B805-694EF0C43A87,3905,4,236.0,4,0.3738796414852753,345,32.247119078104994,249,149,452.0,28.45205685763087,122.3371,0.0005835696,21.92219133248528,0.0,56.04197,16.799707589514195,0.14168482424535297,0,1074,0
9664692D-2042-40DC-A05E-28893CF7D0BF,4123,4,108.66666666666667,3,0.26558331312151345,305,27.00097016735387,272,466,734.0,145.75616287015114,347.4693,-13.0108,69.56250813135625,0.0,230.45057999999997,60.39988085747228,-0.1503641906896163,0,1074,0
B5436533-5880-4038-9A64-C2BA7CAEA666,4481,6,117.0,1,0.08145503235884848,11,0.8960053559473332,258,199,314.0,29.22798394131967,159.0,-4.015089,19.660592520449423,0.0,58.0,-5.616487027739424,0.2666099038289931,0,1074,0
943FD77E-B890-494F-9B86-8E962BC85129,940,2,0.0,4,1.553191489361702,660,256.27659574468083,249,777,151.0,8.283115686818132,24.73297,0.0,3.6682521585512777,0.0,12.0575,2.202596575681868,-0.008927317775866821,0,1074,0
72A308E8-6508-453F-80F6-000D170432F1,12761,5,174.5,2,0.057205548154533346,15,0.42904161115900014,442,77,472.0,139.80103002847173,389.5379,-32.87768,86.25438297495069,0.0,238.26096,-4.789944761419264,1.5410495373684645,0,1074,0
CCA0AF18-F42A-4AE2-A993-8AEB1B02DAE5,12761,4,136.66666666666666,1,0.028602774077266673,40,1.144110963090667,240,359,264.0,99.42329536997804,204.5,0.0,33.49874717472694,0.0,141.9,-0.2968910488360592,0.19957829726877943,0,1074,0
C852126A-A2BE-436B-B7D3-A12C44115ABD,5290,3,0.5,3,0.20699432892249528,17,1.1729678638941399,80,765,489.0,97.40229686300155,542.9,0.0,20.80252805220911,0.3449905482041588,124.0,10.298011778973759,0.13098816497682758,0,1074,0
10C57184-042F-41C2-8FD4-8127F55287E7,5094,9,86.125,2,0.14330585001963095,17,1.218099725166863,336,66,870.0,201.392609320631,433.2058,-19.4625,48.42203799936131,0.0,260.3918,7.0509015948936735,0.24888476301332432,0,1074,0
8A5D8DB0-38BE-402C-BBB2-249372283E4D,7291,3,359.5,0,0.0,0,0.0,-1,36,450.0,110.82317558774207,204.21,0.0,24.419917623943153,0.0,141.96,22.103152344356715,0.019588738092824267,0,1074,0
A72BD56D-7FA5-4317-AB3A-A394D5404236,8212,6,126.2,2,0.08889430102289334,31628,1405.7744763760352,7,215,803.0,76.0172301429293,463.7369,0.0,55.630972043333905,0.0,125.26024,24.104213926900954,-0.6112163820217406,0,1074,0
B9EA2DFA-D4D1-4A7B-AE67-B016338A08AA,12761,4,51.0,0,0.0,0,0.0,-1,601,452.0,111.29793596243373,318.6141,0.0,71.91931368271821,0.0,188.2387,29.82304951287493,-0.05578354316390368,0,1074,0
6BA3AF5F-A1DB-4453-B0FF-436B72B71550,12761,2,0.0,0,0.0,0,0.0,-1,753,392.0,112.76622978822088,185.6867,0.0,18.127211871272575,0.0,136.42012,3.73630330591493,-0.194191441725895,0,1074,0
49C016C3-520D-4853-8EF2-81B177ED8825,1514,3,108.5,2,0.4821664464993395,454,109.45178335535006,845,526,301.0,96.90514647315909,224.8,0.0,23.39102849237448,0.0,130.45481999999998,-12.399807599702285,-0.09368955364182338,0,1074,0
3D5714B3-E512-47CC-A8C0-C849047C9878,8387,2,91.0,3,0.1305591987599857,184,8.007630857279123,332,639,100.0,38.08594735433515,57.9,0.0,6.258709354891131,0.0,46.2,-0.6001680333474937,-0.06215012255746504,0,1074,0
8F6E3CDE-8753-48A8-82A2-F3C9DA2C96BF,12761,4,51.0,5,0.14301387038633337,330,9.438915445498003,434,575,264.0,88.44861454337084,241.8,-794.5035,35.924868753607214,0.0,139.8,7.080042368666199,-0.5642295716161846,0,1074,0
67E58C5A-8E95-41B8-92F3-E6B672032201,1712,4,110.66666666666667,2,0.42640186915887845,449,95.72721962616822,728,391,831.0,346.25395723678673,18909180.0,0.0,68044.69004720384,0.42640186915887845,126.26785999999998,-250.95621492737314,0.3275848052668037,1,1074,0
EC098375-B938-4880-A7C8-4EB8C297FC03,12761,4,94.66666666666667,1,0.028602774077266673,165,4.719457722749001,846,435,269.0,87.54877377106709,183.3543,0.0,20.756021083287973,0.0,116.57154,-0.5203285719930051,0.20217436551601525,0,1074,0
DBBA78B9-5F4F-4381-9883-AA275249DB94,8398,12,49.45454545454545,7,0.30423910454870207,931,40.463800904977376,133,152,301.0,64.27009074051291,542.6331,0.0,15.845990819383829,0.21731364610621576,85.5,-1.9296972219943953,-0.002692805010278333,0,1074,0
31301640-2226-41DC-B1A9-EBC5A4DE58B5,9465,3,216.5,2,0.07712625462229267,41,1.5810882197569995,176,267,188.0,21.359657358187597,69.0,-53.0,8.289067162792577,0.0,32.0,-6.074857975471549,0.03015284237192986,0,1074,0
CE399C1D-9475-42B2-A10B-6D1B2FEAF527,2956,6,122.0,17,2.099120433017591,1382,170.64614343707714,238,357,188.0,-19.32455146425635,0.0,-61.5,9.871095299788173,0.0,0.0,19.32455146425635,0.0,0,1074,0
0362A7F3-A940-436C-88B4-9AE1E666EBC0,12761,3,114.5,0,0.0,0,0.0,-1,600,119.0,14.930347161162729,149.76,0.0,21.332923297759177,0.057205548154533346,49.5,-14.930347161162729,0.0,0,1074,0
40A5B8E3-4F46-4245-9A30-23AF39FB3B4F,8709,5,161.0,0,0.0,0,0.0,-1,46,693.0,179.96866174519414,378.0,0.0,80.93185260528908,0.0,267.0,26.48897714369474,0.21465115720715075,0,1074,0
5EB18AA2-19DE-47F3-8B9F-24DD3BE012E5,5995,3,243.0,1,0.06088407005838199,329,20.030859049207674,846,193,133.0,43.04930016783233,99.94489,0.0,13.737874148069631,0.0,60.996097999999996,4.306657224065816,-0.030220131753566647,0,1074,0
7557F0E7-2BAE-4289-8899-242ED9B3EE10,10522,6,126.4,0,0.0,0,0.0,-1,220,407.0,46.28701106754153,398.3401,0.0,32.60727763097591,0.0,91.588878,-12.999374368953568,0.30462249598778546,0,1074,0
0546D5F3-6EF7-482D-9386-567CB1639566,5552,1,0.0,6,0.39445244956772335,281,18.473523054755045,587,673,188.0,28.971566439225107,319.0,0.0,12.15829454066358,0.4601945244956772,46.0,2.092322449663783,0.05531844352066351,0,1074,0
C1509DEB-8344-42FD-91B5-65E8E93FC165,12761,5,156.5,3,0.08580832223180003,68,1.9449886372541338,137,43,489.0,122.13477727517659,303.9775,0.0,42.69568860033951,0.0,174.1123,-32.76327183445129,-0.7129631496603549,0,1074,0
254BFB28-EF86-46B8-81C3-3DCB0782773E,835,3,39.5,2,0.8742514970059881,1194,521.9281437125749,578,668,450.0,77.97602816338689,270.45,0.0,41.42917604453397,0.0,128.5,21.36773341068718,0.1516169468794971,0,957,0
0C8A89C0-AFD8-4542-A1C7-AC4198C5ED37,2878,3,230.0,1,0.12682418346073662,182,23.082001389854064,405,199,777.0,218.00593890888138,748.2,0.0,43.488610514178795,0.0,271.6618,18.378823812569237,-0.6461337635758959,0,1074,0
1D0139A9-546B-4410-98A5-EF44AE53DBA1,5100,1,0.0,0,0.0,0,0.0,-1,659,489.0,116.18793501978026,227.0,0.0,29.065091673804655,0.0,155.0,11.236833498738264,-0.03640487165780485,0,1074,0
92AAE5D8-79F8-4413-94A3-33A7894130B8,12761,5,134.75,4,0.11441109630906669,1130,32.321134707311344,196,97,663.0,171.64337920142185,694.3537,-1.411111,82.31768168593186,0.057205548154533346,235.1807,-101.27673831639098,1.9305048257152408,0,1074,0
462C0070-90D1-47B8-B17B-FE1F0836461E,12761,2,342.0,4,0.11441109630906669,1302,37.24081184860121,384,636,1370.0,438.7618659475419,807.96,0.0,122.19065487431409,0.0,611.9139999999999,0.5775676944334691,1.8412656237849363,0,1074,0
AC52B34B-D800-4D88-A136-D15385665CA3,12761,3,227.5,4,0.11441109630906669,91,2.6028524410312674,379,435,104.0,17.6814227546019,352.9,0.0,7.6208784566978425,0.057205548154533346,26.0,-17.6814227546019,0.0,0,1074,0
5FB23539-F40F-467E-81AF-3F9848C0F79B,4138,2,126.0,0,0.0,0,0.0,-1,625,1247.0,297.8499054145694,686.6897,-3.53,115.73675975875614,0.0,471.28038,180.47403138327007,-0.3811705664112839,0,1074,0
0C817BA4-271B-4C0C-A9A6-EF78579AD9BD,12761,4,19.666666666666668,2,0.057205548154533346,713,20.39377791709114,624,567,452.0,116.45782423744066,464.44,0.0,43.492173442004045,0.11441109630906669,174.68,17.50674289218898,-0.32232750671107985,0,1074,0
7AB02050-BE16-4E86-99CF-7FBFB7D8400E,2927,2,0.0,2,0.2494021182097711,284,35.415100785787494,817,620,151.0,35.77143367239247,234.2568,-35.45,10.927973923507064,0.37410317731465664,50.0,-5.348748487207285,0.1130296149958832,0,1074,0
B52D06BF-8FE9-476B-AC66-5502470254A9,12761,4,9.0,0,0.0,0,0.0,-1,590,282.0,30.95356594818935,97.0,-44.7,11.059651800216448,0.0,44.0,-1.8345844667078701,0.021006022691388362,0,1074,0
2162DBD3-BC3F-4F28-9CB6-9FC2E4B5DE8E,761,1,0.0,0,0.0,0,0.0,-1,610,678.0,44.59562916697437,162.9295,0.0,29.910702266777644,0.0,86.56311,-4.122440892977451,0.022457454562081914,0,810,0
5F318A4F-B8BB-4B45-B26A-D75B9C8E4051,7739,5,19.5,2,0.09432743248481716,279,13.158676831631995,625,609,251.0,59.941393726534024,514.0,0.0,40.244002064075985,0.2358185812120429,119.2,29.716546090055495,-1.1994763584365373,0,1074,0
2392ED53-E2AE-4D43-BE95-A9067BBB0D6B,6513,1,0.0,0,0.0,0,0.0,-1,600,269.0,90.90284572284344,187.9434,0.0,17.892707015137205,0.0,117.2551,-0.6635915044792426,0.23134955285681488,0,1074,1
6545E4B5-126B-4F8B-99D1-D6A633A02B45,12761,5,35.75,4,0.11441109630906669,340,9.72494318627067,72,453,488.0,147.22002868297864,536.87,0.0,40.73957655341799,0.14301387038633337,202.63,-40.723460781744066,-0.23947306709115956,0,1074,1
E88FEECA-C31D-40F6-9CFA-EAC22B9C9885,12761,3,41.5,1,0.028602774077266673,4,0.11441109630906669,645,596,188.0,30.14534950500819,138.785,0.0,15.248367823765166,0.0,50.0,-3.492340245748931,0.18521839687568262,0,1074,0
1FCA5E9B-62A4-4670-B189-9121A55174CF,3435,6,118.6,2,0.21251819505094613,417,44.31004366812227,112,2,416.0,33.26742291627548,192.8626,0.0,15.914164337075666,0.0,48.117748,1.0170259540948905,-0.04653228031813656,0,1074,0
B2F5EE12-7D0C-449F-9C00-3B0C09AE260F,2243,4,188.33333333333334,6,0.9763709317877842,323,52.56130182790905,48,36,489.0,88.73428228560999,311.1475,0.0,53.06261850168016,0.0,160.93563999999998,25.985825791639243,-0.2687345977677263,0,1074,0
6B97EC58-3A8F-4853-B9E5-0FC6D32CB782,12761,3,0.5,0,0.0,0,0.0,-1,592,523.0,80.45239565298775,321.6244,0.0,48.96356703008405,0.0,157.7157,6.836333407969036,0.11053512319928666,0,1074,0
954A1AEE-2A12-4D99-A1B2-A583D6155930,2847,4,11.666666666666666,1,0.12820512820512822,123,15.76923076923077,16,554,151.0,18.28832812966325,41.92131,0.0,3.825751740830792,0.0,23.129,2.3230472931762556,-0.04991490497697366,0,1074,0
D3573AEA-0C75-456D-962E-55892348EF0E,7876,3,302.5,1,0.04634332148298628,132,6.11731843575419,700,117,955.0,150.1629764628643,1201.875,0.0,64.66236763246853,0.04634332148298628,227.6922,-24.19076286564207,0.05071413183028311,0,1074,0
E92FEBC9-D26C-4814-8C7B-F0EB7E2E0D38,9755,3,216.0,2,0.07483341875961046,70,2.619169656586366,552,155,141.0,39.1876657235168,114.5508,0.0,17.457206935796826,0.0,59.28,-4.371474365492112,-0.06338519959029303,0,1074,0
4870D3E9-B523-4119-BD26-273283DF0939,7501,8,101.71428571428571,2,0.09732035728569523,159,7.736968404212771,52,96,1382.0,274.5990045942621,867.24,-70.27345,132.06021105837374,0.0,461.75,-63.111008452286825,-0.9054237005714234,0,1074,0
508E3286-B2CC-4151-8711-C32B9E97B6C5,6756,2,7.0,4,0.21610420367081115,693,37.440053285968034,271,575,803.0,241.4128750523921,401.5503,0.0,53.8164442674893,0.0,308.4412,5.350489145138738,0.12344379507277085,0,1074,0
0C337E90-C8DF-451D-A9F3-1447F9B49CE6,12761,1,0.0,1,0.028602774077266673,44,1.2585220593997337,806,573,792.0,218.60748586893885,449.67,0.0,57.22074833691445,0.0,295.89399999999995,-32.26139636276599,0.3341973700455187,0,1074,0
72E185DB-B9FE-4BEB-98BF-8950E5072BB4,12761,3,149.0,1,0.028602774077266673,181,5.177102107985268,612,271,266.0,93.08316697935214,160.8,0.0,18.388367658296158,0.0,120.0,-0.16967932503115435,0.20063756156444865,0,1074,0
0C530106-0EB3-4B06-97F8-B0FBA94809EE,12761,2,45.0,1,0.028602774077266673,114,3.260716244808401,846,524,395.0,65.71188046637357,365.0,-29.58497,66.78177678633847,0.0,147.0,-65.71188046637357,0.0,0,1074,0
4E2C99F6-2E9A-4949-B7B2-C7C9CCF45E6D,4339,2,75.0,4,0.33648306061304445,609,51.22954597833602,289,492,452.0,132.7965843717895,267.6082,0.06163254,39.9853771118827,0.0,187.58844,-23.921772354042588,0.22699186910296773,0,1074,0
9D4BD847-8AA1-4705-A90E-3D053ECC8A01,2195,2,244.0,1,0.1662870159453303,42,6.984054669703873,806,323,497.0,75.64386682810284,235.7,0.0,26.427475188292068,0.0,108.0,-2.90775571699173,0.018111060807620274,0,1074,0
E0D4FC66-F84A-4835-94CD-B0FA8144AF12,5060,4,241.66666666666666,7,0.5049407114624506,376,27.122529644268774,68,86,264.0,85.67877521895537,209.0,0.0,36.018355632587536,0.0,136.0,11.910500247788448,-0.31588346878917667,0,1074,0
FED49662-EC92-43C7-B43C-5500FD9ACAE1,12761,6,70.6,1,0.028602774077266673,202,5.777760363607868,611,236,266.0,93.21060886647199,161.4,0.0,18.46465495437249,0.0,120.2,-0.07678942202755934,0.2011125687669805,0,1074,0
952239C5-D3DA-4BC9-BD6F-215E81E4EBB5,10291,3,277.5,5,0.1773394227966184,991,35.14867359828977,156,8,188.0,37.1456100200668,129.6142,-19.60703,13.45772557681586,0.0,54.172522,-1.948548296826516,0.06516232930905727,0,1074,0
E4620871-1E6B-4F9B-A1AD-BA312DA2991A,8404,1,0.0,0,0.0,0,0.0,-1,564,251.0,52.339610242134846,117.9296,0.0,13.355594491428832,0.0,68.469888,-9.899159189048426,0.08724181249190277,0,1074,1
E020129A-E1B9-4C74-A2BA-9A2EAC5E43D8,3214,5,107.0,0,0.0,0,0.0,-1,202,887.0,157.22253871412204,2048.0,0.0,47.78529239939964,0.1135656502800249,221.07788,-23.902140062115876,-0.06969563463209577,0,1074,0
184A220E-3158-4A4A-B9FB-6B022D7A2CBD,9006,4,183.66666666666666,11,0.4458139018432156,951,38.54263824117255,30,9,251.0,82.89620839312514,151.4,0.0,25.084206331546913,0.0,112.7,-14.686339565887494,0.04578766583070843,0,1074,0
FC159190-9B7E-4A2F-9810-EEC819F428E7,700,12,41.0,12,6.257142857142857,4518,2355.8142857142857,137,107,301.0,55.30417069351356,200.1293,0.0,18.5068991936437,0.0,72.365305,9.797774813430884,-0.0027621854579161476,0,747,0
B0D8707A-E15A-4F2A-84EF-950F34F3804D,6204,3,235.0,0,0.0,0,0.0,-1,88,400.0,149.15107188873853,301.2,0.0,38.717648095381854,0.0,199.6,-8.993386703553341,0.25371945782045285,0,1074,0
0FBE9D7E-E88D-4F40-823B-DCC3D84E8186,2002,5,119.5,2,0.36463536463536467,287,52.32517482517483,564,507,1662.0,345.44732521706476,945.0,-29.97876,120.1999148432681,0.0,489.0,-42.17865237755859,-0.17722718396906018,0,1074,0
93CC4229-77D3-4EE6-A427-EB8D046F43DA,4504,4,155.0,2,0.16207815275310836,97,7.860790408525755,352,85,804.0,188.52703699780506,1674.656,0.0,33.27690464530044,0.4051953818827709,232.5,-6.539189775582827,0.06452828538485357,0,1074,0
70B7AC8B-8E82-463C-9CBC-C4ABAB197FFA,5489,12,51.18181818181818,3,0.19948988886864638,251,16.690654035343414,743,16,535.0,175.04167086983495,376.5974,0.0,36.814041928373186,0.0,219.9876,27.63041423031936,0.07860998350416139,0,1074,0
59DCC837-2368-4FBA-98B4-D225B684101E,722,3,157.0,1,0.5055401662049861,51,25.78254847645429,61,231,542.0,45.745814395997165,186.0661,-13.67728,32.28156073151355,0.0,90.72649,-2.3092667476947,-0.23849688699627508,0,774,0
209EB4C0-E63E-478E-A305-E8F3B77F307B,1747,4,52.666666666666664,2,0.41785918717801945,143,29.87693188322839,422,384,472.0,43.678455271076814,251.8151,0.0,27.72109032693422,0.0,83.37278,4.989444741577508,-0.10638294716476829,0,1074,0
561A0161-97F0-46AA-AC51-EDD6468D88CD,12761,4,107.66666666666667,2,0.057205548154533346,20,0.5720554815453335,514,214,306.0,60.383627678862645,150.0977,0.0,19.143669803235493,0.0,81.93359,-8.194800848461412,-0.0846232369257378,0,1074,0
90E5D015-459C-4F18-AA9F-F1DA845ABA9C,12761,1,0.0,3,0.08580832223180003,194,5.548938170989735,219,536,792.0,214.15737055430014,440.72,0.0,74.55412674715309,0.0,302.68,-142.61418922713966,-2.8601853846841703,0,1074,0
4E122FE7-704A-452D-9967-877E01CD93E6,12761,4,153.33333333333334,0,0.0,0,0.0,-1,68,432.0,114.007146125208,205.7,0.0,23.206913515902023,0.0,143.55,-8.786070507924038,0.1267485789282595,0,1074,0
BD1E5AE5-A8F9-4859-95B6-CF29DB31498B,5111,2,17.0,2,0.1428291919389552,31,2.213852475053806,35,529,313.0,40.49608757461977,171.0,0.0,15.366160420941311,0.0,60.0,-5.414374611656811,0.04067700401966811,0,1074,0
56A6E8B4-5CB0-4FC6-941E-80CF6B752D5B,1731,2,1.0,2,0.42172154823801267,433,91.30271519352975,845,526,831.0,37.55823853950157,482.3438,0.0,22.131457608662465,0.0,66.75479599999998,-1.769033062765466,-0.04315306647203526,0,1074,0
388C3696-9A66-4D81-B6DF-71463D42FC58,12761,4,167.33333333333334,2,0.057205548154533346,194,5.548938170989735,540,272,798.0,202.9466224659592,556.0,0.0,78.2656428129804,0.0,299.0,-103.37115950299624,-3.3103604468775294,0,1074,0
8279B13B-B969-4823-9B7F-4062A583A5B6,8471,3,225.0,1,0.04308818321331602,101,4.3519065045449175,47,518,251.0,125.37067531612786,203.04,0.0,22.577176204862045,0.0,153.12,9.88910284282278,0.09687983370476583,0,1074,0
4F43BEE4-EE32-4363-BECE-ADB0CDC9381E,6540,4,65.0,1,0.05581039755351682,21,1.1720183486238533,368,485,269.0,58.498255536644294,205.6556,0.0,22.23878748810974,0.0,86.59112599999999,-1.2144413375702214,-0.2012414315887821,0,1074,0
C8CE04A2-2920-4BDB-BB04-646C1768EDC8,1290,1,0.0,1,0.28294573643410853,70,19.8062015503876,846,510,1039.0,245.7347158973369,653.0061,-46.3125,45.353187384350726,0.0,301.81348,26.55443685729273,-0.5092703794309885,0,1074,0
DDBD0F06-A031-441A-B893-77B34ABBEA40,4092,3,79.0,2,0.17839687194525905,106,9.45503421309873,481,446,624.0,147.8424530384857,473.9,-6.620637,84.95320269117298,0.0,265.9,-18.64702865553818,-0.45038291763932214,0,1074,0
CA49E920-2F97-4BE1-B8D7-661D1DF2BD22,8398,3,66.5,3,0.13038818766372945,294,12.778042391045487,49,373,301.0,57.861694952423804,213.8,0.0,23.86576046897677,0.0,88.4,-4.417705750649105,-0.04088541451447603,0,1074,0
6834BFCB-B69B-4C1D-91F8-7927ED064E29,12761,5,69.0,5,0.14301387038633337,358,10.239793119661469,225,263,100.0,23.586272465072167,52.0,0.0,7.442708350144642,0.0,32.2,2.3494690565327723,-0.07200110148352204,0,1074,0
3F8B8808-332F-42CC-95C5-5E25C2CC3B0C,4845,3,58.5,1,0.07533539731682147,13,0.9793601651186791,120,505,377.0,105.26948399438642,233.38,0.0,39.613372996539766,0.0,147.95658,-11.69642319978766,0.19587158063824445,0,1074,0
5C5A7F54-7A76-4786-A969-B33B6066F4C0,10293,4,65.33333333333333,1,0.03546099290780142,449,15.921985815602838,434,505,489.0,110.65113851353539,286.0,-30.7,50.282583365998576,0.0,178.0,-4.395968760448966,-0.061511995079517205,0,1074,0
DB74109B-2CDA-4D4C-86CD-252E49F1C0E1,9036,5,145.0,1,0.04039397963700753,144,5.816733067729084,846,462,811.0,434.6337786167423,939.3906,0.0,34.311621701242764,0.12118193891102258,473.1488,20.32620726288735,0.280341471226024,0,1074,0
8851D927-6303-4FAE-992B-A1231C700070,5206,2,44.0,1,0.07011140991164042,100,7.011140991164041,148,459,400.0,138.14506595179577,3052.211,0.0,33.88562768123607,0.07011140991164042,177.39512,-9.392422660900706,0.24366046214027384,0,1074,0
A71477A6-16AD-4759-8D98-7AB56DC5AB7D,12761,6,91.2,0,0.0,0,0.0,-1,44,269.0,120.42213221629423,195.36,-2.8,22.383580901795,0.0,147.36,7.996127482008248,0.19962928124230986,0,1074,0
E808587E-D5AA-4244-A5AF-DB648578235D,9724,4,82.33333333333333,2,0.07507198683669272,143,5.367647058823529,172,246,538.0,94.64809424638874,238.8672,0.0,25.68909468529948,0.0,128.4668,-0.27778036521590366,0.26122777545687903,0,1074,1
D84B2D7C-8B4D-46BC-8D7F-CB05FA4D42A5,12761,3,154.5,0,0.0,0,0.0,-1,186,452.0,43.42131727951984,351.9877,0.0,34.614587869892006,0.0,89.35845,10.738340086992508,-0.3112436249177531,0,1074,0
46FFA32E-6E7B-4C98-BCA8-18F18C7FFDCE,1868,2,0.0,2,0.39079229122055675,342,66.8254817987152,49,484,301.0,74.56563326730205,237.13,0.0,27.489210902943036,0.0,112.76597999999998,-5.561332591453279,-0.06140522496365606,0,1074,0
046598F9-2198-432A-A014-F6A1E74A2D50,12761,10,67.22222222222223,1,0.028602774077266673,136,3.8899772745082677,463,134,800.0,222.50826465093576,544.3234,-20.1731,58.072387161978845,0.0,295.30089999999996,3.2273713992185264,0.011379441635812445,0,1074,1
3CE7605A-49CF-4E96-823B-2EBF42078853,4226,6,124.0,1,0.08637008991954566,110,9.500709891150024,366,128,554.0,215.6883402073203,358.0,0.0,43.023368402546744,0.0,273.0,12.270687570457483,0.1799021255479814,0,1074,0
A873313E-28D4-427B-A9D7-CDAAFE189971,4416,2,1.0,1,0.08265398550724638,2,0.16530797101449277,116,473,554.0,121.91410540957092,345.5042,0.0,50.779795996243216,0.0,187.81813999999997,-19.48438469429314,0.3940781550756489,0,1074,0
3CC4911B-5570-49E4-AEBF-9FBC2337558A,572,1,0.0,1,0.6381118881118881,22,14.038461538461538,442,472,1039.0,50.114803242368296,528.8867,-60.60374,45.561345227725305,0.0,112.24,33.51700632553293,0.14539566315907065,0,810,0
9F8173AB-DFC6-4848-ABCA-5223A11E46C2,533,2,76.0,3,2.054409005628518,255,174.624765478424,172,394,452.0,20.203043959274876,99.71751,0.0,25.38400137003663,0.0,59.862235,25.488098855539935,0.0892166279912995,0,607,0
7EDB4110-47B4-4ECA-96CF-ECBE373A28CA,642,3,180.0,1,0.5685358255451713,53,30.13239875389408,11,124,1247.0,265.09690476392234,630.3384,0.0,155.62862843029407,0.0,464.67019999999997,-4.831100792471659,-2.238513695491438,0,673,0
7D54DBF2-7A13-4C9B-BC1B-04FB690E46EA,6286,4,27.666666666666668,9,0.5225898822780782,1351,78.44654788418708,225,372,136.0,44.75310089884425,104.2,-0.4879012,18.091216754138056,0.0,64.9,2.615097577158835,-0.11788336904738513,0,1074,0
0F17F090-0884-4740-829A-4C37996ECB61,1727,3,178.0,1,0.21134916039374638,361,76.29704690214244,846,456,451.0,62.85090044821777,324.3729,0.0,34.59124660090979,0.0,113.08091999999999,29.68203254638101,-0.08319076120689672,0,1074,0
EE138E80-2ED9-43EB-B510-7187B7935211,4152,2,0.0,1,0.08790944123314065,235,20.658718689788053,834,456,452.0,141.2502996529554,377.0,0.0,67.330990947911,0.0,227.0,-13.90207434431342,-0.14709114751262617,0,1074,0
C478FDFE-420B-4816-85D1-60C7F6D63E6C,1783,3,61.5,4,0.8188446438586652,197,40.32809871003926,993,456,1247.0,297.37167503767637,686.0895,0.0,116.20894403488025,0.0,471.21587999999997,181.63292811047177,-0.37603461555658196,0,1074,0
1A4B99DC-E3DB-470A-9044-B8C7FF877052,484,2,131.0,2,1.5082644628099173,264,199.09090909090907,459,319,887.0,106.36959010662817,555.55,0.0,66.2989854251979,0.0,194.046,-28.31294495701397,0.41699572167517174,0,559,0
41ED13D4-3691-4CE6-9987-E93FB75246C9,2775,4,97.33333333333333,2,0.2630630630630631,530,69.71171171171171,11,372,1247.0,317.9995253247107,782.1739,-15.3,187.60669981011503,0.0,578.8679999999999,-57.5420630994638,-2.2452655658032876,0,1074,0
2BFC78EB-D465-421A-804C-F758F59776B7,12761,8,62.0,0,0.0,0,0.0,-1,9,499.0,70.51579733028159,191.3086,-16.47943,24.504674304302497,0.0,101.3672,21.430796268483846,0.006012409979654137,0,1074,0
EEBB029A-143F-46FC-B3BE-BABBF68CF3C0,6930,7,82.0,0,0.0,0,0.0,-1,84,407.0,140.55227412928707,312.7041,0.0,47.17462618395829,0.0,199.46538,-44.08114522496608,1.5235916595818582,0,1074,0
3A2DF9C0-4CA5-4BB0-8F69-41E306415434,4824,3,123.5,1,0.07566334991708126,292,22.09369817578773,741,190,554.0,211.85948830343096,387.4,0.0,41.70385009537794,0.0,267.7,11.787108918791262,0.17671929662077696,0,1074,0
2F0B4580-9C56-40B9-A79E-011AA226D402,2836,15,39.642857142857146,6,0.7722143864598026,467,60.1040197461213,273,246,160.0,50.59871602099101,152.757,-14.57095,20.56509678912842,0.0,79.53311399999998,12.225814938885534,-0.21076044238321764,0,1074,0
0B12EC05-9178-47BE-B0DB-5F6AD150B22C,12761,5,137.0,2,0.057205548154533346,164,4.690854948671735,791,0,450.0,148.3414314295519,414.75,0.0,40.04152364476221,0.0,201.27,-12.908051028317345,0.34356225334163043,0,1074,0
A805F55E-8340-4A1B-B342-62A243DE1527,1351,1,0.0,0,0.0,0,0.0,-1,426,887.0,92.38765849326954,208.9132,-208.88,26.911791771813903,0.0,129.89506,9.788533440372433,0.3063167789758272,0,1074,0
870EFCB6-0506-4C36-900B-58B90AE08897,2771,2,0.0,6,0.7903284012991699,517,68.09996391194514,409,421,301.0,50.22544705536528,144.8135,0.0,12.248497097861573,0.0,66.54053,9.452399153739655,-0.18750232294059654,0,1074,0
E1656FE3-DAA7-41A4-B529-23A70618047A,2850,3,129.5,1,0.1280701754385965,9,1.1526315789473685,449,162,748.0,93.64117442402895,404.8377,0.0,36.96415859293187,0.0,139.20882,19.912821967714876,-0.9161183223848846,0,1074,1
AFA767E0-ADC2-47E6-8265-041F5856400B,6091,2,1.0,0,0.0,0,0.0,-1,407,653.0,123.83073019057024,397.7569,0.0,82.09573566330994,0.0,226.1755,-1.8034342306936821,-0.05071190664611935,0,1074,0
25DA5517-8E5A-4428-AE69-F814D532E82C,12761,3,283.5,2,0.057205548154533346,432,12.356398401379204,17,408,284.0,92.90594081644298,368.901,0.0,50.51088629621297,0.028602774077266673,145.2609,4.441662307785393,0.351106363128325,0,1074,0
410F273B-56EE-477A-8190-71177633F867,12761,3,39.5,3,0.08580832223180003,58,1.658960896481467,403,326,295.0,89.31855005276893,187.58,0.0,20.391769634518877,0.0,115.8,3.7131652250088507,-0.08695087699451258,0,1074,0
587FA9B5-D4C9-4DB1-A1E7-DB3CB5771DAB,4017,2,1.0,0,0.0,0,0.0,-1,403,301.0,37.16679173761873,532.4835,-27.9,20.8874959680252,0.0908638287279064,64.5,-7.895032478359472,0.08323266932815128,0,1074,0
9D1143F3-C71B-4BE6-A967-39B81623748A,12761,2,0.0,0,0.0,0,0.0,-1,403,239.0,51.75981204756324,536.0,0.0,30.91315643823908,0.17161664446360006,93.0,27.539184866017017,-0.21895244268848363,0,1074,0
5686885C-CDF1-4BBC-8012-0BFB570FFC5C,5146,7,68.33333333333333,3,0.2127866303925379,298,21.136805285658763,704,113,259.0,90.9857813956179,185.0,0.0,16.812071768049833,0.0,112.5,12.522900714721601,0.03974555688563597,0,1074,0
F46EF20A-0F69-4085-B391-71F3B111B8EB,4440,3,193.0,4,0.3288288288288288,346,28.443693693693692,121,381,1665.0,132.63918607088098,696.2038,-15.60709,135.42051917572104,0.0,341.6239199999998,184.05125632479033,0.08482897226838507,0,1074,0
216DB755-ABE2-42E4-AA82-E1E20F31103F,1892,4,52.666666666666664,1,0.19291754756871038,18,3.472515856236787,817,379,452.0,74.58161829610806,238.3347,0.0,35.18941757119982,0.0,121.22151999999998,-2.6013124258148537,0.26602290025723324,0,1074,0
EE323BF7-DFDE-4CF6-9557-60ACB23A6E6C,4130,1,0.0,0,0.0,0,0.0,-1,376,452.0,99.33087641715282,849.87,0.0,22.622594204237128,0.08837772397094432,126.0,2.031855064328653,0.003921094510884112,0,1074,0
3E2A058E-FC59-4E75-A86D-E8B1D3EB2EFE,12761,9,77.0,1,0.028602774077266673,175,5.005485463521668,432,81,693.0,186.2795569879117,459.5814,0.0,103.85409064724968,0.0,316.65885999999995,-186.2795569879117,0.0,0,1074,0
48A0384D-7E79-4BFA-B8D2-6081AD2F90F9,8567,4,34.666666666666664,2,0.08521069219096533,1321,56.2816621921326,157,366,406.0,92.47861578102518,323.72,-28.68541,31.790220301542274,0.0,134.2171,-8.739941510577651,0.08639789145537086,0,1074,0
8049872E-28FB-42EE-B30F-D5C6EB0017E0,8492,3,87.0,6,0.2578897786151672,116,4.9858690532265655,99,190,77.0,30.770298321317927,114.7132,0.006320088,17.324515599998367,1.2464672633066414,56.573071999999996,4.873402738049361,-0.2365239308259925,0,1074,0
BA6B93E6-32D4-4904-BE4D-AB3B5635BEC5,12761,6,83.4,2,0.057205548154533346,163,4.662252174594468,731,226,920.0,177.3813210523818,535.4004,0.0,105.45478313934646,0.0,304.5959,62.84513019769537,1.5838794608957307,0,1074,0
C6C80C9C-0461-4D1D-B482-AF468A879CAC,4541,2,1.0,4,0.32151508478308743,659,52.969610218013656,249,358,901.0,148.91494700934302,489.2578,1.831055,64.79507390359561,0.0,227.7832,22.066623006089088,0.1913588313827779,0,1074,0
AE983F2F-0D33-4E8A-B78D-FC2DE082B356,537,5,84.25,0,0.0,0,0.0,-1,23,1246.0,209.1694364306158,629.2313,0.0,129.69368170363734,0.0,377.03238000000005,12.910086553952112,-1.8005220492667826,0,593,0
91FC46BC-EAEC-420E-90E7-8B9EB6FDFB6A,1932,6,63.6,5,0.9446169772256728,241,45.530538302277435,428,199,554.0,97.5875701348359,321.0908,-26.95652,57.28195770018287,0.0,180.7124,28.96641229618261,-0.5107686282063001,0,1074,0
39792953-EFB1-4EE9-86F6-C318FBFA1550,399,6,64.0,2,1.8295739348370925,97,88.734335839599,283,31,602.0,177.2678129408033,360.0257,0.0,55.952513383478035,0.0,246.24521,-23.958375496358883,-0.08135280954911192,0,417,0
142AECE8-7660-4809-94E9-B4F2F2C010E9,511,5,82.0,3,2.142857142857143,51,36.42857142857143,337,148,226.0,25.72127748429099,108.1698,0.0,13.107052578965238,0.0,41.82541000000004,2.618274605986784,0.22728993159361816,0,537,0
2330284F-71E7-4FEA-AAEA-073E1C52A071,4541,3,154.0,4,0.32151508478308743,547,43.967187844087206,249,29,901.0,149.5369879377715,488.5254,-151.0,64.31849938191662,0.0,228.1494,21.61299473429642,0.18039414789819105,0,1074,0
6F0E2563-148C-4B04-A3E1-F7FDA69F387A,5303,7,46.833333333333336,7,0.48180275315858945,141,9.704884027908731,247,47,301.0,99.46726740583821,240.9741,0.008972168,17.643666359374322,0.0,125.8902,15.860721135004681,0.11787904498022136,0,1074,0
D698C919-8F96-4908-9794-7E94FBC4C880,12761,2,420.0,4,0.11441109630906669,1981,56.66209544706528,746,326,726.0,235.9235758868738,521.68,0.0,72.15906866302097,0.0,332.25,-15.857188541194802,-0.4932821678947606,0,1074,0
7C0FE479-4111-4BB5-8D55-607B41C9B0F3,5620,3,214.5,2,0.1298932384341637,10,0.6494661921708186,318,319,450.0,117.43419486296268,218.38,0.0,26.30756079483109,0.0,150.67,24.492146958024975,0.03699844459522133,0,1074,0
58682C71-82CE-4105-A731-736CAC1F991D,1856,2,297.0,0,0.0,0,0.0,-1,316,452.0,144.5447691621074,307.5027,0.0,35.8604795488165,0.0,187.5275,-6.7060876775395,0.15157633107755178,0,1074,0
61D3E1D8-1995-428B-80E4-318ED8513EE0,380,1,0.0,1,0.9605263157894738,10,9.605263157894738,248,306,402.0,21.148511137976037,161.8541,0.0,28.101341451605208,0.0,64.72474400000002,14.287434759400512,-0.08652960535815335,0,810,0
BB5BDBB3-30F0-45A0-90C5-6AD5CACD8AA3,6581,2,247.0,0,0.0,0,0.0,-1,303,188.0,34.84309568997779,119.6,0.0,6.642947814973741,0.0,44.0,-1.325888899854327,0.0188512642164013,0,1074,0
9FE556DC-9229-4044-A12D-D158ECD9C8EC,1064,2,10.0,1,0.3430451127819549,4,1.3721804511278195,321,284,250.0,27.10611482291013,84.55215,0.0,9.323665284600144,0.0,38.935092,-2.769841431397783,0.04310166308481322,0,1074,0
6036494F-799D-432A-951B-0FD9BCAE3383,6992,2,0.0,0,0.0,0,0.0,-1,288,768.0,97.59999059301249,282.7339,0.0,36.75490293527796,0.0,146.3098,3.3338121333763837,0.1207285482192808,0,1074,0
283B275A-3D7F-4D6F-9327-8752BC9AE288,12761,7,63.0,3,0.08580832223180003,258,7.379515711934802,123,123,706.0,246.63202607871958,493.9087,-0.9,73.80036817550302,0.0,338.635,-64.86887129476892,-3.15345673639442,0,1074,0
51EDDA54-2C7E-4CBF-A0A9-01946FB3154F,6992,1,0.0,0,0.0,0,0.0,-1,286,768.0,98.73149858398675,286.2928,0.0,37.04996446712802,0.0,147.8916,3.405870058605828,0.11889209520850846,0,1074,0
51D47ABB-49D8-4264-BF61-141D4150B9FF,5788,7,135.0,2,0.12612301313061505,66,4.162059433310297,214,4,953.0,138.522969081303,750.6409,0.0,91.95989041940264,0.0,253.7842,-20.12455440144187,-0.00438134834141818,0,1074,0
FF43FC19-CB5F-4E57-B4F2-97863D71913A,4475,2,132.0,1,0.08156424581005586,296,24.143016759776536,846,141,490.0,88.34852752135036,258.0,0.0,27.889829564392862,0.0,122.0,4.072923195470622,0.1670337672248392,0,1074,0
844C1E94-D91C-4693-A425-0673A5E23C9F,3936,3,19.0,1,0.09273373983739837,47,4.3584857723577235,262,224,511.0,161.36846799500478,294.4316,0.1511501,35.91944939331642,0.0,207.1635,5.9342750165692735,0.32600934065748144,0,1074,0
5C17EFDE-AC38-42A1-8921-47450C93FC46,4783,3,283.0,0,0.0,0,0.0,-1,253,250.0,35.14104514817381,142.5,0.0,12.047071404637506,0.0,50.0,3.4579131851595264,0.239968897623366,0,1074,0
F867B201-9236-4A2E-9E95-E4D3B5D842B9,12761,6,145.4,2,0.057205548154533346,46,1.315727607554267,23,65,499.0,71.53913769772802,191.1,0.0,24.737674289652396,0.0,103.2,23.708207981284318,-0.024957813721946116,0,1074,0
7814E77A-3787-4332-A9BD-C92B5DC2C0B1,5171,8,123.14285714285714,5,0.352929800812222,109,7.69386965770644,165,48,490.0,106.59664586680222,266.83,-14.72,43.31844023542986,0.0,149.1,13.484311694926177,0.08153355638316241,0,1074,0
18D3BF84-9B53-48D3-B063-F7DFA6FA89ED,12761,3,227.0,3,0.08580832223180003,290,8.294804482407336,468,239,269.0,154.02592469585036,254.4,0.0,31.826335555826866,0.0,194.1,-26.58585525140593,-0.11283964526954644,1,1074,0
725409A2-0E3D-4446-987F-EB1FF410D697,12761,7,83.33333333333333,2,0.057205548154533346,112,3.2035106966538676,45,232,803.0,298.5696755863824,799.1638,0.0,131.85895081726392,0.0,440.0024,87.73733418136453,0.05454735996348799,0,1074,0
39A2C8C4-7F28-47CA-9AA4-8961A6AAA602,4088,1,0.0,1,0.08928571428571429,8,0.7142857142857143,809,223,624.0,62.50314160955538,276.754,-6.019614,36.26553677695349,0.0,110.02929999999999,-22.252499584092412,0.15586620254840794,0,1074,0
9683C647-7AFE-4F37-B4CB-37BD2E7380EC,6203,1,0.0,2,0.11768499113332258,158,9.297114299532483,245,222,269.0,74.9436692908247,171.7468,0.0,21.32998033027024,0.0,103.1653,29.85814711040986,0.7601073924134891,0,1074,0
93132377-10BF-46AB-B748-AE3094FFF34C,4817,2,0.0,5,0.37886651442806724,140,10.608262403985883,248,218,294.0,86.15396156804599,536.6702,0.0,33.659353377283544,0.37886651442806724,132.75,8.17383704306512,-0.021604555089196974,0,1074,0
E4DDABB0-5441-4865-8C23-A2516C0A5149,1932,4,6.333333333333333,5,0.9446169772256728,150,28.338509316770185,436,199,554.0,105.05557186612882,310.8095,0.0,58.506956751112284,0.0,190.5982,29.278168536803292,-0.5042293670579286,0,1074,0
F28238AC-EDF1-4E47-991A-034656708A18,9357,15,42.285714285714285,0,0.0,0,0.0,-1,212,693.0,177.2725136503137,384.6,0.0,43.80573129579662,0.0,229.6,-0.08032229228899723,0.4056403968481112,0,1074,0
2246E459-92C8-4031-A2E2-7B0A5D166EAA,12761,5,47.5,1,0.028602774077266673,4,0.11441109630906669,127,18,630.0,41.085092911484196,587.9417,0.0,106.13131794605663,0.0,247.15073999999998,230.22534930302203,0.10666603978861088,0,1074,1
36D8819D-C1FE-41D7-8634-80B330BC8E60,12761,10,78.88888888888889,0,0.0,0,0.0,-1,27,529.0,71.33962304812007,283.2687,-14.1602,54.13062899452918,0.0,142.0898,6.377831708824374,-0.515301222058261,0,1074,0
4020B8F4-3A21-4DF9-8501-1C464D81E73B,3616,5,117.5,1,0.10094026548672566,173,17.46266592920354,196,90,120.0,30.951081120624554,90.5029,-2.0,8.249187354405274,0.0,43.25975,-1.887953763371467,0.012567016630398296,0,1074,0
AF87F62F-3C03-4D0D-9722-8060B5CB41B3,12761,3,212.0,7,0.20021941854086672,407,11.641329049447537,99,17,77.0,28.875124448515304,80.10583,0.002974187,16.341405545658816,0.057205548154533346,53.210094,4.7233440276158625,-0.22064485652300314,0,1074,0
6B7D69EB-3F90-4DB5-B105-55BDEBD0EB6A,8925,3,81.0,5,0.20448179271708683,99,4.048739495798319,182,21,440.0,272.65348171152567,413.97,-15.57002,83.13079551037993,0.0,343.07,3.6896456032891365,-0.615287702986023,1,1074,0
BD959831-3BDF-418D-AD85-DA021C5F8822,5478,6,61.2,1,0.06663015699160278,24,1.5991237677984667,9,65,490.0,141.49419386689286,802.0,0.0,46.46583791167589,0.06663015699160278,201.59,-2.2790936747632315,0.39765762868689275,0,1074,0
62A73906-3EF3-45D1-9D3C-8606A3D65A90,6371,5,105.0,3,0.17187254748077224,378,21.655940982577302,479,102,269.0,93.45883842921519,533.0723,0.0,33.281729647533325,0.2864542458012871,134.1,-8.568804262780006,-0.049028453506404716,0,1074,0
5C4DB19D-9BCD-473F-B857-7118091B3580,12761,1,0.0,2,0.057205548154533346,44,1.2585220593997337,817,153,188.0,34.455838653583434,81.0,0.0,10.47988268390109,0.0,48.0,-5.206996060990843,0.1092423961805741,0,1074,0
543FA16C-1207-4E8C-A1C0-499F0B8A249B,5051,3,38.5,1,0.07226291823401307,58,4.191249257572758,918,74,133.0,37.528648499599214,83.71803,0.0,13.912144741726294,0.0,54.88178,1.4081460785180653,0.041401057899979596,0,1074,0
59F7DD56-C665-42DE-B997-94823778B39B,4936,7,74.5,3,0.22183954619124796,29,2.144448946515397,987,36,1734.0,463.24016116013917,1165.093,-82.24992,202.68516720188816,0.0,750.9201,-67.78952892171321,3.588568074796956,0,1074,0
702910A0-BA44-4766-AA67-D86F6A3B3F99,7463,4,86.33333333333333,1,0.04890794586627362,249,12.178078520702131,846,141,693.0,51.94245472777068,265.1713,0.0,27.3253683591636,0.0,87.35054,-15.82105035431389,0.14077645145259626,0,1074,0
76DEF8EC-BC05-45F4-9A17-EE19804E89BC,2729,3,2.0,0,0.0,0,0.0,-1,139,472.0,74.37850346426542,380.5664,0.0,60.848258209679585,0.0,157.5439,36.912627847694466,0.19003107626165971,0,1074,0
2868313B-49FA-4E25-9459-4D66A1A117E6,4874,2,439.0,1,0.074887156339762,30,2.2466146901928603,777,132,251.0,96.2448534321094,232.5,0.0,13.226488693244397,0.0,112.37147999999999,1.5229851373350414,0.11854753144412217,0,1074,0
104A009D-8BA7-4B68-BC2F-F007BF0D7B6D,7449,6,107.0,2,0.09799973150758491,343,16.806953953550813,9,12,820.0,228.73649508595184,652.0,0.0,91.29461699017139,0.0,335.0,37.259878370838294,1.1540588572889803,0,1074,0
0AC983BF-C77D-463D-A8D8-993E4D5E7C21,3661,3,373.0,2,0.19939907129199672,712,70.98606937995083,378,127,602.0,154.3333095459517,319.9472,0.0,31.135486194880293,0.0,195.52139999999997,24.899139418554483,0.18233478885008383,0,1074,0
51649634-A16E-4323-809B-7E15C362D5BD,12761,11,93.4,0,0.0,0,0.0,-1,117,188.0,0.0,0.0,0.0,0.0,0.0,0.0,0.0,0.0,0,1074,0
7D009E15-757B-4BA5-9B51-239AB1A261F2,12761,1,0.0,0,0.0,0,0.0,-1,107,251.0,83.63436276399024,231.5428,0.0,30.080000545513027,0.0,124.9,-2.4206976405334473,0.17194996067180005,0,1074,0
DFFDD77E-1474-4BCF-8ADD-E88ABCAE0D13,2274,3,0.5,0,0.0,0,0.0,-1,103,452.0,92.87222283372289,375.0,-16.6,23.172279593150755,0.0,123.0,8.057252474919082,-0.08876324466222087,0,1074,0
E22F25BB-34C0-4A1C-A7F8-E2B037338F14,1760,2,241.0,4,0.8295454545454546,289,59.93465909090909,428,105,1246.0,367.6503313237875,830.7,0.0,118.44511160671176,0.0,533.9,-49.95814768181219,-3.0692561210121885,0,1074,0
B661AA1C-BEA1-47C2-96FF-01C42B0F6063,6168,4,178.33333333333334,3,0.1775291828793774,674,39.884889753566796,142,103,129.0,36.27228979329349,147.53,0.0,8.604734348692622,0.29588197146562906,47.659788,6.717459013805275,-0.05625281615132967,0,1074,0
B49E420D-017F-45B2-AD09-690BB04224C5,2443,3,325.5,3,0.44821940237413016,360,53.78632828489562,372,92,251.0,71.41477899244596,171.8945,-34.22894,26.531653906552243,0.0,106.16738,3.1201843084799634,0.18140071219897372,0,1074,0
0D73717F-9B64-45D8-9390-42A477B75B22,2982,4,88.0,2,0.2448021462105969,78,9.547283702213278,769,89,473.0,103.43528089396361,360.5347,-43.45978,33.04934187843515,0.0,146.0266,21.62811389538824,0.41700526694586365,0,1074,0
195D4A28-7382-4A32-9F2B-BDDC68B010A1,10314,4,59.333333333333336,1,0.03538879193329455,27,0.9554973821989529,311,73,318.0,103.6480824143428,206.9336,0.0,39.40828756596579,0.0,155.5664,-26.732066107398353,-0.09477990946226642,0,1074,0
5CB79D86-032A-42DA-AF90-0E1332BA04C4,4818,2,1.0,1,0.07575757575757576,834,63.18181818181819,501,78,450.0,109.48202389298595,201.0,-10.85,23.152629298070973,0.0,141.0,4.701540921828865,-0.12687317364295073,0,1074,0
789538B1-103F-4BBB-9681-2AAC7E5B54E7,4508,2,6.0,4,0.323868677905945,535,43.317435669920144,249,78,208.0,33.2175572926501,237.2923,0.0,8.129006500730256,0.4048358473824312,43.88632,-5.923375585116148,-0.3092737302977363,0,1074,0
34BDDE82-82B6-484F-A68B-5DD3017F0D80,4777,4,43.0,0,0.0,0,0.0,-1,8,400.0,143.4062281352179,303.6,0.0,38.47628046529193,0.0,193.2,-6.381042950032736,0.20430473812484004,0,1074,0
1A9B0851-50C5-42E5-83C2-55BC5588285B,3081,2,728.0,1,0.11846802986043493,4,0.47387211944173974,109,72,250.0,65.18097255362163,159.0,0.0,18.75497045259302,0.0,91.0,-6.557129961029034,0.08622606586084351,0,1074,0
D984B4DF-76DD-41F3-992B-70589E5FBDE1,2563,2,1.0,6,0.8544674209910261,276,39.305501365587205,277,67,301.0,104.46824070791016,539.4805,0.0,21.055658928424915,0.28482247366367536,128.87956,-3.7570762302172653,0.07035166849632991,0,1074,1
9175FD58-1638-47AA-8B16-4041EF9F43BE,3517,1,0.0,2,0.20756326414557863,11672,1211.339209553597,66,67,452.0,115.11128849029616,242.4871,0.0003521013,21.409292643866692,0.0,140.00168,-5.271300671462029,0.25676612426537904,0,1074,0
5739BAFF-F3B3-4D68-8255-E61A5CD65DBD,6203,3,232.0,2,0.11768499113332258,387,22.77204578429792,846,53,259.0,50.773183045102755,115.963,0.0,13.693870862164928,0.0,68.61253,6.673324694326254,-0.2098137618880773,0,1074,0
E80093A2-E813-4D0B-B4C0-B12BF07A58A2,12761,9,63.5,1,0.028602774077266673,17,0.48624715931353346,794,11,887.0,207.30468704474674,552.0,0.0,91.98892671996333,0.0,314.0,-88.5644864274628,4.035988725174178,0,1074,0
1EFF23EC-E7A0-4535-8747-37BC6B2B0CF9,12761,7,98.0,2,0.057205548154533346,15,0.42904161115900014,441,21,399.0,159.3492218328238,346.0003,0.0,41.50917407387709,0.0,200.41258,3.222858889398424,-0.5229471168618937,0,1074,0
62F835CA-317D-46C9-90DA-C87C8CD69E20,10165,5,253.25,2,0.07181505164781112,75,2.6930644367929166,846,43,188.0,42.45007536557779,138.1113,0.0,10.601705513071126,0.0,57.72988599999999,2.8974894584023048,-0.016911972520849,0,1074,0
30C3AEA4-3841-4F2F-9493-E2E62AE7FEA4,6247,3,3.5,3,0.17528413638546503,106,6.193372818953098,479,50,158.0,27.480786289147733,137.0,0.0,14.773190113977945,0.0,48.0,7.743364945420165,-0.12672992321872692,0,1074,0
B844FC6F-EF8F-42FF-92AB-06DE9BF9C2DC,4857,3,241.0,0,0.0,0,0.0,-1,50,314.0,86.21039275738603,459.9609,0.0,29.770593460998736,0.3757463454807494,123.0,-4.753679794423064,0.12910573093150313,0,1074,0
50B491E2-4948-470F-83CB-A07016264463,4301,3,307.0,2,0.1697279702394792,4615,391.6472913275982,98,44,542.0,114.6581209630161,411.9742,-1.84794,73.58348440038156,0.0,213.23251999999997,-63.68811381534488,1.7444358888449798,0,1074,0
749B5EBB-7FE5-4728-B3D8-CAA50CE673F8,6019,6,107.0,1,0.060641302541950486,121,7.337597607576009,846,25,269.0,89.67259039463376,169.5257,0.0,19.912657377012675,0.0,115.941,-6.805228108599806,0.11391526439979534,0,1074,0
B55107E0-4499-4EE7-8DBA-C4114403A0E5,12761,4,157.0,1,0.028602774077266673,41,1.1727137371679337,791,19,739.0,176.54769282860784,606.76,0.0,104.76853508840453,0.0,310.19399999999996,-57.15611875453378,1.6706271156017913,0,1074,0
F21D382B-46AC-4A96-9C63-95FD7C9CE1AE,4936,4,114.33333333333333,0,0.0,0,0.0,-1,17,1734.0,468.7977909811781,1171.826,-91.81165,201.6813813959239,0.0,756.36964,-64.53442663627067,3.1272796424127316,0,1074,0
1F3135EA-5ADD-41B0-BBB6-8DA2CA41D6A9,10286,4,184.0,2,0.07097025082636593,9,0.31936612871864667,428,1,146.0,34.52825356068583,1146.798,0.003754629,10.404515571873638,0.17742562706591483,43.70176,3.898165789350273,-0.0809372474779901,0,1074,0
6AB8C606-0992-47F0-AA31-A4206C93525B,743,3,300.0,1,0.49125168236877526,60943,29938.35127860027,654,5,497.0,55.67933963027204,494.0,0.0,25.622080995605696,0.0,88.0,-2.1013303710127786,0.0278921608977274,0,774,0
A9308171-2840-4077-9F49-45BCBB738070,8758,4,262.0,2,0.08335236355332266,349,14.544987440054806,261,1,346.0,76.09771520171968,184.4,-31.48009,29.59124465297456,0.0,112.8,-0.10025378196660029,-0.14818489822711553,0,1074,0
BBC31DC0-B7CC-4E6A-8F9C-43891A705AAB,12761,2,181.0,1,0.028602774077266673,4104,117.38578481310243,459,288,314.0,80.41672547864316,190.0,-1.46,28.719228746293613,0.0,115.0,-3.6938088119764956,0.12544672867699957,0,1074,0
625C3816-E8C2-4A8C-ACFC-C7DD02C07D20,940,2,7.0,4,1.553191489361702,703,272.97340425531917,249,771,151.0,14.20128199697631,500.0,0.0,53.139655713541835,705.9255319148936,12.23602,-3.67084522182199,-0.008816593076088668,14,1074,0
A9693C1B-395A-4C3D-8F96-0D0006596C22,12761,7,33.833333333333336,1,0.028602774077266673,323,9.238696026957136,846,572,84.0,11.407045542354284,188.5983,0.0,2.447208301207521,0.11441109630906669,14.331719999999999,-0.46673182020922077,-0.006399670846949021,0,1074,0
72E1682D-34E5-4D99-BC5B-72D1DA524E78,3493,1,0.0,4,0.41797881477240195,136,14.211279702261667,438,774,250.0,39.324703945616164,125.6862,0.0,17.254777911708246,0.0,62.336583999999995,5.828885590880745,-0.07411809330506133,0,1074,0
E5E993A9-BBB8-42BD-BB85-83857243B3E8,6270,4,227.0,2,0.11642743221690591,168,9.779904306220097,485,92,269.0,61.59152637285036,413.3616,0.0,14.279575736740957,0.29106858054226475,86.084144,15.354045087026186,-0.446889500125853,0,1074,0
4E42BD1F-F152-41F6-8C37-B03B91B72C24,12761,3,93.0,0,0.0,0,0.0,-1,586,489.0,107.54275328501039,239.0,0.0,24.338976670248645,0.0,139.0,12.098064616224178,-0.23997138421308212,0,1074,0
CB739177-12CB-41DD-8CF4-5B37A7E1C906,4739,6,70.8,1,0.07702046845326019,319,24.56952943659,846,415,1524.0,433.0234200888978,810.0,0.0,55.712859665437655,0.0,504.0,-5.126197488589185,0.21220110642907777,0,1074,0
39A56711-63D6-48D1-AB88-F8538F388120,4156,2,42.0,1,0.08782483156881617,190,16.68671799807507,225,771,151.0,29.708979780507228,139.0,0.0,7.796657389847299,0.0,40.0,0.0928720713446225,0.006988288448933776,0,1074,0
E0FE1F49-6C09-4610-A5D1-DB7EF44A313D,8263,5,153.25,5,0.22086409294445117,72,3.1804429384000965,549,155,708.0,172.49542049497708,681.6454,0.0,104.42198822455157,0.0,304.65117999999995,13.21639663465254,-0.37554267044876505,0,1074,0
C6047CE0-9451-4ECC-AAF2-DFCA6190BDC9,12761,5,152.25,2,0.057205548154533346,44,1.2585220593997337,7,152,452.0,130.23305635428332,797.7214,-44.0297,44.00476966839012,0.057205548154533346,184.40859999999998,-14.32460090443763,0.34475576982231043,0,1074,0
75ADE5F4-067C-4930-BB4B-A03E975DEC67,6382,1,0.0,1,0.05719210278909433,110,6.291131306800376,846,758,269.0,71.14101773423893,142.8666,0.0,13.1806590777606,0.0,89.1,5.701289364526502,0.05506056417566125,0,1074,0
79940172-DE11-4491-B298-EC92A07E899B,9536,5,184.75,1,0.0382760067114094,55,2.105180369127517,444,51,489.0,155.76883332146303,276.0,0.0,28.397120856110952,0.0,190.0,-3.971688259734634,0.15621973220273483,0,1074,0
B05F4C1F-99C0-406E-8224-06E97829F2B2,6302,5,207.5,2,0.11583624246271024,13,0.7529355760076165,987,131,312.0,36.61694938088795,91.40901,-341.95,11.31737416956698,0.0,51.91563,1.2564198498219312,0.1541731460931095,0,1074,1
8F12CE1C-05AF-490C-8BB8-1CA1FFF9A086,5299,5,157.75,3,0.2066427627854312,227,15.635969050764295,468,101,301.0,75.49009868599623,504.4127,0.01555736,18.09654654518732,0.34440460464238537,98.958992,-18.9752045247308,0.0428192983969829,0,1074,0
84BD511D-6277-47EE-B645-4874358E846D,3956,3,80.0,2,0.1845298281092012,233,21.49772497472194,846,568,301.0,86.0898309981336,158.909,-8.317545,19.62676341770875,0.0,110.79964,17.86536085217503,0.10222627212426043,0,1074,0
0AAAA21C-8D90-42CB-9758-50887F2ADCA0,6586,2,0.0,1,0.055420589128454295,186,10.308229577892499,846,722,269.0,92.59737596518353,158.2944,0.0,21.559411774557628,0.0,122.49422,-1.2595096364798195,0.2234858948554822,0,1074,0
AFC46547-FE9B-467E-96B1-2F633B2D3EA5,5634,6,130.0,1,0.06478523251686191,143,9.264288249911253,700,71,451.0,82.85882489726464,206.1064,0.0,28.637922534904284,0.0,117.5892,-21.349069893097976,0.00037948778867163225,0,1074,0
2703E2CA-ABC0-4280-99F0-BADFE8890649,8833,3,272.0,7,0.2892561983471075,204,8.429752066115702,9,157,314.0,50.86660148788905,176.0,0.0,26.387399232655287,0.0,86.0,-11.184116919987815,0.5065958646014666,0,1074,0
7F6B8819-A0B9-42EF-A026-381CFD1D6188,761,1,0.0,0,0.0,0,0.0,-1,694,678.0,44.73252502427547,162.7922,0.0,30.02839591062131,0.0,86.73477,-3.568844737855713,0.019233121084412084,0,810,0
08239E64-D3DE-44B3-A081-FAA5940F7543,8387,5,147.25,4,0.17407893167998092,44,1.9148682484797903,108,190,314.0,41.91248795379644,1000.83,0.0,13.33666066749215,0.21759866459997615,57.0,-5.2022256081174305,0.0679898181302345,0,1074,0
5ACB72DB-4E4E-42E7-9253-6DCD965927CD,4453,2,1.0,4,0.3278688524590164,38,3.114754098360656,116,673,301.0,43.613756092956976,103.4156,-45.3,13.313374890209,0.0,60.691004,2.5265007093578333,-0.08647719097984358,0,1074,0
D7EC6434-BF8F-4699-8A20-1FA3E017D34B,12761,3,0.5,1,0.028602774077266673,5,0.14301387038633337,892,648,489.0,109.55710362836443,221.0,0.0,28.902329151305782,0.0,146.0,-0.09113140614221038,-0.08470724552195937,0,1074,0
26F11D4C-5846-41DE-B0C2-EEC7F41FBFD0,9353,4,93.0,2,0.07804982358601517,143,5.580562386400085,332,450,100.0,44.94729867630968,96.4273,0.0,7.669705091087355,0.0,54.0,1.6140593483816872,-0.05439331787651123,0,1074,0
174492BE-3335-447B-B0B4-1436DF5F9F12,4263,2,238.0,1,0.08562045507858315,17,1.4555477363359137,260,386,188.0,21.229833519077744,138.5683,0.0,7.016186477889931,0.0,29.681209999999997,-2.9383533766394727,0.04929525821487614,0,1074,0
50F4C3E1-66C7-47EA-8E7E-AA173597A0BD,12761,3,104.5,2,0.057205548154533346,11,0.31463051484993343,203,624,313.0,48.517367348540276,188.0,-25.09178,29.050960383926707,0.0,89.0,-4.161966113972376,0.28621297553878844,0,1074,0
022B9D83-1EE0-48A0-AF7C-E057A504F1D9,3956,3,31.5,2,0.1845298281092012,773,71.32077856420626,316,561,301.0,85.6652586971877,171.4468,0.0004522573,19.57529367412684,0.0,110.43361999999999,17.850444311299967,0.10222933422440787,0,1074,0
C934F421-91CC-4E16-9087-2EE88663A6A3,6605,3,297.0,1,0.05526116578349735,4,0.2210446631339894,753,25,377.0,64.48271974635311,208.0107,-1.749512,29.706338415138696,0.0,106.03662,2.143723037890709,0.07204135251443512,0,1074,0
06A8DAD9-0ABC-4738-A1ED-648A8800DFC0,7990,5,117.25,0,0.0,0,0.0,-1,496,489.0,108.15372697430186,201.0,0.0,26.593876138583184,0.0,143.0,8.654760680019123,-0.15882264842950694,0,1074,0
CFC05757-D065-4373-91F8-A452AB1F1396,8614,4,234.33333333333334,2,0.0847457627118644,98,4.1525423728813555,241,240,761.0,110.99519299623816,386.7279,0.0,70.83395199393232,0.0,208.38683999999995,-48.43845559037396,0.6117698851401073,0,1074,0
03492447-A122-438A-B6A8-A9FA08AFB3C7,352,7,73.0,3,3.1107954545454546,30601,31731.150568181816,483,414,150.6,40.61218564252462,165.0057,0.0,30.338380031027043,1.0369318181818181,74.56374,-40.611597896575546,-9.076855767516782e-06,0,1074,0
65B7D5D1-9325-4311-B19C-75F2BCAE89AF,5152,2,1.0,4,0.28338509316770183,130,9.21001552795031,157,610,133.0,40.85304684787791,81.29862,0.0,12.09944830098228,0.0,55.963822,2.9143992993443106,0.12392157745694236,0,1074,0
CA28800D-A383-4B2B-9631-772BCCC7F6DB,12761,9,37.75,1,0.028602774077266673,24,0.6864665778544002,606,301,496.0,141.7452270127153,320.6305,-40.9519,70.93463443875481,0.0,208.78189999999998,26.595316940216804,-0.3495379138892986,0,1074,0
6BF8DCB5-9A56-49C5-8472-B5BEF5B15078,3249,3,0.5,0,0.0,0,0.0,-1,605,452.0,95.1865753300485,246.0,0.0,42.721193293309206,0.0,153.0,-14.874075330048498,0.10460173409604405,0,1074,0
270C0041-C543-4B27-BB02-7B5DB2AACFE6,5153,2,2.0,1,0.07083252474286823,17,1.20415292062876,796,602,188.0,17.985292041936713,97.0,0.0,8.773470016921435,0.0,30.0,-2.7477920419367123,0.005323816840657077,0,1074,0
BBF323B9-A2C3-4D77-AF75-A57446178B99,5652,2,202.0,0,0.0,0,0.0,-1,601,251.0,49.94941796357844,235.5896,0.0,12.849867798674412,0.0,65.31311,-9.474461501772886,0.08358833320702516,0,1074,1
2AA63D69-C695-4A9C-A97C-C9BC8EF077C1,9570,6,163.8,10,0.38140020898641586,2340,89.24764890282131,123,1,259.0,94.66919545106795,229.9768,-2.178168e-05,24.244945914471938,0.0,125.8154,15.47940543164809,0.01868230916586407,0,1074,0
D382CDA4-884A-4B9B-A22D-ABB67EFB11E4,12761,3,202.5,1,0.028602774077266673,12,0.3432332889272001,58,189,433.0,35.29027297222995,376.5,0.0,35.969829498346506,0.0,85.15907,26.839213583711413,-0.23777268278652494,0,1074,1
F059AF20-A1E6-4084-961A-8C9AF508F85C,1770,3,0.5,0,0.0,0,0.0,-1,578,629.0,81.1403750304441,782.7759,0.0,39.985921015313565,0.4124293785310735,137.29918,-8.607848391786689,-0.07134066887808886,0,1074,0
5BD94305-EA73-4031-BD99-1BDB7D4E8EE2,12761,3,76.0,1,0.028602774077266673,118,3.3751273411174676,846,570,346.0,71.0171401666248,414.9719,0.0,40.408854820628484,0.20021941854086672,126.5771,5.917745908884456,-0.6324995953197912,0,1074,0
AFA3066C-0692-4489-9DD1-346974AFC63B,5055,4,22.0,1,0.0722057368941642,1951,140.87339268051434,371,494,176.0,35.88373662162425,154.35,0.0,14.852428935175901,0.0,56.54,3.9609084401041414,-0.08421195117828509,0,1074,1
720C8CBB-10A6-4A55-B307-BD54DC897475,5103,2,14.0,0,0.0,0,0.0,-1,547,489.0,110.46140423575724,226.0,0.0,28.028002912690408,0.0,148.0,12.441990825971146,-0.046751542257284104,0,1074,0
B9DA195A-C798-40F8-BC58-AB1D1ABDA256,12761,1,0.0,0,0.0,0,0.0,-1,558,188.0,36.10052833658148,234.5,0.0,7.469809818116077,0.14301387038633337,46.0,-2.2528431513962985,0.022126988699991662,0,1074,0
851C0F1D-CE35-437C-BAD1-873DC0DCD321,6434,1,0.0,1,0.05672987255206714,357,20.25256450108797,846,555,676.0,98.02913050991933,217.8497,0.0,25.207595904308796,0.0,132.8735,34.306090647488105,-0.07067227620249648,0,1074,0
6F6D633F-3DF8-4747-B5D0-7FA33C5B1654,732,4,97.66666666666667,5,2.4931693989071038,1395,695.5942622950819,319,258,1188.0,205.50487619154006,1072.52,0.0,85.09323939333093,0.0,315.85699999999997,-45.10635767302156,-0.039737493883717834,0,747,0
D7A38D08-22DE-44EE-9374-6818BDDDF83C,6319,3,19.5,4,0.23104921664820385,50,2.888115208102548,108,515,314.0,42.68806775139692,840.0,0.0,13.220156415258497,0.2888115208102548,58.0,-5.739996763742603,0.06877169335031243,0,1074,0
EB3F0C5A-EF42-4536-8273-A67A4ABA5E44,2962,2,285.0,1,0.12322754895340984,424,52.248480756245776,846,249,542.0,120.13611548362871,408.2005,0.0,67.88829765963608,0.0,211.56477999999998,-5.741665503690442,-0.281406819592618,0,1074,0
B8FA83EE-4339-4D27-8FC3-4871FECC6BCB,1770,5,61.25,0,0.0,0,0.0,-1,381,629.0,81.35659703503467,225.6234,0.0,40.01819607263333,0.0,137.70329999999998,-8.544946313661214,-0.07101900310876683,0,1074,0
E37643E2-E950-46D4-A7B3-2D4BE8BE1CA3,2785,3,222.0,3,0.39317773788150806,528,69.19928186714543,98,529,301.0,63.468253677750596,237.4877,0.008464055,19.320596381253125,0.0,89.695178,-13.936587854680383,-0.05163335833070918,0,1074,1
FCFE37C8-7C41-4533-8EC3-C1D377BA22B5,12761,5,55.25,4,0.11441109630906669,165,4.719457722749001,598,521,99999.0,17.271339864340522,239.342,0.0,19.80477241724374,0.0,44.23828,-17.271339864340522,0.0,0,1074,0
6AAB6026-ABA0-4B4E-8E70-853E097CA073,1297,4,207.0,3,0.8442559753276793,245,68.94757131842714,459,153,452.0,103.18250988351991,199.3295,0.0,27.74312655252084,0.0,143.33,15.035251674350462,0.07345996949143535,0,1074,0
57806FEE-DB0D-4805-A542-4467F5D4B48C,2836,2,0.0,4,0.5148095909732017,413,53.15409026798308,472,509,181.0,36.81081410004339,87.78651,-373.2394,16.494299534228087,0.0,60.5909,5.851896219632536,-0.21888782317192187,0,1074,0
9CAF453B-F121-408C-9BA8-1B544FF2CDDF,12761,3,175.0,1,0.028602774077266673,8,0.22882219261813339,178,237,266.0,88.63689173470509,154.0,1.3,17.652043324135054,0.0,114.4,-0.1415599445816298,0.19193992285276648,0,1074,0
34BE3784-CDAE-409E-92F5-606D4F251F34,674,3,205.5,5,2.707715133531157,152,82.31454005934718,121,127,416.0,20.82586524165157,399.9599,0.0,25.425560233838674,0.0,53.14849100000001,40.58079149152744,-0.12319910733979111,0,760,0
6567AD54-68F7-4EF8-9098-EACE464D8897,3798,2,1.0,3,0.28830963665086884,413,39.69062664560295,846,489,301.0,49.24779185083064,113.5633,-0.02,13.596047942467884,0.0,66.94463,6.917303849555168,-0.2186365212554877,0,1074,0
415E2AC6-9736-4B8F-AEBF-1E2F89FC80E3,2095,1,0.0,0,0.0,0,0.0,-1,486,931.1,82.23782227243001,246.0,0.0,41.76443913271709,0.0,140.0,-4.915907544034951,-0.2326169840756308,0,1074,0
51F67213-28DB-4C56-8826-D9B8552B56A5,2901,4,58.0,1,0.12581868321268527,239,30.070665287831783,846,302,301.0,127.35262456519067,224.2425,0.0,21.192126041994225,0.0,153.21928,-16.769564775838816,0.5124557092718651,0,1074,0
DA0A2BEA-7166-4832-A6D4-0D9A8B23CD53,520,6,68.8,4,2.807692307692308,13233,9288.548076923078,354,127,226.0,32.20387052898879,93.27705,0.0,13.435892164636517,0.0,47.33927000000001,0.7953916600544275,0.08391548845247816,0,537,0
AD3296B7-7646-4DAD-9915-2E176E681BC1,493,5,94.0,3,2.2210953346855984,287,212.4847870182556,315,92,226.0,23.889489548876078,82.65611,0.0,12.811649475604796,0.0,39.18533,-0.5863450033513864,0.14195089596965113,0,537,0
284D8099-54AD-4BA2-9F1D-CBDBFC7678E7,1830,2,1.0,1,0.19945355191256833,27,5.385245901639345,464,465,753.0,251.11926661604957,668.7936,-156.5964,106.18114629080625,0.0,391.8119,-51.736465859876716,-1.8456022220167072,0,1074,0
91432895-B2E5-42C5-8793-8D9B2956CDA6,3905,3,325.0,3,0.28040973111395645,369,34.49039692701665,249,148,452.0,28.414598537230837,121.8503,-0.6455656,21.896274888909936,0.0,56.00580599999999,16.726696619173488,0.14011379295754,0,1074,0
2FDF257B-B499-4681-AC67-D61934D29759,4213,3,46.0,5,0.4331830049845716,466,40.37265606456207,249,365,452.0,197.6482538993959,536.0,-35.34,40.891853699694536,0.17327320199382862,252.0,13.208536224060879,-0.01355448546480175,0,1074,0
2189B5AA-6168-4CC0-B28E-DCBA48BC1489,9006,2,329.0,1,0.04052853653120142,11,0.4458139018432156,203,456,301.0,47.323067480300686,181.0,-25.56258,29.23231231674606,0.0,88.0,-3.9997650111648824,0.2870617314437249,0,1074,0
D6254F08-DE85-4CE6-9C7C-DA0882B4B70B,1712,2,170.0,3,0.6396028037383177,493,105.10806074766354,122,450,602.0,81.11095908447558,966.9294,0.0,13.89555237880823,0.42640186915887845,99.347252,4.563325282808364,-0.03701128760074647,0,1074,0
0EBC3A03-57B6-4B5A-B505-78FD4F82CE62,12761,4,128.66666666666666,0,0.0,0,0.0,-1,243,314.0,27.446831708466334,144.0,0.0,19.755877700048817,0.0,56.0,-5.063344054145347,0.2502494592382128,0,1074,0
EEC3CB4D-F102-4DB2-A192-4C69F0BD3C01,1851,1,0.0,9,1.774716369529984,935,184.37331172339276,278,448,452.0,86.5338923732413,189.0,0.0,24.626771013705,0.0,118.0,9.52799190145005,-0.3487996741974156,0,1074,0
25288F52-2B7B-430A-B67C-336DE7F68A2C,10130,4,125.66666666666667,3,0.10809476801579466,20,0.7206317867719645,156,421,188.0,38.24557325297915,136.0799,-723.0,13.525938647706365,0.0,54.793867999999996,-1.4700021433340922,0.07398565895883584,0,1074,0
E4B22469-BD58-4ECA-86AE-79D306D83E7E,5573,2,0.0,0,0.0,0,0.0,-1,439,511.0,163.05490830289298,296.243,-3.383485,36.105993966049276,0.0,208.75784,6.381147203279852,0.34491094533718186,0,1074,0
63641D07-2034-4A57-8871-AAEB24E848FA,12761,2,329.0,1,0.028602774077266673,560,16.01755348326934,296,106,188.0,51.031390861266324,120.0,-66.7,12.905409620725031,0.0,68.0,-5.521668639044101,0.04586082872595669,0,1074,0
A9499AB9-2DA8-46C7-98EE-CB387B56CF5A,519,2,1.0,0,0.0,0,0.0,-1,415,678.0,82.83079340119941,300.0,0.0,69.48312294723,0.0,113.93056000000003,6.408900651269718,-0.31691746619734373,0,690,0
27FF59CA-C2BB-451E-9481-9E3A649EF76D,8730,8,69.42857142857143,3,0.1254295532646048,20,0.8361970217640321,68,55,415.0,178.47577786075482,361.0,-1.0,52.32890629903595,0.0,244.0,-22.72833172418072,0.14493000795637045,0,1074,0
B1B22AA8-821E-4D5A-AE1C-317C4CB08AA1,3920,3,3.0,2,0.18622448979591835,81,7.542091836734694,354,379,452.0,75.89381841531399,216.3182,0.0,35.35576109690376,0.0,122.76305999999998,-2.6530651481843535,0.26646443991422,0,1074,0
9AE14878-F871-4485-A8E4-6331F02F5038,2472,2,284.0,0,0.0,0,0.0,-1,95,302.0,47.64406696335053,147.4399,0.0,21.314088928743672,0.0,71.763738,-12.05543754666612,0.1754230705735448,0,1074,0
43D48296-363B-493B-97E8-135A4D2D738D,6190,2,4.0,2,0.11793214862681745,54,3.184168012924071,738,379,1247.0,190.56853545446842,588.363,0.0,96.0171806622391,0.0,328.12946,-61.01353578703015,-0.7173935058185481,0,1074,0
5DED95B0-E8F9-4EDA-8695-40B4917BA061,12761,1,0.0,0,0.0,0,0.0,-1,372,573.0,79.95706186068361,312.1284,0.0,48.45123829642205,0.0,156.4771,6.465344843791698,0.11380200839773277,0,1074,0
D60B02FE-1AD7-4AFC-8112-59F271ABC336,5258,2,199.0,3,0.20825408900722708,12,0.8330163560289083,252,172,148.0,49.57630608688637,181.5361,0.01731228,9.483743229528043,0.20825408900722708,61.166068,-1.3715780783987128,-0.0830827293693587,0,1074,0
816653E7-90DE-4268-BEA5-5A35ED0BA3A9,218,4,107.0,6,10.045871559633028,510,853.8990825688073,213,37,226.0,35.00351900652004,237.0,0.0,18.041017279290017,8.371559633027523,54.0,-0.1988893768904063,0.07419731745571313,0,1074,0
AB7E6766-7227-46CA-98D5-764CA6CF4552,5049,5,111.5,3,0.21687462863933452,682,49.30283224400871,358,357,487.0,100.48557797477581,327.0,-1.26853,31.809568717898376,0.0,141.0,15.571366469668632,-0.20027884100929752,0,1074,0
0EBC7B84-5B08-4F34-AC76-BFE03BE79CE2,528,1,0.0,5,3.456439393939394,688,475.60606060606057,307,354,452.0,60.8700531563689,150.46,0.0,28.2519121803857,0.0,94.193974,-0.45457002349852615,0.1524711441015281,0,607,0
BE7CE2C8-18C7-47F9-B010-505AAB63A382,9206,8,84.0,0,0.0,0,0.0,-1,7,452.0,133.28440225641805,294.0,0.0,41.56306611529259,0.0,186.0,-31.464880651479774,-0.5164432165837867,0,1074,0
A44CC9FB-6BF6-42FA-A9DA-43CBD87F6A08,504,6,28.6,0,0.0,0,0.0,-1,324,226.0,17.352170656682002,65.4575,0.0,10.687659514965052,0.0,31.051398000000002,0.6111789283488633,0.05542652802710774,0,537,0
52CEF3D7-B755-440E-914B-E90185699A93,3772,1,0.0,0,0.0,0,0.0,-1,316,90.0,16.82347119003153,44.06598,0.0,6.6743460195816535,0.0,25.500629999999997,0.585655001696864,-0.048783404426857,0,1074,0
7788101C-D03E-4DE9-B82A-77ACA3BFE323,380,2,0.0,1,0.9605263157894738,8,7.68421052631579,248,307,402.0,21.166962549233606,162.0124,-21.7793,28.145476204754154,0.0,64.787842,14.29251432491763,-0.08684490715667079,0,810,0
F3B79ACA-9389-4CCD-8FEE-3534CBF7C147,403,3,55.5,0,0.0,0,0.0,-1,222,887.0,80.60198390688278,235.4648,0.0,49.241187890466776,0.0,147.51897,-3.0563083608179653,0.5570576126905311,0,453,0
EA9B4423-F67A-4115-A93E-97EE9843D486,12761,5,31.25,1,0.028602774077266673,52,1.487344252017867,240,289,264.0,106.85311012843242,214.1,0.0,36.83663532227038,0.0,154.4,0.3848605506570806,0.21942063605917203,0,1074,0
8BBD03B9-5906-43F7-8551-542DE32729E9,1566,2,1.0,1,0.2330779054916986,10,2.330779054916986,964,286,452.0,107.99873537772439,253.4523,0.0,44.81317038365266,0.0,164.50644,-14.81504912648981,0.12717713378838244,0,1074,0
7F1776E8-6AE9-49D6-9A08-03CFAE0C5F35,5999,5,7.75,2,0.12168694782463745,16,0.9734955825970996,212,240,489.0,97.8756355144483,234.4173,0.0,30.12604573978261,0.0,137.01724000000002,-3.8855068956211483,0.27852992766131474,0,1074,0
68393A79-FE6B-4B86-AB40-6CE88137A76E,9849,3,146.0,3,0.11117879987816022,210,7.782515991471215,526,260,141.0,40.057159327704646,124.8,-2.296912,18.111225673789516,0.0,60.53,-4.400539728939215,-0.049886912764757235,0,1074,0
97DE8F48-CDF0-4327-9EAC-AB2B73FB697F,1261,1,0.0,0,0.0,0,0.0,-1,260,753.0,176.38171083931704,494.0,-14.515,55.99086283995559,0.0,260.7,-7.185669172650364,0.039683379978164526,0,1074,0
66C36BAE-71F9-4D8B-8D0F-1886931FC598,6160,5,68.25,7,0.4147727272727273,316,18.724025974025974,9,211,734.0,154.10726357146933,355.6895,-0.7,48.14588466943571,0.0,219.7429,43.305011373151046,-0.14592141043358647,0,1074,0
9BC821B2-CCB1-455D-934C-E0800CBD0CD5,6945,2,1.0,0,0.0,0,0.0,-1,256,801.0,239.04747108587412,427.07,0.43,48.86737658656538,0.0,303.95399999999995,16.912161630175262,0.7119932113244567,0,1074,0
DF4F2003-6EAF-45F7-8020-9013817C6D00,12761,5,139.75,0,0.0,0,0.0,-1,37,250.0,55.915284314541445,297.46,0.0,26.59199760001368,0.14301387038633337,88.30566,-10.62492937626984,0.12765962190115687,0,1074,0
DC78C785-DE0F-48D9-8170-6F5F1EDAC962,5552,2,229.0,2,0.13148414985590778,179,11.767831412103746,783,250,314.0,25.903595408133533,207.0,-26.6,28.19034587162291,0.0,75.0,-11.240555284676743,0.3507812464273149,0,1074,0
FDD9C72D-F18E-4907-8818-5B7D2032B7C5,6055,2,1.0,2,0.12056151940545004,45,2.712634186622626,506,247,400.0,128.4043817868686,276.1907,0.0,35.15904558727227,0.0,172.56395999999998,-8.544375239800729,0.2995764963146003,0,1074,0
CAAC2AF6-6F91-488C-8E1A-9807951C955C,6152,2,0.0,1,0.05933029908972692,6,0.35598179453836154,682,242,325.0,85.4938736811981,180.4,-71.23009,19.91839068194919,0.0,111.08,2.915369374357468,-0.07710465455277707,0,1074,0
7D6A66AC-8CED-4DCB-8189-AF743326D9B9,6976,7,81.83333333333333,1,0.05232224770642202,181,9.470326834862385,846,230,748.0,225.25241311861024,992.0,0.0,61.81283523190368,0.2616112385321101,301.49598,-5.128334445770719,0.3303686823451273,0,1074,0
BB67EE48-B027-4D81-83A2-3809F056824F,4936,4,69.0,2,0.14789303079416533,86,6.359400324149108,99,29,1734.0,462.1892046770737,1025.763,-146.1375,200.03262919732637,0.0,747.32764,-63.746225124604564,3.439526026237569,0,1074,0
25A7D8AB-326A-4464-90E9-F1A74466E9A5,917,3,76.0,16,6.368593238822246,1133,450.9760087241003,94,226,60.0,4.935404803776442,24.281,-0.498,5.6473737994266795,0.0,12.337800000000017,1.4606171098038052,-0.01645871826883776,0,1019,0
B34F4910-E39E-4D7A-8DB1-1F921964B5C5,4596,4,11.666666666666666,2,0.15883376849434291,70,5.559181897302001,436,225,226.0,36.88007272797141,163.4039,0.0,21.873733708984048,0.0,66.29360199999999,10.310443616395872,-0.4201244612393911,0,1074,0
FBB8FC67-8C01-467D-A12B-01B71AC82D42,5939,3,408.5,7,0.43020710557332886,394,24.21451422798451,277,13,269.0,104.2936602683445,224.9494,0.0,21.09867557480528,0.0,128.56424,-3.2848806239772017,0.019441972655822492,0,1074,1
125918EE-4CCE-4177-A086-BEEED0C2412B,12761,3,220.0,6,0.17161664446360006,425,12.156178982838338,88,204,259.0,116.0062058118772,385.3159,-152.0502,35.574216960936404,0.14301387038633337,159.3097,13.838279157721573,-0.2117121147761924,0,1074,0
49D98260-F113-459B-BD5D-136417B81C53,2508,1,0.0,1,0.14553429027113238,8,1.164274322169059,732,193,472.0,118.8629779010923,457.0977,0.0,20.265912001072447,0.0,144.11736,-8.493666356339219,-0.10909479590312535,0,1074,0
B7C053D0-9734-48F1-B3A8-9114744DF765,6190,3,90.5,0,0.0,0,0.0,-1,176,1247.0,188.97241755672644,585.1356,0.0,95.30257970078512,0.0,325.5779199999999,-59.01232299036843,-0.7798720375119925,0,1074,0
5E0193DC-45E4-4A39-A181-2527641BCA71,357,5,32.5,12,12.268907563025211,604,617.5350140056023,94,175,151.0,22.24069780529796,73.885,0.0,14.259517442393427,0.0,36.927,9.025655512603276,-0.034335197589583505,0,481,0
98B781DF-4CCB-40B5-87E9-FA0B8D3C4B20,2771,4,83.33333333333333,10,1.3172140021652832,1028,135.40959942259113,170,170,301.0,49.6841911272799,96.93604,0.0,12.19182407319438,0.0,65.73715,9.571316908213923,-0.18916860163698132,0,1074,0
41BEAA45-C12F-40F6-A19D-77FF8F50DC5D,1989,1,0.0,0,0.0,0,0.0,-1,168,265.0,59.53790259164632,174.7969,-3.227356,24.891308935935005,0.0,89.43166,-9.66517426271114,0.12568718131366594,0,1074,0
B730A01E-E8E9-4C5B-BD25-C42FD456A1E5,187,2,7.0,1,1.9518716577540107,505,985.6951871657753,26,159,803.0,75.90490587864277,810.0,0.0,62.72782699790942,3.9037433155080214,149.19084,52.53559291148069,0.13411216342654997,0,298,0
7FBD9408-D2B6-41D7-8358-F38BB3ACA907,2847,2,309.0,0,0.0,0,0.0,-1,153,151.0,18.15250072778364,72.27811,-2.599853,3.7767206578241517,0.0,22.98444,2.328115862416979,-0.04792641110513152,0,1074,0
B2E793B5-BA4A-4229-BCF3-2023FC784814,3661,2,1.0,2,0.19939907129199672,283,28.214968587817534,581,141,602.0,153.63928386917195,405.4499,0.0,31.20334871975745,0.0,194.52984,24.461630538235454,0.1751180077065504,0,1074,0
2B187E80-8A1A-4948-8BD0-A7153C49F0CB,1064,2,0.0,0,0.0,0,0.0,-1,141,250.0,27.203666311899877,94.83833,-6.040794,9.388056535588824,0.0,39.095873999999995,-2.735636859044938,0.042764798479842714,0,1074,0
8EF84F38-2FDA-4126-939B-EB8D49676A85,6055,2,364.0,2,0.12056151940545004,111,6.691164327002477,505,136,400.0,130.00872508501575,278.1186,-58.86918,35.58796426597479,0.0,174.64386,-8.763171578842929,0.3025797428007896,0,1074,0
74F518BC-6301-4C64-A447-7F5D7D314F82,2358,2,1.0,8,1.2383375742154368,526,81.42069550466498,249,134,452.0,193.607039757004,346.9695,-36.44,39.54428194793963,0.0,245.5905,12.797254193613298,-0.01256951163401087,0,1074,0
B3A5AEE1-A2D9-40D9-B866-178D0D703D27,510,4,30.333333333333332,1,0.7156862745098039,8,5.7254901960784315,33,130,417.0,65.7577819179142,282.0468,0.0,61.37431776701417,0.0,171.41409000000004,8.199865210017904,0.11024503534323044,0,579,0
BD647A47-459B-4481-92BC-9F34D9044F0F,4012,1,0.0,0,0.0,0,0.0,-1,128,831.0,175.3595267769526,369.0,0.0,78.4631027522075,0.0,261.0,26.344871311781986,0.2127397416843155,0,1074,0
E1C5CFB5-EFDF-4355-AF99-B7199F65F0AD,4824,3,326.5,0,0.0,0,0.0,-1,113,554.0,212.4817641003063,520.58,0.0,41.76590067920638,0.0,268.4,11.765836208335685,0.17682636287952297,0,1074,0
CF125889-D248-461C-837E-0415B1E65984,3018,3,367.5,1,0.12094102054340625,7,0.8465871438038437,808,72,250.0,65.37346842915434,152.0,-1.470137,19.257991566494752,0.0,92.0,-6.306030157549408,0.08667210858216941,0,1074,0
E647C5AD-F118-4F53-B710-2FC7C9BC8096,12761,1,0.0,0,0.0,0,0.0,-1,106,282.0,32.54844445021917,123.0,0.0,11.527962603282049,0.0,45.0,-3.4333209934290494,0.019025325485972824,0,1074,0
3713DA25-75F6-46FF-BCB7-9797A7F289C6,2878,3,0.5,1,0.12682418346073662,7,0.8877692842251563,1016,102,887.0,66.6650654436538,206.4528,-88.0,27.090413632661683,0.0,104.08988,-22.768298139718624,0.3538055167777075,0,1074,0
67D91F7D-F058-4F09-85E7-9BFD07230C81,4123,2,812.0,4,0.3541110841620179,375,33.197914140189184,90,85,158.0,61.82054696936166,107.5,-27.07218,13.845061977288756,0.0,80.0,1.1694221664408104,-0.06976855853266747,0,1074,0
20641858-E610-4DD7-A517-032F5CF38EC3,5274,3,1.5,7,0.4844520288206295,127,8.789343951459992,194,80,251.0,52.041081090430836,118.2549,0.008972168,23.423237567472267,0.0,83.11806,-1.3901325349601592,-0.04153587703032499,0,1074,0
999B1355-80ED-477C-B0DB-57F491662D00,3051,4,148.33333333333334,5,0.5981645362176335,482,57.663061291379876,61,83,1246.0,283.8254159892189,827.0507,-10.67349,156.4985001276295,0.0,508.64448,-50.49840774887946,-1.5149973159455004,0,1074,0
CB2189DE-A08B-4576-B7CD-5F712979C65C,2190,2,438.0,2,0.3333333333333333,67,11.166666666666666,194,78,603.0,208.6388966518611,381.4936,0.0,35.49134179813219,0.0,251.1185,-44.332494033805546,-0.02129105305254244,0,1074,0
3F112FC8-560C-4F3B-88D4-6D4AD1717952,3675,2,321.0,2,0.19863945578231293,42,4.171428571428572,268,57,904.0,131.81880223494144,409.9875,-3.17,60.64669759949252,0.0,216.9934,6.890390486509176,-0.05649647074240899,0,1074,0
C0961F9E-19D6-4D8E-AECE-8E15D1E4D786,12761,2,67.0,3,0.08580832223180003,61939,1771.6272235718207,220,49,726.0,228.9332375507456,611.9,0.0,86.37035659126884,0.0,333.7,-12.00600915568387,-0.45719045332552977,0,1074,0
770C8A25-EB48-4D4C-88EF-91A1E00D3A27,12761,2,54.0,4,0.11441109630906669,219,6.264007522921402,431,46,261.0,49.408982392587745,542.9186,0.0,11.818049036181439,0.14301387038633337,64.32318199999999,5.064047917798064,-0.04674853945582841,0,1074,0
AA0510DC-5FB2-440A-B2E6-1959058E011B,2200,3,250.5,1,0.1659090909090909,8,1.3272727272727272,758,43,151.0,34.61470237433773,87.15195,0.0,7.987394344128927,0.0,43.799614,3.535740052191585,-0.07695477517029445,0,1074,0
3690E5CA-2090-4DA5-A805-327DE86B80CA,4481,2,0.0,6,0.4887301941530908,841,68.50368221379156,98,36,142.0,17.46699409989187,70.505,0.0,3.5387001263208906,0.0,21.600744,0.24036184308652508,-0.012764948626677005,0,1074,0
01F7288F-0F48-4BC6-A531-FA1A7629A20A,3724,4,33.666666666666664,1,0.09801288936627282,108,10.585392051557465,140,33,831.0,113.06858553358032,412.4885,-2.475639,58.787085816039756,0.0,181.61355999999998,-29.35413025634419,0.40487371195987704,0,1074,0
3EB5027B-DB08-4931-8549-C2DAAF253F64,12761,5,124.25,2,0.057205548154533346,162,4.633649400517201,249,32,751.0,139.34775166581738,416.0889,-0.3444895,59.48271077392293,0.0,223.5352,3.5666565347999324,-0.10001431524939877,0,1074,0
803A4BE4-7A83-4CC2-B52F-2328EDDD7381,187,3,69.5,0,0.0,0,0.0,-1,27,803.0,75.25949866115099,805.0,0.0,62.020128500136465,3.9037433155080214,147.68952,51.51131161207432,0.1214936227597227,0,298,0
63EFD9D9-EEBA-49B7-9A49-02D344868BE3,28,1,0.0,0,0.0,0,0.0,-1,25,1039.0,17.60214064242561,422.9305,0.0,47.4294543914707,0.0,51.59418,6.443114983963277,1.045028690983591,0,124,0
4F727414-F7E6-4B01-869D-C6717BCED803,4380,3,368.5,5,0.4166666666666667,270,22.5,346,6,452.0,165.37376553251002,354.092,-0.4808291,61.12740708197399,0.0,247.13884,-59.76634743224152,0.09002953829809601,0,1074,0
FD954650-C53A-46A6-BFD1-D91E4B9651E9,12761,2,1.0,1,0.028602774077266673,12,0.3432332889272001,77,1,489.0,104.49587720234125,186.0,0.0,24.110060301800182,0.0,135.0,11.153990461239005,-0.2896546549952569,0,1074,0
8A0188AC-39B0-4F80-9F94-B06A743028BB,4426,3,98.5,1,0.08246723904202441,15,1.237008585630366,789,157,451.0,129.6259360457388,278.9171,0.0,35.70159564582386,0.0,174.3304,-9.117990014874593,0.3008434174199716,0,1074,0
9809289C-CDFF-429C-AF50-CDE2FD3210F2,9437,5,238.0,4,0.15471018332097064,159,6.149729787008583,198,49,266.0,112.97559389033131,233.0409,0.0,37.76179066678489,0.0,145.2,-61.14127874526959,-1.8796470330311719,0,1074,0
A84C30F4-9736-4403-AA25-3BED51DC5A2B,8260,2,108.0,1,0.04418886198547216,185,8.174939467312349,348,30,375.0,122.45302854700964,230.78,-18.7,33.0686632521429,0.0,157.76,-4.878613423552835,0.11541022668539828,0,1074,0
C13CA763-0AA5-493F-BB21-60C6094CEAC1,12761,3,346.0,1,0.028602774077266673,118,3.3751273411174676,904,365,326.0,100.09741902735013,264.1347,0.0,52.470506994640346,0.0,152.3438,-49.52038688151679,0.0694380691025633,0,1074,0
E5881D0A-9BDC-49AC-A85E-FF64CD676A2F,2839,3,291.5,0,0.0,0,0.0,-1,466,452.0,70.07660667426366,262.1021,0.0,40.83337310848084,0.0,126.93871999999998,-5.550969961300694,0.24452049153868383,0,1074,0
D8094B5F-F4A1-4926-8E0B-288E2BADD0DD,3904,5,145.5,4,0.37397540983606553,352,32.90983606557377,249,465,452.0,28.786124231957626,171.2718,-3.533,21.670998944328055,0.0,56.154067999999995,16.559296957008424,0.13974417157149843,0,1074,0
21DB4D85-15F5-41AC-932D-D07DA4E0A08E,6021,5,259.0,2,0.1212423185517356,14,0.8486962298621492,170,0,489.0,122.38484702648805,388.0,-307.6875,37.12117192543706,0.0,170.0,5.747097417956411,0.02603179176201055,0,1074,0
CD2CC60C-A7FC-4B36-917D-175D718DDD25,12761,5,242.5,5,0.14301387038633337,220,6.292610296998668,569,60,739.0,268.61588860191523,585.0,0.0,92.23475982339853,0.0,391.0,-107.32306452784115,0.47846436231254263,0,1074,0
5F483BB0-26D4-4780-B11A-39CEC912ABA2,12761,1,0.0,5,0.14301387038633337,1036,29.632473944048275,255,975,264.0,111.16519247178641,707.68,0.0,23.097531671146584,0.14301387038633337,141.27092,-5.01221061607653,-0.23514555089746536,0,1074,0
E3D46CDE-05B2-4898-8487-DF6FECFD428C,5100,3,432.0,1,0.07156862745098039,48,3.4352941176470586,1027,106,452.0,127.1576391448199,291.0,-13.8214,37.42555368488559,0.0,177.0,17.453009003328262,0.11903287099902646,0,1074,0
8E608B9D-7222-4821-B0AA-9FD27A832275,6928,1,0.0,0,0.0,0,0.0,-1,952,600.0,182.909178832674,474.6093,-11.4,50.62610924523092,0.0,250.9765,0.07992488337541204,-0.2616636107077284,0,1074,0
D39AC5D9-A1B3-41E7-8AE8-2D9B3351878B,9005,1,0.0,1,0.04053303720155469,73,2.9589117157134925,329,951,271.0,22.00874514446444,159.9827,0.0,10.978033173264569,0.0,37.08064399999999,-1.511435347242223,0.06102409644215919,0,1074,0
2913AA43-DAB3-4727-97D2-C38B86F71128,1090,2,12.0,5,1.6743119266055047,136,45.54128440366973,639,924,624.0,27.708367801834935,473.1488,0.0,29.525161016300054,0.0,68.0,27.866942464368766,0.07009575252026781,0,1074,0
C505FE32-41AA-4382-8989-6883FD0BA9F6,3667,1,0.0,1,0.09953640578129261,5,0.497682028906463,799,930,1039.0,227.7733360401303,470.1715,0.0,42.01840476997148,0.0,281.7973,-5.985642259266086,0.17646769110706395,0,1074,0
8C4FBEC2-F1A5-4336-883A-E15C18D81F97,1401,1,0.0,1,0.2605281941470378,375,97.69807280513919,846,926,624.0,105.76495643573521,264.0076,0.0,62.85782109971538,0.0,197.5098,-66.45358277315805,0.389660564906425,0,1074,0
8BB51D34-33B4-430E-B693-6CCC2F22F5B9,1131,2,227.0,3,0.9681697612732095,452,145.8709106984969,846,694,602.0,17.71144731435379,138.0,-4.628,18.52927994100909,0.0,43.0,-9.169163363736507,0.2338362532182777,0,1074,0
5B838E1C-3993-4E59-A9EC-FF210637E797,940,1,0.0,0,0.0,0,0.0,-1,903,482.0,90.09405910784024,252.4308,0.0,67.06068883695293,0.0,189.80161999999996,-33.249680327361844,0.8578709936899326,0,1074,0
7EBA0E3D-E744-4672-BD7B-86F0F3BF8B56,12761,2,882.0,1,0.028602774077266673,58,1.658960896481467,204,19,452.0,105.52986166128186,232.0,0.0,30.633437122160103,0.0,146.0,6.047221672051478,0.49862768837479177,0,1074,0
7EE4A26C-1EB5-4987-A73A-90C17F51FB24,5321,3,344.5,1,0.06859612854726554,69,4.733132869761323,882,189,768.0,87.78563486496988,259.3,0.0,29.238515138721596,0.0,129.9,5.698323468363441,-0.2668729049769374,0,1074,0
94B0146D-48B4-491F-933B-B7D9DF0E074E,3601,2,0.0,0,0.0,0,0.0,-1,859,452.0,41.56381162907664,188.7297,-1.55999,30.773503773101375,0.0,84.029434,8.6249037388246,-0.04750165935099912,0,1074,0
3748EB92-5990-48E4-B964-9F2F1ECE202A,12761,3,51.0,1,0.028602774077266673,337,9.63913486403887,846,754,269.0,38.87692607539092,515.1967,-1.818,51.148103048737255,0.14301387038633337,114.4,-38.26243533465018,0.0005428653743254725,0,1074,0
0929FEE4-99CA-4E47-9961-7725857D46B1,979,2,256.0,28,10.439223697650664,24410,9100.76608784474,5,598,301.0,49.48976615308164,138.3514,0.0,27.199326010447933,0.0,80.43671,23.25564447500478,-0.1045100487132217,0,1074,0
A2377B8D-B5A5-4125-8875-F7B199E6A415,3025,1,0.0,1,0.12066115702479338,5,0.6033057851239669,515,855,451.0,59.297129759723404,238.4,0.0,61.47351632734885,0.0,169.0,-41.360401364661676,0.0010372794080485638,0,1074,0
BA7B92C9-C317-4FDE-98AB-7CA26DEF0FB2,6290,1,0.0,0,0.0,0,0.0,-1,841,312.0,55.241008242695585,129.0,0.0,20.118883157642067,0.0,82.0,-16.148878613065953,0.2191622879824839,0,1074,0
6085C67E-1F01-449C-B43B-43ED266AB867,12761,5,193.0,2,0.057205548154533346,356,10.182587571506936,93,67,314.0,34.56648698497866,109.1,-32.26303,19.774204292345548,0.0,60.6,1.633019187860846,0.28911534574453945,0,1074,0
8ABC2B43-ED95-4E5B-9E70-40FFCFC10E0B,8902,1,0.0,1,0.04100202201752415,1801,73.844641653561,306,806,314.0,48.914075352062525,237.111,0.0,27.882584387551475,0.0,89.0,-5.03922967305018,0.35432838073284734,0,1074,1
33C64837-862E-4D62-8B39-E659102BE80F,3081,2,758.0,1,0.11846802986043493,4,0.47387211944173974,109,43,250.0,65.93385109455023,222.0,-18.8,18.954771960625568,0.0,92.0,-4.528141218007022,-0.004539769427470121,0,1074,0
CDE3BF80-45A8-4454-A382-5832C64A3A3B,12761,6,150.8,2,0.057205548154533346,28,0.8008776741634669,493,35,188.0,19.689215908952587,90.0,-15.67459,14.31775818116648,0.0,40.0,-2.779956649693329,0.29708960411207264,0,1074,0
50407294-CFB1-4B51-9BAC-CA1E4E222106,1936,2,1.0,1,0.18853305785123967,235,44.30526859504132,846,736,602.0,51.64257291054907,205.364,-2.102661,11.306776600117589,0.0,63.26334,6.533012251487975,0.08673213200527155,0,1074,0
FF43581C-077D-46BB-8122-361C7B35518C,1269,2,587.0,1,0.28762805358550037,2,0.5752561071710007,274,147,452.0,100.02606025619792,174.8959,-9.599999,19.797827343162762,0.0,128.91346,-14.96195153088928,-0.18783198557444136,0,1074,0
C8D30CC8-EE14-4099-A3EA-204972D0D165,1712,4,109.33333333333333,4,0.8528037383177569,442,94.23481308411215,728,396,831.0,234.0822487562076,20482050.0,0.0,52117.25872140802,0.21320093457943923,126.28495999999998,-138.41205778167057,0.3277833752834501,1,1074,0
13510E1A-9690-4369-9442-4DA1C4ADBEEB,5838,1,0.0,0,0.0,0,0.0,-1,721,209.0,53.520574782935235,113.21,0.0,13.191976834013358,0.0,71.66,2.5598480565709423,-0.02280973988563887,0,1074,0
7A0D8C02-A584-4215-9DBC-2D8329900CC6,12761,6,131.4,4,0.11441109630906669,64,1.830577540945067,6,112,789.0,168.64316331833433,584.03,0.0,98.72426028768186,0.0,294.64295999999996,13.946578194011323,-0.4682588699795713,0,1074,0
9DA0A802-E704-4C2F-AC5C-FBA1233EAD9A,9308,3,305.5,1,0.03921357971637301,846,33.17468844005157,254,76,820.0,224.38498630475178,946.0,0.0,88.09931413795242,0.03921357971637301,323.0,-147.6506498849987,0.36840287781292597,0,1074,0
C8DCBAAC-E4EA-4EE4-8FD3-2B32C4D6C764,4673,5,90.0,2,0.1562165632356088,23,1.7964904772095014,401,320,150.0,45.86461531787604,101.558,0.0,15.58639524635843,0.0,65.4704,3.247953385827671,0.024568431905127905,0,1074,0
E46BEB47-635B-4F8C-B788-9549B07FB1BD,2970,7,69.5,7,0.8602693602693603,533,65.503367003367,303,262,450.0,103.83277500372297,363.6,-19.8818,49.57375850621137,0.0,168.85,7.473420212326417,0.572962923520425,0,1074,0
8361C020-2620-4529-B0A0-03C216F6FA9E,3510,3,283.5,1,0.10398860398860399,198,20.589743589743588,717,114,831.0,171.00349540128977,363.2014,0.0,75.329665610729,0.0,252.6629,24.2831481814263,0.2021709973400247,0,1074,0
78B3EBC8-F56B-4BB3-A5F7-2706B151DA0D,3640,1,0.0,1,0.10027472527472527,15,1.504120879120879,379,638,451.0,163.0672701228932,408.9703,0.0,89.02824420186836,0.0,280.55609999999996,19.31914757556362,-0.70661102045278,0,1074,0
307666EB-D13B-45F5-AE71-0625CA7FFA8D,12761,5,88.75,3,0.08580832223180003,322,9.210093252879869,375,295,301.0,50.18679158590326,252.7,0.0,17.816150483898006,0.0,73.8,2.0093889696522993,0.05685409835686166,0,1074,0
C2BB26A4-687B-4185-8F3F-1387DB51C500,4452,1,0.0,0,0.0,0,0.0,-1,603,538.0,87.73989638840509,281.0,0.0,26.785331796851043,0.0,121.0,4.2406591671504685,0.41667158268274834,0,1074,0
37269223-9280-4724-8C43-59E4154D0EB4,3876,2,197.0,3,0.2825077399380805,67,6.309339525283798,401,577,150.0,45.56790667683412,100.6699,0.0,15.270833519157218,0.0,64.926176,3.0645926612060066,0.023632185937461192,0,1074,0
3AF39594-F1F2-41DD-8019-F6DC70309A84,2177,2,1.0,3,0.5029857602204869,350,58.68167202572348,665,568,831.0,180.10410041023133,449.3375,0.0,68.06532936562023,0.0,271.01178000000004,-19.931378658688118,0.35274378216318236,0,1074,0
26245C96-2CD6-40BA-8241-3769DFA5D8BD,722,1,0.0,1,0.5055401662049861,4,2.0221606648199444,112,543,602.5,64.27027441240102,273.6766,-124.1082,63.598227508209234,0.0,167.24757999999997,115.84558097031498,-0.11497553348054003,0,1074,0
BEDECAEF-22CF-4F6B-A9D9-03809C319826,679,4,179.0,7,3.7628865979381443,960,516.0530191458026,48,49,452.0,99.41105165440091,299.0,-0.2568916,48.47880674077982,0.0,145.0,31.765877489117614,0.1468825017948005,0,810,0
1EAE67FA-5497-4F17-BD60-E50D2108D271,3487,4,129.33333333333334,0,0.0,0,0.0,-1,536,452.0,46.39046533762391,166.0,-22.6,13.71958299793891,0.0,64.0,6.357837131511893,-0.14915776067467024,0,1074,0
47385182-ECF8-458B-B139-DD5CC20E28E6,8846,3,10.0,3,0.12378476147411259,203,8.37610219308162,92,529,271.0,81.0664067878625,255.6026,0.0,42.47196383504497,0.0,138.3618,28.202230245239363,-0.37526657450149037,0,1074,0
E7E3043D-F19C-4229-92BD-9AAE6F2042B6,8398,2,1.0,3,0.13038818766372945,303,13.169206954036675,49,498,301.0,57.11508059707214,240.4425,0.0,23.573116998830514,0.0,87.3,-4.348336766053627,-0.04055655016388138,0,1074,0
6A97A554-D7C2-4618-A10A-D667E7BD57BA,3843,4,46.666666666666664,3,0.2849336455893833,624,59.26619828259172,355,350,371.0,68.62083063759736,150.0,-2.972473,28.4982429166662,0.0,105.0,1.9682897327730018,-0.06955471183006465,0,1074,0
552C4C96-F16B-47E5-9B2D-3230736F71DF,2381,2,0.0,0,0.0,0,0.0,-1,488,452.0,109.36629639941211,281.0,-13.6,42.78142617694545,0.0,164.0,-2.99268528830099,0.1640405994337615,0,1074,0
D67E77B7-40F0-4C8E-A09B-FD42FCDD03F1,1727,3,121.5,3,0.6340474811812391,383,80.94672843080487,846,484,831.0,27.74117909826607,86.12652,0.0778044,15.619308760889759,0.0,50.51558,13.63240460304566,-0.039498313819477236,0,1074,0
5583101A-4AF5-483C-B8D1-A32F4E33B8D5,12761,3,99.0,3,0.08580832223180003,241,6.893268552621269,485,277,269.0,53.580760526543095,143.9,0.0,21.756080108454736,0.0,78.2,23.93768854753099,-0.4484664944918675,0,1074,0
FAF71C56-C66C-4B45-A802-D78BB4F6E1EB,12761,1,0.0,2,0.057205548154533346,456,13.042864979233604,11,472,264.0,73.5993063452576,156.0,-496.0,18.46498166443903,0.0,99.0,8.685415876964626,0.08673533083637731,0,1074,0
32C858E9-875B-43D7-992D-62985F5ADA2F,4121,2,0.0,0,0.0,0,0.0,-1,456,301.0,27.979591473515185,101.1027,-34.14572,13.930483388137434,0.0,46.788152000000004,-0.9904036994411101,0.08015628893059515,0,1074,0
CD150240-E82B-43BB-80F7-CB70234FFF5F,5139,3,129.0,0,0.0,0,0.0,-1,260,188.0,24.6802282199719,98.0,0.0,9.956554174528593,0.0,38.0,-4.19627760268795,0.04976128740171918,0,1074,0
95BA4402-942E-49AD-8E3B-7C16BF60F656,12761,5,115.0,6,0.17161664446360006,1253,35.83927591881514,192,85,225.999,30.698332311602037,111.5699,0.0,33.83603619448206,0.0,74.342642,27.30034300321278,-0.1854719971865034,0,1074,0
97C338DC-7669-4BA4-8B57-DF87ED9B047E,2973,2,0.0,1,0.1227716111671712,307,37.690884628321555,846,423,602.0,81.39985183729694,239.6476,0.03456794,42.31312891174606,0.0,149.97979999999998,49.38944930236356,0.08901015628746327,0,1074,0
0EC04EA5-F77E-4D6D-8583-EE00C9E5B9D0,2829,2,0.0,0,0.0,0,0.0,-1,414,748.0,94.12562427795942,405.0395,0.0,37.16337259380807,0.0,139.97474,20.12225861810539,-0.922990765636682,0,1074,1
EE6A50AE-34AB-4577-A6B8-DE0A643921BD,5123,2,90.0,0,0.0,0,0.0,-1,414,188.0,18.529417618710625,100.0,0.0,9.085368611014143,0.0,32.0,-7.509973174266181,-0.012407681789715156,0,1074,0
DB233991-1F7F-4264-B67A-2B8477FECCE1,12761,3,156.0,0,0.0,0,0.0,-1,87,266.0,118.3213591008566,258.9601,-31.4528,61.921762970696406,0.0,185.28,-7.932504316905963,-1.5575064286241933,0,1074,0
5F90C0FB-7BDD-44DB-A6D2-AF1B38DFFC84,12761,1,0.0,4,0.11441109630906669,14,0.40043883708173345,126,379,488.0,56.2968948565126,203.3936,-37.1265,57.867054281453306,0.0,159.9609,-39.09551488774717,-0.0011521448140767142,0,1074,0
8E086990-00A0-45D9-A1AC-9A79E3A11D21,421,3,56.5,1,0.8669833729216152,34,29.477434679334916,382,246,1246.0,236.44860201253795,1003.679,0.0,194.7981983533979,0.0,536.08452,63.9693261332954,-2.8630176548703554,0,474,0
2F6DA7D1-915A-4335-B0EF-1B35C34A0E1F,2427,2,61.0,0,0.0,0,0.0,-1,268,301.0,48.846052935991,108.6,-6.236812,12.659158569496281,0.0,66.60001,-0.6746831597564267,0.0981632765967477,0,1074,0
41E5118C-A42B-4BDE-AB32-9C3566EDAA39,12761,5,43.5,0,0.0,0,0.0,-1,322,432.0,115.90569346960446,211.23,0.0,23.570693211097623,0.0,145.67,-8.748793006641506,0.11327245075971172,0,1074,0
1F9A92EA-F9E2-498F-AAD3-AD6DBB1E865E,5657,2,1.0,1,0.06452183135937777,27,1.7420894467031995,921,319,131.0,28.461780416583032,232.6,0.0,17.64246459561756,0.06452183135937777,49.5,0.4113677315651145,-0.021486534688810108,0,1074,0
857F915F-1C2B-47F1-A172-492B94761B5B,435,3,79.0,0,0.0,0,0.0,-1,275,603.0,82.38823636725773,314.9013,-14.18723,86.26412609349673,0.0,203.95614,78.14075009724844,-0.15631286488631313,0,810,0
F6E0DA25-85FB-4E53-BC0D-EE9B432BC47F,403,3,35.5,0,0.0,0,0.0,-1,224,887.0,80.77856727910586,235.3271,0.0,49.21894772320303,0.0,147.6875,-3.2780669433805514,0.5575812417930033,0,453,0
D4F6F205-A6A6-4F9D-8BCA-2F2E629CAB34,3132,3,360.0,2,0.2330779054916986,46,5.360791826309068,68,289,451.0,104.35622434835796,275.1525,-28.45106,60.73612594227254,0.0,191.12304,-14.023003434469842,-0.16093511429188215,0,1074,0
42D1D8CB-80FB-4477-992F-5B36682F7037,3230,4,123.0,1,0.11300309597523218,6,0.6780185758513931,275,275,1040.0,160.88906934163825,531.1835,-1.288677,77.64349229314637,0.0,268.12216,-55.383119313011704,0.46688799616605486,0,1074,0
E4EFA749-DE05-4CE0-B294-FACEAF47AD4B,2745,4,242.0,2,0.2659380692167577,86,11.435336976320583,428,254,361.0,70.8132132728185,225.7917,-31.30568,33.66103986839767,0.0,115.0707,4.893737095237043,-0.07473097169377169,0,1074,0
ABFFDC0D-9FB7-4D3B-BD20-B94AB1BC7402,2689,1,0.0,1,0.1357381926366679,203,27.554853105243584,846,253,301.0,88.11734903070956,1047.416,0.0,18.24162336858,0.1357381926366679,113.86554,1.1354947733027956,0.0774899865391777,0,1074,0
C23B93D1-6D8D-440E-911A-D6D9192CC4D2,4522,3,249.5,2,0.16143299425033172,24,1.9371959310039806,249,249,803.0,91.76561516772743,284.79,0.0,51.615693194201334,0.0,165.9,26.82990257918614,0.3574107623025157,0,1074,0
4F62C8AA-4BDA-4961-B66F-9BFCA812D0F7,904,1,0.0,0,0.0,0,0.0,-1,242,250.0,23.148544028818947,82.53806,0.0,13.045132087236627,0.0,38.338254,0.8922522713353764,0.04250943285805903,0,1074,0
3851D4EC-7685-4C83-A34B-CDA4C8243E2D,7222,3,93.5,0,0.0,0,0.0,-1,54,798.0,115.71751489433106,380.9532,0.0,63.338414139734546,0.0,206.71684,-42.2179992445255,0.41487229647579604,0,1074,0
98A71AE0-3C28-4381-A1BF-3523AFCFD83D,5738,1,0.0,6,0.3816660857441617,411,26.144126873475077,176,239,391.0,147.8269734292793,283.3233,0.0,44.27531301146527,0.0,214.58045999999996,-12.42696494239658,0.16096845414430644,0,1074,0
8F9C870E-251F-4857-81C1-D587DEF9AE60,1198,3,93.5,2,0.6093489148580968,135,41.131051752921536,226,39,452.0,105.04501884732173,240.1837,-0.3500977,29.441031635420824,0.0,145.53508,-13.340842973093316,0.15579806158559564,0,1074,0
06B483A0-1832-4A94-BA54-4BA71368635F,402,1,0.0,0,0.0,0,0.0,-1,227,678.0,30.977057130864956,124.4909,0.0,15.858956831550167,0.0,50.150833,2.387406258023937,-0.018957800727602486,0,453,0
E49AEB5A-C1B2-4A2F-9519-C650809EBE04,4369,2,558.0,2,0.1670862897688258,327,27.31860837720302,130,220,126.0,52.26304502489154,134.4155,0.006354059,23.478660438260746,4.344243533989471,79.89207400000001,18.51045253741556,0.12168630264655404,0,1074,0
000D19AE-90F4-4E04-AE7D-E5CF952562D1,12761,3,100.5,2,0.057205548154533346,7,0.20021941854086672,838,16,156.0,31.496582797248962,61.54682,0.0,9.400196141925488,0.0,43.939094,-0.13716152123044267,0.02107035423566657,0,1074,0
EF58576A-4576-43DD-887F-CC0B3A5E04FD,4453,2,1.0,8,0.6557377049180328,116,9.508196721311476,116,211,301.0,43.40478171184846,101.9544,0.0,13.243016081584942,0.0,60.39783799999999,2.7703304802040094,-0.08891197766047071,0,1074,0
FE858CB0-C9EA-45C7-AE2C-E2BFBE6BB351,2508,1,0.0,0,0.0,0,0.0,-1,194,472.0,119.71356827863279,457.1287,0.0,20.425637588519162,0.0,145.16994,-8.615312895145138,-0.10838022210515018,0,1074,0
50B4237B-C3AC-48AE-8E9A-D392D1A2B753,8527,7,107.0,5,0.21402603494781283,248,10.615691333411517,250,125,251.0,93.56868574125753,190.0,-36.933,23.40294436586099,0.0,122.3,8.680388332816548,0.06941237601340712,0,1074,0
D8706D99-4904-41E9-9C7E-17063B75A4E5,12761,3,153.5,5,0.14301387038633337,3072,87.86772196536323,846,183,171.0,19.240936223698743,86.30524,0.0,4.980227991627483,0.0,25.55641,6.04855165400188,0.11616892688699344,0,1074,0
1D499149-57AC-4248-B6E0-06E8AAB47AD4,6700,2,1.0,9,0.49029850746268655,610,33.23134328358209,31,169,271.0,87.43155165351222,156.9,-21.76611,26.002964739592162,0.0,118.4,-15.997786221413449,0.04997032098148971,0,1074,0
BE12FD01-7810-404E-A4AC-D3C4E35D4411,12761,3,116.0,5,0.14301387038633337,148,4.233210563435468,390,158,199.0,62.425506817872794,239.5522,0.0,20.882449933393627,0.14301387038633337,88.0,6.647795651263003,0.4076616683357786,0,1074,0
662BF047-B6C0-4A85-8580-647D11D6390E,7942,6,111.8,5,0.2297909846386301,778,35.75547720977084,256,134,157.0,40.42092880788463,451.8761,-18.30736,10.599572027564143,0.8732057416267943,53.13554599999999,4.478948510711049,-0.012155503414674008,0,1074,0
45F6B4E0-1554-446A-8FC5-19241EF68471,2359,2,0.0,8,1.2378126324713863,797,123.31708350996185,249,127,452.0,195.23128211431754,326.8742,0.0,39.863013857525836,0.0,247.58924000000002,12.853998518398527,-0.013626032020616668,0,1074,0
16D976FF-3466-4459-A793-C8E92BE70270,7061,2,1.0,1,0.051692394844922815,28,1.4473870556578388,155,113,377.0,119.75069027484264,211.5007,0.0,20.94651521301126,0.0,148.51806,9.05193553920057,0.2781420907078164,0,1074,0
917651D5-EB52-470C-9071-6CC2D91D9F57,2274,3,0.5,0,0.0,0,0.0,-1,101,452.0,92.43815030398778,182.0,0.0,22.966458119047825,0.0,122.0,8.026664510827032,-0.08826306860024767,0,1074,0
5FF4882C-FDA4-4E16-9B33-337133325796,2478,1,0.0,2,0.294592413236481,525,77.33050847457626,613,100,1039.0,171.6098592778688,492.4461,0.0,110.95248646050244,0.0,328.37312,-2.1957763464644984,-1.6407712713403744,0,1074,0
8855687A-DBD5-4C17-AA82-2D9C378569D9,3571,3,23.5,0,0.0,0,0.0,-1,37,630.0,161.42662529034945,531.78,0.3159409,37.44934537672081,0.0,210.08076,2.781272646703002,-0.038779206397897545,0,1074,1
06B0E02E-A74C-4F9F-945B-0397916C946A,4187,1,0.0,2,0.17434917602101743,1959,170.77501791258658,374,83,452.0,115.58820475188575,304.6803,0.0,82.40768853695053,0.0,231.46478,-2.9584204988764924,-1.2560630974254876,0,1074,0
B4F2A313-F31F-44D8-A8CB-AD58324CC2F6,5478,2,90.0,1,0.06663015699160278,38,2.5319459656809054,176,56,490.0,143.95308948875666,702.0,0.0,47.0203969048289,0.06663015699160278,204.93399999999994,-2.2811736955467836,0.39738585624184986,0,1074,0
753CCF25-D9A0-46CF-99E4-DE76429A20A6,5330,7,45.833333333333336,11,0.7532833020637898,262,17.94183864915572,0,53,301.0,99.68314857593066,240.25,-31.86622,17.62652128573414,0.0,126.0916,15.64227733171009,0.11328936200185294,0,1074,0
672B6ADA-B729-4284-A6B4-39D5B4F69203,74,2,1.0,0,0.0,0,0.0,-1,50,416.0,43.26300071932697,175.299,0.0,43.709073844185816,0.0,108.5178,15.799366905673025,0.2818981378473349,0,124,1
BF5709D0-85AF-4054-9BA6-4847386CD54A,1104,2,1.0,16,5.2898550724637685,419566,138715.20833333334,150,41,451.0,65.04325506250753,354.92,0.0,50.09403284047969,0.0,133.95,1.298435959097418,0.02770108115421715,0,1074,0
09B55CF9-E0DB-4D5A-8A18-E83FD35C5802,1295,3,0.5,1,0.28185328185328185,11,3.1003861003861006,38,38,452.0,43.63719223147682,513.7,0.0,26.73865814705204,1.4092664092664093,82.00689999999999,-4.080243897757683,0.4189463553605533,0,1074,0
237221B0-4D26-443E-A990-4A458A0E1B0E,1660,2,618.0,2,0.4397590361445783,17,3.7379518072289155,845,19,452.0,40.62475358533995,84.46326,-224.1681,11.053578535036943,0.0,55.497368,0.3986295890427627,-0.33111504582304163,0,1074,0
C1D9855E-7BD2-4741-9672-99A92F1509BB,12761,4,154.33333333333334,2,0.057205548154533346,32,0.9152887704725335,19,19,301.0,111.57346841550823,218.77,-26.85544,30.23869297805573,0.0,148.1,3.094302417825105,-0.04325456332068923,0,1074,0
52BDF23D-D520-45A5-BAF7-3AE0588B443A,3682,2,0.0,2,0.198261814231396,699,69.29250407387289,406,8,312.0,39.551757368191026,112.2864,0.0,19.654045078826332,0.0,64.392546,14.001301630265758,-0.2634166688549273,0,1074,0
EAB87D4F-8510-48D3-9851-A3E73A5F1D61,12761,3,49.0,1,0.028602774077266673,34,0.9724943186270669,478,510,269.0,104.74681225793964,211.27,0.0,24.973680785540523,0.0,137.47,1.51929113712211,-0.008877300809989577,0,1074,0
30B29AA4-275A-4F18-9FC0-A0EBB7060768,1048,3,88.0,0,0.0,0,0.0,-1,34,415.0,79.66276700288708,1024.0,0.0,47.97223548799681,1.741412213740458,147.15827999999996,-0.5994702221000381,-0.9578771199810362,0,1074,0
1CE56AEA-BF03-4F9A-95FC-818D504DE34A,2486,2,356.0,0,0.0,0,0.0,-1,660,602.0,189.90363099009198,351.7194,0.005063998,36.83203171993775,0.0,236.46856,-13.442000441480872,0.29004663010563964,0,1074,0
BF3AEF5D-C6F4-4B6E-AB23-E20259719D21,2024,4,206.0,2,0.36067193675889325,1683,303.5054347826087,565,368,1662.0,343.7118040492855,940.0,-23.0,120.23890276044246,0.0,487.0,-41.50555404928548,-0.17616595327299645,0,1074,0
7FD4D90D-20B0-48CB-BA23-936982304829,5073,4,288.6666666666667,1,0.07194953676325645,164,11.799724029174058,30,84,682.0,162.01031048973366,324.1945,0.08881455,37.858346720666624,0.0,211.99469999999997,4.4288867162077,-0.04290133276617324,0,1074,1
5B3AB9AD-02B9-4E85-92E0-C124E60EB941,967,4,278.3333333333333,2,0.7549120992761117,79,29.81902792140641,103,102,302.0,49.14080290585108,205.927,-445.4993,34.299020929586604,0.0,97.70060000000002,25.83945465587731,-0.162872798196473,0,978,0
1ACDD6C6-89CD-4DE8-8308-D72D65051964,1446,2,322.0,3,0.7572614107883817,516,130.24896265560167,112,603,151.0,8.37656551776985,26.46654,-2.454,5.67922620632436,0.0,16.269,6.695809201597434,-0.017891264746291786,0,1074,0
233D30A4-11C2-4F96-BAE3-0183124C3A60,960,2,196.0,1,0.38020833333333337,9,3.421875,792,729,452.0,113.29101547820214,241.0,0.0,41.087620579937465,0.0,167.0,-3.8652438732638643,0.14971578567074229,0,968,0
91149E01-0E5E-4D04-96C3-98C024D00242,1646,1,0.0,1,0.22174969623329283,91,20.179222357229648,846,911,250.0,41.12491723806224,235.9262,-0.1003746,9.034351799477808,0.0,51.19566,0.5603778444994987,0.0011204716888521355,0,1074,0
336DA11F-9E69-4F24-A98B-05D713991A6B,1083,1,0.0,0,0.0,0,0.0,-1,906,250.0,39.67669944358906,724.9043,-1.598337,19.194431832910134,0.33702677746999077,64.850152,9.157155648540567,0.5303627359519445,0,1074,0
0426A25C-3A1D-4759-AB6B-27D5F04588AC,924,3,101.0,3,1.1850649350649352,34,13.430735930735931,108,690,250.0,43.90568488133146,300.0,-2.883911,21.371367472990343,0.39502164502164505,66.0,4.8311206742240955,0.0819685672213331,0,1074,0
B6EBB536-F394-4378-99FB-5EE0CD3D886A,12761,2,757.0,1,0.028602774077266673,707,20.222161272627538,967,111,472.0,143.39355770661132,265.1184,0.0,42.191734922365896,0.0,187.8183799999999,-45.070920618648344,1.9799460536760263,0,1074,0
1D2EA738-97F5-413A-BA15-7C99BC5120C3,12761,3,144.5,4,0.11441109630906669,223,6.378418619230469,206,550,128.0,16.273572417722583,311.5034,0.0,6.41233991271413,0.14301387038633337,24.0,5.094946100795934,-0.0182193274890132,0,1074,0
9B56DC62-22B0-46D6-9480-9DD877B4CE56,12761,4,272.6666666666667,0,0.0,0,0.0,-1,7,452.0,2.276566281405919,214.4088,0.0,8.74358019581986,0.0,0.9135152599999753,10.68055486235951,0.04474869689604115,0,1074,0
8E599CFF-1A47-4F5D-8C3D-4D9DE9F29F6C,1448,1,0.0,1,0.2520718232044199,507,127.80041436464089,846,814,209.0,28.273295257893647,246.1852,0.0,7.781345050778142,1.2603591160220995,38.912589999999994,8.250395801519932,-0.02594203211019645,0,1074,0
51C9901A-7D43-453E-AF50-3B8251DA3D54,910,1,0.0,0,0.0,0,0.0,-1,796,831.0,116.05331606847169,233.7652,0.0,28.66923209828,0.0,152.0801,-24.34011534084823,0.16422247971449144,0,901,0
F240884B-62D1-45A4-93F4-EDD499BEF2A2,958,2,668.0,1,0.38100208768267224,87,33.14718162839248,419,119,1663.0,514.7802103048178,1261.672,-4.021505,274.9087199415331,0.0,847.50438,165.89491236670995,-2.3089197829023345,0,1074,0
19F215C0-9EEA-489E-94E9-E5C8410E8D75,889,1,0.0,1,0.41057367829021374,295,121.11923509561305,1,775,887.0,31.705834121650298,99.308,0.0,12.127537362646516,0.0,47.336,-1.6545230105391902,0.0962227138238127,0,901,0
A237E64F-3AAA-48A5-A4E6-A71866DDF30E,791,1,0.0,2,0.9228824273072062,28,12.920353982300886,733,771,661.0,153.98681721206606,478.5409,0.0,49.418183754477155,0.0,208.4342,3.881161791020361,-0.33231556403756446,0,810,0
88FBCAD3-5D91-4ACF-BEF1-4552774DC1B7,45,3,295.5,1,8.11111111111111,24,194.66666666666669,366,175,602.0,103.93276864315915,262.08,0.0,46.131770652811184,0.0,154.68,-22.776750079115956,2.5048429440689155,0,1074,0
E4F0D14F-8944-4C02-BC15-E8EC2E96B87F,1448,1,0.0,3,0.7562154696132597,622,156.78867403314916,846,758,1040.0,194.14001818837534,375.7616,0.0,32.411187590120946,0.0,235.92138,35.65216303076048,-0.08961526873481987,0,1074,0
B9F60663-A5FA-4DFD-8B23-69C9C962CFBD,4089,1,0.0,1,0.08926387869894839,11,0.9819026656884323,58,741,451.0,52.532051979390985,865.83,0.0,29.35538404334187,0.08926387869894839,93.55469,8.559228273000983,-0.2375479716801016,0,1074,0
329ECA34-1A6C-404D-A263-A4FE82BE2DDA,1269,1,0.0,2,0.5752561071710007,74,21.28447596532703,177,733,452.0,99.50597851613304,173.6115,-5.0,19.57781391424362,0.0,127.96028,-14.763799587892308,-0.18729325912272904,0,1074,0
30A862C5-7497-4067-8931-549953D91397,798,4,214.0,3,1.3721804511278195,192,87.81954887218045,169,86,452.0,134.27475462530595,543.8719,0.0,28.903143133959098,0.45739348370927313,163.5224,4.159859654015037,-0.018271246815016157,0,810,0
758E6981-F6AE-4472-A222-EF7502F0AF06,12761,4,189.33333333333334,3,0.08580832223180003,2259,64.61366664054542,391,155,281.0,81.09494775392207,180.65,-16.19285,25.299241830283332,0.0,110.57,14.784844684349522,0.03641692218509424,0,1074,0
9F783F39-6CA6-4323-87AC-FC4F7CA6184B,858,2,7.0,3,1.2762237762237763,290,123.36829836829837,739,723,832.0,181.33383427421563,661.2498,-4.788715,143.61217161744955,0.0,388.4843,31.92868259399421,-2.8166237545463852,0,999,0
AFF3BDD3-24C5-4873-9A1F-5E095330A78F,3822,1,0.0,1,0.09549973835688122,28,2.6739926739926743,270,705,630.0,167.91423919273277,302.0,0.0,33.27455868650075,0.0,211.0,-8.60011882236239,0.1799908424906986,0,1074,0
EABD1DC0-2B36-4163-8546-FDA15DE785C8,5396,3,0.5,2,0.13528539659006672,38,2.5704225352112675,382,684,225.999,66.5678692092107,174.679,-189.028,15.281939896896798,0.0,84.61741999999998,-4.839805661371194,-0.1953184318286435,0,1074,0
F2B54665-CE9B-4376-9E79-3189E65F7032,6605,2,0.0,0,0.0,0,0.0,-1,677,377.0,59.57267226891684,201.9065,0.0,27.701400204830023,0.0,97.18451400000001,-25.423507297543388,0.18464928267507655,0,1074,0
49903CB2-EDF7-4F70-98B8-E9C744BCE113,12761,2,1.0,1,0.028602774077266673,3,0.08580832223180003,186,670,452.0,103.58413239493159,227.0,0.0,29.56140784652042,0.0,143.0,5.943876864327677,0.495092729783659,0,1074,0
A7D4AA4D-5547-40F0-9CEE-A67E752A87A0,12761,3,313.5,1,0.028602774077266673,9,0.25742496669540005,789,31,313.0,49.95865183571063,175.5,0.0,17.66297279028205,0.0,73.3,2.1022355099683807,0.05575449986961901,0,1074,0
DCE85A26-44E7-4A58-88F2-42C2F116CDFF,1401,1,0.0,0,0.0,0,0.0,-1,639,452.0,56.8013087241319,263.7538,0.0,30.13755825605089,0.0,96.825894,15.634146561747741,0.5231560650401611,0,1074,0
13DF5815-4243-46F0-8103-8D9B28746CC4,3081,3,67.0,1,0.11846802986043493,7,0.8292762090230446,679,617,554.0,74.2242689274638,320.0,-26.9935,49.36606376141735,0.0,146.0,19.858215640437436,0.8692147064337535,0,1074,0
15E070C7-6367-4FE4-9C7E-EA228076BB92,2169,1,0.0,0,0.0,0,0.0,-1,609,0.0,127.84335200210488,1338.5,0.0,39.364179743225435,0.0,171.3298,13.330113851290164,-0.08728288668596798,0,740,0
67DB43A7-C55F-4065-8527-A93E6160DE6B,2227,4,174.0,4,0.655590480466996,61,9.997754827121689,156,50,188.0,38.299921725226405,142.0074,0.009983522,13.281647020756028,0.0,55.190282,-2.2766085126714657,0.08217101793540962,0,1074,0
A68AACA3-3F7D-43AF-9946-EE67D1A379A2,3683,1,0.0,1,0.0991039913114309,198,19.622590279663317,846,557,301.0,90.52585630980207,162.0,-35.88287,21.84403474765702,0.0,121.5,-0.7068748283205792,0.21418213496857386,0,1074,0
763B8726-F3DA-4386-A9DC-DD1ABFD5005B,1727,2,0.0,1,0.21134916039374638,353,74.60625361899247,846,547,831.0,27.492982467033997,136.8802,0.0,15.338544910042197,0.0,49.599226,13.27430858528082,-0.03673455741202168,0,1074,0
8DDC5086-1AC5-4E69-9E58-5B0798DF3901,3668,2,15.0,3,0.2985278080697928,148,14.727371864776446,479,536,301.0,81.88622636306258,256.2762,-3.605957,42.61582629175591,0.0,139.37156,27.90165417639274,-0.3713232917750694,0,1074,0
A3CB7B3F-267E-40FA-BC84-02F007DABDD2,12761,3,78.5,0,0.0,0,0.0,-1,378,424.0,148.8496554157737,305.83,-122.23,42.46605618177094,0.0,205.71,-42.55050340960085,-0.2527812172743097,0,1074,0
AB491B85-112D-44AC-A2B8-8AC3F712907A,3747,1,0.0,3,0.2922337870296237,203,19.774486255671203,780,492,831.0,218.46416094334535,721.7,0.0,143.11914131038753,0.0,405.9,-5.057910943268212,-2.254605175304808,0,1074,0
135779A2-0D81-4211-ADD9-341969F51C72,8744,4,69.0,4,0.16697163769441903,985,41.11676578225069,425,472,432.0,107.93416151359366,309.34,0.0,22.901940674145884,0.0,139.22,5.510938023443373,-0.1637404554975945,0,1074,0
7BA18F7B-A213-4052-9481-787037F7ECE4,12761,6,121.8,2,0.057205548154533346,327,9.353107123266202,485,153,269.0,52.93091133981883,189.4,0.0,22.49401519244416,0.0,76.8,-37.28236967315216,0.7433864891870676,0,1074,0
E4ADD619-7565-47CB-86F1-6ACA2B1B7CC4,12761,7,31.0,4,0.11441109630906669,183,5.234307656139801,345,286,289.0,36.59490567929452,200.44,0.0,19.465649849554126,0.0,63.57,-3.2866410188006867,-0.037685510442567106,0,1074,0
82A393EE-D05A-402D-8465-3B3BE32802E7,7818,2,141.0,1,0.04668713225888974,187,8.730493732412382,596,456,678.0,117.44563357607397,406.3499,0.0,58.80343751034148,0.0,201.20673999999997,42.21487978117911,-0.21426169209692292,0,1074,0
71631192-5D15-4D93-9FAB-AC9917F9BC53,4673,2,1.0,3,0.23432484485341323,65,5.077038305157287,401,452,150.0,45.77609816441886,99.9804,0.0,15.521167160407687,0.0,65.2732,3.194246125704595,0.023962904908195557,0,1074,0
213BC80D-6102-4D6D-8B7A-6B9D2B84DE55,686,1,0.0,3,1.596209912536443,144,76.61807580174927,73,453,452.0,78.34509361922976,225.9679,0.0,50.46456566439608,0.0,145.76270000000005,21.601460219736296,-0.10311454561976073,0,810,0
5DF86EBE-48A5-457C-8F61-0851605E4394,8716,2,238.0,5,0.2093850390087196,58,2.4288664525011474,8,209,314.0,65.14035005374011,185.0,0.0,22.23547638841779,0.0,95.0,-6.3415846216413385,0.4851819840583518,0,1074,0
E2BF7BB2-56C6-46BA-AF3A-50184DECF8B7,3459,2,272.0,4,0.4220873084706563,488,51.49465163342006,533,163,100.0,38.13026616309803,70.01427,-0.22,8.595342154705436,0.0,49.41983,5.9001765568093845,-0.09392688612396168,0,1074,0
DFA17F76-9611-49C6-8262-CC3BE7A37BF1,3865,2,7.0,2,0.18887451487710222,162,15.29883570504528,674,434,831.0,115.82221556508058,246.3542,0.0,33.40392164826603,0.0,158.34004000000002,1.2853305213391764,0.4610565624801862,0,1074,0
8F662221-D026-4BB2-8615-77455C45AD9F,498,2,256.0,0,0.0,0,0.0,-1,151,452.0,18.94028767816144,141.3391,-11.1,22.612734065699453,0.0,51.820133999999996,18.569808186421895,0.2774238724783458,0,1074,0
AC0839C9-0CE9-4AAC-9784-E5A103ADB818,4232,2,1.0,1,0.0862476370510397,3345,288.4983459357278,73,405,259.0,36.68236349621553,228.8226,0.0,20.494435086998617,0.0,63.75,-8.251325687573555,0.11439333788348588,0,1074,0
A834C603-B611-4CB0-8CB0-33298C75F137,2626,2,0.0,0,0.0,0,0.0,-1,387,452.0,153.76484596993143,354.5573,0.0,61.969670309527494,0.0,233.04126,8.847505008695123,-0.4243582741826872,0,1074,0
4B5682E6-FE5B-4FB3-B395-BD970311A60B,4839,4,0.0,1,0.07542880760487704,14,1.0560033064682786,253,382,452.0,104.07982120552681,270.0,-27.47813,24.07848881665868,0.0,132.0,1.9016602759546686,0.007177154929857919,0,1074,0
A5194BF0-97F6-4E87-8875-7A1A3CF7F22E,3920,3,3.0,1,0.09311224489795918,18,1.6760204081632653,817,379,452.0,76.81642666577532,218.3913,0.0,35.66690989235517,0.0,124.09161999999999,-2.6692936386919968,0.2685274911270458,0,1074,0
08EB17B0-6627-4B7C-9618-BF11DE6D95C7,2427,3,32.0,0,0.0,0,0.0,-1,265,301.0,48.67798383161926,151.2,0.0,12.60898383096026,0.0,66.3,-0.8516371749834519,0.09754390771890373,0,1074,0
713C5599-A6BC-4392-A658-4006DB5B9B50,9716,2,0.0,1,0.03756689995883079,8,0.30053519967064635,327,327,295.0,85.97861863551898,234.5654,0.0,19.764453901220435,0.0,111.1,1.8880565188019887,-0.08698395721016883,0,1074,0
A1FC7D15-7B15-4289-9817-CB7434B9ED25,2798,2,1.0,2,0.26090064331665475,72,9.39242315939957,597,320,452.0,74.03332845507002,205.8768,0.0,30.419134026842002,0.0,114.0647,-6.496822270347792,0.1022303904847041,0,1074,0
8FA4B4A4-0EB6-4083-8003-B209A1BDDEA2,2823,3,47.0,0,0.0,0,0.0,-1,205,150.0,48.11485808440631,120.0192,-35.70796,14.18865693682114,0.0,66.729628,-1.028398359483468,0.10978388472824081,0,1074,0
0169A51B-10B3-4672-BA04-98689DC352F2,3564,2,344.0,0,0.0,0,0.0,-1,286,624.0,123.03825608266916,335.4211,-7.736378,73.16446581605415,0.0,219.97823999999997,-22.194896450724727,-0.424894214548213,0,1074,0
9D6EEFAA-F031-4CFD-AD6C-BF47868D8F23,9728,3,126.5,1,0.037520559210526314,50,1.8760279605263157,478,285,301.0,105.24719547411084,234.0829,0.0,25.068422162348803,0.0,137.67,1.0417088468768156,-0.006061891500195441,0,1074,0
99260EB7-3218-433D-897E-9FA6F7362196,1904,1,0.0,2,0.38340336134453784,307,58.85241596638656,272,262,734.0,162.29928629317487,99999.0,0.05578987,442.7343864587096,0.5751050420168068,228.07669999999996,42.217952793244876,-0.14350863563880648,1,1074,0
83636987-57D4-4726-A764-982C4DF82A4A,1712,3,164.0,4,0.8528037383177569,475,101.27044392523364,122,248,602.0,81.27830192642135,180.4356,-150.9444,13.687413290497824,0.0,99.62808799999999,4.401418721726799,-0.0395877318222571,0,1074,0
755EAB3D-8720-49E6-9610-D737FDFF7467,402,1,0.0,0,0.0,0,0.0,-1,228,678.0,30.997462666584727,80.31113,0.0,15.854162332616937,0.0,50.18013,2.40814536273626,-0.01928490875077076,0,453,0
AFF299B1-0349-45C4-9D74-9ABA3BCA105B,4468,7,19.666666666666668,3,0.24507609668755595,112,9.149507609668756,109,109,256.0,77.42657351712886,270.0,0.0,47.05495156747667,0.08169203222918532,144.0,29.71493882855016,-0.47163630169260823,0,1074,0
9DFB9A62-BA5C-47A6-93DD-FA0CE49F59FF,12761,1,0.0,2,0.057205548154533346,10,0.28602774077266674,571,185,77.0,21.304260008675982,82.43401,0.0,14.358552875672009,0.17161664446360006,42.261925999999995,3.0980311319413047,-0.15486987973639454,0,1074,0
92318A20-6162-48D2-8FF9-E096F80EC4CA,4447,4,22.666666666666668,1,0.08207780526197436,5,0.4103890263098718,424,99,301.0,62.08099201916256,174.1286,0.0,33.11188149844325,0.0,105.21984,12.532824627264908,-0.25703097300922806,0,1074,0
9F234378-BB89-424B-9F5F-F8F3CA3AA034,2559,1,0.0,0,0.0,0,0.0,-1,155,250.0,62.17763887806173,152.0,0.0,19.59273937468062,0.0,91.0,-0.36328702620987485,0.12286564870829061,0,1074,0
472BAB2C-F259-4641-8F8E-46C47F0CB1CF,1440,3,220.0,3,0.7604166666666667,680,172.36111111111111,142,54,302.0,71.39583536709681,225.0,0.0,16.63794437164361,0.0,93.913592,12.92805522086617,-0.10910299917465352,0,1074,0
83150C52-35D0-44C9-9112-C284CF0A5784,3942,3,13.0,1,0.09259259259259259,67,6.203703703703703,560,111,831.0,108.00696976529167,227.9445,0.0,22.27102251656697,0.0,132.62823999999998,12.791749096591047,0.2780273793339928,0,1074,0
34C2D473-F269-45FE-8525-7DA4878EE20B,162,1,0.0,0,0.0,0,0.0,-1,131,678.0,27.134503285704923,600.23,0.0,33.47022725462899,0.0,74.54566600000001,22.937953883508037,0.19369193535589144,0,319,0
BAE54530-1896-49C6-897D-732E3D6A4D95,3739,2,677.0,2,0.19523936881519122,261,25.478737630382454,472,131,80.0,22.26287646132978,129.6846,0.0,4.0089845451604305,0.48809842203797804,27.192819999999998,0.8592728578831839,-0.011943804017951394,0,1074,0
FF9ABA08-F1C2-4CDE-88E4-71135C87F91B,10107,2,521.0,1,0.036113584644305925,109,3.9363807262293458,634,124,416.0,150.86362747561301,281.0807,0.0,41.81397607604008,0.0,198.1768,3.448484560343786,-0.04504304183121832,0,1074,0
4C0BDC14-DD24-425C-BBFD-65BCEB0AC073,3517,2,0.0,1,0.10378163207278931,208,21.586579471140176,846,113,452.0,114.2926949916552,242.8603,0.02987746,19.573386792569625,0.0,138.31426,9.991763145690484,-0.18590051962189344,0,1074,0
F32771BC-4602-4639-A49B-CF672F1FC57A,4504,2,196.0,0,0.0,0,0.0,-1,92,804.0,187.79841717896753,397.5,-29.99943,31.75830743971903,0.0,232.5,-5.373648660449021,-0.004899438888378438,0,1074,0
75328D3F-EE47-4DFD-A2DE-AF4860737775,1456,2,1.0,2,0.5013736263736264,348,87.23901098901099,846,78,90.0,2.065625336264453,323.1117,-33.58037,2.1003653063040453,1.253434065934066,4.0,0.6038664075654854,0.005714557867090238,0,1074,0
E81CD061-8C64-41ED-AF9E-C14F199512D7,5482,3,23.5,2,0.1331630791681868,30,1.997446187522802,628,12,804.0,136.00670070161289,439.765,0.0,43.44398338024927,0.0,184.10708,2.1963649581093136,0.04014115350933279,0,1074,0
575C9142-8228-4CC8-907A-34C0AA53DFF2,679,2,538.0,7,3.7628865979381443,960,516.0530191458026,48,50,452.0,100.48596089097987,292.0,-704.6049,49.266994347431705,0.0,145.0,31.75385406118062,0.14841635499683692,0,810,0
36C742A4-0795-4B0F-A7E1-87D9DCA1F8C9,8501,1,0.0,0,0.0,0,0.0,-1,48,251.0,71.7295856547819,361.3678,0.0,13.271372781107216,0.08587225032349134,89.592872,-5.828675515893011,0.10033847240508519,0,1074,0
1CAC6153-2470-47FA-A448-30C82F04D4C4,1198,3,95.5,0,0.0,0,0.0,-1,38,452.0,104.62373416945617,238.2195,0.0,29.178950820093238,0.0,144.7391,-13.0695494541784,0.15403631679428745,0,1074,0
976E238F-CDA8-440B-BC0F-90D22D4ECBA1,10179,3,101.5,1,0.03585813930641517,7,0.25100697514490616,912,23,156.0,26.79755930742028,239.01,0.0,6.466945020318546,0.17929069653207583,35.310806,-0.8134313043415737,-0.03303900725381928,0,1074,0
3DEE382B-B84C-4B12-88B7-0C7584E1BD7A,12761,4,240.33333333333334,2,0.057205548154533346,411,11.755740145756603,366,21,538.0,83.4992638293978,164.428,0.0,25.50548160665984,0.0,115.1131,-5.587844076311384,-0.22485023299638437,0,1074,0
E345B333-A917-4E07-B06F-69340FD89087,2374,0,0.0,1,0.15374894692502106,366,56.27211457455771,846,0,416.0,60.03389694951083,114.4351,-29.88103,15.96587528725542,0.0,80.23921,-10.098670971825655,-0.009777885639004382,0,1074,0
FB16BEB4-78CA-4B11-85AA-16C4F7B384FD,5151,0,0.0,0,0.0,0,0.0,-1,0,753.0,196.0226730817044,498.7553,-8.3,57.67169051986975,0.0,271.46876,-15.330654492969842,1.2655290248560602,0,1074,0
21E6288E-F54E-4B81-A4F3-0B50E6D52145,12761,3,76.5,1,0.028602774077266673,239556,6851.966146853695,321,645,678.0,110.26156956004324,544.0449,0.0,76.76366950404412,0.0,212.146,91.69167265677773,-0.9850410687049895,0,1074,0
442DE724-EAD0-4E68-B96E-5F5071214095,4075,1,0.0,1,0.08957055214723926,304,27.229447852760735,846,786,504.0,16.146578438189152,202.6,0.0,31.48872471938789,0.0,65.7,-16.146578438189152,0.0,0,1074,0
B8A60FBD-CDC6-4EAB-88E6-E4A10168F69E,1351,1,0.0,0,0.0,0,0.0,-1,779,887.0,92.66658497710995,209.3543,-18.56,27.010339464603597,0.0,130.3698,10.044912215019679,0.30655196826931713,0,1074,0
E554C17B-1BE0-4A75-A4EC-344359693CE6,8227,1,0.0,4,0.1774644463352376,83,3.6823872614561806,674,754,489.0,106.7364278695473,348.2184,0.0,43.157457984863136,0.0,164.68,-13.382483743312733,-0.3394900368791446,0,1074,0
D930D9DF-F1CB-48D3-B922-F791DC37BDC9,737,2,85.0,1,0.49525101763907736,12,5.943012211668929,346,645,542.4,158.13794720158,322.3049,0.0,75.88421292548152,0.0,250.09624000000005,-28.08517390142569,0.1257958661396199,0,810,0
E8C1B437-90CA-425C-AE12-9D21EF47DB8E,12761,3,21.0,1,0.028602774077266673,126,3.603949533735601,846,729,269.0,106.52157040648247,218.28,-35.37552,27.49070907738703,0.0,146.34,-17.327783529939254,-0.09632530971139538,0,1074,0
D3FB5DCE-F33B-4FD3-91AF-CEA0446341CF,12761,2,334.0,8,0.22882219261813339,719,20.56539456155474,369,387,138.0,27.726428528647368,193.259,0.0,5.964776616523257,0.14301387038633337,35.2,0.13909616116744417,0.08145950804509378,0,1074,0
90A13DCB-D4A2-4B76-BAA5-79CC692D6B82,6599,1,0.0,2,0.11062282163964238,387,21.4055159872708,253,681,138.0,15.561088911981455,62.94376,0.0,3.241597241038681,0.0,19.78887,1.8378059600864471,-0.012389980556603277,0,1074,0
5CD63272-9719-4D60-84D8-2041F64F5A46,2834,3,182.0,1,0.12879322512350036,66,8.500352858151023,918,288,301.0,74.92774314746805,151.326,0.0,27.61963878289337,0.0,109.37352,2.8800280374856584,0.08113722071379045,0,1074,0
E22D3F3A-FA23-47A2-8C2F-C52A5BAF8653,12761,1,0.0,2,0.057205548154533346,20,0.5720554815453335,260,631,188.0,33.13595333439562,138.4107,0.0,10.12154432065056,0.0,46.358506,-0.7336688806919156,0.0903533806962637,0,1074,0
5AAAA079-9B8F-4E03-8799-8BFD262DA47A,2169,1,0.0,0,0.0,0,0.0,-1,610,0.0,75.14191654498968,173.9432,-679.58,25.51340257006672,0.0,105.345,23.283094136337482,0.07062754821630597,0,740,0
B2E9766F-804A-44A5-ACA7-AF88F98CCCC9,1450,1,0.0,2,0.503448275862069,432,108.7448275862069,472,548,301.0,39.01257584438028,419.0932,-56.45736,22.58043297324935,1.2586206896551724,68.57329999999999,8.448525581545645,-0.040629466272748105,0,1074,0
30CB4D98-4210-4B66-AAF8-8AD83F64C821,3547,1,0.0,1,0.1029038624189456,134,13.78911756413871,918,491,831.0,205.21018823182447,715.0,0.0,132.53456143395823,0.0,381.0,-12.909493787380029,-2.1483933315958623,0,1074,0
90390E04-CE6D-4CFB-9991-61729D467616,4213,1,0.0,6,0.5198196059814859,364,31.53572276287681,249,491,452.0,198.17950313052373,538.0,0.0,40.657990699441406,0.17327320199382862,252.0,13.00629933861208,-0.012778212216619447,0,1074,0
2504F7E4-B16E-4820-A3C8-990EA331CE7D,2381,1,0.0,1,0.15329693406131875,2,0.3065938681226375,146,486,452.0,110.13019093928662,283.0,-17.1,42.975627946744844,0.0,165.0,-3.023632297311309,0.1636473753045829,0,1074,0
1571A9B6-264E-4927-A936-09BC7C62B46C,4092,2,432.0,1,0.08919843597262953,196,17.482893450635387,481,51,624.0,141.88540665095468,497.7,0.0,81.86285490755986,0.0,254.1,-6.443670539843566,-0.1226432218427971,0,1074,0
542358FF-AC42-4DFB-8750-AB5B18AD23A6,6188,1,0.0,0,0.0,0,0.0,-1,483,380.0,78.30806813987971,184.1,0.0,20.716732305048556,0.0,106.4,-8.52566073247229,0.14332071174761674,0,1074,0
55FC5510-5348-4FD2-B755-C17BB5DDE25F,12761,2,115.0,5,0.14301387038633337,126,3.603949533735601,223,468,84.0,25.09956377527566,120.2,-164.3568,14.661357207786056,0.057205548154533346,39.0,12.059024187687303,0.005949917227971293,0,1074,0
00B6496F-EAFA-4096-B929-2089B745186C,610,2,264.0,2,1.1967213114754098,29,17.352459016393443,47,198,151.0,29.819153906047237,107.0,0.0,20.293776845367614,0.0,56.0,4.570197945804612,-0.06754537597237818,0,670,0
FD7E9A32-A7EB-4B3A-B2CB-B5EB87374171,1560,1,0.0,1,0.23397435897435898,39,9.125,753,424,1247.0,120.66002982909758,478.5198,0.009231586,55.13784317234939,0.0,194.1284,-9.293513833043562,-0.44873484997194574,0,1074,0
9C75526F-F996-4B7C-B82F-8AB30EBC0F6F,12761,2,364.0,1,0.028602774077266673,26,0.7436721260089335,268,57,375.0,70.97690283936883,273.6572,-234.05,34.1366011124589,0.0,114.6484,12.67906484936573,-0.12304322381841423,0,1074,0
6FEFA82C-5808-4D65-B94C-14C208CA49EE,12761,1,0.0,2,0.057205548154533346,250,7.150693519316668,450,420,1370.0,435.9556205455593,871.06,0.0,120.4891836144533,0.0,607.2,0.05438176925542848,1.8162314649038822,0,1074,0
A80E1052-90E2-4B3A-804C-17865D1BA07E,524,2,1.0,0,0.0,0,0.0,-1,417,678.0,83.61112972121153,300.0,0.0,69.12849712522853,0.0,114.22816,6.016413110578611,-0.31626336751803796,0,690,0
56C99268-1D8D-4C94-A10D-F12C55F78A8C,577,1,0.0,3,1.8977469670710572,7958,5034.090121317157,401,406,301.0,28.104291261525763,1391.821,0.0,28.20195211898975,3.1629116117850953,65.42015,26.7494659135514,-0.23703924013950636,0,901,0
8525D1B3-BF24-4075-AC3E-8D9DDC54BF57,6045,2,0.0,1,0.06038047973531845,20,1.207609594706369,79,393,1386.0,333.1866849510188,1002.0,0.0,136.38206260092937,0.0,513.0,-7.600573839907668,-0.800606041898528,0,1074,0
1FACDCB4-5269-425C-BB15-58C8C0541010,5258,2,199.0,0,0.0,0,0.0,-1,171,148.0,49.22025821863105,93.78883,0.0138089,9.425143010993605,0.0,60.784754,-1.4252057888471015,-0.082679935747146,0,1074,0
75360B96-86FA-4D7B-BFB7-431A3C4D9D0D,540,1,0.0,0,0.0,0,0.0,-1,359,603.0,96.26839112008845,506.0982,-0.6175378,106.2578264345973,0.0,264.47014,79.6057427436461,1.0076094621877052,0,810,0
11922B9E-E038-4CE8-ABE1-37C22C1B28DF,4858,2,0.0,0,0.0,0,0.0,-1,288,497.0,73.20695772659877,201.0,0.0,36.89276868723407,0.0,126.0,-10.544920689561735,0.3859279609279159,0,1074,0
218C0101-E229-4D72-80D3-15A4C3F9552B,1566,2,0.0,1,0.2330779054916986,10,2.330779054916986,964,283,452.0,108.26852421028639,261.7181,-30.61999,44.96226614832888,0.0,164.97202,-14.82976579632033,0.1282011982350075,0,1074,0
A48A293C-6D20-4654-AC4F-CB3318781CF8,2752,1,0.0,0,0.0,0,0.0,-1,257,151.0,35.57900443618846,233.75,0.0,6.654423025509145,0.6631540697674418,44.0,-2.1163501152008095,0.04777201574951361,0,1074,0
F9BCC417-ED7C-4E4C-AC1A-C1735F2A828E,6247,3,69.0,4,0.2337121818472867,322,18.81383063870658,432,113,158.0,27.262840974573802,81.0,0.0,14.611364450788109,0.0,48.0,7.892560259994102,-0.12816134136362986,0,1074,0
AE68AC8E-69DC-4AD3-8551-EBB9F9D71F93,12761,1,0.0,6,0.17161664446360006,397,11.35530130867487,242,236,200.0,28.999938565445436,116.8477,0.03515625,11.292974393035811,0.0,43.55859,-3.790754664828153,-0.017467129873168473,0,1074,0
1B81C6A7-3250-408D-B086-33D52FB8FBA9,2658,2,0.0,1,0.13732129420617006,273,37.488713318284425,846,225,301.0,105.8919134907185,226.605,0.0,19.697703994551777,0.0,133.18243999999999,14.908049699096324,0.10733123497974364,0,1074,0
CA7373A4-A59E-4483-870E-E081AA484ECB,403,1,0.0,0,0.0,0,0.0,-1,223,887.0,81.12632691448763,236.6321,0.0,49.49168285479905,0.0,148.47072,-3.328258164487636,0.5585638286480906,0,453,0
2585C2EA-7C0D-4139-B72C-17F06D171433,2680,1,0.0,1,0.13619402985074627,454,61.832089552238806,846,207,1039.0,175.85156127065076,534.4375,0.1717913,113.52260115808613,0.0,336.55589999999995,-3.104778970419261,-1.6824007709608202,0,1074,0
BB0BB08A-AC4C-4A36-88A5-19B50961CE00,2559,1,0.0,0,0.0,0,0.0,-1,204,250.0,68.83710236980971,153.0,0.0,19.395874719029877,0.0,96.0,-6.209864715488727,0.12264414216655803,0,1074,0
E7CE180B-AFE6-4AFA-9BFD-1BA15069FE42,350,2,15.0,1,1.042857142857143,3,3.1285714285714286,17,184,451.0,38.79192897547389,131.158,0.0,34.00042371731768,0.0,81.56563400000002,36.26378605477303,0.25036609494536,0,565,1
2736960A-0787-412A-B145-142AD19DDEBC,5831,2,0.0,0,0.0,0,0.0,-1,183,209.0,53.635220690592895,167.61,-18.3,13.32248368005142,0.0,71.85,2.716352611876232,-0.022909728796019973,0,1074,0
2B419C55-B2F6-4719-A5FA-17C2C73242FB,4012,1,0.0,1,0.09097706879361914,221,20.10593220338983,846,168,416.0,67.9157251821013,246.0,0.0,43.872938765527806,0.0,126.0,4.664830483022158,-0.684424001357154,0,1074,0
8ED1FE13-8DE2-430D-80C1-1C4495111195,12761,2,109.0,2,0.057205548154533346,29,0.8294804482407335,35,8,313.0,37.10346720881597,167.0,0.0,14.111205725142602,0.0,55.0,-5.592356097704858,0.03445772912062233,0,1074,0
9A7C329D-C7F7-4E67-832D-F4A87B19C8AC,1269,1,0.0,1,0.28762805358550037,52,14.95665878644602,846,107,624.0,246.95874536481125,574.6124,-5.16,52.77204023723659,0.0,307.84728,-3.0702191819408995,0.20919619839818004,0,1074,0
C217F203-006F-4BDA-97DF-1589479D3ABF,2479,1,0.0,1,0.1472367890278338,41,6.036708350141185,806,85,497.0,76.20201493068821,241.4,0.0,26.554141761546017,0.0,110.0,-3.2244686343919113,0.0321594915695337,0,1074,0
5EC7437A-A15B-4E3F-A4C6-D452BC4F5234,353,1,0.0,0,0.0,0,0.0,-1,58,301.0,80.6066544327821,204.708,0.0,51.60073789473402,0.0,138.7026,37.89475092061298,0.14275512765968199,0,439,0
1BE54786-C0DB-4CC4-A60E-96CC5B590B71,6774,2,21.0,0,0.0,0,0.0,-1,15,734.0,122.33299491514889,618.18,0.0,56.1107849482903,0.0,198.0,8.814343047814063,-0.19503788190599014,0,1074,0
7A839D99-FC0A-4EE0-846C-9F9063724C66,1639,0,0.0,2,0.4453935326418548,288,64.1366687004271,90,0,301.0,124.54386200120427,219.8574,0.0,20.452764347490323,0.0,149.7465,-16.72768310768575,0.4981704867918387,0,1074,0
3EFAEA8A-BCCD-489D-BCC0-821E6C29F878,28,1,0.0,0,0.0,0,0.0,-1,22,1039.0,18.452603482468522,422.0871,0.0,49.60711597361342,0.0,53.35543,6.764530798241356,1.0953522095169752,0,124,1
7B1D74D4-00DA-4932-BBF7-2D1DA8F93BE4,3956,1,0.0,1,0.0922649140546006,40,3.690596562184024,846,779,567.0,68.33860650048237,239.8,-122.4365,30.26648098817196,0.0,109.0,31.169665104455902,0.30368822396903716,0,1074,0
908B1A97-D6B7-4453-8242-B47FA006277F,5790,1,0.0,1,0.06303972366148532,110,6.934369602763385,846,743,266.0,93.45836271510615,319.469,0.0,19.060141508254272,0.18911917098445596,120.5657,1.3089798960049563,0.07995104095261328,0,1074,0
51670481-C0B0-43A4-BFC6-48F3FC483BF8,6605,1,0.0,0,0.0,0,0.0,-1,727,377.0,59.421713401503425,179.4144,-14.53967,27.500076181868547,0.0,96.55691999999999,-25.455280682984906,0.18338380545023644,0,1074,0
CB3A882A-FF9C-4B39-B3B7-338BB9DF45CA,3663,2,681.0,1,0.09964509964509964,279,27.8009828009828,895,29,1039.0,229.48960266835877,410.5554,0.0,42.38384671441263,0.0,283.43994000000004,-6.072771395210623,0.1695080696460188,0,1074,0
64C02E7F-3A0F-493B-9E0C-DB50E342A769,3497,2,62.0,0,0.0,0,0.0,-1,631,301.0,1021.325605412562,142608400.0,-0.56,362873.34800237877,0.20875035744924222,129.74382,-929.3926853746763,-0.13863233653221008,1,1074,0
D9479808-04FE-44E0-BD50-049346B3FE38,3046,1,0.0,1,0.11982928430728824,29,3.475049244911359,760,666,250.0,62.191674814013865,211.0,0.0,20.22454493193191,0.0,88.0,-6.3442211103101585,0.17174611177415758,0,1074,0
734B1ECC-26C4-47AD-80EC-DCFF57342D09,6605,2,1.0,0,0.0,0,0.0,-1,635,377.0,60.531081361274744,205.1851,-14.82,28.114829221127223,0.0,98.7421,-25.809536229098818,0.18781830541873937,0,1074,0
162459D6-0522-437D-BAFD-0B5F027A8B79,1269,2,433.0,7,2.0133963750985027,457,131.44602048857368,105,106,451.0,21.429658113890202,74.90896,0.0,6.016717491849581,0.0,29.0156,-0.6943672355723045,0.10689629936267475,0,1074,0
C7E215A2-2BF2-4BD2-889F-D3F55755D736,8828,1,0.0,1,0.04134571816946081,36,1.4884458541005892,831,526,313.0,34.77598050146652,189.0,-61.58681,25.714754092559073,0.0,77.0,-10.775054575540594,0.4177695691740583,0,1074,0
300E0CEF-4D09-4BCE-BECA-E7231710793F,1831,3,20.5,0,0.0,0,0.0,-1,425,753.0,251.74108116336348,599.15,0.0,106.13779145264655,0.0,392.42116,-51.68200698898073,-1.8424589884156224,0,1074,0
595403C8-1F79-45B3-9ECA-FF1E3DC7CD24,528,2,72.0,5,3.456439393939394,210,145.17045454545453,307,355,452.0,60.80294538145713,144.7471,0.0,28.690624751217022,0.0,94.670688,0.02823887625892496,0.15391976499722773,0,607,0
B98E9270-B97C-45C2-9351-B30785B414C4,421,1,0.0,0,0.0,0,0.0,-1,403,271.0,32.32038148274037,3996.304,0.0,23.986217941751047,0.8669833729216152,55.859442000000016,10.593258027290496,0.05167238653544868,0,487,0
8A85296D-C193-437F-A2B8-920D5EB795AC,1758,1,0.0,0,0.0,0,0.0,-1,257,99999.0,92.42446647855058,308.1649,0.0,85.76343014827494,0.0,217.7467,-11.34895247430677,-0.14738803811355725,0,1074,0
159FC4C3-805D-4FC4-9FE2-91FF028BA0C4,4767,2,1.0,0,0.0,0,0.0,-1,253,188.0,55.1859352399205,349.94,0.01,13.890071914642908,0.15313614432557163,74.12,2.6877815810671564,-0.01957791371139741,0,1074,0
71795A45-8FB3-43AF-85B9-014106A6EBDC,6720,2,6.0,0,0.0,0,0.0,-1,246,920.0,186.80798828013167,621.5515,0.0,95.67589071736506,0.0,323.1812,9.470129003818954,0.8742988160402279,0,1074,0
91E99317-F64C-499F-AD57-260034B07F09,3529,2,149.0,1,0.10342873335222443,278,28.753187871918392,846,234,301.0,107.73288308509068,181.7191,-69.07047,20.33661360905007,0.0,135.96592,15.606375539909337,0.11373519729104732,0,1074,0
F9AB7870-787C-455A-A54F-6B624F62A429,402,1,0.0,0,0.0,0,0.0,-1,227,678.0,30.717733272776155,79.72689,0.0,15.725536304614245,0.0,49.733132000000005,2.3335673987516223,-0.01889551851380668,0,453,0
0147A16F-CD50-442E-AEDF-88FCD75E7F17,4758,1,0.0,1,0.07671290458175704,101,7.748003362757461,1067,216,128.0,14.935497897660685,697.3709,0.0,7.715126870515067,0.3835645229087852,24.0,5.681747472709684,-0.029411638611096833,0,1074,0
111998E7-9D92-4538-BDCD-0CF26438B2BD,1048,3,88.0,0,0.0,0,0.0,-1,35,415.0,79.86086551944808,310.6207,0.0,47.86007681503108,0.0,147.62812,-0.7811854780128868,-0.9618530380529986,0,1074,0
53349B7E-CBF8-4090-A4CB-C5DE42EDEEDD,4501,1,0.0,2,0.1621861808487003,266,21.570762052877136,613,190,326.0,61.28226858974277,769.1667,0.0,14.882056304203921,0.4054654521217507,78.74999,7.490588338497972,-0.045109232822022796,0,1074,0
2E9AD20F-FC82-4CCD-B899-1668319A610F,5859,2,1.0,2,0.12459464072367299,10,0.622973203618365,571,186,77.0,21.24407323492842,80.53368,0.0,14.111072284450906,0.18689196108550948,41.8426,3.092376732864789,-0.15119290296190688,0,1074,0
999FFCB6-B610-4C8A-98E9-7D40808E8F06,365,1,0.0,1,1.0,108,108.0,350,185,451.0,43.615861878454865,199.8729,0.0,36.81544922154927,0.0,87.09321700000001,32.10461743713155,0.2526457758324603,0,565,1
5BF57D13-AAC5-4B0D-8BCB-F2CA28DF0CB1,2151,2,0.0,4,0.6787540678754068,418,70.92980009298002,83,92,301.2,44.2971525572349,92.33346,0.0,12.980177441443903,0.0,61.446084000000006,6.653960575241946,0.007379649107219733,0,1074,0
12D8F1DE-4A7E-4B0A-B3AC-C2F179F7F302,12761,1,0.0,2,0.057205548154533346,535,15.302484131337671,446,62,1370.0,425.59748672690955,849.27,-4.344956,117.09250436286437,0.0,592.43,-1.9998717577737466,1.8269981313419055,0,1074,0
11F09D04-EA56-4B69-B391-867753EBA81D,1295,3,0.5,2,0.5637065637065637,7,1.972972972972973,41,46,452.0,43.113325261709846,513.7,0.0,26.437215416953926,1.4092664092664093,80.99641999999997,-3.695881777759233,0.4187833225009292,0,1074,0
A693AD9B-DF6E-4CB9-ADB9-720C564849BD,3774,2,0.0,1,0.09671436142024377,322,31.142024377318496,846,19,126.0,12.680865567774054,71.8894,0.0,4.7435394079842315,0.0,19.35484,-0.29522026769689624,0.011943377264158467,0,1074,0
48E8BEE5-9E91-4DEA-9EE5-0C9076F210E8,2780,1,0.0,5,0.6564748201438849,198,25.99640287769784,404,18,453.0,108.45945579565803,248.739,0.0,20.594089550419,0.0,133.35554,18.23564328304569,0.22906700176050587,0,1074,0
5B4324E3-C3D5-4E29-A3DB-4F517115E5BF,12761,1,0.0,0,0.0,0,0.0,-1,820,434.0,16.251359766761414,40.40527,0.0,8.180018450579496,0.0,26.36719,3.7191926245194473,0.014330526601401421,0,1074,0
1F170920-B265-4766-B927-DAA65F95640A,7522,1,0.0,8,0.3881946290880085,472,22.903483116192504,276,809,263.0,104.97451034982873,227.0,0.0,21.20034596476436,0.0,129.3,-2.961624547359591,0.043600501662201946,0,1074,1
8D8BC86A-CDC2-4AAF-B02D-7F7A2E57C62A,4313,1,0.0,7,0.5923950846278693,260,22.003246000463715,277,801,263.0,106.14217481599783,231.8511,0.0,21.141046488151172,0.0,130.68902,-3.115320582201548,0.043661664054791376,0,1074,1
C11B57EB-0777-4FED-9325-E09683E78ACE,12761,1,0.0,1,0.028602774077266673,109,3.1177023744220675,329,790,271.0,31.28334604071299,159.2473,0.0,20.739222737143077,0.0,53.2878,-22.059848533614222,0.00848026703273027,0,1074,0
9E1F64C4-AEE8-4475-B918-BD14FB11C39A,12761,1,0.0,0,0.0,0,0.0,-1,785,479.0,120.04751438221527,325.0,0.0,30.825980555024106,0.0,160.0,-0.08578598715354246,-0.08400671322031592,0,1074,0
0FD2461E-3677-456B-A2E9-02C8FD481D42,8501,1,0.0,1,0.04293612516174567,124,5.324079520056464,846,750,251.0,69.22358026934806,520.4246,0.0,13.962838635858581,0.08587225032349134,88.2,5.611859545466757,0.09245745359502486,0,1074,0
216F6E5D-E258-4CEA-A712-898B2A85FF8D,12761,1,0.0,0,0.0,0,0.0,-1,722,151.0,24.326267008747337,117.2801,0.0,7.8512261443863425,0.0,35.0,-1.7832114531917824,-0.032672872279637395,0,1074,0
0FE81E09-8393-4AAA-8E75-909048EBD2B7,4158,1,0.0,0,0.0,0,0.0,-1,720,188.0,55.221787862502985,109.73,0.0,13.570224694851396,0.0,73.86,2.6717159955217085,-0.01959708388787102,0,1074,0
98A6B2E8-599B-4D17-B4E7-A425AAA0622D,620,2,18.0,1,0.5887096774193549,17,10.008064516129032,8,586,301.0,67.79979476126343,255.1001,0.0,38.11803811109677,0.0,112.44336000000001,12.592530952617736,0.1259799563741776,0,670,0
C11B0376-0E4D-4DBF-9760-495F7B34A162,764,1,0.0,2,0.955497382198953,808,386.020942408377,717,597,416.0,75.11679011188001,227.9,-102.0024,32.81912523572307,0.0,120.0,9.329120381947149,-0.04331416087042814,0,774,0
7D6DCE0E-F19E-4098-8F2A-6011DE6DD9A0,8342,1,0.0,0,0.0,0,0.0,-1,584,377.0,116.9236810692147,301.68,-10.11829,45.79799019847344,0.0,177.84,18.533152264118655,-0.322272914351711,0,1074,0
A7A859FB-3644-4B4C-AD52-F0FE7FCDAF51,6306,1,0.0,0,0.0,0,0.0,-1,562,269.0,94.77812120322828,2049.0,0.0,28.463747074514508,0.34728829686013324,125.33673999999999,-5.710769561175795,-0.13427012135715372,0,1074,0
26CAD814-DEA7-4F53-9C05-9773CBB71794,9059,1,0.0,1,0.040291422894359205,25,1.00728557235898,507,525,407.0,118.9652776151042,308.21,-281.16,47.28467486252984,0.0,181.51,19.769274082426662,-0.33131411113869563,0,1074,0
690D4FD0-C958-4078-B99D-B805ABC80E41,12761,1,0.0,0,0.0,0,0.0,-1,470,314.0,44.2243604602226,209.0,-9.84,19.563956464371692,0.0,70.0,0.7634481817527075,0.509083883241165,0,1074,0
9C6ABA26-3BA6-453C-89DA-225A58494EF5,533,1,0.0,3,2.054409005628518,256,175.3095684803002,172,401,452.0,20.014704252773065,98.68127,0.0,25.10066460321017,0.0,59.194445,25.164192423152862,0.08892691494830837,0,607,0
90C243BA-1C52-45AB-926F-F3E63FF62CA0,4163,1,0.0,4,0.3507086235887581,125,10.95964448714869,700,383,200.0,26.38171759982389,71.99097,-119.6059,12.605490046252116,0.0,44.21997,0.15808491800018487,-0.20304528240647032,0,1074,0
1C1B9269-2936-4198-8FEF-0FE212124956,401,1,0.0,0,0.0,0,0.0,-1,358,226.0,19.67139899872271,101.0,0.0,14.524738952665997,0.0,35.0,-1.3430810974881453,0.04367886067322704,0,474,0
0A7E9711-8C7E-416A-869D-15FA72B625AD,8732,1,0.0,2,0.08360054970224462,7,0.29260192395785617,636,353,739.0,118.23662422526823,404.425,0.0,73.31811887343812,0.0,219.7723,-56.74830665582379,0.6186967804826979,0,1074,0
5836278A-6DCF-42EB-A8D2-0BAED33170E4,771,1,0.0,1,0.47341115434500647,89,42.13359273670557,1,303,301.0,1.5396285846559823,71.83075,-44.4,9.02392906814866,0.0,0.0,2.3450143644180916,-0.07407377560444842,0,901,0
7F2D0DE9-09B2-4EE4-8837-EDF731C415C9,343,1,0.0,0,0.0,0,0.0,-1,219,99999.0,21.54093567251462,122.0,0.0,31.605130401896584,0.0,72.0,-21.54093567251462,0.0,0,362,0
6E3DB6AC-1E72-4DB6-B940-27E796AEE9EB,208,1,0.0,0,0.0,0,0.0,-1,43,887.0,80.35401911362231,600.23,0.0,70.6488951338214,0.0,172.7295,61.074591201192504,-0.40455476229247345,0,327,0
13A0A4DE-FF1C-416E-B3D0-1D93EFC3779F,5823,1,0.0,0,0.0,0,0.0,-1,19,961.0,284.8935356189502,594.0699,-17.97813,79.48700969590057,0.0,376.0775,-59.118426529444065,-3.0256855555558837,0,1074,0
3996F15A-47A7-465D-BFB8-20FCC40CC39E,1154,0,0.0,0,0.0,0,0.0,-1,0,453.0,7.132124567081263,55.69553,0.0,3.7285777680620913,0.0,11.414466,-0.06892478112447353,0.019658520272958658,0,1074,0
