id_equipamento,idade_dias,num_manutencoes,intervalo_medio_manut,num_falhas_historico,taxa_falhas_ano,minutos_falha_historico,taxa_minutos_falha_ano,dias_desde_ultima_falha,dias_desde_ultima_manut,limite_potencia,utilizacao_media,utilizacao_maxima,utilizacao_minima,utilizacao_desvio,taxa_sobrecargas_ano,p90_utilizacao,delta_utilizacao,utilizacao_tendencia_90d,dias_acima_80pct_limite,dias_com_dados_util,vai_falhar
F239CDD0-6ABC-4E85-8155-849BFED176DD,12716,11,93.2,15,0.43055992450456115,935,26.83823529411765,212,90,741.0,222.05758551125592,385.9529,0.0,75.94410404575643,0.0,278.41952,25.477000136892258,0.06060322682703549,0,1029,1
140D7CE9-2398-4B37-BF23-E597E20E1234,6842,3,293.0,2,0.10669394913767904,495,26.406752411575564,801,435,487.0,119.37816874591223,519.6515,0.0,55.68223791417222,0.05334697456883952,168.18604,-9.984235312424573,0.8494008903747154,0,1029,0
5680A0F5-83E4-4AB1-94D3-427C75B6CA33,10475,7,154.33333333333334,1,0.03484486873508353,5,0.17422434367541764,639,87,407.0,46.24001224573985,189.9586,0.0,32.25127602417571,0.0,91.574506,-16.34706575390343,-0.14257846371458813,0,1029,0
111ADE95-8574-41F6-9BF9-2B67EF7A95C6,8391,5,124.25,2,0.0869979740197831,78,3.392920986771541,801,514,188.0,44.07269534429507,231.03,0.01036914,10.680702928338194,0.21749493504945774,59.55218,3.3688943771555486,0.07882271373290652,0,1029,0
9ACC3111-44AF-4292-926E-4661533CEC10,12716,4,292.3333333333333,3,0.08611198490091224,155,4.449119219880465,367,131,266.0,149.39152986814628,236.9,-27.1,22.127338417266202,0.0,176.0,-7.213890979257371,0.16933751537671043,0,1029,0
AED1F5C4-0302-4541-886C-584F8D7BAFD4,2794,3,209.5,2,0.2612741589119542,1893,247.29599141016465,35,589,452.0,70.3381186977434,258.5451,-1.656494,40.78932486618873,0.0,126.94232,-5.108761525675504,-0.25118316521194134,0,1029,0
C8D59FD5-A8B0-4A8C-A957-F1CEEABA7EFC,12716,6,166.2,2,0.05740798993394149,958,27.498427178357975,781,173,324.0,169.76189965958628,304.0137,-370.0966,32.22962128916554,0.0,209.1797,-1.4018352876726965,-0.09299122264426023,0,1029,0
63C274E2-FF8F-48BE-9430-D0099841D0CE,3482,3,215.0,1,0.1048248133256749,53,5.55571510626077,86,581,451.0,134.06196250561248,227.3683,0.04074871,19.030226083230144,0.0,158.1702,-6.502980657078524,0.1907275364269353,0,1029,0
8023F211-A03E-4A6A-9DF7-3E088F3BD1BD,1177,5,169.25,1,0.31011045029736617,23,7.132540356839422,932,324,482.0,62.76521610813086,243.8531,0.0,34.37430171608099,0.0,106.83705999999998,-20.202267983748143,-0.013047327992409298,0,1029,0
78600FF0-ABFF-4154-87B9-47180890E6B9,2917,3,24.5,1,0.125128556736373,315,39.41549537195749,801,950,490.0,84.2027003704407,196.2717,0.0,27.9107632201286,0.0,117.8211,1.3047370488494323,0.03615980643018239,0,1029,1
D05B54E3-8C01-490F-B9DB-B13A9F4BB8D7,12716,4,4.666666666666667,0,0.0,0,0.0,-1,981,200.0,44.14164828231971,357.1797,0.0,31.20463613517677,0.14351997483485374,85.0,-44.14164828231971,0.0,0,1029,0
8E4DB99F-E4AB-406B-9034-A5BF1E1665A1,9166,13,70.08333333333333,3,0.11946323368972289,653,26.003163866463016,149,150,259.0,45.13534267163624,104.2932,0.0,17.58730290930524,0.0,62.8418,13.893471953981049,0.03856858470964836,0,1029,0
E1B50D7E-9ECA-4DF4-890D-CFA2B6C970C1,806,9,28.75,4,1.8114143920595533,189,85.58933002481389,617,761,722.0,174.16946993241737,412.7343,0.0,59.191786121315154,0.0,243.16258,-14.478608212509982,0.23265205035643804,0,1029,0
4CE784EE-65E4-4168-BDFE-8B64BD300EAA,12716,5,187.25,6,0.17222396980182447,587,16.849245045611827,125,244,489.0,126.50236060675692,379.0,-307.125,38.88283134970744,0.0,174.0,-2.465323569719885,0.4138475028923461,0,1029,0
77BEE62F-612C-40BC-B8C7-5C4A547C2328,12716,5,156.75,1,0.028703994966970747,89,2.5546555520603964,925,363,266.0,114.95137768556505,206.6,0.0,22.11398514936174,0.0,142.8,-4.143322130009494,0.03326685278921546,0,1029,0
BAA8A8EF-F082-42DB-BCA0-CC851F318378,549,9,104.375,4,2.6593806921675776,415,275.91074681238615,305,154,678.0,152.34722072502652,378.2227,0.0,57.595892472149636,0.0,227.0,-34.18533800897714,-0.14770536371671897,0,1029,0
14D77E1B-0EE7-473C-9AA3-62DDBF2A4431,12716,6,128.4,2,0.05740798993394149,90,2.583359547027367,345,346,455.0,104.8974440884116,343.6523,0.0,60.987430117133094,0.0,188.0859,1.6374560836563177,-0.42007466555725403,0,1029,0
4F8F1F3C-CC15-4CE4-83A8-0B21806528E4,12716,6,183.8,3,0.08611198490091224,21263,610.333044982699,427,63,706.0,238.26544352974656,538.7278,0.0,96.85684221794095,0.0,346.51496,-162.76031933221572,-3.5202314275998465,0,1029,0
4592F955-D4C0-425B-8D9F-27B64019C189,6347,5,73.5,0,0.0,0,0.0,-1,689,312.0,38.14481276230511,92.0,-347.9079,11.315601553523692,0.0,53.0,-1.6332386882310317,0.015009397593632725,0,1029,1
4D6AA979-6948-44E5-8AE9-84055A94F4E6,9707,9,104.0,5,0.18800865354898527,381,14.326259400432678,53,176,151.0,18.737954186364323,239.0,0.0,13.30690693706901,0.037601730709797054,36.0,9.481644579067776,0.002626524536608503,0,1029,0
A47D7EBD-BF11-450F-9725-C86375E38DEA,368,4,251.66666666666666,2,1.9836956521739129,70,69.42934782608695,160,221,226.0,37.365289465218595,168.0,-112.1648,18.681540619413447,0.0,58.0,-9.75834502077415,-0.11394147882915054,0,1029,0
E0991600-E200-4AC5-B956-72C797B539C3,12716,6,193.2,5,0.14351997483485374,11198,321.4273356401384,549,3,450.0,143.2584683071225,324.84,0.0,53.48628352452098,0.0,206.96399999999994,-35.58730009724596,-0.09138162233116863,0,1029,1
4D40A75C-4A61-40B3-B59F-455C13BF30E9,3071,4,243.66666666666666,0,0.0,0,0.0,-1,239,416.0,61.85168129244357,222.1747,-0.41,36.0144480322308,0.0,112.3081,21.799360114809517,0.5761165748561209,0,1029,0
E10035E9-3800-4DB9-874D-4EBDA6974EB4,2112,3,168.0,5,0.8641098484848485,437,75.52320075757575,386,635,451.8,56.89330489804484,235.05,0.0,22.07676683591334,0.0,87.574704,18.91372269223293,0.13218002085927433,0,1029,0
8F95A664-DE6F-49FB-859A-3C27EF11F534,7057,9,58.625,2,0.10344338954229843,104,5.379056256199518,713,493,489.0,119.17779979285922,372.0,0.0,45.01519290641276,0.0,179.0,-18.699404731130826,0.16092921851339959,0,1029,0
0D22829A-A658-4CBB-94CF-DD30D0CE3D8F,5353,5,236.5,0,0.0,0,0.0,-1,14,753.0,191.03276881328568,481.925,0.0,66.07021650675067,0.0,264.5401,13.037319117269874,0.17480328360020736,0,1029,0
A7294F99-D0EE-49B8-90CF-85455254D4D6,12716,2,7.0,0,0.0,0,0.0,-1,958,309.0,46.074429825907124,224.6338,0.0,19.76958659281298,0.0,76.79443,-1.3412324509071283,0.03617568926772272,0,1029,0
79A2FFC8-C67F-40FC-978D-B76D38EACB5D,845,7,88.0,9,3.8875739644970415,859,371.0473372781065,617,467,722.0,177.0277504269871,449.6615,0.0,63.07908099187119,0.0,248.41423999999998,-17.17654157667846,0.23044766539292874,0,1029,0
A1A0482E-6F36-444C-A35C-F70EF4EBBEBD,4834,5,177.0,0,0.0,0,0.0,-1,247,251.0,46.993180666263925,114.8287,0.008167955,15.489518996632986,0.0,66.98582999999999,-7.745367147143554,0.02841803706355886,0,1029,0
EA32ACF8-6379-4AD9-BD8D-14D4F18CAFA3,4244,3,349.5,2,0.17200754005655042,70,6.0202639019792645,87,256,151.0,44.33573066291809,374.6707,0.0,10.602381960603772,0.43001885014137603,58.0,-5.24267510736253,-0.05687476277368035,0,1029,0
035C52AA-9DBB-446B-988D-E23209B52E51,12716,5,161.5,1,0.028703994966970747,112,3.2148474363007233,801,307,269.0,93.31650920178149,181.32,-38.2,24.89204655968441,0.0,122.76,-4.244642481874067,0.08931400688177145,0,1029,0
ADEA2DFD-972E-4FDA-B7E4-6DCF28D53FAF,12716,4,230.66666666666666,14,0.4018559295375904,331,9.501022334067317,153,260,361.0,67.56225171828854,275.02,0.0,40.84562340190066,0.0,123.35399999999994,-3.361878261498404,-0.32598348904536273,0,1029,0
5A561BBF-6709-4B68-A7CB-FB2292AFBB33,12716,9,107.5,1,0.028703994966970747,117,3.358367411135577,801,89,269.0,82.04726963654059,234.4922,-38.4,32.11268799728036,0.0,110.4,6.322347040928548,0.10234101544192688,0,1029,0
C59A2686-32D0-485E-8B4A-857EBDFAA744,4570,2,28.0,1,0.07986870897155361,63,5.031728665207877,667,923,302.0,49.77282232053018,207.4882,0.01532496,32.7733143801962,0.0,96.28964399999998,24.838757350071674,0.2484908254914829,0,1029,0
309A1924-4FB3-4EC0-9F38-01BA96669D63,2644,8,76.0,1,0.1380484114977307,101,13.942889561270801,1000,428,452.0,121.89128320443072,369.0,0.0,43.790399958371694,0.0,180.0,-18.176622710603567,0.15609940413302006,0,1029,0
66E47D33-8F50-4FA8-96C8-4ECBD8B47802,6217,9,78.25,2,0.1174199774811002,150,8.806498311082516,286,320,258.0,98.24378439889976,230.4,-2.761532,17.40488684892026,0.0,120.1,-8.038074522356553,-0.012473819355926837,0,1029,0
23808D82-D775-495E-B7BA-ADEA8CEB3FEC,12716,5,196.75,1,0.028703994966970747,3,0.08611198490091224,287,162,451.0,94.04296670095361,201.29,-55.23553,31.85876574352422,0.0,125.13,8.347482373120457,0.12098793861144089,0,1029,0
7AB01D09-68D9-4089-96D7-3F01B0328BCD,4851,1,0.0,0,0.0,0,0.0,-1,948,377.0,114.46053482372854,240.9536,0.0170373,25.1197817315769,0.0,146.65952,-15.603106647031012,0.10583085236451273,0,1029,0
CCB3457B-F244-4A1E-803A-AC30C15C9135,2189,7,87.0,1,0.1667428049337597,333,55.525354042941984,801,418,301.0,53.582598400132326,176.3749,0.0,16.818657548844048,0.0,77.626988,-12.68267591510147,0.02620649853190276,0,1029,0
D298764B-043A-4443-8031-42DB085E61A3,12716,6,187.6,2,0.05740798993394149,215,6.1713589178987105,801,5,269.0,100.38904802989856,229.0151,0.0,24.887269051724374,0.0,136.2,-9.188205738231886,-0.35969111326397274,0,1029,0
F19B40CD-A10F-4673-8DC8-69FA5F18182E,8055,5,230.75,1,0.045313469894475475,9,0.4078212290502793,225,17,1358.0,552.0712691343341,981.24,-543.22,142.28507488431788,0.0,716.48,-84.74103302322305,-3.502563282847583,0,1029,0
C468DD2E-00CF-4027-89C2-EAAAB75DCED4,8061,7,154.33333333333334,3,0.13583922590249348,227,10.278501426622007,800,14,106.0,28.797279650476117,53.4,-0.3443916,4.310208271798691,0.0,34.1,-0.6326963171427842,0.016728734228708134,0,1029,0
A7B8CCE1-0118-44BA-9392-9B46CB15E59E,6599,10,95.55555555555556,0,0.0,0,0.0,-1,96,472.0,152.71745461729304,262.7563,0.0,30.562738308145377,0.0,191.6199,2.237004025453871,-0.04522347854745665,0,1029,0
BC3612ED-EC0E-4454-A9E6-597BD5A7AF56,12716,8,122.14285714285714,0,0.0,0,0.0,-1,81,315.0,77.34343169105274,240.0,0.0,28.09942280919557,0.0,109.57,22.961026666200354,0.3735315055510159,0,1029,1
1BFEC5F0-269D-4A77-A8FE-B324855362B3,12716,1,0.0,0,0.0,0,0.0,-1,938,314.0,86.28522099319443,199.03,-16.24106,24.36207212940968,0.0,118.51,6.546258173472253,0.11100528357401918,0,1029,0
5787E14C-7EE0-41B1-B1A5-59B80110213E,12716,4,307.3333333333333,5,0.14351997483485374,256,7.348222711544511,256,13,188.0,32.24342387153892,110.0,0.0,17.263173665782478,0.0,60.0,16.935819955621568,-0.12472658947383347,0,1029,0
3AA9BAE5-5478-4EAC-9B47-8ADF1CB0A257,2413,3,397.5,2,0.30252797347699956,36,5.445503522585993,63,141,250.0,50.71222723783006,163.0371,0.0,15.47257863800975,0.0,70.0,-4.314542052644875,-0.037566823521925884,0,1029,0
84D93928-D366-40B9-B0CD-38CC8B66D347,10062,3,408.0,2,0.0725501888292586,90,3.264758497316637,134,120,416.0,151.27673059024974,293.4998,0.0,39.258689713806945,0.0,196.4294,6.074008388222467,-0.09770566983371005,0,1029,0
5E86FC79-E6CD-446E-9C63-AC9E1707FBDC,5422,4,231.33333333333334,1,0.06731833271855404,47,3.16396163777204,241,241,126.0,47.936539140125845,126.0,-2.33007,14.650477653298118,0.0,67.5,-6.215590066051767,0.09385529420638232,0,1029,0
624B1859-E127-4462-BAA7-7CA58C3E877D,1051,8,72.85714285714286,0,0.0,0,0.0,-1,422,887.0,82.71060164817155,289.2185,-119.6904,50.94325419627181,0.0,152.28795999999997,-16.65788352702957,0.0534101034209163,0,1029,0
346D5839-3153-4B86-9E48-E483953CA857,3932,5,205.0,1,0.09282807731434385,6,0.5569684638860631,935,113,554.0,121.33820055513053,344.1686,0.0,50.81176617033761,0.0,187.23135999999997,-32.85998642627251,0.13368752380087068,0,1029,0
35DD7336-6232-45C8-AC65-865B74AF82F7,6193,10,101.11111111111111,3,0.1768125302761182,75,4.420313256902955,378,19,215.0,56.31585379499611,121.8274,0.0,13.120173577531792,0.0,73.33264199999999,-10.65105489023685,0.05937436098799422,0,1029,0
C2FAE1E4-0998-46CE-BDDF-ABFF133095CF,12716,9,109.875,6,0.17222396980182447,382,10.964926077382824,616,74,462.0,117.8224438216224,422.7,0.0,59.78733700461457,0.0,185.34618,-14.162182874091542,0.5545119750482832,0,1029,0
869E16C5-F63C-4408-BE22-07DD3864C3FD,2215,5,93.0,3,0.4943566591422122,452,74.48306997742664,382,628,1330.0,232.08800711665432,873.3069,0.0,121.59405944980915,0.0,425.1834,-100.87372963362964,-0.24711364874735384,0,1029,0
80F8F1CB-814E-4E45-8D98-C829821FC6EF,12716,2,0.0,0,0.0,0,0.0,-1,926,99999.0,0.0,0.0,0.0,0.0,0.0,0.0,0.0,0.0,0,1029,0
00E09BD9-1407-4988-A183-D1FCB78D4E71,12716,9,100.25,0,0.0,0,0.0,-1,143,800.0,284.3178055248805,615.0879,0.0,71.30341512055149,0.0,380.383,-0.2992273458681325,0.27089955315673553,0,1029,0
5BC608D4-1CB8-4A06-97D9-A52C66D8FE89,12716,6,180.2,2,0.05740798993394149,47,1.349087763447625,378,19,208.0,64.55967076832435,134.9521,-26.27249,15.142157075162835,0.0,84.284552,-12.207684570170024,0.0837169209818114,0,1029,0
B6E89437-3901-4A40-A9A0-2382B7C4A7CC,12716,2,76.0,5,0.14351997483485374,1516,43.51525636992765,542,845,99999.0,74.97702532171363,268.6962,0.0,46.68319666677375,0.0,131.1966,-74.97549547202227,7.82019721227608e-05,0,1029,0
DDCA2D1C-96E4-44E8-B08C-07C0F868055F,12716,17,63.0,8,0.22963195973576597,176,5.051903114186851,7,5,200.0,54.18096867686714,559.48,0.0,31.63325761736192,0.08611198490091224,96.0,26.295343051527922,0.326087068362289,0,1029,0
0D64E8E7-5C77-4B76-BCBB-E9DC376AFAD8,7124,3,213.5,5,0.2561763054463784,54103,2771.9813307130826,6,491,798.0,170.70338749205567,632.8123,0.0,69.5539750586563,0.0,254.5312,-23.044569549926024,-0.18748943275533828,0,1029,0
9F341F7C-2641-4A78-ABBA-50A9DBFE3D8D,12716,13,58.5,6,0.17222396980182447,234,6.716734822271154,7,211,241.0,51.41154643346152,536.0,0.0,31.146670925360443,0.14351997483485374,92.0,26.563839369007617,0.3292295459429685,0,1029,0
50F9C677-6882-4699-91F9-DE04F0DAF557,12716,7,149.0,1,0.028703994966970747,4,0.11481597986788299,938,36,417.0,137.52366442046537,308.3862,0.0,35.192623576752666,0.0,174.9023,13.706351108084021,-0.25167837425932416,0,1029,0
0C5B0AA2-5077-4328-B167-81CC2F03E17A,6538,5,173.0,1,0.05582747017436525,141,7.8716732945855,861,221,435.0,157.64977590530276,313.2807,-35.96607,38.92690939554812,0.0,209.43074000000001,-12.69075631965461,-0.10072323444781364,0,1029,0
98CC0281-EE7B-4AC2-A169-A459241C7670,12716,8,122.28571428571429,2,0.05740798993394149,140,4.018559295375904,368,55,470.0,130.5788707426656,1333.2,0.0,64.93998014570352,0.14351997483485374,208.9233,-28.884664804393978,0.6433184278739695,0,1029,0
1276D2BF-363A-46A7-AF31-BD3C63815533,2868,3,4.0,6,0.7635983263598326,104,13.235704323570433,54,914,90.0,29.715411962315923,80.01047,-4.67,16.766044775409387,0.0,54.74447599999999,9.985476519937162,-0.04486720382378646,0,1029,0
1365214D-F4D9-4FFC-930F-32DC34064799,12716,5,221.25,3,0.08611198490091224,185,5.3102390688895875,435,25,256.0,72.73750390949874,234.965,-2.938464,37.73127315431019,0.0,123.4765,21.131830816658677,0.46639119099213006,0,1029,1
08EB8303-7573-4051-A6DE-AD9898401BF8,12716,11,98.7,2,0.05740798993394149,1062,30.48364265492293,335,24,259.0,83.8460816455696,179.2,0.0,22.978234970503628,0.0,108.4,-5.3477579750449,0.048563859551059595,0,1029,0
A90C95E3-C878-43A0-AFEA-D5352D3E0667,2947,9,95.125,0,0.0,0,0.0,-1,180,1180.0,132.50418641987747,801.8799,0.0,54.51440248697868,0.0,190.6738,35.7067760901534,0.0621255442354106,0,1029,1
6E8DBE3C-4A05-445A-8254-7FE5F2384A53,3005,8,81.42857142857143,14,1.7004991680532444,2331,283.1331114808652,406,440,831.0,212.1872268786978,789.896,-7.859729,141.82125495641668,0.0,385.05352,41.25701881574662,-0.39395764021990637,0,1029,0
527230AF-BDA0-4414-803F-A9AE9A58209E,7694,13,72.41666666666667,4,0.18975825318429948,330,15.655055887704705,286,62,251.0,96.62685612637277,233.4,-13.24505,17.723067862843912,0.0,118.2,-9.633245015261664,0.033943570994050945,0,1029,1
D9386093-6D65-4863-8CA4-A73B5947FFA1,448,10,72.66666666666667,0,0.0,0,0.0,-1,262,301.0,29.853194723445085,154.6127,0.0,36.00900593583476,0.0,80.57357999999999,36.13071317007342,0.0983657612347528,0,1029,0
53EA041F-A40B-404B-B759-96E33C44F52C,2441,3,86.0,0,0.0,0,0.0,-1,734,602.0,191.64982038334864,525.3,0.002204452,37.37008264410639,0.0,238.65156,-23.703439303873324,0.13912856562351797,0,1029,0
84AA2AB3-4D86-4C5D-A887-D03D6E04E384,1043,1,0.0,1,0.34995206136145734,18,6.299137104506232,399,907,452.0,68.57528700449424,283.7075,0.0,34.40465591172365,0.0,116.25186,-15.46289106645412,-0.1255554250753408,0,1029,0
85BA9BE0-A063-41CF-8A8B-6F55EA4FBDF6,954,6,115.2,2,0.7651991614255764,69,26.39937106918239,914,336,151.0,35.41307973142865,126.8,0.0,11.54702273955218,0.0,49.2,-2.4529562744070503,0.09036515711487607,0,982,0
6C0776E3-8490-41EB-8FAA-A036FA96F525,4256,3,446.5,1,0.08576127819548872,416,35.67669172932331,801,7,542.0,122.087710422921,413.91,0.004389791,70.18026840628376,0.0,216.32838,-4.936670702038214,0.1510193077412528,0,1029,0
19C2D2FC-18E5-4CC8-AB00-42F530EF12CC,1403,2,185.0,2,0.5203136136849608,369,95.99786172487526,801,714,1040.0,192.2436025408368,524.9402,0.0,31.224494112548904,0.0,232.04244,28.503675692187898,0.2646967863485917,0,1029,0
A127858E-B72A-4E34-AB5B-6F2983E83348,2156,7,98.33333333333333,2,0.3385899814471243,160,27.087198515769945,83,306,602.0,122.25651527450042,306.2753,0.0,46.00951316183331,0.0,179.18254,17.532221635993423,0.18006798137731844,0,1029,0
6F9ECBF4-7CC7-4B22-AA2C-0468DCE1A12F,3312,8,122.42857142857143,1,0.11020531400966184,63,6.942934782608695,10,40,226.0,22.194528738036183,114.0279,0.0,12.773024359395157,0.0,39.294928,2.632607384340357,0.017324905318305887,0,1029,0
5B009B1D-13C0-421B-8A3D-4D9D5387B8AE,12716,8,62.285714285714285,11,0.3157439446366782,4715,135.33933626926705,531,458,99999.0,12.648266964048743,77.47803,0.0,14.402622157829517,0.0,31.48193,-12.648266964048743,0.0,0,1029,0
5A6C3F9F-DB74-459D-82A8-BE84B7A0B5D2,9084,3,232.0,3,0.12054161162483487,89,3.576067811536768,106,428,314.0,35.35505099550575,115.7,0.0,17.165366548295754,0.0,58.3,-0.31421766217241753,-0.5012121409593904,0,1029,0
951A6CB6-9915-45B3-B842-22E5C6FAA977,12716,2,116.0,1,0.028703994966970747,91,2.612063541994338,937,890,803.0,218.39521902569354,1996.49,-279.99,144.7890727941836,0.11481597986788299,388.0005,-83.50792655139338,-4.41449597308512,0,1029,0
FB912600-0A28-4998-A9DE-4B1CA9AFC007,12716,7,90.33333333333333,4,0.11481597986788299,1263,36.25314564328405,592,412,300.0,49.772524711030165,126.8921,-10.23551,18.268633703242703,0.0,75.57678,2.379921712580945,0.056616345841116626,0,1029,0
43F3B249-81CF-4520-BC73-572928C04E1C,5903,5,79.5,1,0.06183296628832797,4,0.24733186515331188,414,568,377.0,65.35616053293235,215.7935,0.0,30.48463040324393,0.0,108.07185999999999,5.681668863209637,-0.19126748023963555,0,1029,0
CCA3F62C-3ECA-4F0D-9E13-740291ED19C3,8020,8,125.28571428571429,3,0.13653366583541146,37,1.6839152119700747,56,6,150.0,57.89104428298202,270.1449,-2.0,22.004189483356775,0.2730673316708229,88.0,-34.67383749285857,-0.3812341372735009,0,1029,1
AE11A6F6-9BAC-4F37-AF8B-E21BA0D249A7,6804,6,134.4,3,0.1609347442680776,35,1.8775720164609053,129,211,798.0,206.5730041699842,730.8465,0.0,108.38378970239746,0.0,341.7471,30.40253796072571,0.5074654196437351,0,1029,0
091A9B8A-F32C-4375-99C0-780361B1ECE4,12716,16,61.6,4,0.11481597986788299,4142,118.89194715319283,56,21,440.0,126.6476758183406,332.7637,0.0,46.72283435628592,0.0,186.7676,-21.833448238394624,0.901621706151112,0,1029,1
8D7F599A-E3D7-4794-BCCC-A88BAEA0921F,4800,6,154.8,2,0.15208333333333335,499,37.94479166666667,97,104,129.0,35.76592593476858,145.6951,0.006116094,8.393977890729674,0.38020833333333337,46.853891999999995,6.443306321404258,0.07401279508326039,0,1029,0
04E69428-F9F6-451C-B02B-366623A29F1C,5150,4,215.66666666666666,0,0.0,0,0.0,-1,229,315.0,127.43308791079093,340.9546,0.0,40.42551171996791,0.35436893203883496,168.9948,-74.5703656333218,-0.08722260926571762,0,1029,0
67B5A77C-FDB1-46DC-824D-F0C43CC85E65,12716,10,86.11111111111111,4,0.11481597986788299,421,12.084381881094684,55,96,251.0,105.90005251170871,195.3,0.0,26.724399397777013,0.0,140.7,-12.998123499363032,-0.04442261961933984,0,1029,0
DD6BB91B-D0E6-4032-8F4C-1D6C6471FE06,8882,4,140.0,3,0.12328304435937852,318,13.068002702094123,423,453,269.0,154.122904624004,273.7,0.0,31.399786967533686,0.04109434811979284,193.2,-33.290589809189186,0.258784269205512,0,1029,0
DD4C4138-5AB7-4FD7-84FA-07BC8DB4DC3B,10089,4,151.33333333333334,1,0.036178015660620476,79,2.858063237189018,158,565,489.0,123.36674882987423,282.0,0.0,36.29752511119721,0.0,170.0,-4.128245743454471,0.1434512376927027,0,1029,0
BCB45581-9CC0-4607-8BB1-477B6E92CF1E,5665,3,312.0,1,0.06443071491615181,27,1.739629302736099,876,248,131.0,28.435165840721247,76.5,-15.0,17.415884645021833,0.0,49.5,1.9277971484762872,-0.08134697669239971,0,1029,0
B510BBF6-3B68-453D-B89A-D6DF249A471F,4402,3,397.0,0,0.0,0,0.0,-1,76,301.0,62.476799033347426,182.7204,0.0,33.34905182931651,0.0,105.99358,15.100294673726658,0.10284467170832964,0,1029,0
E9FC4B54-6AD5-434E-B3DF-E388AE5CE9E1,5632,2,0.0,1,0.06480823863636363,23,1.4905894886363635,876,869,131.0,28.047912480823427,116.1409,0.0,17.358022327414407,0.0,49.5,1.937619952818551,-0.08187010389717297,0,1029,0
AE6D1D2D-2D77-4C15-8E56-6C675A7A76FB,1601,1,0.0,1,0.22798251093066835,152,34.65334166146159,801,869,250.0,39.8372355776626,236.3501,0.0,8.852119586723022,0.0,49.54419,-0.3569629596070456,0.057653401803685195,0,1029,0
7A814E4E-113F-4241-9E4E-A11CCB4B81A7,5885,2,14.0,12,0.7442650807136788,1509,93.59133389974511,88,854,264.0,111.7672490284996,833.48,0.0,24.57482757100718,0.31011045029736617,142.677,1.3776455702658268,-0.058887562136271034,0,1029,0
86F0B828-D353-4298-8E94-24D33B57D303,4175,3,325.5,0,0.0,0,0.0,-1,215,452.0,145.32208161272445,454.099,0.0,23.57939458317273,0.17485029940119762,168.0084,19.342416450547177,0.931465184893538,0,1029,0
7A6F5E69-5A04-4CBF-91B9-93597B53F05B,4256,2,2.0,0,0.0,0,0.0,-1,866,151.0,23.952906998182026,331.7688,-11.9,5.319287290909358,0.3430451127819549,30.0,1.624562137620444,0.025475824633104997,0,1029,0
B5BA0E46-F802-497F-8FB4-5A3B2AD78CAB,4219,9,80.875,6,0.519080350794027,777,67.2209054278265,334,222,301.0,30.03171182681409,100.1875,0.0,14.697923300757406,0.0,49.44227,-3.3510171570609977,-0.04003607397120849,0,1029,0
87590A23-C0F5-4AC5-AD1B-19AA71EF7F7B,1167,3,65.5,1,0.31276778063410454,6,1.8766066838046271,978,824,452.0,54.43645505141012,125.3336,-9.038255,18.671078929704656,0.0,81.42449199999999,-1.0844193477064294,0.14407751898034946,0,1029,0
4DB1A6C1-28BB-4FDE-8B25-1359372E6823,999,2,56.0,11,4.0190190190190185,5007,1829.3843843843842,25,866,602.0,52.78501629847195,125.538,0.0,22.302717605584895,0.0,82.63453799999999,18.80925075476879,0.27551445195617247,0,1029,0
6A3BD889-72BA-4693-9A92-8AA1074FB370,56,12,73.45454545454545,3,19.553571428571427,14,91.25,253,54,452.0,112.36463844797179,270.0,0.0,42.76939594914728,0.0,156.0,0.0,-0.01744644990621173,0,64,0
9E3215DE-B13D-45BE-8785-E7EFD7DF04B4,6947,5,162.5,3,0.15762199510580105,50,2.627033251763351,202,209,490.0,86.85532903348803,717.6804,0.0,37.91639475095351,0.05254066503526702,135.83202,-7.893436711960248,0.32444774613223465,0,1029,0
F4E603C6-F513-47F8-BAB8-89A5EDEEA250,12716,18,51.529411764705884,10,0.2870399496697075,216,6.200062912865681,69,50,188.0,36.095541573458945,109.0,0.0,17.45021677070382,0.0,59.0,-3.499862561113268,0.08524829311343432,0,1029,0
5892C982-419F-4265-98B7-6CD0D7C0F2CA,12716,3,197.0,3,0.08611198490091224,4855,139.35789556464297,531,465,99999.0,10.311565042552733,193.0,0.0,13.023371996802481,0.0,26.72119,-10.311565042552733,0.0,0,1029,0
4764B324-754C-4709-AB20-B507812E1F39,12716,3,192.0,5,0.14351997483485374,29949,859.6559452658068,505,517,300.0,31.08862858252178,133.1177,0.0,11.364668742641845,0.0,47.69897,-2.1430518286637543,0.03121204084234977,0,1029,0
0DA38EE8-2C8F-4957-9314-78C3CDCA156A,12716,2,120.0,3,0.08611198490091224,101,2.8991034916640452,45,859,160.0,61.52151038812708,233.2578,0.0,13.888130364307775,0.14351997483485374,79.5,1.629762760021066,0.04312406538524169,0,1029,0
36FB2CDE-4F84-4E29-831C-169E6A129F03,3232,2,1.0,2,0.2258663366336634,96,10.841584158415843,386,859,181.0,41.23854311549873,72.63777,-6.174105,9.548532487903064,0.0,53.571994,3.7203742701494207,0.10230349172962187,0,1029,0
D986131B-4B84-4DE8-8BD6-C5782EFD6B64,895,2,75.0,3,1.223463687150838,707,288.3296089385475,204,782,415.0,19.344467374779512,42.40417,-9.861,7.659648790166708,0.0,25.33722,1.3668878767636947,0.0055620185413653815,0,1029,0
A78368AF-8EC7-4A0F-864F-E56BE0BFDACE,12716,12,48.81818181818182,5,0.14351997483485374,7553,216.80127398553003,100,390,461.0,123.27722600596285,325.9888,0.0,45.91087154605419,0.0,183.1665,-1.706809140762232,0.08047762878676472,0,1029,1
58B94B72-5A8B-4265-859F-C8A42977D4A2,12716,5,126.25,2,0.05740798993394149,295,8.46767851525637,455,347,284.0,0.0,0.0,0.0,0.0,0.0,0.0,0.0,0.0,0,1029,1
1822C8E1-4D94-4AA7-BD98-62579A5C12A1,8613,4,77.33333333333333,4,0.16951120399396263,74,3.1359572738883084,17,621,739.0,268.33672483060406,556.2332,0.0,87.47400260189501,0.0,384.42220000000003,-100.68085812535713,0.2934603612540963,0,1029,0
9E7D8206-B9AA-4402-B6B1-BD01C6880C60,12716,5,150.0,6,0.17222396980182447,347,9.960286253538849,789,250,649.0,152.97235469516852,1009.0,0.0,45.372316749999,0.14351997483485374,212.6074,27.217622523967293,-0.11857894691177588,0,1029,0
3F8CB57D-232F-4AFA-8982-21F12C598ABA,4751,4,111.66666666666667,1,0.07682593138286677,9,0.6914333824458009,516,516,128.0,8.357115482303486,99.30642,0.0,8.183642045624692,0.0,19.5,-8.357115482303486,0.0,0,1029,0
F1983F15-7F51-4D7A-A3A0-712D2EB7DF30,6885,6,81.8,1,0.053013798111837325,2975,157.71604938271605,721,435,798.0,210.71140180534445,556.7811,0.0,102.94405503801985,0.0,345.04118,30.071915053760478,0.4927404155321169,0,1029,0
47B23687-9630-4FD3-A667-184C83CB1869,12716,11,83.0,2,0.05740798993394149,12,0.34444793960364894,625,12,300.0,27.289064702332272,81.89392,0.0,13.547528012291496,0.0,45.3186,-8.672303380573013,0.016955848627271262,0,1029,0
34BE9C23-C440-41D2-B64E-FB877B82CC26,3683,5,28.25,0,0.0,0,0.0,-1,809,151.0,39.46724808910095,937.077,0.0,14.50772706881451,0.4955199565571545,56.25,3.1449239788002856,0.06408562957014154,0,1029,0
A4C9F3F6-F74C-4B75-9891-FAE0F4BB135F,12716,5,85.5,2,0.05740798993394149,49,1.4064957533815665,29,499,803.0,263.8750569032284,1781.27,0.0,150.10530525793604,0.14351997483485374,508.392,92.08209614461106,3.0450805449287532,0,1029,0
DF39C2B8-B194-4461-93CF-F8717023C467,9919,14,58.69230769230769,2,0.0735961286420002,1446,53.210001008166145,160,83,479.0,59.369339109396016,230.0,0.0,19.909086316207745,0.0,86.0,-13.177903924210831,-0.08384774297700705,0,1029,0
33919A4E-8F11-445E-BDDC-4A17FE681A9C,2319,3,38.0,3,0.47218628719275546,376,59.180681328158684,327,761,251.0,67.52426821279137,213.1302,0.0,25.268277147781728,0.0,100.42388,-2.766436506849999,0.1144297848310027,0,1029,0
1D8017D7-E18F-40E9-8C24-00317FBD323F,12716,11,92.8,1,0.028703994966970747,750,21.52799622522806,74,78,1143.0,194.19740705937136,2998.323,0.0,96.20559295112305,0.08611198490091224,285.90637999999996,50.898311040088515,0.20079650183396264,0,1029,0
B9D48F63-C043-4173-A67E-F23A31D900DB,12716,38,18.0,6,0.17222396980182447,42,1.2055677886127714,241,150,1083.0,204.90087452397512,643.9819,0.0,100.5561476027557,0.0,339.1724,-27.867377397864004,0.1485368414137751,0,1029,0
28DA8065-B3BF-4CA2-916A-4BF7784FDD8B,307,5,185.5,7,8.322475570032573,661,785.8794788273616,228,90,226.0,45.467972332357625,113.0191,0.0,20.67233076124873,0.0,67.64501,4.729055656839904,0.15945925744600914,0,345,1
F0E862AB-F49F-485A-89DF-A6CF42B265E0,9307,2,1.0,0,0.0,0,0.0,-1,833,1245.0,567.1752963836531,1079.55,-544.53,130.19162015130422,0.0,728.03,43.44752228918651,3.7062505379031996,0,1029,0
056D6EC5-21CC-4C5B-B7CA-3D38576A0279,9893,13,69.91666666666667,3,0.11068432224805419,410,15.126857373900739,353,92,259.0,87.15320724452071,170.64,0.0,20.936865752713484,0.0,111.12,-6.546053532329353,0.04848193627749468,0,1029,1
AEA2D23E-9BE7-4555-B4E4-220F5AABFC92,12716,7,110.83333333333333,3,0.08611198490091224,183,5.252831078955646,418,163,803.0,208.55847724100644,589.8285,0.0,62.64062681633835,0.0,286.7432,-8.474573775728686,0.20713020114890376,0,1029,0
30AA272A-2443-466C-8986-905EB5D3F7AD,1006,2,21.0,3,1.088469184890656,45,16.32703777335984,660,831,301.0,35.14538541303128,140.1394,0.0,13.123482979788493,0.0,48.08044,-4.010403275685601,0.09154386746875201,0,1029,0
EE4D2C52-4A10-45E0-B6F5-521EAEFDAD37,1267,2,721.0,2,0.5761641673243884,55,15.844514601420679,356,108,150.0,46.15819398740259,543.739,-60.68541,15.503569573651102,0.2880820836621942,65.662404,3.038776813137531,0.03131461481356768,0,1029,0
25F29DF5-0E1A-4FE9-998F-5E7F27FF09E0,12716,3,29.0,1,0.028703994966970747,45,1.2916797735136836,802,770,452.0,58.56902911099771,223.8281,0.0,30.144600007667425,0.0,99.68262,-17.02214663210882,0.028906855109919333,0,1029,0
FC6B3965-A1E8-439C-BB1D-0672F06F6AD5,12716,4,124.66666666666667,0,0.0,0,0.0,-1,451,690.0,127.46331213655746,463.47,0.0,59.367463448102654,0.0,203.08,21.030111474553664,0.3196835920528453,0,1029,0
69C1837D-05FB-4DCE-9762-49EE62C325F2,12716,7,112.66666666666667,0,0.0,0,0.0,-1,149,555.0,82.58249959558547,300.6,-14.19146,49.834953256028285,0.0,150.0,-14.545138087869432,-0.11003007802753703,0,1029,0
AD4CF9BC-FF28-484E-9298-0888B25E0C4F,9579,3,311.0,1,0.03810418624073494,380,14.479590771479277,801,201,193.0,22.94345197699487,139.0038,0.0,9.72494220028981,0.0,34.45901,0.6907227475421678,0.10538047305392532,0,1029,0
1303801B-9DB3-496F-8BB0-64867A2873B6,4442,1,0.0,2,0.16434038721296712,857,70.4198559207564,562,821,150.0,33.40408497461596,127.5189,-8.566734,12.55594161062761,0.0,50.0,1.746300827853176,0.08165234162422096,0,1029,0
9FC1C01F-67B5-498C-9767-59A59BDAC33C,4442,1,0.0,1,0.08217019360648356,863,70.91287708239531,562,821,150.0,33.27139835233532,74.0,-17.0,12.505114097849868,0.0,50.0,1.7484318945782604,0.08125380133803983,0,1029,0
4BA78034-FD46-43EE-A492-91B02B6AA81C,3561,4,83.33333333333333,1,0.10249929795001406,5,0.5124964897500702,820,568,452.0,61.45102206282482,235.6567,0.0,32.943308570484376,0.0,107.0,-5.482117741837165,0.045790575425353634,0,1029,0
BDE9DF47-1D5C-4BB5-A915-C6CF640FB6B3,4161,2,499.0,3,0.2631578947368421,283,24.82456140350877,74,320,753.0,300.80093057577704,483.7311,0.0,56.35427470950339,0.0,374.60143999999997,-17.666315762351132,0.4235108841453616,0,1029,0
08B98F4E-B5D2-41BE-8170-FD13A74212B6,7633,5,76.25,0,0.0,0,0.0,-1,538,251.0,85.84230250343794,235.5157,-10.10948,34.7639440638639,0.0,126.88433999999998,-4.943820187697185,0.26966765865143594,0,1029,1
528A33E0-3710-44BB-ADBB-31CC96707FD7,999,3,50.5,12,4.384384384384384,5373,1963.108108108108,650,817,602.0,52.636789983708525,127.9552,-22.61637,22.26445366950067,0.0,82.41099999999999,18.7063701135137,0.27442545017097364,0,1029,0
71CC2757-211A-4D92-973D-6FE88DB85E16,8152,9,78.375,3,0.13432286555446515,2937,131.5020853778214,418,188,803.0,76.47415267707665,348.1875,0.0,79.86273683540094,0.0,171.594,-66.39571656218467,-0.5182174010836742,0,1029,0
29C7EAB8-D7D7-4A3B-879E-1DD369918805,883,3,71.0,0,0.0,0,0.0,-1,719,602.0,100.88103019130615,296.8852,-941.73,57.560648952675244,0.0,170.43617999999998,36.16509841463521,0.3332357010628272,0,1029,0
8AE501DF-C350-4C40-81DC-A2C546FC5FD2,12716,3,61.0,1,0.028703994966970747,144,4.133375275243787,801,691,269.0,40.21281033716167,513.5625,-1.84608,51.20686497555182,0.11481597986788299,114.2,-39.68234737412155,0.0015042780733670906,0,1029,0
69B1356D-9B55-4313-A586-70B6E0AF1C7B,4709,11,61.4,2,0.15502229772775536,25,1.937778721596942,239,203,490.0,86.85225068728704,233.9625,0.0,35.96144942232796,0.0,133.69044,-9.768710884200615,0.33383119227493463,0,1029,0
1C735AAE-BF43-4FC0-A480-B058C93EA0BC,1930,6,160.6,8,1.5129533678756477,215,40.660621761658035,644,7,151.0,43.01016998724531,231.1351,-24.59,13.875979860145925,0.18911917098445596,58.413042,-0.9608229123472682,-0.03120161980970337,0,1029,0
556A3991-C410-4811-B60B-4FF7A80A1ACB,5120,12,57.18181818181818,2,0.142578125,28,1.99609375,100,257,471.0,132.00068884153237,288.8838,-49.69661,50.830489553681026,0.0,196.9635,-1.4388176210902373,0.083926689681028,0,1029,1
8E05A8A5-DD1B-4B13-92EB-C31DC70FEDE3,12716,6,139.8,4,0.11481597986788299,117,3.358367411135577,240,103,497.0,42.22259783773814,283.0,0.0,35.747281187183376,0.0,86.0,49.04831265608902,-0.6887657026703168,0,1029,0
4CE9C71E-D028-4FF1-95B3-64E7F3D0B71C,4368,5,204.75,4,0.3342490842490842,328,27.40842490842491,368,61,624.0,108.1677723311858,264.7833,0.05165524,63.56043839674042,0.0,199.4397,-53.689915275381786,-1.0780243112753876,0,1029,0
6AED5992-7C51-4238-A9F6-C08E540DE9DF,6390,2,1.0,0,0.0,0,0.0,-1,800,485.0,74.21999800267291,328.2493,0.1116015,56.072920690432106,0.0,165.12595999999996,-4.970822542480008,0.10661532638390317,0,1029,0
6EB5F12C-D18F-4C82-993A-D3CCA383645E,12716,6,103.2,6,0.17222396980182447,359,10.304734193142497,205,489,256.0,99.30861891543384,236.0945,0.0,26.126774177974497,0.0,130.56552,8.115414014350108,0.07746013135070577,0,1029,0
15BCC681-BAF8-4836-8374-8E8F76FAF496,12716,15,59.0,3,0.08611198490091224,79,2.267615602390689,247,179,266.0,57.650564377631504,400.0,-2.660278,36.871560582798054,0.028703994966970747,102.8042,-54.72662243766237,-0.17520715997540817,0,1029,0
A349FD0E-894E-41AC-8DEF-BE606B973E11,1403,3,224.5,2,0.5203136136849608,411,106.92444761225944,427,474,301.0,39.092403764747544,163.8731,-12.16988,22.48219759310275,0.0,69.252726,9.045988654233945,0.007435227321685271,0,1029,0
C3ECB37A-111B-4258-BA51-B70E4D7FD316,3036,7,38.833333333333336,2,0.2404479578392622,112,13.465085638998683,777,544,554.0,72.94204461129847,246.0,0.0,48.91002437998765,0.0,145.0,6.025470820800294,0.0673047769957155,0,1029,0
7D626F8A-1B14-4815-9BA8-A7E1C57ADBAC,9736,4,187.0,0,0.0,0,0.0,-1,215,151.0,8.642277039358635,34.0,0.0,3.4912304404867407,0.0,12.0,-3.995019436426537,-0.001320026013847108,0,1029,0
EB09302D-6254-41C9-99E7-3B47FB47A1A5,5492,4,3.3333333333333335,1,0.06646030589949016,4,0.26584122359796064,290,767,450.0,163.00708280157062,345.0,0.0,44.196315590070476,0.0,225.0,-40.37205193737309,-0.06638679672399478,0,1029,1
8E7EEB14-88C7-4566-AB9C-B7652DCC1FF8,1636,2,179.0,1,0.22310513447432764,6,1.3386308068459658,121,775,678.0,70.22868282506235,149.0,0.0,14.153121251918238,0.0,90.0,6.724712236666051,0.16852800757288425,0,1029,0
C5C33F4D-06F6-4F27-877D-B9CEB5C8A18E,2097,5,164.25,3,0.5221745350500716,481,83.72198378636148,112,113,803.0,238.85648704812564,486.68,0.0,128.4325219383366,0.0,396.72,95.22276835310896,-1.9551596350490825,0,1029,0
E25A9E4D-8B06-4CC8-BA96-6BCCD553FF0E,2017,6,99.6,3,0.5428854734754587,24,4.343083787803669,69,271,661.0,148.38537194702366,421.0515,-28.4,41.16822752230174,0.0,206.08072,8.273818186826645,0.3610792752030027,0,1029,0
E9EA01A7-51FB-4007-89A4-3B90EFB7F30D,1403,1,0.0,1,0.2601568068424804,351,91.31503920171062,801,769,209.0,27.698036115997688,254.5073,0.0,7.518840822728377,1.300784034212402,37.87643599999999,7.217026605452936,0.052968490519488785,0,1029,0
CC7E70EA-3730-4F8E-A341-78672A20898A,4219,6,95.0,7,0.6055937425930314,1190,102.95093624081535,269,292,301.0,30.23913947879595,116.1568,0.0,14.797032506801832,0.0,49.770874,-3.3833074927620004,-0.03899944980847473,0,1029,0
FE545373-09C7-4B48-83D2-0F570115D144,4111,2,1.0,0,0.0,0,0.0,-1,765,452.0,117.30126447315956,430.8,0.0,29.558345698503032,0.0,155.0,8.546420712025622,0.031125013147361828,0,1029,0
9D35A429-C049-4FF8-9B46-54C59CEF091E,12716,2,677.0,3,0.08611198490091224,253,7.2621107266435985,427,87,80.0,21.765783565031395,80.93059,0.0,3.923536838893465,0.028703994966970747,26.613856,0.6536091966970012,0.02368427467655117,0,1029,0
A4988DFE-12D9-4329-AC56-03D916CB9DDD,2749,6,87.4,1,0.1327755547471808,1078,143.1320480174609,822,325,301.0,67.66028281103219,125.5963,-13.2,18.322756330220727,0.0,90.497162,-4.861681429087746,0.04439775393675502,0,1029,0
1027E58E-BAC6-4764-A221-B5E9CD14F578,6422,13,52.166666666666664,1,0.056835876673933354,17,0.9662099034568671,613,134,472.0,115.82507540924668,335.083,0.0,49.923494009892266,0.0,186.8591,10.159639883191602,0.08282116044664678,0,1029,1
9A16E6CC-35EA-4085-8F3B-26C879F429AF,7086,3,270.5,1,0.05151001975726785,18,0.9271803556308212,875,223,134.0,36.98079242490083,76.4,0.0,11.367201027537993,0.0,51.4,2.095449862213364,0.03645435767506629,0,1029,0
E8041C3A-6723-4437-A50A-1372FD649736,3764,6,135.4,1,0.096971307120085,84,8.14558979808714,628,82,452.0,107.63344121230543,289.6738,-1.440048,43.12251489284257,0.0,161.33244000000002,-14.957703029435052,-0.20197291931718228,0,1029,0
300C9711-3ACB-4AEF-BB6F-34E20D5D9A0B,9713,5,76.75,0,0.0,0,0.0,-1,517,251.0,99.01139614256019,272.0423,-4.266948,39.89596338165347,0.2630495212601668,146.11988,-3.408429719412041,0.3132776032677021,0,1029,1
4EC99980-7AE9-4198-A8EE-8F5D45187CE4,12716,8,109.28571428571429,6,0.17222396980182447,583,16.734429065743946,251,250,741.0,234.6905886553691,403.9957,0.0,52.16229521465542,0.0,280.91378000000003,15.295257432593843,0.06297589398873464,0,1029,1
2023419F-4043-4170-AEA7-05DBFA33862A,12716,4,249.0,2,0.05740798993394149,383,10.993630072349795,85,13,301.0,18.149278942161768,66.12592,0.0,8.200363268974407,0.0,26.40858,-0.022006110155594172,-0.1541113988381297,0,1029,0
17BC69F2-B472-4E68-B3FF-ACA5DF03A22B,3436,2,203.0,1,0.10622817229336438,18,1.9121071012805588,751,761,151.0,19.01138699845236,135.0,0.0,8.78823202971596,0.0,31.0,-3.0555228009214943,0.01685015982767296,0,1029,0
A36BFD2A-F7A3-4F18-89A2-9C3BBE26BE72,12716,12,83.0,0,0.0,0,0.0,-1,103,479.0,56.58387903894788,243.0,0.0,28.291609152392592,0.0,97.0,-12.200931508083677,0.1698137744485699,0,1029,0
1CA24DE5-6DBA-4B99-A85E-2EA01B6014B3,12716,9,67.625,0,0.0,0,0.0,-1,214,693.0,160.79824630279398,312.4,0.0,39.46543505275307,0.0,206.0,-0.9845271669915121,0.02581116553011037,0,1029,1
CA42DCD8-C723-4A4E-A419-075957FF3D66,3043,10,59.0,7,0.8396319421623397,141,16.9125862635557,58,222,717.0,165.26484680971274,383.7634,0.006523287,45.62852699473993,0.0,224.85638,-7.85348048944266,0.3492441362429221,0,1029,0
DF31F146-AF53-46F7-B6EA-C3E4CD17D847,12716,4,241.66666666666666,5,0.14351997483485374,551,15.81590122680088,14,122,259.0,77.01662469259074,195.511,0.0,23.415578856750955,0.0,103.07288,27.650546818396904,0.6396043419732378,0,1029,0
2A5A656E-58E0-41C8-A030-B15FE0F53430,12716,11,63.1,5,0.14351997483485374,723,20.752988361119847,686,164,302.0,67.23533600374816,226.8677,0.0,33.35753175847352,0.0,105.51817999999999,-3.0481978179919764,0.24498031986233637,0,1029,0
02AD46F5-AA2C-477A-BAC0-9B37656EB37F,8587,5,95.0,1,0.04250611389309421,63,2.6778851752649353,873,635,98.0,25.307480633948785,60.00026,0.0,9.343540077942995,0.0,35.97672,0.12904607331973494,0.06902326907396093,0,1029,0
37B802CD-A714-4468-8211-FC89C5384BB7,12716,5,202.0,0,0.0,0,0.0,-1,48,107.0,24.373698095701712,63.75095,-7.136641,5.557176280342443,0.0,30.566942,-2.0050074833835403,0.0021111967598796437,0,1029,0
038FF4AB-E23A-42A5-A516-276DEA942BB5,6634,2,115.0,2,0.1100391920410009,97,5.336900813988544,135,639,136.0,38.19551084883589,79.40333,0.0,13.614831717494592,0.0,55.064994,-1.6111003224392846,0.06836905876098895,0,1029,0
4D70620B-BFBC-4F9B-8011-D2C9B02C00FA,4111,2,7.0,0,0.0,0,0.0,-1,754,151.0,26.71455557120205,59.0,-44.25,7.2561129674818945,0.0,36.0,0.38829936706955337,-0.012848808494903228,0,1029,0
C3FD8C18-F21C-4F8D-AFB0-AE5BFA90FF98,12716,6,192.8,3,0.08611198490091224,1416,40.64485687323057,249,26,228.0,44.241850320666096,3261.424,0.0,20.965313028436306,0.028703994966970747,70.18648999999999,-3.9172462858667103,-0.028687542738112717,0,1029,0
AB54C437-ADC5-456C-A346-438A3B4BB50E,6954,3,346.0,3,0.15746333045729077,665,34.904371584699454,481,67,820.0,125.39802831982807,454.0,0.0,78.8654650850539,0.0,238.0,-42.83606844328486,0.08846616866272107,0,1029,0
CD712F25-2578-4742-8566-6A43356A5998,5511,4,197.0,9,0.5960805661404464,1471,97.42605697695518,124,172,392.0,124.58349875369564,277.3879,-12.50327,32.812317779387435,0.0,155.98086,10.385229597384608,0.14964953520026505,0,1029,0
FA08B10A-47AA-4772-989C-E679E91CA2EE,12716,5,41.75,2,0.05740798993394149,369,10.591774142812206,15,740,107.0,36.36914026641076,97.9,-153.4085,6.825533666797307,0.0,45.0,-0.14968038986755516,0.01952518143525969,0,1029,0
5EEB6A31-85AD-48E8-B1AC-6C5B174D7321,12716,5,140.0,0,0.0,0,0.0,-1,185,693.0,169.71575122511095,328.6,-4.096977,41.155266034990454,0.0,217.4,-1.0839379535060232,0.03327789096031259,0,1029,0
DEA79AE6-198D-4E74-BD03-0DD4BD589EC7,12716,10,79.44444444444444,0,0.0,0,0.0,-1,25,800.0,301.79357403051335,1010.925,0.0,91.41283883379793,0.028703994966970747,414.5508,-3.637386630821993,0.27832204258728455,0,1029,0
9DD19E83-FCEA-4D9E-9268-C0CAE7F360EF,12716,10,43.888888888888886,6,0.17222396980182447,369,10.591774142812206,753,609,739.0,107.71139575858132,446.06,0.0,58.452418165041216,0.0,180.16399999999993,40.005557173517445,0.3042384970937056,0,1029,0
C4F3FAC7-F8EF-4BBA-B4C7-B428523D59D5,2371,6,120.0,9,1.3854913538591311,189,29.095318431041754,22,349,151.0,25.78370757098079,98.2241,0.0,10.041482278812468,0.0,39.268052,-0.5413399750471477,0.06309891871470885,0,1029,0
3E35053E-1B5D-4BFA-8924-2C873EB506EB,5822,9,68.625,4,0.2507729302645139,356,22.318790793541737,383,189,256.0,74.8094163444214,249.6,-1.851,44.85227292034463,0.0,138.6,41.00117638651997,-0.1560922372566052,0,1029,0
0D71D5CD-14C2-40C4-9DC2-1A42AECB1007,5819,4,82.66666666666667,0,0.0,0,0.0,-1,740,251.0,88.84169691355842,286.0,0.0,43.38663712473041,0.2509022168757518,154.0,-20.6782709876325,-0.13316264467957284,0,1029,0
A9441B94-9CE5-48A5-98C9-4C5026B2554B,6885,13,81.08333333333333,3,0.15904139433551198,15,0.7952069716775599,524,14,203.0,38.87368805206566,110.0,0.0,18.925035357609534,0.0,64.0,-4.269058422436032,0.08984351062999835,0,1029,0
039F4325-748B-4AD3-856B-A4107D4F9B4A,4364,3,154.0,0,0.0,0,0.0,-1,430,554.0,119.07870789039447,337.3034,0.0,52.621565718164256,0.0,186.29522,-29.648357491629042,0.13530082074527985,0,1029,0
DD003CA7-B370-4F1C-A878-C9186208F1EE,9041,4,218.0,4,0.16148656122110386,155,6.257604247317775,103,85,792.0,242.65119296870247,974.68,-24.358,84.04080832566848,0.040371640305275965,348.85,-25.526897444011098,1.8745014159268487,0,1029,0
E50B28CD-CAA2-43B2-A05B-6EDC4F3DA836,1337,4,201.0,0,0.0,0,0.0,-1,134,887.0,97.52679701371252,236.667,0.0,31.711144517020447,0.0,136.75423999999998,-2.523669847817459,-0.007997101611286922,0,1029,0
FED111EB-CCDD-4817-8961-13BF305C41EA,8367,6,189.8,1,0.04362376000956137,14,0.6107326401338592,488,55,178.0,34.19950482550974,123.4269,0.01054682,14.604347687137597,0.0,55.05469999999999,-2.2832766114958503,0.17568018112468212,0,1029,0
1D8C85DB-215C-4A9B-95F8-CFAAF8B7FF81,12716,9,50.25,5,0.14351997483485374,495,14.20847750865052,482,470,99999.0,10.170917521775126,239.63,0.0,11.466884656212581,0.0,24.27979,-10.170917521775126,0.0,0,1029,0
78AC9471-AC70-4BEB-8641-A51A07FE0B39,6319,5,88.75,5,0.2888115208102548,662,38.23864535527774,72,377,259.0,94.57779784870951,206.5869,0.0,23.844158711045193,0.0,125.2222,10.10448533570407,0.18761754392451083,0,1029,0
637B4840-C7EB-4E4D-A7FA-BA12322AF8DC,5476,5,111.75,1,0.06665449233016801,223,14.863951789627466,801,287,811.0,426.58618524448354,629.5574,0.0,33.532386282526886,0.0,462.79394,10.937635249343657,0.24418854463015258,0,1029,0
15E752D2-5816-4ABC-9A94-9413FC7C5BF9,959,7,136.33333333333334,0,0.0,0,0.0,-1,121,802.0,106.18720594673137,346.5729,0.0,69.21831754438236,0.0,187.2711,62.79376942595381,-0.9892388085573941,0,1029,0
78FE1262-E81F-4AA3-9E68-B4DF3DB9BDAD,1252,4,216.66666666666666,3,0.8746006389776357,253,73.75798722044728,414,107,452.0,103.17785346246121,196.1997,0.0,28.74748117299025,0.0,145.423,13.628839235841255,0.09028295743690772,0,1029,0
5ACB4C39-0501-4B0F-B92D-F4D32196BFA8,5874,4,77.0,3,0.18641470888661898,73,4.536091249574395,399,726,377.0,43.03513453337569,240.8213,0.0,30.389653663906536,0.0,84.0,-15.092773422264578,-0.11750781989549343,0,1029,0
22610DBA-9F12-4164-BCC2-BAF02CC3C38F,6977,4,201.0,1,0.05231474845922317,207,10.829152931059195,801,117,171.0,18.69051381829057,235.1959,0.0,4.795456617555633,0.26157374229611585,24.55925,2.1905657200581956,0.045810103066718476,0,1029,0
A212072B-32B4-49B4-ABBC-CF03C659F7E3,3971,8,97.71428571428571,5,0.4595819692772602,661,60.75673633845379,89,239,1188.0,307.9049445484467,934.24,0.0,154.42676634774503,0.0,540.9,-150.0205379126442,0.692853545590786,0,1029,0
53FACE0D-C0E1-4009-91C9-CA879B3F48F0,12716,6,73.6,1,0.028703994966970747,60,1.7222396980182446,801,370,266.0,113.13921617658667,319.9,0.0,29.445504402990665,0.028703994966970747,148.7,-29.435921423423096,-0.19462948672015534,0,1029,0
063B9AB9-5AC9-4600-862E-B3FDC77392F0,12716,11,88.0,1,0.028703994966970747,189,5.4250550487574705,654,1,887.0,235.89305241641716,558.0,0.0,113.03687969752794,0.0,369.0,-63.22970365098507,0.1591962084937966,0,1029,0
5976B219-558E-4D60-97C1-37CB026B0D81,5073,3,188.0,3,0.21584861028976934,426,30.65050266114725,67,342,357.0,40.40937572566856,140.0,-3.289,19.352475412991122,0.0,59.0,2.7765039039610713,0.0010207593072343458,0,1029,0
62F5BB0D-8F8B-4278-8C01-3DB60B53DEC9,12716,5,141.75,7,0.2009279647687952,2108,60.50802139037433,148,149,450.0,90.95279780829509,350.0,-10.07334,48.19584237960276,0.0,146.0,0.12459416701355508,0.11419271011959155,0,1029,0
D00320B6-6D62-4359-BB2E-76E9F7739537,12716,4,181.0,5,0.14351997483485374,1744,50.05976722239698,192,169,199.0,60.882064042658165,239.6283,0.0,20.44406711833191,0.14351997483485374,86.0,-5.7222646599421125,0.2833223008784374,0,1029,0
A98F3C84-3F34-48AE-9052-56A5E5934AC2,12716,14,68.23076923076923,3,0.08611198490091224,26,0.7463038691412394,282,49,887.0,277.52956199963506,576.0,0.0,81.51592005232193,0.0,368.1,-9.086251814449895,0.2875613987549706,0,1029,0
A78A0D46-2591-45E4-A2FF-82E5246E3094,12716,6,156.2,0,0.0,0,0.0,-1,179,1044.0,6.118525142092494,521.246,-728.1993,45.84731961343648,0.0,0.0,64.01332845358651,3.6361089578961274,0,1029,0
5E761A88-76FE-4198-8E85-039CE77EDEF9,4051,2,143.0,4,0.36040483831152803,575,51.80819550728215,204,565,452.0,206.5930342958159,435.8955,0.0,43.35792045933804,0.0,262.1968,12.155625310665584,-0.021832700682277155,0,1029,0
DF88F395-7D5B-4E72-AB84-030D8C44E9C9,7569,6,18.4,0,0.0,0,0.0,-1,692,440.0,185.53905666371557,348.58,0.0,41.98662184579646,0.0,246.59,38.33667867579064,-0.1003652720045353,0,1029,0
CD471C9E-4DB6-4A0B-A7BC-EDB6084321E5,4274,8,77.42857142857143,2,0.17080018717828732,209,17.848619560131024,423,163,301.0,78.20832967546026,504.8663,0.0,18.16403728679159,0.4270004679457183,101.71325999999999,-23.802654383021995,0.06558738452673275,0,1029,0
67283C11-F89A-4F7F-BAC7-026CCF896C40,12716,1,0.0,0,0.0,0,0.0,-1,705,188.0,29.316800368987675,78.2,-24.0,9.981641907787287,0.0,42.2,-2.480288020916685,-0.026417939063206816,0,1029,0
D28C46DC-BF3E-41DE-AD8D-98E577997D49,9853,6,127.0,2,0.07408910991576169,57,2.111539632599208,336,67,489.0,74.4232202037626,1061.0,-112.125,42.59491406860708,0.037044554957880844,130.0,-0.7392949243027118,0.7592536992368947,0,1029,1
C82E945E-0D25-461E-915C-B4C89B4C6015,8887,8,71.0,1,0.04107122763587263,6,0.24642736581523575,491,198,739.0,166.07484132489003,409.0731,-2.6,72.74944640957989,0.0,252.85013999999995,15.069294477579092,0.526685507584234,0,1029,1
D7226C0C-05E0-4A38-8ACE-0DF171DE1DF7,4335,2,174.0,5,0.42099192618223763,554,46.64590542099192,301,698,452.0,167.59767237668723,351.4146,-135.7022,60.636512854734264,0.0,248.33114,-63.71887259659462,-0.028562443816323016,0,1029,0
1DB4A099-6EE9-476A-8F02-F2CBF243200B,9491,3,380.5,2,0.07691497207881151,133,5.114845643240965,10,5,489.0,153.2294903593369,310.0,0.0,29.543565421053184,0.0,189.0,2.323904702391502,-0.2586559611842119,0,1029,0
03043F46-6D02-4C93-8520-5A32BB0B8D14,2944,3,317.0,0,0.0,0,0.0,-1,57,1246.0,184.9304594943467,491.9,0.0,49.657388097165246,0.0,249.6,-24.367349926445485,0.5796915771493132,0,1029,0
B8553E8A-AEDB-4CAE-AE4A-3F3CFC08026D,12716,6,111.8,1,0.028703994966970747,92,2.6407675369613086,719,159,314.0,61.74167077794374,188.0,0.0,20.530865470464406,0.0,88.0,-3.782257197696822,-0.18469712767471874,0,1029,0
580F42B9-F6B8-45AC-B957-36049DF0A63A,12716,5,150.75,2,0.05740798993394149,27,0.7750078641082101,721,117,377.0,156.57950803288665,333.7983,-483.7,40.50830935052545,0.0,209.67766,28.770334615261476,0.2819843347336605,0,1029,1
1D49708A-644C-4562-9BDC-F363556740C4,872,7,85.16666666666667,17,7.115825688073395,1190,498.10779816513764,49,181,60.0,5.225148313551755,27.062,-5.72205e-05,5.846507897476863,0.0,12.454,1.1527624117568864,0.0332093073333193,0,974,0
A307702A-865B-442F-A6F3-D9CFDD7DE0E8,907,7,66.66666666666667,1,0.402425578831312,11,4.4266813671444325,592,450,887.0,116.11769996364731,527.9236,-4.22,73.64513883089766,0.0,210.7299799999999,2.4507301416767575,0.14155015948397132,0,1029,0
237A5DCE-58B2-45C6-BB33-140395E78921,7137,12,43.63636363636363,3,0.1534258091635141,58,2.9662323104946053,318,264,472.0,156.23162190708064,534.313,0.0,43.00033402162974,0.25570968193919014,201.9653,-11.822208840722595,-0.041987916342118535,0,1029,0
0CA68153-851D-4968-A9DC-0C42009EFDE9,12716,11,72.2,0,0.0,0,0.0,-1,38,693.0,192.24635074092197,481.1312,0.0,87.86519552537905,0.0,311.12636,-43.10631171823675,-0.19853031055254172,0,1029,0
B09F4E36-28B7-431A-90DE-64AB1C2A7F8A,12716,8,47.857142857142854,1,0.028703994966970747,164,4.7074551745832025,801,474,269.0,136.63162529482923,261.9,0.0,21.716638116463027,0.0,162.0,-24.646517270137878,-0.05542484668900476,0,1029,0
09531D9B-5C40-4E4C-9FF9-8F254CE91CDE,12716,8,108.14285714285714,2,0.05740798993394149,434,12.457533815665304,75,41,800.0,320.56955842740615,790.2831,-3.236415,80.25528855575479,0.0,415.192,18.13830829327287,-0.3526283401418063,0,1029,0
730975BB-1E09-4FC7-A169-C4AD051BA7C3,3337,5,139.0,7,0.7656577764459095,454,49.6583757866347,415,328,416.0,78.68785050387861,265.6706,0.0,40.306132314165275,0.0,133.36205999999999,-11.438090667458866,0.07503441515784615,0,1029,0
8D49D287-FE99-40A8-B5DA-B98817B8B295,12716,5,105.25,0,0.0,0,0.0,-1,386,271.0,76.84866617426185,162.4763,0.0,15.054770273961973,0.0,92.051462,5.786482378207282,0.05704774366626755,0,1029,1
3820730B-D446-4C90-947C-92FE4D813F7A,12716,7,115.16666666666667,2,0.05740798993394149,200,5.740798993394149,278,21,271.0,78.30246595784601,172.9087,0.0,13.86651051479647,0.0,92.681556,4.120822295533614,0.025695941161163784,0,1029,1
2FB42A0F-3126-4CA4-850B-AFED58E6F1BD,4496,2,1.0,4,0.3247330960854093,658,53.418594306049826,204,682,901.0,149.1481892640251,491.0889,-67.0,64.9954087562329,0.0,228.5156,0.0766368331971421,0.7307795358010601,0,1029,0
322348D6-CAA9-48CF-801B-69047E083E89,1013,3,132.0,1,0.36031589338598224,4,1.441263573543929,114,682,452.0,81.8688692453858,293.8461,0.0,45.102612915220874,0.0,144.8631,4.18265152544754,0.12550645318401465,0,1029,0
9DED6C01-5F39-4D14-ACAD-AAB508EEB6BA,4331,3,118.0,2,0.1685522973909028,169530,14287.335488339875,6,681,887.0,147.7482875856779,356.5359,0.0,73.15714093997413,0.0,234.39374,-4.5410968896902375,-0.20454596395317343,0,1029,0
BAC94273-4572-4578-8CA3-1DBFB8291294,12716,18,38.23529411764706,4,0.11481597986788299,184,5.281535073922617,385,363,269.0,73.63503538039562,514.576,-74.02341,21.060852258186003,0.14351997483485374,100.09078,-3.847687415889453,0.09930826041045943,0,1029,0
1B963941-733C-4279-AA9A-F207BD0D1F18,12716,20,42.73684210526316,3,0.08611198490091224,47,1.349087763447625,376,75,452.0,102.02432784234524,772.1361,0.0,44.751271693736065,0.028703994966970747,153.9185,-4.539468268271179,0.29163420398829215,0,1029,0
1A17FB4A-5F58-4C7D-BF39-6C6911CEFE88,4356,8,92.85714285714286,1,0.08379247015610652,60,5.027548209366391,31,25,800.0,310.22870594552506,645.9803,0.0,84.55954101779339,0.0,417.9872,-12.312489579128453,0.33994951812264346,0,1029,0
6BCF5FA9-D936-49A4-956D-17D01F084F47,5528,4,102.0,0,0.0,0,0.0,-1,370,511.0,165.2735351153588,436.402,-184.722,36.60255678155176,0.0,211.30756,-15.403037349155113,0.5186662070207512,0,1029,0
1774AC61-DAD0-4225-B1C7-8C3D76A609E5,1891,2,1.0,2,0.38603913273400314,220,42.46430460074035,697,677,602.0,50.07585143103867,179.693,-2.464044,11.134663972867619,0.0,61.129859999999994,1.7252857232823118,0.07511013889112875,0,1029,0
1C3CBB2F-4D26-49E4-B33F-736EB1D4587E,12716,10,92.22222222222223,0,0.0,0,0.0,-1,8,578.0,73.15630867680632,181.8956,0.0,27.45958642215894,0.0,106.8974,12.627036442020852,-0.3415966335271002,0,1029,0
531FCD46-83A5-4F94-B5DF-71B7B1C992D4,6705,7,76.33333333333333,1,0.054436987322893364,21,1.1431767337807606,349,455,223.0,32.63059005835423,145.3582,0.0,16.922526522956886,0.0,54.74863,-10.511736409125835,-0.10705112241042859,0,1029,1
3155C5B4-C6ED-4649-9E4C-8FF87F25F000,10091,6,122.0,1,0.036170845307699935,291,10.52571598454068,867,54,1270.0,311.95747234109626,691.16,0.0,107.83109873696672,0.0,443.924,43.03745898606428,0.3227259235247442,0,1029,0
F62BD0CA-53E7-4460-BB66-910DBE0F2DDE,3777,1,0.0,0,0.0,0,0.0,-1,660,630.0,168.79254833848088,310.0,0.0,33.374895698624734,0.0,212.0,-12.81199278292533,0.040767607340493166,0,1029,0
E2C1F887-0A50-491D-B7A1-BEDC33CE0F2B,3329,5,201.75,1,0.10964253529588464,359,39.361670171222585,801,117,301.0,67.23532071579271,246.8191,0.0,43.9696216300391,0.0,138.34347999999997,4.634268374176429,-0.0034068711102431945,0,1029,0
9224BD01-549B-44D0-A062-5E612F54A67D,12716,5,0.0,5,0.14351997483485374,762,21.87244416483171,395,648,100.0,13.851583536018166,77.39868,0.0,11.896777269254587,0.0,28.19824,7.91148288697566,0.08183182667520095,0,1029,0
7084F0EA-F33F-446D-BA3E-7209E8CA9A41,12716,4,46.0,2,0.05740798993394149,84,2.4111355772255427,713,650,314.0,50.35121817702596,173.0,-46.0,26.11292157317024,0.0,85.0,-19.226372498013617,-0.07749001934398572,0,1029,1
5859D661-EAE9-4855-8537-DF33D4EC934C,2412,3,116.0,1,0.15132669983416253,434,65.67578772802653,801,649,301.0,30.444152546663112,146.5724,0.0,20.868777298979598,0.0,60.484691999999995,6.582837529417134,0.07397295472425922,0,1029,0
53BA14D9-3C5C-4616-AB93-017E1C32B497,5268,2,292.0,2,0.13857251328777526,346,23.973044798785118,55,356,274.0,112.07082329122713,206.25,0.0,27.974820927921996,0.0,148.75,-14.446981763449344,-0.04679189907199791,0,1029,0
0FEAB975-926F-4BBC-98D3-89BE8924FB20,12716,4,207.33333333333334,12,0.34444793960364894,737,21.15484429065744,69,98,376.0,132.75057497038748,430.916,0.02126971,44.5015291271478,0.08611198490091224,195.03493999999998,-14.299507637128968,0.02527936182939687,0,1029,0
7D8B619B-1A1F-4C8B-B1DB-74F8055D6D1A,3631,2,356.0,2,0.2010465436518865,17,1.7088956210410353,131,285,150.0,20.956956045604763,539.1084,0.0,8.432077971557955,0.5026163591297163,31.0,-1.666446786345503,-0.03334505174394831,0,1029,1
5A4968D3-4F8F-4884-B729-C3F532CB9B58,4294,4,172.66666666666666,4,0.3400093153237075,380,32.30088495575221,247,362,301.0,14.857231477494237,40.37077,0.02820016,3.29454967757356,0.0,18.662043999999998,-1.2763501797318888,0.01668235475589086,0,1029,0
7E1FF200-9640-48B3-9D6A-480E4A296740,4861,6,22.2,3,0.2252622917095248,264,19.82308167043818,359,523,251.0,96.90324324428082,152.9352,0.0,13.515337858946664,0.0,113.03531999999998,-0.7385215043116773,0.11833935860328275,0,1029,0
DBC62C1B-1683-4972-ABF7-FAD2EBCF66FF,12716,15,56.92857142857143,4,0.11481597986788299,60,1.7222396980182446,698,113,461.0,130.1326554793873,319.4197,0.0,72.40466893425284,0.0,197.8693,16.131000583884287,-0.05286348763920953,0,1029,0
90294E09-1B40-4D4B-B3A1-2C9C8ABAD9B4,999,5,88.5,9,3.288288288288288,2696,985.025025025025,785,566,416.0,40.12171649298155,89.00196,-22.17479,10.118510402767821,0.0,49.831025999999994,5.381354588036963,0.14210518047663295,0,1029,0
C33CE1CE-EF0C-4763-853D-5ADE9D22023B,4237,3,223.0,1,0.08614585791833844,236,20.33042246872787,375,182,602.0,178.1600551461475,286.2,0.0,34.418901918856385,0.0,216.5,1.6149834340994005,-0.06340468987958385,0,1029,1
D3CE6410-E249-437E-87CD-BAB7A359B7FB,4243,2,35.0,0,0.0,0,0.0,-1,592,452.0,112.12259462718038,291.0,0.0,43.419889780904896,0.0,171.0,17.056109076523313,0.237338285933678,0,1029,0
96C29E72-3A47-42C9-ADA7-07FF12C18ECF,8379,4,76.66666666666667,1,0.04356128416278793,36,1.5682062298603654,805,475,126.0,40.62410875424249,73.9,0.0,11.705057854930349,0.0,55.5,-0.6731751122671881,0.035494762727871776,0,1029,0
C04FEE63-ADE6-4FDF-A858-A00078197C51,1615,6,105.8,0,0.0,0,0.0,-1,391,678.0,49.4703943176519,539.4024,-37.2,27.6783156868692,0.0,86.0,-7.535054811479064,-0.26932726033855076,0,1029,0
335C0ACD-5064-49CF-874F-A665F861F7AE,12716,5,116.75,3,0.08611198490091224,57,1.6361277131173324,67,455,225.999,28.209136452223827,799.9007,-4.882813e-05,28.398260522218777,0.05740798993394149,62.844968,25.456121316586103,-0.10337521628475696,0,1029,1
2AD2958A-9832-4E44-8829-835B86560F81,8270,8,125.14285714285714,1,0.0441354292623942,272,12.004836759371221,801,116,901.0,194.8317874314543,386.5273,-13.38,46.17399753781769,0.0,250.73955999999998,-7.568281995497557,0.00632923894392817,0,1029,0
0F8EA3F7-DE6F-424F-9B2C-73F34BCA6330,4761,6,95.2,1,0.07666456626759084,65,4.983196807393405,295,142,473.0,102.40300073518502,366.7786,0.06575783,52.90194809709305,0.0,175.31969999999998,-61.83215665547823,-0.11369755029071515,0,1029,0
51292C18-31ED-4D63-B6FF-52F12960B6B0,2730,7,48.666666666666664,2,0.2673992673992674,485,64.84432234432235,397,326,1247.0,322.90376132092973,787.2072,0.0,188.53541089547306,0.0,587.4696599999997,-14.588686633661268,0.28747685003440737,0,1029,1
77654BD6-E4C2-41AB-9495-B1ECCFD1C628,12716,11,63.4,0,0.0,0,0.0,-1,38,99.9995,7.506318212396008,79.30042,0.0,13.356214829555935,0.0,28.639261999999988,9.895311383120966,0.07144450747767561,0,1029,0
BAAF667E-703D-4EB8-9EF0-B8B82B90AF23,8335,4,263.0,3,0.131373725254949,1394,61.04499100179964,200,4,251.0,75.92067006156779,177.4,-16.266,18.59908078234619,0.0,102.0,4.68068796312356,-0.25529917959702314,0,1029,0
5C0A84A2-ACFF-44F6-BD8A-DDA8476E0243,12716,10,67.55555555555556,2,0.05740798993394149,52,1.4926077382824787,392,394,269.0,79.19752237605684,1013.519,0.0,22.349644869709554,0.028703994966970747,107.58766,-4.480188508772883,0.10625192853020433,0,1029,0
5DA4F020-A8EF-4993-9B53-FD9AD31CC80A,12716,3,186.0,4,0.11481597986788299,2132,61.196917269581625,394,607,267.0,80.00475999918902,203.88,0.0,31.07187801903917,0.0,123.63,-5.967438239929763,0.6275444630795318,0,1029,0
312981FC-E0DB-4FC9-A22D-3FBF3758377C,10171,12,47.27272727272727,2,0.0717726870514207,107,3.839838757251008,197,79,235.999,56.75944424166875,129.5776,-28.72266,14.0018813906557,0.0,72.81494,-17.420581224693443,0.093119057242973,0,1029,0
494789BE-7AEF-49FA-A3F8-C72011A46C07,4692,6,93.0,0,0.0,0,0.0,-1,133,693.0,107.37116812478457,211.3531,0.0,20.752513294827118,0.0,130.9757,0.7991463574685014,0.24823788523207796,0,1029,0
578C8533-3CBE-4331-9D4F-38BD6E87928C,3401,1,0.0,2,0.21464275213172598,184,19.747133196118792,329,601,452.0,115.85307488919626,302.2222,0.0,81.93221227685555,0.0,230.01828,28.984256480016697,0.06478053500732811,0,1029,0
C77DC20A-45BB-45CF-91B7-EB9F38FCAB26,2970,8,72.0,2,0.2457912457912458,587,72.13973063973064,606,390,415.0,78.21546360606624,341.644,0.0,40.38334321297866,0.0,132.76061999999996,-11.440063765865617,0.07283547426865235,0,1029,0
9AB321E0-E4A3-48F6-BB81-9B07AB1BDF9F,4165,2,277.0,3,0.2629051620648259,202,17.702280912364944,329,600,452.0,115.96711820552287,302.0185,0.0,81.71028371270766,0.0,229.87018,29.062454928196274,0.06351368918445593,0,1029,0
6182B77A-39DC-4FFA-B4DE-4C269400AF62,5563,3,217.0,1,0.06561207981305052,7,0.4592845586913536,744,201,314.0,53.23309375574959,195.0,0.0,19.092449389813456,0.0,78.0,1.6760883430158415,-0.05161914136638598,0,1029,0
2FFCC62F-4FEF-4B9C-ACB6-A1EFCDD68B58,12716,16,37.266666666666666,2,0.05740798993394149,63,1.808351682919157,262,40,235.999,61.39489520852622,399.9634,0.0,15.179515174956379,0.028703994966970747,79.22363,-19.684025217013875,0.02730914292055529,0,1029,0
BF27730A-1062-44DA-AFBF-F53BDC915EC3,12716,4,83.66666666666667,1,0.028703994966970747,15,0.43055992450456115,323,341,261.0,60.82684924825804,282.5585,0.0,22.52058938870856,0.11481597986788299,89.49928,-1.7502983214833563,0.1230742649800199,0,1029,0
1E07BAE7-73EA-46CE-B7A9-E0370849DB47,1059,10,107.33333333333333,3,1.0339943342776203,129,44.461756373937675,747,4,887.0,183.3944499467449,493.3319,0.0,76.9593184216924,0.0,274.6124,-32.59538036109677,0.18919538933519375,0,1029,0
DD39BD46-C53B-4406-ADFC-44C9D5A4EEFA,907,11,63.6,5,2.0121278941565603,8207,3302.706725468578,87,211,887.0,114.00385814847228,381.1188,-0.46,73.35951514980975,0.0,209.1675,3.168765738950569,0.23107191837647792,0,1029,0
CC375D16-BB36-44E5-AEA2-38D64FFB1798,12716,6,102.6,4,0.11481597986788299,5589,160.4266278703995,31,73,1370.0,318.9671998486149,826.61,-361.73,121.72139030814454,0.0,486.43399999999997,-67.22858487947911,0.14858925370277706,0,1029,1
E57197DC-6EA9-4F3C-B3EB-4ED92D17A6C6,1013,5,89.0,0,0.0,0,0.0,-1,588,452.0,85.32644266674325,248.4846,0.0,40.07255954539667,0.0,143.71587999999997,0.011355247608591412,0.1248811146625704,0,1029,0
FB435CCC-49EC-4293-9E12-8848430AB34B,3751,3,245.0,6,0.5838443081844841,1078,104.89736070381231,12,359,301.0,75.16490200364079,208.2538,0.0,22.778532732736213,0.0,100.64219999999999,26.733453853101494,0.6137742231839888,0,1029,0
049F4E33-511A-40DA-AEE8-FA4368601894,12716,9,25.25,3,0.08611198490091224,47,1.349087763447625,157,421,470.0,160.22892014278656,1008.07,0.0,54.53016904686901,0.17222396980182447,212.7686,-6.60021254710756,-0.02902625021851043,0,1029,0
552652D8-4570-4DA8-A1B0-E419BC77A04B,8546,7,131.83333333333334,0,0.0,0,0.0,-1,192,472.0,139.8253614443085,471.0,0.0,31.305538124101744,0.0,176.8799,-1.0755278455430926,-0.017345661349502627,0,1029,0
68AA5796-52C8-484F-9DCB-DB5E8835BEF9,6965,10,46.0,1,0.05240488155061019,434,22.74371859296482,93,284,452.0,110.82880433541077,245.2874,0.0,24.4385269237317,0.0,139.0474,-20.062283984535526,0.6892952083851581,0,1029,0
796651F4-2341-4804-915D-A592B87EC674,12716,8,76.71428571428571,0,0.0,0,0.0,-1,41,472.0,155.12957431361835,732.7881,0.0,70.3456871584182,0.14351997483485374,216.2292,-101.41186430293934,2.538994440510751,0,1029,0
1610F0BE-08DA-4EA2-A731-A68E5D89F150,12716,10,82.55555555555556,10,0.2870399496697075,2551,73.22389116074237,112,158,259.0,76.30660961471021,214.3982,-15.06,23.93958935074362,0.0,102.51501999999999,28.361375959363855,0.6466985447996961,0,1029,0
DCB8F634-92D6-4E91-A14F-1E1BA289F0F2,2802,3,45.5,1,0.1302640970735189,375,48.849036402569595,801,488,151.0,11.00822414564058,29.4,-11.20524,4.066596567904705,0.0,15.68,1.1690320271989272,0.026274032459413763,0,1029,0
6796302D-5EE7-4A4A-8EF0-46CFBEB168EB,12716,8,31.428571428571427,0,0.0,0,0.0,-1,426,259.0,96.24724161470462,2029.0,0.0,28.97096558484754,0.14351997483485374,127.5,-5.931400565321894,0.08747795223910605,0,1029,0
E589611A-9F2F-43DD-B486-B63BD2FCA1F3,12716,1,0.0,1,0.028703994966970747,129,3.7028153507392263,801,579,141.0,27.759106429453865,125.9,0.0,14.308910334748422,0.0,48.1,1.5376914129844046,0.062128503601927815,0,1029,0
E1CFEB9D-B220-4FC7-9D44-E63904BCEF82,5437,4,180.0,6,0.40279565937097667,197,13.225124149347067,536,310,395.0,174.41852496887086,361.9185,0.01429563,37.55611099400363,0.0,223.04587999999998,-14.684333911772086,0.12022764612557572,0,1029,1
6DED620A-7A47-4EDC-96E1-CF9E74554308,589,11,32.3,6,3.7181663837011887,29795,18463.794567062818,277,249,678.0,123.80669401640985,382.0,0.0,89.90125966568014,0.0,239.0,2.040451045318548,0.06783627836986962,0,695,0
94C39812-BC1C-485D-A316-AEDD8B235507,7945,6,159.2,0,0.0,0,0.0,-1,125,489.0,107.471265786966,254.0,0.0,26.635456154842966,0.0,142.0,10.587453348836462,0.0041930759626259756,0,1029,0
97CB5650-DC04-4E1A-8A96-782066AEADFA,12716,12,75.18181818181819,10,0.2870399496697075,1634,46.9023277760302,363,22,218.999,36.7931208277141,173.0347,0.0,40.33227627220448,0.0,81.62542599999999,18.238475602117823,0.03549307392369267,0,1029,0
5B376294-316F-478F-8235-507F0B951C67,3386,6,102.2,2,0.21559362079149438,28,3.0183106910809214,526,66,490.0,122.51433787524921,270.8837,-103.9867,31.65029034724621,0.0,160.283,-6.4723365271782285,0.10090101248125602,0,1029,0
FBEDE38E-E6F2-4587-9B05-3A116BFA9A28,3472,4,188.33333333333334,2,0.21025345622119815,561,58.976094470046085,593,8,452.0,116.6411733020314,249.8689,0.009360424,20.163976714707402,0.0,141.33756,7.893036396907931,0.2626717431548048,0,1029,0
739D0037-CFA2-4D01-9B9C-F24DA571991E,5442,11,91.5,1,0.06707092980521867,38,2.5486953325983097,805,6,261.0,30.39958787972994,235.4852,0.0,13.950633805388971,0.0,48.0,-7.019379546396607,-0.14553742917509604,0,1029,0
3697A454-05B7-4A7F-9EFD-A7C6EC7A63BF,8425,6,89.2,4,0.17329376854599404,576,24.954302670623143,262,561,266.0,76.81053224682869,161.7,-2.492714,28.056411663057872,0.0,115.2,-1.7833100245293139,-0.13093032747243458,0,1029,0
8B3CBC04-0E04-4D93-B8EC-53C1D5B36F6A,2616,2,0.0,0,0.0,0,0.0,-1,558,347.0,21.15868604023397,122.5566,0.0,12.035200088065144,0.0,38.42054,2.0051441875438094,0.005670048124002992,0,1029,0
48530EFB-01FE-4AF6-AE0A-8AF27F3F3003,9096,9,107.25,2,0.08025505716798592,44,1.7656112576956904,496,5,261.0,103.83968646123796,378.6778,0.0,47.51934730861762,0.2006376429199648,163.5,11.500190081971908,0.2769522300420142,0,1029,0
161BB03E-9934-47A2-AF1E-6D2E5420371A,12716,37,23.083333333333332,0,0.0,0,0.0,-1,4,1083.0,212.8697805672488,915.5884,0.0,107.34561382366198,0.0,350.769,-34.73158034566703,0.04778650857715225,0,1029,0
575F6BD7-B6D0-4D7D-88A1-ADE8E25DCCE1,5184,5,129.75,0,0.0,0,0.0,-1,385,400.0,92.17207799239019,282.4227,0.0,47.75582180688334,0.0,157.0,-22.598544041772897,-0.4522890914745724,0,1029,0
3D02237E-52DC-48D0-A424-F9146A2FE717,12716,3,66.0,2,0.05740798993394149,217,6.228766907832652,287,468,98.0,36.01949304711861,95.8,0.0,17.810853682884208,0.0,56.4,0.21694214917769017,0.016090509589054725,0,1029,0
AEBAED0D-838D-4DFE-A656-A2B31FD07529,5341,4,95.0,2,0.1366785246208575,67,4.578730574798726,31,547,511.0,53.189862991806685,218.0,0.02005204,25.11041928370298,0.0,86.376314,4.3332024169896,0.15718440532902656,0,1029,0
38FBACB2-837D-4E4E-8D03-B5E91A48F188,12716,9,64.75,3,0.08611198490091224,764,21.929852154765648,358,218,803.0,208.4770678243798,532.1503,0.0,63.756569757354946,0.0,284.9579,-9.45869416311433,0.1970183806052138,0,1029,0
CE80BE38-EA62-41E0-9A23-B701BB719304,2815,3,87.5,1,0.12966252220248667,19,2.463587921847247,428,369,301.0,39.99387571178438,93.741,0.0,17.37773174423027,0.0,61.01968,-2.3420726949633988,0.08884873756084677,0,1029,0
AAE94654-1BF0-4685-9517-9455367E1819,3006,7,82.83333333333333,3,0.36427145708582837,598,72.61144377910846,16,45,1246.0,288.0900175609406,692.8052,0.0,157.25720666296576,0.0,512.6739999999999,-27.186443602468387,0.6152859902080404,0,1029,0
3FF158E7-DC5F-4CD0-9142-09E24B0EF3EC,8180,6,39.2,0,0.0,0,0.0,-1,544,753.0,198.6794532375462,420.0439,0.0,58.11899839367133,0.0,274.585,-27.771334871033872,-0.44927740100133523,0,1029,0
0B6F7610-23BE-4C8A-BE40-A7682629EE32,12716,3,238.5,5,0.14351997483485374,20629,592.1347121736395,206,66,538.0,67.84881611825611,212.6221,0.0,35.057411415065665,0.0,109.46883999999949,-40.733492980910434,-0.6910058020846748,0,1029,0
1DE88476-8617-4FC9-91B8-E785414FA395,1778,3,206.5,5,1.0264341957255343,8201,1683.5573678290214,423,130,301.0,76.47064363524184,166.053,0.02312617,18.09423055441123,0.0,99.33321799999999,-22.99104371780357,0.06353925545501315,0,1029,0
83B9B9D3-05E8-471E-8652-A76652FF0CB2,12716,4,242.33333333333334,6,0.17222396980182447,357,10.247326203208557,472,68,450.0,131.717014199112,386.91,-0.59,38.15662244553011,0.0,182.9,-24.901302779358886,0.11504220457019468,0,1029,0
9D8FC919-9213-48A4-8913-B26BF7EDE3C4,4106,2,474.0,0,0.0,0,0.0,-1,67,452.0,145.92890322909838,352.0,0.0,33.7216279836307,0.0,187.0,-13.133532858728017,0.10911749507242521,0,1029,0
CFED983A-90E5-4DE8-B1A4-0A7C82262203,4535,8,113.0,2,0.1609702315325248,195,15.694597574421168,418,26,803.0,248.54722017862088,489.8071,0.0,71.43189862143984,0.0,324.8291,-18.235338735719637,-0.022928806522977366,0,1029,1
1396E67C-1FD6-42AD-8CDA-88D91DA2D0CD,4107,3,0.5,1,0.088872656440224,102,9.06501095690285,789,533,452.0,145.8758539187116,352.0,-22.91559,64.62112680068964,0.0,230.0,-21.994372437230126,0.15955536348783517,0,1029,0
14AB8259-78C6-428F-9729-CBCC512979E2,10240,5,58.0,4,0.142578125,244,8.697265625,380,534,489.0,89.95922437147621,657.2795,0.0101646,52.316534810029744,0.17822265625,161.26798,20.39011526112411,0.41591858146988653,0,1029,0
94CC3F23-A1B2-4EBF-9B32-31E8D31D6B51,12716,8,74.71428571428571,5,0.14351997483485374,4305,123.57069833280906,320,11,99.9995,10.602095679989457,86.06876,0.0,15.669236630543727,0.0,34.86054,6.660622377410235,0.051855761038860235,0,1029,0
3C4021F2-DC7A-43D1-98C1-F6F0A981C668,3442,3,0.5,0,0.0,0,0.0,-1,532,452.0,46.50454560814235,497.0,-49.3,14.101339946735491,0.5302149912841371,65.0,10.15795439185765,0.01564150580998839,0,1029,0
6F8C19AE-D47E-4D76-99B1-E45A0540A6E4,12716,5,108.0,1,0.028703994966970747,168,4.8222711544510855,801,502,88.0,16.28535986207431,232.1056,0.0,17.050483846896753,0.08611198490091224,39.57522,-16.250452562074308,-3.3648296792540056e-17,0,1029,0
F1B37FA2-DFDC-4280-8A70-0E6B55E811E4,2794,3,335.5,2,0.2612741589119542,88,11.496062992125985,35,336,452.0,70.85801527117532,260.5839,0.0,41.04602553985165,0.0,127.82633999999997,-3.9527694501876596,-0.23601106562774748,0,1029,0
C9567B67-6E01-40B4-8643-87BA3D0335EE,7229,2,0.0,1,0.050491077604094624,294,14.844376815603818,801,523,134.0,17.96384629868146,113.0878,0.0,6.369604340873195,0.0,25.99718,3.3640748372753286,0.006751102385848113,0,1029,0
3DF520E4-7689-4A2E-85B9-A5CE7C2FFE86,8721,13,53.333333333333336,0,0.0,0,0.0,-1,256,301.0,21.45676229193672,223.0312,0.0,30.91947056300303,0.0,69.451936,42.53058119340279,0.09623469240995566,0,1029,0
E5A62A8B-D42F-44E2-817F-5ECBCC83891F,9260,9,98.25,4,0.15766738660907129,495,19.51133909287257,189,163,251.0,93.38117079686688,200.9,0.0,32.35696144476721,0.0,133.4,-10.403347587761942,0.13468849392635956,0,1029,0
688156CA-06E3-4EFE-821B-569593790822,10252,9,89.375,2,0.07120561841591884,43,1.5309207959422553,44,204,407.0,142.81017063926416,316.0,-44.33382,43.04062090807671,0.0,198.0,-30.781852738029585,0.1344859104689532,0,1029,0
B09C6D2B-450D-45BD-B2B7-ECA2AEA3587E,523,21,37.2,2,1.395793499043977,36,25.124282982791588,926,249,678.0,153.93124689964657,392.0,0.0,79.87789946448795,0.0,251.0,-29.037728381128048,0.10035852620110593,0,1029,0
B3276020-5E5D-4551-8248-24160FE39953,5049,8,116.71428571428571,0,0.0,0,0.0,-1,150,870.0,204.02292447280823,437.7909,0.01352869,49.12865726406553,0.0,263.63102,-0.2029820499687105,0.14481462059769112,0,1029,0
A247B87E-89B6-40DB-A582-6C1219A43347,8270,11,98.8,1,0.0441354292623942,149,6.576178960096735,801,15,901.0,194.98106909876125,388.9512,-10.58407,45.48946534047485,0.0,250.47596,-11.473161714856928,-0.10196262715233743,0,1029,1
49CDD374-7817-4DD6-87E1-29355F56E953,12716,6,142.2,4,0.11481597986788299,339,9.730654293803083,315,48,107.0,31.24983354214115,207.9075,0.0,9.28185318321463,0.08611198490091224,40.8,0.11677911217983805,0.05843434603263282,0,1029,0
5EC41322-BCC3-4C82-8C54-BB599A1CA006,7229,2,1.0,1,0.050491077604094624,304,15.349287591644766,801,516,134.0,18.74051853211865,84.49085,0.0,5.781490792110056,0.0,25.99718,3.2944015455048046,0.0064888865040281015,0,1029,0
D27247AC-2C6B-4730-8EA1-90FD66830349,7495,4,100.0,0,0.0,0,0.0,-1,216,490.0,67.70063869165422,237.5486,0.0,35.7080480497319,0.0,116.7212,-6.2467711707437275,-0.06716730949717616,0,1029,1
FA5ED7C3-6B48-41CC-BEA7-70D7D89AE087,8699,7,136.16666666666666,7,0.2937119209104495,92,3.8602138176801932,501,68,653.0,85.614669787777,288.7369,0.0,44.9512480900468,0.0,151.64812,15.461014963766203,0.1306414300164142,0,1029,0
C6ED89AF-04D8-447D-8FDB-B2A1CA3FA0B6,6390,8,40.42857142857143,1,0.05712050078247261,93,5.312206572769953,353,512,485.0,73.98866507261862,330.8474,-185.95,57.02282232073364,0.0,166.6395599999999,-4.50177287710936,0.10945836117851218,0,1029,0
36F1BEA9-9279-4C2D-9BED-A1673776F56D,4709,9,90.25,2,0.15502229772775536,21,1.6277341261414313,353,149,225.999,36.670684198023885,110.5957,0.0,15.261997859197177,0.0,56.41479,-0.7611190666967218,0.02759385124280439,0,1029,1
DB5E61BA-B974-4894-B987-F981DD5A8187,5254,3,227.0,2,0.13894175866006853,199,13.824704986676817,423,57,301.0,77.26631377529043,222.2603,0.03056435,18.142007425671476,0.0,100.69905999999999,-23.996035453681635,0.0696233540985121,0,1029,0
0D0C57C6-4E07-41E5-B24F-238D824A940C,8146,11,71.2,4,0.17922906948195433,326,14.607169162779277,758,167,739.0,206.36181446044577,600.0,0.0,107.38550501710947,0.0,339.8438,37.649470768180805,0.48088432918325763,0,1029,0
1D9ED9B6-C222-46DE-B61F-13738452DF11,2419,14,36.69230769230769,3,0.4526663910706904,387,58.39396444811906,49,39,623.0,173.87273658119713,319.2175,0.0,35.843701555244884,0.0,217.4935,13.434819167259661,0.38531536428234797,0,1029,0
430868C8-CCC6-4943-AA95-91E0B2DDBA06,12716,20,45.73684210526316,3,0.08611198490091224,38,1.0907518087448884,47,48,470.0,95.71547006230173,584.5,0.0,76.39547377331151,0.14351997483485374,208.0078,-60.53603282169988,-0.04058536173185648,0,1029,0
EF701F11-B8AF-4832-8DBD-ABB7EABEAC74,12716,13,69.08333333333333,3,0.08611198490091224,103,2.9565114815979867,221,103,126.0,38.42138733847546,96.96001,0.0,16.134148309457323,0.0,60.0,-2.9008848096945954,0.019428934537095616,0,1029,0
003F13BB-8478-4AFF-8754-26F032F8718A,12716,9,110.25,0,0.0,0,0.0,-1,66,489.0,51.71999837801672,227.0,0.0,24.520757526201304,0.0,85.0,4.599446066427724,-0.217366112871794,0,1029,0
9ADF1D5F-5918-4C45-9473-FE6880E5EA89,12716,2,1.0,2,0.05740798993394149,233,6.688030827304184,222,506,788.0,222.81958691715045,435.63,0.0,79.36919242376008,0.0,304.27,-80.31731917023689,-0.3542471309902673,0,1029,0
56029DF6-E1ED-42ED-97A6-FBFBC73376C3,12716,13,15.75,1,0.028703994966970747,29,0.8324158540421516,603,433,470.0,166.12595301507773,960.56,0.0,45.65467275561079,0.17222396980182447,213.20318,-12.650154015849324,-0.029931540937416554,0,1029,0
9A79782A-BB1D-48A4-BEDA-3A1D87A148CC,12716,8,90.0,2,0.05740798993394149,68,1.9518716577540107,206,168,138.0,32.220943877925485,522.5793,0.0,12.656765578245743,0.2009279647687952,48.498578,-5.688658320981041,-0.021372302377663386,0,1029,0
E4C6B277-46F2-497F-9115-2465A88659BF,12716,2,3.0,2,0.05740798993394149,43,1.234271783579742,522,501,792.0,227.845451350639,444.45,0.02,57.77478727854218,0.0,307.84399999999994,-52.62004780125628,0.4225656568253349,0,1029,0
5540E277-052D-4923-BB5E-0376C62450BB,1705,5,68.0,23,4.92375366568915,298,63.79472140762464,153,228,361.0,64.05071255082512,342.4075,-2.0,38.77537708521569,0.0,116.96168,-3.1649780901538165,-0.3154294553137087,0,1029,0
3915581C-6D6F-45E7-B556-603E272C0F03,1702,4,113.66666666666667,2,0.4289071680376028,127,27.235605170387778,317,159,472.0,43.88844396123461,241.9371,-16.59344,27.908176808754973,0.0,83.84627599999999,2.42419483058638,0.16637552987699278,0,1029,0
9F1817D7-7F29-400E-AB9A-FF78AABC7B87,7477,2,267.0,7,0.3417145914136686,483,23.578306807543132,232,500,263.0,104.69459203741374,205.8,0.0,21.319913396171916,0.0,129.2,-6.086312716426107,0.09450283642690153,0,1029,1
667BD908-B879-45F1-BD32-7F82F4C5E358,3034,17,55.625,3,0.36090969017798286,411,49.44462755438365,73,70,1180.0,144.32208610986527,1595.849,0.0,48.13886511422909,0.12030323005932761,199.2828,20.590606542962632,0.29048077013166057,0,1029,0
AA5E904A-D9F8-42BD-BC30-63242884D129,12716,4,86.0,2,0.05740798993394149,483,13.86402956904687,208,498,138.0,15.002179891894816,48.3,0.0,3.254373821633427,0.0,19.2,1.3237769138150597,0.025092340945712367,0,1029,0
248B4DB8-9DFB-404F-A2A9-CCD9F6648EE7,12716,6,80.4,2,0.05740798993394149,1764,50.633847121736395,96,97,811.0,412.0207252004164,608.3342,-33.22943,38.89020308269218,0.0,447.1516,12.411426157608275,0.23537724406951338,0,1029,0
1C7EBA1D-ADC4-41C3-83DD-A089F8D8D9BB,12716,4,161.66666666666666,2,0.05740798993394149,449,12.888093740169865,542,68,250.0,53.18553540762467,297.55,0.0,26.365788515481448,0.14351997483485374,84.0,-8.16323602490862,-0.051614796980014435,0,1029,0
32369048-1F6A-4C9F-ABFB-7778EDF9E872,12716,31,22.4,3,0.08611198490091224,66,1.8944636678200693,181,315,788.0,310.14466482391344,609.91,0.0,107.7298192020932,0.0,448.37,-54.2948145152715,-0.43112036236781687,0,1029,1
54239F60-1E94-4327-BE4F-348C634509D3,12716,1,0.0,1,0.028703994966970747,696,19.97798049701164,332,490,920.0,101.7951041436266,377.3804,0.0,39.58979750483023,0.0,150.3067,-2.619772000879678,-0.40572696722457735,0,1029,1
B8847579-5A5D-429D-B6F7-1810F2A7800E,4076,8,71.85714285714286,1,0.08954857703631011,236,21.133464180569185,801,490,269.0,129.19890718876508,216.9,0.0,21.716235998593138,0.0,155.3,-27.791854719629285,-0.0644827550727404,0,1029,0
64883052-ADC7-4180-929D-CA9A2E68CB69,6458,9,105.625,1,0.05651904614431713,286,16.164447197274697,679,56,399.0,90.0393681359357,273.0,0.0,49.51034455081151,0.0,157.0,-30.84862739519496,0.10650754779963091,0,1029,0
9A68001A-05D9-4FBC-AD45-F66F2745BF7F,12716,4,148.66666666666666,2,0.05740798993394149,938,26.92434727901856,733,488,88.0,28.99594994614975,233.8802,0.0,8.606309963125367,0.08611198490091224,40.43032,-4.279514173850366,0.05335733822331945,0,1029,0
13AF42D5-1028-473A-83DD-5333B7836BC2,1686,2,1.0,1,0.21648873072360617,386,83.56465005931197,801,484,831.0,38.08283397298451,162.9753,0.0,22.26734158075546,0.0,66.96546399999998,5.933424227092651,-0.22179367632411803,0,1029,0
41B39B6C-F9EB-4721-BDE0-27D99E2380C1,5284,2,0.0,1,0.0690764572293717,6,0.4144587433762301,713,483,188.0,34.851447303232476,90.38031,0.01011564,7.821979370700102,0.0,43.876481999999996,4.50458971327987,0.056027591100489146,0,1029,0
60A33438-5964-424A-9A3C-B4A4D69048E0,12716,8,86.57142857142857,5,0.14351997483485374,1614,46.32824787669078,322,82,346.0,124.26466790433003,342.0,0.0,74.70864803428769,0.0,228.0,12.655239503077382,-1.0522633109713513,0,1029,1
ECE0CACE-DDBE-44BE-96A1-41C159DA9FBD,1489,3,199.0,5,1.2256548018804567,492,120.60443250503693,254,481,453.0,118.645892354944,437.57,0.0,24.174649876763677,0.0,148.65116,5.7768423973708,0.06708753090276012,0,1029,1
258F7945-6FCA-4CA5-801A-C4E5D9B05288,12716,8,129.42857142857142,1,0.028703994966970747,11,0.3157439446366782,676,18,377.0,127.19212093520852,281.9916,0.0,32.010444769265966,0.0,168.1183,-0.025214999251716108,-0.19578231797206733,0,1029,0
62E7B5B8-FA81-4B52-8CB2-EE7D19382A7F,12716,12,84.9090909090909,9,0.2583359547027367,442,12.68716577540107,246,46,266.0,120.4471819940091,241.5016,0.0,29.687168058990647,0.0,148.90276,-9.376909823484397,0.19076773923325308,0,1029,0
925E60E9-F346-41CF-87A0-E44ACDE15F51,12716,8,93.57142857142857,0,0.0,0,0.0,-1,185,470.0,72.78486145523597,354.7485,0.0,58.934454419992356,0.0,152.3804,38.31645050741834,-0.13837113189385503,0,1029,0
966BD1FE-5DD4-41D7-AF98-7C128185B402,12716,5,114.0,1,0.028703994966970747,19,0.5453759043724442,10,264,496.0,169.15308295813932,360.7178,0.0,46.43498679992543,0.0,218.5547,-29.11212018421955,-3.0657466702161655,0,1029,0
FCB862B1-ABE5-48AA-B81F-C5CEB36E1E0F,12716,11,61.9,3,0.08611198490091224,137,3.932447310474992,423,390,269.0,151.8660908983084,269.3,0.0,31.82661811247858,0.028703994966970747,190.7,-32.421229787197305,0.2554836902588642,0,1029,0
14BEAC7E-9296-44CC-9D7A-24892B1FDEDB,12716,4,2.6666666666666665,1,0.028703994966970747,231,6.630622837370242,801,464,811.0,415.04883748403364,613.5336,0.0,31.68037290830328,0.0,452.351,11.037826397139213,0.23442497311585647,0,1029,0
B2BFFF06-E91B-405F-994C-DC504CC9B88E,8529,13,50.166666666666664,8,0.3423613553757767,512,21.91112674404971,1,68,259.0,63.65239758932736,542.3265,0.0,24.395540681781625,0.21397584710986048,91.5,0.7576718551170885,0.0923530511310822,0,1029,0
0A516F19-B818-4F5B-9812-54A6EC55126E,12716,9,62.0,4,0.11481597986788299,445,12.773277760301982,488,110,85.0,38.09327424746058,69.96094,0.0,8.586173667938748,0.0,49.15283,5.120740228619674,0.08457450176801294,0,1029,1
9EDE1B26-525D-4FAF-9A20-517D073AF4A8,9679,5,23.75,2,0.07542101456762063,161,6.07139167269346,223,411,538.0,102.40330917193023,223.3398,0.0,27.139752466266714,0.0,137.7441,-8.650369425016663,0.11396230274876726,0,1029,0
EEA9CEA5-E054-4328-A593-401064F6D49D,9889,6,123.0,4,0.14763879057538679,285,10.519263828496308,327,68,251.0,73.28343100394683,215.8781,0.0,22.416985970527058,0.0,104.868,-10.432981772079543,0.08720361770577563,0,1029,0
0FF7E89D-2290-45E9-9563-C220858C2851,12716,4,19.0,1,0.028703994966970747,10,0.2870399496697075,676,408,377.0,123.04939314353676,299.762,0.0,32.49063705835889,0.0,164.9872,-8.306253679802197,1.2728050583896591e-06,0,1029,1
0AA4184A-5FD1-4EBE-8948-77CB8090CFF3,12716,6,179.0,0,0.0,0,0.0,-1,51,311.0,115.7461067246102,188.9098,0.0,26.219440527299447,0.0,143.06262,-28.415984276963584,-0.35410312874208216,0,1029,0
B94308CB-123F-4045-9FE2-F77909423414,12716,3,72.0,3,0.08611198490091224,186,5.338943063856559,738,311,301.0,24.52414524860273,121.0,-24.6,27.4927711223676,0.0,73.0,-15.732478581936062,0.04100769185038173,0,1029,0
9E3EA23E-4B8C-4DA8-9E92-E98097922E74,8496,8,121.14285714285714,3,0.12888418079096045,253,10.869232580037666,496,55,693.0,176.49464641156476,319.0918,0.0,33.864469426096946,0.0,216.0721,-10.184007207861043,0.4733930588297091,0,1029,0
0A50ADC8-70FA-41B2-96B3-B4CB799000D9,3134,3,234.0,1,0.11646458200382898,92890,10818.395022335673,538,403,188.0,40.09321117884394,550.6155,0.0,17.05813353590501,0.4658583280153159,61.0,0.0018505495511220715,-0.037254256355420505,0,1029,0
F7581B81-A4E0-4431-ACE4-5424BF6B6594,6277,3,179.5,2,0.11629759439222559,39,2.267803090648399,448,206,188.0,20.651049220434285,88.0,-4.0,13.936993623698573,0.0,41.0,-9.287160331545396,-0.0062543158048884466,0,1029,0
B9A7AC63-0F8C-4A5C-A032-1EFCCDC25ADA,604,13,41.75,1,0.6043046357615893,22,13.294701986754966,577,225,301.0,43.090234318867715,209.8981,0.0,43.87679178731427,0.0,101.95388,21.972439472798953,0.0985293794020611,0,1029,0
B2E1EA37-EEC2-4D09-8861-23CFEE530360,2819,7,108.83333333333333,3,0.3884356154664775,121,15.666903157147926,297,340,888.0,89.90207241939082,467.1713,0.0,61.903684731171765,0.0,179.20134,-17.57067796800193,-1.2122659793442803,0,1029,0
92ECC55D-ED45-4166-A5B8-EACD1562041F,4800,7,154.66666666666666,4,0.3041666666666667,571,43.41979166666667,78,89,259.0,96.37149118682302,212.8495,-4.737869,24.704303978522262,0.0,128.14138,9.744893763753367,0.23906346883794843,0,1029,0
5CB4CBE4-6402-4AE7-B3DF-98CC6BB720D3,12716,5,30.75,1,0.028703994966970747,85,2.4398395721925135,778,419,259.0,96.48332195694987,224.8,0.0,26.296753745289838,0.0,127.5,-5.475204672999254,0.09838875855721498,0,1029,0
45FDF356-DD1F-44C2-A584-E941A7EDE373,4051,2,1.0,3,0.270303628733646,484,43.60898543569489,4,446,301.0,75.93605153893775,235.8924,-28.62403,26.742778474199948,0.0,113.1,-4.592563879447013,0.03330788438214689,0,1029,0
1B3CD8C5-7527-4D02-B0D9-AABD1549A928,3757,1,0.0,2,0.19430396593026353,280,27.202555230236893,386,444,301.0,49.49452550041697,539.7876,0.0,12.526851450636885,0.48575991482565883,64.83604199999999,6.669116816712659,0.04071597202152763,0,1029,0
71265105-B927-491F-9FBC-F2FA23EE7DA2,12716,6,84.0,1,0.028703994966970747,45,1.2916797735136836,749,175,887.0,177.8457088404847,518.0,0.0,85.83593546739638,0.0,279.0,17.68361214716964,1.1830047605327112,0,1029,0
9F243EB4-BCBA-4017-9DC7-9F43C953F9E3,12716,5,95.75,0,0.0,0,0.0,-1,54,470.0,149.95167931363076,262.3901,-14.27516,29.671990988022642,0.0,188.4155,0.8352214379124518,-0.015155824836772596,0,1029,0
6C0CB2E3-7484-4778-9DF5-1570E497B587,12716,3,168.5,1,0.028703994966970747,7,0.2009279647687952,436,100,988.0,186.4061894881967,489.95,0.0,61.491832106110984,0.0,269.81,42.49590001797614,1.0296226683219285,0,1029,0
1C456EB6-0CF3-4CFD-8D17-BC62269BB4BC,1321,3,3.0,0,0.0,0,0.0,-1,438,452.0,0.529350109611037,234.013,0.0,7.260822915511808,0.0,0.2821024,-0.4909570444019321,-0.0004581401179964567,0,1029,0
C1D7B3B2-D959-41C9-97B4-D1F5AA6E8617,2239,4,158.0,2,0.3260384100044663,184,29.9955337204109,10,199,452.0,63.60391506552137,184.0,0.0,30.492314423470617,0.0,106.0,-11.981538522311496,-0.1365656711162871,0,1029,0
11F11A16-C2CE-47F1-9C82-BDB79130A408,5049,9,104.875,2,0.14458308575955633,19,1.3735393147157853,142,143,870.0,200.77357831216298,431.7801,0.05103945,48.58637144123683,0.0,259.5022,-0.23285033376791375,0.14402211292641734,0,1029,0
825FD6F8-C5E0-4948-9D32-0296BE1A1638,12716,8,47.42857142857143,3,0.08611198490091224,155,4.449119219880465,423,426,269.0,155.84992422533404,274.8,0.0,32.26746498162077,0.028703994966970747,196.4,-33.5846695957044,0.2604023416241431,1,1029,0
7E4E7B1A-B727-4786-AD49-75E4949A0932,8699,2,0.0,0,0.0,0,0.0,-1,429,432.0,104.78443319003561,193.1,-55.00813,21.949940463819974,0.0,135.34,5.38496110008785,0.092619870194206,0,1029,0
99D6BD31-288A-4FAE-8C4A-84337D45A57F,12716,19,37.333333333333336,7,0.2009279647687952,107,3.0713274614658697,385,117,302.0,75.08732635890908,247.6685,0.0,35.79359940095611,0.0,112.06036,-9.795054263230071,0.18196795046250788,0,1029,0
EC697299-CD8A-436D-B3EF-9E16C125A226,12716,8,107.28571428571429,0,0.0,0,0.0,-1,50,256.0,120.31468022873344,226.0,0.0,33.00810809037027,0.0,163.7,-16.004865413918623,0.2649724131464814,0,1029,0
B9AF7179-5388-49FB-A4F6-BACF792F555B,12716,7,146.33333333333334,3,0.08611198490091224,74,2.1240956275558354,801,41,266.0,113.13447728211018,538.0,0.0,29.227584275371427,0.14351997483485374,148.6,-29.56693870170895,-0.19712527952282372,0,1029,0
59C704E4-CEE2-4F85-B5CB-B668829E57E1,4163,1,0.0,3,0.26303146769156854,326,28.582752822483783,204,425,452.0,206.7643303289511,433.9721,0.09083761,42.021901997667605,0.0,260.99126,10.85740759774643,-0.02207867911068363,0,1029,0
1DB47FC0-1369-4CD2-A113-85AD76DD1CDA,4400,2,134.0,7,0.5806818181818182,462,38.325,322,290,1665.0,127.84745676660899,788.5336,-9.271603,133.7332249130226,0.0,316.09627999999987,139.38747514815955,1.3274497622742567,0,1029,0
FD4C51BB-D7BE-4399-A257-91CC3787DE7E,7001,13,78.25,2,0.10427081845450649,34,1.7726039137266103,57,58,485.0,83.99935472490489,524.1211,0.0,60.265212486784485,0.26067704613626624,156.1432,-44.41935942706538,-0.09862045754167068,0,1029,0
A1CC1BDB-781D-462B-A8B9-24B955DD0178,12716,7,125.16666666666667,1,0.028703994966970747,17,0.4879679144385027,1013,172,276.0,80.74973300433022,161.5831,0.0,23.9584699617305,0.0,107.31789999999998,15.100684504929049,0.11328425947753232,0,1029,0
7ACED623-4DAA-4992-A633-5FA69828C5D0,1698,5,141.75,2,0.4299175500588928,180,38.69257950530036,1018,358,473.0,52.90891923396217,156.22,-133.8345,25.121016704593544,0.0,86.445906,4.642533514000796,0.1638036506650542,0,1029,0
373DDDA5-15BC-4199-A764-F67130D6A47E,12716,14,63.69230769230769,1,0.028703994966970747,351,10.075102233406732,274,110,452.0,231.90981511418084,408.1055,0.0,46.941686463337916,0.0,295.0745,3.570410055572239,0.17535610818414837,0,1029,0
1DA594CC-4FA6-41AD-A042-958720AEB69E,12716,8,92.42857142857143,1,0.028703994966970747,35,1.004639823843976,709,347,259.0,90.7350206815709,176.7,0.0,21.708469992586853,0.0,115.8,-7.585833252558558,0.07509399498787395,0,1029,0
40022EE1-B7D0-4DB3-B86C-62880F6F7616,6828,2,75.0,0,0.0,0,0.0,-1,343,489.0,139.22749642231037,335.0,0.0,39.74200746524171,0.0,191.0,-7.373869879100482,0.016418979480648122,0,1029,0
49D2D922-82B3-4127-A08E-B7B2B5C2588D,12716,8,69.14285714285714,3,0.08611198490091224,569,16.332573136206353,56,96,377.0,156.17825185030384,306.502,0.0,41.15145516471242,0.0,209.87187999999998,29.827849767767162,0.28739963246162475,0,1029,0
C947BAAB-68EA-467B-A2EB-3B6CFA782789,2730,6,12.2,5,0.6684981684981686,686,91.71794871794872,337,354,1247.0,210.30693276234567,1102.826,-3.9,157.44065722178743,0.0,454.47657999999996,147.82215589737652,0.2705403920239471,0,1029,0
A001F69E-136B-4677-A604-BFCD09CEAF73,4009,1,0.0,4,0.3641805936642554,62,5.644799201795959,649,418,313.0,53.379125075185684,184.0,0.0,27.756206892923995,0.0,91.0,-20.569557173951118,-0.08062986742765553,0,1029,1
F9D5C172-6871-4FEE-8882-253AFB1C2501,6560,3,300.0,0,0.0,0,0.0,-1,385,377.0,64.51719209391892,212.1169,-7.54834,30.12237446657347,0.0,106.52628,5.394152070664418,-0.18970404925289988,0,1029,0
56C7011C-9798-4256-BB1E-023A5ECD44EC,4076,2,1.0,0,0.0,0,0.0,-1,414,301.0,28.074481724125654,101.4189,-64.39418,14.19217616709273,0.0,47.376211999999995,-3.8586511941873844,0.08674007147142414,0,1029,0
D24AD388-D1CE-4809-88E3-EB3D3A6F5014,9392,11,100.3,1,0.03886286201022147,78,3.0313032367972745,986,6,181.0,33.257924430832546,148.6832,0.007047985,14.92850140730939,0.0,54.574016,-2.817655552511635,0.04672073024898421,0,1029,0
CF40FE82-D363-4D1F-938B-EE8102B0A334,641,1,0.0,0,0.0,0,0.0,-1,409,452.0,77.39262303967446,259.6419,0.0,50.66696986452882,0.0,144.30172000000005,26.330290430387265,-0.13965135871677342,0,765,0
0E41E983-C12B-4075-BE2D-46C19AFCC1C7,2396,4,96.0,4,0.6093489148580968,319,48.59557595993322,212,183,1494.0,628.4171646515778,28313600.0,-73.248,73604.87463607609,0.1523372287145242,612.5139999999999,-264.8281692812074,1.338069836010552,1,1029,0
A3F0913E-39A4-45EC-B7E3-40BB476D203B,5200,12,77.27272727272727,4,0.28076923076923077,646,45.34423076923077,52,54,496.0,176.8773056767928,965.02,0.0,44.24585739248573,0.35096153846153844,224.7314,-20.695244571082895,0.08516481489984079,0,1029,0
CE6A579A-7416-4E20-A2F8-3B21E0A04A9A,6000,3,24.0,2,0.12166666666666666,26,1.5816666666666666,28,356,1386.0,336.63055768725457,879.0,0.0,134.61116319779273,0.0,514.7442,6.419206919226951,0.7115504546683178,0,1029,0
85B01A8D-4AB0-41E9-ABFF-75BB9ACE6BCE,12716,4,174.66666666666666,4,0.11481597986788299,201,5.76950298836112,367,285,266.0,154.68210648320235,247.5,0.0,23.086868590376138,0.0,182.4,-8.887445989375209,0.193854316719349,0,1029,0
1BEDC70D-3287-4694-9165-AF42FCD0354B,12716,3,166.0,8,0.22963195973576597,1160,33.296634161686065,53,68,142.0,17.490856729417704,69.97994,0.0,3.4968465406510436,0.0,21.56753,-0.34028983823714753,0.04627162043724278,0,1029,0
A90EFE72-06AE-4E04-AAE6-B22F1EE6B388,5303,4,135.0,0,0.0,0,0.0,-1,397,511.0,106.82753543749256,345.482,0.01381847,51.37773965620191,0.0,177.11092,-33.147850621597485,0.3937336024500664,0,1029,0
28CE465F-2312-4D3B-AD39-FCA36090BE92,3962,3,29.0,1,0.09212518929833419,33,3.040131246845028,791,390,188.0,29.40568108645846,101.0,0.0,14.837458366503274,0.0,49.0,-5.454755160532535,-0.05362081738488834,0,1029,0
7E0B653C-DBF7-4B6E-B89E-0FD5F9E0F5AF,9119,5,197.5,1,0.04002631867529334,304,12.168000877289176,1010,208,630.0,108.94571061086594,800.4243,0.0,146.46710713806877,0.04002631867529334,325.23312,187.39062792308465,-1.3378269475773121,0,1029,1
5EE63FB1-43A9-46FA-B067-920C8406EC5C,12716,7,61.0,1,0.028703994966970747,6,0.17222396980182447,31,26,800.0,6.304798335845154,561.5845,0.0,47.388677517704274,0.0,0.0,0.5464121888462037,0.001577866140303185,0,1029,0
88466642-3067-427F-8CA7-378290AF3079,12716,4,167.33333333333334,2,0.05740798993394149,47,1.349087763447625,822,393,269.0,66.49439402031534,124.6,-18.6,18.448803569093187,0.0,89.4,-5.143113156117813,0.03852211978610776,0,1029,0
BF6065CE-C857-4CB9-849E-4FD99ABA2556,12716,8,73.42857142857143,0,0.0,0,0.0,-1,167,489.0,124.89996418120256,313.0,0.0,56.37716774529778,0.0,200.0,-12.064933317005028,0.30650023093833756,0,1029,0
2624BF05-3ED5-44F7-93E5-8DFF1CBBDBE9,733,5,175.0,0,0.0,0,0.0,-1,2,99999.0,107.3405149953172,207.0947,0.0,73.70458462929687,0.0,186.7816,16.388074831141125,-0.049064917940314194,0,702,0
0D06F5FE-373C-4A1A-BA06-F2C4FDA5507A,12716,2,0.0,0,0.0,0,0.0,-1,387,295.0,88.09801029959382,184.99,0.0,20.49998065802465,0.0,114.5,6.653505904109878,-0.058930569274765504,0,1029,0
C42E7BCE-B693-4075-A043-8BAD0FAEF6E9,3759,2,398.0,2,0.1942005852620378,852,82.7294493216281,833,387,739.0,102.16773960349268,590.0,0.0,171.81286144841866,0.0,519.0,-73.60099577633218,-0.16648654612141456,0,1029,0
B04BFC21-3290-4756-A2E7-64B78912DBB3,6422,5,131.0,2,0.11367175334786671,166,9.434755527872937,96,386,472.0,52.79880825967952,250.3052,-310.3609,34.25981878948563,0.0,102.4292,-19.23381253359927,0.26254261310322036,0,1029,0
B4E33BDE-C3C8-4319-90A5-089A5546D686,12716,2,0.0,1,0.028703994966970747,4,0.11481597986788299,384,385,295.0,90.49964141274744,191.36,-12.30672,21.152753172639443,0.0,117.69399999999995,7.176732815647625,-0.06038596385937703,0,1029,0
7B71FC6C-41CF-41A9-8C0D-127B28D9F211,2928,2,0.0,1,0.12465846994535518,305,38.02083333333333,801,380,602.0,78.78721146871072,271.2956,0.04452702,40.54516966400823,0.0,145.82716,43.489903410147306,0.2579843354293928,0,1029,0
8EF70AD9-6B4D-4180-A78E-52B4A563C1CB,1364,8,78.57142857142857,2,0.5351906158357771,46,12.309384164222873,691,138,1247.0,125.49265322583189,492.4829,0.05251756,55.804748959199244,0.0,198.39311999999998,1.9066746136742836,-0.21233726724848911,0,1029,0
43858604-7112-4C41-812A-B7FAA0363D05,15858,3,9.0,0,0.0,0,0.0,-1,357,99999.0,53.269492506424086,80.93739,0.0,16.230355138674717,0.0,58.74228,5.472787493575922,-5.501720571101963e-14,0,401,0
47ED5567-2313-4A87-B35C-774542F6E400,12716,9,37.75,1,0.028703994966970747,6,0.17222396980182447,375,70,627.0,17.693964584353267,483.424,0.0,67.61260290512637,0.0,0.0,184.31975899998315,3.2351335274338884,0,1029,1
8E59FCAD-16EF-45D4-AF77-804198137915,8818,2,308.0,1,0.041392606033114086,147,6.084713086867771,393,68,314.0,43.47713319017348,142.2363,0.0,18.94671449075617,0.0,67.99316,-8.208280722164226,-0.010182995636041019,0,1029,0
E4018002-6340-496F-A54A-E19B68740521,4985,4,98.66666666666667,2,0.1464393179538616,11,0.8054162487462386,610,375,775.0,158.4537334292782,540.5,0.0,47.296760390562646,0.0,228.0,-26.844843964000432,0.22467752831213536,0,1029,0
A6B9150B-39CC-43C1-BD6B-14A8BBC14DB4,6430,9,122.0,3,0.1702954898911353,118,6.698289269051322,276,3,472.0,142.65574404056312,604.0,0.0,34.70296128698917,0.5108864696734059,189.651,-1.6508417265199284,-0.03586268806690557,0,1029,0
C30593A4-376B-47C3-AE95-23F4D64D848F,12716,15,51.0,0,0.0,0,0.0,-1,2,470.0,85.88702408103022,355.79,0.0,51.35153559352943,0.0,156.8985,-17.819573937264792,-0.3504768608872727,0,1029,0
71E2AD5C-CA5C-430F-BC2A-90756CDB3232,6415,6,65.2,3,0.1706936866718628,44,2.5035074045206547,540,327,269.0,101.50873255012671,230.8119,0.0,47.76390182274954,0.0,161.3497,12.118334960675753,0.2860579639266287,0,1029,0
29754746-2F17-4BD7-8EC4-762BF963B1D6,12716,4,28.0,4,0.11481597986788299,220,6.314878892733564,686,369,138.0,36.76937269796644,89.61,0.0,13.891945409943448,0.0,56.22,4.218880388453314,0.048579312489388224,0,1029,0
76635ABF-250D-4129-9630-39E925152686,2707,2,0.0,1,0.13483561137790911,118,15.910602142593277,917,369,452.0,152.89395565055045,352.3737,-3.672785,61.317471083198335,0.0,231.52262,8.223242937798318,0.30854462832599683,0,1029,0
5385F0C2-D3E5-405C-89B5-D1756B5597EA,3008,2,34.0,2,0.24268617021276595,122026,14807.01130319149,392,369,188.0,37.79183342732691,86.0,-47.407,15.501975268084513,0.0,55.0,-4.100398242141722,-0.055344567001905154,0,1029,0
8CD521A3-0C86-4E2F-982F-98BEE1A214AA,7976,4,121.0,0,0.0,0,0.0,-1,0,920.0,103.33045066494556,394.4092,0.0,41.79427057286819,0.0,152.71,-7.6468229434949535,-0.3479198448443498,0,1029,0
D8AE955C-E591-4791-9CBF-FE419A630610,12716,10,79.55555555555556,0,0.0,0,0.0,-1,96,452.0,244.27557564592098,403.7842,0.0,42.753727033767575,0.0,290.1489,-13.354697466908647,0.1680044222535621,0,1029,0
CE5B2C9F-07AD-4F89-8889-80F2C0E4C5B9,5754,3,250.0,1,0.06343413277719846,3,0.1903023983315954,807,99,961.0,192.22907550629535,445.0473,-30.34,58.37823085636869,0.0,268.99862,0.3443947437046688,0.5526183204417743,0,1029,0
28DA31FA-71CF-4651-BD2D-702C8645BA99,12716,5,143.0,3,0.08611198490091224,803,23.04930795847751,228,58,450.0,143.25863205985118,306.24,0.0,50.29132715475676,0.0,202.66399999999993,-33.68690983762896,0.9716155298092857,0,1029,0
8EE5AAC7-E730-4E0F-814D-0FD7021F3306,1317,3,113.0,0,0.0,0,0.0,-1,132,887.0,97.74854459410544,237.58,0.0,31.576078282179648,0.0,136.9025,-2.43087305475359,-0.007226922955257198,0,1029,0
98DA4ABA-30CE-4BBD-9C92-A86A1AE277DF,480,6,18.6,0,0.0,0,0.0,-1,300,226.0,22.766883191160456,70.25793,0.0,10.488607175286758,0.0,35.250912,0.8936313651667014,0.010458776801982027,0,492,0
ED2FF8D8-C022-4CA5-BBD1-CF2B7470FD98,6046,3,207.0,1,0.060370492887859735,30,1.8111147866357922,928,354,653.0,142.08434819905113,312.0,0.0,74.54229632868605,0.0,226.5,-13.055644495347423,0.04014350194113023,0,1029,0
D63D69CD-8056-448A-834D-A586FBAD43F9,4028,3,186.5,0,0.0,0,0.0,-1,352,1454.0,262.14092014032184,690.0878,0.0,118.43709350698786,0.0,409.8653,-19.309243973963817,-0.1629124746221663,0,1029,0
3253AA9C-A677-4F6D-8C47-F84B5CF9A766,6709,8,134.0,1,0.054404531226710386,3,0.16321359368013116,712,47,472.0,171.8753933515581,875.9766,0.0,37.963935528886246,0.2720226561335519,217.6208,26.60967010986164,-0.40171567430842087,0,1029,0
705149D9-EC34-47C5-AE18-70CA66BB30E4,10079,7,129.33333333333334,5,0.18106955055064985,444,16.078976088897708,300,157,276.0,114.74775480343588,222.8,0.0,30.499136277538206,0.0,152.84,3.903566955823365,-0.014478415831059892,0,1029,0
3E5F5EA7-229F-43C5-ACB6-31BB16E119AB,5793,3,88.5,5,0.3150353875366822,177,11.15225271879855,132,219,188.0,22.396036825102897,82.0,-146.6096,9.45887694274003,0.0,34.0,-0.5440306522633911,-0.045295829846414094,0,1029,0
8822DF66-4505-49AB-A848-E43FE989B197,2267,3,244.0,2,0.3220114689016321,435,70.03749448610499,756,345,800.0,184.49165867716448,339.13,0.0,39.76836076661619,0.0,235.35,39.149405366045414,-0.11880904878539544,0,1029,0
0D0A767F-EBB4-4406-B84D-335B96C1D7AE,12716,5,137.5,0,0.0,0,0.0,-1,200,693.0,158.35402123068422,356.0,0.0,43.40935476352111,0.0,208.2,-9.671320613400269,0.10480121002579008,0,1029,0
E515D8AF-829D-4C8C-8EA3-8FB73BDB2737,3561,3,154.0,4,0.4099971918000562,213,21.83235046335299,358,146,150.0,20.43274851825069,84.0,0.0,13.121439994641367,0.0,39.39999999999418,-9.520788641707481,-0.006684581544142541,0,1029,0
C1BD0250-66A2-4DA0-88F3-7804E8371109,12716,4,53.0,4,0.11481597986788299,221,6.343582887700535,180,342,100.0,34.17001496925666,72.12,-20.2006,13.872731564213082,0.0,49.5,2.7687845102958093,0.02876710701597829,0,1029,0
295C66AE-7C82-4E81-A5DE-E9DD0818BFDF,3875,2,7.0,2,0.18838709677419355,16,1.5070967741935484,772,334,452.0,75.15660302177511,214.0244,0.0,35.296999946402586,0.0,122.19305999999999,-1.924955022469561,-0.22771693692193307,0,1029,0
D43B94DD-D497-4DC6-8FDA-B97D71C6C380,2735,9,111.625,3,0.40036563071297987,269,35.89945155393053,566,72,473.0,102.71551651422277,263.855,-44.05509,32.29390048375529,0.0,145.2942,7.005363697196984,0.7258937552028991,0,1029,0
66E888E2-5EF7-46A2-8D90-4C7EFDF1C081,12716,7,134.5,2,0.05740798993394149,204,5.855614973262032,800,135,452.0,94.73318809268282,305.7543,-30.05048,63.33323131547737,0.0,156.0,42.39825999142211,0.1495317461430894,0,1029,0
D4C6545C-E04F-44FA-A5E1-F4FF96372DE4,6452,5,150.0,1,0.05657160570365778,79,4.4691568505889645,436,334,266.0,59.170533711181555,251.3341,0.0,39.46546142333244,0.0,117.25144,39.60610714306227,0.7620728391668107,0,1029,0
3A171E90-2058-4BBA-BA24-0F764AB7ADBD,8270,8,76.14285714285714,4,0.1765417170495768,346,15.270858524788393,201,47,450.0,46.80948807042319,460.9563,0.0,35.925494621459926,0.0441354292623942,103.94407999999996,-11.315384426053441,-0.12163790384634936,0,1029,1
E946F0DA-6E00-490B-A0FD-2C018F732C83,5567,5,121.5,0,0.0,0,0.0,-1,331,858.0,209.12681069414126,841.4727,0.0,70.52866172739245,0.0,291.28588,50.9449744200563,0.16462792252563144,0,1029,0
C2127EBF-00FE-4E9F-B978-E53A692AA9AD,3904,7,53.333333333333336,0,0.0,0,0.0,-1,9,529.0,92.16381073072375,1199.524,0.0,59.0727871674623,0.09349385245901638,161.499,-9.692605371927442,-0.09601952071879913,0,1029,0
2DA285B5-C033-4B53-A60D-0A7E6ECE1674,3813,4,104.33333333333333,2,0.1914503015997902,324,31.01494885916601,615,328,301.0,78.03997892239485,522.0,-126.4236,27.365766241381245,0.1914503015997902,97.5,-5.640287564370155,0.04930249733613771,0,1029,0
ABEF99A0-CDEA-4A8F-B398-A42175A5A6E4,5213,1,0.0,1,0.07001726453098024,143,10.012468827930174,801,327,376.0,61.026146007753155,207.48,-181.4281,15.630722677447265,0.0,81.039698,-8.874615589172898,-0.0669695456700483,0,1029,0
2B237092-E2D5-4546-9B3B-00032C042A74,8426,5,67.75,2,0.08663660099691431,94,4.0719202468549724,327,327,271.0,73.60765695117365,162.3771,0.0,25.117493183786067,0.0,107.8342,-19.092848361127352,-0.5010951192713724,0,1029,0
A3757C7A-557A-4C32-8414-0181B78DD544,12716,2,243.0,1,0.028703994966970747,6,0.17222396980182447,165,327,301.0,38.14673474490934,128.0,0.0,14.188045510767939,0.0,56.0,-1.8930310412056315,-0.05022556511324275,0,1029,1
044D2030-8A75-4C9B-B2C2-D203522170BC,12716,10,68.55555555555556,1,0.028703994966970747,6,0.17222396980182447,328,326,452.0,228.03656042110742,370.1843,0.0,46.72229770592628,0.0,291.3574,-0.5974814087617801,0.3012627364716051,0,1029,0
09B31A71-CAC2-4E04-B4CF-2E157DE15EF8,423,5,1.0,2,1.7257683215130024,170,146.6903073286052,53,324,452.0,67.99420710293903,113.13,0.0,28.355413809816348,0.0,113.13,-10.980327240284701,0.0844350950676968,0,569,0
AE400705-ECD5-40E8-BD0C-EACA2712A65D,4703,4,235.66666666666666,2,0.15522007229428025,63,4.889432277269828,123,6,126.0,46.39259361884745,143.7,0.0,13.996596867743193,0.38805018073570063,64.5,-6.495255655884485,0.047002973618105987,0,1029,0
9D94996F-3AF4-449E-9E14-D8A0FF6B4B2B,4673,5,91.75,0,0.0,0,0.0,-1,320,870.0,322.3418909687295,574.03,0.05112257,63.19065826376784,0.0,398.74268,24.073126168616113,0.4625147075253091,0,1029,0
93ED9622-C4B5-4DF9-809F-49D53655E66A,12716,14,44.07692307692308,1,0.028703994966970747,693,19.891868512110726,728,152,452.0,227.88524038211344,388.0826,0.0,46.57796938797868,0.0,293.2434,8.078916971281615,0.17537899213072713,0,1029,0
90406650-B2C8-4D79-80EB-FBE0051A221C,495,1,0.0,0,0.0,0,0.0,-1,318,416.0,32.54281555450784,152.6105,-320.1438,29.630202400613328,0.0,70.67079000000001,7.138247643948951,-0.0020891866972984376,0,765,0
4BBBCD2F-5319-4621-AD46-0CDF609BF552,12716,6,89.8,0,0.0,0,0.0,-1,252,1245.0,590.2998747693742,1138.26,0.0,135.94930227387258,0.0,747.1439999999999,55.19796010716891,3.281015056728065,0,1029,0
0F4626AA-2E91-4390-B948-4686E8B3F4C6,495,1,0.0,0,0.0,0,0.0,-1,316,416.0,32.11435248036372,529.4462,0.0,29.750261382956694,3.6868686868686864,70.39186400000001,7.351990699806031,-0.0026936454597537873,0,765,0
8E8B43CF-CAAB-4851-BF3C-B0EA1DB9267E,9598,12,39.90909090909091,3,0.11408626797249427,927,35.25265680350073,450,316,472.0,117.50889526840446,798.7671,0.0,35.782282018420645,0.03802875599083142,159.9731,-32.56075846825013,0.03303389221512261,0,1029,0
7F009C31-F8C1-482C-8931-B8E8A5A7A4D9,6688,3,301.0,1,0.054575358851674645,204,11.133373205741627,801,313,271.0,90.84753816495638,196.3328,0.0,15.427096506409926,0.0,108.51132,1.5699389006300493,0.08344696144977219,0,1029,1
781BF431-2FF4-4439-AEEA-8D061FE10A3F,8681,3,130.0,1,0.04204584725262067,205,8.619398686787237,45,46,1023.0,135.02111336987306,494.345,0.0,79.50492047521954,0.0,247.47359999999998,-8.532485283453326,-0.5940178491401856,0,1029,0
093C4FA8-F9CF-4F3E-B5D6-F4B3FDE93482,4170,4,186.33333333333334,5,0.43764988009592326,550,48.141486810551555,635,299,756.0,245.343216012692,420.0,-26.54484,37.613739726950605,0.0,292.5,4.300302505826494,0.050883339506707446,0,1029,1
C20FA49F-6282-409C-B929-B381EFEFBFF9,9581,7,47.666666666666664,7,0.2666736248825801,2420,92.19288174512056,647,289,141.0,38.710033315401404,120.0,0.0,17.598994255272935,0.0,58.54,-7.324930691944608,0.09032963889000635,0,1029,0
CFFEEEAF-0A23-4D7D-9526-D5875D45E1DD,702,8,117.0,2,1.03988603988604,11593,6027.69943019943,538,96,226.0,45.811616960538494,416.0,-8.7,19.124467070201973,0.51994301994302,67.0,-9.109996590168123,-0.019101180758520558,0,1029,0
2947A2FD-92C9-4582-8F94-09CAA38BD4C3,12716,7,19.333333333333332,1,0.028703994966970747,7,0.2009279647687952,259,216,297.0,37.46454441720114,199.05,-37.58214,19.822946195451124,0.0,65.54,-4.345620806090025,0.07180782778392297,0,1029,0
4542F5A7-6E08-48C7-A40D-DF73520189BD,718,7,111.33333333333333,3,1.5250696378830084,2703,1374.0877437325905,2,279,226.0,47.058586300266576,361.0,-31.0,19.48375220745751,1.0167130919220055,69.0,-0.5985554360690486,-0.008583935831174871,0,1029,0
221573AA-43DA-4D40-ABBF-84545988447F,8604,11,64.4,0,0.0,0,0.0,-1,119,403.0,93.3205366034386,305.9064,0.0,32.33117671252016,0.0,136.915,-12.050066930907747,0.13214342397076634,0,1029,0
97DA23A0-9719-48C1-A30A-B077EBEAFBA2,9014,3,30.5,0,0.0,0,0.0,-1,278,452.0,113.51501706461576,300.61,-46.17,46.25335552504488,0.0,174.59,20.18051920081632,0.2516523467688027,0,1029,0
D8C2BE43-382E-481B-B564-0245CF70823B,4346,3,125.5,0,0.0,0,0.0,-1,26,99.9995,24.487586967317043,119.8853,0.0,12.904221847475938,0.0839852738150023,42.51709,-7.11916667009482,0.06611292506469463,0,1029,0
D46170DF-C4CF-4244-A0F1-56C7ED6C1D0C,9976,12,57.72727272727273,6,0.21952686447473937,1362,49.832598235765836,107,5,259.0,90.63182908283603,142.5,-121.8648,16.766870544037992,0.0,111.75,6.982985731978786,0.08682724890581088,0,1029,0
65086A22-90E5-418C-8FE5-AFD21B477971,12716,8,78.85714285714286,1,0.028703994966970747,324,9.300094369298522,275,274,555.0,75.76892184289065,344.4,-21.24427,51.28481447835362,0.0,143.4,-6.864847297674601,-0.11262151632513266,0,1029,0
70C65F87-2E0A-4FD2-A063-F87E064F9BE1,4955,12,83.63636363636364,1,0.07366296670030273,4,0.2946518668012109,252,0,452.0,126.77308241364628,321.0,0.0,37.59070729503919,0.0,177.0,9.949834253020384,0.174311471923706,0,1029,0
393BC993-536C-417C-BA81-60FF9F395097,3631,3,0.0,1,0.10052327182594326,192,19.300468190581107,801,270,451.0,143.36129139572014,328.3166,0.0,101.54886578751945,0.0,287.76421999999997,20.075603755290672,-0.07903726698784787,0,1029,0
6ABFCF04-1648-438A-9F7D-D0D42C6A2645,3962,3,115.5,4,0.36850075719333675,191,17.595911155981828,50,271,99.0,14.121198181945973,155.4983,0.0,6.378574196857983,0.6448763250883393,25.4,-7.124693507717579,-0.015751699743688938,0,1029,1
B3ED7F8B-BF7D-4EA9-8CF8-764506F8FA14,12716,8,64.85714285714286,5,0.14351997483485374,1146,32.894778232148475,31,24,800.0,292.9952742922408,638.9465,0.0,86.57026277797513,0.0,400.8179,-10.09599751754945,0.22638493712046004,0,1029,0
5CCFA156-830E-46F9-8D51-5815272EFE68,1951,4,153.0,1,0.18708354689902615,92,17.211686314710406,925,264,276.0,115.2643616788879,928.006,0.0,22.88767374429429,0.9354177344951307,143.8277,-4.763688627961955,0.012641959485060228,0,1029,0
C850A04F-46E0-4B44-9B44-2EF8428B8E9C,12716,6,153.0,2,0.05740798993394149,207,5.941726958162945,74,185,1370.0,254.88279890583712,842.9,0.0,133.07227586934656,0.0,440.914,-73.6607580107754,1.6120060575607278,0,1029,0
96D134A8-2554-40C7-A6FA-2CE6F76BC128,12716,4,88.0,0,0.0,0,0.0,-1,250,540.0,104.6140801661857,228.0,0.0,39.27085101325172,0.0,157.0,-3.429357943963481,-0.20222695531695004,0,1029,0
20B1E304-E6E1-4BB6-BB65-333FA534C91C,5082,14,57.69230769230769,1,0.07182211727666273,12,0.8618654073199528,390,249,489.0,161.6728602323491,432.0,0.0,72.13834425412325,0.0,252.0,-45.477952824941696,0.09704295912149946,0,1029,0
B952BE16-2028-45C6-8A6C-F90063BF8DA3,4294,9,49.125,1,0.08500232883092687,321,27.285747554727525,801,244,452.0,132.05995074701823,266.0443,-1.68,42.51084204035749,0.0,189.98438,-34.01880324161701,0.145500929843217,0,1029,1
52717067-F22C-49F8-971A-C341FB9C58D2,4294,16,49.4,4,0.3400093153237075,327,27.795761527713086,174,209,301.0,14.057564263714138,102.9604,0.01752469,3.4585255013106866,0.0,18.21464,-1.3519853573098164,0.015833905671184662,0,1029,0
674D8274-555B-4237-BBE7-4A4DD6B87DED,6977,9,98.875,3,0.1569442453776695,153,8.004156514261144,210,189,472.0,159.43087358086603,482.9102,0.0,37.77179787624917,0.10462949691844634,198.3643,6.93317994922657,0.18133111364842225,0,1029,0
40BD559B-B854-4802-AAB1-3084DCB120F9,12716,14,61.46153846153846,2,0.05740798993394149,531,15.241821327461466,263,41,100.0,26.510105769063376,235.4852,0.0,8.683710937119807,0.14351997483485374,36.6,-3.0094190309460913,-0.12448681942286446,0,1029,0
E10E0B59-BAC2-49E7-A361-9292C7DF3965,334,1,0.0,0,0.0,0,0.0,-1,241,473.0,72.93802345791389,750.047,0.0,42.08978850084419,4.37125748502994,128.60085,-1.6957750800589508,0.37795276130672795,0,379,0
0F938D37-20F0-41B2-8539-C48E24236A39,12716,9,91.0,0,0.0,0,0.0,-1,240,800.0,287.1199051764921,456.4819,0.0,68.08614264739276,0.0,370.7886,-1.5986616116773575,0.12205655622752493,0,1029,0
DD62E7B5-6E77-446E-BD93-B8D728F05646,10238,8,94.57142857142857,5,0.17825747216253174,59,2.1034381715178747,524,34,407.0,174.98995814945224,347.0,-16.82,51.378438223522565,0.0,240.0,-17.457936544513956,-0.04742109222461777,0,1029,0
EB075F9B-63E3-4157-9EB2-E559CBF7AE9E,3208,2,780.0,0,0.0,0,0.0,-1,230,226.0,36.40477996122784,113.1586,-32.85494,17.501857484378995,0.0,60.570772,-10.89601965081117,-0.1559147997808108,0,1029,0
0E8744D7-AFE5-4969-BC9E-C8CF208F4C3E,5954,6,121.0,1,0.06130332549546524,42,2.57473967080954,167,194,489.0,97.11940374527089,244.2205,-0.4180517,30.077904240378334,0.0,135.9305,-4.103829045425215,-0.27923404839599303,0,1029,0
B0812993-F37E-4499-A0CF-346635825E82,1059,4,239.0,5,1.7233238904627006,140,48.25306893295562,486,218,887.0,188.74019248093833,637.2681,0.0,77.28356899430526,0.0,281.1584,-31.35280487600005,0.24968547477726458,0,1029,0
F885761E-B4E9-4892-966C-BF14A6414F79,6947,8,89.85714285714286,3,0.15762199510580105,69,3.625305887433424,202,212,490.0,87.16228275153175,251.4025,-23.54589,37.37544198487184,0.0,135.19098,-8.58252732576014,0.32146172350101204,0,1029,0
E46E07CE-14C5-488C-A7DA-B4961E2EE29C,12716,7,144.5,2,0.05740798993394149,47,1.349087763447625,322,142,403.0,43.179823359262535,197.3,0.0,26.56200061426469,0.0,79.7,1.93865657900907,0.2727773261902163,0,1029,0
853B2A98-BB89-4CF7-ACA6-783BAAA2BFD0,2612,2,1.0,1,0.139739663093415,277,38.70788667687596,801,208,301.0,102.66982950948518,592.7252,0.0,19.223025047378915,0.698698315467075,128.89748,12.156795459650624,-0.0010691526332675466,0,1029,0
938B7EB9-30F7-4CC5-916A-3522AEB20D24,12716,5,202.25,0,0.0,0,0.0,-1,208,693.0,141.80655833508126,339.4254,-0.214293,51.10237995480757,0.0,223.92293999999998,-38.958083671501,-0.37209181123766955,0,1029,0
62350768-56A6-45AA-84FE-ACDA16D3E757,12716,8,93.57142857142857,1,0.028703994966970747,22,0.6314878892733564,809,151,452.0,170.34547694756264,326.0,0.0,52.78667111657852,0.0,234.0,-14.673640527809567,-0.06756521152604017,0,1029,0
65A025C1-444F-4856-870C-D631C3C1A59A,3765,4,186.66666666666666,1,0.09694555112881806,55,5.332005312084993,628,208,452.0,106.3935930230817,297.67,-0.5719568,42.58466500335717,0.0,159.41446,-14.671698273467513,-0.20198851143640797,0,1029,0
6596D8C1-F67C-49FC-BD69-46FCC509FF94,2718,7,37.5,4,0.5371596762325239,112,15.040470934510669,183,56,1181.0,314.19506912534297,674.7599,-4.882999e-06,89.70876221835711,0.0,430.224,1.9103945003371336,0.2581500667761334,0,1029,0
E10F250B-888B-4DD7-BDEC-6862BD43F761,12716,6,113.6,0,0.0,0,0.0,-1,122,706.0,215.20220956264544,668.6909,-0.04,88.51824965640817,0.0,309.6313,38.843599818527395,0.18310050955055313,0,1029,1
CEE998A4-39A9-42D6-81E7-4FA37CF7086C,966,4,223.0,4,1.5113871635610765,272,102.77432712215321,324,146,301.0,119.8663316370501,244.0679,0.0,22.382277202120036,0.0,144.00984,-9.170878018222922,0.18409796571583234,0,974,0
0352433F-3BB4-44E3-8CF2-999700F5D7CF,2700,3,274.5,5,0.6759259259259259,527,71.24259259259259,382,201,166.0,41.64156074171943,106.7666,-10.78819,10.672561754800327,0.0,56.15134,0.9276702513361244,0.07855013708193086,0,1029,0
819430A9-5491-4BF8-9511-91228BB1B29F,8387,5,202.25,1,0.04351973291999523,304,13.22999880767855,801,55,284.0,30.7057616639521,238.251,0.0,53.16267909265213,0.0,123.4413,36.97040172030714,-0.8668635775062404,0,1029,1
D6471B2A-9253-4B30-95B0-32699A51325F,12716,3,94.5,4,0.11481597986788299,6284,180.37590437244415,137,199,1370.0,433.29837267769165,871.63,0.0,125.90072507911238,0.0,609.36,-72.78281249250642,1.3399935017123121,0,1029,0
DB06597D-4FC8-4EA8-976B-6780A98A79E6,859,2,0.0,0,0.0,0,0.0,-1,197,250.0,23.02686888111471,82.2095,-6.962652,13.160953074247201,0.0,38.546473999999996,0.09594270329887067,0.015863908563792863,0,1029,0
86C3E933-98B8-4ADA-827E-279C1C5EF633,2239,3,237.5,2,0.3260384100044663,268,43.689146940598484,10,198,452.0,63.873524502414895,231.0,0.0,30.57223546536735,0.0,107.0,-12.12884857648897,-0.14505214406905603,0,1029,0
50268015-DCBB-415F-B4B4-946B81D7272D,3215,3,0.5,0,0.0,0,0.0,-1,197,417.0,38.27057586387505,284.6,0.0,27.469213790848272,0.0,75.2,2.0781664200755614,0.27743526292680876,0,1029,0
1ED97052-3D8C-4DFA-8C03-0BD915897D56,859,2,0.0,0,0.0,0,0.0,-1,197,250.0,23.039002511830343,168.0,0.0,13.270891540416661,0.0,38.601155999999996,0.12310864665731103,0.015700828617023186,0,1029,0
983FA7B4-487F-44D5-9898-82D148985D61,12716,6,165.8,2,0.05740798993394149,67,1.92316766278704,19,40,399.0,152.56995009511988,334.9197,0.0,41.97862810851355,0.0,194.70218,-5.1275939142093705,-0.010318360776432691,0,1029,0
B91B5C6C-6661-443C-9A47-A42052D4C8DF,12716,9,95.75,2,0.05740798993394149,130,3.731519345706197,55,97,251.0,108.00744497083807,199.7,0.0,26.96786115491158,0.0,143.6,-13.978756699233145,-0.044423419901042906,0,1029,0
3F087177-A702-4FFD-8DDA-90CAFEBE3427,12716,13,16.25,6,0.17222396980182447,41,1.1768637936458006,50,42,236.0,102.36044635179061,226.7761,0.0,22.68999369421692,0.0,130.3711,-0.6693497653708675,0.067119197069272,0,1029,0
E5BDAC79-F720-49E4-911E-AD54290DBA2E,312,5,32.25,11,12.868589743589743,1196,1399.1666666666665,49,130,151.0,21.279054900145272,72.591,0.0,14.51084358698627,0.0,36.509,9.25529394244732,0.043371134925180126,0,436,0
C02A2364-7C86-49B5-94A7-1314E72DF8B5,12716,8,139.57142857142858,1,0.028703994966970747,33,0.9472318339100346,18,18,377.0,141.6839425230626,354.35,0.0,33.111985360190914,0.0,168.4753,-47.18303811488359,-1.4825622510033725,0,1029,0
58B83194-807D-4677-9C88-F8300C24D2CF,4862,6,150.4,6,0.45043192102015633,460,34.53311394487865,197,60,301.0,67.14447608490812,179.6577,0.01739342,11.050728815343469,0.0,81.37044799999998,9.186698129798671,0.13598144275117555,0,1029,0
E4E31BBF-8D77-4DDB-A964-B07912693386,12716,8,38.0,4,0.11481597986788299,385,11.051038062283737,145,12,800.0,293.78251239928494,535.5622,0.0,68.08373385096377,0.0,378.74354,-13.77674100206275,0.27531447238430967,0,1029,0
324AFB1D-3068-4650-930D-2DC56B95C98B,8461,7,92.66666666666667,1,0.043139108852381515,58,2.502068313438128,391,184,256.0,76.52135317464744,534.6613,0.0,47.954131169619494,0.2588346531142891,144.51276,14.986536595584042,0.8645123333351264,0,1029,0
0959092E-7BF9-4CAB-8090-CDF2B9569A6E,1729,1,0.0,0,0.0,0,0.0,-1,184,99999.0,66.49345611481883,302.715,-4.726318,82.09114754819454,0.0,215.5172,19.399331946060798,-0.48231032219265796,0,1029,0
23F740A0-66FE-4729-B02B-EDE286F0663D,12716,19,48.388888888888886,2,0.05740798993394149,58,1.6648317080843031,176,59,281.0,79.89701822663162,172.73,-1.996812,24.488603101857777,0.0,110.4,6.471000291886909,0.13863314858250872,0,1029,0
14A135B0-F3E4-4A4E-8FDF-BBD69D993931,12716,14,51.23076923076923,2,0.05740798993394149,27,0.7750078641082101,263,102,887.0,245.8132523169896,593.2,0.0,105.75963528366728,0.0,355.0,47.888059411405465,0.2580285631968298,0,1029,0
864540A9-190E-422C-ACFE-F9A9823DBA84,2576,3,341.0,1,0.14169254658385091,308,43.641304347826086,801,182,602.0,76.34762737718646,242.8182,0.01071729,41.131613557400264,0.0,144.32748,43.639856189943174,0.2599032224696338,0,1029,0
7A158859-C4BD-4450-B4B5-75650AFC04FB,4395,8,136.14285714285714,1,0.08304891922639362,449,37.28896473265074,801,4,1665.0,130.12383327274728,1553.569,-24.5,134.19930758034366,0.0,317.81697999999994,137.04373936247646,1.3023910758775636,0,1029,0
9E62F979-A179-4F88-86E7-38ACA676731D,3680,3,175.0,2,0.19836956521739132,198,19.638586956521742,770,180,301.0,98.91178082822519,232.2697,0.0,36.47698181705742,0.0,144.44207999999998,0.09353989384271699,0.23885900106234467,0,1029,0
0E07EAFD-5109-44B6-8A6B-C76AF6595D2E,2140,4,41.333333333333336,3,0.5116822429906541,248,42.299065420560744,201,146,301.0,89.81592799965533,189.6746,0.0,35.83961633077315,0.0,129.48254,6.916129049650223,0.07595059688355621,0,1029,0
B8E56FCB-06BD-4FED-A6CC-EE00F46BDF56,10287,8,17.571428571428573,5,0.17740837950811703,3677,130.46612229026928,146,108,407.0,178.56697439293896,354.0,0.0,53.10555395567723,0.0,244.0,-17.323070071951292,-0.11223487810581485,0,1029,0
18218745-2D63-4B41-8766-EA8B62385C69,12716,6,138.8,0,0.0,0,0.0,-1,120,489.0,80.10118331992945,234.3736,0.0,25.400004770585287,0.0,110.0,-7.1973252952380875,-0.09091474484740125,0,1029,0
5C9BE7A7-AA37-485B-909B-00F453F9CE90,4227,1,0.0,2,0.17269931393423232,790,68.21622900402177,738,172,312.0,25.938100266643236,188.0,-8.292095,28.078231878389335,0.0,75.0,-19.742616859282123,0.045568984910730345,0,1029,0
8705BB84-E115-4C31-BD92-8B4A77C586DC,12716,6,132.2,3,0.08611198490091224,1264,36.281849638251025,517,162,200.0,42.84439097906966,106.0,0.0,20.031178153748748,0.0,70.0,-8.202647151909161,0.09414782574891999,0,1029,0
02DE9555-030F-4CEB-9826-8027C8D8866F,12716,5,139.5,4,0.11481597986788299,458,13.146429694872602,801,82,259.0,112.88289801767286,954.9747,0.0,34.36416604131344,0.14351997483485374,154.116,12.161000292435176,0.17893490162623266,0,1029,0
39A3D048-F051-4059-A42B-7CF3509A5139,6699,5,199.25,1,0.05448574414091655,21,1.1442006269592475,349,162,223.0,32.67411612528179,145.1878,-2.8,16.964038347691265,0.0,54.8309,-10.52134204265834,-0.10726946533593873,0,1029,1
B86D9233-90F3-44E4-A9E8-78D2E0B1DC5A,5126,5,140.25,4,0.28482247366367536,226,16.09246976199766,279,159,490.0,128.061391084431,280.41,-81.1172,33.813604104104826,0.0,175.47,-8.428315467147044,0.07792723724454181,0,1029,0
822231DC-09F1-428B-A704-46FC74A68F2A,6900,5,167.0,0,0.0,0,0.0,-1,136,1270.0,322.9875913386701,719.12,-5.19811,111.32824410017228,0.0,459.31399999999996,48.147828414416324,0.3236325643766013,0,1029,0
38238D1F-2E54-4556-A09D-2389F9AEE16E,4813,5,173.0,0,0.0,0,0.0,-1,159,497.0,73.7311406349997,201.0,0.0,37.36096981653638,0.0,126.0,-10.767714709073779,-0.19689913706774684,0,1029,0
13833E7F-3713-4F53-85C4-5A6652F8065A,12716,5,159.0,1,0.028703994966970747,45,1.2916797735136836,802,128,452.0,57.243596739374325,205.2612,0.0,30.560371870299363,0.0,98.73047,-15.890520696534821,0.02906101922718695,0,1029,0
7A3ED9C6-E64E-4BA4-9BDC-8A012AB76DF8,4335,3,283.5,5,0.42099192618223763,230,19.36562860438293,301,152,452.0,167.1656747546746,355.5764,0.0,60.50429171326347,0.0,247.69753999999998,-63.92564531948942,-0.0354859135353804,0,1029,0
0DF7E048-E83E-4498-A720-482CCA458E66,12716,8,108.57142857142857,0,0.0,0,0.0,-1,139,266.0,120.46736732785014,194.0,-2.344,22.663834823508115,0.0,148.0,2.8665067053288737,0.20114376505147658,0,1029,0
0C85AD71-ABBB-43F0-A0A1-43436145C921,12716,11,90.1,2,0.05740798993394149,37,1.0620478137779177,709,30,259.0,86.83035528638142,170.1,0.0,20.95816450634186,0.0,110.64,-6.983553411381408,0.05869109855575922,0,1029,0
D06E1410-9C36-4BC3-85D0-4F18DDA1A6C2,3092,10,103.0,2,0.23609314359637776,470,55.48188874514877,559,12,831.0,221.9045521814323,994.752,-48.74616,60.526324109227566,0.5902328589909445,295.95806,-15.985892875876772,0.07716860877180765,0,1029,0
6443015B-EBB4-426A-BAFF-AFD88D559560,3972,1,0.0,0,0.0,0,0.0,-1,149,250.0,21.42479466425622,100.7812,0.0,14.683087537373769,0.0,44.612474,7.136818945774646,-0.08254848124417209,0,1029,0
4D2A2F97-7674-4BC5-832B-0C7D8D9BD081,8671,4,103.66666666666667,3,0.12628301233998385,290,12.207357859531774,409,93,314.0,63.32898905701948,236.0238,0.0,21.653420998133598,0.0,93.0,-10.468263748377503,-0.2073740813909968,0,1029,0
4E406B15-0671-40D0-BD75-9BEC1D8FB8BB,5276,3,431.5,0,0.0,0,0.0,-1,145,768.0,88.75970576876601,257.9,-6.858307,29.102153478314992,0.0,130.9,18.577277255925353,-0.26762433519467765,0,1029,0
792BCFB4-4F15-47BF-9D97-B18346DF05BB,2686,5,212.75,9,1.2230081906180195,319,43.34884586746091,480,127,301.0,80.63402757368198,187.521,-21.52786,23.80848475591058,0.0,109.15388,-13.504459359252962,-0.10913441813919787,0,1029,1
560FFDCD-48C9-499F-9FFD-8CC02E008B48,12716,8,123.85714285714286,2,0.05740798993394149,108,3.1000314564328404,28,22,800.0,294.5512366105956,841.8126,-63.92524,68.6478498944358,0.05740798993394149,379.53066,-4.523867268620279,-0.11899770030714085,0,1029,0
742017CE-7333-4270-958F-EB2F9006419C,10002,3,127.5,4,0.14597080583883223,102,3.722255548890222,147,77,491.0,65.42639593530991,288.1,-53.75211,28.19102376534842,0.0,104.7,22.92142813876417,0.20592049544289495,0,1029,1
9EB2677B-75FA-4C84-A833-11CE4A5BC09D,5276,3,280.0,1,0.06918119787717968,89,6.157126611068992,707,142,768.0,88.15916004652388,262.8,0.0,30.029753374571733,0.0,132.1,18.80962853372303,-0.27635944423877506,0,1029,0
17A853F8-A8CE-4A1D-AE94-32AF6BC42736,6389,2,63.0,1,0.05712944122710909,323,18.452809516356236,801,79,676.0,95.92651077473774,179.2297,0.0,24.08931489866609,0.0,129.776,31.981251322160418,0.10917749271822634,0,1029,0
0EC82B9E-A2C8-4F31-A054-D53BAC6B8620,2730,7,45.833333333333336,4,0.5347985347985348,549,73.4010989010989,337,140,1247.0,211.658307184798,1120.567,-27.28765,158.33635195320963,0.0,457.24913999999995,148.32568018325753,0.2724504405610296,0,1029,0
50000832-22FC-46AE-B154-E74A23D7E98F,12716,13,49.166666666666664,4,0.11481597986788299,267,7.663966656181189,205,115,256.0,99.54370611185111,191.0078,0.0,26.680783634877095,0.0,131.06933999999998,7.344950403580995,0.05953726733285718,0,1029,0
1FBF8807-07B1-4E64-B30B-C2D1E1877D3D,12716,5,31.0,0,0.0,0,0.0,-1,8,490.0,44.489145408232915,199.9512,0.0,35.097530940742104,0.0,90.82031,21.1893171249461,-0.14022502502659334,0,1029,0
76D18AE2-B110-46B9-BE7B-1E7B80244F9F,12716,7,56.333333333333336,0,0.0,0,0.0,-1,0,452.0,145.62024652591458,345.5612,0.0,19.613811642678538,0.0,165.4816,18.118966261122438,0.8313023699723957,0,1029,0
BB3CE716-58DB-4B32-970C-02A89E44791D,9063,3,283.0,1,0.04027364007503034,83,3.342712126227519,801,131,264.0,82.94430650078057,163.2,0.0,27.260670187374497,0.0,120.1,9.357020659713257,0.09710463797533785,0,1029,0
48EE7266-1BDE-47A4-82BF-CDD1F395B94F,7631,5,165.25,1,0.047831214781811036,322,15.401651159743155,801,100,103.0,10.38419291810186,35.45337,0.0,2.3974382507697256,0.0,13.560272,-0.3464929181018608,-1.11735371645282e-14,0,1029,0
197B52E6-8B04-4F65-A492-9B84CD190EC9,12716,6,8.6,1,0.028703994966970747,5,0.14351997483485374,46,110,1083.0,291.96555499538545,867.1875,0.0,131.61837782346493,0.0,444.7632,157.69553033949109,-4.775954820329392,0,1029,0
254F228D-C6F6-48B2-B7FC-DD75BF4E652C,5759,3,204.5,7,0.44365341205070324,3276,207.62979683972912,106,130,538.0,77.67548740725974,261.5904,0.0,39.138364411124705,0.0,130.0,7.620654568048906,0.6624567276252114,0,1029,0
32A76D07-F177-4B55-BD4B-878270ADF332,1317,4,76.33333333333333,0,0.0,0,0.0,-1,128,887.0,97.92756051935902,285.0,0.0,31.636391751928464,0.0,137.13505999999998,-2.62456166133434,-0.008104853578266201,0,1029,0
5BFA5E09-A362-42B7-BA96-472D41DC178D,12716,24,33.34782608695652,1,0.028703994966970747,28,0.8037118590751808,709,22,251.0,71.00877747474098,235.7483,0.0,29.637358373509947,0.0,105.9998,-5.922458743012598,0.25105261906685267,0,1029,0
CAFFBD2A-7BF0-4CC7-8871-DB1A6403BF51,9077,5,156.0,3,0.120634570893467,692,27.826374352759725,97,129,129.0,20.947980060452664,183.0408,0.0,4.340665219485616,0.120634570893467,26.54297,3.2073224665535065,0.04008022588920617,0,1029,0
4841D8B3-A9B2-4003-A5B5-DA09D70BE96C,12716,7,146.5,2,0.05740798993394149,446,12.801981755268953,516,129,377.0,161.27564582831573,605.0,0.0,42.43244909059453,0.05740798993394149,216.54999999999998,30.368179574462033,0.30206696955711454,0,1029,0
E1A8FA71-2D4E-4C7C-8B97-8BBD0C91DA38,2541,2,1.0,0,0.0,0,0.0,-1,128,301.0,70.83945505670184,122.4362,0.0,12.651681871496855,0.0,88.03172399999998,-8.200682990343815,0.12653901361502243,0,1029,0
30D3BFE8-F44A-4B29-9DC6-326B60A5615F,12716,15,35.285714285714285,4,0.11481597986788299,462,13.261245674740485,488,40,85.0,38.22207333819701,71.30127,0.0,8.766068172690709,0.0,49.46045,5.4241601988400205,0.09162340081842002,0,1029,1
92905D91-5F31-4F9F-86E5-BF755E08C9DE,4786,5,14.25,1,0.07626410363560385,434,33.09862097785207,801,125,693.0,59.32754163928444,168.75,-1.288032,31.97568379671764,0.0,101.25,-14.207750827556055,-0.3291678498169071,0,1029,0
D931B089-7749-4B86-B7B9-766ADA0C110B,312,13,11.5,2,2.3397435897435894,1385,1620.2724358974358,19,41,804.0,164.39550544009396,598.769,0.0,146.720735906658,0.0,347.29676,91.07509628953568,0.2692138581285749,0,514,0
39A868D5-CF3F-49E1-9798-927E95D83E24,10002,4,121.0,3,0.10947810437912417,169,6.167266546690661,386,116,157.0,40.14995260664851,70.92947,-58.54089,9.337916771785272,0.0,52.074605999999996,3.2562982469780266,0.07770813385616479,0,1029,0
C129B3A2-C318-4389-9EC5-F6DAFD5593FE,12716,9,46.875,3,0.08611198490091224,68,1.9518716577540107,706,52,1245.0,580.0550362580846,1092.41,-136.64,150.02782884956943,0.0,745.04,32.21366281598955,3.6216047991745826,0,1029,0
A1583F11-F115-4E6B-8407-9F2EE54C0B9F,12716,8,69.0,2,0.05740798993394149,48,1.3777917584145958,625,92,489.0,152.6487658641454,320.0,0.0,53.599219973886,0.0,221.0,-13.826929444392306,0.121843631815413,0,1029,0
28FD5180-AB14-4ED6-8F46-FBD6DF6BC65F,9180,4,7.0,2,0.07952069716775599,5932,235.85838779956427,726,117,346.0,72.03824163665547,887.392,0.0,40.54595552788257,0.19880174291938998,128.7,19.45660404328281,0.13645383744361111,0,1029,0
CEC5D20A-7411-4E20-BCF4-9E248A60837E,5795,4,187.66666666666666,4,0.25194132873166525,403,25.383088869715273,427,61,160.0,35.75351092864018,86.31833,0.0,16.78757921246305,0.0,59.97821,11.102743183944689,-0.03505499010971442,0,1029,0
6FDCC79E-AE91-4A12-B0E5-DBC66A0B3E0B,12716,7,17.166666666666668,2,0.05740798993394149,520,14.926077382824788,158,79,489.0,127.67412724294674,534.0536,0.0,49.072205261634494,0.028703994966970747,188.59959999999998,-23.84177278160415,0.25617007823253185,0,1029,1
B3AE58AF-D117-41E1-B509-AB12BD5D8F84,1674,10,56.888888888888886,1,0.2180406212664277,4,0.8721624850657108,585,111,1663.0,272.8840297053023,893.6599,0.09155414,92.26980425232124,0.0,376.5621,47.22412640580882,-0.24087707030620883,0,1029,0
8A9CF1CD-0742-4354-A6DB-E3BCD6310CD5,4801,9,105.375,3,0.22807748385752968,356,27.06519475109352,286,96,251.0,99.4099596870924,241.5,0.0,18.071377284409,0.0,121.5,-8.765399501907211,-0.013290649737365691,1,1029,0
991CF82D-9B61-487D-94EE-5A0FB7E9A4BC,1051,4,320.6666666666667,2,0.6945765937202664,439,152.45956232159847,120,23,888.0,116.43392861996254,413.2542,-40.0093,70.49041617589732,0.0,215.88458,7.181060829883137,0.6183666276133974,0,1029,0
79BE139F-AB21-4F01-AFBF-B966A7F65F35,12716,5,43.5,3,0.08611198490091224,113,3.243551431267694,158,78,452.0,126.91653491635974,2175.495,0.0,46.579235763453106,0.028703994966970747,186.4664,-25.657755011807282,0.2452917977946233,0,1029,0
CE8A429F-C0C8-442C-8ED8-62FA0BE76EEF,12716,8,101.85714285714286,1,0.028703994966970747,25,0.7175998741742686,31,52,803.0,246.63726038367275,801.5453,-586.98,121.7215030696448,0.0,388.5686799999998,79.79335615189109,0.794375199240789,0,1029,0
6A3BC26D-9625-4E3A-ACD7-46E7225FD9CB,7520,8,109.71428571428571,2,0.09707446808510638,561,27.22938829787234,683,86,208.0,43.103541488237234,118.5336,0.0,18.3676912388374,0.0,67.0,-7.248430654209457,0.16732726910081047,0,1029,0
7C97E11E-49F1-4C09-8FFE-9E5694BC59D7,8685,7,69.66666666666667,1,0.042026482440990214,11,0.46229130685089237,23,36,415.0,179.17499052753595,877.0,-6.2784,85.65243916637193,59.845710995970066,242.0,-3.90298863093102,-0.3306006496722992,11,1029,0
A183AE88-0CCD-43E3-9CFD-1C22EA5B9BFC,147,5,7.5,2,4.965986394557823,96,238.3673469387755,34,96,555.0,32.66095309958799,799.0777,0.0,31.084292683731416,4.965986394557823,77.14675799999999,5.342415301870346,-0.21728276895031207,0,183,0
F758E62E-6DE1-47DD-B4A9-8A8D43EA40F1,4310,7,88.33333333333333,5,0.4234338747099768,1028,87.05800464037122,156,78,452.0,131.82517900604864,2256.745,0.0,47.423582604884544,0.33874709976798145,193.0,-26.25302953938197,0.27455619781742524,0,1029,0
DC1037C6-DB13-4BB4-B5DF-ED9615D88208,7277,6,186.2,1,0.050158032156108284,16,0.8025285144977325,860,3,414.0,41.39753178383018,226.7578,-12.7,35.9658861444284,0.0,83.78905,-40.45065055543512,0.031061717238754186,0,1029,0
BFF392BC-577A-430C-96D3-5D0E2112E162,9251,6,87.6,0,0.0,0,0.0,-1,100,452.0,1.7080649565294963,128.9625,0.0,7.891774749923925,0.0,0.0,17.793265863130994,-0.28480442082266344,0,1029,0
054F99E1-BBE0-4652-BF4E-1D72094A40F4,5433,1,0.0,1,0.06718203570771213,41,2.7544634640161973,131,100,490.0,140.90965845810211,349.63,0.0,46.26640569857619,0.0,200.75,-6.1818268207564415,-0.15742168592272424,0,1029,0
0D2A5155-DBEC-439D-A275-E3705BD72AA8,12716,5,175.75,14,0.4018559295375904,3255,93.43150361748978,69,99,376.0,145.45418744938502,338.0,0.0,48.13738389899838,0.0,212.0,-14.13590041234798,0.029515475161416727,0,1029,1
15238378-C75A-4456-A293-8EACB714B279,9736,4,227.0,2,0.07497945768282661,11,0.4123870172555464,222,96,151.0,21.129568766804493,43.0,0.0,5.505228653869856,0.0,28.0,-1.2911428408785675,0.010014382205375587,0,1029,0
E6946B30-E217-4772-A8F2-EDDF48594007,313,6,76.6,5,5.830670926517572,145,169.08945686900958,287,69,226.0,45.738800386591,127.0,-89.3,16.481985897171533,0.0,67.0,-5.362180016220634,-0.026161380234453958,0,1029,0
A9CF3A2C-161B-4512-8A8C-CF3B45C25843,12716,6,111.4,1,0.028703994966970747,202,5.7982069833280905,801,96,741.0,249.82462641297047,396.7578,0.0,36.63678741408199,0.0,292.23503999999997,4.521663548449311,0.06655215985145525,0,1029,1
452330AD-2F39-4C09-B014-3E21FDCF4046,254,7,33.166666666666664,0,0.0,0,0.0,-1,44,472.0,51.83391606577771,999.1739,0.0,73.38210822981402,4.3110236220472435,158.67450000000002,-19.12289030182709,-0.04463060126503861,0,352,0
6D8E26F6-EF80-49A0-A334-86A9CC07606B,12716,4,23.666666666666668,1,0.028703994966970747,16,0.45926391947153195,1013,92,276.0,55.766241365987405,138.1836,0.0,17.612568233822397,0.0,76.26953,-8.236182741681851,-0.07099522823804573,0,1029,0
373BE085-2525-463A-856A-036D6A1FCD2B,9578,4,35.333333333333336,1,0.03810816454374608,91,3.4678429734808933,418,93,271.0,25.721346207951775,77.65625,-53.40542,17.397578547176074,0.0,46.78516,5.07591088464082,0.10783422204613435,0,1029,0
99CD5C44-DBCF-4F5D-8CA3-FDD9508FC4FE,2875,10,50.888888888888886,1,0.12695652173913044,75,9.521739130434783,188,56,452.0,153.3208647769773,353.7225,0.0,61.49498403517885,0.0,232.11977999999996,8.276862515152317,0.316811918246166,0,1029,0
98BAFF66-96A5-46FD-AEEB-947E869F99D9,5084,2,0.0,1,0.07179386309992132,7,0.5025570416994493,49,89,1039.0,163.00910348284418,628.5,0.0,79.9516933372122,0.0,271.7,-59.0675294087701,-0.3599069615362898,0,1029,0
0E1EFDA6-4CFD-43ED-941E-2236A69EE917,6444,16,45.733333333333334,3,0.16992551210428306,305,17.275760397268776,659,12,259.0,90.17276648201289,183.75,-8.205465,16.448374171396907,0.0,111.0,7.91097194391304,0.13792747904396235,0,1029,0
6CD33829-8A6C-4778-8BD6-E3606033983A,6606,3,232.5,2,0.11050560096881623,1454,80.3375719043294,23,87,377.0,178.2548400741652,378.556,-7.799988,53.74010700729198,0.055252800484408116,244.2448,-47.01171397694296,1.6426436492742043,1,1029,0
2BD05842-C822-4B32-90E6-AE4E4ED497B5,12716,11,86.5,4,0.11481597986788299,125,3.5879993708713434,86,70,377.0,128.0110839835639,284.9854,0.0,27.988544044900276,0.0,151.9135,-17.718759651850945,0.3250843151874843,0,1029,0
92D1B331-43BB-4AB4-8533-685FDCE75A8A,7028,2,1.0,0,0.0,0,0.0,-1,82,497.0,90.99940162333493,313.53,0.06,55.17117333172512,0.0,173.55399999999995,-22.15929128382875,0.45550384764003704,0,1029,0
76E43C8C-544B-439F-AF27-2FC492938676,5302,8,40.0,7,0.48189362504715205,97,6.677668804224821,202,3,301.0,98.32919905255405,240.8846,0.008972168,17.142039068340523,0.0,124.1691,15.475160765233312,-0.04278385777094933,0,1029,0
E1CB2A4B-6019-49F5-8AC3-700EE7461768,12716,7,124.66666666666667,6,0.17222396980182447,274,7.864894620949984,110,80,693.0,226.94496948643953,394.6,0.0,27.445148348230646,0.0,258.3,-20.96075652347659,0.12958921540362742,0,1029,0
1AC1C574-BD15-4F62-9C7C-BAFE4220F780,12716,11,51.1,0,0.0,0,0.0,-1,43,706.0,222.60246304725106,1998.465,0.0,88.19085420751385,0.11481597986788299,317.3676,-78.04571825615542,4.2485933566877705,0,1029,1
DF7F18E3-8854-40DA-BBC7-FD0BBFB79A1C,4767,3,426.0,3,0.22970421648835745,426,32.61799874134676,53,77,259.0,66.84477132948746,233.1762,0.01313791,20.33649232427514,0.0,94.27618999999999,-16.274500727871718,0.09879582140297959,0,1029,1
D575E2B8-849E-44B4-ADE1-B032BB48C657,8041,4,249.0,2,0.09078472826762841,619,28.097873398830995,424,68,375.0,138.78817177287604,403.34,0.0,46.53636861693123,0.13617709240144263,195.24,-23.638082057046944,0.0017250955816775664,0,1029,0
274A3B8D-5C78-41A0-87DE-1A828ED02C48,674,4,234.66666666666666,4,2.166172106824926,32852,17790.771513353116,73,74,497.0,41.96684371123291,226.0,0.0,34.22146739347615,0.0,91.0,13.054143943088079,1.1250030868008352,0,1029,0
66D9C403-3113-485F-BFE7-C5B5AFCB1D83,8302,12,77.18181818181819,1,0.0439653095639605,528,23.21368344977114,1025,71,739.0,89.25686560111376,443.7591,-50.1,57.69558656074818,0.0,172.52064,-18.66903599540389,-1.060028186562355,0,1029,0
BBB6A57C-8FCC-4797-A32B-C607596EE51F,10034,8,131.42857142857142,3,0.1091289615307953,38935,1416.3120390671716,125,70,489.0,120.86890214439707,350.0,-307.0938,40.41633271754105,0.0,170.0,0.16065032473873941,0.4502555756768241,0,1029,0
8CA5C88C-E442-4CAB-9163-07A7295021A4,4106,2,433.0,1,0.08889430102289334,25,2.2223575255723333,142,65,452.0,144.84966924584538,431.1371,0.0,34.10839254680023,0.0,187.0,-11.852524184116987,0.08638726546017224,0,1029,0
20EE3B08-3F70-4CDC-B7CD-B4B6D7EFC497,3989,4,316.3333333333333,1,0.09150162948107296,13,1.1895211832539485,23,49,452.0,183.79819298580085,387.2,0.0,52.56814839857588,0.0,250.0,-38.758700583794706,0.08579974947111005,0,1029,0
80F74B56-E49B-456A-AA72-EE7EF373FAB1,5626,4,32.333333333333336,7,0.4541414859580519,528,34.255243512264485,2,61,402.0,117.93137307642921,221.48,0.0,25.517403166340596,0.0,150.0,8.094089886533752,0.10709083883229067,0,1029,1
8D4FE0DC-9C23-4AAF-B28D-2C90851B134F,6946,4,233.66666666666666,5,0.2627411459832998,300,15.764468758997985,60,61,734.0,151.81193337199852,355.0,0.0,45.66717260737181,0.0,208.0,-1.5636884460726037,0.3123692747994561,0,1029,0
DB3C99CD-9393-4AAD-B2A4-05740DFA76D1,-51,10,87.33333333333333,1,0.0,652,0.0,253,60,452.0,85.9658842850095,201.0,0.0,23.98977049630352,0.0,118.0,-12.404773173898377,-0.20103853699367694,0,1029,0
FF0AA7C0-6553-4E3E-B265-B1FD2B36C206,12716,6,26.2,1,0.028703994966970747,168,4.8222711544510855,801,58,251.0,98.92750186380653,208.2036,-11.07723,32.18403170026939,0.0,139.96614,-13.331041673885082,0.15207369675212773,0,1029,0
14D19538-77CD-4509-8593-134C1D663F49,5920,8,105.0,0,0.0,0,0.0,-1,56,489.0,104.89871937580001,295.1255,0.0,41.81811409479606,0.0,161.33381999999997,-22.212282844781484,0.23747287535251027,0,1029,0
F3C72DA8-746F-4BFA-AF0B-CDB4AFEFD28D,12716,3,341.5,0,0.0,0,0.0,-1,55,312.0,55.81819256996492,136.0,-1.9,20.021302530779295,0.0,82.0,-20.47860923663159,-0.04917942544350602,0,1029,0
BF1E6491-B741-4888-90A8-7135C7A10D42,4496,4,303.3333333333333,4,0.3247330960854093,670,54.392793594306056,15,54,225.0,29.439165730752872,69.58008,-0.202634,6.079058313940771,0.0,36.9873,2.378531886453917,0.030509192011616254,0,1029,0
377D8035-8E88-4BC1-88E2-385158BC0C17,2427,2,47.0,0,0.0,0,0.0,-1,1,302.0,48.26536687455879,1041.261,0.0,21.434621016374685,0.1503914297486609,72.062968,-6.992682329223911,-0.32699313068509844,0,1029,0
0B604511-D550-455C-A815-9F752D51C59E,782,4,44.0,4,1.8670076726342713,231,107.81969309462916,204,13,451.0,195.3600390371316,298.0,0.0,36.83148579237849,0.0,242.0,12.034868370275802,-0.18416665523427914,0,485,0
E4F52558-59FE-4BF5-8B4B-4149F3599B93,12716,6,35.2,3,0.08611198490091224,939,26.95305127398553,18,44,1039.0,134.5222709711625,492.7368,0.0,79.10394044040494,0.0,245.5444,-8.533628280576067,-0.6343475808097374,0,1029,0
E7C975C1-526E-4E0E-94D3-6A9ACC47F556,12716,2,0.0,5,0.14351997483485374,260,7.463038691412394,51,46,450.0,103.31164202423513,363.0,-10.35292,43.22502389270842,0.0,160.5,-12.22761424645735,0.11366629625048542,0,1029,0
7C9FD8ED-0444-44C5-BE90-4A54401B42F9,3706,4,57.0,4,0.3939557474365893,383,37.72126281705343,197,13,301.0,66.85465108666122,129.3803,0.0,10.813002282674583,0.0,81.125038,6.579669107011625,0.029377100571904378,0,1029,0
2189AC8E-3FEC-4A31-A660-EB794CA97567,7005,8,141.57142857142858,3,0.15631691648822268,371,19.331192005710204,337,0,763.0,221.97340694044956,462.7991,0.0,90.74453422924064,0.0,321.167,-94.64028849261778,-4.1785662854011365,0,1029,1
B0F7390C-6116-4937-8C35-D8F887A7EF90,12716,1,0.0,2,0.05740798993394149,279,8.008414595784838,386,42,261.0,49.025386600471045,125.9868,-106.941,11.315266234182207,0.0,63.677438,4.9556571762496375,0.04097600789275686,0,1029,0
F84DCB9B-F130-4277-A5D2-0A9807D3463D,12716,4,262.0,2,0.05740798993394149,40,1.14815979867883,625,41,452.0,150.65645684510736,318.0,0.0,52.830701143596556,0.0,218.0,-18.62628709202093,0.1372343064757581,0,1029,0
FFFDB39B-D066-4224-9848-6D9ACF52BE69,2120,3,84.5,2,0.3443396226415094,257,44.24764150943396,800,40,301.2,44.27072335264619,319.9724,0.01071342,12.957064136684611,0.8608490566037735,61.003488,6.082371159433286,0.025274921704561772,0,1029,0
877E4C2A-402B-4EB8-B31A-4B22E138185C,1935,7,150.0,2,0.3772609819121447,37,6.979328165374676,809,40,301.0,73.11212332677555,262.0239,0.0,40.11219231427359,0.0,130.26836,46.44559795794669,0.9297984497496651,0,1029,0
41A1D1DA-43DD-449B-A2DE-37FC4BF6B391,12716,5,68.5,7,0.2009279647687952,856,24.570619691726957,427,40,264.0,112.49258679838073,265.7938,0.0,23.15139633395417,0.028703994966970747,142.73095999999998,0.5152206416655787,-0.06560029123136686,0,1029,0
EB21CB81-C854-433D-A187-77C1504AF8F9,4998,5,174.25,0,0.0,0,0.0,-1,35,259.0,130.72313763223556,243.8835,0.0,36.519748907177025,0.0,180.7617,-19.90643410708124,0.2559437702565199,0,1029,0
D25583F6-FEC0-4046-B2BD-EDC9B903B6C2,4410,8,116.85714285714286,4,0.3310657596371882,735,60.833333333333336,168,17,181.0,58.28569184986612,182.2769,0.0,25.80220398181753,0.3310657596371882,88.74207,-44.71852602975501,-0.02598644587906893,0,1029,0
42918901-CC0A-4828-BAFD-BB861E440C5D,12716,4,301.3333333333333,2,0.05740798993394149,182,5.224127083988676,801,30,266.0,113.06138328140734,268.4,-39.4,23.163922284933683,0.028703994966970747,142.3,-0.7540838986912917,0.11739163042523536,0,1029,0
123DA990-7674-4A6B-9D4F-61A9223F8AF1,12716,6,116.8,4,0.11481597986788299,39,1.1194558037118592,443,13,266.0,119.54602536302012,194.4,-3.04,21.40709465397085,0.0,145.92,-0.10120966548926447,0.12284470060421686,0,1029,0
7EE736BE-2EFD-402E-BB49-4A8EFD89B1AE,4401,3,59.0,3,0.24880708929788686,78,6.468984321745058,160,33,193.0,24.31011113038718,534.52,0.0,9.996794459784939,0.1658713928652579,35.21243,-1.2904874529180432,0.08977126108845633,0,1029,0
4129116B-40CE-4E4F-AD47-C6FC5815983B,357,4,93.0,6,6.1344537815126055,781,798.501400560224,228,33,226.0,50.756989129176176,109.2983,0.0,15.24282441743124,0.0,70.604372,-1.8831876129724705,0.19286019879965327,0,345,0
69B934B9-23D6-4AE0-9FFF-FCEEC30B599D,12716,8,99.0,7,0.2009279647687952,962,27.613243158225856,104,33,256.0,4.574034327838896,445.0,0.0,18.783480132032025,0.17222396980182447,0.0,-4.574034327838896,0.0,0,1029,0
9D5E0888-AED0-4421-A5AB-7A8439AAAEA3,5050,2,1.0,4,0.28910891089108914,330,23.851485148514854,131,33,391.0,146.47869976251462,278.5,-604.0,43.997034519104865,0.0,213.0,-24.233290811897334,0.24535427899180648,0,1029,0
4DE3157C-A45C-4533-ADE6-753F54E1D0D1,8951,6,179.8,0,0.0,0,0.0,-1,3,820.0,124.78822574857908,436.0,0.0,73.57489977355509,0.0,229.0,-41.475262785616124,0.13236865090790417,0,1029,0
511322E9-E726-47A3-B34A-2FE59DE46B4A,12716,4,296.3333333333333,2,0.05740798993394149,71,2.0379836426549227,801,29,266.0,116.22859442201977,283.4,-6.466375,23.97919455939714,0.028703994966970747,146.5,-1.0895434960938388,0.11015232218873265,0,1029,0
D980B5F9-43F2-4558-84B7-2BEBFA474220,9558,4,250.33333333333334,2,0.07637581083908768,284,10.84536513915045,169,29,271.0,96.06119489160217,209.0926,0.0,16.42739295038305,0.0,115.16512,-0.41530993249722314,-0.00984935770600469,0,1029,1
F2678BD3-6AE1-4216-A103-B84BBD8D527F,12716,12,28.727272727272727,0,0.0,0,0.0,-1,8,788.0,85.11486649050124,452.01,0.0,64.82089264169407,0.0,173.86,-7.0757816139580285,-1.397088476858278,0,1029,0
7408DC56-68AB-4F1B-AAE4-7BCED4AFE0EB,3616,5,240.0,2,0.20188053097345132,577,58.242533185840706,801,29,151.0,39.28654700034467,276.0,0.0,13.752300502051291,0.5047013274336283,56.25,3.020069512001008,0.07028352551522915,0,1029,0
26C1600C-6E36-4699-9514-8F4F8B7B5F1C,7614,4,321.3333333333333,3,0.14381402679275018,798,38.25453112687155,166,26,228.0,51.27858802819548,209.0,0.0,18.56032641285801,0.0,75.0,-2.7141744477942495,-0.03162754432342607,0,1029,0
87B0FC7B-CFC3-4BED-B4D6-B9A86E4C0C34,4712,7,145.16666666666666,2,0.15492359932088287,61,4.725169779286928,10,26,226.0,22.202244341190944,205.8016,0.0,12.39836074217153,0.0,38.8,2.795872952481897,0.025870157716864888,0,1029,0
84A3DB08-E6EA-4D2B-A671-02A8B2D6C633,12716,5,135.75,2,0.05740798993394149,97,2.7842875117961623,724,18,473.0,98.8701046378787,248.0164,0.0,33.485602753584004,0.0,140.9454,-20.22654960061017,-0.8675597929173325,0,1029,0
1EC7AB52-FDE2-44DF-B256-0AF19450EE57,2621,2,0.0,1,0.13925982449446775,61,8.494849294162533,583,17,803.0,130.75516207721998,382.8577,0.0,41.55344181423627,0.0,181.137,-1.8640484421891017,0.16736215027163473,0,1029,0
AA75FA33-9E52-47D9-8FEE-A5BC69C0712E,6746,6,179.6,3,0.162318410910169,93,5.031870738215239,37,16,223.0,33.37557284428513,148.5255,0.0,17.297209631029656,0.0,55.985062,-11.035619539938065,-0.11449847076724932,0,1029,1
D9EEC8F0-5C25-4E15-857F-5A3C7DB717F9,5437,2,0.0,2,0.13426521979032555,155,10.40555453375023,200,12,804.0,138.6379191511621,446.7563,0.0,44.18893808611648,0.0,188.05987999999996,-4.516819709804054,0.1488297231824354,0,1029,0
F1ACDD45-7F87-4CDC-A972-21CBC8A9065D,2232,4,263.3333333333333,9,1.4717741935483872,588,96.15591397849462,376,5,208.0,39.14643295447357,464.8922,0.0,21.776097882107955,8.994175627240145,70.46022,19.403693073844337,-0.04049255448546508,0,1029,0
D30FEB9F-EE6F-4D1D-A866-3F9C49A8C632,2097,5,175.5,2,0.3481163567000477,52,9.05102527420124,617,12,452.4,132.6038453364019,399.3103,-35.19893,43.79520090842141,0.0,190.19279999999998,-26.81480083623987,0.13118873929844474,0,1029,0
B69589E2-6807-418A-B60E-EB9DF2CF9414,4520,3,153.5,0,0.0,0,0.0,-1,12,301.0,101.53463490499975,209.3423,0.6445879,25.883088601090932,0.0,132.60098,-19.707116692661785,0.06181271961147222,0,1029,1
807F912E-403C-4C70-8A4E-842A99653258,4869,2,1.0,4,0.29985623331279526,335,25.1129595399466,427,12,264.0,110.99907043567823,524.5007,0.0,22.56355884795922,0.37482029164099406,140.53142,0.7291884586118869,-0.08796073304271418,0,1029,0
11ED973B-5F01-4B0B-813A-97DA58168C83,7205,2,697.0,0,0.0,0,0.0,-1,10,450.0,111.22950157805455,205.66,0.0,24.161764653029522,0.0,142.05399999999995,23.436824810834352,-0.10817512850251008,0,1029,0
5274FE5A-D854-4898-BCA6-251B934FF370,1881,1,0.0,1,0.19404572036150983,235,45.60074428495481,11,7,708.0,103.51306104569939,238.0501,0.0,33.923741451333065,0.0,147.4961,5.112595487479638,-0.163522233782404,0,1029,0
75C1D0C1-B81B-4D77-92A1-CB0AB19F2E10,12716,8,29.714285714285715,1,0.028703994966970747,28,0.8037118590751808,266,2,306.0,104.43306743090012,464.0,0.0,39.01201939586052,0.14351997483485374,155.4688,-27.36685685196494,0.011633086061019485,0,1029,0
C9DA295C-FDC8-494F-8CD0-864EBF9A2BFE,12716,2,1.0,4,0.11481597986788299,65,1.8657596728530985,0,1,792.0,223.0945979171031,597.37,0.01,56.67953420491654,0.0,301.52399999999994,-52.168023843029005,0.3009130070926324,0,1029,1
A3568790-8909-4A14-BC34-BE2796EBAAC2,1250,1,0.0,0,0.0,0,0.0,-1,0,452.0,42.92927336134544,513.7,0.0,26.169352581080084,1.46,80.543168,-15.324977047502841,0.17121918423709542,0,1029,0
8E9F1020-6887-47D2-897C-C8C8FB015B90,12716,3,125.5,1,0.028703994966970747,121,3.47318339100346,55,691,151.0,8.74969080943724,52.8,0.0,2.683624925972883,0.0,11.0,0.27862709179732725,-0.02371617666562473,0,1029,0
59210FF9-D5FE-4EEF-B238-D10ACCA19706,3410,3,183.0,4,0.42815249266862176,527,56.409090909090914,67,338,301.0,56.703376628768574,148.7008,0.0,17.118451317249235,0.0,79.050674,7.716780019688223,0.0980666074834909,0,1029,0
D85F6C68-413B-4541-B487-97D96FBD9BF0,4810,2,112.0,1,0.07588357588357589,329,24.965696465696464,801,509,675.0,95.32870337199509,352.6052,0.0,24.756307046538783,0.0,129.596,32.673684018437,0.09608090944229268,0,1029,0
607B267C-54D0-4206-9517-FE3935888926,6339,5,191.75,0,0.0,0,0.0,-1,3,489.0,80.24934374495665,229.0,0.0,23.54692344033071,0.0,109.0,-12.224729547425781,-0.3283249989711438,0,1029,0
45D920F7-00C9-4288-B627-F1B234B33629,6415,6,62.0,0,0.0,0,0.0,-1,345,181.0,61.35473441247034,185.2539,-127.0965,22.894657675268906,0.39828526890101323,89.55078,-11.413211040556753,0.28720229303454003,0,1029,1
86A0511C-438D-4C45-93B4-5CA8959ACC25,2497,0,0.0,5,0.7308770524629555,65,9.501401682018422,406,0,452.0,79.63913729693378,202.2754,0.0,29.120633189803996,0.0,115.29429999999999,-8.078691244047988,-0.22936711261383252,0,1029,0
222B2D58-B4E6-4608-A993-EE22E726CC11,12716,3,74.0,2,0.05740798993394149,194,5.568575023592325,386,705,78.0,12.567462048167494,187.4019,-96.26875,2.506565065877767,0.14351997483485374,15.49807,1.5286717869328168,0.018996409150151054,0,1029,1
068B377A-FD3C-4F29-9C9A-92AC88378806,4169,5,111.25,1,0.08755097145598466,364,31.868553609978413,801,93,832.0,194.436410698399,390.0,0.0,44.72729283543379,0.0,250.0,-9.109327365065667,0.027401702541977473,0,1029,0
0F0728DC-114B-4FA9-947E-6DE866090D6D,3495,1,0.0,1,0.10443490701001432,37,3.8640915593705296,731,224,451.0,179.11220355791542,366.5321,-15.44369,58.542488749896435,0.0,248.72482,21.185992367701857,2.1143490962106783,0,1029,1
F23D9E97-D7AD-48C5-848E-EB3BE56A2D84,9777,3,122.0,10,0.37332515086427326,1361,50.80955303262759,3,710,450.0,96.72258699574904,344.45,0.0,47.616490794063694,0.0,153.32,-1.0960507303169322,0.10143235047299344,0,1029,1
F230D24D-7437-46E8-97E4-1683B8C7725F,6965,8,56.57142857142857,1,0.05240488155061019,403,21.119167264895907,429,284,452.0,111.63446574411861,251.2848,0.0,24.7888412405029,0.0,141.5863,-18.11817936989023,0.6605803248874416,0,1029,0
DD781548-7E94-4620-ABAF-F126BA57E2A3,12716,1,0.0,0,0.0,0,0.0,-1,94,1370.0,318.3683338176756,850.39,0.0,129.11306367730168,0.0,494.11,-65.83875434236694,-0.04816744922808393,0,1029,0
B9DAFA34-ACAD-45A2-9EA9-FA166E912DA2,-17,0,0.0,0,0.0,0,0.0,-1,0,1039.0,0.02949969370492387,101.2645,0.0,1.3970080032174081,0.0,0.0,0.0,0.0007647476075751205,0,79,0
0D36B8DE-6935-4684-825C-8EEF2AFB468D,9795,5,240.25,2,0.074527820316488,1637,61.00102092904543,241,4,150.999,55.31789099093839,259.5215,0.0,23.07952374223349,0.9315977539561,83.27637,-9.813485699913699,0.14806392327058884,1,1029,0
7338441F-16FE-4E26-83E1-567455692E6F,3615,1,0.0,2,0.20193637621023514,36,3.6348547717842328,468,329,250.0,63.049740527279724,538.7697,0.0,21.24960107312764,0.20193637621023514,92.0,-10.33569731740318,-0.2014521683061577,0,1029,0
183F635A-7D31-489D-8B9B-0140D4625984,4957,6,168.2,1,0.07363324591486786,5,0.3681662295743393,620,131,682.0,181.64607071255995,302.3207,0.006910498,39.912779200254256,0.0,232.24346,5.87303562540302,0.10308306980382353,0,1029,0
AEBA6A3D-153A-425E-B838-E54D62817C3C,1966,1,0.0,0,0.0,0,0.0,-1,341,415.68,92.25324411705313,223.68,0.0,29.6056949582117,0.0,129.40553999999997,-10.798684493982137,0.2700245912529095,0,1029,0
C54CE7F4-0609-4E82-ACE8-41E113F04B46,307,4,155.66666666666666,9,10.700325732899023,529,628.9413680781759,466,125,226.0,47.446982284604005,125.2441,0.0,20.770365152133532,0.0,74.34082,-16.145902037690423,-0.009200267065465582,0,1029,1
6D91627C-0809-4F4A-B786-CFFA4028E126,4324,2,597.0,2,0.16882516188714153,19,1.6038390379278447,660,26,452.0,131.921922527523,324.0,0.0,40.23125184989172,0.0,184.0,-11.298697218881031,0.6256134159223161,0,1029,0
6C890ABD-5E44-4EA7-B7D1-7B01729CB2A5,2882,3,67.5,0,0.0,0,0.0,-1,222,452.0,135.19337815107423,260.9429,0.0,29.901222734736887,0.0,172.5299,-6.639382266814948,-0.1109029928879126,0,1029,0
5F0C3A57-9E28-444B-AD0F-C50B861004C1,4957,7,84.0,3,0.22089973774460359,65,4.786160984466411,212,180,682.0,181.90836812291587,301.2452,0.01949582,39.92604245487188,0.0,232.4541,5.943321285263124,0.09710267757718867,0,1029,0
3287E045-CC5A-44F5-89DA-DCD69DA1E5F1,6627,8,53.142857142857146,6,0.33046627433227704,219,12.062019013128111,281,328,251.0,100.21271573563027,237.9,-86.18622,37.10918874825303,0.0,146.0,0.34896845966294165,0.24061267710093637,0,1029,0
168B55CD-3653-4846-B11A-2C029F97E6BE,1411,2,1.0,2,0.517363571934798,292,75.53508150248051,39,40,90.0,3.286358671714639,7.507507,-131.248,0.9125558596329892,0.0,4.204204,0.3878016759705458,0.005775744600381886,0,1029,0
31233CF7-B98C-421C-BC39-314064817E1E,3964,4,126.0,1,0.09207870837537842,83,7.642532795156408,29,16,554.0,68.79250819540843,189.7942,0.0,24.640353052021084,0.0,99.79695,16.896711455826136,0.11460482224134794,0,1029,0
81737197-5406-4565-9D1C-43D983177299,7943,3,136.5,1,0.04595241092786101,65,2.9869067103109654,284,666,693.0,139.55548810552355,394.656,0.0,54.51326922673374,0.0,217.2,51.43207485743943,-1.427487827029656,0,1029,0
2E270BD4-33B3-4CB2-B24B-C8E7FFF4B72D,4568,1,0.0,7,0.5593257443082312,1390,111.06611208406305,254,635,402.0,120.41744302932409,390.8688,0.0,24.31116323190145,0.0,150.64582,5.953936722219126,0.07435011131906427,0,1029,1
C3F611C1-25DF-46AE-B06C-114862138B82,959,4,60.0,0,0.0,0,0.0,-1,754,802.0,108.45074092622005,524.6429,0.0,68.99836576861716,0.0,188.8733,61.93161451822439,-0.9853855420424383,0,1029,0
C4B816A6-01D9-49D2-9464-EE4D11138AFE,12716,11,91.9,2,0.05740798993394149,79,2.267615602390689,323,1,266.0,116.07948055985456,276.2,0.0,24.370863982463263,0.028703994966970747,146.5,-2.2873586462743134,0.03140316248451586,0,1029,0
ED424732-3580-4C2C-9F42-057AED83126A,340,2,143.0,1,1.0735294117647058,84,90.1764705882353,29,30,803.0,12.157730108724223,999.9147,0.0,57.15925988294119,9.661764705882353,3.772497,-8.136421804403236,-0.021249858871813146,0,429,0
5B6A4864-6D93-42FC-94D0-4E97AB2041BB,8019,5,67.0,1,0.04551689736874922,1,0.04551689736874922,624,309,150.0,23.398745529949245,347.0,0.0,22.982046544353445,0.04551689736874922,54.0,1.69809088980384,0.9512128269150908,0,1029,0
9E5EC2AA-D247-40C5-AC4F-1F8592D6DFE7,959,4,271.0,0,0.0,0,0.0,-1,120,802.0,94.93951823691769,288.6543,-121.6507,62.64107613936578,0.0,175.0603,-79.73007728413991,-0.055465891668170064,0,1029,0
7EEC2A6F-8B55-4FA9-A5BF-C96FB85F3618,6526,0,0.0,2,0.11186025130248238,9,0.5033711308611707,1010,0,489.0,93.62684922989585,205.0,-187.8,20.76514663038934,0.0,121.0,5.341592128128838,0.13222168489013714,0,1029,0
F8D8B824-1D6B-4827-9884-6254A2C7CF5B,12716,4,83.66666666666667,1,0.028703994966970747,22,0.6314878892733564,266,260,276.0,96.45866043397513,200.8789,0.0,33.986094967225185,0.0,141.5527,-23.107801684438087,0.01955371986166372,0,1029,0
A119817A-A6B1-4E40-AA55-7B3AC6AA0B59,1109,1,0.0,0,0.0,0,0.0,-1,925,453.0,7.159701882642752,82.88313,0.0,3.757876840568382,0.0,11.437503999999993,-0.7236438057908998,0.008672209173509117,0,1029,0
870FB91B-E5D8-4EA0-B4EA-4A3A8FC2E635,7143,2,19.0,5,0.25549489010219795,110546,5648.787624247515,6,898,798.0,158.00429989864634,377.578,0.0,70.97877144794472,0.0,245.3906,-13.321013563769782,-0.17373618745928077,0,1029,0
9E31BE67-A0C8-4797-AAE7-CEAD8350BE84,1037,7,162.33333333333334,1,0.351976856316297,230,80.95467695274831,983,47,753.0,203.31203534667188,461.1739,0.0,59.13800360698532,0.0,272.493,-8.271251997906461,0.26534043039132055,0,1029,0
29A38419-1EBD-47A7-9E93-FAF29C4D415A,12716,6,175.2,1,0.028703994966970747,30,0.8611198490091223,322,143,403.0,43.806213144147,241.4,0.0,27.095381112574906,0.0,80.8,1.9832235842480586,0.27360120476690186,0,1029,0
C92771E1-8125-4EDF-A205-E93AE3DADC26,12716,6,158.6,0,0.0,0,0.0,-1,220,739.0,175.83546172045118,430.0,0.0,56.341009276861314,0.0,249.0,3.8828253165858655,0.5185256638906832,0,1029,0
A1478965-DF45-4C9E-A2C1-51B8554473DF,1402,5,173.25,2,0.5206847360912982,156,40.613409415121254,317,318,416.0,58.714338901299605,207.563,-0.03,34.684265902106254,0.0,106.97589999999997,20.32941571228836,0.5516501830995127,0,1029,0
420071ED-4053-473C-BE00-F2AD57C552C9,7095,6,185.0,3,0.1543340380549683,385,19.806201550387595,673,75,264.0,77.67454770323113,169.0,0.0,25.069007576432323,0.0,111.4,6.919503222694786,0.08987534469268277,0,1029,0
144C568D-B7F1-4C0C-9A19-274906B7F19E,12716,2,6.0,0,0.0,0,0.0,-1,993,262.0,3.7587636554772343,185.7422,0.0,21.109913725668445,0.0,0.0,-3.7587636554772343,0.0,0,1029,0
4003EE70-B45C-44C7-891F-BB1F6EF6F1CB,12716,5,233.25,2,0.05740798993394149,143,4.104671280276817,368,63,440.0,135.53179589063777,325.1953,0.0,65.29660056058627,0.0,215.8813,-30.629005429989604,0.6542211271652603,0,1029,0
4A54D358-17CE-4805-8FA5-0AA098671906,8728,5,117.25,3,0.1254582951420715,3773,157.78471585701192,382,522,1330.0,247.75676561848925,908.0792,0.0,125.95116408486702,0.0,450.70208,-102.09605683299543,-0.2586034185554822,0,1029,0
18971934-C7F4-4707-BE7F-465705C731B3,4394,2,847.0,3,0.24920345926263088,309,25.66795630405098,273,144,326.0,61.59491762913353,370.4519,0.0,14.537970742836913,0.41533909877105146,80.0,6.94346796268745,0.03839408099244394,0,1029,0
0942C5EB-FC42-41D6-BEFF-7265CCA5583F,12716,4,177.33333333333334,3,0.08611198490091224,2842,81.57675369613087,433,458,276.0,110.80499560712865,217.43,0.0,30.270850299126838,0.0,147.9,4.675753621266395,-0.02012856582671093,0,1029,0
80904C47-EAC6-45D1-96FB-37B55200D33C,3267,2,1.0,0,0.0,0,0.0,-1,988,301.0,77.89859763701365,180.0,-6.953444,27.941123421876036,0.0,116.25,-2.7079147666432846,-0.12929701254849554,0,1029,0
FF9BC881-886E-4CB1-84B1-BB30CDDB0ADD,2774,3,143.5,1,0.13157894736842105,18,2.368421052631579,75,698,451.0,100.79196440671907,232.4771,0.0,37.04173253530327,0.0,140.9432,-16.02655113758327,-0.024399637620295837,0,1029,0
612A09FC-6A8A-4303-A78E-87F7616EC271,12716,8,143.28571428571428,1,0.028703994966970747,5,0.14351997483485374,850,6,693.0,139.2163932155413,337.7295,-9.0,46.26945325275132,0.0,211.8156,-42.93424649378204,-0.36133418856396887,0,1029,0
B958F294-B632-4375-82AE-0CBE6CBAF442,1006,3,110.5,8,2.9025844930417497,651,236.19781312127236,428,761,301.0,33.678070746585384,64.7049,0.0,12.449014182331968,0.0,45.70007,-3.918046174054517,0.08774740468871194,0,1029,0
CAE06DB1-C28C-4DD7-8229-3FC558CC8FCD,3253,3,184.0,1,0.11220411927451583,37,4.151552413157086,334,614,451.0,181.06243545268205,2099712.0,0.0,5458.878763341343,0.11220411927451583,287.9399,21.007959019463016,0.20803641128658584,1,1029,0
A67F23BF-12EA-4930-833E-716FD347EA9B,8027,3,471.0,0,0.0,0,0.0,-1,38,1245.0,311.0238994505532,832.57,0.0,126.63763391861664,0.0,483.49399999999997,-76.39123432709641,-0.9701476233922622,0,1029,0
C182103F-59D6-42A0-96E7-3C5AB13F279B,5795,4,303.0,6,0.37791199309749784,292,18.39171699741156,427,62,160.0,38.84582618523657,894.3032,0.0,17.54427496780281,0.31492666091458155,63.38951,12.515178260905401,-0.008836201319028684,0,1029,0
040F8C6B-6154-4F65-90DE-0A928E5DF927,2346,6,187.4,8,1.2446717817561808,127,19.75916453537937,203,24,151.0,25.49449508028392,80.31917,0.0,9.720202078449478,0.0,38.507433999999996,-2.5913437076095356,0.011816092406041678,0,1029,0
0A766EC1-AA11-4B41-841B-B550585BD4FA,12716,15,64.92857142857143,0,0.0,0,0.0,-1,49,301.0,126.38131752451565,353.9307,0.0,38.929970251956235,0.14351997483485374,166.9922,-74.24495016803417,-0.0863421439995409,0,1029,0
AF6F4292-7FD7-4D2E-8B50-818B9A886964,9322,7,149.0,3,0.11746406350568547,72,2.819137524136451,327,61,251.0,70.89197829633635,212.4987,0.0,21.958199426133387,0.0,101.89804,-9.680689368172771,0.06153889817158661,0,1029,0
AD25229F-6579-44E2-BF43-AC29981611E0,2868,4,169.33333333333334,2,0.2545327754532775,204,25.96234309623431,801,446,831.0,168.96589989182314,609.7018,-13.30965,31.621307910865866,0.0,206.59598,-10.157828292286098,0.4448582142164147,0,1029,0
C1EC1AEA-C136-48C4-93D2-98466AFE7BC7,3232,3,172.0,3,0.3387995049504951,36,4.0655940594059405,429,609,472.0,94.29052940705427,353.5162,-0.0778222,47.45704508371369,0.0,158.9637,21.21082337766795,-0.42079470845236144,0,1029,0
F0BE2E77-EABB-44C4-9A60-79EDF3CD87B7,12716,4,142.0,3,0.08611198490091224,199,5.712094998427179,434,525,251.0,84.03371140450237,179.1,0.0,37.423042530875534,0.0,126.8,-2.2179112231752214,0.13446092585325425,0,1029,0
50CFD97F-A9A9-448D-BFDE-393B797DF7C3,12716,5,177.75,6,0.17222396980182447,233,6.688030827304184,324,237,266.0,121.75331617238975,248.4488,0.0,29.167264938819667,0.0,149.92476,-7.776333787358865,0.19390687713779803,0,1029,0
78151CF6-B676-4D65-A75E-25D3A6BC8D2B,12716,4,153.66666666666666,4,0.11481597986788299,121,3.47318339100346,23,488,160.0,61.64423112585915,136.6894,0.0,13.924076779410475,0.0,79.5,1.6068105408075155,0.04276170926445876,0,1029,0
D8DDFCFE-66F5-44DA-9087-612B676696F1,12716,4,130.33333333333334,2,0.05740798993394149,170,4.879679144385027,801,554,269.0,94.68324950894456,186.72,0.0,27.19924366522098,0.0,126.6,-3.7568274557037995,0.09229298790823262,0,1029,0
56C72817-7EEB-4404-A234-6C6D0755A29D,6202,4,307.0,0,0.0,0,0.0,-1,20,145.0,45.05695472504004,239.5976,0.0,22.699106658220508,0.2942599161560787,74.0,-11.819146083064737,-0.11083672881429293,0,1029,0
5779EC43-21C7-4667-BC05-73CC8E6FED7A,2413,2,794.0,2,0.30252797347699956,99,14.97513468711148,63,142,250.0,50.980628281648606,135.0,-4.577637,15.387385052209417,0.0,70.0,-4.671677664364658,-0.037565680262354635,0,1029,0
0418827B-4B88-4512-9481-DB3A730A5550,12716,5,136.0,1,0.028703994966970747,85,2.4398395721925135,925,390,266.0,105.64483408868192,927.1177,0.0,35.761124824613375,0.14351997483485374,139.7,4.809587207614385,0.033018691150609514,0,1029,0
84793B37-3551-41B0-B566-499DDB1E68FE,7313,2,66.0,1,0.049911117188568305,6,0.29946670313140983,121,933,678.0,70.02005312671068,149.0,0.0,14.218645212874751,0.0,89.0,6.750934527610312,0.16852297723077592,0,1029,0
F880248A-50DD-45A4-AC83-91D3571C3492,12716,4,84.33333333333333,6,0.17222396980182447,79334,2277.202736709657,534,674,99999.0,11.723730387493832,109.5947,0.0,14.71488235777388,0.0,31.11572,-11.723730387493832,0.0,0,1029,0
80C35AF4-575C-4DF8-85E1-1CFE30E08EE3,7312,3,16.5,6,0.299507658643326,244,12.179978118161925,8,923,126.0,43.288658772868274,111.0351,0.0,17.88309362673202,0.0,67.3828,5.553159805218144,-0.09932675054218469,0,1029,0
87192324-493C-4DB8-9CA3-A519F745E6ED,12716,13,55.916666666666664,2,0.05740798993394149,190,5.453759043724442,770,244,264.0,104.637874995918,232.1,0.0,39.447221588202375,0.0,153.5,1.6378030133412693,0.26621581591911214,0,1029,0
3E2ECBE0-F314-49FB-B271-F42762483208,6395,5,117.0,2,0.11415168100078187,74264,4238.680218921032,6,554,739.0,177.45797764027523,408.3658,0.0,70.28222040217868,0.0,264.6566,-19.643953743670295,-0.29324792611474393,0,1029,0
3D9B1E81-7F71-4E0D-BBE5-F1D7A487CD05,999,6,16.8,6,2.192192192192192,729,266.35135135135135,785,832,416.0,39.86318807596154,88.45615,-1.989993,10.416349878034374,0.0,49.61798399999999,5.510258508914994,0.14175235558798596,0,1029,0
7E47271A-9402-41EB-AB36-67F25E9ADADF,1307,4,151.33333333333334,4,1.117061973986228,158,44.12394797245601,32,451,452.0,121.43707615846778,411.0,0.0,39.45165121524094,0.0,172.0,15.391797139371718,0.09987852744153541,0,1029,0
0DB51A8A-4907-4EAA-9E2E-1EA4B14D04FB,1153,11,89.0,7,2.2159583694709455,859,271.9297484822203,405,61,151.0,48.540728963599996,225.4,0.0,18.678494998406386,0.6331309627059843,72.2,-2.082488217458021,0.14948937452070762,0,1029,0
0D0B09B9-5288-48F2-8CC9-56475F27ABF0,2308,2,116.0,1,0.15814558058925476,35,5.535095320623917,779,893,678.0,108.59331766439276,329.0127,0.0,59.71969764954432,0.0,193.34322,48.464868591780075,0.2783179310453037,0,1029,0
6B14C01A-EAA3-49A8-9309-76CD84D81B27,2156,2,1.0,2,0.3385899814471243,213,36.05983302411874,83,891,602.0,122.68625374951174,322.0629,0.0,45.923470478922006,0.0,179.57474000000002,17.326044568389506,0.1811095101051417,0,1029,0
7D79BF7B-842E-4995-BE09-FD1FD3655FB3,911,6,164.6,1,0.40065861690450055,49,19.632272228320527,265,62,603.0,108.21912591251154,305.4399,0.0,49.24556412711128,0.0,164.9822,-3.073678901014631,0.18949055540381193,0,933,0
9C5EBED9-6596-468C-AF05-09865B4D5E6E,2412,3,105.5,1,0.15132669983416253,456,69.0049751243781,801,677,301.0,30.560375965271984,176.1974,0.0,20.9562108299692,0.0,60.69508,6.635357653478021,0.07478562876729318,0,1029,0
DF69803E-1C67-4624-ADAB-3F63B21E25AC,12716,6,168.2,0,0.0,0,0.0,-1,44,800.0,271.37986152093646,616.2964,0.0,70.1931112838058,0.0,362.146,8.179801349433887,0.1398455000729029,0,1029,1
78761FDA-39E5-4EA9-A4D9-7FDC815F320C,5142,5,92.25,0,0.0,0,0.0,-1,534,400.0,92.56329581697271,273.0,-105.7181,47.934662062246694,0.0,158.0,-22.66175260709616,-0.455427739135693,0,1029,0
DDB78145-F203-4785-B820-79E009E09EB1,12716,2,1.0,1,0.028703994966970747,81,2.3250235923246305,7,884,489.0,107.70795515216231,225.0,-21.6,28.559319471834574,0.0,145.0,-2.4229242879647757,-0.04369515212222088,0,1029,0
7F340B6C-D32A-4F8B-90CD-C862EEA99414,966,2,0.0,0,0.0,0,0.0,-1,874,1454.0,270.39719145729117,614.7714,0.0,112.18645366857028,0.0,404.21538,-26.730437877198597,-0.7574672357102084,0,1029,0
3B353B6F-8AC4-452E-9DC5-A5FBCC9DCFED,4119,4,27.666666666666668,0,0.0,0,0.0,-1,785,452.0,140.83284340427258,360.0,0.0,50.235138639363186,0.0,203.0,-34.92404710797628,-0.025723226004226545,0,1029,0
EC3B46F5-6D6B-45FC-A05A-70A2224997C2,4119,4,25.666666666666668,0,0.0,0,0.0,-1,791,452.0,142.03456635600506,363.0,0.0,50.58631608437737,0.0,205.0,-35.19621759057296,-0.027287147933323295,0,1029,0
95A3ABCE-D88C-4314-A9E9-B8513A60052C,12716,4,296.0,3,0.08611198490091224,177,5.080607109153822,432,26,120.0,44.537515865023956,115.0,0.0,15.003387499266191,0.0,65.0,-17.129876976135066,-0.14385000663093747,0,1029,0
089F8EF0-AC2D-4868-B833-05A867DBEF61,12716,12,69.27272727272727,3,0.08611198490091224,869,24.94377162629758,430,239,706.0,283.86770590633716,800.0214,0.0,86.08956672101095,0.08611198490091224,352.075,-68.65214290687729,2.116730252355161,7,1029,0
38E168C4-670A-4DE6-BE88-9E9A6C7679F7,6709,10,85.88888888888889,4,0.21761812490684154,71,3.8627217170964374,423,143,188.0,41.641831062176024,106.7106,0.0,20.88225039996182,0.0,70.1442,-7.285152995817995,0.09392083781236694,0,1029,0
0E5946F9-90B0-4BC0-9696-BA28B2584FDD,7321,3,0.5,0,0.0,0,0.0,-1,848,2144.0,304.4983408109241,1136.965,0.0,163.04019151930046,0.0,526.7839,-39.68809966740554,-1.393403730807278,0,1029,0
20EC2CBC-C6A7-403B-ADC6-1A560025E4E4,12716,4,205.66666666666666,2,0.05740798993394149,120,3.4444793960364892,536,228,452.0,137.11085976508613,349.4885,0.0,69.95674668445739,0.0,210.3239,16.429706552815105,0.11804243877601597,0,1029,0
783B3D90-1BE7-4FFC-B3A8-DDA22416F1C5,4817,3,69.5,0,0.0,0,0.0,-1,845,251.0,51.48270219306142,121.6339,-48.79591,17.37949307606557,0.0,72.66210399999999,-12.050620750669452,0.028533146374995592,0,1029,0
BF613F99-2DCD-4D53-813D-35CBDD081C47,4333,4,277.3333333333333,0,0.0,0,0.0,-1,10,451.0,87.99666499886462,240.0,0.0,19.467721389673173,0.0,114.0,3.6339677171847597,0.25491698792252937,0,1029,0
327067B8-5F05-47D8-B046-55DD26FB513A,12716,5,191.5,1,0.028703994966970747,152,4.363007234979554,572,72,412.0,89.020804300959,317.3,-9.3,40.19157402983461,0.0,138.01,-0.8595951960207486,0.3277588345382577,0,1029,0
E1B23343-11EE-4D06-B68E-1C6E37035CB4,4642,7,69.5,0,0.0,0,0.0,-1,418,628.0,150.50175317768935,308.1528,-144.9404,30.428568166953923,0.0,188.66704,-32.44238666920168,0.00972694604432199,0,1029,0
C97B79D4-FD5E-452D-83B2-30FAA1368686,12716,7,69.83333333333333,1,0.028703994966970747,162,4.650047184649261,801,415,693.0,225.9706684598593,362.8,-25.1,27.372285648092966,0.0,257.1,-19.791470928995068,0.08918724533873704,0,1029,0
B603BEBA-4D07-4357-90B6-856CED27A507,12716,1,0.0,1,0.028703994966970747,42,1.2055677886127714,571,833,450.0,149.94918812978565,335.33,0.0,54.92871503434027,0.0,215.63,-34.517185814970844,-0.05940568737349814,0,1029,1
B5C30833-D82F-4AFF-ABA3-B71921FC635D,12716,8,77.42857142857143,3,0.08611198490091224,34,0.9759358288770054,303,286,683.0,115.5500342643968,459.55,0.0,67.82222672687502,0.0,197.83,31.595985797331593,0.3077107416094886,0,1029,0
FE5E6CA4-8A0C-4EF9-8E1C-50B67AD61764,3995,1,0.0,2,0.18272841051314143,504,46.04755944931164,208,829,138.0,13.11569468192232,82.0,0.0,3.5408695331961346,0.0,17.5,0.9873145773369387,0.025177433885287457,0,1029,0
101E536C-C816-4B20-9C6A-6C97C7CBD9F1,7520,3,377.0,3,0.14561170212765956,80,3.882978723404255,29,73,208.0,43.72031021276366,213.0,0.0,18.5964120657909,0.04853723404255319,68.0,-17.351437752964276,0.03567369512220121,0,1029,0
CD1ECB28-EEF7-4014-B417-A5A5D5041015,3540,2,768.0,3,0.3093220338983051,381,39.28389830508475,204,49,452.0,204.51058457944814,360.6054,-9.461337,43.452879453944,0.0,259.92267999999996,11.124865051007106,-0.014225803842945304,0,1029,0
0103621A-B5FB-4EAF-B661-5933B9E2990B,12716,11,74.2,3,0.08611198490091224,939,26.95305127398553,3,73,800.0,349.3817588606243,790.2831,-16.18726,93.12391462254178,0.0,460.7849,2.6428853677707593,1.2976382996411913,0,1029,0
19BC1D55-5791-4C12-B27E-D8D1D52D5867,883,1,0.0,0,0.0,0,0.0,-1,816,602.0,101.30788982337957,297.9818,-4.394419,58.08179900262179,0.0,172.04166,36.35608588865749,0.33642479928751523,0,1029,0
4A7D9253-FDDD-405A-B7B0-ACECFA3C0672,12716,8,107.71428571428571,2,0.05740798993394149,68,1.9518716577540107,255,52,800.0,326.6044670444424,685.1807,-0.7576736,93.01749185448767,0.0,433.96,29.74715232592797,0.004104782037216808,0,1029,0
510E2E04-AAB2-41AA-BAC8-1BFCCA3C09DF,12716,13,45.833333333333336,4,0.11481597986788299,201,5.76950298836112,281,370,264.0,99.17894294302107,244.6,0.0,39.31945140136477,0.0,147.0,3.3557721958678144,0.2669981210070795,0,1029,0
91DD3FA9-4DBB-436F-895C-F1C6C1DBDAD9,12716,6,108.0,2,0.05740798993394149,284,8.15193457061969,224,258,1370.0,255.89149538140262,851.17,0.0,137.58798103545303,0.0,451.83,-113.88161420856312,-1.9792453412174895,0,1029,0
4E1662A1-23AE-4383-BA23-9721548AB53D,3771,4,9.0,0,0.0,0,0.0,-1,771,887.0,253.88844281467988,737.0,0.0,68.76892047987253,0.0,342.0,55.03864051865344,0.7006294215561186,0,1029,0
39D80A8A-0BD1-44F7-BB17-EBA6C2EF8815,12716,3,172.5,2,0.05740798993394149,21617,620.4942592010066,53,479,455.0,105.60496757101244,343.9453,0.0,60.12745258353873,0.0,188.0859,-25.818589215302566,-0.34342612064083605,0,1029,0
EB2E1E6A-7867-4982-9FB9-70632A10CDB9,5866,4,189.66666666666666,1,0.06222297988407773,46,2.8622570746675757,802,222,452.0,57.91049998256855,237.6709,-45.50362,33.61754922577911,0.0,101.9165,-14.160724558256824,0.02028460526782877,0,1029,0
1C285E62-A053-48E3-9F57-B8FB2791E2DC,1252,5,171.0,3,0.8746006389776357,725,211.36182108626198,414,106,452.0,102.305678052336,391.1461,-17.72805,28.035187944383573,0.0,143.284,12.796894652910908,0.08969306849600148,0,1029,0
7A2E33FB-CCD9-484B-A45A-D606B7718AA8,12716,1,0.0,2,0.05740798993394149,8,0.22963195973576597,122,789,151.0,52.70515840559044,288.0,0.0,14.693121452057342,0.05740798993394149,70.0,1.4500885079898111,0.06284154879655843,0,1029,0
B162CAC1-5ECC-41A5-82DA-750E8A7DFE7B,6634,3,47.5,1,0.05501959602050045,169,9.298311727464577,801,689,271.0,128.43106136750086,223.5446,-3.0,20.9329949512293,0.0,153.74739999999997,-27.443538075834198,-0.06192364580342494,0,1029,0
4B563A1D-CE3A-4E0C-BB18-464300998D19,12716,5,228.25,0,0.0,0,0.0,-1,10,452.0,119.2178804697331,259.7622,0.0,35.40851906100013,0.0,163.9101,-32.903456489409024,-0.564016442669925,0,1029,0
3AA438F5-B9FA-4DB5-ABE5-0FCDF077797C,12716,6,137.6,2,0.05740798993394149,46,1.3203837684806543,625,91,489.0,163.8312952698237,339.0,0.0,56.314844224220074,0.0,235.0,-13.807606998218773,0.1427001161550312,0,1029,0
DB5A98A6-9ECB-42CB-9D8D-32C1F7C7D8A8,7000,3,187.0,1,0.052142857142857144,11,0.5735714285714286,942,403,377.0,118.10061055987124,384.2925,0.0,20.66346284152415,0.052142857142857144,146.16904,0.31953596713492516,0.12458193751218224,0,1029,0
30B9750D-9A0B-4170-A5BF-C90D2A092FE6,6576,6,192.8,1,0.05550486618004866,158,8.769768856447689,801,47,152.0,27.893480049663783,121.8745,0.0,13.298603978695983,0.0,46.87244,1.4745401572806607,0.04499106805558648,0,1029,0
5F2943CA-E070-4A84-AE21-4DF654FBACE4,3288,2,13.0,1,0.11100973236009733,53,5.8835158150851585,104,1006,301.0,99.24928327906896,192.8708,0.0,25.408647691169524,0.0,129.78859999999997,-18.81335896626031,0.09718338495771706,0,1029,1
BA499951-FC9B-497B-A257-37CB581DB410,12716,4,225.0,0,0.0,0,0.0,-1,326,988.0,185.02154399291732,494.08,0.0,60.942496459554306,0.0,267.56399999999996,39.974737642885145,1.0204462685149167,0,1029,0
A0146C0A-219D-4E78-9BC2-9B62DC02D44F,12716,2,6.0,1,0.028703994966970747,5,0.14351997483485374,581,986,309.0,61.7387320741787,165.7471,0.0,21.05119049067099,0.0,91.51611,-2.3412191027280755,0.08079044417286617,0,1029,0
C58977FC-E817-45E6-A8A8-F3AF3EC2D644,12716,2,28.0,1,0.028703994966970747,79,2.267615602390689,158,957,489.0,122.79255421546695,280.0,0.0,36.016694014966,0.0,169.0,-4.127276437689176,0.1426670187905024,0,1029,0
81149ADE-1FBF-4DEA-B7BD-33428148236F,5639,4,153.66666666666666,0,0.0,0,0.0,-1,523,145.0,44.79071222299567,595.0482,0.0,22.800187900951748,0.3236389430750133,74.0,-11.46061963040308,-0.0995721922688568,0,1029,1
3A89B0FC-9977-4FF6-A6B2-91AE0D168FD1,12716,6,153.2,5,0.14351997483485374,89,2.5546555520603964,210,217,188.0,22.868486457791263,83.0,-144.4463,9.634911697138373,0.0,34.0,-1.109227198532004,-0.06263621937781617,0,1029,0
D6F046AA-8A21-41ED-92BD-CE6AFBBDC257,12716,5,125.0,6,0.17222396980182447,45,1.2916797735136836,426,483,472.0,133.91140352690127,799.0488,0.0,40.84096345410854,0.028703994966970747,176.7883,3.449681685290102,-0.01685949203561541,0,1029,0
A96BEA97-ED58-4E41-A8CA-51A4EF1D2650,12716,7,147.5,2,0.05740798993394149,495,14.20847750865052,138,122,432.0,113.76955145404042,207.31,0.0,23.55948645717191,0.0,142.85,0.16831274349043213,-0.531587737169331,0,1029,0
0959DAA1-AD8D-4913-9DBB-B8276F0346CB,6177,11,96.0,7,0.4136312125627327,440,25.999676218228913,240,5,259.0,112.13770144828915,331.374,0.0,34.13423626764372,0.29545086611623766,153.2046,12.7652880308775,0.14081762618270405,0,1029,0
E08256B1-31CF-4C4F-8B11-25AB5404E475,3232,3,73.0,2,0.2258663366336634,81,9.147586633663368,379,821,472.0,94.06233702608013,570.307,-9.3125,47.57676134884354,0.4517326732673268,158.9637,21.275472826543307,-0.4173608716949654,0,1029,0
3CF93F4B-5D55-4CE2-BC88-3C72DE853BE3,12716,2,117.0,1,0.028703994966970747,26,0.7463038691412394,935,851,527.0,182.166290730298,308.9905,0.0,40.159230005732915,0.0,240.8447,35.456186515072375,-0.0841806787019714,0,1029,0
4F299892-5A7B-46C9-9776-EF49E2EC385B,4575,2,1.0,0,0.0,0,0.0,-1,959,250.0,19.22994992126623,373.0,0.0,17.88156314291102,0.15956284153005462,45.0,-14.282496217562525,0.0531538530134012,0,1029,0
03305618-8601-4B76-8E80-AD1AE27609A4,2555,4,192.0,1,0.14285714285714285,125,17.857142857142858,418,376,803.0,245.1740043705691,949.585,-24.46836,57.62579749299868,0.2857142857142857,311.2793,-6.434520813470357,-0.14560755267592085,0,1029,1
32BA210A-70F5-4937-B0AD-C2E9FDA1C70D,12716,5,231.25,3,0.08611198490091224,17,0.4879679144385027,461,26,479.0,117.29926649173801,301.8219,0.0,41.33615952456882,0.0,168.0603,-47.63590673811146,-1.2895656748513373,0,1029,0
2877D2BE-ADF5-4E02-B930-7FEAE4EAC2E3,10425,6,167.6,2,0.07002398081534772,508,17.786091127098324,548,111,479.0,56.72875517393744,222.0,-5.15977,28.312378374195173,0.0,97.0,-12.297659494925092,0.16932731750143926,0,1029,0
F4B22715-8AD5-43E3-9B1D-CEB6AA6B186B,1149,4,300.0,0,0.0,0,0.0,-1,41,603.0,125.36491924724433,490.9829,0.0,65.33732592309765,0.0,191.2406,-21.216013740068405,0.16228964952539734,0,1029,0
E4731289-4021-456C-B1C0-35471BE3887E,2189,4,40.333333333333336,2,0.3334856098675194,452,75.36774783005939,800,817,301.0,53.49981153521285,200.7087,-222.5,17.14617791447444,0.0,78.56398399999999,-13.12866940164804,0.02602039054194721,0,1029,0
FE508FA3-95CA-46C7-8F8F-C489B7E9A41B,3551,2,1.0,3,0.308363841171501,329,33.817234581807945,658,933,301.0,83.79191307105638,266.1736,0.0,43.45861691258843,0.0,142.03333999999998,24.185238891675098,0.5236467896323274,0,1029,0
458C9317-2ED9-4E0D-A157-FEEB84349913,9421,10,78.11111111111111,4,0.1549729328096805,1011,39.16940876764674,254,219,739.0,92.80124779936067,377.7464,0.0,63.611827694332725,0.0,185.01463999999999,-23.75177491857363,-1.087258787728878,0,1029,0
8066BFEF-9678-40A1-8F55-0CDD267C2FEC,12716,5,44.75,1,0.028703994966970747,282,8.09452658068575,801,742,107.0,43.15296319154136,99.2,-2.117635,9.451907997694768,0.0,55.1,-1.3745141174672924,0.22678585719313055,0,1029,0
45B4C5AF-AD77-4D6E-A306-29B600B035B0,6510,2,32.0,0,0.0,0,0.0,-1,889,251.0,61.38049921802136,115.9988,0.0,21.25026648118769,0.0,87.42322599999999,0.8897219569477741,0.14238371861411056,0,1029,0
F1CEC826-C74D-4DF2-8C04-3FC8C9379645,12716,3,265.0,0,0.0,0,0.0,-1,390,678.0,49.41792689586192,539.6312,0.0,27.566220994717238,0.0,85.0,-7.5385287477137695,-0.26826145660420536,0,1029,0
48C35BFD-4DA0-43C5-92DE-4AEC3E5D6D0A,12716,2,231.0,0,0.0,0,0.0,-1,690,151.0,32.43872349915859,150.0,0.0,11.91024112833254,0.0,49.0,-7.404618560886988,-0.01067495758509412,0,1029,0
3BB36FED-8F33-4EB6-A9E1-EEC15C9BE2E4,5535,3,190.0,0,0.0,0,0.0,-1,537,266.0,99.10537868167766,1322.0,0.0,39.91394772779984,0.3956639566395664,145.69165999999998,-4.1351602320634555,0.3044879562410319,0,1029,1
59714C45-7F19-4ADF-AB64-383589441535,3922,1,0.0,0,0.0,0,0.0,-1,917,887.0,151.21001242587874,545.627,0.0,84.23111564624821,0.0,263.74699999999996,43.21145275081878,0.1272812777843375,0,1029,0
D3BA5D04-B303-4EC7-BAC7-84B8E1F6765C,55,11,94.3,2,13.272727272727273,226,1499.818181818182,801,43,346.0,59.20894412018219,479.1862,-0.001,46.935502603357634,6.636363636363637,127.1,-46.73360157319145,0.1132480248925835,0,1029,0
FEB0DC7B-70AE-4770-A41D-63203CDEC0D7,4541,4,95.0,2,0.16075754239154372,16,1.2860603391323497,903,730,753.0,190.33215137248573,568.3344,-30.0859,75.14673140281403,0.0,263.3458,15.885071243254998,0.27547869736414443,0,1029,0
385D0432-7208-4080-8224-C6B79E54406D,4805,4,303.3333333333333,1,0.07596253902185224,290,22.029136316337148,912,2,206.0,41.19958237118272,219.1518,0.0,19.743461657671503,0.3798126951092612,67.57800399999999,-13.364926732756796,-0.21097465384413122,0,1029,0
B9E051C8-32D0-4223-A2D5-FA7E228CE28A,12716,12,77.18181818181819,2,0.05740798993394149,262,7.5204466813463355,461,47,256.0,122.39516410165784,230.2,0.0,33.48993982891541,0.0,166.9,-17.98607459548502,0.34315139500524044,0,1029,0
08F51991-D070-4C61-972E-E73585D7A7C8,12716,6,179.0,3,0.08611198490091224,85,2.4398395721925135,433,0,301.0,114.51264760595268,223.91,0.0,38.84399115599556,0.0,154.94,-49.29522553805144,1.4687358813159372,0,1029,1
CBDE2D9A-4FBA-476B-8A6F-3BD26AC07A7D,12716,3,151.5,2,0.05740798993394149,126,3.616703365838314,386,705,78.0,12.067171855332608,294.0802,0.0,2.6781322995685164,0.14351997483485374,14.86204,1.462470690716776,0.018618733734387934,0,1029,0
67013822-50EA-4C0C-A499-E18A86BF8D0A,1213,1,0.0,4,1.2036273701566365,170,51.15416323165705,50,894,99.0,9.801638876704942,143.6828,0.0,6.649232789800862,1.5045342126957957,22.323,-5.266863362762041,-0.0160160828346313,0,1029,1
CEA0063D-D90E-4C37-A135-A4E0ABFEC701,12205,4,206.0,8,0.23924621056943873,367,10.975419909873002,228,269,148.0,54.06617889528747,123.6762,0.0,17.25226600266513,0.0,75.68355,0.1887647775520307,0.17045500130327115,0,1029,0
BCB99DFB-301D-47A7-BAE5-4346EE59A479,5143,2,542.0,1,0.07097025082636593,3,0.2129107524790978,7,345,400.0,134.08200178194463,4310.928,-5.565529,31.542126977493425,0.07097025082636593,171.13638,-6.93208818780883,-0.11371703375372397,0,1029,0
9E00283D-2CBB-4BEF-9B06-1E66D4686550,12716,4,139.33333333333334,2,0.05740798993394149,46,1.3203837684806543,801,460,259.0,93.16372029003766,584.0,0.0,38.91406264104982,0.14351997483485374,142.6,-17.653234174605572,0.17841479623346773,0,1029,1
E019CCCA-A54F-4A7E-821E-C3590B3DA268,12716,14,63.84615384615385,1,0.028703994966970747,15,0.43055992450456115,963,37,887.0,93.48998350983666,455.0,0.0,64.25439504878781,0.0,179.0,52.74998562596582,0.08242730012378663,0,1029,0
71A4FDF8-3D80-481F-AFF5-B7489AA6400B,5171,5,183.75,0,0.0,0,0.0,-1,138,256.0,104.47698725509744,243.4782,-16.89596,42.82967543206067,0.0,158.91236,5.796750621445767,0.21018769080421126,0,1029,0
DD28E303-2043-4765-9DBC-00AB4836A5FF,7112,3,59.5,2,0.10264341957255343,114,5.850674915635546,371,750,271.0,69.59586252343429,128.7,0.0,18.962995977879984,0.0,93.2,-5.080592461705891,0.04316274185650149,0,1029,0
C3066597-CB16-4B8F-BBAB-4EF7BDCFF6FC,5245,7,114.0,5,0.3479504289799809,2133,148.43565300285985,335,185,489.0,74.14741037528638,348.0,0.0,41.720816853494526,0.0,126.0,25.635151353108682,0.14816895547223455,0,1029,1
4A139140-8535-4803-9239-67A5E2757A68,4733,5,110.25,2,0.1542362138178745,240,18.50834565814494,100,447,232.0,71.83029915337204,198.6288,-8.400001,27.113887076812617,0.0,108.40665999999999,-0.19754296147388573,-0.49544344604309887,0,1029,0
0BF3CDD0-DF96-496B-9134-F2849E801EBF,5412,7,71.0,1,0.06744271988174427,305,20.570029563932003,801,433,284.0,122.1420129772179,250.3086,0.0,28.778090212367214,0.0,157.9,-4.928622562866053,0.253888792210758,0,1029,1
81E7573E-370D-41FF-94AD-2CF63FD8095E,3330,3,69.0,0,0.0,0,0.0,-1,721,450.0,108.15822296252543,192.98,0.0,22.23781290101694,0.0,138.78,4.789867315252351,0.09158895759868162,0,1029,0
B67A6759-A83E-488C-8696-4C5E87CD94E1,2008,4,163.33333333333334,2,0.36354581673306774,531,96.52141434262948,242,355,1039.0,51.73530408243931,417.5107,0.0,35.51584755198,0.0,107.90495999999999,9.366434059150187,0.3636657996263973,0,1029,1
702BC098-B23F-4DB2-8277-D6F642CA8B28,12716,4,166.33333333333334,4,0.11481597986788299,407,11.682525951557093,106,420,314.0,34.96350278511425,109.9,-57.49477,17.12942788064699,0.0,58.2,0.8687965976018077,-0.49838502009855157,0,1029,0
AE54E534-A74D-46DC-8F22-8C0F7C94B5F6,3320,4,269.3333333333333,1,0.10993975903614457,360,39.57831325301204,801,117,301.0,66.4959890303642,264.1913,0.0,43.47739838117762,0.0,136.79602,4.571700587074076,-0.004492100214086068,0,1029,0
D929BBFD-057B-4A77-B3AE-032C4BCE5DCA,12716,6,135.0,0,0.0,0,0.0,-1,152,452.0,169.8068101346922,339.0,-214.6522,55.419652850648085,0.0,235.0,-14.466455196420583,-0.1083729472775954,0,1029,0
582A4AA7-2C97-4452-8B75-B9B6B7DD2790,12716,12,58.18181818181818,1,0.028703994966970747,71,2.0379836426549227,540,213,251.0,104.5798142200761,239.5,-127.6779,47.016946956105734,0.0,163.8,12.170448125602903,0.309746870898456,0,1029,0
52732ACA-3F3D-41EB-A1C3-5E7DB087D478,12716,7,103.83333333333333,0,0.0,0,0.0,-1,198,203.0,46.14350497070293,115.0,0.0,21.654031101459935,0.0,76.0,-8.891344476875766,0.10094581864241606,0,1029,0
30A963E2-56DC-4C6F-85FE-19F9FD54A91D,3556,5,171.0,0,0.0,0,0.0,-1,128,452.0,41.0851389166571,185.661,-10.81999,30.03484951138061,0.0,82.80875999999999,11.460401006182401,-0.06412561582070757,0,1029,0
68EEE1C6-80EB-449A-855A-A3EB182BEC07,2360,5,201.25,15,2.319915254237288,740,114.44915254237289,69,215,452.0,117.22562858588063,430.0,0.0,41.926511335938756,0.0,176.0,-15.557648711652249,0.06280226887912478,0,1029,0
FCEE839F-3F98-48A6-98A7-8D6BB1B743CA,12716,7,84.83333333333333,1,0.028703994966970747,187,5.367647058823529,801,398,269.0,66.66883961356247,533.8332,0.0,23.428930947530866,0.17222396980182447,88.95866399999998,6.589654881036296,0.0479822775599181,0,1029,0
3332C3FD-EFD6-4F55-B9DF-F37C156D5C58,12716,5,84.0,1,0.028703994966970747,404,11.596413966656181,835,506,753.0,162.33369735824883,415.7583,-40.73291,85.2823196620666,0.0,248.9596,30.829554192677108,0.2605935561144336,0,1029,0
DEDF2C8D-203D-46B8-AA25-2DC6F0A3ED75,5186,2,1.0,0,0.0,0,0.0,-1,791,490.0,104.49068269444538,295.363,0.0,42.23485179822931,0.0,161.73758,-21.29729445540218,0.2109607664879036,0,1029,0
F88C8391-493F-46C4-ACA6-90849D55A536,12716,1,0.0,3,0.08611198490091224,2325,66.73678829820699,556,1021,339.0,77.0667148045848,179.3701,-30.61992,20.27577808859116,0.0,103.8208,-2.059656508288498,0.11966463730655003,0,1029,0
703A4E81-90DE-4C1A-A628-96004C4CDBC5,3330,4,165.33333333333334,1,0.10960960960960961,266,29.156156156156158,801,516,301.0,81.5068021923807,127.6,0.0,10.843905242098824,0.0,95.5,-2.6985614516399608,0.050758609887750196,0,1029,0
134082F5-20EE-4BF6-BF65-99DD9D94FF79,4796,3,175.0,1,0.07610508757297747,16,1.2176814011676396,75,649,377.0,105.65379674612112,233.6672,0.0,38.835837608681295,0.0,147.74892,-16.782105966553203,-0.029106307823823573,0,1029,0
891C53D5-3FCA-44CD-AA86-AB4177A748C4,2397,3,465.0,8,1.2181894034209428,177,26.952440550688358,22,68,159.0,26.326226327569024,72.52126,0.0,9.635868665182535,0.0,39.293722,-0.9313871893799792,0.07087634604350654,0,1029,0
5F9C4547-A81F-43B4-83D1-13C75F9A5B82,1047,2,573.0,2,0.6972301814708691,10029,3496.260744985673,392,424,301.0,72.15908775929766,170.9804,0.0,21.793484910679318,0.0,100.4053,-6.044550224575445,0.1000944916935874,0,1029,0
596E0C13-45F2-4528-82B0-67DE8C99E9D5,9675,2,796.0,3,0.11317829457364341,309,11.657364341085271,132,188,271.0,50.241159002223476,234.7766,-82.45698,15.983683550886411,0.0,78.78516,-3.467759002223481,-4.663708555906961e-14,0,1029,0
AFFD3861-8CE7-4386-B3CA-B427D9CB71FD,8428,4,326.6666666666667,0,0.0,0,0.0,-1,1,251.0,71.42411049335189,122.0282,0.0,13.257245837002303,0.0,89.34594999999999,-9.968250561253122,0.03167478227644529,0,1029,0
7D4391B2-5728-488A-9F43-F11A6A98C583,2656,3,422.0,0,0.0,0,0.0,-1,135,452.0,67.31712407225935,319.56,-266.6347,37.81321522315811,0.0,120.63399999999994,-7.122413424111201,-0.09203139676600976,0,1029,0
ECF72A82-D21D-4399-8DA5-9C3CF153E3C1,1059,2,937.0,9,3.101983002832861,765330,263782.2946175637,105,26,451.0,35.56384162101009,540.1393,0.0,41.005200776550716,1.7233238904627006,100.3507,27.991743916798548,0.1280643375547626,0,1029,0
CCB80281-C883-469C-AD11-C4D27D11A485,12716,6,174.2,0,0.0,0,0.0,-1,84,1083.0,267.2919330623653,2000.527,-98.87186,123.84831518119472,0.11481597986788299,420.3186,-144.55680535488068,2.94044372115952,0,1029,0
A72CBAE4-05E9-4164-B9DA-AA5FF0A39B10,8264,2,35.0,0,0.0,0,0.0,-1,956,825.0,296.5791493991228,2176.88,0.0,113.60204191979282,0.17666989351403678,450.70514,114.64197293112414,1.0326192256356435,0,1029,0
D26CB470-C959-4C4A-82B4-09BA54EE72E6,12716,8,104.28571428571429,4,0.11481597986788299,254,7.29081472161057,367,229,266.0,147.99500834645562,235.5,-26.8,22.382456982083557,0.0,174.7,-7.023457420529695,0.16992726010971398,0,1029,0
3E4F934A-22F9-4600-8BB4-8AA3E9C087FB,12716,6,178.2,3,0.08611198490091224,17,0.4879679144385027,302,59,489.0,55.90374874069218,251.0,-5.003362,24.190969015219206,0.0,89.0,-0.7258938024205719,-0.16030791410011144,0,1029,0
02BA5F51-59B4-4241-A510-5A266306282B,12716,3,305.0,5,0.14351997483485374,571,16.389981126140295,655,338,104.0,15.338874815269621,62.5,-125.2329,7.100383876649506,0.0,24.4751,0.9211331601161792,0.049098639973542815,0,1029,0
85FB3038-427D-4E5A-9C5C-56E9B64A6AC4,1956,2,335.0,1,0.18660531697341515,87,16.234662576687118,519,607,1662.0,331.29761000250056,727.0,0.0,121.75087654929585,0.0,478.0,-64.33356679262403,1.6256658343735257,0,1029,0
A0FE2471-47AB-42E3-A823-0B978173C4D6,3001,5,200.75,2,0.2432522492502499,615,74.80006664445185,16,186,451.0,73.04048315173517,226.9861,0.0,61.28335211110101,0.0,185.15793999999997,-31.891161815624066,0.013252689839812426,0,1029,0
E84D8F35-5DED-432C-872B-BB6B793DA00D,7943,2,12.0,1,0.04595241092786101,87,3.9978597507239075,284,926,693.0,139.88915380181462,395.52,0.0,54.614330233702205,0.0,217.68,51.45642397596316,-1.4311571798990055,0,1029,0
3D628AD5-874B-4E64-A57D-D1C6EDB91862,12716,5,228.0,2,0.05740798993394149,21,0.6027838943063857,366,25,377.0,128.8428405288395,309.1003,0.0,33.64446104015506,0.0,173.1445,-9.147189600598765,-0.00139952934015783,0,1029,0
F1B45926-7AE0-4CA1-B40A-C46260188C67,1511,2,0.0,0,0.0,0,0.0,-1,936,452.0,95.33639951083688,353.0,-10.97358,42.730480146262245,0.0,153.0,-13.348668029355409,-0.04579411953015209,0,1029,0
B0DFA93B-E5B3-4A08-B1BB-431B7C523AF7,12716,5,224.75,3,0.08611198490091224,291,8.352862535388487,53,28,259.0,65.16130125331999,233.2703,0.0,20.169201505913204,0.0,91.9194,-14.655570929245918,0.06988238940102588,0,1029,1
65E5D0F8-52B5-4A98-A61C-E26A92BA8A86,12716,14,57.15384615384615,4,0.11481597986788299,130,3.731519345706197,247,178,276.0,59.96708586102305,267.5386,0.0,35.866209848829534,0.0,104.0428,-2.3828269972113176,0.18814798841364505,0,1029,0
BF8835C5-990C-426F-B526-B722CDC26D5F,2441,3,430.0,2,0.29905776321179844,134,20.036870135190494,373,62,452.0,110.39813333545986,187.4053,0.01310423,19.291705091563742,0.0,134.69642,-6.65202638194674,0.06480291436307765,0,1029,0
8D099868-8322-4ED7-B0AC-732C59DF4466,12716,9,110.125,3,0.08611198490091224,530,15.213117332494495,479,40,100.0,25.18856637175181,71.3,0.0,7.260264427781557,0.0,33.9,-0.10514044351106833,0.03333384779165722,0,1029,0
D5FE6817-1890-46E9-A1C2-E36AEC24D09E,6320,5,131.5,1,0.05775316455696202,1,0.05775316455696202,937,391,775.0,164.45067016875382,457.2,0.0,49.26794081452023,0.0,230.4,-26.897058613969875,0.24024426539215404,0,1029,0
D232FB56-3008-4BE3-AE13-006A8B011A04,12716,5,193.5,0,0.0,0,0.0,-1,114,452.0,144.213067140038,305.7999,0.0,35.941163808604216,0.0,187.4268,-9.240675775840458,0.01192599704911724,0,1029,0
A6575B86-32B9-4A08-A709-A89581E4E58C,8708,11,79.5,1,0.04191548001837391,19,0.7963941203491043,1016,89,470.0,141.86313496935128,349.1821,0.0,65.25881662650032,0.0,222.4731,-29.5169661460488,0.6580740413716257,0,1029,0
FAD5955E-330A-4F2B-BA3C-AF46A7EB9141,2913,3,146.5,1,0.12530037761757637,23,2.8819086852042566,801,591,301.0,0.6117467526863488,5.451586,0.0,0.3753610318308329,0.0,1.1629748,-0.309270678796071,0.00011822508924975743,0,1029,0
FCF47850-2BD4-43B9-A61B-74F4F893419D,1344,3,163.5,1,0.27157738095238093,48,13.035714285714286,701,552,887.0,85.30101743240047,295.5011,0.0,51.9708926109572,0.0,156.28163999999998,-17.36587048795603,0.05482320701337784,0,1029,0
621D22C0-464B-4623-A92C-4F152A8DB7B9,1594,4,151.33333333333334,0,0.0,0,0.0,-1,425,887.0,85.06223580906556,296.2057,0.0,51.92384969314899,0.0,156.03835999999998,-17.356692032059385,0.054178227337672955,0,1029,0
60DE7DBA-7A39-48ED-8C19-37BA7939D964,5073,2,511.0,3,0.21584861028976934,441,31.729745712596095,67,369,129.0,6.7122804409091215,933.0,0.0,12.986771915328156,0.35974768381628225,27.0,9.75863005291804,0.2011762426088195,0,1029,0
47A5FFAD-993D-4B88-8A5D-8860C7C5D531,3393,3,72.5,1,0.1075744179192455,8,0.860595343353964,707,733,734.0,157.55617118174234,394.5086,0.0,47.5130476341071,0.0,216.33543999999998,0.9789455248162824,0.2784790064522416,0,1029,0
BD438B48-65EE-42A9-8504-2CA87CE3D9BA,8264,3,224.0,1,0.044167473378509195,5,0.220837366892546,505,505,825.0,284.7886669541181,702.64,0.0,110.49387811768185,0.0,462.4,126.47501514464733,1.068898898126076,0,1029,0
A8A5245D-E7DA-429A-B6C0-0C8B76505476,12716,3,234.0,3,0.08611198490091224,167,4.793567159484114,367,397,266.0,150.03887860130973,237.6,0.0,21.972292598255397,0.0,176.6,-6.8313245889640655,0.1851697340319604,0,1029,0
D61AD443-F61E-4E59-A4AC-C0A5AF47F6E9,4695,7,89.33333333333333,4,0.31096911608093714,684,53.17571884984025,584,322,1524.0,430.5934949265714,804.0,0.0,55.12045625146469,0.0,498.0,-13.355068954349122,-0.11551734768395858,0,1029,0
B974679A-1ECF-4E81-BA23-1882B09D8C39,9526,4,161.0,4,0.15326474910770524,59339,2273.6442368255302,339,372,395.0,148.6658136774244,589.0604,0.0,61.847922784912086,0.03831618727692631,210.48528,7.57388764433486,0.11654704104116105,0,1029,0
8ECEA5F6-88CB-472C-986C-087ECC5B0128,12716,2,114.0,2,0.05740798993394149,767120,22019.408619062597,456,854,555.0,79.7710458991532,272.2656,0.0,76.7954527642938,0.0,169.5313,-79.7710458991532,0.0,0,1029,0
015D38B7-1E72-4215-89EE-60DA1BE3D511,4737,3,218.0,3,0.2311589613679544,32,2.465695587924847,353,399,225.999,37.30325023121372,111.6028,0.0,15.25684909393088,0.0,57.01904,-1.0055777647013713,0.027899459367491313,0,1029,1
0B5AD3F1-F959-45DA-9F0A-ABB53C99CAF5,12716,2,34.0,1,0.028703994966970747,5,0.14351997483485374,525,802,412.0,88.05292602905378,282.23,-6.86,35.346478274120464,0.0,136.22,-2.0381467080661224,0.3193979686563257,0,1029,0
2890FA10-3AB3-494A-9979-3EBA965EFC67,5062,6,140.4,0,0.0,0,0.0,-1,120,188.0,39.75116098112083,99.82724,0.0,18.82902952356006,0.0,65.7145,-7.621297711414044,0.08771666964557377,0,1029,0
62DD5160-6FC9-4DDE-ADEE-2D5C01D717D4,9984,10,71.44444444444444,1,0.036558493589743585,24,0.8774038461538461,1008,198,479.0,59.493468138165944,232.0,0.0,19.95705339856906,0.0,86.0,-13.206431101128906,-0.09224732820243256,0,1029,1
C383D645-F93C-45E1-A259-52EE6554D9C3,12716,4,222.33333333333334,0,0.0,0,0.0,-1,149,489.0,79.43507487209986,234.9138,0.0,25.776497524388695,0.0,110.0,-6.284148946173929,-0.09024468041329389,0,1029,0
54742AD1-B566-4347-81B8-8A0D98593C11,12716,6,78.0,1,0.028703994966970747,329,9.443614344133374,801,426,693.0,243.18594686653105,394.6,0.0,31.307206097468427,0.0,278.0,-21.987814150481682,0.04106292272001516,0,1029,0
951EF7D8-8780-48A6-98B0-90BC0148854F,8181,6,161.0,7,0.31230900867864564,441,19.675467546754675,44,5,245.0,86.27505759765354,227.1,-31.51968,33.49981434281051,0.0,132.72,-7.783501270493048,0.6426366989751336,0,1029,0
353B1324-0EB2-4EDB-BB3A-B5C518F87B68,4294,3,184.0,2,0.17000465766185374,309,26.265719608756402,244,440,452.0,131.8749453751479,266.0704,-62.73737,41.512971439685465,0.0,188.94378,-34.41865553101209,0.13989598630366465,0,1029,0
E982614A-95D5-40B5-9990-9989ECF9F50C,8427,4,160.0,2,0.08662632016138602,70,3.0319212056485108,392,326,269.0,75.60457665117897,479.926,0.0,18.682754270348333,0.21656580040346507,100.3866,-3.8570679181542857,0.09732399154781748,0,1029,0
DD549033-7750-4EC7-B238-D207A907376E,12716,14,61.38461538461539,8,0.22963195973576597,409,11.739933941491035,259,0,159.0,40.25627606075416,135.6324,-25.27,13.460281935199912,0.0,55.86228799999999,2.2163851624958397,0.06188747962910478,0,1029,0
C87E7066-6AF7-4E62-80CE-BBDC10C985C2,2133,2,195.0,0,0.0,0,0.0,-1,608,250.0,59.203118358370446,237.9838,-72.89876,23.174853322809472,0.0,89.60001,-5.075150857598842,-0.11623314641650871,0,1029,0
D89AE226-4A70-4E95-8F42-9ABB15BED2BD,9146,7,159.83333333333334,2,0.0798163131423573,168,6.704570303958014,649,61,693.0,232.63262840097454,433.0719,0.0,63.37266608688416,0.0,310.3912,-16.955259279060954,0.08395531596015954,0,1029,0
43310AF9-A91A-4A1E-B1EA-3AB22FD0600A,1198,3,196.0,2,0.6093489148580968,166,50.57595993322204,391,628,226.0,35.73268478078896,162.3192,-53.42881,21.70703145029361,0.0,64.79153199999999,17.564181035183253,-0.02093103740276124,0,1029,0
71325C08-995D-45AA-B1B6-858700B36BD8,9707,2,17.0,3,0.11280519212939116,2772,104.23199752755744,644,1003,1270.0,322.6133007825394,719.64,0.0,111.97647631065414,0.0,459.3,48.05101789030016,0.3189910408460362,0,1029,0
DCB79EDB-51DA-42CC-8D88-BAFDB7C9D1F2,10015,5,209.0,1,0.036445332001997004,29,1.0569146280579131,826,181,407.0,47.999306093414354,189.8231,0.0,33.490255280777845,0.0,94.60324,-18.11572377310571,-0.14372400680688835,0,1029,0
70D97D06-EEDB-4620-AACA-3C3774C72A47,2112,3,174.5,4,0.6912878787878788,420,72.58522727272727,386,636,451.8,57.24881279214285,205.4536,0.0,22.16034251009094,0.0,88.057248,18.95967659057319,0.13322017707140524,0,1029,0
D0F53A9B-B47B-4FCD-BEE4-D44CEA55CEDA,1786,3,328.0,0,0.0,0,0.0,-1,325,753.0,0.4904144031033946,239.9767,0.0,9.68004449271745,0.0,0.0,-0.4904144031033946,0.0,0,1029,0
1C0E435A-C134-4347-89B4-E66983185C67,12716,2,183.0,0,0.0,0,0.0,-1,778,518.0,72.42650442373636,207.0313,0.0,33.79721562408651,0.0,119.7266,38.10360208552291,-0.03085290827753844,0,1029,0
B6565142-0266-48A2-8635-79C0D8A9A75A,4575,2,0.0,0,0.0,0,0.0,-1,961,250.0,19.319955800962376,105.0,0.0,17.869637474525337,0.0,45.0,-14.621113208369783,0.04654295454857002,0,1029,0
7DEE2F6C-25B1-4C45-9165-277335D80FDB,5874,4,77.0,1,0.06213823629553966,22,1.3670411985018724,455,729,377.0,43.43889079943501,177.0,0.0,30.457630937310242,0.0,87.0,-15.253474132768343,-0.11984555706469173,0,1029,0
7C2EE4F9-48BD-4695-AE5C-745084D36E91,12716,2,63.0,3,0.08611198490091224,182,5.224127083988676,932,957,101.0,0.7719622711888462,86.70906,0.0,5.819459320259174,0.0,0.0,-0.7719622711888462,0.0,0,1029,0
A467E6AC-6954-4289-B08E-5203E6AED0A9,1512,1,0.0,1,0.24140211640211642,112,27.037037037037038,92,957,301.0,46.028225440682846,112.9607,0.02827294,15.107561110412473,0.0,65.50013200000001,-7.658069256631919,0.030745832483061314,0,1029,0
4641D0B3-55D2-4610-8CA9-64F5108FBD2A,495,9,110.125,0,0.0,0,0.0,-1,108,678.0,143.94629378418836,383.0,0.0,60.80936714093024,0.0,219.5313,-26.777698105176015,-0.1463138453308148,0,1029,1
EABA266E-5971-4319-B289-76B58959B272,4570,1,0.0,0,0.0,0,0.0,-1,950,99999.0,196.85849304682796,646.422,-17.73434,134.72909640829243,0.0,392.02579999999995,57.82867091922142,0.9775458086387291,0,1029,0
645D282B-61B4-4513-B5F7-D2A9D16695E7,6828,3,126.0,0,0.0,0,0.0,-1,690,489.0,127.56651241999906,251.0,0.0,30.03025155096052,0.0,168.0,-0.5418210619743604,0.015281836349132912,0,1029,0
EDAE9693-FF75-41C4-A9F9-1EC775DCAC2C,12716,7,90.5,7,0.2009279647687952,313,8.984350424661843,371,391,269.0,65.48074976179824,116.8,0.0,18.348309544145643,0.0,88.2,-4.741513650687125,0.04263731119062624,0,1029,1
54DF2AC2-08E8-4796-9F51-0AE512D10818,12716,5,137.75,5,0.14351997483485374,413,11.854749921358918,53,378,259.0,64.81631930386507,233.9981,0.0,19.808437545252556,0.0,90.8,-15.033017569065684,0.08310581594779977,0,1029,1
886124C7-24B2-407F-AFE9-3E8C5C2B6FBA,3303,3,94.5,0,0.0,0,0.0,-1,734,452.0,70.94886211586773,237.7979,-3.7,35.326267788986655,0.0,119.02833999999999,-5.420240520497359,-0.0573303215730318,0,1029,1
E7B3BDAE-CD94-4E23-9BDA-CB3572944E67,3358,2,20.0,1,0.10869565217391305,62,6.739130434782609,86,901,451.0,134.2010732341267,270.0,0.04254523,18.973892292071188,0.0,158.39156,-6.518358387058797,0.19115363810369787,0,1029,0
2D0CC930-23BF-467A-994D-7E1B7264918D,12716,4,275.6666666666667,0,0.0,0,0.0,-1,108,265.0,56.95084240047239,160.4732,-3.172758,27.34289839259595,0.0,90.78839599999999,-4.470477529947701,-0.03855731657514451,0,1029,0
3BCC6676-AA3F-4F9F-A889-E02D04919D2C,12716,4,251.66666666666666,2,0.05740798993394149,20,0.574079899339415,157,159,226.0,37.307189390851335,170.0,-0.5851979,19.273510795913076,0.0,58.0,-9.297544329122939,-0.11261123915621438,0,1029,0
9E962D84-5185-4D44-BE32-7738296BE4CD,12716,4,248.66666666666666,3,0.08611198490091224,280,8.037118590751808,179,168,452.0,147.16536672575646,949.8596,-165.315,36.73282205925946,0.028703994966970747,191.1377,-9.326106330694728,0.01189971356761756,0,1029,0
B372A68C-1DA1-4CC9-8D63-0DF99DDCEBE9,7200,5,201.5,1,0.050694444444444445,375,19.010416666666664,159,105,377.0,109.14876238006447,246.0,-29.4,33.92019923870809,0.0,153.0,-14.56741865244102,-0.24265897220574856,0,1029,0
2FC0AB13-853C-4DE0-9B92-83F046AB2B4A,4452,5,205.5,1,0.08198562443845463,8,0.655884995507637,906,81,792.0,120.16666689146905,436.0,-35.98437,76.62894237538478,0.0,229.0,-38.865663805049294,0.12494403744396472,0,1029,0
7385215F-E55C-47DD-BD9F-64A206D48BEE,6983,6,156.8,0,0.0,0,0.0,-1,118,400.0,91.40294601701731,271.0,0.0,48.044371241584884,0.0,157.0,-22.953100338004973,-0.4673852053066391,0,1029,0
6865C41D-68D9-4AF3-9CFC-4C8AE008CBC1,12716,3,214.0,2,0.05740798993394149,46,1.3203837684806543,208,473,407.0,105.82354525932135,271.02,0.0,25.469532904052315,0.0,134.24399999999994,-0.11089788277813284,0.1198527361630346,0,1029,0
ED71725D-711F-4F01-89D3-49238120657A,-45,7,136.33333333333334,2,0.0,1188,0.0,410,80,452.0,94.65710164716252,451.0,0.0,37.121166313556785,0.0,135.51955999999998,-83.78160749190017,-0.6442689700829495,0,1029,1
D9737CB8-54FC-46DE-B36C-566B76A43BB9,6571,4,268.3333333333333,9,0.4999239080809618,251,13.942322325369046,80,80,235.999,63.19911577301493,169.0796,-54.6628,28.63101006103401,0.0,90.47241,10.975097615873956,0.13171584841629067,0,1029,0
914F6355-1212-4395-BE0E-55712F524310,5073,2,608.0,4,0.2877981470530258,464,33.384585058150996,67,271,258.0,53.380678166077566,109.0,0.0,13.017165368602344,0.0,71.0,6.631590352440952,0.07728440411019029,0,1029,0
3F471218-FD78-4A69-953A-233ABD829ADD,8270,10,92.0,2,0.0882708585247884,236,10.41596130592503,201,47,450.0,48.69653657139362,224.0,-0.2520762,35.88495092078349,0.0,105.0,-2.2368143491713965,0.27843766720167906,0,1029,0
7ABA0B82-836C-4A75-9624-9AE7E4F89BB3,4956,2,751.0,0,0.0,0,0.0,-1,127,682.0,181.46247815887864,290.7283,0.1995625,39.302391783183275,0.0,231.87974,5.660341919053451,0.10238628032649713,0,1029,0
1664D711-FBFE-4BAB-8601-ECE56ED1692B,1042,2,219.0,4,1.401151631477927,238,83.36852207293666,800,656,602.0,16.20219043401569,235.7021,0.0,19.711617133438697,0.0,45.0,-15.345786108398407,0.01032552003333704,0,1029,0
D3F9E81D-17B1-4532-B2B4-E50459C020DD,5442,1,0.0,6,0.402425578831312,111,7.444873208379272,10,874,979.0,278.8286361122078,563.3571,0.0,97.2804565017504,0.0,412.30642,18.495381153614233,0.2538923662319889,0,1029,0
17B966C6-8880-4C40-86FC-17FBAEF9AC4E,12716,3,233.5,0,0.0,0,0.0,-1,405,301.0,48.76363383463881,185.0,0.0,28.078907475158484,0.0,89.0,-10.709621488959797,0.01620398951856138,0,1029,1
7B2D3C96-43B6-4FA0-AB85-1112EC3265F7,10253,5,192.0,0,0.0,0,0.0,-1,86,452.0,103.64315178384369,229.0,-2.952,29.8460313749689,0.0,143.0,-8.316531413473328,0.15935237775116756,0,1029,0
A0DA4AB1-4E3D-4A00-B35F-D803557F15D7,12716,4,274.3333333333333,2,0.05740798993394149,7,0.2009279647687952,452,29,120.0,59.22040585062886,139.6385,-4.1,14.735810639036384,0.2583359547027367,78.39999999999418,-8.694479924702932,0.16259643394470666,1,1029,0
575027EE-0D74-43BC-94A0-E3B64141152E,2067,4,197.0,1,0.17658442186744072,492,86.87953555878084,801,257,1039.0,51.4555100865051,537.9292,0.0,35.449933168583506,0.0,107.10811999999999,9.150192953772674,0.3655433960273596,0,1029,0
2A44B059-4961-4BFB-AE93-36214ECB6718,12716,3,402.0,3,0.08611198490091224,217,6.228766907832652,398,40,452.0,134.64231065940515,350.6214,0.0,66.78390227222911,0.0,197.2793,19.522977153094843,0.1174846264632318,0,1029,0
CAC86566-186F-445F-8D6B-5F9C9B7998E7,2305,2,1.0,0,0.0,0,0.0,-1,828,1039.0,289.4108556616001,497.5063,-11.95917,63.43737069536078,0.0,374.8844,-51.74642652579766,0.4807292780885359,0,1029,1
C51C6412-E1C8-4148-B4A4-D305B89E7C77,934,2,257.0,19,7.425053533190578,23408,9147.665952890793,23,552,301.0,48.00506633898099,137.5312,0.0,27.069269596099875,0.0,78.80974,22.447768479691852,0.14731897495969534,0,1029,1
BF7DF309-F8B5-42A8-80DF-F33F7B3F23CC,12716,5,189.0,2,0.05740798993394149,11,0.3157439446366782,464,65,452.0,83.65343718531835,258.75,0.0,35.76864275333492,0.0,131.45,-0.8147975248245274,0.316929174497928,0,1029,0
8882E55D-02C6-4912-AA59-6B172B7CE495,819,1,0.0,0,0.0,0,0.0,-1,806,301.0,59.84715483972931,244.6236,0.0,36.48270283973093,0.0,102.29698,20.571796736350933,0.009123502417689135,0,961,0
9504E535-EA35-4A77-B780-C91CFFF034B3,819,2,87.0,1,0.4456654456654457,71,31.642246642246644,718,719,301.0,55.65043383197266,243.6725,0.0,38.13140551231836,0.0,101.13658,24.471256441646176,0.009062843897038124,0,1029,0
25AA28D4-530C-487E-B23A-4B36DA7B0D2F,12716,5,70.5,1,0.028703994966970747,198,5.6833910034602075,805,522,138.0,41.158515296302554,969.3001,0.0,14.292242990139862,0.4018559295375904,58.076442,-6.545201153478473,-0.12916983274053484,0,1029,0
BFB1CBA4-5945-4727-B97F-86C77ADF2661,12716,4,167.66666666666666,6,0.17222396980182447,567,16.275165146272414,26,285,226.0,38.91254344820535,101.2207,0.0,14.878025354577597,0.0,57.2937,-10.999927351754732,-0.36450554100887433,0,1029,0
8CF2A5DF-7CF3-4B04-A284-8BC476C4F5D1,2802,4,116.66666666666667,1,0.1302640970735189,353,45.98322626695218,801,488,151.0,10.839381239162108,29.4,-1.9725520000000002e-33,4.1038176804728055,0.0,15.68,1.2517468472576443,0.027156511091893168,0,1029,0
7838F992-B6AE-49F6-9D65-1643965275CA,12716,4,251.33333333333334,2,0.05740798993394149,242,6.94636678200692,801,26,324.0,71.12095347224721,519.9437,-9.187823,26.360533213450854,0.05740798993394149,98.78931,-31.266624778574368,-0.7403904123183496,0,1029,0
D09194E5-090B-4E02-B4F1-DF1660B32E3C,7789,8,124.14285714285714,3,0.14058287328283475,137,6.419951213249454,1,123,1082.0,323.33339122777375,616.7908,0.0,93.95935467368925,0.0,445.9534,14.496905022226258,-0.05278555995744533,0,1029,0
6939EDE7-AB90-483E-9569-5D300FB6F6C9,3448,2,264.0,2,0.21171693735498842,41,4.340197215777263,649,728,250.0,39.37437097792359,238.0,0.0,17.503816502756933,0.0,62.74771599999999,7.9679471235270185,0.03734257526162535,0,1029,0
8EC1309B-7A39-4510-B425-A85B6984B741,2441,2,14.0,2,0.29905776321179844,148,22.130274477673083,373,985,452.0,110.72281989868883,492.4323,0.03612974,19.497409673173234,0.747644408029496,135.23229999999998,-6.248647688812284,0.05377827640119303,0,1029,0
9BDE514B-020F-404D-8A35-FB43737D32D8,3071,4,140.0,0,0.0,0,0.0,-1,559,301.0,71.1894555895497,873.3192,-1.257899,40.027172997863104,0.5942689677629437,127.6894,45.56976542896882,0.9084425398951121,0,1029,0
B15C85AF-347A-4C23-A1B0-16BF49F6793A,3533,2,251.0,1,0.10331163317294084,61,6.302009623549392,534,715,452.0,120.95112862492442,1224.082,0.01196694,26.86723929214003,0.41324653269176337,154.55962,-16.31156917353553,0.11015493297916888,0,1029,0
46935390-998D-4ADB-9EE1-8F805F665B29,10075,2,930.0,3,0.1086848635235732,45,1.630272952853598,319,33,800.0,298.4477032176769,599.6461,-117.326,68.3861240685848,0.0,384.39137999999997,-5.778030470763326,-0.13246429813037233,0,1029,0
D94FC0EA-7ECE-4263-83D7-C903DE84DEFF,10091,6,174.4,5,0.18085422653849967,266,9.621444851848182,71,85,497.0,90.5757263443876,316.43,0.0,55.89128815340265,0.0,173.48,-20.744555048091314,0.393728761666913,0,1029,0
6C12752C-D69D-4470-A654-CD97E112AACD,12716,3,340.5,0,0.0,0,0.0,-1,267,188.0,28.940714458223795,237.84,0.0,14.80081354161054,0.14351997483485374,48.0,-5.481146556989227,-0.05098034508149287,0,1029,0
0499D104-91A5-4C2C-ADB9-93B751EA04E4,9707,5,221.25,0,0.0,0,0.0,-1,62,151.0,22.616469971432817,80.0,0.0,9.862084139675156,0.0,33.0,-1.8290725840871396,-0.0260576508839879,0,1029,0
FF463EF6-C8E2-43F3-86C4-604A6B5F27BF,12716,12,88.54545454545455,2,0.05740798993394149,81,2.3250235923246305,801,21,266.0,115.99040590131584,276.3,0.0,24.512195300454206,0.028703994966970747,146.5,-2.5679290494639986,0.17595957777127064,0,1029,0
5857F116-46F2-4144-9266-187B3561C77B,4655,2,404.0,1,0.07841031149301826,216,16.936627282491944,801,531,86.0,28.88597506477796,73.5,-12.30628,8.442232231033424,0.0,40.0,-4.158621669716229,0.05675909348659914,0,1029,0
2073F33A-AC6F-4451-B6CD-5BC5966B1EA1,1774,3,116.0,2,0.41149943630214203,314,64.6054114994363,801,699,1247.0,537.5229154538309,727.0559,0.0,72.97140667576694,0.0,630.41952,43.966208728267816,0.16819544256665972,0,1029,0
57C3CF66-E30C-416B-821B-51ACB8B43448,6903,4,272.6666666666667,0,0.0,0,0.0,-1,106,1126.0,229.9230752873952,810.0585,0.0,131.90668259246644,0.0,417.4804,85.60012528359243,1.6671669008002803,0,1029,0
08B439BD-C31C-45E1-BF75-FB72C43AC8EE,3271,2,1.0,2,0.22317334148578416,44,4.9098135126872515,686,921,151.0,35.58099393783749,87.27,0.0,13.820390328448909,0.0,54.98,4.237877204137824,0.048703844896224265,0,1029,0
573F935A-5A4F-4D09-9A77-9626B32FBB6D,12716,4,278.0,1,0.028703994966970747,24,0.6888958792072979,909,84,221.0,64.3343797531274,321.387,0.0,27.492275960589904,0.05740798993394149,95.4961,-11.154543964084183,-0.03550734917279053,0,1029,0
FE9D18AC-FF6F-406E-88E0-9D258741BB1D,4702,3,159.0,3,0.23287962569119525,154,11.954487452148022,616,600,693.0,163.43521487412735,315.3061,-13.21866,30.264423997277017,0.0,201.0835,-10.52903324295454,0.44200654911773346,0,1029,0
AD1F929A-DE63-4ECA-BBF6-054FAC6D4E8B,6165,4,145.66666666666666,0,0.0,0,0.0,-1,480,400.0,147.39531216145494,298.4,0.0,38.34464018165956,0.0,197.6,-16.33963314910926,0.1714598052799108,0,1029,0
AD28BEBD-7B0A-48DA-A06A-D0474308F9C0,3873,6,104.4,2,0.18848437903434032,110,10.366640846888716,307,386,920.0,161.7804993850906,437.0584,0.0,72.11696670340974,0.0,267.89348,-0.030782169812823668,0.5672469824022461,0,1029,0
6DD6EFA3-E5E9-4C15-ABB8-FD90FAD164AC,9298,4,277.3333333333333,1,0.03925575392557539,62,2.4338567433856744,801,48,693.0,231.60687007981483,431.4423,0.0,62.67396405061704,0.0,308.7158,-16.177903614345695,0.05403800095752136,0,1029,0
7911DB3D-781F-44BF-A4E1-F04D901D3E41,12716,8,110.71428571428571,8,0.22963195973576597,309,8.86953444479396,6,185,266.0,118.21445582170348,262.8241,0.0,24.39766925429157,0.0,143.65493999999998,-10.102435695931888,0.18593644279862936,0,1029,0
D59DDC65-B0C8-40A6-9851-50D0726C9E1F,9999,6,174.4,1,0.03650365036503651,32,1.1681168116811682,321,6,266.0,120.26845668549743,251.76,0.0,44.631899295530715,0.0,170.28,-104.33694656898508,-0.8431193390982692,0,1029,0
BA516C92-B8BA-4932-89EC-F76BA19FF692,1052,3,250.0,9,3.1226235741444865,259,89.86216730038022,395,363,180.0,33.939514016046154,91.4921,0.0,13.138651828861661,0.0,52.509072,0.6965008438303926,0.1320512430653022,0,1029,0
9FC14863-3CC6-4419-8EAC-8A14391D1053,12716,5,162.25,2,0.05740798993394149,205,5.884318968229003,55,208,251.0,108.36883224590619,200.1,0.0,26.979355270940733,0.0,144.0,-14.038400147140763,-0.04501204995596081,0,1029,0
391BDC4B-A13E-4AF6-9809-DE1B069E15B8,2133,3,86.5,0,0.0,0,0.0,-1,685,250.0,57.67442931878729,148.8,0.0,22.468322383095053,0.0,87.2,-4.927017632599018,-0.11451455378190166,0,1029,0
81921EC1-9D95-4D11-ABCA-9F41056FDFAE,4047,3,128.0,1,0.09019026439337781,6,0.5411415863602669,764,597,624.0,58.0488713962112,283.4639,-0.01787822,44.81414308979124,0.0,113.01361999999999,-32.20425080439021,-0.12337196602407481,0,1029,0
CEDB03AA-14E6-4AF4-A22B-70BD5C240A69,5785,2,350.0,2,0.12618841832324978,601,37.91961970613656,251,502,188.0,49.14220738407888,101.0,0.0,12.250092077401494,0.0,66.0,-6.58449133469616,-0.007950341377351133,0,1029,0
EDE16837-3A93-434E-8EC3-6C82B254D307,5290,1,0.0,0,0.0,0,0.0,-1,852,416.0,159.25241067720503,299.8828,0.0,37.1908099975495,0.0,203.9063,3.4025194457887835,-0.08616689118322361,0,1029,0
C13B1F0E-8DF7-4DBF-8B0F-5711BF854F0F,12716,6,111.8,1,0.028703994966970747,11,0.3157439446366782,828,267,555.0,77.03536261821893,344.4,-21.29142,52.64331939959113,0.0,147.0,-8.544806659113988,-0.11266068479940815,0,1029,0
55AE5DBD-8F36-4635-B56A-191A5A142912,12716,2,306.0,0,0.0,0,0.0,-1,521,266.0,51.783282767569794,138.9395,0.0,12.915575140960355,0.0,67.255394,-10.130533623279675,-0.07281386255680665,0,1029,1
7AFA9DF1-8E26-45B1-B1FA-1ABD84FC5533,12716,5,200.5,1,0.028703994966970747,98,2.812991506763133,223,22,450.0,119.78530047974213,254.8828,0.0,49.996410378610214,0.0,166.4063,20.99194626408503,0.5474600316453123,0,1029,0
0AF08811-0440-44C2-983C-AC2BBB85C7EC,12716,2,312.0,2,0.05740798993394149,69,1.9805756527209815,658,504,527.0,71.46915005362008,196.875,-42.45663,30.633865174485877,0.0,114.0625,34.80371628048486,-0.045284640839967985,0,1029,1
4838A492-89EE-487C-BCEC-C7FE34C6DF3B,4371,2,0.0,0,0.0,0,0.0,-1,813,554.0,121.3782474439233,343.1349,0.0,50.85293742356001,0.0,187.37214,-32.95522075148503,0.13596137348304446,0,1029,0
CFE21D01-E519-4F8F-994D-1EE5E98268D4,12716,6,142.8,3,0.08611198490091224,599,17.193692985215478,173,93,693.0,248.4624098616584,406.3,0.0,32.69220549306258,0.0,285.0,-23.475226219683037,0.07285616537,0,1029,0
C35E8565-17DA-4303-A1D7-9A9FD54D7440,3962,1,0.0,1,0.09212518929833419,2,0.18425037859666837,971,807,887.0,70.7632287400569,217.0,0.0,28.729754148590516,0.0,111.0,-21.85659293758777,-0.2136730414820887,0,1029,0
E6464C40-4171-4D14-B258-96BD51732EE0,4480,3,54.5,2,0.16294642857142858,338,27.53794642857143,801,772,624.0,107.69929978442414,539.7876,0.07529975,63.68611738000104,0.0,199.12547999999998,-53.732767597556865,-1.0934163327796385,0,1029,0
79EF276C-3569-474F-AC05-EE8F1FBBC038,5542,5,197.25,5,0.3293035005413208,760,50.054132082280766,314,5,138.0,29.556023321836353,546.779,0.0,6.316717633593118,0.3293035005413208,36.59602,0.696427358430622,0.062079661628518634,0,1029,0
226FA0AE-EA74-4C4D-9121-0A1FC45E49F7,12716,10,85.0,1,0.028703994966970747,22,0.6314878892733564,415,19,437.0,162.45237894496745,533.7,0.0,36.136713443161234,0.14351997483485374,208.7472,-22.074068777529163,0.1571036006793138,0,1029,0
54545F03-85D8-41FE-BD75-1BF99660F253,6711,2,4.0,1,0.05438831768737893,20,1.0877663537475786,781,778,803.0,261.6957993419283,541.9922,0.0,54.751981756114134,0.0,302.399,-15.843515391311058,0.3757613422779631,0,1029,0
45BD2F42-F612-46C5-91AE-7340948897A0,3199,6,153.0,0,0.0,0,0.0,-1,15,84.0,23.535655702528267,90.51721,0.0,15.934634735893633,2.966552047514848,46.821382,7.118602493690869,-0.04142302046134787,0,1029,0
B70327BD-54B3-4AF3-AD2F-374725749C99,2589,3,294.0,1,0.1409810737736578,86,12.124372344534569,181,181,250.0,36.19438060292498,138.3914,-231.9782,11.196357795322362,0.0,49.436602,1.7531005012416898,-0.11259337468107236,0,1029,0
CAE19294-B1D9-46C0-ADD6-2B699443BDB5,12716,6,147.8,16,0.45926391947153195,1436,41.21893677256999,47,26,376.0,124.63373127572363,329.0,0.0,46.61776302001289,0.0,187.0,-17.154255967081653,0.053436409616080954,0,1029,1
48820C0E-3CCF-4017-8A83-4D510210E544,12716,8,122.0,4,0.11481597986788299,482,13.8353255740799,219,7,461.0,124.76195633235788,800.3197,0.0,74.4207676799923,0.17222396980182447,196.32888,22.367692913012476,-0.06813406037339703,0,1029,0
7DCBA3BF-C461-43D2-9388-494393ACD18C,3071,12,32.27272727272727,7,0.8319765548681212,223,26.50439596222729,58,389,717.0,164.24475207731479,368.4234,0.007983411,45.01110422473589,0.0,223.34531999999996,-7.919870395678998,0.3446197634473971,0,1029,0
6D874067-376B-4E91-8E62-6A1F26BA7EFE,4895,8,37.42857142857143,3,0.2236976506639428,20,1.4913176710929519,509,513,920.0,173.43081946478196,446.5204,0.03689134,70.71253516841593,0.0,275.6146,6.988754463458747,0.589747339953228,0,1029,0
4B87FBD1-5119-4F64-A8B0-56EA6844A1B4,5073,5,124.75,1,0.07194953676325645,3801,273.4801892371378,110,273,395.0,115.99572378401943,204.8257,0.0,22.044461018861984,0.0,144.8767,0.8103580446842642,0.13091563891850985,0,1029,0
BC1A0767-7D63-4966-A45F-C69C2B6720A7,1682,4,152.33333333333334,1,0.2170035671819263,369,80.0743162901308,801,309,451.0,62.5832369299533,318.2505,-7.956126,35.245693454057836,0.0,112.60007999999995,21.051305515262754,0.4212028813267359,0,1029,0
434A719B-8929-42EE-85B0-BCD8390A2FD4,4111,2,0.0,0,0.0,0,0.0,-1,763,452.0,117.62715770415025,542.7101,0.0,29.959870490976208,0.4439309170518122,156.0,8.736499703257152,0.029275047673802065,0,1029,0
60D4B1B4-1E0D-4236-AC69-F3AE586A8F1D,6187,3,292.0,2,0.11798933247131081,385,22.71294650072733,85,176,84.0,18.504065712296658,66.12852,0.0,8.066332758634339,0.0,26.599664,3.7223216599564317,0.07728758460731779,0,1029,0
9F376D6D-F527-405E-BA33-CC75D29896CA,12716,1,0.0,1,0.028703994966970747,35,1.004639823843976,786,761,313.0,36.79161558834065,144.0,0.0,26.913914768855705,0.0,82.0,-19.685751390809784,-0.003462590260359895,0,1029,0
A813927B-ADCC-4F53-9034-AF9AC78B3F6B,789,4,114.0,1,0.46261089987325726,13,6.013941698352345,636,416,753.0,136.70927010818627,402.6877,-1.182,52.32303450459536,0.0,187.2943,23.78054369042485,0.28616822531631064,0,856,0
4EBE1ECE-606C-46A0-B2F9-989FA0DA81E7,4364,3,373.0,1,0.08363886342804766,71,5.938359303391384,10,11,451.0,88.99331146809762,290.6211,0.0,19.688463087125967,0.0,115.0,3.4951144578283078,0.25557499096817393,0,1029,0
EF9F8FC6-EF23-4520-80A2-DF7A9EA82C2E,2856,3,101.5,1,0.12780112044817926,17,2.1726190476190474,428,552,301.0,39.274120335599825,106.5778,0.0,17.071285409290457,0.0,59.86801,-2.277954752035008,0.08693987774556323,0,1029,0
20A69E41-B138-45F4-B805-694EF0C43A87,3860,4,236.0,4,0.37823834196891193,345,32.623056994818654,204,104,452.0,27.531107598758606,122.3371,0.0005835696,21.651957877872686,0.0,55.09545,14.750784213587078,-0.06270637973359562,0,1029,0
9664692D-2042-40DC-A05E-28893CF7D0BF,4078,4,108.66666666666667,3,0.2685139774399215,305,27.298921039725354,227,421,734.0,143.23266466669077,347.4693,-13.0108,68.93036743608722,0.0,226.78588,53.270774901982065,0.43834268122533276,0,1029,0
B5436533-5880-4038-9A64-C2BA7CAEA666,4436,6,117.0,1,0.08228133453561767,11,0.9050946798917944,213,154,314.0,29.26731254796677,159.0,-4.015089,19.730769204382742,0.0,58.0,-9.852343412164302,-0.018141814490148258,0,1029,0
943FD77E-B890-494F-9B86-8E962BC85129,895,2,0.0,4,1.6312849162011174,660,269.16201117318434,204,732,151.0,8.192469746936817,24.73297,0.0,3.6825717855897806,0.0,11.95679,1.9443238451928124,0.0187912847075224,0,1029,0
72A308E8-6508-453F-80F6-000D170432F1,12716,5,174.5,2,0.05740798993394149,15,0.43055992450456115,397,32,472.0,138.043368778764,389.5379,-32.87768,87.19157785548757,0.0,237.78116,-15.566978215415233,-1.0391169093585886,0,1029,0
CCA0AF18-F42A-4AE2-A993-8AEB1B02DAE5,12716,4,136.66666666666666,1,0.028703994966970747,40,1.14815979867883,195,314,264.0,99.24996046420483,204.5,0.0,32.68388010400447,0.0,140.9,-6.145307685886948,0.06362794559544807,0,1029,0
C852126A-A2BE-436B-B7D3-A12C44115ABD,5245,3,0.5,3,0.20877025738798854,17,1.1830314585319353,35,720,489.0,96.82401172964242,542.9,0.0,20.80137665455095,0.3479504289799809,123.0,5.322053085172399,0.1322643284720985,0,1029,0
10C57184-042F-41C2-8FD4-8127F55287E7,5049,9,86.125,2,0.14458308575955633,17,1.228956228956229,291,21,870.0,200.81193923539368,433.2058,-19.4625,48.45292763984728,0.0,259.8602599999999,-0.7427253954862749,0.1329100796944041,0,1029,0
8A5D8DB0-38BE-402C-BBB2-249372283E4D,7246,1,0.0,0,0.0,0,0.0,-1,711,450.0,109.850746450222,201.17,0.0,23.71510526064138,0.0,140.19,23.472282870765667,-0.07031704874414252,0,1029,0
A72BD56D-7FA5-4317-AB3A-A394D5404236,8167,6,126.2,1,0.0446920533855761,376,16.804212072976615,418,170,803.0,75.41992186169891,463.7369,0.0,55.86645022212244,0.0,122.69023999999997,30.49351386515295,0.21293455826155835,0,1029,1
B9EA2DFA-D4D1-4A7B-AE67-B016338A08AA,12716,4,51.0,0,0.0,0,0.0,-1,556,452.0,110.06058323403192,318.6141,0.0,73.00478600121764,0.0,188.9711,28.013064154856977,0.14307246576153598,0,1029,0
6BA3AF5F-A1DB-4453-B0FF-436B72B71550,12716,2,0.0,0,0.0,0,0.0,-1,708,392.0,112.76076153656794,185.6867,0.0,18.20276103192713,0.0,136.55999999999997,5.720122123154283,-0.008025181493143,0,1029,0
49C016C3-520D-4853-8EF2-81B177ED8825,1469,3,108.5,2,0.49693669162695714,454,112.80462899931926,800,481,301.0,97.46790220819508,224.8,0.0,23.340791240195177,0.0,130.93689999999998,-5.456699557732108,-0.3390131641979025,0,1029,0
3D5714B3-E512-47CC-A8C0-C849047C9878,8342,2,91.0,3,0.13126348597458642,184,8.050827139774634,287,594,100.0,38.15203735315983,57.9,0.0,6.235625717895381,0.0,46.2,-0.18702192106105997,0.00015393990109432133,0,1029,0
8F6E3CDE-8753-48A8-82A2-F3C9DA2C96BF,12716,4,51.0,5,0.14351997483485374,330,9.472318339100346,389,530,264.0,88.68012850108468,241.8,-794.5035,35.92303737920608,0.0,139.8,21.86463955601407,-0.07290395859924793,0,1029,0
67E58C5A-8E95-41B8-92F3-E6B672032201,1667,4,110.66666666666667,2,0.4379124175164967,449,98.31133773245351,683,346,831.0,356.8828329026742,18909180.0,0.0,69518.67459326572,0.4379124175164967,125.36352,-265.47530190035934,-0.23165816742302958,1,1029,0
EC098375-B938-4880-A7C8-4EB8C297FC03,12716,4,94.66666666666667,1,0.028703994966970747,165,4.736159169550173,801,390,269.0,87.36470765204403,183.3543,0.0,20.444206144608128,0.0,116.00182,-6.349226463000818,0.02326509372262741,0,1029,0
DBBA78B9-5F4F-4381-9883-AA275249DB94,8353,12,49.45454545454545,7,0.30587812761881955,931,40.681790973303,88,107,301.0,64.35926730014124,542.6331,0.0,15.959257661910462,0.21848437687058542,87.0,-2.9681793371782774,0.05793299241327336,0,1029,0
31301640-2226-41DC-B1A9-EBC5A4DE58B5,9420,3,216.5,2,0.07749469214437368,41,1.5886411889596603,131,222,188.0,21.601951786547,69.0,-53.0,8.304902811268702,0.0,32.0,-6.566380798892681,-0.007020242553965418,0,1029,0
CE399C1D-9475-42B2-A10B-6D1B2FEAF527,2911,6,122.0,17,2.1315699072483683,1382,173.2840948127791,193,312,188.0,-20.170842147235533,0.0,-61.5,9.19974014717917,0.0,0.0,20.170842147235533,0.0,0,1029,0
0362A7F3-A940-436C-88B4-9AE1E666EBC0,12716,3,114.5,0,0.0,0,0.0,-1,555,119.0,15.584200044605215,149.76,0.0,21.560010958154155,0.05740798993394149,50.22,-15.584200044605215,0.0,0,1029,0
40A5B8E3-4F46-4245-9A30-23AF39FB3B4F,8664,5,161.0,0,0.0,0,0.0,-1,1,693.0,178.56834902755344,366.0,0.0,80.90995347091862,0.0,267.0,11.601326898372491,0.288116331234138,0,1029,0
5EB18AA2-19DE-47F3-8B9F-24DD3BE012E5,5950,3,243.0,1,0.061344537815126055,329,20.18235294117647,801,148,133.0,42.87525853616144,99.94489,0.0,13.447055428821846,0.0,60.19575,2.414886267233612,0.0726392900481137,0,1029,0
7557F0E7-2BAE-4289-8899-242ED9B3EE10,10477,6,126.4,0,0.0,0,0.0,-1,175,407.0,46.56220468121396,398.3401,0.0,32.92020811387032,0.0,91.858724,-16.52380020742538,-0.14433679301984745,0,1029,0
0546D5F3-6EF7-482D-9386-567CB1639566,5507,1,0.0,6,0.39767568549119303,281,18.624477937170873,542,628,188.0,28.838879762643025,319.0,0.0,12.185884202969508,0.4639549664063919,46.0,1.85255542254216,-0.015169053792679313,0,1029,0
C1509DEB-8344-42FD-91B5-65E8E93FC165,12716,4,199.66666666666666,3,0.08611198490091224,68,1.9518716577540107,92,26,489.0,125.22707734670162,303.9775,0.0,38.182726810807566,0.0,174.36296,-10.284006029988674,0.5973411971667918,0,1029,0
254BFB28-EF86-46B8-81C3-3DCB0782773E,790,3,39.5,2,0.9240506329113923,1194,551.6582278481012,533,623,450.0,76.74975631379546,270.45,0.0,41.80937950362895,0.0,128.27,10.732185044229226,0.2916607434387605,0,912,0
0C8A89C0-AFD8-4542-A1C7-AC4198C5ED37,2833,3,230.0,1,0.1288386869043417,182,23.448641016590187,360,154,777.0,217.85600233693998,748.2,0.0,43.8639696354553,0.0,272.2549,37.828038473245186,-0.20570758866575364,0,1029,0
1D0139A9-546B-4410-98A5-EF44AE53DBA1,5055,1,0.0,0,0.0,0,0.0,-1,614,489.0,115.74345631120453,227.0,0.0,28.96581631984277,0.0,154.0,9.871589985091774,0.12012737054860206,0,1029,0
92AAE5D8-79F8-4413-94A3-33A7894130B8,12716,5,134.75,4,0.11481597986788299,1130,32.43551431267694,151,52,663.0,174.20263721033743,694.3537,-1.411111,82.58490562409419,0.05740798993394149,237.7441,-84.57866744490532,-2.2784600424048014,0,1029,0
462C0070-90D1-47B8-B17B-FE1F0836461E,12716,2,342.0,4,0.11481597986788299,1302,37.37260144699591,339,591,1370.0,436.68287996647905,807.96,0.0,122.96474548224316,0.0,611.72,-75.05867394796059,1.339742264133821,0,1029,0
AC52B34B-D800-4D88-A136-D15385665CA3,12716,3,227.5,4,0.11481597986788299,91,2.612063541994338,334,390,104.0,18.455755000642032,352.9,0.0,6.806633182838245,0.05740798993394149,26.1,-14.902321354654378,-0.18235018175598927,0,1029,0
5FB23539-F40F-467E-81AF-3F9848C0F79B,4093,2,126.0,0,0.0,0,0.0,-1,580,1247.0,290.1339596441369,686.6897,-3.53,110.3226219375447,0.0,430.73654,200.95662057962852,-0.41096408024245795,0,1029,0
0C817BA4-271B-4C0C-A9A6-EF78579AD9BD,12716,4,19.666666666666668,2,0.05740798993394149,713,20.465948411450142,579,522,452.0,115.97004669960192,464.44,0.0,43.57880263821542,0.11481597986788299,174.13,17.489951757188194,0.23888291650078058,0,1029,0
7AB02050-BE16-4E86-99CF-7FBFB7D8400E,2882,2,0.0,2,0.2532963219986121,284,35.968077723802914,772,575,151.0,35.91286311407273,234.2568,-35.45,10.921740360224442,0.3799444829979181,50.0,-5.106227311603593,-0.10211228638198251,0,1029,0
B52D06BF-8FE9-476B-AC66-5502470254A9,12716,4,9.0,0,0.0,0,0.0,-1,545,282.0,30.998184730379073,97.0,-44.7,11.087819785399896,0.0,44.0,-0.5130767056877161,-0.10392086585910208,0,1029,0
2162DBD3-BC3F-4F28-9CB6-9FC2E4B5DE8E,716,1,0.0,0,0.0,0,0.0,-1,565,678.0,44.78748308165493,162.9295,0.0,30.344838308452466,0.0,87.73041,-0.6799841544172764,-0.191329046516138,0,765,0
5F318A4F-B8BB-4B45-B26A-D75B9C8E4051,7694,5,19.5,2,0.09487912659214974,279,13.235638159604887,580,564,251.0,59.975811747612646,514.0,0.0,40.142546244582654,0.23719781648037433,119.0,40.4084089313997,0.7762810966602468,0,1029,0
2392ED53-E2AE-4D43-BE95-A9067BBB0D6B,6468,1,0.0,0,0.0,0,0.0,-1,555,269.0,90.63244634611772,187.9434,0.0,18.013682948712308,0.0,117.297,-11.142130884697963,0.18432925371781003,0,1029,1
6545E4B5-126B-4F8B-99D1-D6A633A02B45,12716,5,35.75,4,0.11481597986788299,340,9.759358288770054,27,408,488.0,149.20132935046328,536.87,0.0,40.221640806839844,0.14351997483485374,203.84,-37.35163104799415,-0.05918761975655002,0,1029,1
E88FEECA-C31D-40F6-9CFA-EAC22B9C9885,12716,3,41.5,1,0.028703994966970747,4,0.11481597986788299,600,551,188.0,30.13911747213906,138.785,0.0,15.16594762539526,0.0,50.0,-5.39343845979338,-0.05882562090429848,0,1029,0
1FCA5E9B-62A4-4670-B189-9121A55174CF,3390,5,52.25,2,0.21533923303834807,417,44.89823008849557,67,341,416.0,33.22861844755925,192.8626,0.0,15.851218008353275,0.0,47.735773999999964,0.7867055269777836,-0.0015424912706751368,0,1029,0
B2F5EE12-7D0C-449F-9C00-3B0C09AE260F,2198,2,9.0,6,0.9963603275705186,323,53.637397634212924,3,548,489.0,87.80416494527871,311.1475,0.0,52.213245123351996,0.0,158.60039999999998,21.831808487236714,0.3892307889105002,0,1029,0
6B97EC58-3A8F-4853-B9E5-0FC6D32CB782,12716,3,0.5,0,0.0,0,0.0,-1,547,523.0,80.03407437088674,321.6244,0.0,48.822962024313256,0.0,156.8899,4.067923387600899,-0.051646618249136834,0,1029,0
954A1AEE-2A12-4D99-A1B2-A583D6155930,2802,4,11.666666666666666,0,0.0,0,0.0,-1,509,151.0,18.226734521285824,41.92131,0.0,3.7557885376272018,0.0,22.98444,2.0551841696092374,0.04843374396151416,0,1029,1
D3573AEA-0C75-456D-962E-55892348EF0E,7831,3,302.5,1,0.04660962839994892,132,6.152470948793257,655,72,955.0,151.27447977522016,1201.875,0.0,64.88114920276819,0.04660962839994892,229.7598,-29.559368481238664,0.32634819529206793,0,1029,0
E92FEBC9-D26C-4814-8C7B-F0EB7E2E0D38,9710,3,216.0,2,0.07518022657054582,70,2.631307929969104,507,110,141.0,39.44084754032994,114.5508,0.0,17.277694516766303,0.0,59.57,-6.044092139095369,0.09223034565307082,0,1029,0
4870D3E9-B523-4119-BD26-273283DF0939,7456,8,101.71428571428571,2,0.0979077253218884,159,7.783664163090128,7,51,1382.0,278.7108758207574,867.24,-70.27345,132.31404415296373,0.0,467.61,-59.11414356767099,0.9452294447643822,0,1029,0
508E3286-B2CC-4151-8711-C32B9E97B6C5,6711,2,7.0,4,0.21755327074951572,693,37.6911041573536,226,530,803.0,241.1228984382788,401.5503,0.0,53.8574491176113,0.0,307.9834,7.450753490733547,-0.09991656383071934,0,1029,0
0C337E90-C8DF-451D-A9F3-1447F9B49CE6,12716,1,0.0,1,0.028703994966970747,44,1.2629757785467128,761,528,792.0,219.77568491623128,449.67,0.0,57.66639201655761,0.0,297.28,-48.72905914462632,0.41519067454586317,0,1029,0
72E185DB-B9FE-4BEB-98BF-8950E5072BB4,12716,3,149.0,1,0.028703994966970747,181,5.195423089021705,567,226,266.0,92.81304135692417,160.8,0.0,18.525265249338403,0.0,120.1,-10.782779011245168,0.19033934230556357,0,1029,0
0C530106-0EB3-4B06-97F8-B0FBA94809EE,12716,2,45.0,1,0.028703994966970747,114,3.272255426234665,801,479,395.0,68.58963689464542,365.0,-29.58497,66.76625005344128,0.0,148.0,-68.58963689464542,0.0,0,1029,0
4E2C99F6-2E9A-4949-B7B2-C7C9CCF45E6D,4294,2,75.0,4,0.3400093153237075,609,51.76641825803446,244,447,452.0,133.6247230481781,267.6082,0.06163254,40.30659550189046,0.0,188.8657,-32.902350728733666,0.12984537489644574,0,1029,0
9D4BD847-8AA1-4705-A90E-3D053ECC8A01,2150,2,244.0,1,0.16976744186046513,42,7.130232558139536,761,278,497.0,75.7599620185582,235.7,0.0,26.545703065132525,0.0,110.0,-0.760887944484125,-0.09113024927639612,0,1029,0
E0D4FC66-F84A-4835-94CD-B0FA8144AF12,5015,4,241.66666666666666,7,0.5094715852442672,376,27.365902293120637,23,41,264.0,85.44644272048497,209.0,0.0,36.00301374975471,0.0,136.0,21.51405172635144,-0.06109750787562283,0,1029,0
FED49662-EC92-43C7-B43C-5500FD9ACAE1,12716,6,70.6,1,0.028703994966970747,202,5.7982069833280905,566,191,266.0,92.93569044178768,161.4,0.0,18.601315499629287,0.0,120.2,-10.700898775121019,0.1903505748308418,0,1029,0
952239C5-D3DA-4BC9-BD6F-215E81E4EBB5,10246,1,0.0,5,0.17811829006441537,991,35.30304509076713,111,519,188.0,37.13553909364968,129.6142,-19.60703,13.194120486396695,0.0,53.84972,-3.998651987862644,-0.028524840021492453,0,1029,0
E4620871-1E6B-4F9B-A1AD-BA312DA2991A,8359,1,0.0,0,0.0,0,0.0,-1,519,251.0,52.66512640652983,117.9296,0.0,13.225321123507443,0.0,68.68816,-10.135404611313774,-0.09638534848648336,0,1029,1
E020129A-E1B9-4C74-A2BA-9A2EAC5E43D8,3169,5,107.0,0,0.0,0,0.0,-1,157,887.0,158.35526188285232,2048.0,0.0,47.94475872004016,0.11517828968128746,222.3459,-26.93318135198811,0.23430894525718368,0,1029,0
184A220E-3158-4A4A-B9FB-6B022D7A2CBD,8961,3,203.0,9,0.36658855038500165,610,24.846557303872334,480,110,251.0,83.49598760326288,151.4,0.0,24.674001925795928,0.0,113.0,-13.70007710920423,-0.11121382156360472,0,1029,1
FC159190-9B7E-4A2F-9810-EEC819F428E7,655,12,41.0,12,6.687022900763359,4518,2517.6641221374043,92,62,301.0,54.68321131657157,200.1293,0.0,18.635564939853257,0.0,71.49643499999999,8.134953867842,0.08360391619387349,0,702,0
B0D8707A-E15A-4F2A-84EF-950F34F3804D,6159,3,235.0,0,0.0,0,0.0,-1,43,400.0,149.27360560124893,301.2,0.0,38.96571302401899,0.0,200.0,-17.68203152717487,0.1708959267946864,0,1029,0
0FBE9D7E-E88D-4F40-823B-DCC3D84E8186,1957,5,119.5,2,0.37301992846193155,287,53.52835973428718,519,462,1662.0,348.1278801205674,945.0,-29.97876,119.11910367086091,0.0,491.0,16.657768027580744,-1.6810255495653044,0,1029,0
93CC4229-77D3-4EE6-A427-EB8D046F43DA,4459,4,155.0,2,0.16371383718322494,97,7.940121103386409,307,40,804.0,188.7896644738354,1674.656,0.0,33.39109719981941,0.40928459295806235,232.5,-7.521145955316882,0.058781262432782526,0,1029,0
70B7AC8B-8E82-463C-9CBC-C4ABAB197FFA,5444,9,54.125,3,0.2011388684790595,251,16.82861866274798,698,103,535.0,173.72666995502644,376.5974,0.0,35.5377347324383,0.0,216.9006,19.72632515608467,0.21294493647346646,0,1029,0
59DCC837-2368-4FBA-98B4-D225B684101E,677,3,157.0,1,0.5391432791728212,51,27.496307237813884,16,186,542.0,46.20930588894085,186.0661,-13.67728,32.62286924821397,0.0,91.33049,2.6848538014140857,0.01567696251561693,0,729,0
209EB4C0-E63E-478E-A305-E8F3B77F307B,1702,4,52.666666666666664,2,0.4289071680376028,143,30.6668625146886,377,339,472.0,43.55987214268047,251.8151,0.0,27.73995802953846,0.0,83.277038,2.4772161434306383,0.16550321397734016,0,1029,0
561A0161-97F0-46AA-AC51-EDD6468D88CD,12716,4,107.66666666666667,2,0.05740798993394149,20,0.574079899339415,469,169,306.0,60.803220584490454,150.0977,0.0,19.068025267695347,0.0,82.30941199999998,-5.68665783178983,-0.0457645748123897,0,1029,0
90E5D015-459C-4F18-AA9F-F1DA845ABA9C,12716,1,0.0,3,0.08611198490091224,194,5.568575023592325,174,491,792.0,223.5306874505802,440.72,0.0,60.89050909161769,0.0,304.25,-70.25812880860488,-0.7612157216484942,0,1029,0
4E122FE7-704A-452D-9967-877E01CD93E6,12716,4,153.33333333333334,0,0.0,0,0.0,-1,23,432.0,114.2306928409713,205.7,0.0,23.149661343800208,0.0,143.6,0.13889435038673525,-0.5689463771248819,0,1029,0
BD1E5AE5-A8F9-4859-95B6-CF29DB31498B,5066,2,17.0,1,0.07204895380971181,10,0.7204895380971181,165,484,313.0,40.69707595367413,171.0,0.0,15.417882111022124,0.0,60.14489599999999,-3.6150543487358604,-0.11072451788748006,0,1029,1
56A6E8B4-5CB0-4FC6-941E-80CF6B752D5B,1686,2,1.0,2,0.43297746144721233,433,93.73962040332147,800,481,831.0,37.70062136441571,482.3438,0.0,21.976287022310853,0.0,66.42157,5.938080577065769,-0.22436836044859793,0,1029,0
388C3696-9A66-4D81-B6DF-71463D42FC58,12716,4,167.33333333333334,2,0.05740798993394149,194,5.568575023592325,495,227,798.0,211.83234099495158,556.0,0.0,67.16831040231996,0.0,301.0,-19.59322062458122,0.29142801123120793,0,1029,0
8279B13B-B969-4823-9B7F-4062A583A5B6,8426,3,225.0,1,0.043318300498457155,101,4.375148350344173,2,473,251.0,124.83851269634447,203.04,0.0,22.56927656064743,0.0,152.4,2.6617471940876385,0.19420056405900396,0,1029,0
4F43BEE4-EE32-4363-BECE-ADB0CDC9381E,6495,4,65.0,1,0.056197074672825253,21,1.1801385681293304,323,440,269.0,58.6947724754175,205.6556,0.0,22.055863200212826,0.0,86.55347599999999,-1.6477175076705848,0.11720905359675934,0,1029,0
C8CE04A2-2920-4BDB-BB04-646C1768EDC8,1245,1,0.0,1,0.29317269076305225,70,20.522088353413654,801,465,1039.0,245.02569861385305,653.0061,-46.3125,45.58829999050373,0.0,301.62863999999996,31.494993075961787,0.2318544607985179,0,1029,0
DDBD0F06-A031-441A-B893-77B34ABBEA40,4047,3,79.0,2,0.18038052878675562,106,9.560168025698049,436,401,624.0,149.06692130293914,473.9,-6.620637,85.56817228895208,0.0,268.3,-7.832500006642846,-0.18459207926919188,0,1029,0
CA49E920-2F97-4BE1-B8D7-661D1DF2BD22,8353,3,66.5,3,0.13109062612235126,294,12.846881359990421,4,328,301.0,58.09358911301168,213.8,0.0,23.608256959107507,0.0,88.3,-5.178928614169095,0.041333783723650666,0,1029,0
6834BFCB-B69B-4C1D-91F8-7927ED064E29,12716,5,69.0,5,0.14351997483485374,358,10.276030198175526,180,218,100.0,23.535558736035746,52.0,0.0,7.414549582501062,0.0,32.0,2.115444980399438,0.06650299809342236,0,1029,0
3F8B8808-332F-42CC-95C5-5E25C2CC3B0C,4800,3,58.5,1,0.07604166666666667,13,0.9885416666666668,75,460,377.0,105.61934199434333,233.38,0.0,38.819595623422224,0.0,147.67358000000002,-16.813900816797016,-0.02833189006190463,0,1029,0
5C5A7F54-7A76-4786-A969-B33B6066F4C0,10248,4,65.33333333333333,1,0.03561670569867291,449,15.991900858704138,389,460,489.0,110.96637351571634,286.0,-30.7,50.27721528635375,0.0,179.0,-10.3131327749756,0.27178115267994357,0,1029,0
DB74109B-2CDA-4D4C-86CD-252E49F1C0E1,8991,5,145.0,1,0.04059615170726282,144,5.845845845845846,801,417,811.0,433.50434172971,939.3906,0.0,33.77290748265884,0.12178845512178846,473.1488,11.91451676566038,0.24982935492110964,0,1029,0
8851D927-6303-4FAE-992B-A1231C700070,5161,2,44.0,1,0.07072272815345863,100,7.072272815345863,103,414,400.0,138.32453518992077,3052.211,0.0,34.19924024087633,0.07072272815345863,177.78748,-10.553865020939284,-0.11441158885026155,0,1029,0
A71477A6-16AD-4759-8D98-7AB56DC5AB7D,12716,5,103.75,0,0.0,0,0.0,-1,41,269.0,119.91127326816112,195.36,-2.8,22.371293905520492,0.0,146.64,-2.4629576979450576,0.30242222342311614,0,1029,0
E808587E-D5AA-4244-A5AF-DB648578235D,9679,4,82.33333333333333,2,0.07542101456762063,143,5.392602541584875,127,201,538.0,94.4505979555712,238.8672,0.0,25.869446675491574,0.0,128.4668,-7.165271564367487,0.09394025216468294,0,1029,1
D84B2D7C-8B4D-46BC-8D7F-CB05FA4D42A5,12716,3,154.5,0,0.0,0,0.0,-1,141,452.0,43.22134062297675,351.9877,0.0,34.52811837868371,0.0,88.62601,21.71460247038744,-0.132537691206232,0,1029,0
46FFA32E-6E7B-4C98-BCA8-18F18C7FFDCE,1823,2,0.0,2,0.40043883708173345,342,68.47504114097642,4,439,301.0,74.88724899243752,237.13,0.0,26.898730481124367,0.0,112.49646,-4.995941439042454,0.03360171807155206,0,1029,0
046598F9-2198-432A-A014-F6A1E74A2D50,12716,10,67.22222222222223,1,0.028703994966970747,136,3.9037433155080214,418,89,800.0,222.37333456137569,544.3234,-20.1731,58.35755100649477,0.0,295.6238,3.6534830474206217,0.01315989919687221,0,1029,1
3CE7605A-49CF-4E96-823B-2EBF42078853,4181,6,124.0,1,0.08729968906960058,110,9.602965797656063,321,83,554.0,214.99001858522507,358.0,0.0,42.95182311591342,0.0,272.0,-0.2039074741139757,0.4304142486724833,0,1029,0
A873313E-28D4-427B-A9D7-CDAAFE189971,4371,2,1.0,1,0.08350491878288721,2,0.16700983756577442,71,428,554.0,122.34137888023682,345.5042,0.0,51.18300701928553,0.0,188.75055999999998,-33.21376398131707,0.1343367289393643,0,1029,0
3CC4911B-5570-49E4-AEBF-9FBC2337558A,527,1,0.0,1,0.6925996204933587,22,15.237191650853891,397,427,1039.0,47.89040345160263,528.8867,-60.60374,44.792863155322095,0.0,108.824,29.034230190372675,0.0189620865401037,0,765,0
9F8173AB-DFC6-4848-ABCA-5223A11E46C2,488,2,76.0,3,2.2438524590163933,255,190.72745901639342,127,349,452.0,17.99646908647324,99.71751,0.0,24.540319567490734,0.0,56.78538600000001,28.220336361829226,-0.0660205545329592,0,562,0
7EDB4110-47B4-4ECA-96CF-ECBE373A28CA,597,3,180.0,0,0.0,0,0.0,-1,79,1247.0,269.20146299504927,630.3384,0.0,155.5753217442945,0.0,466.17932,40.957675489518635,0.3107831487629369,0,628,1
7D54DBF2-7A13-4C9B-BC1B-04FB690E46EA,6241,4,27.666666666666668,9,0.5263579554558564,1351,79.01217753565133,180,327,136.0,44.7209901479911,104.2,-0.4879012,17.993443525321663,0.0,64.6,3.4535356502342083,0.03726775529833446,0,1029,0
0F17F090-0884-4740-829A-4C37996ECB61,1682,3,178.0,1,0.2170035671819263,361,78.33828775267538,801,411,451.0,61.61168190336961,324.3729,0.0,34.18452821478937,0.0,112.04396,21.792172277185962,0.4221584038815327,0,1029,0
EE138E80-2ED9-43EB-B510-7187B7935211,4107,2,0.0,1,0.088872656440224,235,20.88507426345264,789,411,452.0,141.89730838970854,377.0,0.0,67.38205226112413,0.0,228.0,-18.485425673659165,0.1589991677069179,0,1029,0
C478FDFE-420B-4816-85D1-60C7F6D63E6C,1738,3,61.5,4,0.8400460299194477,197,41.372266973532795,948,411,1247.0,289.5990340268033,686.0895,0.0,110.72874225810043,0.0,430.9776199999999,202.34429854264113,-0.43289592969345686,0,1029,0
1A4B99DC-E3DB-470A-9044-B8C7FF877052,439,2,131.0,2,1.6628701594533029,264,219.498861047836,414,274,887.0,108.02517174943824,555.55,0.0,68.26684222228084,0.0,196.228,-31.379632572509237,-0.26906355156389083,0,514,0
41ED13D4-3691-4CE6-9987-E93FB75246C9,2730,4,97.33333333333333,1,0.1336996336996337,500,66.84981684981685,801,327,1247.0,322.8275190037535,782.1739,-15.3,187.85093117282088,0.0,585.7405399999999,-11.678295728907813,0.2895021472070735,0,1029,1
2BFC78EB-D465-421A-804C-F758F59776B7,12716,7,60.666666666666664,0,0.0,0,0.0,-1,34,499.0,69.64691280562558,191.3086,-16.47943,23.837566855892764,0.0,99.60938,14.79800775610282,0.3776349154158741,0,1029,0
EEBB029A-143F-46FC-B3BE-BABBF68CF3C0,6885,7,82.0,0,0.0,0,0.0,-1,39,407.0,141.06008026672166,312.7041,0.0,47.36979848482681,0.0,199.9696,-55.19727009388214,-0.46446510538577407,0,1029,0
3A2DF9C0-4CA5-4BB0-8F69-41E306415434,4779,3,123.5,1,0.07637581083908768,292,22.3017367650136,696,145,554.0,211.18531017051097,387.4,0.0,41.62096403176401,0.0,267.0,0.6415879776371867,0.361292066235695,0,1029,0
2F0B4580-9C56-40B9-A79E-011AA226D402,2791,15,39.642857142857146,6,0.7846649946255823,467,61.07309208169115,228,201,160.0,50.280578979326464,152.757,-14.57095,20.58006747736935,0.0,79.040508,13.619066083173536,0.12534704908293381,0,1029,0
0B12EC05-9178-47BE-B0DB-5F6AD150B22C,12716,3,210.0,2,0.05740798993394149,164,4.7074551745832025,746,84,450.0,148.5695649705678,414.75,0.0,40.220687651783976,0.0,202.25,-26.002079631061633,0.15136974786542431,0,1029,0
A805F55E-8340-4A1B-B342-62A243DE1527,1306,1,0.0,0,0.0,0,0.0,-1,381,887.0,91.69441488696805,208.9132,-208.88,26.915723220696247,0.0,129.31465999999998,7.999133228772692,-0.09117118871109674,0,1029,0
870EFCB6-0506-4C36-900B-58B90AE08897,2726,2,0.0,6,0.8033749082905356,517,69.22413793103448,364,376,301.0,49.93190050930276,144.8135,0.0,12.19395802673716,0.0,66.01181,14.423122526191058,-0.08828372179356743,0,1029,0
E1656FE3-DAA7-41A4-B529-23A70618047A,2805,3,129.5,1,0.13012477718360071,9,1.1711229946524064,404,117,748.0,93.49144947468693,404.8377,0.0,36.39329247317818,0.0,138.15828,30.516993745220475,0.14254676635935845,0,1029,1
AFA767E0-ADC2-47E6-8265-041F5856400B,6046,2,1.0,0,0.0,0,0.0,-1,362,653.0,124.02205767254186,397.7569,0.0,82.82202736933756,0.0,226.1755,0.5556082834766443,0.049758814232204435,0,1029,0
25DA5517-8E5A-4428-AE69-F814D532E82C,12716,3,283.5,1,0.028703994966970747,304,8.726014469959107,801,363,284.0,91.95768785673272,368.901,0.0,50.08496528555587,0.028703994966970747,143.8543,2.167854137866044,-0.8741016985928863,0,1029,1
410F273B-56EE-477A-8190-71177633F867,12716,3,39.5,3,0.08611198490091224,58,1.6648317080843031,358,281,295.0,89.26674576087913,187.58,0.0,20.476882965597397,0.0,115.84,7.0029756897381645,-0.05982661725508403,0,1029,0
587FA9B5-D4C9-4DB1-A1E7-DB3CB5771DAB,3972,2,1.0,0,0.0,0,0.0,-1,358,301.0,37.38182151087742,532.4835,-27.9,20.89942157532748,0.0918932527693857,64.5,-8.869668733099644,-0.07633958581995316,0,1029,0
9D1143F3-C71B-4BE6-A967-39B81623748A,12716,2,0.0,0,0.0,0,0.0,-1,358,239.0,50.77076436847405,536.0,0.0,30.405314308929423,0.17222396980182447,90.0,25.585871433995095,0.32825325943297373,0,1029,0
5686885C-CDF1-4BBC-8012-0BFB570FFC5C,5101,7,68.33333333333333,3,0.21466379141344835,298,21.323269947069203,659,68,259.0,90.40829015610912,185.0,0.0,16.410808205508864,0.0,112.5,8.155562353921724,0.19914621642752442,0,1029,0
F46EF20A-0F69-4085-B391-71F3B111B8EB,4395,3,193.0,4,0.3321956769055745,346,28.734926052332195,76,336,1665.0,124.0600334714656,695.7676,-15.60709,128.56644852437165,0.0,300.3303199999999,143.36570563923652,1.3311762332636883,0,1029,0
216DB755-ABE2-42E4-AA82-E1E20F31103F,1847,4,52.666666666666664,1,0.19761775852734162,18,3.557119653492149,772,334,452.0,74.43825393900669,238.3347,0.0,35.53956415003297,0.0,121.78157999999999,-1.8883961679418775,-0.23060762194237466,0,1029,0
EE323BF7-DFDE-4CF6-9557-60ACB23A6E6C,4085,1,0.0,0,0.0,0,0.0,-1,331,452.0,99.21252623895869,849.87,0.0,22.747532057879155,0.08935128518971848,126.0,-0.961137350069805,0.12203770012749719,0,1029,0
3E2A058E-FC59-4E75-A86D-E8B1D3EB2EFE,12716,9,77.0,1,0.028703994966970747,175,5.02319911921988,387,36,693.0,194.43739981287717,459.5814,0.0,98.34540012777187,0.0,318.61588,-120.16600017707471,-2.846939677963389,0,1029,0
48A0384D-7E79-4BFA-B8D2-6081AD2F90F9,8522,4,34.666666666666664,2,0.08566064304153954,1321,56.57885472893687,112,321,406.0,92.77560101330025,323.72,-28.68541,31.75719117296903,0.0,134.4552,-13.778286129195294,0.10919591612606402,0,1029,0
8049872E-28FB-42EE-B30F-D5C6EB0017E0,8447,3,87.0,6,0.2592636438972416,116,5.012430448680004,54,145,77.0,30.74555995364973,82.33042,0.006320088,17.30641855630914,1.2098970048537943,56.603218,10.318227809737614,-0.04628939590564646,0,1029,0
BA6B93E6-32D4-4904-BE4D-AB3B5635BEC5,12716,6,83.4,2,0.05740798993394149,163,4.678751179616231,686,181,920.0,173.16477116280797,535.4004,0.0,104.75245575189001,0.0,300.3845,-69.76509426697463,4.080783290746758,0,1029,0
C6C80C9C-0461-4D1D-B482-AF468A879CAC,4496,2,1.0,4,0.3247330960854093,659,53.499777580071175,204,313,901.0,147.67977190834446,489.2578,1.831055,65.20412525248007,0.0,227.0508,0.2642479331678942,0.7350640439904593,0,1029,0
AE983F2F-0D33-4E8A-B78D-FC2DE082B356,492,4,99.66666666666667,0,0.0,0,0.0,-1,17,1246.0,210.99894336473275,629.2313,0.0,130.52577321590917,0.0,378.17928,44.144886622921575,-0.070085267388083,0,548,0
91FC46BC-EAEC-420E-90E7-8B9EB6FDFB6A,1887,6,63.6,5,0.9671436142024378,241,46.6163222045575,383,154,554.0,96.75148402783054,321.0908,-26.95652,57.12696777574468,0.0,180.317,38.45345783181452,0.04211542418443976,0,1029,0
39792953-EFB1-4EE9-86F6-C318FBFA1550,354,5,28.0,2,2.062146892655367,97,100.01412429378531,238,194,602.0,180.55941128711018,360.0257,0.0,57.49437491968104,0.0,251.80378,-23.752224449918828,-0.1001956073939581,0,372,0
142AECE8-7660-4809-94E9-B4F2F2C010E9,466,5,82.0,3,2.3497854077253217,51,39.94635193133047,292,103,226.0,25.017239057704547,108.1698,0.0,13.13541496155113,0.0,40.901855999999995,-2.85811010052862,0.06871212107099842,0,492,0
2330284F-71E7-4FEA-AAEA-073E1C52A071,4496,2,6.0,4,0.3247330960854093,547,44.407250889679716,204,286,901.0,148.33635526938437,488.5254,-151.0,64.71285900316198,0.0,227.417,0.19043753925760143,0.7310445683496617,0,1029,0
6F0E2563-148C-4B04-A3E1-F7FDA69F387A,5258,7,46.833333333333336,7,0.48592620768352984,141,9.787942183339673,202,2,301.0,98.66990047489979,240.9741,0.008972168,17.18076545821085,0.0,124.4895,15.383713217764097,-0.0640778036169144,0,1029,0
D698C919-8F96-4908-9794-7E94FBC4C880,12716,2,420.0,4,0.11481597986788299,1981,56.862614029569045,701,281,726.0,237.5683220920881,521.68,0.0,72.38921487328145,0.0,334.13,-32.50488150566835,1.4108820093242884,0,1029,0
7C0FE479-4111-4BB5-8D55-607B41C9B0F3,5575,3,214.5,2,0.13094170403587443,10,0.6547085201793722,273,274,450.0,116.31429963437793,218.38,0.0,25.75516577196793,0.0,148.72,24.77083231006651,-0.059508996881328304,0,1029,0
58682C71-82CE-4105-A731-736CAC1F991D,1811,2,297.0,0,0.0,0,0.0,-1,271,452.0,144.71785281461408,307.5027,0.0,36.04325183366154,0.0,188.0539,-9.255947068472125,0.011668141281029772,0,1029,0
61D3E1D8-1995-428B-80E4-318ED8513EE0,335,1,0.0,1,1.0895522388059702,10,10.895522388059701,203,261,402.0,20.513475557062964,161.8541,0.0,28.44154835258432,0.0,65.324798,25.783523348646906,-0.20190051270692572,0,765,0
BB5BDBB3-30F0-45A0-90C5-6AD5CACD8AA3,6536,2,247.0,0,0.0,0,0.0,-1,258,188.0,34.860466185230486,119.6,0.0,6.657857262590353,0.0,44.0,-1.3699569259712234,-0.060095153494062144,0,1029,0
9FE556DC-9229-4044-A12D-D158ECD9C8EC,1019,2,10.0,1,0.35819430814524045,4,1.4327772325809618,276,239,250.0,27.187585310765243,84.55215,0.0,9.385008820242762,0.0,39.04163,-2.9472569621541282,-0.034692136284110914,0,1029,0
6036494F-799D-432A-951B-0FD9BCAE3383,6947,2,0.0,0,0.0,0,0.0,-1,243,768.0,97.39099251014754,282.7339,0.0,37.1218911902919,0.0,147.1007,5.626029205438883,-0.07234852454119871,0,1029,0
283B275A-3D7F-4D6F-9327-8752BC9AE288,12716,7,63.0,3,0.08611198490091224,258,7.405630701478453,78,78,706.0,252.6742815592666,493.9087,-0.9,65.78725933801378,0.0,338.635,4.946540485486537,-0.22473165616611815,0,1029,0
51EDDA54-2C7E-4CBF-A0A9-01946FB3154F,6947,1,0.0,0,0.0,0,0.0,-1,241,768.0,98.52175002426893,286.2928,0.0,37.421447381835144,0.0,148.287,5.6461434832928035,-0.06927197646416212,0,1029,0
51D47ABB-49D8-4264-BF61-141D4150B9FF,5743,5,133.0,2,0.12711126588890823,66,4.194671774333972,169,238,953.0,139.23899972681747,750.6409,0.0,92.5814965352501,0.0,255.0201,27.332688945867716,-2.7345076169947182,0,1029,0
FF43FC19-CB5F-4E57-B4F2-97863D71913A,4430,2,132.0,1,0.08239277652370203,296,24.388261851015802,801,96,490.0,88.00142619252941,200.0,0.0,27.58326144797533,0.0,122.0,0.37882082058787603,0.03697164246663839,0,1029,0
844C1E94-D91C-4693-A425-0673A5E23C9F,3891,3,19.0,1,0.09380621948085326,47,4.408892315600103,217,179,511.0,160.72600995333082,294.4316,0.1511501,35.9017419282673,0.0,206.31956,-15.091899474935758,0.5063655014609675,0,1029,0
5C17EFDE-AC38-42A1-8921-47450C93FC46,4738,3,283.0,0,0.0,0,0.0,-1,208,250.0,34.759246994262234,142.5,0.0,11.846258143278778,0.0,47.5,1.8840786230217148,-0.1189960294595508,0,1029,0
F867B201-9236-4A2E-9E95-E4D3B5D842B9,12716,6,145.4,1,0.028703994966970747,12,0.34444793960364894,183,20,499.0,70.5637304263856,191.1,0.0,24.18448418132966,0.0,101.4,19.090166178552664,0.2663887002509838,0,1029,1
7814E77A-3787-4332-A9BD-C92B5DC2C0B1,5126,8,123.14285714285714,5,0.35602809207959424,109,7.761412407335154,120,3,490.0,105.9204658754317,266.83,-14.72,43.86392057844412,0.0,148.88,11.249314217160872,0.07484493341645397,0,1029,0
18D3BF84-9B53-48D3-B063-F7DFA6FA89ED,12716,3,227.0,3,0.08611198490091224,290,8.324158540421516,423,194,269.0,155.26448864611706,254.4,0.0,31.620130425150666,0.0,194.7,-33.559727843647906,0.2605273913559337,1,1029,0
725409A2-0E3D-4446-987F-EB1FF410D697,12716,7,83.33333333333333,2,0.05740798993394149,112,3.2148474363007233,0,187,803.0,294.7306804448965,799.1638,0.0,132.00635575895635,0.0,432.4036,57.43106608210974,1.2718394458463593,0,1029,0
39A2C8C4-7F28-47CA-9AA4-8961A6AAA602,4043,1,0.0,1,0.09027949542418996,8,0.7222359633935197,764,178,624.0,63.27705851325633,276.754,-6.019614,36.57773676309148,0.0,110.88314,-24.32054436433657,-0.009338162932247108,0,1029,0
9683C647-7AFE-4F37-B4CB-37BD2E7380EC,6158,1,0.0,2,0.11854498213705747,158,9.365053588827541,200,177,269.0,72.76386888319695,171.7468,0.0,18.531425483256427,0.0,98.47597,10.422607374519103,0.12001768075154798,0,1029,0
93132377-10BF-46AB-B748-AE3094FFF34C,4772,2,0.0,5,0.3824392288348701,140,10.708298407376363,203,173,294.0,85.81789806037831,536.6702,0.0,33.29757307662557,0.3824392288348701,131.91,-7.775232936921512,0.6672269450274613,0,1029,0
E4DDABB0-5441-4865-8C23-A2516C0A5149,1887,4,6.333333333333333,5,0.9671436142024378,150,29.014308426073132,391,154,554.0,104.20452603834637,310.8095,0.0,58.33491018827619,0.0,189.8074,38.904570160419055,0.04086115965354731,0,1029,0
F28238AC-EDF1-4E47-991A-034656708A18,9312,15,42.285714285714285,0,0.0,0,0.0,-1,167,693.0,177.00605145573,384.6,0.0,44.11728519234575,0.0,229.6,-8.730773677952214,0.11623093614651135,0,1029,0
2246E459-92C8-4031-A2E2-7B0A5D166EAA,12716,4,39.0,1,0.028703994966970747,4,0.11481597986788299,82,47,630.0,30.90832511168031,587.9417,0.0,95.67767823760157,0.0,176.3458599999995,260.84878206424565,-1.320277853587663,0,1029,1
36D8819D-C1FE-41D7-8634-80B330BC8E60,12716,9,67.125,0,0.0,0,0.0,-1,155,529.0,71.64621001313132,283.2687,-14.1602,54.95914340610139,0.0,143.1274,13.42744844635942,0.23521739266540356,0,1029,0
4020B8F4-3A21-4DF9-8501-1C464D81E73B,3571,5,117.5,1,0.10221226547185662,173,17.682721926631196,151,45,120.0,31.024068946637428,90.5029,-2.0,8.336555603258883,0.0,43.46182,-2.7602326703179827,0.04202815215759731,0,1029,0
AF87F62F-3C03-4D0D-9722-8060B5CB41B3,12716,2,250.0,7,0.2009279647687952,407,11.682525951557093,54,146,77.0,28.84421041146325,80.10583,0.002974187,16.322432464997608,0.05740798993394149,53.22720199999999,9.767210214621628,-0.04218206931657151,0,1029,0
6B7D69EB-3F90-4DB5-B105-55BDEBD0EB6A,8880,2,0.0,5,0.205518018018018,99,4.069256756756756,137,138,440.0,273.1695269208675,413.97,-15.57002,82.77360282571247,0.0,343.51,35.353905949502916,-0.600217909275818,1,1029,0
BD959831-3BDF-418D-AD85-DA021C5F8822,5433,6,61.2,0,0.0,0,0.0,-1,20,490.0,141.1544122042077,802.0,0.0,46.68403524543307,0.06718203570771213,201.34,-6.632690126275577,-0.17129575822645973,0,1029,1
62A73906-3EF3-45D1-9D3C-8606A3D65A90,6326,5,105.0,3,0.17309516282010748,378,21.809990515333542,434,57,269.0,93.88292523022025,533.0723,0.0,33.306089775366544,0.2884919380335125,134.9,-11.476702313553574,0.14411565579190883,0,1029,0
5C4DB19D-9BCD-473F-B857-7118091B3580,12716,1,0.0,2,0.05740798993394149,44,1.2629757785467128,772,108,188.0,34.59326682658971,81.0,0.0,10.467904579671028,0.0,49.0,-4.782464357453911,-0.10478385534568657,0,1029,0
543FA16C-1207-4E8C-A1C0-499F0B8A249B,5006,3,38.5,1,0.07291250499400719,58,4.228925289652417,873,29,133.0,37.41443530219982,83.71803,0.0,13.539417697410498,0.0,54.119116,-1.5891826827553786,0.06682659693225954,0,1029,0
59F7DD56-C665-42DE-B997-94823778B39B,4891,6,82.2,3,0.22388059701492538,29,2.1641791044776117,942,27,1734.0,462.1857314671515,1165.093,-82.24992,204.905484784328,0.0,753.75328,-148.45085326653424,-0.3417135135056431,0,1029,0
702910A0-BA44-4766-AA67-D86F6A3B3F99,7418,4,86.33333333333333,1,0.04920463736856295,249,12.251954704772176,801,96,693.0,52.52486874816681,265.1713,0.0,27.35977383791939,0.0,87.35054,-11.487589040605073,-0.278727990310355,0,1029,0
76DEF8EC-BC05-45F4-9A17-EE19804E89BC,2684,3,2.0,0,0.0,0,0.0,-1,94,472.0,72.56025387725235,380.5664,0.0,58.754119950994124,0.0,152.0508,37.50467231433714,-0.13575768156453552,0,1029,0
2868313B-49FA-4E25-9459-4D66A1A117E6,4829,2,439.0,1,0.07558500724787741,30,2.2675502174363222,732,87,251.0,96.1763977909872,232.5,0.0,13.02942647807131,0.0,111.9804,-1.4115283788189856,0.14253835057961164,0,1029,0
104A009D-8BA7-4B68-BC2F-F007BF0D7B6D,7404,5,105.0,1,0.04929767693138844,158,7.7890329551593736,10,83,820.0,226.15086780525388,652.0,0.0,91.21953876726838,0.0,332.0,-91.51915484229093,3.974858178650355,0,1029,1
0AC983BF-C77D-463D-A8D8-993E4D5E7C21,3616,3,373.0,2,0.20188053097345132,712,71.86946902654867,333,82,602.0,153.03021488503248,319.9472,0.0,29.990323317836346,0.0,192.11758,16.614023997374915,0.23245745579548793,0,1029,0
51649634-A16E-4323-809B-7E15C362D5BD,12716,11,93.4,0,0.0,0,0.0,-1,72,188.0,0.0,0.0,0.0,0.0,0.0,0.0,0.0,0.0,0,1029,0
7D009E15-757B-4BA5-9B51-239AB1A261F2,12716,1,0.0,0,0.0,0,0.0,-1,62,251.0,83.58359246190028,231.5428,0.0,29.958513181811185,0.0,124.9,-4.237867153258321,-0.12600090088862417,0,1029,0
DFFDD77E-1474-4BCF-8ADD-E88ABCAE0D13,2229,3,0.5,0,0.0,0,0.0,-1,58,452.0,92.61059019916603,375.0,-16.6,23.2123766724234,0.0,123.0,7.855150541574716,0.06130466495626215,0,1029,0
E22F25BB-34C0-4A1C-A7F8-E2B037338F14,1715,2,241.0,4,0.8513119533527698,289,61.507288629737616,383,60,1246.0,372.6762218735597,830.7,0.0,116.40729548274619,0.0,536.5,44.495367632613124,-1.4913444732550496,0,1029,0
B661AA1C-BEA1-47C2-96FF-01C42B0F6063,6123,4,178.33333333333334,3,0.1788339049485546,674,40.17801731177527,97,58,129.0,36.03300877462407,147.53,0.0,8.358419490400184,0.29805650824759106,47.04511,6.04195051062284,0.07879055754179348,0,1029,0
B49E420D-017F-45B2-AD09-690BB04224C5,2398,3,325.5,3,0.45663052543786486,360,54.79566305254379,327,47,251.0,71.1072790469179,171.8945,-34.22894,26.187602740542797,0.0,105.40064,-3.233675107758941,0.12085568446703783,0,1029,0
0D73717F-9B64-45D8-9390-42A477B75B22,2937,4,88.0,2,0.24855294518215865,78,9.693564862104187,724,44,473.0,102.34809245257388,360.5347,-43.45978,32.152475483892275,0.0,144.104,6.083526068259459,0.7219067051195575,0,1029,0
195D4A28-7382-4A32-9F2B-BDDC68B010A1,10269,4,59.333333333333336,1,0.03554386989969812,27,0.9596844872918492,266,28,318.0,104.89238930245257,206.9336,0.0,39.2522388402116,0.0,156.1523,-26.99375993509146,0.007972046740892294,0,1029,0
5CB79D86-032A-42DA-AF90-0E1332BA04C4,4773,2,1.0,1,0.07647182065786717,834,63.777498428661225,456,33,450.0,109.34401686997776,201.0,-10.85,23.056014149598543,0.0,141.0,4.0876960929851975,0.08730072985680344,0,1029,0
789538B1-103F-4BBB-9681-2AAC7E5B54E7,4463,2,6.0,4,0.3271342146538203,535,43.75420120994846,204,33,208.0,33.816821159731084,237.2923,0.0,7.690216911192116,0.4089177683172754,44.05349399999999,2.169700905364593,-0.07555132587528719,0,1029,0
34BDDE82-82B6-484F-A68B-5DD3017F0D80,4732,3,32.0,0,0.0,0,0.0,-1,29,400.0,143.44027868916717,303.6,0.0,38.70851333262693,0.0,193.6,-14.80598856571038,0.1580545151892275,0,1029,0
1A9B0851-50C5-42E5-83C2-55BC5588285B,3036,2,728.0,1,0.1202239789196311,4,0.4808959156785244,64,27,250.0,65.38384009940866,159.0,0.0,18.910890465722154,0.0,92.0,-4.464395654964214,-0.13969157143320937,0,1029,0
D984B4DF-76DD-41F3-992B-70589E5FBDE1,2518,2,1.0,6,0.8697378872120731,276,40.00794281175536,232,22,301.0,104.5791521496996,539.4805,0.0,21.212168461170645,0.28991262907069104,129.2082,-6.923769806265966,0.06756660310194408,0,1029,1
9175FD58-1638-47AA-8B16-4041EF9F43BE,3472,1,0.0,2,0.21025345622119815,11672,1227.0391705069123,21,22,452.0,114.91409486473854,242.4871,0.0003521013,21.51800036754579,0.0,139.87384,-6.255271136182188,-0.3359019430681692,0,1029,0
5739BAFF-F3B3-4D68-8255-E61A5CD65DBD,6158,3,232.0,2,0.11854498213705747,387,22.938454043520622,801,8,259.0,50.62696015557513,115.963,0.0,13.556494411139484,0.0,68.42240199999999,8.253199466338451,0.012583166412349165,0,1029,0
E80093A2-E813-4D0B-B4C0-B12BF07A58A2,12716,8,66.71428571428571,1,0.028703994966970747,17,0.4879679144385027,749,7,887.0,206.0343792872735,552.0,0.0,93.00312293441381,0.0,315.0,-143.22967249715006,-2.815013341839413,0,1029,0
1EFF23EC-E7A0-4535-8747-37BC6B2B0CF9,12716,6,111.4,2,0.05740798993394149,15,0.43055992450456115,396,7,399.0,159.5324976341626,334.552,0.0,39.10363176520758,0.0,199.8413,3.190194888985502,0.1592410224797619,0,1029,0
62F835CA-317D-46C9-90DA-C87C8CD69E20,10120,4,335.3333333333333,2,0.07213438735177866,75,2.7050395256916997,801,6,188.0,42.29725494788325,124.8862,0.0,10.33956213990547,0.0,57.422058,2.0086718387548643,-0.008823182209311341,0,1029,0
30C3AEA4-3841-4F2F-9493-E2E62AE7FEA4,6202,3,3.5,3,0.1765559496936472,106,6.2383102225088685,434,5,158.0,27.24252029168666,137.0,0.0,14.810040336861388,0.0,48.0,8.634022918189885,0.07252450005255837,0,1029,0
B844FC6F-EF8F-42FF-92AB-06DE9BF9C2DC,4812,3,241.0,0,0.0,0,0.0,-1,5,314.0,86.30147620888442,459.9609,0.0,29.75175405034591,0.37926018287614294,123.0,-7.429948431106652,0.025230766944174535,0,1029,0
50B491E2-4948-470F-83CB-A07016264463,4256,2,217.0,2,0.17152255639097744,4615,395.78829887218046,53,397,542.0,115.22160042437773,411.9742,-1.84794,74.00974551299822,0.0,214.63227999999998,-70.72356083207448,-1.6842889637508158,0,1029,0
749B5EBB-7FE5-4728-B3D8-CAA50CE673F8,5974,3,0.0,1,0.06109809173083361,121,7.392869099430866,801,515,269.0,89.85523729448457,169.5257,0.0,20.030873324831056,0.0,116.8538,-11.814209201120363,0.0793476360198053,0,1029,0
B55107E0-4499-4EE7-8DBA-C4114403A0E5,12716,2,409.0,1,0.028703994966970747,41,1.1768637936458006,746,37,739.0,177.24147583109743,606.76,0.0,104.59241322880756,0.0,310.02,-69.76751286813449,-0.8204781443069347,0,1029,0
F21D382B-46AC-4A96-9C63-95FD7C9CE1AE,4891,3,134.5,0,0.0,0,0.0,-1,47,1734.0,467.99688004940305,1171.826,-91.81165,203.8858527026212,0.0,759.5164,-147.61556780171787,-0.1794388640170191,0,1029,0
1F3135EA-5ADD-41B0-BBB6-8DA2CA41D6A9,10241,2,14.0,2,0.07128210135728932,9,0.32076945610780194,383,496,146.0,34.445607964821725,1146.798,0.003754629,10.416808191391373,0.17820525339322332,43.450764,4.584068309406668,0.052433626854331505,0,1029,0
6AB8C606-0992-47F0-AA31-A4206C93525B,698,1,0.0,1,0.5229226361031519,60943,31868.474212034387,609,561,497.0,55.77178192783731,494.0,0.0,26.077943275515903,0.0,89.0,-3.790609088331138,0.03198725951529971,0,729,0
A9308171-2840-4077-9F49-45BCBB738070,8713,1,0.0,2,0.08378285320785034,349,14.620107884769883,216,743,346.0,76.26736380246946,184.4,-31.48009,28.89031247469894,0.0,112.3,4.234079098765108,-0.08143077220332372,0,1029,0
BBC31DC0-B7CC-4E6A-8F9C-43891A705AAB,12716,2,181.0,1,0.028703994966970747,4104,117.80119534444793,414,243,314.0,80.46611068684234,190.0,-1.46,28.69375507746472,0.0,115.0,-6.175138464620119,0.023236579275834644,0,1029,0
625C3816-E8C2-4A8C-ACFC-C7DD02C07D20,895,2,7.0,4,1.6312849162011174,703,286.69832402234636,204,726,151.0,14.367873695006319,500.0,0.0,54.282047390796016,741.4189944134079,12.1582,-4.197816588216197,0.019168963818912442,14,1029,0
A9693C1B-395A-4C3D-8F96-0D0006596C22,12716,7,33.833333333333336,1,0.028703994966970747,323,9.27139037433155,801,527,84.0,11.44398767132531,188.5983,0.0,2.4716089832764014,0.11481597986788299,14.4276,-0.4793413524981496,0.011018706957067225,0,1029,0
72E1682D-34E5-4D99-BC5B-72D1DA524E78,3448,1,0.0,4,0.42343387470997684,136,14.396751740139212,393,729,250.0,39.16346679297127,125.6862,0.0,17.39317820871061,0.0,62.415428,7.7793793320055755,0.039368693333215445,0,1029,0
E5E993A9-BBB8-42BD-BB85-83857243B3E8,6225,4,227.0,2,0.11726907630522089,168,9.850602409638554,440,47,269.0,61.347462401262575,413.3616,0.0,14.10910374284408,0.29317269076305225,85.650426,23.46681730861397,0.06144337375548325,0,1029,0
4E42BD1F-F152-41F6-8C37-B03B91B72C24,12716,3,93.0,0,0.0,0,0.0,-1,541,489.0,107.24249742584495,239.0,0.0,24.35124801290164,0.0,139.0,16.543922327241475,-0.03741396971746465,0,1029,0
CB739177-12CB-41DD-8CF4-5B37A7E1C906,4694,6,70.8,1,0.07775884107371113,319,24.805070302513847,801,370,1524.0,432.8847929475491,810.0,0.0,56.30435466821662,0.0,504.0,-13.038496581808317,-0.11802211488771677,0,1029,0
39A56711-63D6-48D1-AB88-F8538F388120,4111,2,42.0,1,0.08878618341036244,190,16.869374847968864,180,726,151.0,29.700242622746966,139.0,0.0,7.834940798132244,0.0,40.0,-0.3549494128704218,0.01952544438496768,0,1029,0
E0FE1F49-6C09-4610-A5D1-DB7EF44A313D,8218,5,153.25,5,0.2220734972012655,72,3.1978583596982233,504,110,708.0,172.58565132217132,681.6454,0.0,104.07732930166357,0.0,303.71898,-0.4022601184676091,0.9443375948332554,0,1029,0
C6047CE0-9451-4ECC-AAF2-DFCA6190BDC9,12716,5,152.25,0,0.0,0,0.0,-1,107,452.0,130.60815158190675,797.7214,-44.0297,44.179115170725815,0.05740798993394149,184.7359,-31.40827015366601,0.5461099994242969,0,1029,1
75ADE5F4-067C-4930-BB4B-A03E975DEC67,6337,1,0.0,1,0.05759823260217769,110,6.3358055862395455,801,713,269.0,70.83274153020605,142.8666,0.0,12.92471362535866,0.0,88.3,0.6570964327569158,0.18704752644353217,0,1029,0
79940172-DE11-4491-B298-EC92A07E899B,9491,5,184.75,1,0.038457486039405755,55,2.1151617321673166,399,6,489.0,155.7266823007833,259.0,0.0,28.43326679904088,0.0,190.0,-2.1508335353511825,-0.24987395563254328,0,1029,0
B05F4C1F-99C0-406E-8224-06E97829F2B2,6257,5,207.5,2,0.11666933035000798,13,0.7583506472750519,942,86,312.0,36.414042177918056,91.40901,-341.95,11.379091804103924,0.0,51.91563,-2.2255717743686745,0.021612373758389324,0,1029,1
8F12CE1C-05AF-490C-8BB8-1CA1FFF9A086,5254,5,157.75,3,0.2084126379901028,227,15.769889607917777,423,56,301.0,76.27197163040448,504.4127,0.01555736,18.01414520393012,0.3473543966501713,99.39288,-23.697695742685347,0.06842131681697695,0,1029,0
84BD511D-6277-47EE-B645-4874358E846D,3911,3,80.0,2,0.1866530299156226,233,21.74507798517003,801,523,301.0,85.18577186013599,158.909,-8.317545,18.758107615302603,0.0,108.88334,10.863921416098563,0.20022268978900767,0,1029,0
0AAAA21C-8D90-42CB-9758-50887F2ADCA0,6541,2,0.0,1,0.05580186515823268,186,10.379146919431278,801,677,269.0,92.42962534831888,158.2944,0.0,21.19585931456891,0.0,121.93651999999997,-7.973015348318867,0.04616883889178055,0,1029,0
AFC46547-FE9B-467E-96B1-2F633B2D3EA5,5589,6,130.0,1,0.06530685274646628,143,9.338879942744677,655,26,451.0,83.72847396053737,206.1064,0.0,28.115771527636557,0.0,117.9946,-14.980050502281202,-0.44675233391917024,0,1029,0
2703E2CA-ABC0-4280-99F0-BADFE8890649,8788,3,272.0,4,0.16613563950842059,71,2.948907601274465,219,112,314.0,50.87183628782093,176.0,0.0,26.399372307308877,0.0,86.0,-19.422993695228342,-0.07734671175685856,0,1029,1
7F6B8819-A0B9-42EF-A026-381CFD1D6188,716,1,0.0,0,0.0,0,0.0,-1,649,678.0,44.89637311506251,162.7922,0.0,30.469763898322746,0.0,88.01651,-0.1318667224699155,-0.187226297802935,0,765,0
08239E64-D3DE-44B3-A081-FAA5940F7543,8342,5,147.25,4,0.17501798129944857,44,1.9251977942939345,63,145,314.0,42.0907569052559,1000.83,0.0,13.482844955294414,0.21877247662431074,58.0,-4.968226041058372,-0.06399646961448603,0,1029,0
5ACB72DB-4E4E-42E7-9253-6DCD965927CD,4408,2,1.0,4,0.3312159709618875,38,3.146551724137931,71,628,301.0,43.607049867077976,103.4156,-45.3,13.283988572556014,0.0,60.692718,-1.1595870102106929,0.20734616957560204,0,1029,0
D7EC6434-BF8F-4699-8A20-1FA3E017D34B,12716,3,0.5,1,0.028703994966970747,5,0.14351997483485374,847,603,489.0,109.63339787986511,221.0,0.0,29.1615243952312,0.0,146.0,0.6249354534682254,-0.00046393473370591964,0,1029,0
26F11D4C-5846-41DE-B0C2-EEC7F41FBFD0,9308,4,93.0,2,0.07842715943274602,143,5.60754189944134,287,405,100.0,44.911365633283104,96.4273,0.0,7.756127555391365,0.0,54.0,2.0923612185687546,-0.0011621176368815673,0,1029,0
174492BE-3335-447B-B0B4-1436DF5F9F12,4218,2,238.0,1,0.086533902323376,17,1.4710763394973922,215,341,188.0,21.31171122092764,138.5683,0.0,7.097582803911335,0.0,29.902178,-3.1427283565757875,-0.0235551041974966,0,1029,0
50F4C3E1-66C7-47EA-8E7E-AA173597A0BD,12716,3,104.5,2,0.05740798993394149,11,0.3157439446366782,158,579,313.0,48.47618614204519,188.0,-25.09178,29.00297794920307,0.0,89.0,-10.641155277847659,0.0745986015648602,0,1029,0
022B9D83-1EE0-48A0-AF7C-E057A504F1D9,3911,3,31.5,2,0.1866530299156226,773,72.14139606238814,271,516,301.0,84.76211019297916,171.4468,0.0004522573,18.707004347743233,0.0,108.42516,10.843223648070207,0.2006879601824704,0,1029,0
C934F421-91CC-4E16-9087-2EE88663A6A3,6560,2,0.0,1,0.055640243902439025,4,0.2225609756097561,708,575,377.0,64.31406161338137,208.0107,-1.749512,29.85758969102391,0.0,106.1768,5.542158234921104,-0.1892188818999903,0,1029,0
06A8DAD9-0ABC-4738-A1ED-648A8800DFC0,7945,5,117.25,0,0.0,0,0.0,-1,451,489.0,107.91980421310157,201.0,0.0,26.588780997303648,0.0,143.0,10.607587762207075,0.004005695719066942,0,1029,0
CFC05757-D065-4373-91F8-A452AB1F1396,8569,4,234.33333333333334,2,0.08519080406115065,98,4.174349398996382,196,195,761.0,112.45550433103323,386.7279,0.0,71.72141683825369,0.0,210.4348799999999,-55.73580551081717,-0.2211740724604236,0,1029,0
03492447-A122-438A-B6A8-A9FA08AFB3C7,307,7,73.0,3,3.5667752442996745,30601,36382.29641693811,438,369,150.6,42.39071756704874,165.0057,0.0,29.75454509241851,1.1889250814332248,76.90874,-42.3898133425117,-5.693968562649381e-06,0,1029,0
65B7D5D1-9325-4311-B19C-75F2BCAE89AF,5107,2,1.0,4,0.2858821225768553,130,9.291168983747797,112,565,133.0,40.58143355542924,77.19247,0.0,11.60999778165988,0.0,55.429629999999996,-0.8733411484847977,0.03686431187099942,0,1029,0
CA28800D-A383-4B2B-9631-772BCCC7F6DB,12716,9,37.75,1,0.028703994966970747,24,0.6888958792072979,561,256,496.0,140.97880802288915,320.6305,-40.9519,72.06972278167595,0.0,209.11308,44.018660081277545,-0.3145587123406525,0,1029,0
6BF8DCB5-9A56-49C5-8472-B5BEF5B15078,3204,3,0.5,0,0.0,0,0.0,-1,560,452.0,95.80497002710064,246.0,0.0,42.61347479956805,0.0,154.0,-13.472253977717926,-0.045869746150727676,0,1029,0
270C0041-C543-4B27-BB02-7B5DB2AACFE6,5108,2,2.0,1,0.07145653876272513,17,1.2147611589663274,751,557,188.0,18.09386822738178,97.0,0.0,8.71483307951127,0.0,30.0,-3.1556737829373347,0.014442283683842308,0,1029,0
BBF323B9-A2C3-4D77-AF75-A57446178B99,5607,2,202.0,0,0.0,0,0.0,-1,556,251.0,50.26112455694715,235.5896,0.0,12.736665910276084,0.0,65.53253,-9.964367802934802,-0.08061239377202112,0,1029,1
2AA63D69-C695-4A9C-A97C-C9BC8EF077C1,9525,4,97.66666666666667,10,0.3832020997375328,2340,89.66929133858268,78,484,259.0,93.93660479661743,190.1733,-2.178168e-05,23.458841176584915,0.0,124.1345,10.590126382394914,0.1756277370730714,0,1029,0
D382CDA4-884A-4B9B-A22D-ABB67EFB11E4,12716,3,202.5,1,0.028703994966970747,12,0.34444793960364894,13,144,433.0,34.314522673041964,376.5,0.0,35.87351848499035,0.0,83.98715,36.99616090296112,-0.13534856918391147,0,1029,1
F059AF20-A1E6-4084-961A-8C9AF508F85C,1725,3,0.5,0,0.0,0,0.0,-1,533,629.0,81.65270536217535,782.7759,0.0,40.34296677133198,0.4231884057971015,138.372,-12.716559899598195,0.2829038969458975,0,1029,0
5BD94305-EA73-4031-BD99-1BDB7D4E8EE2,12716,3,76.0,1,0.028703994966970747,118,3.3870714061025478,801,525,346.0,71.4682421330844,414.9719,0.0,40.3351161522937,0.2009279647687952,126.8216,19.56244283219337,0.2214818953683496,0,1029,0
AFA3066C-0692-4489-9DD1-346974AFC63B,5010,4,22.0,1,0.07285429141716566,1951,142.13872255489022,326,449,176.0,35.784774510532756,154.35,0.0,14.688711374144807,0.0,56.21,4.304247094405511,0.05207318118831312,0,1029,1
720C8CBB-10A6-4A55-B307-BD54DC897475,5058,2,14.0,0,0.0,0,0.0,-1,502,489.0,109.97063872349916,226.0,0.0,27.911636378850854,0.0,147.0,10.912154486377375,0.12067476323083229,0,1029,0
B9DA195A-C798-40F8-BC58-AB1D1ABDA256,12716,1,0.0,0,0.0,0,0.0,-1,513,188.0,36.15636121567647,234.5,0.0,7.515586797833205,0.14351997483485374,46.0,-2.329277882343135,-0.05991611904536715,0,1029,0
851C0F1D-CE35-437C-BAD1-873DC0DCD321,6389,1,0.0,1,0.05712944122710909,357,20.395210518077945,801,510,676.0,96.52991759504154,186.2946,0.0,24.393598242498715,0.0,130.722,32.54264951066834,0.09718058290392075,0,1029,0
6F6D633F-3DF8-4747-B5D0-7FA33C5B1654,687,4,97.66666666666667,5,2.656477438136827,1395,741.1572052401747,274,213,1188.0,208.74196742748455,1072.52,0.0,85.62202478233652,0.0,318.22,-57.94700909415121,0.6600596267027667,0,702,0
D7A38D08-22DE-44EE-9374-6818BDDDF83C,6274,3,19.5,4,0.23270640739560092,50,2.9088300924450112,63,470,314.0,42.889428048145874,840.0,0.0,13.353333555828076,0.2908830092445011,59.0,-5.546989776540933,-0.06380691717774156,0,1029,0
EB3F0C5A-EF42-4536-8273-A67A4ABA5E44,2917,2,285.0,1,0.125128556736373,424,53.05450805622215,801,204,542.0,120.58645487013999,408.2005,0.0,68.2401194812142,0.0,212.65698,-4.379920363967159,0.15160567116757226,0,1029,0
B8FA83EE-4339-4D27-8FC3-4871FECC6BCB,1725,5,61.25,0,0.0,0,0.0,-1,336,629.0,81.86617899184277,225.6234,0.0,40.37306075839004,0.0,138.7721,-12.673544260747107,0.2840117400324935,0,1029,0
E37643E2-E950-46D4-A7B3-2D4BE8BE1CA3,2740,3,222.0,3,0.39963503649635035,528,70.33576642335767,53,484,301.0,64.15118170923623,237.4877,0.008464055,19.316369029257917,0.0,90.18061999999999,-14.890508637816083,0.0734472666467709,0,1029,1
FCFE37C8-7C41-4533-8EC3-C1D377BA22B5,12716,5,55.25,4,0.11481597986788299,165,4.736159169550173,553,476,99999.0,18.02771312541175,239.342,0.0,19.893980358042977,0.0,44.99512,-18.02771312541175,0.0,0,1029,0
6AAB6026-ABA0-4B4E-8E70-853E097CA073,1252,4,207.0,3,0.8746006389776357,245,71.42571884984025,414,108,452.0,102.50398981847304,199.3295,0.0,27.739296332846667,0.0,143.33,12.811375571959061,0.08961523180263269,0,1029,0
57806FEE-DB0D-4805-A542-4467F5D4B48C,2791,2,0.0,4,0.5231099964170548,413,54.011107130060914,427,464,181.0,36.7409502850122,87.78651,-373.2394,16.405140195976447,0.0,60.485569999999996,11.47864415758039,-0.05005400570068395,0,1029,0
9CAF453B-F121-408C-9BA8-1B544FF2CDDF,12716,3,175.0,1,0.028703994966970747,8,0.22963195973576597,133,192,266.0,88.37746536558825,154.0,1.3,17.78532500962302,0.0,114.5,-10.280482340896896,0.18116113443353782,0,1029,0
34BE3784-CDAE-409E-92F5-606D4F251F34,629,3,205.5,5,2.901430842607313,152,88.20349761526232,76,82,416.0,18.46874389094746,399.9599,0.0,23.481573020767236,0.0,41.471123000000055,38.46227587610501,0.42145661878125945,0,715,0
6567AD54-68F7-4EF8-9098-EACE464D8897,3753,2,1.0,3,0.2917665867306155,413,40.16653343991473,801,444,301.0,49.10973470020504,113.5633,-0.02,13.455275091730536,0.0,66.71085,8.584673187912244,0.036871075298338364,0,1029,0
415E2AC6-9736-4B8F-AEBF-1E2F89FC80E3,2050,1,0.0,0,0.0,0,0.0,-1,441,931.1,82.68768664715779,246.0,0.0,42.05128239956001,0.0,140.0,-7.483363078484956,0.19451504653803883,0,1029,0
51F67213-28DB-4C56-8826-D9B8552B56A5,2856,4,58.0,1,0.12780112044817926,239,30.544467787114847,801,257,301.0,127.5766858019018,224.2425,0.0,21.07708822773624,0.0,153.1824,-27.60181393153144,-0.0636745960396201,0,1029,0
DA0A2BEA-7166-4832-A6D4-0D9A8B23CD53,475,6,68.8,4,3.0736842105263156,13233,10168.515789473684,309,82,226.0,31.97519828413832,93.27705,0.0,13.663515563900184,0.0,47.008576,-1.4039074307432564,0.04066933943602476,0,492,0
AD3296B7-7646-4DAD-9915-2E176E681BC1,448,5,94.0,3,2.4441964285714284,287,233.828125,270,47,226.0,23.681023890813947,82.65611,0.0,12.95163157739379,0.0,38.84129399999999,-2.2905220343324686,-0.03642530684860482,0,492,0
284D8099-54AD-4BA2-9F1D-CBDBFC7678E7,1785,2,1.0,1,0.20448179271708686,27,5.521008403361345,419,420,753.0,255.17790420126795,668.7936,-156.5964,106.54480603627302,0.0,396.60066,-23.918823360218568,-0.2631831982974653,0,1029,0
91432895-B2E5-42C5-8793-8D9B2956CDA6,3860,3,325.0,3,0.28367875647668395,369,34.89248704663213,204,103,452.0,27.499892276498752,121.8503,-0.6455656,21.635418645967412,0.0,55.012502,14.731961919025938,-0.06235459863499232,0,1029,0
2FDF257B-B499-4681-AC67-D61934D29759,4168,3,46.0,5,0.4378598848368522,466,40.80854126679463,204,320,452.0,196.9487376915123,536.0,-35.34,41.18293120896299,0.1751439539347409,252.0,16.80141662947537,-0.23023384231271093,0,1029,0
2189B5AA-6168-4CC0-B28E-DCBA48BC1489,8961,2,329.0,1,0.040732061153889075,11,0.4480526726927798,158,411,301.0,47.27287032331533,181.0,-25.56258,29.193054988361997,0.0,88.0,-10.61932094059928,0.0787341144082395,0,1029,0
D6254F08-DE85-4CE6-9C7C-DA0882B4B70B,1667,2,170.0,3,0.6568686262747451,493,107.94541091781643,77,405,602.0,80.96157433887285,966.9294,0.0,13.94871798250712,0.4379124175164967,99.143338,3.7195472066518533,0.08185343014161672,0,1029,0
0EBC3A03-57B6-4B5A-B505-78FD4F82CE62,12716,4,128.66666666666666,0,0.0,0,0.0,-1,198,314.0,27.474428871826152,144.0,0.0,19.85827787035016,0.0,56.0,-8.996110970591584,-0.019692017304395307,0,1029,0
EEC3CB4D-F102-4DB2-A192-4C69F0BD3C01,1806,1,0.0,9,1.818936877076412,935,188.96733111849392,233,403,452.0,86.38287633938647,189.0,0.0,24.434663235138725,0.0,118.0,16.299300841169085,-0.06403585369946141,0,1029,0
25288F52-2B7B-430A-B67C-336DE7F68A2C,10085,4,125.66666666666667,3,0.10857709469509172,20,0.7238472979672781,111,376,188.0,38.20853492613806,136.0799,-723.0,13.359737616621183,0.0,54.507678,-3.654479900675092,-0.026852163388289885,0,1029,0
E4B22469-BD58-4ECA-86AE-79D306D83E7E,5528,2,0.0,0,0.0,0,0.0,-1,394,511.0,162.3735863670069,296.243,-3.383485,36.06258228005989,0.0,207.87315999999998,-15.128328646327901,0.5069041121787954,0,1029,0
63641D07-2034-4A57-8871-AAEB24E848FA,12716,2,329.0,1,0.028703994966970747,560,16.074237181503616,251,61,188.0,51.22934319375266,120.0,-66.7,13.046710488292367,0.0,69.0,-6.596395662888462,-0.006914948347571662,0,1029,0
A9499AB9-2DA8-46C7-98EE-CB387B56CF5A,474,2,1.0,0,0.0,0,0.0,-1,370,678.0,82.77158678514046,300.0,0.0,71.60170971809792,0.0,113.64528000000001,8.959548181680532,0.11751695080374375,0,645,0
27FF59CA-C2BB-451E-9481-9E3A649EF76D,8685,8,69.42857142857143,3,0.12607944732297063,20,0.8405296488198043,23,10,415.0,179.10151289909237,361.0,-1.0,52.887497662487526,0.0,245.0,-7.237575256345451,-1.014219303451599,0,1029,0
B1B22AA8-821E-4D5A-AE1C-317C4CB08AA1,3875,3,3.0,2,0.18838709677419355,81,7.629677419354839,309,334,452.0,75.75305057981171,216.3182,0.0,35.70125326205537,0.0,123.3162,-1.9545144464012196,-0.23047572501568772,0,1029,0
9AE14878-F871-4485-A8E4-6331F02F5038,2427,2,284.0,0,0.0,0,0.0,-1,50,302.0,48.001203863287756,147.4399,0.0,21.070443435224743,0.0,71.60059,-6.873124839438226,-0.31100598214853475,0,1029,0
43D48296-363B-493B-97E8-135A4D2D738D,6145,2,4.0,2,0.11879576891781936,54,3.2074857607811227,693,334,1247.0,193.90498152964707,588.363,0.0,95.97016079549844,0.0,331.43548,-65.50527089021807,0.5856083744625139,0,1029,0
5DED95B0-E8F9-4EDA-8695-40B4917BA061,12716,1,0.0,0,0.0,0,0.0,-1,327,573.0,79.55109783314523,312.1284,0.0,48.312681522582594,0.0,155.6513,3.62201018537327,-0.05054002944587339,0,1029,0
D60B02FE-1AD7-4AFC-8112-59F271ABC336,5213,2,199.0,3,0.2100517935929407,12,0.8402071743717628,207,127,148.0,49.717113521132,181.5361,0.01731228,9.248701387362306,0.2100517935929407,61.05425399999999,0.19208297192355417,0.006335506206136211,0,1029,0
816653E7-90DE-4268-BEA5-5A35ED0BA3A9,173,3,112.0,6,12.658959537572255,510,1076.0115606936417,168,89,226.0,34.94916771982942,237.0,0.0,18.328985527310028,10.54913294797688,54.0,-0.018226361804728697,-0.0648563723002285,0,1029,0
AB7E6766-7227-46CA-98D5-764CA6CF4552,5004,5,111.5,3,0.21882494004796163,682,49.74620303756994,313,312,487.0,99.91500173329322,327.0,-1.26853,31.479984472357458,0.0,141.0,19.54726678522529,-0.08525555281185157,0,1029,0
0EBC7B84-5B08-4F34-AC76-BFE03BE79CE2,483,1,0.0,5,3.7784679089026914,688,519.9171842650104,262,309,452.0,60.64226361573502,150.46,0.0,29.004214754302215,0.0,94.982627,-2.1129323541609466,-0.004061389390264598,0,562,0
BE7CE2C8-18C7-47F9-B010-505AAB63A382,9161,6,69.6,0,0.0,0,0.0,-1,204,452.0,135.0415030060554,294.0,0.0,40.069171186361054,0.0,187.0,-28.96658016654922,0.13484523695188136,0,1029,0
A44CC9FB-6BF6-42FA-A9DA-43CBD87F6A08,459,6,28.6,0,0.0,0,0.0,-1,279,226.0,17.203954062880985,65.4575,0.0,10.73378781054024,0.0,30.555657999999998,-0.2739757703655563,0.002402904055754519,0,492,0
52CEF3D7-B755-440E-914B-E90185699A93,3727,1,0.0,0,0.0,0,0.0,-1,271,90.0,16.83194806959052,44.06598,0.0,6.610243277523523,0.0,25.456492,-0.030974577422313132,0.0415082117731985,0,1029,0
7788101C-D03E-4DE9-B82A-77ACA3BFE323,335,2,0.0,1,1.0895522388059702,8,8.716417910447761,203,262,402.0,20.532321743878153,162.0124,-21.7793,28.4874160153273,0.0,65.40787,25.825454767618762,-0.2032611973211112,0,765,0
F3B79ACA-9389-4CCD-8FEE-3534CBF7C147,358,3,55.5,0,0.0,0,0.0,-1,177,887.0,79.43628531016893,235.4648,0.0,50.7288079948677,0.0,148.98022999999998,-7.769106478687448,-0.2155399042476307,0,408,0
EA9B4423-F67A-4115-A93E-97EE9843D486,12716,5,31.25,1,0.028703994966970747,52,1.4926077382824787,195,244,264.0,106.62979988785338,214.1,0.0,35.97235414158065,0.0,153.3,-6.138603899736097,0.06866422122749312,0,1029,0
8BBD03B9-5906-43F7-8551-542DE32729E9,1521,2,1.0,1,0.23997370151216305,10,2.3997370151216306,919,241,452.0,108.52136568843999,253.4523,0.0,44.632206740992316,0.0,164.7609,-23.860194810893674,0.15395453358288816,0,1029,0
7F1776E8-6AE9-49D6-9A08-03CFAE0C5F35,5954,5,7.75,2,0.12260665099093047,16,0.9808532079274438,167,195,489.0,97.76941726452519,234.4173,0.0,30.126049956118298,0.0,136.82157999999998,-4.286748957426411,-0.28078150700828236,0,1029,0
68393A79-FE6B-4B86-AB40-6CE88137A76E,9804,3,146.0,3,0.1116891064871481,210,7.818237454100367,481,215,141.0,40.29391808096399,124.8,-2.296912,17.980625619440126,0.0,60.72,-6.454685056272638,0.09207011610941335,0,1029,0
97DE8F48-CDF0-4327-9EAC-AB2B73FB697F,1216,1,0.0,0,0.0,0,0.0,-1,215,753.0,176.6905417694486,494.0,-14.515,56.8831299008398,0.0,263.1,-14.389839608954759,0.2860402233013164,0,1029,0
66C36BAE-71F9-4D8B-8D0F-1886931FC598,6115,5,68.25,5,0.29844644317252655,246,14.683565004088308,41,166,734.0,152.32265533666592,355.6895,-0.7,46.97285821105151,0.0,216.37977999999998,35.88053784003162,0.4104435307094999,0,1029,1
9BC821B2-CCB1-455D-934C-E0800CBD0CD5,6900,2,1.0,0,0.0,0,0.0,-1,211,801.0,237.65367302709387,427.07,0.43,48.381712312587695,0.0,301.63,2.61559626302963,0.10999594085666695,0,1029,0
DF4F2003-6EAF-45F7-8020-9013817C6D00,12716,4,145.66666666666666,0,0.0,0,0.0,-1,115,250.0,56.32751840969935,297.46,0.0,26.971345579302067,0.14351997483485374,89.20898,-16.49603692821787,0.2792685882573257,0,1029,0
DC78C785-DE0F-48D9-8170-6F5F1EDAC962,5507,2,229.0,2,0.1325585618303977,179,11.863991283820592,738,205,314.0,26.120976974595685,207.0,-26.6,28.55325090785023,0.0,76.0,-18.00778253015124,0.024990796760452745,0,1029,0
FDD9C72D-F18E-4907-8818-5B7D2032B7C5,6010,2,1.0,2,0.12146422628951746,45,2.732945091514143,461,202,400.0,128.55233695470272,276.1907,0.0,35.114217666527175,0.0,172.57788,-13.869488963190378,0.012107262737513818,0,1029,0
CAAC2AF6-6F91-488C-8E1A-9807951C955C,6107,2,0.0,1,0.059767479941051256,6,0.35860487964630755,637,197,325.0,85.46765885934028,180.4,-71.23009,20.00406742340304,0.0,111.14,5.918084967820221,-0.05227811732596049,0,1029,0
7D6A66AC-8CED-4DCB-8189-AF743326D9B9,6931,7,81.83333333333333,1,0.052661953542057424,181,9.531813591112394,801,185,748.0,225.14133598457764,992.0,0.0,61.56584135861887,0.26330976771028713,300.8972,-14.502227702941838,0.05414113433107883,0,1029,0
BB67EE48-B027-4D81-83A2-3809F056824F,4891,3,74.0,2,0.14925373134328357,86,6.4179104477611935,54,43,1734.0,461.15314226185575,1025.763,-146.1375,202.11696421362663,0.0,750.15278,-144.27211218623847,-0.19523806621904838,0,1029,0
25A7D8AB-326A-4464-90E9-F1A74466E9A5,872,3,76.0,16,6.697247706422019,1133,474.2488532110092,49,181,60.0,4.885659342102446,24.281,-0.498,5.641169045914584,0.0,12.327800000000002,1.1746850251815042,0.03219444358699532,0,974,0
B34F4910-E39E-4D7A-8DB1-1F921964B5C5,4551,4,11.666666666666666,2,0.16040430674577016,70,5.614150736101956,391,180,226.0,36.76643107992323,163.4039,0.0,21.866275622781504,0.0,66.230138,17.967648244150844,-0.027318911160782333,0,1029,0
FBB8FC67-8C01-467D-A12B-01B71AC82D42,5894,2,622.0,7,0.4334916864608076,394,24.399389209365456,232,164,269.0,104.44007158639428,224.9494,0.0,21.189874889369204,0.0,128.85959999999997,-5.993934026980696,0.09305076742604361,0,1029,1
125918EE-4CCE-4177-A086-BEEED0C2412B,12716,3,220.0,6,0.17222396980182447,425,12.199197860962567,43,159,259.0,115.55990450665351,385.3159,-152.0502,34.93232115942963,0.14351997483485374,158.0993,13.204544682389695,0.16040278108454056,0,1029,0
49D98260-F113-459B-BD5D-136417B81C53,2463,1,0.0,1,0.14819326025172555,8,1.1855460820138044,687,148,472.0,119.35363244764036,457.0977,0.0,20.18406709708244,0.0,144.45962,-2.6366584607576584,-0.1263994726573479,0,1029,0
B7C053D0-9734-48F1-B3A8-9114744DF765,6145,3,90.5,0,0.0,0,0.0,-1,131,1247.0,192.28323890256425,585.1356,0.0,95.2560599237012,0.0,328.84623999999997,-63.39599614697781,0.6130043315558067,0,1029,0
5E0193DC-45E4-4A39-A181-2527641BCA71,312,5,32.5,12,14.038461538461538,604,706.6025641025641,49,130,151.0,21.386815600006386,73.885,0.0,14.578332338104845,0.0,36.698,9.316862100610898,0.04369913312340279,0,436,0
98B781DF-4CCB-40B5-87E9-FA0B8D3C4B20,2726,4,83.33333333333333,10,1.3389581804842259,1028,137.64490095377843,125,125,301.0,49.38766943842207,96.93604,0.0,12.131358266840513,0.0,65.21072,14.569633340127304,-0.08708132626290828,0,1029,0
41BEAA45-C12F-40F6-A19D-77FF8F50DC5D,1944,1,0.0,0,0.0,0,0.0,-1,123,265.0,59.852272782917815,174.7969,-3.227356,25.110366536870856,0.0,90.177374,-11.112196010541268,-0.04128869970966124,0,1029,0
B730A01E-E8E9-4C5B-BD25-C42FD456A1E5,142,2,7.0,0,0.0,0,0.0,-1,114,803.0,65.48090617116556,810.0,0.0,61.75672487693997,5.140845070422535,142.39825999999996,57.8699889646369,0.07653848092116826,0,253,1
7FBD9408-D2B6-41D7-8358-F38BB3ACA907,2802,2,309.0,0,0.0,0,0.0,-1,108,151.0,18.088908574918733,72.27811,-2.599853,3.710070668109536,0.0,22.83988,2.0280086298652193,0.04817241608438746,0,1029,0
B2E793B5-BA4A-4229-BCF3-2023FC784814,3616,2,1.0,2,0.20188053097345132,283,28.566095132743364,536,96,602.0,152.3668720738543,405.4499,0.0,30.093910299064603,0.0,191.20762,17.748251150682762,0.15790152807772595,0,1029,0
2B187E80-8A1A-4948-8BD0-A7153C49F0CB,1019,2,0.0,0,0.0,0,0.0,-1,96,250.0,27.28401800104077,94.83833,-6.040794,9.450830917027329,0.0,39.197641999999995,-2.9101333131549723,-0.03438268156959428,0,1029,0
8EF84F38-2FDA-4126-939B-EB8D49676A85,6010,2,364.0,2,0.12146422628951746,111,6.741264559068219,460,91,400.0,130.1644724105066,278.1186,-58.86918,35.5490998221411,0.0,174.6732,-14.113972225321405,0.009690963575637705,0,1029,0
74F518BC-6301-4C64-A447-7F5D7D314F82,2313,2,1.0,8,1.2624297449200172,526,83.00475572849113,204,89,452.0,192.92899404157683,346.9695,-36.44,39.82240401550173,0.0,245.5233,14.824013643608367,-0.12784826596125085,0,1029,0
B3A5AEE1-A2D9-40D9-B866-178D0D703D27,465,4,30.333333333333332,0,0.0,0,0.0,-1,85,417.0,64.84837541263843,282.0468,0.0,61.215619438922865,0.0,170.27869000000007,3.4574352873615624,0.11879016783467332,0,534,1
BD647A47-459B-4481-92BC-9F34D9044F0F,3967,1,0.0,0,0.0,0,0.0,-1,83,831.0,173.9939096723594,357.0,0.0,78.42643020575056,0.0,258.0,11.810488402486271,0.41907351402705445,0,1029,0
E1C5CFB5-EFDF-4355-AF99-B7199F65F0AD,4779,3,326.5,0,0.0,0,0.0,-1,68,554.0,211.80827089824086,520.58,0.0,41.681224822892204,0.0,267.7,-0.06575546614209316,0.3845038482115238,0,1029,0
CF125889-D248-461C-837E-0415B1E65984,2973,3,367.5,1,0.1227716111671712,7,0.8594012781701984,763,27,250.0,65.56489675723371,152.0,-1.470137,19.430958098613797,0.0,92.0,-7.468446139949762,-0.052982764218779045,0,1029,0
E647C5AD-F118-4F53-B710-2FC7C9BC8096,12716,1,0.0,0,0.0,0,0.0,-1,61,282.0,32.66521318944765,123.0,0.0,11.574695545973517,0.0,45.0,-2.3883613375957964,-0.09565790015231622,0,1029,0
3713DA25-75F6-46FF-BCB7-9797A7F289C6,2833,3,0.5,1,0.1288386869043417,7,0.9018708083303918,971,57,887.0,67.40343768784255,206.4528,-88.0,27.16445441380219,0.0,104.88163999999999,-21.268203774648107,-0.18750200208575818,0,1029,0
67D91F7D-F058-4F09-85E7-9BFD07230C81,4078,2,812.0,4,0.358018636586562,375,33.56424717999019,45,40,158.0,61.8317125965722,107.5,-27.07218,13.719090179085565,0.0,80.0,1.6565204281191583,0.04109832375275732,0,1029,0
20641858-E610-4DD7-A517-032F5CF38EC3,5229,3,1.5,7,0.48862115127175365,127,8.864983744501817,149,35,251.0,52.11731761473012,118.2549,0.008972168,23.55097814623051,0.0,83.68567,0.11784777908932398,-0.02090257659771663,0,1029,0
999B1355-80ED-477C-B0DB-57F491662D00,3006,4,148.33333333333334,5,0.6071190951430473,482,58.52628077178976,16,38,1246.0,287.6851788788169,827.0507,-10.67349,156.82621573859367,0.0,512.7903,-25.22158076077676,0.5167116844980845,0,1029,0
CB2189DE-A08B-4576-B7CD-5F712979C65C,2145,2,438.0,2,0.34032634032634035,67,11.400932400932401,149,33,603.0,210.56846837477272,381.4936,0.0,34.39184875503025,0.0,251.851,-35.87246620270483,-0.4115666340262207,0,1029,0
3F112FC8-560C-4F3B-88D4-6D4AD1717952,3630,2,321.0,2,0.20110192837465565,42,4.223140495867769,223,12,904.0,131.54900645441214,409.9875,-3.17,60.786021412045876,0.0,217.9933,6.08575965824221,-0.015509387478240691,0,1029,0
C0961F9E-19D6-4D8E-AECE-8E15D1E4D786,12716,2,67.0,3,0.08611198490091224,61939,1777.896744259201,175,4,726.0,230.0880627437199,611.9,0.0,87.22988270297142,0.0,335.58,-29.228896077053207,0.9738601519161759,0,1029,0
770C8A25-EB48-4D4C-88EF-91A1E00D3A27,12716,2,54.0,4,0.11481597986788299,219,6.286174897766593,386,1,261.0,49.224045771070585,542.9186,0.0,11.614840072726794,0.14351997483485374,63.800323999999996,4.802062841583741,0.04026621896073915,0,1029,0
AA0510DC-5FB2-440A-B2E6-1959058E011B,2155,1,0.0,1,0.16937354988399073,8,1.3549883990719258,713,501,151.0,34.55866206689005,87.15195,0.0,7.844832293657641,0.0,43.549012,4.339796239282784,0.05679437044864847,0,1029,0
3690E5CA-2090-4DA5-A805-327DE86B80CA,4436,0,0.0,6,0.49368800721370604,841,69.19860234445446,53,0,142.0,17.47870875301925,70.505,0.0,3.531275211872448,0.0,21.608781999999998,-0.2533780824945602,0.04126699797104252,0,1029,0
01F7288F-0F48-4BC6-A531-FA1A7629A20A,3679,2,14.0,1,0.09921174232128295,108,10.714868170698558,95,77,831.0,113.72061327162747,412.4885,-2.475639,58.73201539592249,0.0,181.55929999999998,-36.3227126019284,-0.6250607328702724,0,1029,0
3EB5027B-DB08-4931-8549-C2DAAF253F64,12716,3,236.5,2,0.05740798993394149,162,4.650047184649261,204,12,751.0,139.3424280739658,416.0889,-0.3444895,59.73794417464696,0.0,224.707,4.709788908287294,0.007573016712601055,0,1029,0
803A4BE4-7A83-4CC2-B52F-2328EDDD7381,142,1,0.0,0,0.0,0,0.0,-1,122,803.0,65.10792012308242,805.0,0.0,61.086617348975565,5.140845070422535,141.37192000000002,57.116904754232394,0.07509689474169194,0,253,0
63EFD9D9-EEBA-49B7-9A49-02D344868BE3,-17,0,0.0,0,0.0,0,0.0,-1,0,1039.0,0.23357447137387588,201.6037,0.0,6.51648318178799,0.0,0.0,0.0,0.004221690524507026,0,79,0
4F727414-F7E6-4B01-869D-C6717BCED803,4335,1,0.0,5,0.42099192618223763,270,22.73356401384083,301,699,452.0,167.9018866854102,354.092,-0.4808291,60.59057227645116,0.0,248.63048,-63.97799436365095,-0.034543928087358795,0,1029,0
FD954650-C53A-46A6-BFD1-D91E4B9651E9,12716,0,0.0,1,0.028703994966970747,12,0.34444793960364894,32,0,489.0,104.26952943122453,186.0,0.0,23.9836637616641,0.0,135.0,16.277538470010043,-0.035760130423174254,0,1029,0
8A0188AC-39B0-4F80-9F94-B06A743028BB,4381,3,98.5,1,0.08331431180095869,15,1.2497146770143803,744,112,451.0,129.79688970524657,278.9171,0.0,35.66226244346569,0.0,174.35714,-14.414168264660148,0.00528439152684984,0,1029,0
9809289C-CDFF-429C-AF50-CDE2FD3210F2,9392,5,238.0,4,0.15545144804088587,159,6.179195059625213,153,4,266.0,117.92228935897869,233.0409,0.0,30.08408194693182,0.0,145.67764,-12.01639940064537,-0.22071626190601742,0,1029,0
A84C30F4-9736-4403-AA25-3BED51DC5A2B,8215,1,0.0,1,0.044430919050517347,185,8.219720024345708,303,93,375.0,122.53062115201361,230.78,-18.7,33.275623141285664,0.0,157.79,-48.811903559421026,1.6720334917891118,0,1029,0
C13CA763-0AA5-493F-BB21-60C6094CEAC1,12716,3,346.0,1,0.028703994966970747,118,3.3870714061025478,859,320,326.0,102.15744218736033,264.1347,0.0,52.553325119709704,0.0,152.9297,-54.05902512624922,-0.0854747975341527,0,1029,0
E5881D0A-9BDC-49AC-A85E-FF64CD676A2F,2794,3,291.5,0,0.0,0,0.0,-1,421,452.0,70.17881532922881,262.1021,0.0,40.71570413843056,0.0,126.73375999999996,-3.7322001857102975,-0.23249511804391063,0,1029,0
D8094B5F-F4A1-4926-8E0B-288E2BADD0DD,3859,5,145.5,4,0.37833635656905934,352,33.29359937807722,204,420,452.0,27.878728267979753,171.2718,-3.533,21.404843081988286,0.0,55.20438599999999,14.5267617801684,-0.06150652302643474,0,1029,0
21DB4D85-15F5-41AC-932D-D07DA4E0A08E,5976,4,149.66666666666666,2,0.12215528781793843,14,0.855087014725569,125,542,489.0,122.14841463772326,388.0,-307.6875,36.96652223275959,0.0,169.0,-4.816855995747957,0.43714524655526454,0,1029,0
CD2CC60C-A7FC-4B36-917D-175D718DDD25,12716,5,242.5,5,0.14351997483485374,220,6.314878892733564,524,15,739.0,272.56881025431346,585.0,0.0,91.69787410288598,0.0,393.0,-118.51109420493074,-0.3468982224601716,0,1029,0
5F483BB0-26D4-4780-B11A-39CEC912ABA2,12716,1,0.0,5,0.14351997483485374,1036,29.73733878578169,210,930,264.0,111.5930218137152,707.68,0.0,23.078352627950892,0.14351997483485374,141.56886,1.2153454432292534,-0.06116053893553155,0,1029,0
E3D46CDE-05B2-4898-8487-DF6FECFD428C,5055,3,432.0,1,0.0722057368941642,48,3.465875370919881,982,61,452.0,126.14976915798792,273.0,-13.8214,36.892842259963544,0.0,174.0,8.138888249419495,0.2027998998503465,0,1029,0
8E608B9D-7222-4821-B0AA-9FD27A832275,6883,1,0.0,0,0.0,0,0.0,-1,907,600.0,183.16267411355233,474.6093,-11.4,50.69569254779163,0.0,251.4648,-0.8788274183363001,0.17820947823159383,0,1029,0
D39AC5D9-A1B3-41E7-8AE8-2D9B3351878B,8960,1,0.0,1,0.040736607142857144,73,2.9737723214285716,284,906,271.0,22.008663288362264,159.9827,0.0,11.007899234274248,0.0,37.127038,-2.1451243439178214,-0.02273879225569414,0,1029,0
2913AA43-DAB3-4727-97D2-C38B86F71128,1045,2,12.0,5,1.7464114832535886,136,47.50239234449761,594,879,624.0,26.424461350909326,473.1488,0.0,29.22458423079338,0.0,68.0,23.027237382886966,0.1932114565681033,0,1029,0
C505FE32-41AA-4382-8989-6883FD0BA9F6,3622,1,0.0,1,0.10077305356156818,5,0.5038652678078409,754,885,1039.0,227.80030034933466,470.1715,0.0,42.07981606730388,0.0,282.17123999999995,-18.468363921865517,0.11453226761514929,0,1029,0
8C4FBEC2-F1A5-4336-883A-E15C18D81F97,1356,1,0.0,1,0.2691740412979351,375,100.94026548672566,801,881,624.0,108.21973865375385,264.0076,0.0,62.95005880875969,0.0,198.4863,-53.33175171957175,-1.0698085352437607,0,1029,0
8BB51D34-33B4-430E-B693-6CCC2F22F5B9,1086,2,227.0,3,1.0082872928176796,452,151.91528545119706,801,649,602.0,17.920772221914344,138.0,-4.628,18.723221791464233,0.0,45.0,-13.878951230401999,0.032274331773353176,0,1029,0
5B838E1C-3993-4E59-A9EC-FF210637E797,895,1,0.0,0,0.0,0,0.0,-1,858,482.0,90.68693772624032,252.4308,0.0,67.442770422876,0.0,190.47859999999997,-46.79552840355513,-0.32824047551109364,0,1029,0
7EBA0E3D-E744-4672-BD7B-86F0F3BF8B56,12716,1,0.0,1,0.028703994966970747,58,1.6648317080843031,159,857,452.0,104.73106533213486,232.0,0.0,30.377599313393542,0.0,145.0,-8.093025208678071,0.13822231139637994,0,1029,0
7EE4A26C-1EB5-4987-A73A-90C17F51FB24,5276,3,344.5,1,0.06918119787717968,69,4.773502653525398,837,144,768.0,87.77964173085891,259.3,0.0,29.34261226572534,0.0,130.1,18.569416911116406,-0.2701010298483333,0,1029,0
94B0146D-48B4-491F-933B-B7D9DF0E074E,3556,2,0.0,0,0.0,0,0.0,-1,814,452.0,41.2671184213034,188.7297,-1.55999,30.34865120761826,0.0,83.354574,11.743983705316971,-0.06414258935282008,0,1029,0
3748EB92-5990-48E4-B964-9F2F1ECE202A,12716,3,51.0,1,0.028703994966970747,337,9.67324630386914,801,709,269.0,40.552419131062344,515.1967,-1.818,51.61188963029387,0.14351997483485374,115.0,-39.98271234093889,0.001839721867811262,0,1029,0
0929FEE4-99CA-4E47-9961-7725857D46B1,934,2,256.0,26,10.160599571734476,24387,9530.251605995718,23,553,301.0,48.537526591976594,138.3514,0.0,27.050433601409534,0.0,79.24461,22.245341458177727,0.14868668204630478,0,1029,1
A2377B8D-B5A5-4125-8875-F7B199E6A415,2980,1,0.0,1,0.12248322147651006,5,0.6124161073825503,470,810,451.0,61.163406705549214,238.4,0.0,62.09325408678292,0.0,170.0,-43.82783571789489,0.05821586341247794,0,1029,0
BA7B92C9-C317-4FDE-98AB-7CA26DEF0FB2,6245,1,0.0,0,0.0,0,0.0,-1,796,312.0,55.76015598112826,129.0,0.0,19.960178441482356,0.0,82.0,-20.174122030510972,-0.05825564884557192,0,1029,0
6085C67E-1F01-449C-B43B-43ED266AB867,12716,5,193.0,2,0.05740798993394149,356,10.218622208241586,48,22,314.0,34.2462212207384,109.1,-32.26303,19.646563771208324,0.0,60.0,-1.422517516803218,-0.009926156878962937,0,1029,0
8ABC2B43-ED95-4E5B-9E70-40FFCFC10E0B,8857,1,0.0,1,0.04121034210229197,1801,74.21982612622784,261,761,314.0,48.83676222333359,237.111,0.0,27.986453665020882,0.0,89.0,-10.672796173950871,0.015121265542578324,0,1029,1
33C64837-862E-4D62-8B39-E659102BE80F,3036,1,0.0,1,0.1202239789196311,4,0.4808959156785244,64,757,250.0,66.15253739009374,222.0,-18.8,19.101889123812064,0.0,93.0,-2.3593275135505323,-0.07677456750496969,0,1029,0
CDE3BF80-45A8-4454-A382-5832C64A3A3B,12716,5,153.75,2,0.05740798993394149,28,0.8037118590751808,448,129,188.0,19.567385494671107,90.0,-15.67459,14.26956236959848,0.0,40.0,-7.969700309485923,-0.007972406287024154,0,1029,0
50407294-CFB1-4B51-9BAC-CA1E4E222106,1891,2,1.0,1,0.19301956636700157,235,45.35959809624537,801,691,602.0,51.22761377337901,205.364,-2.102661,11.194631956040038,0.0,62.42016,1.6774461864975265,0.07621555334101372,0,1029,0
FF43581C-077D-46BB-8122-361C7B35518C,1224,2,587.0,1,0.29820261437908496,2,0.5964052287581699,229,102,452.0,100.8771510004866,174.8959,-9.599999,19.58291326884282,0.0,129.78744,-14.619896927955736,0.12387295052307838,0,1029,0
C8D30CC8-EE14-4099-A3EA-204972D0D165,1667,4,109.33333333333333,4,0.8758248350329934,442,96.77864427114577,683,351,831.0,239.78190411226825,20482050.0,0.0,53246.23058815735,0.21895620875824834,125.37361999999999,-148.06453845717567,-0.22884208769553813,1,1029,0
13510E1A-9690-4369-9442-4DA1C4ADBEEB,5793,1,0.0,0,0.0,0,0.0,-1,676,209.0,53.41143446511721,113.21,0.0,13.185115236346117,0.0,71.52,-0.02978554536412048,0.09157704826379784,0,1029,0
7A0D8C02-A584-4215-9DBC-2D8329900CC6,12716,6,131.4,3,0.08611198490091224,59,1.6935357030512739,201,67,789.0,168.79023170725083,584.03,0.0,98.42619470507161,0.0,293.89,2.0709388174405206,0.9414216495633798,0,1029,1
9DA0A802-E704-4C2F-AC5C-FBA1233EAD9A,9263,3,305.5,1,0.03940408075137644,846,33.33585231566447,209,31,820.0,230.51550669953434,946.0,0.0,80.75575487573929,0.03940408075137644,324.0,-47.550923366201005,-4.4311160385602175,0,1029,0
C8DCBAAC-E4EA-4EE4-8FD3-2B32C4D6C764,4628,5,90.0,2,0.15773552290406223,23,1.8139585133967158,356,275,150.0,45.724725515824474,101.558,0.0,15.53982917437467,0.0,65.2732,3.106817971829848,0.032464090468371225,0,1029,0
E46BEB47-635B-4F8C-B788-9549B07FB1BD,2925,7,69.5,7,0.8735042735042735,533,66.51111111111112,258,217,450.0,103.003096913501,363.6,-19.8818,49.564239154910084,0.0,167.17,-5.567790586340493,0.0998746158646963,0,1029,0
8361C020-2620-4529-B0A0-03C216F6FA9E,3465,3,283.5,1,0.10533910533910534,198,20.857142857142858,672,69,831.0,169.74006541313264,345.3226,0.0,75.30558605998088,0.0,251.6488,11.417949400601913,0.30470101958753315,0,1029,0
78B3EBC8-F56B-4BB3-A5F7-2706B151DA0D,3595,1,0.0,1,0.10152990264255911,15,1.5229485396383866,334,593,451.0,163.03601673258555,408.9703,0.0,89.01836759348403,0.0,281.01146,34.16980971324776,0.2482782925637161,0,1029,0
307666EB-D13B-45F5-AE71-0625CA7FFA8D,12716,5,88.75,3,0.08611198490091224,322,9.24268637936458,330,250,301.0,50.04789784254598,252.7,0.0,17.88386911557974,0.0,73.8,2.3486916639354973,-0.052814384950868896,0,1029,0
C2BB26A4-687B-4185-8F3F-1387DB51C500,4407,1,0.0,0,0.0,0,0.0,-1,558,538.0,87.10049387701312,213.0,0.0,25.9949833656574,0.0,120.0,-6.428194494297074,-0.03443320620294911,0,1029,0
37269223-9280-4724-8C43-59E4154D0EB4,3831,2,197.0,3,0.2858261550509006,67,6.3834507961367795,356,532,150.0,45.43642676478539,100.6699,0.0,15.223773078363644,0.0,64.692814,2.9394722662331247,0.031520155712137087,0,1029,0
3AF39594-F1F2-41DD-8019-F6DC70309A84,2132,2,1.0,3,0.5136022514071295,350,59.9202626641651,620,523,831.0,180.66705306892075,449.3375,0.0,68.38115920043131,0.0,272.09794,-16.393923405340473,-0.5637300309779432,0,1029,0
26245C96-2CD6-40BA-8241-3769DFA5D8BD,677,1,0.0,1,0.5391432791728212,4,2.156573116691285,67,498,602.5,59.25245990641225,273.6766,-124.1082,59.837903802331454,0.0,149.08038,118.48877555037785,0.169237494046882,0,1029,0
BEDECAEF-22CF-4F6B-A9D9-03809C319826,634,4,179.0,7,4.029968454258675,960,552.6813880126183,3,4,452.0,97.34613339152769,299.0,-0.2568916,49.002860680759845,0.0,143.0,25.732416249676007,0.1719719609501375,0,765,0
1EAE67FA-5497-4F17-BD60-E50D2108D271,3442,4,129.33333333333334,0,0.0,0,0.0,-1,491,452.0,46.30692113782127,166.0,-22.6,13.817445138481334,0.0,64.0,10.210825775758977,0.015083480813763359,0,1029,0
47385182-ECF8-458B-B139-DD5CC20E28E6,8801,3,10.0,3,0.1244176798091126,203,8.418929667083287,47,484,271.0,80.1840568863598,255.6026,0.0,41.84919125512613,0.0,136.16848,23.312845938022903,0.5036793226175977,0,1029,0
E7E3043D-F19C-4229-92BD-9AAE6F2042B6,8353,2,1.0,3,0.13109062612235126,303,13.240153238357475,4,453,301.0,57.343535740712454,240.4425,0.0,23.319170458796513,0.0,87.1,-5.092686970496402,0.040620241115795194,0,1029,0
6A97A554-D7C2-4618-A10A-D667E7BD57BA,3798,4,46.666666666666664,3,0.28830963665086884,624,59.968404423380726,310,305,371.0,68.63017719819284,150.0,-2.972473,28.018170709696697,0.0,105.0,5.084869098103454,-0.08701571524612986,0,1029,0
552C4C96-F16B-47E5-9B2D-3230736F71DF,2336,2,0.0,0,0.0,0,0.0,-1,443,452.0,109.3640567153487,281.0,-13.6,42.36262390884846,0.0,164.0,-9.031186344978323,0.08426806235785525,0,1029,0
D67E77B7-40F0-4C8E-A09B-FD42FCDD03F1,1682,3,121.5,3,0.6510107015457789,383,83.11236623067776,801,439,831.0,27.172164374826142,86.12652,0.0778044,15.42358245237878,0.0,50.033922,10.10738480225719,0.1904964868395113,0,1029,0
5583101A-4AF5-483C-B8D1-A32F4E33B8D5,12716,3,99.0,3,0.08611198490091224,241,6.91766278703995,440,232,269.0,52.950544520352516,143.9,0.0,21.725366209112277,0.0,74.6,32.64983356606724,0.04296812477983858,0,1029,0
FAF71C56-C66C-4B45-A802-D78BB4F6E1EB,12716,1,0.0,1,0.028703994966970747,214,6.142654922931739,801,427,264.0,73.1579850041293,156.0,-496.0,18.23187759138543,0.0,97.5,4.296297403278103,0.12446461154319421,0,1029,1
32C858E9-875B-43D7-992D-62985F5ADA2F,4076,2,0.0,0,0.0,0,0.0,-1,411,301.0,27.960652733041826,101.1027,-34.14572,14.140180563416692,0.0,47.202008,-3.894958711128247,0.08620709125312997,0,1029,0
CD150240-E82B-43BB-80F7-CB70234FFF5F,5094,3,129.0,0,0.0,0,0.0,-1,215,188.0,24.82045461413694,98.0,0.0,9.925031803925101,0.0,38.0,-4.208803379569037,-0.04306332972065554,0,1029,0
95BA4402-942E-49AD-8E3B-7C16BF60F656,12716,5,115.0,6,0.17222396980182447,1253,35.966105693614345,147,40,225.999,29.714100480850462,111.5699,0.0,34.073475441128664,0.0,74.56470999999999,35.492490043069296,-0.10571559921041859,0,1029,0
97C338DC-7669-4BA4-8B57-DF87ED9B047E,2928,2,0.0,1,0.12465846994535518,307,38.27015027322404,801,378,602.0,79.15017322953767,239.6476,0.03456794,40.45161899304062,0.0,146.01924,43.532294516604296,0.2582116327214686,0,1029,0
0EC04EA5-F77E-4D6D-8583-EE00C9E5B9D0,2784,2,0.0,0,0.0,0,0.0,-1,369,748.0,93.9745281137348,405.0395,0.0,36.587094203533276,0.0,138.86059999999998,30.75176917175901,0.14864637223262617,0,1029,1
EE6A50AE-34AB-4577-A6B8-DE0A643921BD,5078,2,90.0,0,0.0,0,0.0,-1,369,188.0,18.87101152930721,100.0,0.0,9.062498144756653,0.0,32.0,-2.8511041218998017,-0.1762485537766657,0,1029,0
DB233991-1F7F-4264-B67A-2B8477FECCE1,12716,3,156.0,0,0.0,0,0.0,-1,42,266.0,120.71374638818114,258.9601,-31.4528,62.09417298627621,0.0,186.24,37.66540182632505,-0.14164568749586942,0,1029,0
5F90C0FB-7BDD-44DB-A6D2-AF1B38DFFC84,12716,1,0.0,4,0.11481597986788299,14,0.4018559295375904,81,334,488.0,58.056277932922896,203.3936,-37.1265,58.45185409580338,0.0,160.6934,-40.89311558437351,0.030001505324144407,0,1029,0
8E086990-00A0-45D9-A1AC-9A79E3A11D21,376,3,56.5,1,0.9707446808510638,34,33.005319148936174,337,201,1246.0,236.32755465172872,1003.679,0.0,195.21302759361512,0.0,533.64562,123.6409291561416,0.2730678402171386,0,429,0
2F6DA7D1-915A-4335-B0EF-1B35C34A0E1F,2382,2,61.0,0,0.0,0,0.0,-1,223,301.0,48.78109180158415,108.6,-6.236812,12.376267973975287,0.0,66.3,-3.9047221905501956,0.048817293620742046,0,1029,0
41E5118C-A42B-4BDE-AB32-9C3566EDAA39,12716,5,43.5,0,0.0,0,0.0,-1,277,432.0,116.14653388458237,211.23,0.0,23.515846848573872,0.0,145.74399999999994,-0.18668357594037843,-0.5406640245939368,0,1029,0
1F9A92EA-F9E2-498F-AAD3-AD6DBB1E865E,5612,2,1.0,1,0.0650392017106201,27,1.7560584461867426,876,274,131.0,28.48047267296086,232.6,0.0,17.70787816772129,0.0650392017106201,49.5,2.0110782529650635,-0.08363043791417867,0,1029,0
857F915F-1C2B-47F1-A172-492B94761B5B,390,3,79.0,0,0.0,0,0.0,-1,230,603.0,78.03866898948853,314.9013,-14.18723,85.89938302382363,0.0,201.73272000000003,87.08383977517194,0.062126619894044784,0,765,0
F6E0DA25-85FB-4E53-BC0D-EE9B432BC47F,358,3,35.5,0,0.0,0,0.0,-1,179,887.0,79.63660951146562,235.3271,0.0,50.70985255170416,0.0,149.02725999999998,-7.992143144181668,-0.2158811510550779,0,408,0
D4F6F205-A6A6-4F9D-8BCA-2F2E629CAB34,3087,3,360.0,2,0.23647554259799158,46,5.438937479753807,23,244,451.0,105.1840329283479,275.1525,-28.45106,61.16059421891943,0.0,192.601,-9.680163943162711,0.021715511861455507,0,1029,0
42D1D8CB-80FB-4477-992F-5B36682F7037,3185,4,123.0,1,0.11459968602825744,6,0.6875981161695447,230,230,1040.0,162.89149440265734,531.1835,-1.288677,77.9926291454495,0.0,269.89583999999996,-54.10813694887648,-0.5523508134949957,0,1029,0
E4EFA749-DE05-4CE0-B294-FACEAF47AD4B,2700,4,242.0,2,0.27037037037037037,86,11.625925925925925,383,209,361.0,70.6982482064717,225.7917,-31.30568,33.637841977904245,0.0,115.0707,2.1653446561826257,0.21143969098830986,0,1029,0
ABFFDC0D-9FB7-4D3B-BD20-B94AB1BC7402,2644,1,0.0,1,0.1380484114977307,203,28.023827534039334,801,208,301.0,87.99395015115533,1047.416,0.0,17.918830598029928,0.1380484114977307,113.36866,-2.8946357252294064,0.09362919101458919,0,1029,0
C23B93D1-6D8D-440E-911A-D6D9192CC4D2,4477,3,249.5,2,0.16305561760107215,24,1.9566674112128657,204,204,803.0,90.22860364682666,284.79,0.0,50.85301133782725,0.0,163.13,14.381678760580755,0.1921863913239436,0,1029,0
4F62C8AA-4BDA-4961-B66F-9BFCA812D0F7,859,1,0.0,0,0.0,0,0.0,-1,197,250.0,23.081814321970437,82.53806,0.0,13.265952662817057,0.0,38.66083199999999,0.119758548477094,0.015635907350737627,0,1029,0
3851D4EC-7685-4C83-A34B-CDA4C8243E2D,7177,3,93.5,0,0.0,0,0.0,-1,9,798.0,117.12124809785121,380.9532,0.0,64.16135841686128,0.0,208.91389999999998,-46.76868166193454,-0.18003860115829762,0,1029,0
98A71AE0-3C28-4381-A1BF-3523AFCFD83D,5693,1,0.0,6,0.38468294396627434,411,26.350781661689794,131,194,391.0,148.1964652515892,283.3233,0.0,44.722440526631694,0.0,215.92934,-23.540388492329953,0.2693029872662663,0,1029,0
8F9C870E-251F-4857-81C1-D587DEF9AE60,1153,2,1.0,2,0.6331309627059843,135,42.736339982653945,181,181,452.0,105.4976398888421,240.1837,-0.3500977,29.61914431089078,0.0,146.687,-12.308639324798875,-0.1243412600590663,0,1029,0
06B483A0-1832-4A94-BA54-4BA71368635F,357,1,0.0,0,0.0,0,0.0,-1,182,678.0,30.75148813577888,124.4909,0.0,16.326186638692768,0.0,50.50769,5.0881588403013644,-0.0779323027551792,0,408,0
E49AEB5A-C1B2-4A2F-9519-C650809EBE04,4324,2,558.0,2,0.16882516188714153,327,27.602913968547643,85,175,126.0,51.308687557944836,125.6862,0.006354059,22.40546026712808,0.0,78.41586199999999,10.966813616186343,0.23269079183845184,0,1029,0
000D19AE-90F4-4E04-AE7D-E5CF952562D1,12716,2,0.0,2,0.05740798993394149,7,0.2009279647687952,793,173,156.0,31.492977758010298,61.54682,0.0,9.410276653486747,0.0,43.973577999999996,-0.5046730249856033,0.020230009242081085,0,1029,0
EF58576A-4576-43DD-887F-CC0B3A5E04FD,4408,2,1.0,8,0.662431941923775,116,9.605263157894738,71,166,301.0,43.39104450202991,101.9544,0.0,13.213603430004799,0.0,60.39783799999999,-0.921968263141018,0.21188483793549265,0,1029,0
FE858CB0-C9EA-45C7-AE2C-E2BFBE6BB351,2463,1,0.0,0,0.0,0,0.0,-1,149,472.0,120.20881201247576,457.1287,0.0,20.342447538790452,0.0,145.54166,-2.752539474667117,-0.12800537207108587,0,1029,0
50B4237B-C3AC-48AE-8E9A-D392D1A2B753,8482,7,107.0,5,0.21516151850978543,248,10.672011318085358,205,80,251.0,93.13470778403294,186.9,-36.933,22.78695824025627,0.0,121.1,4.412900240658416,0.16852378894505232,0,1029,0
D8706D99-4904-41E9-9C7E-17063B75A4E5,12716,3,153.5,5,0.14351997483485374,3072,88.17867253853413,801,138,171.0,18.8409836728703,86.30524,0.0,4.659501207417171,0.0,24.77834,2.226903328904392,0.046569059911871116,0,1029,0
1D499149-57AC-4248-B6E0-06E8AAB47AD4,6655,2,1.0,8,0.4387678437265214,575,31.536438767843727,480,124,271.0,88.08007500476458,156.9,-21.76611,25.536471858321672,0.0,118.6,-15.190738585011502,-0.11431223790781989,0,1029,1
BE12FD01-7810-404E-A4AC-D3C4E35D4411,12716,3,116.0,5,0.14351997483485374,148,4.248191255111671,345,113,199.0,61.77979043638108,239.5522,0.0,20.648541763089497,0.14351997483485374,88.0,-6.255639201813175,0.2832953199525832,0,1029,0
662BF047-B6C0-4A85-8580-647D11D6390E,7897,6,111.8,5,0.2311004178802077,778,35.95922502216032,211,89,157.0,40.235333629102136,451.8761,-18.30736,10.4812000409727,0.8781815879447892,52.6722,2.819886119254349,0.08845926080895945,0,1029,0
45F6B4E0-1554-446A-8FC5-19241EF68471,2314,2,0.0,8,1.2618841832324978,797,125.71521175453759,204,82,452.0,194.55089078247178,326.8742,0.0,40.145143183811946,0.0,247.50458,14.824822381108476,-0.13905935174916012,0,1029,0
16D976FF-3466-4459-A793-C8E92BE70270,7016,2,1.0,1,0.05202394526795895,28,1.4566704675028506,110,68,377.0,119.08483196164428,211.5007,0.0,20.80438829335437,0.0,147.42314000000002,-0.6967143736481347,0.15975625042872457,0,1029,0
917651D5-EB52-470C-9071-6CC2D91D9F57,2229,3,0.5,0,0.0,0,0.0,-1,56,452.0,92.17753282826577,182.0,0.0,23.005706154047726,0.0,122.0,7.809118406302133,0.05766595555912456,0,1029,0
5FF4882C-FDA4-4E16-9B33-337133325796,2433,1,0.0,2,0.30004110152075625,525,78.76078914919852,568,55,1039.0,173.36084086883562,492.4461,0.0,110.3159662094064,0.0,327.9915,38.44545746148847,-0.025386876767171506,0,1029,0
8855687A-DBD5-4C17-AA82-2D9C378569D9,3526,1,0.0,0,0.0,0,0.0,-1,40,630.0,161.39323501446205,531.78,0.3159409,37.349757704367086,0.0,210.05534,-2.5211975013062045,0.26743247384405167,0,1029,1
06B0E02E-A74C-4F9F-945B-0397916C946A,4142,1,0.0,2,0.1762433606953163,1959,172.6303718010623,329,38,452.0,117.0196046246494,304.6803,0.0,82.42923107892912,0.0,231.85291999999998,29.234749473961713,0.06270538861825652,0,1029,0
B4F2A313-F31F-44D8-A8CB-AD58324CC2F6,5433,2,90.0,1,0.06718203570771213,38,2.552917356893061,131,11,490.0,143.61484832962756,702.0,0.0,47.23812015198179,0.06718203570771213,204.71,-6.62538008502878,-0.1689416406102044,0,1029,0
753CCF25-D9A0-46CF-99E4-DE76429A20A6,5285,7,45.833333333333336,6,0.41438032166508987,135,9.323557237464522,202,8,301.0,98.89877823664374,240.25,-31.86622,17.152012565261753,0.0,124.6818,15.608150525179099,-0.09071733716976253,0,1029,1
672B6ADA-B729-4284-A6B4-39D5B4F69203,29,2,1.0,0,0.0,0,0.0,-1,5,416.0,32.80351158578933,175.299,0.0,46.404138549053044,0.0,108.8198,0.0,1.4750326987633655,0,79,1
BF5709D0-85AF-4054-9BA6-4847386CD54A,1059,0,0.0,16,5.514636449480642,419566,144609.6222851747,105,0,451.0,64.96950152033291,354.92,0.0,51.101799250076766,0.0,135.075,-2.5687308783575986,0.13463143114142095,0,1029,0
09B55CF9-E0DB-4D5A-8A18-E83FD35C5802,1250,0,0.0,0,0.0,0,0.0,-1,0,452.0,43.39455833183007,513.7,0.0,26.476514082596026,1.46,81.45975599999998,-15.516849303975132,0.17278490538284727,0,1029,1
237221B0-4D26-443E-A990-4A458A0E1B0E,1615,1,0.0,2,0.45201238390092874,17,3.8421052631578942,800,593,452.0,40.929192180519976,84.46326,-224.1681,11.115026345190943,0.0,55.822634,6.575278931362746,-0.004536752408321643,0,1029,0
C1D9855E-7BD2-4741-9672-99A92F1509BB,12716,2,95.0,1,0.028703994966970747,11,0.3157439446366782,433,344,301.0,111.4683764377868,218.77,-26.85544,30.437857910833102,0.0,148.2,4.732391309126768,0.0006373254813152702,0,1029,1
52BDF23D-D520-45A5-BAF7-3AE0588B443A,3637,0,0.0,2,0.20071487489689305,699,70.14984877646413,361,0,312.0,39.16767133411504,112.2864,0.0,19.53193764003318,0.0,63.963924,16.957695859557802,0.09871772622529551,0,1029,0
EAB87D4F-8510-48D3-9851-A3E73A5F1D61,12716,3,49.0,1,0.028703994966970747,34,0.9759358288770054,433,465,269.0,104.66235216502331,211.27,0.0,25.16507039809918,0.0,137.63,2.4475660448532324,-0.019531763180743508,0,1029,0
30B29AA4-275A-4F18-9FC0-A0EBB7060768,1003,2,71.0,0,0.0,0,0.0,-1,94,415.0,80.55221812407429,1024.0,0.0,48.20535678342337,1.8195413758723828,148.64324000000002,18.95485971087942,-0.10475101726177664,0,1029,0
1CE56AEA-BF03-4F9A-95FC-818D504DE34A,2441,2,356.0,0,0.0,0,0.0,-1,615,602.0,190.20910098769815,351.7194,0.005063998,36.67298529497107,0.0,237.04563999999996,-23.496057556371,0.12545183662405235,0,1029,0
BF3AEF5D-C6F4-4B6E-AB23-E20259719D21,1979,4,206.0,2,0.3688731682668014,1683,310.40677109651335,520,323,1662.0,346.3601951786547,940.0,-23.0,119.19249978234018,0.0,489.0,17.119511611468738,-1.6748945343050636,0,1029,0
7FD4D90D-20B0-48CB-BA23-936982304829,5028,4,288.6666666666667,0,0.0,0,0.0,-1,39,682.0,161.89392464398952,324.1945,0.08881455,37.90487835850489,0.0,211.88014,-1.115058504460194,0.26809647937952924,0,1029,1
5B3AB9AD-02B9-4E85-92E0-C124E60EB941,922,4,278.3333333333333,2,0.7917570498915402,79,31.274403470715836,58,57,302.0,48.10224083114774,205.927,-445.4993,33.907237635456056,0.0,95.569,24.324144045395457,0.2397756231907325,0,933,0
1ACDD6C6-89CD-4DE8-8308-D72D65051964,1401,2,322.0,3,0.7815845824411135,516,134.43254817987153,67,558,151.0,8.095579185338622,26.25901,-2.454,5.50622962634375,0.0,15.827628,5.306901511343478,0.08468315787127571,0,1029,0
233D30A4-11C2-4F96-BAE3-0183124C3A60,915,2,196.0,1,0.39890710382513667,9,3.5901639344262297,747,684,452.0,113.32254922370919,241.0,0.0,40.98222765236285,0.0,167.0,-11.545697371857344,0.15409824258129823,0,923,0
91149E01-0E5E-4D04-96C3-98C024D00242,1601,1,0.0,1,0.22798251093066835,91,20.74640849469082,801,866,250.0,41.08741269531043,235.9262,-0.1003746,8.946567378959218,0.0,51.19566,-0.45238313744005865,0.05997836148092019,0,1029,0
336DA11F-9E69-4F24-A98B-05D713991A6B,1038,1,0.0,0,0.0,0,0.0,-1,861,250.0,38.80278996725621,724.9043,-1.598337,18.459152483400352,0.3516377649325626,63.350434,1.4171577695493411,-0.05855560410417193,0,1029,0
0426A25C-3A1D-4759-AB6B-27D5F04588AC,879,3,101.0,3,1.2457337883959043,34,14.118316268486916,63,645,250.0,43.62672293732386,300.0,-2.883911,21.654168965734332,0.4152445961319681,66.0,4.376594963910705,-0.05127227641277328,0,1029,0
B6EBB536-F394-4378-99FB-5EE0CD3D886A,12716,2,757.0,1,0.028703994966970747,707,20.293724441648315,922,66,472.0,143.5702256413457,265.1184,0.0,42.688194146953855,0.0,188.1592,-75.7090575317778,-0.42702562784278014,0,1029,0
1D2EA738-97F5-413A-BA15-7C99BC5120C3,12716,3,144.5,4,0.11481597986788299,223,6.400990877634476,161,505,128.0,16.074391176410955,311.5034,0.0,6.331140134211185,0.14351997483485374,24.0,5.403849564329786,0.02117408184822011,0,1029,0
9B56DC62-22B0-46D6-9480-9DD877B4CE56,12716,3,338.0,0,0.0,0,0.0,-1,105,452.0,1.7098996348685855,214.4088,0.0,8.066333037024249,0.0,0.0,17.81237808678265,-0.2907399221020739,0,1029,0
8E599CFF-1A47-4F5D-8C3D-4D9DE9F29F6C,1403,1,0.0,1,0.2601568068424804,507,131.89950106913756,801,769,209.0,27.90677512625045,246.1852,0.0,7.536594921201103,1.300784034212402,38.09578,7.299918014953249,0.05418814198308953,0,1029,0
51C9901A-7D43-453E-AF50-3B8251DA3D54,865,1,0.0,0,0.0,0,0.0,-1,751,831.0,117.0786350353717,233.7652,0.0,28.28349631470817,0.0,152.6471,-23.31438961407541,-0.3102779265593964,0,856,0
F240884B-62D1-45A4-93F4-EDD499BEF2A2,913,2,668.0,1,0.39978094194961666,87,34.78094194961665,374,74,1663.0,509.74083313809973,1261.672,-4.021505,275.50575660501875,0.0,843.3788799999999,222.3288275867073,0.06720907117996405,0,1029,0
19F215C0-9EEA-489E-94E9-E5C8410E8D75,844,1,0.0,0,0.0,0,0.0,-1,730,887.0,31.65094009957684,99.308,0.0,12.19182214870718,0.0,47.336,-2.7631286798237547,-0.08180285700569676,0,856,1
A237E64F-3AAA-48A5-A4E6-A71866DDF30E,746,1,0.0,2,0.9785522788203754,28,13.699731903485256,688,726,661.0,154.13928361187135,478.5409,0.0,49.78971590178565,0.0,208.31935999999996,2.41166815587556,0.2624142939656201,0,765,0
88FBCAD3-5D91-4ACF-BEF1-4552774DC1B7,0,3,295.5,1,0.0,24,0.0,321,130,602.0,101.82493284340427,210.12,0.0,45.600585536002875,0.0,151.68,-96.70089580636723,0.2897122004088375,0,1029,0
E4F0D14F-8944-4C02-BC15-E8EC2E96B87F,1403,1,0.0,3,0.7804704205274412,622,161.8175338560228,801,713,1040.0,192.64904899159953,375.7616,0.0,31.614548062512906,0.0,233.13721999999999,29.2872766256844,0.268811742281651,0,1029,0
B9F60663-A5FA-4DFD-8B23-69C9C962CFBD,4044,1,0.0,1,0.09025717111770525,11,0.9928288822947576,13,696,451.0,52.35757703767056,865.83,0.0,29.293287965601515,0.09025717111770525,92.96875,17.83529624844055,-0.13176210766414154,0,1029,0
329ECA34-1A6C-404D-A263-A4FE82BE2DDA,1224,1,0.0,2,0.5964052287581699,74,22.06699346405229,132,688,452.0,100.34792689445078,173.6115,-5.0,19.36169225936696,0.0,128.81568,-14.448479132105106,0.12500715112512006,0,1029,0
30A862C5-7497-4067-8931-549953D91397,753,4,214.0,3,1.454183266932271,192,93.06772908366534,124,41,452.0,134.0860893257559,543.8719,0.0,29.354751489362577,0.48472775564409026,163.66850000000002,2.4919360885959634,0.14907194710982932,0,765,0
758E6981-F6AE-4472-A222-EF7502F0AF06,12716,4,189.33333333333334,3,0.08611198490091224,2259,64.84232463038691,346,110,281.0,80.33567353362575,169.06,-16.19285,25.063578854063774,0.0,110.08,10.185699923164378,0.12246661339069058,0,1029,0
9F783F39-6CA6-4323-87AC-FC4F7CA6184B,813,2,7.0,3,1.3468634686346865,290,130.19680196801968,694,678,832.0,182.82886883511424,661.2498,-4.788715,144.71667858629718,0.0,389.665,103.61722108695363,-0.26444260702938976,0,954,0
AFF3BDD3-24C5-4873-9A1F-5E095330A78F,3777,1,0.0,1,0.09663754302356369,28,2.705851204659783,225,660,630.0,168.06226726634992,302.0,0.0,33.550244612703914,0.0,211.0,-14.539119118201768,0.011569786850539004,0,1029,0
EABD1DC0-2B36-4163-8546-FDA15DE785C8,5351,3,0.5,2,0.13642309848626424,38,2.5920388712390205,337,639,225.999,67.00136118441927,174.679,-189.028,15.044103415149062,0.0,84.96094,2.336701342586906,-0.11373366154779407,0,1029,0
F2B54665-CE9B-4376-9E79-3189E65F7032,6560,2,0.0,0,0.0,0,0.0,-1,632,377.0,60.52950770530861,201.9065,0.0,27.566888304575567,0.0,97.84736,-26.408217541651197,-0.13902055934189908,0,1029,0
49903CB2-EDF7-4F70-98B8-E9C744BCE113,12716,2,1.0,1,0.028703994966970747,3,0.08611198490091224,141,625,452.0,102.79132844485595,227.0,0.0,29.319237573399963,0.0,142.0,-7.651822272016446,0.11718936494209169,0,1029,0
A7D4AA4D-5547-40F0-9CEE-A67E752A87A0,12716,2,244.0,1,0.028703994966970747,9,0.2583359547027367,744,370,313.0,49.81762217298452,175.5,0.0,17.722405077905343,0.0,73.3,2.4795846173704206,-0.05250850585268365,0,1029,0
DCE85A26-44E7-4A58-88F2-42C2F116CDFF,1356,1,0.0,0,0.0,0,0.0,-1,594,452.0,55.61118350906621,263.7538,0.0,29.848317372918252,0.0,94.637892,2.16461870312515,0.15930414974420426,0,1029,0
13DF5815-4243-46F0-8103-8D9B28746CC4,3036,3,67.0,1,0.1202239789196311,7,0.8415678524374177,634,572,554.0,72.64729745848737,320.0,-26.9935,48.79321157184092,0.0,144.0,6.18240933163608,0.06859128699009008,0,1029,0
15E070C7-6367-4FE4-9C7E-EA228076BB92,2124,1,0.0,0,0.0,0,0.0,-1,564,0.0,126.9560035369622,1338.5,0.0,39.913921104262414,0.0,171.318,10.686616938346432,0.05928798350035038,0,695,0
67DB43A7-C55F-4065-8527-A93E6160DE6B,2182,4,174.0,4,0.6691109074243813,61,10.203941338221815,111,5,188.0,38.27883262351769,142.0074,0.009983522,13.051713013728486,0.0,54.862496,-4.606343916441141,-0.04385985747850683,0,1029,0
A68AACA3-3F7D-43AF-9946-EE67D1A379A2,3638,1,0.0,1,0.10032985156679494,198,19.865310610225396,801,512,301.0,90.337733612765,162.0,-35.88287,21.500921811999035,0.0,120.0,-6.855557686839077,0.022963911868325065,0,1029,0
763B8726-F3DA-4386-A9DC-DD1ABFD5005B,1682,2,0.0,1,0.2170035671819263,353,76.60225921521997,801,502,831.0,26.938593263484425,136.8802,0.0,15.15653128828518,0.0,49.117366000000004,9.724259522781008,0.1896252188499224,0,1029,0
8DDC5086-1AC5-4E69-9E58-5B0798DF3901,3623,2,15.0,3,0.3022357162572454,148,14.91029533535744,434,491,301.0,81.01203308941808,256.2762,-3.605957,41.987443617569625,0.0,137.20078,23.0845587801751,0.49679267171835606,0,1029,0
A3CB7B3F-267E-40FA-BC84-02F007DABDD2,12716,3,78.5,0,0.0,0,0.0,-1,333,424.0,150.92601573323785,305.83,-122.23,41.905670815848715,0.0,206.94,-39.03682206039835,-0.055623997361467045,0,1029,0
AB491B85-112D-44AC-A2B8-8AC3F712907A,3702,1,0.0,3,0.29578606158833065,203,20.014856834143707,735,447,831.0,220.8640822968355,721.7,0.0,143.86467779427798,0.0,407.5,53.68486060439906,-0.3612471418513564,0,1029,0
135779A2-0D81-4211-ADD9-341969F51C72,8699,4,69.0,4,0.1678353833773997,985,41.32946315668468,380,427,432.0,107.79630784762819,309.34,0.0,22.815741821326604,0.0,138.85,5.088479961013803,0.09358557012057857,0,1029,0
7BA18F7B-A213-4052-9481-787037F7ECE4,12716,6,121.8,2,0.05740798993394149,327,9.386206354199434,440,108,269.0,53.87833343719207,189.4,0.0,21.774758859465486,0.0,78.5,-53.87833343719207,0.0,0,1029,0
E4ADD619-7565-47CB-86F1-6ACA2B1B7CC4,12716,7,31.0,4,0.11481597986788299,183,5.252831078955646,300,241,289.0,36.79730046192733,200.44,0.0,19.648452051653628,0.0,64.21,-4.566730245877949,0.07520814469547618,0,1029,0
82A393EE-D05A-402D-8465-3B3BE32802E7,7773,2,141.0,1,0.04695741669882928,187,8.781036922681075,551,411,678.0,115.79369301813175,406.3499,0.0,58.47100225970489,0.0,198.86545999999998,40.29487688155963,0.2695529335982054,0,1029,0
71631192-5D15-4D93-9FAB-AC9917F9BC53,4628,2,1.0,3,0.23660328435609335,65,5.126404494382022,356,407,150.0,45.63920476863084,99.9804,0.0,15.473041485311786,0.0,65.076,3.070397299270404,0.031992131790343444,0,1029,0
213BC80D-6102-4D6D-8B7A-6B9D2B84DE55,641,1,0.0,3,1.7082683307332294,144,81.996879875195,28,408,452.0,77.09411512845101,225.9679,0.0,50.406924365398794,0.0,143.77150000000003,25.9879640436169,-0.13851823360576293,0,765,0
5DF86EBE-48A5-457C-8F61-0851605E4394,8671,2,238.0,4,0.16837734978664515,55,2.3151885595663706,163,164,314.0,64.98128396703318,160.0,0.0,22.00436349665807,0.0,95.0,-10.745867300366513,-0.2065544786051023,0,1029,1
E2BF7BB2-56C6-46BA-AF3A-50184DECF8B7,3414,2,272.0,4,0.4276508494434681,488,52.17340363210311,488,118,100.0,37.95195592356405,70.01427,-0.22,8.490142876432758,0.0,49.105104,5.6333310563742245,0.08555403526723375,0,1029,0
DFA17F76-9611-49C6-8262-CC3BE7A37BF1,3820,2,7.0,2,0.19109947643979058,162,15.479057591623038,629,389,831.0,115.36375599998648,246.3542,0.0,33.438618170175964,0.0,157.94634,-11.123236066344504,0.1810049583098035,0,1029,0
8F662221-D026-4BB2-8615-77455C45AD9F,453,2,256.0,0,0.0,0,0.0,-1,106,452.0,17.879801622773996,136.49,-11.1,22.33832927444417,0.0,51.281962,15.18866631588341,-0.02943321666469889,0,1029,0
AC0839C9-0CE9-4AAC-9784-E5A103ADB818,4187,2,1.0,1,0.08717458801050872,3345,291.5989968951517,28,360,259.0,36.88261399433658,228.8226,0.0,20.50758204822986,0.0,63.75,-9.238613222731644,-0.08948114021852951,0,1029,0
A834C603-B611-4CB0-8CB0-33298C75F137,2581,2,0.0,0,0.0,0,0.0,-1,342,452.0,153.81040714392398,354.5573,0.0,61.58939567188324,0.0,232.79736,8.256077473359966,0.31158109618251445,0,1029,0
4B5682E6-FE5B-4FB3-B395-BD970311A60B,4794,4,0.0,1,0.07613683771380893,14,1.065915727993325,208,337,452.0,103.96239800583913,270.0,-27.47813,24.242878628916248,0.0,132.0,-1.2073054132465444,0.12471189858820823,0,1029,0
A5194BF0-97F6-4E87-8875-7A1A3CF7F22E,3875,3,3.0,1,0.09419354838709677,18,1.695483870967742,772,334,452.0,76.67445268165199,218.3913,0.0,36.01587690488006,0.0,124.66158,-1.9682119845840873,-0.23221960711229944,0,1029,0
08EB17B0-6627-4B7C-9618-BF11DE6D95C7,2382,3,32.0,0,0.0,0,0.0,-1,220,301.0,48.62152940542215,151.2,0.0,12.329141393844417,0.0,66.0,-4.0623587841258555,0.0485531813822063,0,1029,0
713C5599-A6BC-4392-A658-4006DB5B9B50,9671,2,0.0,1,0.03774170199565712,8,0.301933615965257,282,282,295.0,86.00468437151527,234.5654,0.0,19.82558975927706,0.0,111.22,4.9749930976205405,-0.04643105230192835,0,1029,0
A1FC7D15-7B15-4289-9817-CB7434B9ED25,2753,2,1.0,2,0.2651652742462768,72,9.545949872865965,552,275,452.0,74.24710556215372,205.8768,0.0,30.284016320446323,0.0,114.22334,-14.148946400811127,0.19305286091367796,0,1029,0
8FA4B4A4-0EB6-4083-8003-B209A1BDDEA2,2778,3,47.0,0,0.0,0,0.0,-1,160,150.0,48.0489300859739,120.0192,-35.70796,13.786559726083075,0.0,66.2423,-5.690787203489329,0.08926098519320827,0,1029,0
0169A51B-10B3-4672-BA04-98689DC352F2,3519,2,344.0,0,0.0,0,0.0,-1,241,624.0,124.45349939770355,335.4211,-7.736378,73.56796061850345,0.0,221.95379999999997,-9.12128932208627,-0.2459870013857516,0,1029,0
9D6EEFAA-F031-4CFD-AD6C-BF47868D8F23,9683,3,126.5,1,0.037694929257461526,50,1.8847464628730766,433,240,301.0,105.18293470429214,234.0829,0.0,25.263062590657487,0.0,137.81399999999994,1.9606231660782498,-0.020117096646696826,0,1029,0
99260EB7-3218-433D-897E-9FA6F7362196,1859,1,0.0,2,0.392684238838085,307,60.27703066164605,227,217,734.0,160.55653545454038,99999.0,0.05578987,452.08628313653975,0.5890263582571275,224.47228,34.24905733403989,0.421724027912514,1,1029,0
83636987-57D4-4726-A764-982C4DF82A4A,1667,3,164.0,4,0.8758248350329934,475,104.00419916016796,77,203,602.0,81.13857797407529,172.8741,-150.9444,13.733880947091341,0.0,99.441396,3.6265783831777867,0.08079100315703244,0,1029,0
755EAB3D-8720-49E6-9610-D737FDFF7467,357,1,0.0,0,0.0,0,0.0,-1,183,678.0,30.770548235249958,80.31113,0.0,16.321363444735894,0.0,50.51445,5.116583164441398,-0.07788769741009662,0,408,0
AFF299B1-0349-45C4-9D74-9ABA3BCA105B,4423,7,19.666666666666668,3,0.24756952294822518,112,9.242595523400407,64,64,256.0,76.50577493630337,270.0,0.0,46.711864685711355,0.08252317431607506,142.0,43.37246580443737,-0.17984650597022991,0,1029,0
9DFB9A62-BA5C-47A6-93DD-FA0CE49F59FF,12716,1,0.0,2,0.05740798993394149,10,0.2870399496697075,526,140,77.0,21.308730154689083,82.43401,0.0,14.401213905611156,0.17222396980182447,42.343805999999994,6.644868070750729,-0.030584298851457963,0,1029,0
92318A20-6162-48D2-8FF9-E096F80EC4CA,4402,4,22.666666666666668,1,0.08291685597455702,5,0.41458427987278507,379,54,301.0,61.77097102734326,174.1286,0.0,33.08235418205608,0.0,104.93885999999999,14.283168424770942,0.1160365922434783,0,1029,0
9F234378-BB89-424B-9F5F-F8F3CA3AA034,2514,1,0.0,0,0.0,0,0.0,-1,110,250.0,62.08240210182,152.0,0.0,19.622968760831217,0.0,91.0,-0.17923852157309028,-0.10025328915784627,0,1029,0
472BAB2C-F259-4641-8F8E-46C47F0CB1CF,1395,3,220.0,3,0.7849462365591398,680,177.921146953405,97,9,302.0,70.9317707602506,225.0,0.0,16.132066486476994,0.0,92.71889,12.355508406416064,0.1325647673728969,0,1029,0
83150C52-35D0-44C9-9112-C284CF0A5784,3897,3,13.0,1,0.09366179112137542,67,6.275340005132152,515,66,831.0,107.16934433954869,227.9445,0.0,21.92667829772649,0.0,131.33926,1.6064375462537726,0.2341710431682429,0,1029,0
34C2D473-F269-45FE-8525-7DA4878EE20B,117,1,0.0,0,0.0,0,0.0,-1,86,678.0,22.64259421240334,600.23,0.0,32.5008752942498,0.0,71.01059,27.018497306732463,-0.12069546700569847,0,274,0
BAE54530-1896-49C6-897D-732E3D6A4D95,3694,2,677.0,2,0.19761775852734162,261,25.789117487818082,427,86,80.0,22.238725287131594,129.6846,0.0,3.9800678095102313,0.49404439631835406,27.132247999999997,0.7579925016801354,0.020563863971582618,0,1029,0
FF9ABA08-F1C2-4CDE-88E4-71135C87F91B,10062,2,521.0,1,0.0362750944146293,109,3.9539852911945936,589,79,416.0,150.74003111596508,281.0807,0.0,41.90254852904225,0.0,197.8465,-36.11059928988483,1.4299080309853707,0,1029,0
4C0BDC14-DD24-425C-BBFD-65BCEB0AC073,3472,2,0.0,1,0.10512672811059907,208,21.86635944700461,801,68,452.0,114.15886737614582,242.8603,0.02987746,19.635887630937717,0.0,138.2359,8.125750905402796,0.3635937713833099,0,1029,0
F32771BC-4602-4639-A49B-CF672F1FC57A,4459,2,196.0,0,0.0,0,0.0,-1,47,804.0,188.06193028202233,397.5,-29.99943,31.81245338247812,0.0,232.5,-7.390633985726026,0.07266071943021137,0,1029,0
75328D3F-EE47-4DFD-A2DE-AF4860737775,1411,2,1.0,2,0.517363571934798,348,90.02126151665486,801,33,90.0,2.0347282590715228,323.1117,-33.58037,2.1344194081219907,1.293408929836995,4.0,0.24919249710409463,0.01216117964957205,0,1029,0
E81CD061-8C64-41ED-AF9E-C14F199512D7,5437,2,0.0,2,0.13426521979032555,30,2.013978296854883,583,14,804.0,135.7837163297357,439.765,0.0,43.57192864486884,0.0,184.34866,-4.564852129118435,0.1516067282070664,0,1029,0
575C9142-8228-4CC8-907A-34C0AA53DFF2,634,2,538.0,7,4.029968454258675,960,552.6813880126183,3,5,452.0,98.40178745104853,292.0,-704.6049,49.81391407879809,0.0,145.0,25.658475254198393,0.15356679348032978,0,765,0
36C742A4-0795-4B0F-A7E1-87D9DCA1F8C9,8456,1,0.0,0,0.0,0,0.0,-1,3,251.0,71.85180887389822,361.3678,0.0,13.29921747859029,0.08632923368022705,89.840284,-10.127712104608094,0.024724796065872624,0,1029,0
1CAC6153-2470-47FA-A448-30C82F04D4C4,1153,2,1.0,0,0.0,0,0.0,-1,183,452.0,105.06633588023004,238.2195,0.0,29.363086384661937,0.0,145.90251999999995,-12.039835109396705,-0.1220498174701306,0,1029,0
976E238F-CDA8-440B-BC0F-90D22D4ECBA1,10134,2,1.0,1,0.03601736727846852,7,0.25212157094927967,867,180,156.0,26.86580147593882,239.01,0.0,6.431655132160713,0.1800868363923426,35.324577999999995,-0.004666263978943874,0.007819130780580781,0,1029,0
3DEE382B-B84C-4B12-88B7-0C7584E1BD7A,12716,3,248.0,2,0.05740798993394149,411,11.797341931424976,321,201,538.0,83.96633574147616,164.428,0.0,24.614612378931934,0.0,115.22894,-1.9022095261983765,-0.02925758246853673,0,1029,0
E345B333-A917-4E07-B06F-69340FD89087,2329,0,0.0,1,0.15671962215543153,366,57.35938170888794,801,0,416.0,60.496827823767454,114.4351,-29.88103,15.478430496733269,0.0,80.373594,-8.79943905601283,-0.06810049645341554,0,1029,0
FB16BEB4-78CA-4B11-85AA-16C4F7B384FD,5106,0,0.0,0,0.0,0,0.0,-1,0,753.0,195.55357502835093,498.7553,-8.3,57.6030752838058,0.0,270.85878,-28.0329746332892,-0.4395690390139149,0,1029,0
21E6288E-F54E-4B81-A4F3-0B50E6D52145,12716,3,76.5,1,0.028703994966970747,239556,6876.214218307644,276,600,678.0,107.34549652855029,544.0449,0.0,75.53778033973244,0.0,206.8726,81.14573501234474,1.7811274484017314,0,1029,0
442DE724-EAD0-4E68-B96E-5F5071214095,4030,1,0.0,1,0.09057071960297766,304,27.53349875930521,801,741,504.0,16.853694405124116,202.6,0.0,31.985082877123556,0.0,67.4,-16.853694405124116,0.0,0,1029,0
B8A60FBD-CDC6-4EAB-88E6-E4A10168F69E,1306,1,0.0,0,0.0,0,0.0,-1,734,887.0,91.96111070643929,209.3543,-18.56,27.01122549532806,0.0,129.72472,8.230524942480471,-0.09073591509993116,0,1029,0
E554C17B-1BE0-4A75-A4EC-344359693CE6,8182,1,0.0,4,0.17844047910046443,83,3.702639941334637,629,709,489.0,107.6213827896894,348.2184,0.0,43.239846952681184,0.0,165.73,-2.672377689457946,-0.20162908798427942,0,1029,0
D930D9DF-F1CB-48D3-B922-F791DC37BDC9,692,2,85.0,1,0.5274566473988439,12,6.329479768786127,301,600,542.4,159.6271909163901,322.3049,0.0,76.84020503307072,0.0,251.78408000000002,-31.788438267470355,-0.04757684841476979,0,765,0
E8C1B437-90CA-425C-AE12-9D21EF47DB8E,12716,3,21.0,1,0.028703994966970747,126,3.616703365838314,801,684,269.0,107.297081204255,218.28,-35.37552,27.423167177898847,0.0,146.94,-10.261058810736486,-0.36051416086930926,0,1029,0
D3FB5DCE-F33B-4FD3-91AF-CEA0446341CF,12716,2,334.0,8,0.22963195973576597,719,20.638172381251966,324,342,138.0,27.665317989578757,193.259,0.0,5.981952967967523,0.14351997483485374,35.2,-3.992972313652828,0.11147027753538896,0,1029,0
90A13DCB-D4A2-4B76-BAA5-79CC692D6B82,6554,1,0.0,2,0.11138236191638695,387,21.552487030820874,208,636,138.0,15.492972161919885,62.94376,0.0,3.1713871674781835,0.0,19.61143,1.5028566596850528,0.026760195478048806,0,1029,0
5CD63272-9719-4D60-84D8-2041F64F5A46,2789,3,182.0,1,0.13087128002868412,66,8.637504481893151,873,243,301.0,74.69788808009893,149.6076,0.0,26.870619816382327,0.0,107.8274,-3.1912864817964675,0.13516724386806472,0,1029,0
E22D3F3A-FA23-47A2-8C2F-C52A5BAF8653,12716,1,0.0,2,0.05740798993394149,20,0.574079899339415,215,586,188.0,33.091264908239005,138.4107,0.0,10.209464878185587,0.0,46.495951999999996,-1.8581009985167825,-0.018143070842682695,0,1029,0
5AAAA079-9B8F-4E03-8799-8BFD262DA47A,2124,1,0.0,0,0.0,0,0.0,-1,565,0.0,73.47285550338005,173.9432,-679.58,25.05083114388536,0.0,102.7254,12.911376442607605,0.3534929055106729,0,695,0
B2E9766F-804A-44A5-ACA7-AF88F98CCCC9,1405,1,0.0,2,0.5195729537366548,432,112.22775800711744,427,503,301.0,38.67303699187658,419.0932,-56.45736,22.884166191318965,1.2989323843416372,69.06182,9.533152825253048,0.00721597080396389,0,1029,0
30CB4D98-4210-4B66-AAF8-8AD83F64C821,3502,1,0.0,1,0.10422615648201028,134,13.966304968589379,873,446,831.0,207.84812452668905,715.0,0.0,133.00039258750886,0.0,382.6,44.97799430047144,-0.44233355855573214,0,1029,0
90390E04-CE6D-4CFB-9991-61729D467616,4168,1,0.0,6,0.5254318618042226,364,31.87619961612284,204,446,452.0,197.48753249035258,538.0,0.0,40.941107429919185,0.1751439539347409,252.0,16.588547756561013,-0.230617291572569,0,1029,0
2504F7E4-B16E-4820-A3C8-990EA331CE7D,2336,1,0.0,1,0.15625,2,0.3125,101,441,452.0,110.12949238681598,283.0,-17.1,42.55486222754282,0.0,165.0,-9.050248559655486,0.08371363862927207,0,1029,0
1571A9B6-264E-4927-A936-09BC7C62B46C,4047,2,432.0,1,0.09019026439337781,196,17.677291821102052,436,6,624.0,142.28189326687706,497.7,0.0,82.62972562466194,0.0,256.1,3.674433893616765,-0.4066171978252213,0,1029,0
542358FF-AC42-4DFB-8750-AB5B18AD23A6,6143,1,0.0,0,0.0,0,0.0,-1,438,380.0,78.55574688950915,184.1,0.0,20.80744668627156,0.0,106.8,-8.180407383336316,-0.0877930288605173,0,1029,0
55FC5510-5348-4FD2-B755-C17BB5DDE25F,12716,2,115.0,5,0.14351997483485374,126,3.616703365838314,178,423,84.0,24.569604887576283,120.2,-164.3568,14.713240329862986,0.05740798993394149,38.5,11.888767026003961,0.031997920410807394,0,1029,0
00B6496F-EAFA-4096-B929-2089B745186C,565,2,264.0,2,1.2920353982300885,29,18.734513274336283,2,153,151.0,29.590661695141634,107.0,0.0,20.90104940701591,0.0,58.0,22.827933983870714,-0.5655264367343762,0,625,0
FD7E9A32-A7EB-4B3A-B2CB-B5EB87374171,1515,1,0.0,1,0.24092409240924093,39,9.396039603960396,708,379,1247.0,121.45896770046453,478.5198,0.009231586,55.2209759655005,0.0,194.73737999999997,3.2420439938919685,-0.2654751234723615,0,1029,0
9C75526F-F996-4B7C-B82F-8AB30EBC0F6F,12716,2,364.0,1,0.028703994966970747,26,0.7463038691412394,223,12,375.0,70.56983986778808,273.6572,-234.05,34.019821194937215,0.0,114.1602,13.86845713005144,0.10416763495451378,0,1029,0
6FEFA82C-5808-4D65-B94C-14C208CA49EE,12716,1,0.0,2,0.05740798993394149,250,7.175998741742687,405,375,1370.0,433.9291722235363,871.06,0.0,121.24477652402803,0.0,607.0,-75.02156265563502,1.3390045501728085,0,1029,0
A80E1052-90E2-4B3A-804C-17865D1BA07E,479,2,1.0,0,0.0,0,0.0,-1,372,678.0,83.57825290095434,300.0,0.0,71.23282763561535,0.0,113.86012000000002,8.514080868335768,0.11793513108663065,0,645,0
56C99268-1D8D-4C94-A10D-F12C55F78A8C,532,1,0.0,3,2.058270676691729,7958,5459.9060150375935,356,361,301.0,27.02413983473169,1391.821,0.0,28.013128417204456,3.430451127819549,63.86757,29.254104601919543,0.15705020953788118,0,856,0
8525D1B3-BF24-4075-AC3E-8D9DDC54BF57,6000,2,0.0,1,0.06083333333333333,20,1.2166666666666666,34,348,1386.0,335.11451830901484,1002.0,0.0,134.86295979442417,0.0,514.5,6.634555765059247,0.7124987995771547,0,1029,0
1FACDCB4-5269-425C-BB15-58C8C0541010,5213,2,199.0,0,0.0,0,0.0,-1,126,148.0,49.363403498434856,93.78883,0.0138089,9.190062627050812,0.0,60.68509,0.12711214662687098,0.006878931005380266,0,1029,0
75360B96-86FA-4D7B-BFB7-431A3C4D9D0D,495,1,0.0,0,0.0,0,0.0,-1,314,603.0,90.52933460289067,506.0982,-0.6175378,103.94674167550053,0.0,253.31516000000008,50.349689999732774,0.9724497059455415,0,765,0
11922B9E-E038-4CE8-ABE1-37C22C1B28DF,4813,2,0.0,0,0.0,0,0.0,-1,243,497.0,73.29160556069934,201.0,0.0,37.108261864063046,0.0,126.0,-10.606420375514155,-0.19533687286503387,0,1029,0
218C0101-E229-4D72-80D3-15A4C3F9552B,1521,2,0.0,1,0.23997370151216305,10,2.3997370151216306,919,238,452.0,108.79057556624858,261.7181,-30.61999,44.78362814492838,0.0,165.20829999999998,-23.923608892251664,0.15460831899969824,0,1029,0
A48A293C-6D20-4654-AC4F-CB3318781CF8,2707,1,0.0,0,0.0,0,0.0,-1,212,151.0,35.61872240537417,233.75,0.0,6.670761189484498,0.6741780568895456,44.0,-1.9107748745099755,-0.0645087070649212,0,1029,0
F9BCC417-ED7C-4E4C-AC1A-C1735F2A828E,6202,3,69.0,4,0.23540793292486295,322,18.95033860045147,387,68,158.0,27.027357451323606,81.0,0.0,14.646443364819454,0.0,48.0,8.542241314108491,0.09275676466684837,0,1029,0
AE68AC8E-69DC-4AD3-8551-EBB9F9D71F93,12716,1,0.0,6,0.17222396980182447,397,11.395486001887386,197,191,200.0,29.18491520208797,116.8477,0.03515625,11.305700207705762,0.0,43.75781,-3.4312480280139006,-0.006334500295900414,0,1029,0
1B81C6A7-3250-408D-B086-33D52FB8FBA9,2613,2,0.0,1,0.13968618446230388,273,38.134328358208954,801,180,301.0,105.11053208161955,226.605,0.0,19.34772162359901,0.0,131.77064,12.314390359738454,-0.0027403012547265594,0,1029,0
CA7373A4-A59E-4483-870E-E081AA484ECB,358,1,0.0,0,0.0,0,0.0,-1,178,887.0,79.98606751312062,236.6321,0.0,50.99874585294493,0.0,149.92151999999996,-8.074961005404575,-0.2165859730632848,0,408,0
2585C2EA-7C0D-4139-B72C-17F06D171433,2635,1,0.0,1,0.13851992409867173,454,62.888045540796966,801,162,1039.0,177.68421470684814,534.4375,0.1717913,112.84351251817417,0.0,336.19197999999994,41.95554378088332,-0.07507089735042412,0,1029,0
BB0BB08A-AC4C-4A36-88A5-19B50961CE00,2514,1,0.0,0,0.0,0,0.0,-1,159,250.0,68.99810058803652,153.0,0.0,19.406651349010566,0.0,96.0,-6.2799678719871395,-0.10044798626265844,0,1029,0
E7CE180B-AFE6-4AFA-9BFD-1BA15069FE42,305,2,15.0,0,0.0,0,0.0,-1,139,451.0,35.15818982346787,131.158,0.0,32.406861487542976,0.0,77.769653,29.716384586254357,0.19477474876236642,0,520,1
2736960A-0787-412A-B145-142AD19DDEBC,5786,2,0.0,0,0.0,0,0.0,-1,138,209.0,53.519074050295,167.61,-18.3,13.318218518851303,0.0,71.69,0.1098619064951194,0.09206665603430542,0,1029,0
2B419C55-B2F6-4719-A5FA-17C2C73242FB,3967,1,0.0,1,0.09200907486765818,221,20.334005545752458,801,123,416.0,68.44136872431014,246.0,0.0,43.84048360266162,0.0,126.0,19.741038664578753,0.15790289635658536,0,1029,0
8ED1FE13-8DE2-430D-80C1-1C4495111195,12716,1,0.0,1,0.028703994966970747,9,0.2583359547027367,165,72,313.0,37.3212486567951,167.0,0.0,14.125843022699698,0.0,55.0,-3.901418409881522,-0.09790434804483426,0,1029,1
9A7C329D-C7F7-4E67-832D-F4A87B19C8AC,1224,1,0.0,1,0.29820261437908496,52,15.506535947712418,801,62,624.0,246.85468492102294,574.6124,-5.16,53.14414519733152,0.0,309.51468,-12.463873047566125,0.0661715824470851,0,1029,0
C217F203-006F-4BDA-97DF-1589479D3ABF,2434,1,0.0,1,0.14995891536565323,41,6.148315529991783,761,40,497.0,76.32103509566323,241.4,0.0,26.670521591034994,0.0,110.0,-0.7605412685027346,-0.09601814124293509,0,1029,0
5EC7437A-A15B-4E3F-A4C6-D452BC4F5234,308,1,0.0,0,0.0,0,0.0,-1,13,301.0,75.73776962414517,204.708,0.0,50.804640066805874,0.0,132.8454,34.04082967369433,0.11994690808297144,0,394,0
1BE54786-C0DB-4CC4-A60E-96CC5B590B71,6729,0,0.0,0,0.0,0,0.0,-1,0,734.0,122.18555195185412,618.18,0.0,55.7497781071243,0.0,198.0,8.633661011108828,0.21815776296101752,0,1029,0
7A839D99-FC0A-4EE0-846C-9F9063724C66,1594,0,0.0,2,0.45796737766624845,288,65.94730238393977,45,0,301.0,124.77987022004905,219.8574,0.0,20.33095744634867,0.0,149.74248,-27.311790562641647,-0.06238433503117224,0,1029,0
3EFAEA8A-BCCD-489D-BCC0-821E6C29F878,-17,0,0.0,0,0.0,0,0.0,-1,0,1039.0,0.0051218625233728065,13.23259,0.0,0.2520160768435692,0.0,0.0,0.0,0.00017510114841100822,0,79,1
7B1D74D4-00DA-4932-BBF7-2D1DA8F93BE4,3911,1,0.0,1,0.0933265149578113,40,3.733060598312452,801,734,567.0,66.63024700223698,239.8,-122.4365,29.238833679618963,0.0,105.1,20.646141886651904,0.18387837090076778,0,1029,0
908B1A97-D6B7-4453-8242-B47FA006277F,5745,1,0.0,1,0.06353350739773717,110,6.988685813751088,801,698,266.0,93.32742688761682,319.469,0.0,18.709956418144138,0.1906005221932115,119.97788,-2.868319984839033,0.1000416100878102,0,1029,0
51670481-C0B0-43A4-BFC6-48F3FC483BF8,6560,1,0.0,0,0.0,0,0.0,-1,682,377.0,60.38114982739393,179.4144,-14.53967,27.357759838549295,0.0,97.21489799999999,-26.444119105866157,-0.1378113523422917,0,1029,0
CB3A882A-FF9C-4B39-B3B7-338BB9DF45CA,3618,1,0.0,1,0.10088446655610835,279,28.146766169154226,850,666,1039.0,229.5328538405185,410.5554,0.0,42.39373922202973,0.0,283.85396,-18.320976340518484,0.11438844099388398,0,1029,0
64C02E7F-3A0F-493B-9E0C-DB50E342A769,3452,2,62.0,0,0.0,0,0.0,-1,586,301.0,1062.1687263566805,142608400.0,-0.56,370733.963748211,0.21147161066048667,130.23962,-970.0331425541342,0.09559009920289074,1,1029,0
D9479808-04FE-44E0-BD50-049346B3FE38,3001,1,0.0,1,0.12162612462512495,29,3.527157614128624,715,621,250.0,62.310242148587186,211.0,0.0,20.258166801781826,0.0,88.0,-4.997124864636568,-0.181629304943974,0,1029,0
734B1ECC-26C4-47AD-80EC-DCFF57342D09,6560,2,1.0,0,0.0,0,0.0,-1,590,377.0,61.50189302638968,205.1851,-14.82,27.97803626735553,0.0,99.45237799999997,-26.819111952624247,-0.14121555308672676,0,1029,0
162459D6-0522-437D-BAFD-0B5F027A8B79,1224,2,433.0,7,2.087418300653595,457,136.27859477124184,60,61,451.0,21.350988096325533,74.90896,0.0,6.023890078317836,0.0,28.949266,-2.9116005999520773,0.00515759439109361,0,1029,0
C7E215A2-2BF2-4BD2-889F-D3F55755D736,8783,1,0.0,1,0.04155755436638962,36,1.4960719571900263,786,481,313.0,34.9105534376584,189.0,-61.58681,25.898719342856065,0.0,78.0,-18.58740528951025,0.003024493193017481,0,1029,0
300E0CEF-4D09-4BCE-BECA-E7231710793F,1786,3,20.5,0,0.0,0,0.0,-1,380,753.0,255.79545054868996,599.15,0.0,106.50334651734954,0.0,397.34118,-23.842012508566484,-0.2624573163698822,0,1029,0
595403C8-1F79-45B3-9ECA-FF1E3DC7CD24,483,2,72.0,5,3.7784679089026914,210,158.69565217391303,262,310,452.0,60.53408884288509,144.7471,0.0,29.4534323992856,0.0,95.482854,-1.6058329933480593,-0.004119870271534678,0,562,0
B98E9270-B97C-45C2-9351-B30785B414C4,376,1,0.0,0,0.0,0,0.0,-1,358,271.0,31.11945673853334,3996.304,0.0,24.444859658796375,0.9707446808510638,54.652704,7.3109838818370285,0.22281372218206624,0,442,0
8A85296D-C193-437F-A2B8-920D5EB795AC,1713,1,0.0,0,0.0,0,0.0,-1,212,99999.0,92.95621124860747,308.1649,0.0,85.76664420382328,0.0,217.499,3.27319280918573,-0.5721697473781098,0,1029,0
159FC4C3-805D-4FC4-9FE2-91FF028BA0C4,4722,2,1.0,0,0.0,0,0.0,-1,208,188.0,55.06729122033967,349.94,0.01,13.888782045443277,0.1545955103769589,73.98,-0.13576267095695727,0.0972070437364908,0,1029,0
71795A45-8FB3-43AF-85B9-014106A6EBDC,6675,2,6.0,0,0.0,0,0.0,-1,201,920.0,184.88740169025186,621.5515,0.0,95.395378600713,0.0,320.8008,-15.871660949511124,0.09272374733033725,0,1029,0
91E99317-F64C-499F-AD57-260034B07F09,3484,2,149.0,1,0.1047646383467279,278,29.124569460390358,801,189,301.0,106.91399387554658,181.7191,-69.07047,19.951877248813915,0.0,134.45935999999998,12.844363774916374,-0.001680753808883401,0,1029,0
F9AB7870-787C-455A-A54F-6B624F62A429,357,1,0.0,0,0.0,0,0.0,-1,182,678.0,30.498153019365294,79.72689,0.0,16.18893669139242,0.0,50.08295,5.015135226468043,-0.0773611776727493,0,408,0
0147A16F-CD50-442E-AEDF-88FCD75E7F17,4713,1,0.0,1,0.07744536388712073,101,7.821981752599194,1022,171,128.0,14.71860174092872,697.3709,0.0,7.682729120485102,0.38722681943560366,22.5,5.959291777589799,0.026580356285395047,0,1029,0
111998E7-9D92-4538-BDCD-0CF26438B2BD,1003,2,13.0,0,0.0,0,0.0,-1,153,415.0,80.76598553075482,310.6207,0.0,48.07906400075067,0.0,149.12465999999998,18.709486034075425,-0.11300604310568572,0,1029,0
53349B7E-CBF8-4090-A4CB-C5DE42EDEEDD,4456,1,0.0,2,0.16382405745062836,266,21.788599640933572,568,145,326.0,60.95788283353722,769.1667,0.0,14.788634859521627,0.4095601436265709,78.74999,6.870915607049206,0.03834499252244828,0,1029,0
2E9AD20F-FC82-4CCD-B899-1668319A610F,5814,2,1.0,2,0.1255589955280358,10,0.6277949776401789,526,141,77.0,21.24726671927112,80.53368,0.0,14.142593138682383,0.18833849329205368,41.899484,6.627792004069928,-0.029636263947309494,0,1029,0
999FFCB6-B610-4C8A-98E9-7D40808E8F06,320,1,0.0,1,1.140625,108,123.1875,305,140,451.0,40.337910216324644,199.8729,0.0,36.01406938786281,0.0,83.12112,25.112285909446953,0.19635109806017723,0,520,1
5BF57D13-AAC5-4B0D-8BCB-F2CA28DF0CB1,2106,2,0.0,4,0.6932573599240266,418,72.44539411206078,38,47,301.2,44.00522923366196,92.33346,0.0,12.745482665434583,0.0,60.599259999999994,6.020460436274,0.029161068247096043,0,1029,0
12D8F1DE-4A7E-4B0A-B3AC-C2F179F7F302,12716,1,0.0,2,0.05740798993394149,535,15.356637307329349,401,17,1370.0,423.6170424656241,849.27,-4.344956,117.81127659078275,0.0,592.2839999999999,-75.33224076809319,1.2232826086208077,0,1029,0
11F09D04-EA56-4B69-B391-867753EBA81D,1250,3,0.5,1,0.292,4,1.168,0,1,452.0,42.812999385439326,513.7,0.0,26.152809548339384,1.46,80.387772,-15.629653083278832,0.14841180377868168,0,1029,1
A693AD9B-DF6E-4CB9-ADB9-720C564849BD,3729,0,0.0,1,0.09788146956288549,322,31.51783319924913,801,0,126.0,12.666474734900344,71.8894,0.0,4.780051774003188,0.0,19.35484,-1.784178594313925,0.013934297375409351,0,1029,0
48E8BEE5-9E91-4DEA-9EE5-0C9076F210E8,2735,0,0.0,5,0.6672760511882998,198,26.42413162705667,359,0,453.0,107.50380910278642,248.739,0.0,20.002188755593963,0.0,131.53494,4.932455575454327,0.3995233545698623,0,1029,0
5B4324E3-C3D5-4E29-A3DB-4F517115E5BF,12716,1,0.0,0,0.0,0,0.0,-1,775,434.0,16.081120140916557,40.40527,0.0,8.269349047969555,0.0,26.85547,1.4719502009044305,0.04028044440521518,0,1029,0
1F170920-B265-4766-B927-DAA65F95640A,7477,1,0.0,8,0.39053096161562123,472,23.041326735321654,231,764,263.0,105.08467901626713,227.0,0.0,21.361076435143527,0.0,129.7,-6.194192905156001,0.09499427798575974,0,1029,1
8D8BC86A-CDC2-4AAF-B02D-7F7A2E57C62A,4268,1,0.0,7,0.5986410496719775,260,22.23523898781631,232,756,263.0,106.2594269970765,231.8511,0.0,21.2925320721544,0.0,130.99144,-6.361742470841946,0.09563131882870576,0,1029,1
C11B57EB-0777-4FED-9325-E09683E78ACE,12716,1,0.0,1,0.028703994966970747,109,3.128735451399811,284,745,271.0,32.14839752802989,159.2473,0.0,20.4766929522975,0.0,53.2878,-14.28056899338483,-0.5393580491551178,0,1029,0
9E1F64C4-AEE8-4475-B918-BD14FB11C39A,12716,1,0.0,0,0.0,0,0.0,-1,740,479.0,120.12126659180764,325.0,0.0,31.111483559937728,0.0,161.0,0.6712488402911276,-0.005626952115835143,0,1029,0
0FD2461E-3677-456B-A2E9-02C8FD481D42,8456,1,0.0,1,0.04316461684011352,124,5.352412488174077,801,705,251.0,68.88660918894078,520.4246,0.0,13.747825218402118,0.08632923368022705,87.6,-0.24501968276794628,0.1888942164784277,0,1029,0
216F6E5D-E258-4CEA-A712-898B2A85FF8D,12716,1,0.0,0,0.0,0,0.0,-1,677,151.0,24.448795749727978,117.2801,0.0,7.844926157026737,0.0,36.0,-1.8669284657773595,0.043976565465309314,0,1029,0
0FE81E09-8393-4AAA-8E75-909048EBD2B7,4113,1,0.0,0,0.0,0,0.0,-1,675,188.0,55.10420276142653,109.73,0.0,13.56299449884423,0.0,73.72,-0.12320893426603874,0.0961601901011524,0,1029,0
98A6B2E8-599B-4D17-B4E7-A425AAA0622D,575,2,18.0,0,0.0,0,0.0,-1,541,301.0,66.71456057032333,255.1001,0.0,37.34904529431726,0.0,109.89852,6.947256723719889,0.18283018154564856,0,625,1
C11B0376-0E4D-4DBF-9760-495F7B34A162,719,1,0.0,2,1.015299026425591,808,410.1808066759388,672,552,416.0,74.53117398000784,227.9,-102.0024,33.0883305347525,0.0,119.7,0.6636176866588244,0.35535241547876106,0,729,0
7D6DCE0E-F19E-4098-8F2A-6011DE6DD9A0,8297,1,0.0,0,0.0,0,0.0,-1,539,377.0,116.38940040750305,301.68,-10.11829,45.92212413705237,0.0,177.43,18.368192185089526,0.24628417774473182,0,1029,0
A7A859FB-3644-4B4C-AD52-F0FE7FCDAF51,6261,1,0.0,0,0.0,0,0.0,-1,517,269.0,95.16517382062892,2049.0,0.0,28.35812579195407,0.34978437949209396,125.88194,-5.942389627882008,0.09343319407531797,0,1029,0
26CAD814-DEA7-4F53-9C05-9773CBB71794,9014,1,0.0,1,0.04049256711781673,25,1.0123141779454183,462,480,407.0,118.38473464907716,308.21,-281.16,47.411493788188245,0.0,181.1,19.612075536108023,0.25470114966170304,0,1029,0
690D4FD0-C958-4078-B99D-B805ABC80E41,12716,1,0.0,0,0.0,0,0.0,-1,425,314.0,43.734811140321824,209.0,-9.84,19.10302604439833,0.0,69.0,-8.208345090939105,-0.013002119603277991,0,1029,0
9C6ABA26-3BA6-453C-89DA-225A58494EF5,488,1,0.0,3,2.2438524590163933,256,191.47540983606555,127,356,452.0,17.834404758639895,98.68127,0.0,24.26791765615151,0.0,56.171073,27.869754213582322,-0.06589848651301312,0,562,0
90C243BA-1C52-45AB-926F-F3E63FF62CA0,4118,1,0.0,4,0.35454103933948516,125,11.079407479358911,655,338,200.0,26.59114875772301,71.99097,-119.6059,12.634573045203952,0.0,44.98291,1.3656018051627932,0.08503713734906679,0,1029,0
1C1B9269-2936-4198-8FEF-0FE212124956,356,1,0.0,0,0.0,0,0.0,-1,313,226.0,19.724774065841352,101.0,0.0,15.167430669583142,0.0,37.0,-1.8520117201623378,-0.016524845316997848,0,429,0
0A7E9711-8C7E-416A-869D-15FA72B625AD,8687,1,0.0,2,0.08403361344537814,7,0.29411764705882354,591,308,739.0,120.09883515662277,404.425,0.0,73.96793206087062,0.0,221.9284,-63.50215944674623,-0.21968954496903753,0,1029,0
5836278A-6DCF-42EB-A8D2-0BAED33170E4,726,1,0.0,0,0.0,0,0.0,-1,258,301.0,1.5540955167680572,66.24222,-44.4,9.05728799527632,0.0,0.0,4.594641646812189,0.02429925526241943,0,856,1
7F2D0DE9-09B2-4EE4-8837-EDF731C415C9,298,1,0.0,0,0.0,0,0.0,-1,174,99999.0,24.608473980309423,122.0,0.0,32.64421044508239,0.0,75.0,-24.608473980309423,0.0,0,317,0
6E3DB6AC-1E72-4DB6-B940-27E796AEE9EB,163,0,0.0,0,0.0,0,0.0,-1,0,887.0,71.79193523412826,600.23,0.0,70.48565229985978,0.0,170.83128,73.7869711987421,-0.03910607713301034,0,282,0
13A0A4DE-FF1C-416E-B3D0-1D93EFC3779F,5778,0,0.0,0,0.0,0,0.0,-1,0,961.0,290.01988332290307,594.0699,-17.97813,70.58713126444295,0.0,377.51591999999994,-4.48924579975494,0.23074723450627946,0,1029,0
3996F15A-47A7-465D-BFB8-20FCC40CC39E,1109,0,0.0,0,0.0,0,0.0,-1,0,453.0,7.111661907648325,55.69553,0.0,3.724512812717502,0.0,11.355137999999998,-0.7157580679878315,0.008383861084010038,0,1029,0
