id_equipamento,idade_dias,num_manutencoes,intervalo_medio_manut,num_falhas_historico,taxa_falhas_ano,minutos_falha_historico,taxa_minutos_falha_ano,dias_desde_ultima_falha,dias_desde_ultima_manut,limite_potencia,utilizacao_media,utilizacao_maxima,utilizacao_minima,utilizacao_desvio,taxa_sobrecargas_ano,p90_utilizacao,delta_utilizacao,utilizacao_tendencia_90d,dias_acima_80pct_limite,dias_com_dados_util,vai_falhar
F239CDD0-6ABC-4E85-8155-849BFED176DD,12746,11,93.2,18,0.5154558292797741,1255,35.93872587478425,8,120,741.0,224.0267994020764,455.4583,0.0,76.37771450550856,0.0,281.00246,38.720505883417445,0.8540769313253269,0,1059,0
140D7CE9-2398-4B37-BF23-E597E20E1234,6872,3,293.0,2,0.10622817229336438,495,26.291472642607683,831,465,487.0,119.4645034376959,519.6515,0.0,55.233107306489885,0.05311408614668219,168.77882,2.7344294325201446,0.15078339451555725,0,1059,0
5680A0F5-83E4-4AB1-94D3-427C75B6CA33,10505,7,154.33333333333334,1,0.034745359352689194,5,0.173726796763446,669,117,407.0,45.875435550802024,189.9586,0.0,32.05380256754236,0.0,90.76820399999995,-16.479585235323626,0.07468544336328449,0,1059,0
111ADE95-8574-41F6-9BF9-2B67EF7A95C6,8421,7,170.16666666666666,2,0.08668804180026125,78,3.380833630210189,831,19,188.0,44.14671439593083,231.03,0.01036914,10.930508502116266,0.21672010450065313,59.758931999999994,3.835872891400193,-0.005516493680858066,0,1059,0
9ACC3111-44AF-4292-926E-4661533CEC10,12746,4,292.3333333333333,3,0.08590930487996234,155,4.4386474187980545,397,161,266.0,149.5147300820162,236.9,-27.1,22.160109598380263,0.0,176.3,-1.6727702054730003,0.2132011153639036,0,1059,0
AED1F5C4-0302-4541-886C-584F8D7BAFD4,2824,3,209.5,2,0.2584985835694051,1893,244.66890934844193,65,619,452.0,69.91683033751403,258.5451,-1.656494,40.656293048763104,0.0,126.24605999999997,-11.670317467143668,-0.07654943447299269,0,1059,0
C8D59FD5-A8B0-4A8C-A957-F1CEEABA7EFC,12746,6,166.2,2,0.0572728699199749,958,27.433704691667977,811,203,324.0,169.85153388844748,304.0137,-370.0966,32.58498158644893,0.0,209.1797,-0.6637211986326577,0.046670789592066844,0,1059,0
63C274E2-FF8F-48BE-9430-D0099841D0CE,3512,3,215.0,1,0.10392938496583143,53,5.508257403189066,116,611,451.0,134.20650905105467,227.3683,0.04074871,19.08188622624248,0.0,158.36364,-0.7244396598509582,0.18240154230905722,0,1059,0
8023F211-A03E-4A6A-9DF7-3E088F3BD1BD,1207,5,169.25,1,0.3024026512013256,23,6.955260977630489,962,354,482.0,62.841441765024584,243.8531,0.0,34.78792131710366,0.0,107.60278,-12.711093233350198,0.39427557606734376,0,1059,0
78600FF0-ABFF-4154-87B9-47180890E6B9,2947,3,24.5,2,0.24770953512046148,332,41.11978282999661,24,980,490.0,84.3277383392082,196.2717,0.0,28.066942279566163,0.0,118.1843,3.0567104612547666,-0.005988308454833215,0,1059,0
D05B54E3-8C01-490F-B9DB-B13A9F4BB8D7,12746,4,4.666666666666667,0,0.0,0,0.0,-1,1011,200.0,42.88946050148733,357.1797,0.0,31.619817978743193,0.14318217479993725,84.0,-42.88946050148733,0.0,0,1059,0
8E4DB99F-E4AB-406B-9034-A5BF1E1665A1,9196,13,70.08333333333333,3,0.11907351022183557,653,25.91833405828621,179,180,259.0,45.45010094587193,106.5674,0.0,17.708091976716094,0.0,63.45703,13.5306434341435,-0.10041598317042282,0,1059,0
E1B50D7E-9ECA-4DF4-890D-CFA2B6C970C1,836,9,28.75,4,1.7464114832535886,189,82.51794258373207,647,791,722.0,173.79978688167736,412.7343,0.0,58.84988778900698,0.0,242.42113999999992,-10.54206796192426,-0.04268603915565557,0,1059,0
4CE784EE-65E4-4168-BDFE-8B64BD300EAA,12746,5,187.25,6,0.1718186097599247,587,16.809587321512634,155,274,489.0,126.59618215540395,379.0,-307.125,38.852885049122264,0.0,174.0,4.087305498917047,0.05053161570002833,0,1059,0
77BEE62F-612C-40BC-B8C7-5C4A547C2328,12746,5,156.75,1,0.02863643495998745,89,2.548642711438883,955,393,266.0,115.00520991286191,206.6,0.0,22.239019638793923,0.0,143.1,-2.0780725671829003,0.14017612485298644,0,1059,0
BAA8A8EF-F082-42DB-BCA0-CC851F318378,579,9,104.375,4,2.5215889464594126,415,261.6148531951641,335,184,678.0,151.29260678206282,378.2227,0.0,57.37570623186912,0.0,226.0,-35.77648023885294,-0.03585119104793249,0,1059,0
14D77E1B-0EE7-473C-9AA3-62DDBF2A4431,12746,6,128.4,2,0.0572728699199749,90,2.5772791463988702,375,376,455.0,104.55199093192458,343.6523,0.0,60.43415592216324,0.0,186.9141,-2.263351853992475,-0.7055301964115505,0,1059,0
4F8F1F3C-CC15-4CE4-83A8-0B21806528E4,12746,6,183.8,3,0.08590930487996234,21263,608.8965165542131,457,93,706.0,232.53152014663766,538.7278,0.0,102.36921133114697,0.0,345.71608,-220.48640241477037,0.7640087707077112,0,1059,0
4592F955-D4C0-425B-8D9F-27B64019C189,6377,5,73.5,0,0.0,0,0.0,-1,719,312.0,38.231014531772246,92.0,-347.9079,11.234626746526216,0.0,53.0,-0.1077892231302684,0.08292273165865402,0,1059,1
4D6AA979-6948-44E5-8AE9-84055A94F4E6,9737,9,104.0,5,0.18742939303686967,381,14.28211974940947,83,206,151.0,18.982630605985868,239.0,0.0,13.305031352727308,0.037485878607373936,36.0,8.852245937224009,-0.005500221792381655,0,1059,0
A47D7EBD-BF11-450F-9725-C86375E38DEA,398,4,251.66666666666666,2,1.8341708542713568,70,64.19597989949749,190,251,226.0,36.984606606604636,168.0,-112.1648,18.62563733586892,0.0,57.0,-11.668325742407106,-0.07578318996861108,0,1059,0
E0991600-E200-4AC5-B956-72C797B539C3,12746,8,138.85714285714286,5,0.14318217479993725,11198,320.67079868193946,579,26,450.0,141.81294982500145,324.84,0.0,53.622726730883855,0.0,206.14,-39.41723609043356,-0.3291780723958832,0,1059,1
4D40A75C-4A61-40B3-B59F-455C13BF30E9,3101,4,243.66666666666666,0,0.0,0,0.0,-1,269,416.0,62.58377945302619,223.3955,-0.41,36.78514639127021,0.0,112.3081,27.650500375831847,0.10582053417125868,0,1059,0
E10035E9-3800-4DB9-874D-4EBDA6974EB4,2142,3,168.0,5,0.8520074696545286,437,74.46545284780579,416,665,451.8,57.13578815000625,235.05,0.0,22.348915564508932,0.0,88.12497,17.396873848527704,-0.23175650868959702,0,1059,0
8F95A664-DE6F-49FB-859A-3C27EF11F534,7087,9,58.625,2,0.10300550303372372,104,5.356286157753633,743,523,489.0,118.76261599447096,372.0,0.0,45.00686100165588,0.0,178.0,-14.51284747595244,-0.011863776049272709,0,1059,0
0D22829A-A658-4CBB-94CF-DD30D0CE3D8F,5383,5,236.5,0,0.0,0,0.0,-1,44,753.0,191.44697251325093,481.925,0.0,65.50831499400532,0.0,264.5401,16.011238776100896,-0.1006278698406732,0,1059,0
A7294F99-D0EE-49B8-90CF-85455254D4D6,12746,2,7.0,0,0.0,0,0.0,-1,988,309.0,46.068064503667415,224.6338,0.0,19.676552328225053,0.0,76.46484,-0.48975621585877605,0.004196885619692276,0,1059,0
79A2FFC8-C67F-40FC-978D-B76D38EACB5D,875,7,88.0,9,3.7542857142857144,859,358.3257142857143,647,497,722.0,176.57777015378858,449.6615,0.0,62.66871103990126,0.0,247.4925,-13.229165389899691,-0.04503599908555062,0,1059,0
A1A0482E-6F36-444C-A35C-F70EF4EBBEBD,4864,5,177.0,0,0.0,0,0.0,-1,277,251.0,46.920114752572935,114.8287,0.008167955,15.669646901823489,0.0,66.99344,-5.7453111414155345,0.09582535115072414,0,1059,0
EA32ACF8-6379-4AD9-BD8D-14D4F18CAFA3,4274,3,349.5,2,0.17080018717828732,70,5.978006551240056,117,286,151.0,44.116661691411615,374.6707,0.0,10.645616493052419,0.4270004679457183,58.0,-6.606630827214083,-0.028520096216762263,0,1059,0
035C52AA-9DBB-446B-988D-E23209B52E51,12746,5,161.5,1,0.02863643495998745,112,3.207280715518594,831,337,269.0,93.43011376552168,181.32,-38.2,24.710160770180565,0.0,122.16,-0.7046921628982261,0.13962302343502261,0,1059,0
ADEA2DFD-972E-4FDA-B7E4-6DCF28D53FAF,12746,4,230.66666666666666,14,0.40091008943982426,331,9.478659971755846,183,290,361.0,66.70483022188368,275.02,0.0,40.78340824447484,0.0,122.38399999999994,-13.977086394723187,-0.4717411969013797,0,1059,0
5A561BBF-6709-4B68-A7CB-FB2292AFBB33,12746,9,107.5,1,0.02863643495998745,117,3.3504628903185316,831,119,269.0,82.46246839585781,234.4922,-38.4,31.87776189889281,0.0,110.88,9.719175467568121,0.13847355380685458,0,1059,0
C59A2686-32D0-485E-8B4A-857EBDFAA744,4600,2,28.0,1,0.07934782608695652,63,4.998913043478261,697,953,302.0,50.43701505243973,207.4882,0.01532496,33.13366940106681,0.0,98.02147799999999,25.77763020350163,0.01644867726866851,0,1059,0
309A1924-4FB3-4EC0-9F38-01BA96669D63,2674,8,76.0,1,0.13649962602842183,101,13.786462228870604,1030,458,452.0,121.48640069020993,369.0,0.0,43.780163559097694,0.0,180.0,-14.12027414700006,-0.01242202969741593,0,1059,0
66E47D33-8F50-4FA8-96C8-4ECBD8B47802,6247,9,78.25,2,0.11685609092364335,150,8.764206819273252,316,350,258.0,98.09050376034725,230.4,-2.761532,17.264417070336254,0.0,119.8,-7.255264562816393,0.04974476158456285,0,1059,0
23808D82-D775-495E-B7BA-ADEA8CEB3FEC,12746,5,196.75,1,0.02863643495998745,3,0.08590930487996234,317,192,451.0,94.40031042597204,201.29,-55.23553,31.659475440053335,0.0,125.4,11.006251302423024,0.01565769322219788,0,1059,0
7AB01D09-68D9-4089-96D7-3F01B0328BCD,4881,1,0.0,0,0.0,0,0.0,-1,978,377.0,114.59020804988371,240.9536,0.0170373,25.14383608649866,0.0,146.85756,-8.99706880374174,0.44642248690902236,0,1059,0
CCB3457B-F244-4A1E-803A-AC30C15C9135,2219,7,87.0,1,0.16448850833708878,333,54.77467327625056,831,448,301.0,53.23539523274725,176.3749,0.0,16.89935446991187,0.0,77.26418,-12.034097317392316,0.022431369325106153,0,1059,0
D298764B-043A-4443-8031-42DB085E61A3,12746,6,187.6,2,0.0572728699199749,215,6.156833516397302,831,35,269.0,99.88190188164454,229.0151,0.0,24.93835127972446,0.0,135.84,-14.348022134730954,-0.24014167872700778,0,1059,0
F19B40CD-A10F-4673-8DC8-69FA5F18182E,8085,5,230.75,1,0.04514533085961658,9,0.4063079777365492,255,47,1358.0,554.3571273976112,981.24,-543.22,141.9814923560476,0.0,719.35,-46.04555409514205,0.15413515328778754,0,1059,0
C468DD2E-00CF-4027-89C2-EAAAB75DCED4,8091,7,154.33333333333334,3,0.13533555802743788,227,10.240390557409466,830,44,106.0,28.84018450716082,53.4,-0.3443916,4.311368734974935,0.0,34.2,0.19800993728362215,0.036440792873352064,0,1059,0
A7B8CCE1-0118-44BA-9392-9B46CB15E59E,6629,10,95.55555555555556,0,0.0,0,0.0,-1,126,472.0,152.02325094326503,262.7563,0.0,30.71323687248878,0.0,191.1621,-5.77609321332676,-0.4799485270005259,0,1059,0
BC3612ED-EC0E-4454-A9E6-597BD5A7AF56,12746,8,122.14285714285714,0,0.0,0,0.0,-1,111,315.0,78.01888251630146,240.0,0.0,28.40931562080514,0.0,110.46,26.596712229068928,-0.08092828689080452,0,1059,1
1BFEC5F0-269D-4A77-A8FE-B324855362B3,12746,2,942.0,0,0.0,0,0.0,-1,26,314.0,84.19907789043057,199.03,-16.24106,27.54036718462245,0.0,118.25,-17.147519248455268,-1.2522584544046398,0,1059,0
5787E14C-7EE0-41B1-B1A5-59B80110213E,12746,4,307.3333333333333,5,0.14318217479993725,256,7.330927349756787,286,43,188.0,32.5945924471557,110.0,0.0,17.345420880629543,0.0,61.0,13.84861742938751,-0.08609670604057584,0,1059,0
3AA9BAE5-5478-4EAC-9B47-8ADF1CB0A257,2443,3,397.5,2,0.29881293491608674,36,5.378632828489562,93,171,250.0,50.59105588592592,163.0371,0.0,15.354234177578714,0.0,69.0,-4.50317008345678,0.0022239256789371945,0,1059,0
84D93928-D366-40B9-B0CD-38CC8B66D347,10092,3,408.0,2,0.07233452239397542,90,3.255053507728894,164,150,416.0,151.35088926485835,293.4998,0.0,39.28793249018267,0.0,196.6888,1.5397240793546132,0.028196270200050676,0,1059,0
5E86FC79-E6CD-446E-9C63-AC9E1707FBDC,5452,4,231.33333333333334,1,0.0669479090242113,47,3.146551724137931,271,271,126.0,47.96858817198448,126.0,-2.33007,14.918047356645385,0.0,67.5,-2.995902986799294,0.13302962642846577,0,1059,0
624B1859-E127-4462-BAA7-7CA58C3E877D,1081,8,72.85714285714286,0,0.0,0,0.0,-1,452,887.0,82.01948394094703,289.2185,-119.6904,50.74934569386488,0.0,151.37529999999998,-15.544147430144562,-0.438978945418583,0,1059,0
346D5839-3153-4B86-9E48-E483953CA857,3962,5,205.0,1,0.09212518929833419,6,0.5527511357900051,965,143,554.0,121.08016692075489,344.1686,0.0,50.52918513651171,0.0,186.69394,-23.538586068131437,0.4350742809473881,0,1059,0
35DD7336-6232-45C8-AC65-865B74AF82F7,6223,10,101.11111111111111,3,0.175960147838663,75,4.3990036959665755,408,49,215.0,56.3584491451942,121.8274,0.0,13.056726111444632,0.0,73.29130199999999,-6.6319936123485235,0.23011165968395034,0,1059,0
C2FAE1E4-0998-46CE-BDDF-ABFF133095CF,12746,9,109.875,6,0.1718186097599247,382,10.939118154715205,646,104,462.0,117.70272507964569,422.7,0.0,59.166926326860455,0.0,184.36872,-1.3185383311888899,-0.06729426559760686,0,1059,0
869E16C5-F63C-4408-BE22-07DD3864C3FD,2245,5,93.0,3,0.48775055679287305,452,73.48775055679288,412,658,1330.0,228.95790711104684,873.3069,0.0,121.48420841116653,0.0,423.93825999999996,-103.59675550842339,-0.1501698106940612,0,1059,0
80F8F1CB-814E-4E45-8D98-C829821FC6EF,12746,2,0.0,0,0.0,0,0.0,-1,956,99999.0,0.0,0.0,0.0,0.0,0.0,0.0,0.0,0.0,0,1059,0
00E09BD9-1407-4988-A183-D1FCB78D4E71,12746,9,100.25,0,0.0,0,0.0,-1,173,800.0,284.6889935378594,615.0879,0.0,71.35443152546104,0.0,380.383,7.21348152386895,0.20427588643749137,0,1059,0
5BC608D4-1CB8-4A06-97D9-A52C66D8FE89,12746,6,180.2,2,0.0572728699199749,47,1.34591244311941,408,49,208.0,64.61858166518908,134.9521,-26.27249,15.070165002274818,0.0,84.247616,-7.267539279534759,0.26781508714117036,0,1059,0
B6E89437-3901-4A40-A9A0-2382B7C4A7CC,12746,2,76.0,5,0.14318217479993725,1516,43.41283539934097,572,875,99999.0,72.8508350348224,268.6962,0.0,47.66928257787529,0.0,130.49418,-72.84084768744586,0.0002489235581210312,0,1059,0
DDCA2D1C-96E4-44E8-B08C-07C0F868055F,12746,18,60.8235294117647,8,0.2290914796798996,176,5.040012552957791,37,8,200.0,55.06713240270017,559.48,0.0,32.17850948218087,0.08590930487996234,98.0,29.781710189892422,0.11473072807334932,0,1059,0
0D64E8E7-5C77-4B76-BCBB-E9DC376AFAD8,7154,3,213.5,5,0.25510204081632654,54103,2760.3571428571427,36,521,798.0,170.24277201630474,632.8123,0.0,68.84063960558625,0.0,253.8281,-22.246063489298592,0.11225085100970617,0,1059,0
9F341F7C-2641-4A78-ABBA-50A9DBFE3D8D,12746,13,58.5,6,0.1718186097599247,234,6.700925780637063,37,241,241.0,52.30354719129013,536.0,0.0,31.670638043411493,0.14318217479993725,94.0,29.998767623524692,0.1212187832973627,0,1059,0
50F9C677-6882-4699-91F9-DE04F0DAF557,12746,7,149.0,1,0.02863643495998745,4,0.1145457398399498,968,66,417.0,137.76103450112615,308.3862,0.0,34.8379269709476,0.0,174.7559,9.125047074491135,-0.026978009981943572,0,1059,0
0C5B0AA2-5077-4328-B167-81CC2F03E17A,6568,5,173.0,1,0.05557247259439707,141,7.835718635809987,891,251,435.0,157.29050561104975,313.2807,-35.96607,38.80796180029058,0.0,208.92198,-13.328684837129998,-0.005733366135304847,0,1059,0
98CC0281-EE7B-4AC2-A169-A459241C7670,12746,8,122.28571428571429,2,0.0572728699199749,140,4.009100894398243,398,85,470.0,130.5386765769895,1333.2,0.0,64.61477589028202,0.14318217479993725,208.1909,-10.60891799442777,0.3507120056001583,0,1059,0
1276D2BF-363A-46A7-AF31-BD3C63815533,2898,3,4.0,6,0.7556935817805384,104,13.098688750862664,84,944,90.0,29.85072177593623,80.01047,-4.67,16.830122749171014,0.0,54.86650999999999,7.786130090807596,-0.11924584358389693,0,1059,0
1365214D-F4D9-4FFC-930F-32DC34064799,12746,5,221.25,3,0.08590930487996234,185,5.297740467597678,465,55,256.0,73.33609057988404,234.965,-2.938464,38.17755642748307,0.0,124.6753,26.458614330748674,-0.10528975687151562,0,1059,1
08EB8303-7573-4051-A6DE-AD9898401BF8,12746,11,98.7,2,0.0572728699199749,1062,30.41189392750667,365,54,259.0,83.83300338466184,179.2,0.0,22.92648404565577,0.0,108.4,-3.4098496732420784,0.10435265583535337,0,1059,0
A90C95E3-C878-43A0-AFEA-D5352D3E0667,2977,9,95.125,0,0.0,0,0.0,-1,210,1180.0,133.68669032727684,801.8799,0.0,54.549490458585126,0.0,192.5049,37.74306665729108,-0.035191524270425836,0,1059,1
6E8DBE3C-4A05-445A-8254-7FE5F2384A53,3035,8,81.42857142857143,14,1.683690280065898,2331,280.334431630972,436,470,831.0,210.92879267723887,789.896,-7.859729,141.2681143304108,0.0,383.85774000000004,13.469305306433967,-1.8183330770525368,0,1059,0
527230AF-BDA0-4414-803F-A9AE9A58209E,7724,13,72.41666666666667,4,0.18902123252200934,330,15.59425168306577,316,92,251.0,96.48445974016823,233.4,-13.24505,17.575762643795983,0.0,117.9,-6.946566221649704,0.051577418108230126,0,1059,1
D9386093-6D65-4863-8CA4-A73B5947FFA1,478,11,93.4,0,0.0,0,0.0,-1,12,301.0,30.90479929937552,154.6127,0.0,36.10756273069787,0.0,81.02772199999998,36.38637558951337,0.01635423738406536,0,1059,0
53EA041F-A40B-404B-B759-96E33C44F52C,2471,3,86.0,0,0.0,0,0.0,-1,764,602.0,191.35825554684868,525.3,0.002204452,37.47173104587911,0.0,238.16656,-18.106054624009175,0.27955454584112127,0,1059,0
84AA2AB3-4D86-4C5D-A887-D03D6E04E384,1073,1,0.0,1,0.3401677539608574,18,6.123019571295433,429,937,452.0,68.06199872482877,283.7075,0.0,34.341235675709946,0.0,115.78569999999999,-16.041262454535563,-0.19615424757709196,0,1059,0
85BA9BE0-A063-41CF-8A8B-6F55EA4FBDF6,984,6,115.2,2,0.741869918699187,69,25.59451219512195,944,366,151.0,35.50144053233141,126.8,0.0,11.541009963806093,0.0,49.3,0.07299619629513643,0.08705639813571267,0,1012,0
6C0776E3-8490-41EB-8FAA-A036FA96F525,4286,3,446.5,1,0.08516098926738218,416,35.42697153523098,831,37,542.0,121.80588640992568,413.91,0.004389791,70.03924110390098,0.0,215.74805999999992,-3.49473964043176,-0.3041710715699128,0,1059,0
19C2D2FC-18E5-4CC8-AB00-42F530EF12CC,1433,2,185.0,2,0.5094207955338451,369,93.98813677599442,831,744,1040.0,193.1905390102898,524.9402,0.0,31.766372069400745,0.0,233.78806,31.28399460853734,0.11779817451722348,0,1059,0
A127858E-B72A-4E34-AB5B-6F2983E83348,2186,7,98.33333333333333,2,0.33394327538883806,160,26.715462031107048,113,336,602.0,122.69473950870398,306.2753,0.0,46.5457703159114,0.0,180.39844,20.256838450400977,-0.2440454787886828,0,1059,0
6F9ECBF4-7CC7-4B22-AA2C-0468DCE1A12F,3342,8,122.42857142857143,1,0.10921603830041891,63,6.880610412926392,40,70,226.0,22.462685574953866,114.0279,0.0,13.210039547579916,0.0,39.82003,4.226301014552309,0.12314382798342946,0,1059,0
5B009B1D-13C0-421B-8A3D-4D9D5387B8AE,12746,8,62.285714285714285,11,0.3150007845598619,4715,135.0207908363408,561,488,99999.0,12.289467373245255,77.47803,0.0,14.35132558163625,0.0,31.0791,-12.289467373245255,0.0,0,1059,0
5A6C3F9F-DB74-459D-82A8-BE84B7A0B5D2,9114,3,232.0,3,0.12014483212639894,89,3.564296686416502,136,458,314.0,34.91662998582938,115.7,0.0,17.11358897374937,0.0,58.3,-9.90912998582938,-0.28225918380416226,0,1059,0
951A6CB6-9915-45B3-B842-22E5C6FAA977,12746,2,116.0,1,0.02863643495998745,91,2.605915581358858,967,920,803.0,212.1998947616986,1996.49,-279.99,147.25432063834137,0.1145457398399498,384.7961,-165.7331504818429,-2.5881273049718114,0,1059,0
FB912600-0A28-4998-A9DE-4B1CA9AFC007,12746,7,90.33333333333333,4,0.1145457398399498,1263,36.16781735446415,622,442,300.0,49.89461112942668,126.8921,-10.23551,18.258830706217733,0.0,75.57678,3.6931680843078922,0.008998100781139613,0,1059,0
43F3B249-81CF-4520-BC73-572928C04E1C,5933,5,79.5,1,0.06152031012978257,4,0.24608124051913027,444,598,377.0,65.46381780028106,215.7935,0.0,30.38819942783119,0.0,107.9804,2.4993054933917733,-0.003740027463905334,0,1059,0
CCA3F62C-3ECA-4F0D-9E13-740291ED19C3,8050,8,125.28571428571429,3,0.1360248447204969,37,1.6776397515527952,86,36,150.0,56.2488206440471,270.1449,-2.0,23.723889207372334,0.2720496894409938,87.0,-43.77659842182488,-0.4499721044665156,0,1059,1
AE11A6F6-9BAC-4F37-AF8B-E21BA0D249A7,6834,6,134.4,3,0.16022827041264265,35,1.869329821480831,159,241,798.0,207.60012921615143,730.8465,0.0,108.3323367761056,0.0,342.1875,45.567089044188066,-0.6270229385906526,0,1059,0
091A9B8A-F32C-4375-99C0-780361B1ECE4,12746,17,60.0625,4,0.1145457398399498,4142,118.61211360426802,86,14,440.0,126.14044451782753,332.7637,0.0,46.50611171838814,0.0,186.4014,-7.853318502387722,-0.1728103473147362,0,1059,1
8D7F599A-E3D7-4794-BCCC-A88BAEA0921F,4830,6,154.8,2,0.15113871635610765,499,37.70910973084886,127,134,129.0,35.94217027901202,145.6951,0.006116094,8.575925872211924,0.3778467908902691,47.284068,7.246687875308979,-0.029136248939098226,0,1059,0
04E69428-F9F6-451C-B02B-366623A29F1C,5180,4,215.66666666666666,0,0.0,0,0.0,-1,259,315.0,125.51411895063927,340.9546,0.0,41.49734555648543,0.35231660231660233,168.5948,-70.60995436121026,0.08096245732178566,0,1059,0
67B5A77C-FDB1-46DC-824D-F0C43CC85E65,12746,10,86.11111111111111,4,0.1145457398399498,421,12.055939118154717,85,126,251.0,105.58851622265855,195.3,0.0,26.81922898516497,0.0,140.4,-12.933956037473365,0.10544036643747551,0,1059,0
DD6BB91B-D0E6-4032-8F4C-1D6C6471FE06,8912,4,140.0,3,0.12286804308797127,318,13.024012567324954,453,483,269.0,153.3616016370406,273.7,0.0,31.507951667714362,0.04095601436265709,192.8,-27.583314600003547,0.07735337695999966,0,1059,0
DD4C4138-5AB7-4FD7-84FA-07BC8DB4DC3B,10119,4,151.33333333333334,1,0.03607075798003755,79,2.8495898804229665,188,595,489.0,123.32950103495374,282.0,0.0,36.35616389491458,0.0,170.0,-1.200720170756199,-0.0016717313066851507,0,1059,0
BCB45581-9CC0-4607-8BB1-477B6E92CF1E,5695,3,312.0,1,0.06409130816505706,27,1.7304653204565408,906,278,131.0,28.420733115656624,76.5,-15.0,17.375150866291815,0.0,49.5,0.3607483912878173,-0.01212941287164572,0,1059,0
B510BBF6-3B68-453D-B89A-D6DF249A471F,4432,3,397.0,0,0.0,0,0.0,-1,106,301.0,62.66641649069138,182.7204,0.0,33.34181248332011,0.0,106.09689999999999,14.51707448423145,-0.26272693965940513,0,1059,0
E9FC4B54-6AD5-434E-B3DF-E388AE5CE9E1,5662,2,0.0,1,0.06446485340868952,23,1.4826916283998588,906,899,131.0,28.033709154885184,116.1409,0.0,17.317128891690217,0.0,49.5,0.36328160900370676,-0.012569110568091754,0,1059,0
AE6D1D2D-2D77-4C15-8E56-6C675A7A76FB,1631,1,0.0,1,0.22378908645003065,152,34.01594114040466,831,899,250.0,39.88446227169752,236.3501,0.0,8.927547360574211,0.0,49.54419,1.1300493170370487,-0.0021171771646879877,0,1059,0
7A814E4E-113F-4241-9E4E-A11CCB4B81A7,5915,2,14.0,12,0.7404902789518174,1509,93.11665257819104,118,884,264.0,111.67465662860258,833.48,0.0,24.525353114371548,0.3085376162299239,142.56,-0.24429922119516334,-0.11677803947000684,0,1059,0
86F0B828-D353-4298-8E94-24D33B57D303,4205,3,325.5,0,0.0,0,0.0,-1,245,452.0,145.2536699954034,454.099,0.0,23.36112212429117,0.17360285374554102,167.7612,21.101105081757055,-0.19424326254286872,0,1059,0
7A6F5E69-5A04-4CBF-91B9-93597B53F05B,4286,2,2.0,0,0.0,0,0.0,-1,896,151.0,24.075645260593483,331.7688,-11.9,5.359738925653802,0.3406439570695287,31.0,2.6098485665670097,0.051508302350976316,0,1059,0
B5BA0E46-F802-497F-8FB4-5A3B2AD78CAB,4249,12,80.72727272727273,6,0.5154153918569075,777,66.74629324546952,364,9,301.0,29.751092130107626,100.1875,0.0,14.785401273727798,0.0,49.293169999999996,-6.051353131226456,-0.09619108309747593,0,1059,0
87590A23-C0F5-4AC5-AD1B-19AA71EF7F7B,1197,3,65.5,1,0.30492898913951544,6,1.8295739348370927,1008,854,452.0,54.73741179583287,125.3336,-9.038255,18.687728253741117,0.0,81.79033,3.9675873175930434,0.17816981270602303,0,1059,0
4DB1A6C1-28BB-4FDE-8B25-1359372E6823,1029,2,56.0,11,3.901846452866861,5007,1776.0495626822158,55,896,602.0,53.60324289155344,138.2765,0.0,23.097607770107192,0.0,84.207592,23.957111126193475,0.1602502093370465,0,1059,0
6A3BD889-72BA-4693-9A92-8AA1074FB370,86,13,71.91666666666667,3,12.732558139534884,14,59.41860465116279,283,28,452.0,113.20273297491039,270.0,0.0,39.3041735113249,0.0,155.0,2.3670972720031926,-0.12630543094038457,0,94,0
9E3215DE-B13D-45BE-8785-E7EFD7DF04B4,6977,5,162.5,3,0.1569442453776695,50,2.6157374229611583,232,239,490.0,86.72938145827368,717.6804,0.0,37.853118457708085,0.05231474845922317,135.53529999999995,-2.9555855182273945,0.048078208465929764,0,1059,0
F4E603C6-F513-47F8-BAB8-89A5EDEEA250,12746,18,51.529411764705884,10,0.2863643495998745,216,6.185469951357289,99,80,188.0,35.93769658605134,109.0,0.0,17.42155365999299,0.0,59.0,-2.906755228026647,-0.04275876537115902,0,1059,0
5892C982-419F-4265-98B7-6CD0D7C0F2CA,12746,3,197.0,3,0.08590930487996234,4855,139.02989173073905,561,495,99999.0,10.019051820913145,193.0,0.0,12.950967201513613,0.0,26.40381,-10.019051820913145,0.0,0,1059,0
4764B324-754C-4709-AB20-B507812E1F39,12746,3,192.0,5,0.14318217479993725,29949,857.6325906166641,535,547,300.0,31.06448555687616,133.1177,0.0,11.337040300323524,0.0,47.69897,-1.238971070765043,0.009415449938921554,0,1059,0
0DA38EE8-2C8F-4957-9314-78C3CDCA156A,12746,2,120.0,3,0.08590930487996234,101,2.892279930958732,75,889,160.0,61.53405955596998,233.2578,0.0,14.009528235862298,0.14318217479993725,79.5,1.9159404440300207,-0.043483763427644574,0,1059,0
36FB2CDE-4F84-4E29-831C-169E6A129F03,3262,2,1.0,2,0.22378908645003065,96,10.74187614960147,416,889,181.0,41.38884454832652,72.63777,-6.174105,9.689780378025636,0.0,53.914164,5.13867227289262,0.03145271284933909,0,1059,0
D986131B-4B84-4DE8-8BD6-C5782EFD6B64,925,2,75.0,3,1.183783783783784,707,278.9783783783784,234,812,415.0,19.35928229667667,42.40417,-9.861,7.563896207358956,0.0,25.26093,1.283113580638144,-0.02776521322993363,0,1059,0
A78368AF-8EC7-4A0F-864F-E56BE0BFDACE,12746,15,68.14285714285714,5,0.14318217479993725,7553,216.2909932527852,130,1,461.0,122.7089121298752,325.9888,0.0,45.789609847900174,0.0,182.8003,-6.578206339134454,-0.319621138804758,0,1059,1
58B94B72-5A8B-4265-859F-C8A42977D4A2,12746,5,126.25,3,0.08590930487996234,422,12.084575553114703,2,377,284.0,0.0,0.0,0.0,0.0,0.0,0.0,0.0,0.0,0,1059,0
1822C8E1-4D94-4AA7-BD98-62579A5C12A1,8643,4,77.33333333333333,4,0.16892282772185585,74,3.125072312854333,47,651,739.0,265.3452720629469,556.2332,0.0,88.285307919996,0.0,383.18233999999995,-96.51624715785428,-0.06192608861227309,0,1059,0
9E7D8206-B9AA-4402-B6B1-BD01C6880C60,12746,5,150.0,6,0.1718186097599247,347,9.936842931115645,819,280,649.0,153.64516200568661,1009.0,0.0,45.86460433094456,0.14318217479993725,213.75,25.092415944159086,-0.15895672975133646,0,1059,0
3F8CB57D-232F-4AFA-8982-21F12C598ABA,4781,4,111.66666666666667,1,0.07634386111692115,9,0.6870947500522903,546,546,128.0,8.120045089666222,99.30642,0.0,8.185181249857607,0.0,19.5,-8.120045089666222,0.0,0,1059,0
F1983F15-7F51-4D7A-A3A0-712D2EB7DF30,6915,7,142.33333333333334,1,0.05278380332610267,2975,157.03181489515543,751,20,798.0,208.9813136729172,556.7811,0.0,104.39532716433425,0.0,344.7883,15.601245341445491,-2.0633080357459295,0,1059,0
47B23687-9630-4FD3-A667-184C83CB1869,12746,11,83.0,2,0.0572728699199749,12,0.3436372195198494,655,42,300.0,27.132269145626346,81.89392,0.0,13.487545732548211,0.0,44.99817,-7.229319054576962,0.047492866620461927,0,1059,0
34BE9C23-C440-41D2-B64E-FB877B82CC26,3713,5,28.25,0,0.0,0,0.0,-1,839,151.0,39.61250171058594,937.077,0.0,14.661491226376558,0.4915162941018045,57.5,4.429357857315296,0.020548090070520917,0,1059,0
A4C9F3F6-F74C-4B75-9891-FAE0F4BB135F,12746,5,85.5,2,0.0572728699199749,49,1.403185313039385,59,529,803.0,268.5263272137477,1781.27,0.0,151.42233755130482,0.14318217479993725,508.392,146.23810915199306,0.9376238807885419,0,1059,0
DF39C2B8-B194-4461-93CF-F8717023C467,9949,14,58.69230769230769,2,0.07337420846316213,1446,53.04955271886622,190,113,479.0,59.066368107586335,230.0,0.0,19.86977854304166,0.0,86.0,-13.017294033512258,0.05369444330114161,0,1059,0
33919A4E-8F11-445E-BDDC-4A17FE681A9C,2349,3,38.0,3,0.4661558109833972,376,58.42486164325245,357,791,251.0,67.6681045705221,213.1302,0.0,25.493655188760858,0.0,100.97804,1.2905881664377716,0.09915464683613806,0,1059,0
1D8017D7-E18F-40E9-8C24-00317FBD323F,12746,11,92.8,1,0.02863643495998745,750,21.477326219990587,104,108,1143.0,195.23453733446718,2998.323,0.0,95.58984827933719,0.08590930487996234,287.384,46.2417280204711,-0.1607661714411604,0,1059,0
B9D48F63-C043-4173-A67E-F23A31D900DB,12746,38,18.0,6,0.1718186097599247,42,1.202730268319473,271,180,1083.0,204.24497776782013,643.9819,0.0,100.36633876549752,0.0,338.3789,-25.123593400443582,-0.009470163881643649,0,1059,0
28DA8065-B3BF-4CA2-916A-4BF7784FDD8B,337,5,185.5,7,7.5816023738872405,661,715.919881305638,258,120,226.0,46.05479304320701,113.0191,0.0,20.214054897883763,0.0,67.81819000000002,6.844891228397927,0.028925970554157753,0,375,1
F0E862AB-F49F-485A-89DF-A6CF42B265E0,9337,3,431.5,0,0.0,0,0.0,-1,1,1245.0,568.2758903911692,1079.55,-544.53,131.1459057208077,0.0,730.0439999999999,73.7922052878431,0.4507235918465783,0,1059,0
056D6EC5-21CC-4C5B-B7CA-3D38576A0279,9923,13,69.91666666666667,4,0.14713292351103496,414,15.22825758339212,20,122,259.0,87.09145887528153,170.64,0.0,20.953570011391207,0.0,111.1,-4.7013796005901725,0.09511724586361031,0,1059,0
AEA2D23E-9BE7-4555-B4E4-220F5AABFC92,12746,7,110.83333333333333,3,0.08590930487996234,183,5.2404675976777035,448,193,803.0,208.3946156692298,589.8285,0.0,62.37324612243879,0.0,286.1938,-5.464228052717459,0.028417850893035782,0,1059,0
30AA272A-2443-466C-8986-905EB5D3F7AD,1036,2,21.0,3,1.056949806949807,45,15.854247104247104,690,861,301.0,35.09354743635372,140.1394,0.0,13.436111831603533,0.0,48.390957999999976,-1.864626160890758,-0.0032489510782416297,0,1059,0
EE4D2C52-4A10-45E0-B6F5-521EAEFDAD37,1297,2,721.0,2,0.5628373168851195,55,15.478026214340785,386,138,150.0,46.19104757916959,543.739,-60.68541,15.503201393290134,0.28141865844255975,65.71601,3.0696644914322633,-0.06022613309495795,0,1059,0
25F29DF5-0E1A-4FE9-998F-5E7F27FF09E0,12746,3,29.0,1,0.02863643495998745,45,1.2886395731994351,832,800,452.0,58.348268559194146,223.8281,0.0,29.92961833974718,0.0,99.02344,-13.283008830922547,0.14532402554662385,0,1059,0
FC6B3965-A1E8-439C-BB1D-0672F06F6AD5,12746,4,124.66666666666667,0,0.0,0,0.0,-1,481,690.0,129.29841199124022,463.47,0.0,60.80572219582785,0.0,207.0,36.260449119870884,0.8551719485257578,0,1059,0
69C1837D-05FB-4DCE-9762-49EE62C325F2,12746,7,112.66666666666667,0,0.0,0,0.0,-1,179,555.0,82.44803771622003,300.6,-14.19146,49.828665460612456,0.0,150.0,-11.974611362053366,0.13510536426244443,0,1059,0
AD4CF9BC-FF28-484E-9298-0888B25E0C4F,9609,4,279.0,1,0.03798522218753252,380,14.434384431262359,831,15,193.0,23.117046574888203,139.0038,0.0,9.82563801569388,0.0,34.82521,3.559819343321678,0.07700996757713544,0,1059,0
1303801B-9DB3-496F-8BB0-64867A2873B6,4472,1,0.0,2,0.16323792486583183,857,69.94745080500894,592,851,150.0,33.489958049203146,127.5189,-8.566734,12.72736043304171,0.0,50.0,3.1542549137598144,0.005843028174454841,0,1059,0
9FC1C01F-67B5-498C-9767-59A59BDAC33C,4472,1,0.0,1,0.08161896243291591,863,70.43716457960643,592,851,150.0,33.35657672683814,74.0,-17.0,12.676197902624464,0.0,50.0,3.1430374706927253,0.005456149135889845,0,1059,0
4BA78034-FD46-43EE-A492-91B02B6AA81C,3591,4,83.33333333333333,1,0.10164299637983848,5,0.5082149818991925,850,598,452.0,60.778414320132384,235.6567,0.0,32.954038477906,0.0,107.0,-6.317611850996585,-0.6351268789471859,0,1059,0
BDE9DF47-1D5C-4BB5-A915-C6CF640FB6B3,4191,2,499.0,3,0.2612741589119542,283,24.64686232402768,104,350,753.0,299.9496978941473,483.7311,0.0,56.92699643112136,0.0,374.31415999999996,-14.988049302326317,-0.36305287826543214,0,1059,0
08B98F4E-B5D2-41BE-8170-FD13A74212B6,7663,5,76.25,1,0.04763147592326765,69,3.2865718387054677,23,568,251.0,86.13214701968782,235.5157,-10.10948,34.88907973952586,0.0,127.58927999999999,2.6653984345560104,0.23635381555288373,0,1059,0
528A33E0-3710-44BB-ADBB-31CC96707FD7,1029,3,50.5,12,4.256559766763848,5373,1905.874635568513,680,847,602.0,53.45137467327743,137.8136,-22.61637,23.05323976696547,0.0,84.009434,23.838112401568253,0.15986799207428487,0,1059,0
71CC2757-211A-4D92-973D-6FE88DB85E16,8182,9,78.375,3,0.1338303593253483,2937,131.019921779516,448,218,803.0,74.34256571816373,348.1875,0.0,79.70417143459856,0.0,171.594,-72.9298455338273,-0.002276038231915967,0,1059,0
29C7EAB8-D7D7-4A3B-879E-1DD369918805,913,3,71.0,0,0.0,0,0.0,-1,749,602.0,101.36642479493324,296.8852,-941.73,57.28828261972997,0.0,170.35686,34.1470623444186,-0.4468952643784691,0,1059,0
8AE501DF-C350-4C40-81DC-A2C546FC5FD2,12746,3,61.0,1,0.02863643495998745,144,4.1236466342381926,831,721,269.0,39.08784470873285,513.5625,-1.84608,50.90291756965337,0.1145457398399498,113.8,-38.53829223959705,0.0007378254288361216,0,1059,0
69B1356D-9B55-4313-A586-70B6E0AF1C7B,4739,11,61.4,2,0.15404093690652038,25,1.9255117113315046,269,233,490.0,86.68820448160908,233.9625,0.0,35.91414651041003,0.0,133.3793,-4.583255682689327,0.06082213553666075,0,1059,0
1C735AAE-BF43-4FC0-A480-B058C93EA0BC,1960,6,160.6,8,1.4897959183673468,215,40.03826530612245,674,37,151.0,43.04054934189213,231.1351,-24.59,13.890424132509505,0.18622448979591835,58.373436,-0.36877835372248313,-0.009951802952610457,0,1059,0
556A3991-C410-4811-B60B-4FF7A80A1ACB,5150,12,57.18181818181818,2,0.141747572815534,28,1.9844660194174757,130,287,471.0,131.4664614980186,288.8838,-49.69661,50.6032415898498,0.0,196.3531,-5.976604675324154,-0.2975043899339009,0,1059,1
8E05A8A5-DD1B-4B13-92EB-C31DC70FEDE3,12746,7,137.33333333333334,4,0.1145457398399498,117,3.3504628903185316,270,8,497.0,42.75801042936429,283.0,0.0,35.8808929137705,0.0,87.0,28.313671669401145,-0.05489195053808968,0,1059,0
4CE9C71E-D028-4FF1-95B3-64E7F3D0B71C,4398,5,204.75,4,0.33196907685311505,328,27.221464301955436,398,91,624.0,106.42512405036916,264.7833,0.05165524,63.54540423656476,0.0,198.68968,-67.175553747167,0.011230414698080313,0,1059,0
6AED5992-7C51-4238-A9F6-C08E540DE9DF,6420,2,1.0,0,0.0,0,0.0,-1,830,485.0,74.37863050417633,328.2493,0.1116015,56.25127733382926,0.0,165.81338,-0.37102758604360986,0.2119004583063481,0,1059,0
6EB5F12C-D18F-4C82-993A-D3CCA383645E,12746,6,103.2,6,0.1718186097599247,359,10.280480150635494,235,519,256.0,99.62944618260258,236.0945,0.0,26.515077171729462,0.0,131.42188000000002,9.767749068169039,0.05032120049046765,0,1059,0
15BCC681-BAF8-4836-8374-8E8F76FAF496,12746,15,59.0,3,0.08590930487996234,79,2.2622783618390083,277,209,266.0,56.01516255008635,400.0,-2.660278,37.583955145454745,0.02863643495998745,102.0,-56.01516255008635,0.0,0,1059,0
A349FD0E-894E-41AC-8DEF-BE606B973E11,1433,3,224.5,2,0.5094207955338451,411,104.68597348220517,457,504,301.0,39.33813064127863,163.8731,-12.16988,22.284871786587285,0.0,68.90738999999999,8.92977626844359,-0.024808299635234045,0,1059,0
C3ECB37A-111B-4258-BA51-B70E4D7FD316,3066,7,38.833333333333336,2,0.23809523809523808,112,13.333333333333332,807,574,554.0,73.64854856291082,246.0,0.0,48.95796563581483,0.0,146.0,10.55230020252128,0.5046990826484617,0,1059,0
7D626F8A-1B14-4815-9BA8-A7E1C57ADBAC,9766,5,196.25,0,0.0,0,0.0,-1,21,151.0,8.532457126467774,34.0,0.0,3.5053424681834415,0.0,12.0,-3.8774734862965863,0.0033297498896425843,0,1059,0
EB09302D-6254-41C9-99E7-3B47FB47A1A5,5522,4,3.3333333333333335,1,0.06609923940601231,4,0.26439695762404924,320,797,450.0,161.57639208139895,345.0,0.0,44.576180484389205,0.0,220.0,-42.06597541473228,-0.28365841919226364,0,1059,1
8E7EEB14-88C7-4566-AB9C-B7652DCC1FF8,1666,2,179.0,1,0.2190876350540216,6,1.3145258103241295,151,805,678.0,70.58526671072383,163.0,0.0,14.307210157958409,0.0,90.0,10.454316622609511,0.06287544644278613,0,1059,0
C5C33F4D-06F6-4F27-877D-B9CEB5C8A18E,2127,5,164.25,3,0.5148095909732017,481,82.54113775270334,142,143,803.0,240.63678028360928,486.68,0.0,127.58020503343873,0.0,394.86,70.19161786453881,-1.2604723994278098,0,1059,0
E25A9E4D-8B06-4CC8-BA96-6BCCD553FF0E,2047,6,99.6,3,0.5349291646311676,24,4.279433317049341,99,301,661.0,148.88474401173605,421.0515,-28.4,41.52181755805076,0.0,207.33329999999998,15.311193138726935,0.09197637792887779,0,1059,0
E9EA01A7-51FB-4007-89A4-3B90EFB7F30D,1433,1,0.0,1,0.25471039776692256,351,89.40334961618981,831,799,209.0,27.986073547222222,254.5073,0.0,7.744474007498898,1.2735519888346127,38.54691,8.761155666512348,0.011852561335269712,0,1059,0
CC7E70EA-3730-4F8E-A341-78672A20898A,4249,7,128.0,7,0.601317957166392,1190,102.22405271828666,299,29,301.0,30.382507247427554,148.0931,0.0,15.107362389855805,0.0,49.917428,-1.5372862519028665,0.19996939052464546,0,1059,0
FE545373-09C7-4B48-83D2-0F570115D144,4141,2,1.0,0,0.0,0,0.0,-1,795,452.0,117.44823392870042,430.8,0.0,29.479101408065997,0.0,155.0,8.018046935497111,-0.08980686916092157,0,1059,0
9D35A429-C049-4FF8-9B46-54C59CEF091E,12746,3,395.5,3,0.08590930487996234,253,7.245018044876825,457,3,80.0,21.785160159133746,80.93059,0.0,3.9645363480956903,0.02863643495998745,26.674639999999997,0.9054302198014419,-0.0016362552599880366,0,1059,0
A4988DFE-12D9-4329-AC56-03D916CB9DDD,2779,6,87.4,1,0.13134220942785174,1078,141.58690176322418,852,355,301.0,67.78714117061864,125.5963,-13.2,18.401222997221165,0.0,90.70046,-1.549716751637149,0.17916047660027934,0,1059,0
1027E58E-BAC6-4764-A221-B5E9CD14F578,6452,13,52.166666666666664,1,0.05657160570365778,17,0.9617172969621822,643,164,472.0,115.65668831968588,335.083,0.0,49.59971377603356,0.0,186.4929,5.639721401764746,-0.27253421300253095,0,1059,1
9A16E6CC-35EA-4085-8F3B-26C879F429AF,7116,3,270.5,1,0.05129286115795391,18,0.9232715008431703,905,253,134.0,37.09015682732801,76.4,0.0,11.590592551767351,0.0,51.7,3.0382922509898904,0.02173229553684824,0,1059,0
E8041C3A-6723-4437-A50A-1372FD649736,3794,6,135.4,1,0.09620453347390617,84,8.081180811808117,658,112,452.0,107.33730512414847,289.6738,-1.440048,43.392254475126165,0.0,161.41585999999995,-16.502805246062053,0.15944691100116287,0,1059,0
300C9711-3ACB-4AEF-BB6F-34E20D5D9A0B,9743,5,76.75,1,0.03746279380067741,33,1.2362721954223546,23,547,251.0,99.4234628074497,272.0423,-4.266948,40.1097110875863,0.33716514420609667,147.23154,5.463900202881334,0.2789218918815795,0,1059,0
4EC99980-7AE9-4198-A8EE-8F5D45187CE4,12746,8,109.28571428571429,8,0.2290914796798996,633,18.126863329672055,27,280,741.0,236.3989597010185,455.0842,0.0,53.195787845871074,0.0,283.6458,29.414707677067895,0.8426754327978374,0,1059,0
2023419F-4043-4170-AEA7-05DBFA33862A,12746,4,249.0,2,0.0572728699199749,383,10.967754589675193,115,43,301.0,17.634429447259784,66.12592,0.0,8.626556837641832,0.0,26.33625,-6.252415310847747,-0.3614705055366694,0,1059,0
17BC69F2-B472-4E68-B3FF-ACA5DF03A22B,3466,2,203.0,1,0.10530871321407964,18,1.8955568378534335,781,791,151.0,18.98763453216624,135.0,0.0,8.918931198919818,0.0,31.0,-1.9227425568575995,0.0318588143026195,0,1059,0
A36BFD2A-F7A3-4F18-89A2-9C3BBE26BE72,12746,12,83.0,0,0.0,0,0.0,-1,133,479.0,56.543492417317296,243.0,0.0,28.252886940428564,0.0,97.0,-6.862088096329643,0.15350014633718403,0,1059,0
1CA24DE5-6DBA-4B99-A85E-2EA01B6014B3,12746,9,67.625,0,0.0,0,0.0,-1,244,693.0,160.90275276737685,312.4,0.0,39.31188468049627,0.0,206.0,0.48051883756141933,0.21728212902356003,0,1059,1
CA42DCD8-C723-4A4E-A419-075957FF3D66,3073,10,59.0,7,0.8314350797266514,141,16.74747803449398,88,252,717.0,165.11311713371964,383.7634,0.006523287,45.689153245061824,0.0,225.00552,-2.575215228912583,-0.031097418280435406,0,1059,0
DF31F146-AF53-46F7-B6EA-C3E4CD17D847,12746,4,241.66666666666666,5,0.14318217479993725,551,15.778675662953084,44,152,259.0,78.53974888420268,195.511,0.0,25.378211954009355,0.0,104.90688,41.440563534963985,0.4760615044993412,0,1059,0
2A5A656E-58E0-41C8-A030-B15FE0F53430,12746,11,63.1,5,0.14318217479993725,723,20.704142476070924,716,194,302.0,67.20411304619964,226.8677,0.0,33.049727157797136,0.0,104.83534,0.6783247261769105,-0.014524565922128424,0,1059,0
02AD46F5-AA2C-477A-BAC0-9B37656EB37F,8617,5,95.0,1,0.04235812927933155,63,2.668562144597888,903,665,98.0,25.37142180689028,60.00026,0.0,9.536972607242802,0.0,36.129286,1.5049050215202158,0.03532944462658714,0,1059,0
37B802CD-A714-4468-8211-FC89C5384BB7,12746,5,202.0,0,0.0,0,0.0,-1,78,107.0,24.371807216943633,63.75095,-7.136641,5.548498218240203,0.0,30.551751999999997,-1.6305613492242266,0.04215303297716559,0,1059,0
038FF4AB-E23A-42A5-A516-276DEA942BB5,6664,2,115.0,2,0.1095438175270108,97,5.312875150060024,165,669,136.0,38.29443564836591,79.40333,0.0,13.891543655103165,0.0,55.67834,0.5836013626294587,0.09746072925469249,0,1059,0
4D70620B-BFBC-4F9B-8011-D2C9B02C00FA,4141,2,7.0,0,0.0,0,0.0,-1,784,151.0,26.756864631938733,59.0,-44.25,7.262738259346621,0.0,36.0,0.510110676703242,0.0200882139084144,0,1059,0
C3FD8C18-F21C-4F8D-AFB0-AE5BFA90FF98,12746,6,192.8,3,0.08590930487996234,1416,40.549191903342226,279,56,228.0,44.21446985189806,3261.424,0.0,20.898440294036526,0.02863643495998745,70.00783,-3.056648032222128,0.016814764389540274,0,1059,0
AB54C437-ADC5-456C-A346-438A3B4BB50E,6984,3,346.0,3,0.156786941580756,665,34.75443871706758,511,97,820.0,123.84359174716161,454.0,0.0,78.64104294682889,0.0,236.0,-43.316662734815935,-0.21311816044971169,0,1059,0
CD712F25-2578-4742-8566-6A43356A5998,5541,4,197.0,9,0.5928532755820249,1471,96.89857426457318,154,202,392.0,124.88078323933155,277.3879,-12.50327,32.558127201681124,0.0,156.14992,12.189322358662281,-0.045598252464431326,0,1059,0
FA08B10A-47AA-4772-989C-E679E91CA2EE,12746,5,41.75,2,0.0572728699199749,369,10.56684450023537,45,770,107.0,36.43381560999955,97.9,-153.4085,6.771858905220195,0.0,44.939999999999415,0.8050964270374834,0.037513621937745115,0,1059,0
5EEB6A31-85AD-48E8-B1AC-6C5B174D7321,12746,5,140.0,0,0.0,0,0.0,-1,215,693.0,169.8283357182556,328.6,-4.096977,40.99715872392002,0.0,217.3,0.5650979237196907,0.2299536008101862,0,1059,0
DEA79AE6-198D-4E74-BD03-0DD4BD589EC7,12746,11,76.4,0,0.0,0,0.0,-1,5,800.0,301.78168352763515,1010.925,0.0,90.95205588017168,0.02863643495998745,413.2404399999999,1.3565975526117882,-0.04520478504462352,0,1059,0
9DD19E83-FCEA-4D9E-9268-C0CAE7F360EF,12746,10,43.888888888888886,6,0.1718186097599247,369,10.56684450023537,783,639,739.0,110.05603725997625,454.77,0.0,60.5025339778634,0.0,184.17,54.15043419064105,0.8411103171172176,0,1059,0
C4F3FAC7-F8EF-4BBA-B4C7-B428523D59D5,2401,6,120.0,9,1.368179925031237,189,28.73177842565598,52,379,151.0,25.847189885126863,98.2241,0.0,10.11662847186563,0.0,39.489667999999995,0.9328953816401118,0.05336934899713751,0,1059,0
3E35053E-1B5D-4BFA-8924-2C873EB506EB,5852,9,68.625,4,0.24948735475051262,356,22.204374572795622,413,219,256.0,75.60394327406149,249.6,-1.851,45.277408857255956,0.0,140.4,35.090330029024926,-0.29913847673227073,0,1059,0
0D71D5CD-14C2-40C4-9DC2-1A42AECB1007,5849,4,82.66666666666667,0,0.0,0,0.0,-1,770,251.0,88.16832275380366,286.0,0.0,43.40677326694702,0.24961531885792443,152.0,-21.861686951334534,-0.07977379466150383,0,1059,0
A9441B94-9CE5-48A5-98C9-4C5026B2554B,6915,13,81.08333333333333,3,0.15835140997830802,15,0.79175704989154,554,44,203.0,38.701596327985975,110.0,0.0,18.88992238636285,0.0,64.0,-3.5453463279859747,-0.03861559268866217,0,1059,0
039F4325-748B-4AD3-856B-A4107D4F9B4A,4394,3,154.0,0,0.0,0,0.0,-1,460,554.0,118.91392391772112,337.3034,0.0,52.290441430085906,0.0,185.78611999999998,-20.366763972659385,0.4351598843310937,0,1059,0
DD003CA7-B370-4F1C-A878-C9186208F1EE,9071,4,218.0,4,0.16095248594421785,155,6.236908830338441,133,115,792.0,242.76379684411668,974.68,-24.358,83.39019746471268,0.04023812148605446,347.99,6.690868279340094,0.2863881251912658,0,1059,0
E50B28CD-CAA2-43B2-A05B-6EDC4F3DA836,1367,4,201.0,0,0.0,0,0.0,-1,164,887.0,97.26696010682461,236.667,0.0,31.497151176073015,0.0,136.38914,-4.539933797411024,-0.15436749363499885,0,1059,0
FED111EB-CCDD-4817-8961-13BF305C41EA,8397,6,189.8,1,0.04346790520423961,14,0.6085506728593546,518,85,178.0,34.141191826985896,123.4269,0.01054682,14.529273648249244,0.0,54.886134,-0.6666249639750887,0.04151936295095256,0,1059,0
1D8C85DB-215C-4A9B-95F8-CFAAF8B7FF81,12746,9,50.25,5,0.14318217479993725,495,14.175035305193788,512,500,99999.0,9.882394117321242,239.63,0.0,11.428504469963183,0.0,23.99902,-9.882394117321242,0.0,0,1059,0
78AC9471-AC70-4BEB-8641-A51A07FE0B39,6349,6,147.8,5,0.2874468420223657,662,38.05796188376122,102,22,259.0,94.80296951302475,206.5869,0.0,24.49157149775951,0.0,126.145,11.735265490833271,-0.05097164235478373,0,1059,0
637B4840-C7EB-4E4D-A7FA-BA12322AF8DC,5506,5,111.75,1,0.0662913185615692,223,14.782964039229931,831,317,811.0,427.2538622447779,629.5574,0.0,33.83727601300776,0.0,464.39214,16.939541782999925,0.20411836611016,0,1059,0
15E752D2-5816-4ABC-9A94-9413FC7C5BF9,989,7,136.33333333333334,0,0.0,0,0.0,-1,151,802.0,106.40920128454825,346.5729,0.0,69.36103134891675,0.0,187.7403,35.879256621315946,-1.1220884026710607,0,1059,0
78FE1262-E81F-4AA3-9E68-B4DF3DB9BDAD,1282,4,216.66666666666666,3,0.8541341653666147,253,72.03198127925117,444,137,452.0,103.5565252106877,196.1997,0.0,28.675399400054115,0.0,145.423,14.243806377275263,0.009018024230127914,0,1059,0
5ACB4C39-0501-4B0F-B92D-F4D32196BFA8,5904,5,243.5,3,0.18546747967479676,73,4.513042005420054,429,13,377.0,42.76854722661816,240.8213,0.0,30.52854791213776,0.0,84.0,-14.306278708099644,0.11465870272047843,0,1059,0
22610DBA-9F12-4164-BCC2-BAF02CC3C38F,7007,4,201.0,1,0.05209076637648066,207,10.782788639931496,831,147,171.0,18.78645893318537,235.1959,0.0,4.863079508170905,0.2604538318824033,24.71925,3.0009510148856187,0.018346177385561897,0,1059,0
A212072B-32B4-49B4-ABBC-CF03C659F7E3,4001,8,97.71428571428571,5,0.4561359660084979,661,60.301174706323415,119,269,1188.0,303.8687539317211,934.24,0.0,154.44051050374955,0.0,538.25,-138.26864359221491,0.3452213504866561,0,1059,0
53FACE0D-C0E1-4009-91C9-CA879B3F48F0,12746,6,73.6,1,0.02863643495998745,60,1.718186097599247,831,400,266.0,112.36642523656647,319.9,0.0,29.883889460659873,0.02863643495998745,148.3,-29.73000548340289,-0.0024193659039086737,0,1059,0
063B9AB9-5AC9-4600-862E-B3FDC77392F0,12746,11,88.0,1,0.02863643495998745,189,5.412286207437628,684,31,887.0,234.04093774846177,558.0,0.0,112.20415118836421,0.0,368.0,-59.904363674387696,-0.10475813200549952,0,1059,0
5976B219-558E-4D60-97C1-37CB026B0D81,5103,5,181.5,3,0.21457965902410348,426,30.470311581422692,97,21,357.0,40.47637091806917,140.0,-3.289,19.392074584863913,0.0,59.0,3.4227031560049,-0.07143154390350001,0,1059,0
62F5BB0D-8F8B-4278-8C01-3DB60B53DEC9,12746,5,141.75,7,0.20045504471991213,2108,60.36560489565354,178,179,450.0,91.31660373702285,350.0,-10.07334,48.01503269022823,0.0,147.0,5.407084534582097,0.2138753412629023,0,1059,0
D00320B6-6D62-4359-BB2E-76E9F7739537,12746,4,181.0,5,0.14318217479993725,1744,49.94194257021811,222,199,199.0,61.206132960791145,239.6283,0.0,20.403380091168927,0.14318217479993725,87.0,1.630518273776758,0.33604188674408525,0,1059,0
A98F3C84-3F34-48AE-9052-56A5E5934AC2,12746,14,68.23076923076923,3,0.08590930487996234,26,0.7445473089596737,312,79,887.0,278.0600359873134,576.0,0.0,81.06321801707962,0.0,368.53999999999945,-4.568693394720867,0.9855430025652553,0,1059,0
A78A0D46-2591-45E4-A2FF-82E5246E3094,12746,6,156.2,0,0.0,0,0.0,-1,209,1044.0,14.74596508697394,521.246,-728.1993,68.94326233954524,0.0,0.0,158.8024761244458,5.181165799990225,0,1059,0
5E761A88-76FE-4198-8E85-039CE77EDEF9,4081,2,143.0,4,0.35775545209507476,575,51.427346238667,234,595,452.0,207.29036143498124,435.8955,0.0,43.25346839139845,0.0,262.78481999999997,14.774023225512622,0.1959017877033514,0,1059,0
DF88F395-7D5B-4E72-AB84-030D8C44E9C9,7599,6,18.4,0,0.0,0,0.0,-1,722,440.0,185.87445413830466,348.58,0.0,41.636383786514656,0.0,246.09,28.540355275275573,-0.4723550581235423,0,1059,0
CD471C9E-4DB6-4A0B-A7BC-EDB6084321E5,4304,9,91.25,2,0.1696096654275093,209,17.72421003717472,453,5,301.0,77.60886812350384,504.8663,0.0,18.29884499919291,0.42402416356877326,101.4176,-21.31259472726927,0.023055549406103527,0,1059,0
67283C11-F89A-4F7F-BAC7-026CCF896C40,12746,1,0.0,0,0.0,0,0.0,-1,735,188.0,29.242385103167045,78.2,-24.0,9.95260263800074,0.0,42.1,-2.6731798536300104,-0.006518928947929535,0,1059,0
D28C46DC-BF3E-41DE-AD8D-98E577997D49,9883,6,127.0,2,0.07386421127188102,57,2.1051300212486086,366,97,489.0,75.78764171962898,1061.0,-112.125,43.6953773174249,0.03693210563594051,132.0,19.114722654506807,1.1301456604395193,0,1059,1
C82E945E-0D25-461E-915C-B4C89B4C6015,8917,9,89.125,2,0.08186609846360883,89,3.643041381630593,15,12,739.0,166.41494051573676,409.0731,-2.6,72.34149614477393,0.0,252.68251999999993,20.39223541018916,-0.19818616152904933,0,1059,1
D7226C0C-05E0-4A38-8ACE-0DF171DE1DF7,4365,2,174.0,5,0.41809851088201605,554,46.325315005727376,331,728,452.0,165.86419598568017,351.4146,-135.7022,60.99161411809704,0.0,247.28707999999997,-61.226848377655486,0.04482185512719282,0,1059,0
1DB4A099-6EE9-476A-8F02-F2CBF243200B,9521,4,264.3333333333333,2,0.07667261842243461,133,5.098729125091902,40,3,489.0,153.21792564766855,310.0,0.0,29.565074203657435,0.0,189.0,-1.7968420746361744,-0.04396245497323955,0,1059,0
03043F46-6D02-4C93-8520-5A32BB0B8D14,2974,3,317.0,0,0.0,0,0.0,-1,87,1246.0,184.48842054804416,491.9,0.0,49.34378778651501,0.0,248.7,-13.671630424587363,0.025783247131397215,0,1059,0
B8553E8A-AEDB-4CAE-AE4A-3F3CFC08026D,12746,6,111.8,1,0.02863643495998745,92,2.634552016318845,749,189,314.0,61.55679604956431,188.0,0.0,20.498526843336393,0.0,88.0,-6.271456543391473,-0.06633340650200288,0,1059,0
580F42B9-F6B8-45AC-B957-36049DF0A63A,12746,5,150.75,2,0.0572728699199749,27,0.7731837439196612,751,147,377.0,157.47806332748124,333.7983,-483.7,40.925394093578994,0.0,211.32605999999998,32.628910209555784,-0.07255404774728078,0,1059,1
1D49708A-644C-4562-9BDC-F363556740C4,902,7,85.16666666666667,17,6.879157427937916,1190,481.5410199556541,79,211,60.0,5.266848820260446,27.062,-5.72205e-05,5.84672791577723,0.0,12.468,1.4991273371469624,0.003737932380763302,0,1004,0
A307702A-865B-442F-A6F3-D9CFDD7DE0E8,937,7,66.66666666666667,1,0.38954108858057634,11,4.28495197438634,622,480,887.0,116.71269472818429,527.9236,-4.22,73.4835506772799,0.0,211.0291,8.936909292803378,0.3788383412493871,0,1059,0
237A5DCE-58B2-45C6-BB33-140395E78921,7167,12,43.63636363636363,3,0.1527835914608623,58,2.9538161015766713,348,294,472.0,156.42484307252096,534.313,0.0,42.6768218545193,0.25463931910143717,201.9653,-4.309875341811079,0.13029642496830496,0,1059,0
0CA68153-851D-4968-A9DC-0C42009EFDE9,12746,11,72.2,0,0.0,0,0.0,-1,68,693.0,191.3381193244335,481.1312,0.0,87.64338628545777,0.0,310.20256,-42.108435615174244,0.3354287843891133,0,1059,0
B09F4E36-28B7-431A-90DE-64AB1C2A7F8A,12746,8,47.857142857142854,1,0.02863643495998745,164,4.696375333437942,831,504,269.0,136.3052512689855,261.9,0.0,21.70752500664887,0.0,161.7,-20.727172565281805,0.24678489685501817,0,1059,0
09531D9B-5C40-4E4C-9FF9-8F254CE91CDE,12746,11,82.5,2,0.0572728699199749,434,12.428212772634552,105,0,800.0,321.44222632679094,790.2831,-3.236415,81.05668398534826,0.0,415.192,11.492435949443632,0.5177663283129628,0,1059,0
730975BB-1E09-4FC7-A169-C4AD051BA7C3,3367,5,139.0,7,0.7588357588357589,454,49.21591921591922,445,358,416.0,77.93862750877885,265.6706,0.0,40.32509031941692,0.0,132.78,-12.999459153068969,-0.3771972549843489,0,1059,0
8D49D287-FE99-40A8-B5DA-B98817B8B295,12746,7,134.66666666666666,1,0.02863643495998745,98,2.80637062607877,27,28,271.0,77.01283843295884,162.4763,0.0,15.160007885867028,0.0,92.30306,6.363069522519552,-0.0002362276288360184,0,1059,0
3820730B-D446-4C90-947C-92FE4D813F7A,12746,7,115.16666666666667,3,0.08590930487996234,278,7.960928918876511,27,51,271.0,78.50254564647409,172.9087,0.0,13.84918826190257,0.0,92.90687,5.3615634263499885,0.019447485626645424,0,1059,0
2FB42A0F-3126-4CA4-850B-AFED58E6F1BD,4526,3,349.5,4,0.3225806451612903,658,53.064516129032256,234,13,901.0,149.9714006735309,491.0889,-67.0,64.83728654829513,0.0,229.248,17.66188294529624,0.3465386986354855,0,1059,0
322348D6-CAA9-48CF-801B-69047E083E89,1043,3,132.0,1,0.34995206136145734,4,1.3998082454458294,144,712,452.0,82.25796169405137,293.8461,0.0,44.853564041380004,0.0,144.62661999999997,8.404696503479485,0.15930081424767886,0,1059,0
9DED6C01-5F39-4D14-ACAD-AAB508EEB6BA,4361,3,118.0,2,0.16739279981655583,169530,14189.050676450355,36,711,887.0,147.7656495075745,356.5359,0.0,72.30050641539049,0.0,233.40246,-5.069597196617707,0.10218049416180855,0,1059,0
BAC94273-4572-4578-8CA3-1DBFB8291294,12746,18,38.23529411764706,4,0.1145457398399498,184,5.26910403263769,415,393,269.0,73.7763714839809,514.576,-74.02341,21.025744034098654,0.14318217479993725,100.23023999999998,0.08889237713022169,0.15714107747749356,0,1059,0
1B963941-733C-4279-AA9A-F207BD0D1F18,12746,20,42.73684210526316,3,0.08590930487996234,47,1.34591244311941,406,105,452.0,101.94931233610419,772.1361,0.0,44.39070787842958,0.02863643495998745,153.08759999999998,0.03358662145755886,-0.019341077401628864,0,1059,0
1A17FB4A-5F58-4C7D-BF39-6C6911CEFE88,4386,8,92.85714285714286,1,0.08321933424532603,60,4.993160054719562,61,55,800.0,310.12314590504445,645.9803,0.0,84.20275776541757,0.0,416.9873,-4.020836885368567,0.015972158866202256,0,1059,0
6BCF5FA9-D936-49A4-956D-17D01F084F47,5558,4,102.0,0,0.0,0,0.0,-1,400,511.0,165.63209562283254,436.402,-184.722,36.57477841092201,0.0,211.69388,0.6094746410563516,0.3105865562356469,0,1059,0
1774AC61-DAD0-4225-B1C7-8C3D76A609E5,1921,2,1.0,2,0.3800104112441437,220,41.8011452368558,727,707,602.0,49.980747660184385,179.693,-2.464044,11.116108990230941,0.0,61.047109999999996,0.8184464501551219,-0.07218896729196654,0,1059,0
1C3CBB2F-4D26-49E4-B33F-736EB1D4587E,12746,11,86.4,0,0.0,0,0.0,-1,3,578.0,72.78515361068902,181.8956,0.0,28.32705245386113,0.0,107.2974,2.8573279788171533,-0.4605541592927395,0,1059,0
531FCD46-83A5-4F94-B5DF-71B7B1C992D4,6735,7,76.33333333333333,3,0.16258351893095768,37,2.0051967334818115,19,485,223.0,32.30949662878053,145.3582,0.0,16.855777112755177,0.0,54.420277999999996,-11.29480348814781,-0.04797278793419807,0,1059,0
3155C5B4-C6ED-4649-9E4C-8FF87F25F000,10121,6,122.0,1,0.03606363007607944,291,10.494516352139117,897,84,1270.0,312.21136597276853,691.16,0.0,108.15345163790579,0.0,444.23,36.840324613651205,-0.8464468870188935,0,1059,0
F62BD0CA-53E7-4460-BB66-910DBE0F2DDE,3807,1,0.0,0,0.0,0,0.0,-1,690,630.0,168.67886293642925,310.0,0.0,33.2033918226728,0.0,212.0,-9.496609850009492,0.14448125740245507,0,1059,0
E2C1F887-0A50-491D-B7A1-BEDC33CE0F2B,3359,5,201.75,1,0.10866329264662102,359,39.01012206013694,831,147,301.0,67.59229532405064,246.8191,0.0,43.84404814268524,0.0,137.87538,6.332594509514166,0.17233342764732476,0,1059,0
9224BD01-549B-44D0-A062-5E612F54A67D,12746,5,0.0,5,0.14318217479993725,762,21.820963439510436,425,678,100.0,14.187754730042617,77.39868,0.0,11.921846498891558,0.0,28.39966,9.662890151747504,0.07199656439338904,0,1059,0
7084F0EA-F33F-446D-BA3E-7209E8CA9A41,12746,4,46.0,3,0.08590930487996234,228,6.529107170877138,8,680,314.0,50.099028150794226,173.0,-46.0,26.01918409975501,0.0,85.0,-17.119707163139907,0.20862052013735125,0,1059,0
5859D661-EAE9-4855-8537-DF33D4EC934C,2442,3,116.0,1,0.14946764946764945,434,64.86895986895986,831,679,301.0,30.657236514174553,146.5724,0.0,21.084994397921996,0.0,61.065287999999995,7.69887269454458,-0.011723465618735369,0,1059,0
53BA14D9-3C5C-4616-AB93-017E1C32B497,5298,2,292.0,2,0.13778784446961118,346,23.837297093242736,85,386,274.0,111.72438228984092,206.25,0.0,28.10374539967147,0.0,148.75,-14.326717417927327,0.113619210413404,0,1059,0
0FEAB975-926F-4BBC-98D3-89BE8924FB20,12746,4,207.33333333333334,12,0.3436372195198494,737,21.10505256551075,99,128,376.0,132.62245640450806,430.916,0.02126971,44.36378197048642,0.08590930487996234,194.5341,-9.250040882903122,0.012711588940903303,0,1059,0
7D8B619B-1A1F-4C8B-B1DB-74F8055D6D1A,3661,2,356.0,2,0.19939907129199672,17,1.6948921059819722,161,315,150.0,20.867486490639383,539.1084,0.0,8.406353283831022,0.4984976782299918,31.0,-2.3939525400220987,-0.025184807909545255,0,1059,1
5A4968D3-4F8F-4884-B729-C3F532CB9B58,4324,4,172.66666666666666,4,0.33765032377428306,380,32.07678075855689,277,392,301.0,14.8397147230321,40.37077,0.02820016,3.293843298188871,0.0,18.638794,-0.7944308073685207,0.008666053901074264,0,1059,0
7E1FF200-9640-48B3-9D6A-480E4A296740,4891,6,22.2,3,0.22388059701492538,264,19.70149253731343,389,553,251.0,96.87281459196451,152.9352,0.0,13.702344221206916,0.0,113.2856,-0.14189986048302217,0.09943206074243627,0,1059,0
DBC62C1B-1683-4972-ABF7-FAD2EBCF66FF,12746,15,56.92857142857143,4,0.1145457398399498,60,1.718186097599247,728,143,461.0,131.10963093795596,319.4197,0.0,71.7563589459957,0.0,197.8693,22.65359098565517,0.12693066972988667,0,1059,0
90294E09-1B40-4D4B-B3A1-2C9C8ABAD9B4,1029,5,88.5,9,3.192419825072886,2696,956.3070942662779,815,596,416.0,40.588996794847894,101.192,-22.17479,10.523922658125834,0.0,50.517728,9.424012349442222,0.24113891289558673,0,1059,0
C33CE1CE-EF0C-4763-853D-5ADE9D22023B,4267,3,223.0,1,0.08554019217248653,236,20.18748535270682,405,212,602.0,177.75360654428815,286.2,0.0,34.871065594383715,0.0,216.2,-6.443050988732608,-0.11860677815751315,0,1059,1
D3CE6410-E249-437E-87CD-BAB7A359B7FB,4273,2,35.0,0,0.0,0,0.0,-1,622,452.0,112.5144691221181,291.0,0.0,43.41780758304787,0.0,171.0,19.226271618622633,-0.16625852300022403,0,1059,0
96C29E72-3A47-42C9-ADA7-07FF12C18ECF,8409,4,76.66666666666667,1,0.043405874658104415,36,1.562611487691759,835,505,126.0,40.79986078942391,81.0,0.0,12.028207448132044,0.0,55.9,1.8442904451439972,0.10908778175628481,0,1059,0
C04FEE63-ADE6-4FDF-A858-A00078197C51,1645,6,105.8,0,0.0,0,0.0,-1,421,678.0,49.4879919888106,539.4024,-37.2,27.598980602647284,0.0,85.0,-8.378732729551338,0.17927407590325656,0,1059,0
335C0ACD-5064-49CF-874F-A665F861F7AE,12746,5,116.75,3,0.08590930487996234,57,1.6322767927192845,97,485,225.999,28.634075304617404,799.9007,-4.882813e-05,28.176537504291684,0.0572728699199749,62.659416,20.561615146622394,-0.17552926926346693,0,1059,1
2AD2958A-9832-4E44-8829-835B86560F81,8300,11,101.3,1,0.04397590361445783,272,11.96144578313253,831,8,901.0,194.42684175438484,386.5273,-13.38,46.45821169855331,0.0,250.13168000000002,-9.37834733463174,-0.06642876137218463,0,1059,0
0F8EA3F7-DE6F-424F-9B2C-73F34BCA6330,4791,6,95.2,1,0.07618451262784388,65,4.951993320809852,325,172,473.0,100.70347930409767,366.7786,0.06575783,53.16217502479643,0.0,174.37075999999996,-60.784247154406316,0.08328546895132606,0,1059,0
51292C18-31ED-4D63-B6FF-52F12960B6B0,2760,7,48.666666666666664,2,0.2644927536231884,485,64.13949275362319,427,356,1247.0,320.00277917506423,787.2072,0.0,188.30504616248126,0.0,582.8474799999998,-33.34755367691611,-1.9472436726414681,0,1059,1
77654BD6-E4C2-41AB-9495-B1ECCFD1C628,12746,11,63.4,0,0.0,0,0.0,-1,68,99.9995,7.748175080120431,79.30042,0.0,13.322037523101786,0.0,28.589215999999997,10.037760367842532,-0.018685085426316635,0,1059,0
BAAF667E-703D-4EB8-9EF0-B8B82B90AF23,8365,4,263.0,3,0.13090257023311416,1394,60.826060968320384,230,34,251.0,73.76699118769166,177.4,-16.266,22.248239218016185,0.0,101.6,-21.780401681518825,-1.2919720198653688,0,1059,0
5C0A84A2-ACFF-44F6-BD8A-DDA8476E0243,12746,10,67.55555555555556,2,0.0572728699199749,52,1.4890946179193474,422,424,269.0,79.34240880237972,1013.519,0.0,22.321548799187145,0.02863643495998745,107.7397,-0.23384439265750245,0.17200714244035512,0,1059,0
5DA4F020-A8EF-4993-9B53-FD9AD31CC80A,12746,3,186.0,4,0.1145457398399498,2132,61.05287933469324,424,637,267.0,80.27655586359965,203.88,0.0,31.29441853154263,0.0,124.22,5.920718056153447,0.20721906053780748,0,1059,0
312981FC-E0DB-4FC9-A22D-3FBF3758377C,10201,12,47.27272727272727,2,0.07156161160670522,107,3.8285462209587293,227,109,235.999,56.33056296740366,129.5776,-28.72266,14.089471465223898,0.0,72.81494,-14.886048268329581,0.013377238024315806,0,1059,0
494789BE-7AEF-49FA-A3F8-C72011A46C07,4722,6,93.0,0,0.0,0,0.0,-1,163,693.0,107.98598440090092,211.3531,0.0,20.971739990099454,0.0,131.83822,8.604412567463285,0.4434061319509257,0,1059,0
578C8533-3CBE-4331-9D4F-38BD6E87928C,3431,2,607.0,2,0.2127659574468085,184,19.574468085106382,359,23,452.0,115.43422046741155,302.2222,0.0,81.92966086898412,0.0,229.86817999999997,16.93371317147735,-0.8766663098636394,0,1059,0
C77DC20A-45BB-45CF-91B7-EB9F38FCAB26,3000,8,72.0,2,0.24333333333333332,587,71.41833333333332,636,420,415.0,77.46867561130497,341.644,0.0,40.39564419353638,0.0,132.17378,-13.013460882755595,-0.37472832661870537,0,1059,0
9AB321E0-E4A3-48F6-BB81-9B07AB1BDF9F,4195,2,277.0,3,0.26102502979737785,202,17.575685339690107,359,630,452.0,115.57266449052511,302.0185,0.0,81.69636487904934,0.0,229.74748,17.228972303456374,-0.8682793895026476,0,1059,0
6182B77A-39DC-4FFA-B4DE-4C269400AF62,5593,3,217.0,1,0.06526014661183623,7,0.4568210262828536,774,231,314.0,53.28097725844622,195.0,0.0,19.019707911697257,0.0,78.0,0.9865381736525478,0.010763731690648579,0,1059,0
2FFCC62F-4FEF-4B9C-ACB6-A1EFCDD68B58,12746,16,37.266666666666666,2,0.0572728699199749,63,1.8040954024792093,292,70,235.999,60.883709625378394,399.9634,0.0,15.324568271766294,0.02863643495998745,78.79639,-18.237777190964813,0.03167893329362157,0,1059,0
BF27730A-1062-44DA-AFBF-F53BDC915EC3,12746,4,83.66666666666667,1,0.02863643495998745,15,0.4295465243998117,353,371,261.0,60.82227046777466,282.5585,0.0,22.58944995215903,0.1145457398399498,89.59083,0.5839718172562058,-0.03450839264935855,0,1059,0
1E07BAE7-73EA-46CE-B7A9-E0370849DB47,1089,10,107.33333333333333,3,1.0055096418732783,129,43.23691460055097,777,34,887.0,182.81103851589438,493.3319,0.0,77.28768719100778,0.0,274.4293,-24.523117814505497,0.025676841417742104,0,1059,0
DD39BD46-C53B-4406-ADFC-44C9D5A4EEFA,937,11,63.6,5,1.9477054429028817,8207,3196.96371398079,117,241,887.0,114.66021848934575,381.1188,-0.46,73.22068981806532,0.0,209.5337,11.03101655185796,0.37916749911272685,0,1059,0
CC375D16-BB36-44E5-AEA2-38D64FFB1798,12746,6,102.6,6,0.1718186097599247,5615,160.79358230032952,0,103,1370.0,317.54636948656156,826.61,-361.73,121.37971334150765,0.0,484.914,-57.547801585326965,0.189802629954077,0,1059,0
E57197DC-6EA9-4F3C-B3EB-4ED92D17A6C6,1043,7,160.16666666666666,0,0.0,0,0.0,-1,11,452.0,85.48477734218942,248.4846,0.0,39.919150881406026,0.0,143.3229,3.1349620096624307,0.09379400187371967,0,1059,0
FB435CCC-49EC-4293-9E12-8848430AB34B,3781,3,245.0,6,0.5792118487172706,1078,104.06506215286961,42,389,301.0,76.6341897969145,208.2538,0.0,24.661012376020743,0.0,102.41578,40.00942911924136,0.4559894768885404,0,1059,0
049F4E33-511A-40DA-AEE8-FA4368601894,12746,9,25.25,3,0.08590930487996234,47,1.34591244311941,187,451,470.0,160.04203281105873,1008.07,0.0,54.03336026319559,0.1718186097599247,212.4023,-7.403506704577239,0.01753047797610227,0,1059,0
552652D8-4570-4DA8-A1B0-E419BC77A04B,8576,7,131.83333333333334,0,0.0,0,0.0,-1,222,472.0,139.85909197659677,471.0,0.0,31.111413200556843,0.0,176.4679,-0.47901828601033003,0.02351559869803607,0,1059,0
68AA5796-52C8-484F-9DCB-DB5E8835BEF9,6995,12,65.0,1,0.05218012866333095,434,22.646175839885633,123,11,452.0,110.95312904962813,245.2874,0.0,24.462397411760165,0.0,139.16364000000002,-5.708118593210486,0.4612273414839913,0,1059,0
796651F4-2341-4804-915D-A592B87EC674,12746,8,76.71428571428571,0,0.0,0,0.0,-1,71,472.0,155.43868414537067,732.7881,0.0,69.65173836926284,0.14318217479993725,215.9912,-46.378908549591344,2.6002466002362796,0,1059,0
1610F0BE-08DA-4EA2-A731-A68E5D89F150,12746,10,82.55555555555556,10,0.2863643495998745,2551,73.05154558292799,142,188,259.0,77.84966227681828,214.3982,-15.06,25.888933151267466,0.0,104.45902,42.18187154494099,0.47842583399004096,0,1059,0
DCB8F634-92D6-4E91-A14F-1E1BA289F0F2,2832,3,45.5,1,0.12888418079096045,375,48.331567796610166,831,518,151.0,11.053012943704976,29.4,-11.20524,4.108812107617314,0.0,15.68,1.573107426665393,0.0005047376676469616,0,1059,0
6796302D-5EE7-4A4A-8EF0-46CFBEB168EB,12746,8,31.428571428571427,0,0.0,0,0.0,-1,456,259.0,95.97759953248142,2029.0,0.0,29.047277442547056,0.14318217479993725,127.1,-5.46631866828389,-0.09815049183035823,0,1059,0
E589611A-9F2F-43DD-B486-B63BD2FCA1F3,12746,1,0.0,1,0.02863643495998745,129,3.6941001098383808,831,609,141.0,28.046670438546958,125.9,0.0,14.659704663231125,0.0,48.6,4.450945307132056,0.16135871258989332,0,1059,0
E1CFEB9D-B220-4FC7-9D44-E63904BCEF82,5467,4,180.0,7,0.46734955185659416,351,23.434241814523507,21,340,395.0,174.17744471942163,361.9185,0.01429563,37.42361435312571,0.0,222.40354000000002,-10.638610552164693,0.0614939698372,0,1059,1
6DED620A-7A47-4EDC-96E1-CF9E74554308,619,11,32.3,6,3.5379644588045234,29795,17568.941841680127,307,279,678.0,123.76143295607136,382.0,0.0,88.88762058863287,0.0,238.0,1.5876411180027077,-0.04912849322973699,0,725,0
94C39812-BC1C-485D-A316-AEDD8B235507,7975,6,159.2,0,0.0,0,0.0,-1,155,489.0,107.62804300235739,254.0,0.0,26.657767676986758,0.0,142.0,9.31786749146977,-0.12768694580504203,0,1059,0
97CB5650-DC04-4E1A-8A96-782066AEADFA,12746,12,75.18181818181819,10,0.2863643495998745,1634,46.791934724619495,393,52,218.999,37.300774958823624,173.0347,0.0,39.905706207253345,0.0,81.178298,17.391785352952738,0.06967124562257147,0,1059,0
5B376294-316F-478F-8235-507F0B951C67,3416,6,102.2,2,0.21370023419203749,28,2.9918032786885247,556,96,490.0,122.4772053920361,270.8837,-103.9867,31.46713863633425,0.0,160.283,-3.170184530153378,0.03949135018200836,0,1059,0
FBEDE38E-E6F2-4587-9B05-3A116BFA9A28,3502,5,144.0,2,0.20845231296402056,561,58.47087378640777,623,26,452.0,116.66113900732894,249.8689,0.009360424,20.184181332768848,0.0,141.30429999999998,8.276132373510094,-0.10817963918184005,0,1059,0
739D0037-CFA2-4D01-9B9C-F24DA571991E,5472,12,84.36363636363636,1,0.066703216374269,38,2.5347222222222223,835,22,261.0,30.18941419687826,235.4852,0.0,13.894042734964511,0.0,48.0,-8.744738270952336,0.028611385493388358,0,1059,0
3697A454-05B7-4A7F-9EFD-A7C6EC7A63BF,8455,6,89.2,4,0.1726788882318155,576,24.86575990538143,292,591,266.0,76.78559118615837,223.5,-2.492714,28.103438467337906,0.0,115.1,-2.774997050278742,0.026070256729782987,0,1059,0
8B3CBC04-0E04-4D93-B8EC-53C1D5B36F6A,2646,2,0.0,0,0.0,0,0.0,-1,588,347.0,21.223795108973846,122.5566,0.0,12.018949111206728,0.0,38.42054,2.531255769961337,-0.056271382811974927,0,1059,0
48530EFB-01FE-4AF6-AE0A-8AF27F3F3003,9126,9,107.25,2,0.07999123383738768,44,1.7598071444225292,526,35,261.0,104.58414169699317,378.6778,0.0,48.09785230502589,0.19997808459346922,165.3,18.31676879683397,0.2626815724848365,0,1059,0
161BB03E-9934-47A2-AF1E-6D2E5420371A,12746,39,22.13157894736842,0,0.0,0,0.0,-1,23,1083.0,211.9591526386901,915.5884,0.0,107.11333747962358,0.0,349.9756,-33.20237300223948,-0.055514054394603204,0,1059,0
575F6BD7-B6D0-4D7D-88A1-ADE8E25DCCE1,5214,5,129.75,0,0.0,0,0.0,-1,415,400.0,91.69927087866988,282.4227,0.0,47.52808605083634,0.0,157.0,-25.71130791570691,0.18909318937403224,0,1059,0
3D02237E-52DC-48D0-A424-F9146A2FE717,12746,3,66.0,2,0.0572728699199749,217,6.214106386317276,317,498,98.0,36.059193678574005,95.8,0.0,17.848279900232132,0.0,56.6,0.945960651287109,-0.0024125749509327317,0,1059,0
AEBAED0D-838D-4DFE-A656-A2B31FD07529,5371,4,95.0,2,0.13591509960901135,67,4.5531558369018805,61,577,511.0,53.20941570672125,218.0,0.02005204,25.05339428336035,0.0,86.38914199999999,5.883498476133688,-0.15956820966672386,0,1059,0
38FBACB2-837D-4E4E-8D03-B5E91A48F188,12746,9,64.75,3,0.08590930487996234,764,21.87823630943041,388,248,803.0,208.28005769284314,532.1503,0.0,63.454468360483354,0.0,284.4086,-6.51316325225676,0.019721306143569796,0,1059,0
CE80BE38-EA62-41E0-9A23-B701BB719304,2845,3,87.5,1,0.12829525483304044,19,2.437609841827768,458,399,301.0,40.13304686716266,93.741,0.0,17.68588152581488,0.0,61.50073,0.5690237851521545,0.14725323754141134,0,1059,0
AAE94654-1BF0-4685-9517-9455367E1819,3036,7,82.83333333333333,3,0.3606719367588933,598,71.8939393939394,46,75,1246.0,285.77558375875617,692.8052,0.0,157.04524969894106,0.0,510.24177999999995,-36.180022481611076,-0.9814600393451567,0,1059,0
3FF158E7-DC5F-4CD0-9142-09E24B0EF3EC,8210,6,39.2,0,0.0,0,0.0,-1,574,753.0,198.41103550329314,420.0439,0.0,58.031244685848996,0.0,274.585,-27.765279845885686,0.5001469226560588,0,1059,0
0B6F7610-23BE-4C8A-BE40-A7682629EE32,12746,3,238.5,5,0.14318217479993725,20629,590.7410167895811,236,96,538.0,65.92411548306816,212.6221,0.0,36.34614991890428,0.0,108.8379,-54.02927905714223,-0.502472361380951,0,1059,0
1DE88476-8617-4FC9-91B8-E785414FA395,1808,3,206.5,5,1.0094026548672566,8201,1655.6222345132744,453,160,301.0,75.90518374283968,166.053,0.02312617,18.18406324915991,0.0,99.039034,-20.42516813558659,0.030936726579704196,0,1059,0
83B9B9D3-05E8-471E-8652-A76652FF0CB2,12746,4,242.33333333333334,6,0.1718186097599247,357,10.223207280715519,502,98,450.0,131.46908009219436,386.91,-0.59,38.01055630399578,0.0,182.32,-17.579350925527677,0.2850156700872017,0,1059,0
9D8FC919-9213-48A4-8913-B26BF7EDE3C4,4136,2,474.0,0,0.0,0,0.0,-1,97,452.0,145.49101383637472,352.0,0.0,33.79540066635648,0.0,186.0,-12.308297786992,-0.029978666776548327,0,1059,0
CFED983A-90E5-4DE8-B1A4-0A7C82262203,4565,8,113.0,2,0.15991237677984665,195,15.591456736035049,448,56,803.0,247.90231815565346,489.8071,0.0,71.09764058176773,0.0,323.7305,-20.063462584665785,-0.027193844450606894,0,1059,1
1396E67C-1FD6-42AD-8CDA-88D91DA2D0CD,4137,3,0.5,1,0.08822818467488519,102,8.999274836838289,819,563,452.0,145.6408129176489,352.0,-22.91559,64.68794372203931,0.0,230.0,-15.103081436167429,0.18902659450400733,0,1059,0
14AB8259-78C6-428F-9729-CBCC512979E2,10270,5,58.0,4,0.14216163583252192,244,8.671859785783836,410,564,489.0,90.75603033685292,657.2795,0.0101646,53.026460212643165,0.17770204479065238,163.10623999999996,27.835671065014353,-0.02459730452124081,0,1059,0
94CC3F23-A1B2-4EBF-9B32-31E8D31D6B51,12746,8,74.71428571428571,5,0.14318217479993725,4305,123.27985250274597,350,41,99.9995,10.761532750903884,86.06876,0.0,15.544401724228054,0.0,34.667601999999995,6.904939093293647,-0.02524805019701339,0,1059,0
3C4021F2-DC7A-43D1-98C1-F6F0A981C668,3472,3,0.5,0,0.0,0,0.0,-1,562,452.0,46.55794059900057,497.0,-49.3,14.033821572465738,0.5256336405529954,64.0,7.0368124874191835,-0.09126812638054177,0,1059,0
6F8C19AE-D47E-4D76-99B1-E45A0540A6E4,12746,5,108.0,1,0.02863643495998745,168,4.810921073277892,831,532,88.0,15.82437530614924,232.1056,0.0,17.022065842531184,0.08590930487996234,39.45176,-15.789468006149239,-3.3648296792540056e-17,0,1059,0
F1B37FA2-DFDC-4280-8A70-0E6B55E811E4,2824,3,335.5,2,0.2584985835694051,88,11.373937677053824,65,366,452.0,70.42541558714794,260.5839,0.0,40.916689333255746,0.0,127.1054,-10.659705907363985,-0.1165659611618198,0,1059,0
C9567B67-6E01-40B4-8643-87BA3D0335EE,7259,2,0.0,1,0.05028240804518529,294,14.783027965284473,831,553,134.0,18.00163583549482,113.0878,0.0,6.393899621973102,0.0,25.99718,2.6660251611872816,-0.0321554921685224,0,1059,0
3DF520E4-7689-4A2E-85B9-A5CE7C2FFE86,8751,14,70.38461538461539,0,0.0,0,0.0,-1,11,301.0,22.704873919986607,223.0312,0.0,31.44152086759646,0.0,70.574496,42.73227467893314,0.018932652318352748,0,1059,0
E5A62A8B-D42F-44E2-817F-5ECBCC83891F,9290,9,98.25,4,0.1571582346609257,495,19.44833153928956,219,193,251.0,93.1164142253771,200.9,0.0,32.34694121707506,0.0,132.9,-7.941424868124017,-0.022136213168261205,0,1059,0
688156CA-06E3-4EFE-821B-569593790822,10282,10,105.0,2,0.07099786033845555,43,1.5264539972767943,74,3,407.0,141.62645215271166,316.0,-44.33382,43.80676918996178,0.0,198.0,-32.55662190579808,-0.19264775486696914,0,1059,0
B09C6D2B-450D-45BD-B2B7-ECA2AEA3587E,553,21,37.2,2,1.3200723327305606,36,23.761301989150088,956,279,678.0,153.04911653653957,392.0,0.0,79.5694230298486,0.0,250.0,-27.64062888221858,-0.04775166572931733,0,1059,0
B3276020-5E5D-4551-8248-24160FE39953,5079,8,116.71428571428571,0,0.0,0,0.0,-1,180,870.0,204.48306027873696,437.7909,0.01352869,49.108859569928306,0.0,263.90126,6.135524721263039,0.23109917099943067,0,1059,0
A247B87E-89B6-40DB-A582-6C1219A43347,8300,11,98.8,2,0.08795180722891566,180,7.9156626506024095,8,45,901.0,194.77016410148207,388.9512,-10.58407,45.38785509778352,0.0,249.94567999999998,-10.750475050448102,0.0807114204938173,0,1059,0
49CDD374-7817-4DD6-87E1-29355F56E953,12746,6,142.2,4,0.1145457398399498,339,9.707751451435746,345,78,107.0,31.392259481964974,207.9075,0.0,9.23088320772047,0.08590930487996234,40.9,2.0884581106276237,0.09883290918400475,0,1059,0
5EC41322-BCC3-4C82-8C54-BB599A1CA006,7259,2,1.0,1,0.05028240804518529,304,15.285852045736327,831,546,134.0,18.77853663797304,84.49085,0.0,5.818684731773791,0.0,25.99718,2.622000143122637,-0.031080094826600225,0,1059,0
D27247AC-2C6B-4730-8EA1-90FD66830349,7525,4,100.0,0,0.0,0,0.0,-1,246,490.0,67.63384002059925,237.5486,0.0,35.57004446583883,0.0,115.315,-4.86125958549124,0.005398129532221382,0,1059,1
FA5ED7C3-6B48-41CC-BEA7-70D7D89AE087,8729,7,136.16666666666666,7,0.29270248596631915,92,3.8469469584144806,531,98,653.0,86.36345086512965,288.7369,0.0,44.629078693318085,0.0,150.78885999999997,19.720511218203683,0.19204718309864363,0,1059,0
C6ED89AF-04D8-447D-8FDB-B2A1CA3FA0B6,6420,8,40.42857142857143,1,0.05685358255451713,93,5.287383177570093,383,542,485.0,74.16313443354427,330.8474,-185.95,57.20756881860946,0.0,167.30874,0.16561266182610268,0.21174148135406004,0,1059,0
36F1BEA9-9279-4C2D-9BED-A1673776F56D,4739,9,90.25,2,0.15404093690652038,21,1.617429837518464,383,179,225.999,36.82427508657338,110.5957,0.0,15.242610682951902,0.0,56.50635,1.6280895640439041,0.07381843378328659,0,1059,1
DB5E61BA-B974-4894-B987-F981DD5A8187,5284,3,227.0,2,0.1381529144587434,199,13.746214988644967,453,87,301.0,76.6786638373492,222.2603,0.03056435,18.25741028110004,0.0,100.39336,-21.41776573564782,0.04697202578219915,0,1059,0
0D0C57C6-4E07-41E5-B24F-238D824A940C,8176,12,82.0909090909091,4,0.17857142857142858,326,14.553571428571429,788,6,739.0,205.8898612559601,600.0,0.0,108.02715046328464,0.0,340.41658,33.44356228397973,-1.8436554286271496,0,1059,0
1D9ED9B6-C222-46DE-B61F-13738452DF11,2449,14,36.69230769230769,3,0.4471212739893834,387,57.67864434463046,79,69,623.0,174.97351878696142,375.2777,0.0,36.58036971867026,0.0,219.1126,24.507802817976852,0.43350141446342605,0,1059,0
430868C8-CCC6-4943-AA95-91E0B2DDBA06,12746,20,45.73684210526316,3,0.08590930487996234,38,1.088184528479523,77,78,470.0,93.85324667068232,584.5,0.0,76.14745459730544,0.14318217479993725,206.8176,-60.86045315298943,-0.09311077886734526,0,1059,0
EF701F11-B8AF-4832-8DBD-ABB7EABEAC74,12746,13,69.08333333333333,3,0.08590930487996234,103,2.949552800878707,251,133,126.0,38.28024815677766,96.96001,0.0,16.08130110120257,0.0,59.7,-2.868264045512227,-0.0628907312538951,0,1059,0
003F13BB-8478-4AFF-8754-26F032F8718A,12746,9,110.25,0,0.0,0,0.0,-1,96,489.0,51.6814435900635,227.0,0.0,24.4611204821303,0.0,85.0,1.4655471506772386,-0.20366020267711654,0,1059,0
9ADF1D5F-5918-4C45-9473-FE6880E5EA89,12746,2,1.0,2,0.0572728699199749,233,6.6722893456770755,252,536,788.0,223.9515303825671,435.63,0.0,78.86282613155892,0.0,305.24399999999997,-73.35104658627083,4.259048192392336,0,1059,0
56029DF6-E1ED-42ED-97A6-FBFBC73376C3,12746,13,15.75,1,0.02863643495998745,29,0.830456613839636,633,463,470.0,165.76576301189203,960.56,0.0,45.373930257528365,0.1718186097599247,212.7686,-13.311292616058694,0.016319917293597143,0,1059,0
9A79782A-BB1D-48A4-BEDA-3A1D87A148CC,12746,8,90.0,2,0.0572728699199749,68,1.9472775772791464,236,198,138.0,32.18632550552049,522.5793,0.0,12.682492141441246,0.20045504471991213,48.474692,-3.9209479910760443,0.017342639392559908,0,1059,0
E4C6B277-46F2-497F-9115-2465A88659BF,12746,2,3.0,2,0.0572728699199749,43,1.2313667032794602,552,531,792.0,226.7944378049341,444.45,0.02,57.65227277125812,0.0,306.85,-41.96565153950198,0.2720880246988174,0,1059,0
5540E277-052D-4923-BB5E-0376C62450BB,1735,5,68.0,23,4.838616714697406,298,62.69164265129683,183,258,361.0,63.24131662070591,342.4075,-2.0,38.712553390913236,0.0,116.10408,-13.277079369949739,-0.44540714369261253,0,1059,0
3915581C-6D6F-45E7-B556-603E272C0F03,1732,4,113.66666666666667,2,0.42147806004618943,127,26.763856812933028,347,189,472.0,44.057296959845566,241.9371,-16.59344,27.9511763754753,0.0,84.10208799999998,5.050812893395182,0.08592129134090937,0,1059,0
9F1817D7-7F29-400E-AB9A-FF78AABC7B87,7507,2,267.0,7,0.34034900759291326,483,23.484081523911016,262,530,263.0,104.58052952648617,205.8,0.0,21.209926635083406,0.0,128.9,-4.201586625251593,0.0414240955672599,0,1059,1
667BD908-B879-45F1-BD32-7F82F4C5E358,3064,17,55.625,3,0.35737597911227154,411,48.9605091383812,103,100,1180.0,145.20387200837388,1595.849,0.0,48.179627073958365,0.11912532637075718,200.7477,27.7526750796508,-0.04979102766750467,0,1059,0
AA5E904A-D9F8-42BD-BC30-63242884D129,12746,4,86.0,2,0.0572728699199749,483,13.831398085673937,238,528,138.0,15.05278291744535,48.3,0.0,3.3116711188571704,0.0,19.3,1.7452109246842813,0.002313111449500154,0,1059,0
248B4DB8-9DFB-404F-A2A9-CCD9F6648EE7,12746,6,80.4,2,0.0572728699199749,1764,50.51467126941786,126,127,811.0,412.7045560450334,608.3342,-33.22943,38.99055802601038,0.0,452.351,17.963307951880154,0.1926284836372559,0,1059,0
1C7EBA1D-ADC4-41C3-83DD-A089F8D8D9BB,12746,4,161.66666666666666,2,0.0572728699199749,449,12.857759297034365,572,98,250.0,52.87821756065849,297.55,0.0,26.094703372613182,0.14318217479993725,83.69141,-10.198124968065898,0.04708320185844471,0,1059,0
32369048-1F6A-4C9F-ABFB-7778EDF9E872,12746,31,22.4,4,0.1145457398399498,69,1.9759140122391339,29,345,788.0,308.01792365730495,609.91,0.0,107.65395107092124,0.0,446.94,-60.91154402767532,-0.7366026361281888,0,1059,0
54239F60-1E94-4327-BE4F-348C634509D3,12746,1,0.0,2,0.0572728699199749,2380,68.15471520477013,15,520,920.0,101.64269633593149,377.3804,0.0,39.489872283558995,0.0,149.9634,-5.615724146888283,-0.25841627833636005,0,1059,0
B8847579-5A5D-429D-B6F7-1810F2A7800E,4106,8,71.85714285714286,1,0.08889430102289334,236,20.979055041402827,831,520,269.0,128.84326698930312,216.9,0.0,21.801159848218294,0.0,155.0,-23.18670834732781,0.2820576957373803,0,1059,0
64883052-ADC7-4180-929D-CA9A2E68CB69,6488,9,105.625,1,0.0562577065351418,286,16.089704069050555,709,86,399.0,89.62378394065152,273.0,0.0,49.23280138286397,0.0,156.0,-24.594154311021896,0.21835766189693448,0,1059,0
9A68001A-05D9-4FBC-AD45-F66F2745BF7F,12746,4,148.66666666666666,2,0.0572728699199749,938,26.860975992468227,763,518,88.0,28.985045435473417,233.8802,0.0,8.580779553726334,0.08590930487996234,40.33364,-2.3627563509826714,0.05612690056972038,0,1059,0
13AF42D5-1028-473A-83DD-5333B7836BC2,1716,2,1.0,1,0.21270396270396272,386,82.1037296037296,831,514,831.0,37.94235765823477,162.9753,0.0,22.344295623887042,0.0,67.052166,0.5716136088948574,-0.21491158466699223,0,1059,0
41B39B6C-F9EB-4721-BDE0-27D99E2380C1,5314,2,0.0,1,0.06868648852088821,6,0.41211893112532927,743,513,188.0,34.92609923405412,90.38031,0.01011564,7.883996526663031,0.0,44.077814000000004,4.425679374587858,-0.037967927304164546,0,1059,0
60A33438-5964-424A-9A3C-B4A4D69048E0,12746,8,86.57142857142857,5,0.14318217479993725,1614,46.219206025419744,352,112,346.0,122.59724806319647,342.0,0.0,74.55176800080469,0.0,228.0,-15.572711026159439,-1.6378781331030277,0,1059,1
ECE0CACE-DDBE-44BE-96A1-41C159DA9FBD,1519,3,199.0,6,1.4417379855167876,594,142.73206056616195,27,511,453.0,118.85833460850893,437.57,0.0,24.424916855806956,0.0,149.20042,6.950918875441673,0.016843719597176225,0,1059,0
258F7945-6FCA-4CA5-801A-C4E5D9B05288,12746,9,118.0,1,0.02863643495998745,11,0.3150007845598619,706,9,377.0,126.71902898651886,281.9916,0.0,32.025614846385224,0.0,167.514,-6.385733787444792,-0.34104490357647976,0,1059,0
62E7B5B8-FA81-4B52-8CB2-EE7D19382A7F,12746,12,84.9090909090909,9,0.25772791463988703,442,12.657304252314452,276,76,266.0,120.98335600397633,241.5016,0.0,29.527884795003907,0.0,149.38842,0.9734101989557757,0.4947527179423331,0,1059,0
925E60E9-F346-41CF-87A0-E44ACDE15F51,12746,8,93.57142857142857,0,0.0,0,0.0,-1,215,470.0,73.92450699118704,354.7485,0.0,60.17396129772756,0.0,155.7861,36.687811398936404,0.011660943218305096,0,1059,0
966BD1FE-5DD4-41D7-AF98-7C128185B402,12746,5,114.0,1,0.02863643495998745,19,0.5440922642397615,40,294,496.0,164.35463451290656,360.7178,0.0,53.70003544748097,0.0,217.9871,-94.67484004917199,-3.104971850410968,0,1059,0
FCB862B1-ABE5-48AA-B81F-C5CEB36E1E0F,12746,11,61.9,3,0.08590930487996234,137,3.9231915895182805,453,420,269.0,151.12661600760404,269.3,0.0,31.897243298441037,0.02863643495998745,190.3,-26.805134526122572,0.0760997699760576,0,1059,0
14BEAC7E-9296-44CC-9D7A-24892B1FDEDB,12746,4,2.6666666666666665,1,0.02863643495998745,231,6.615016475757101,831,494,811.0,415.6956943928241,613.5336,0.0,32.00766556229615,0.0,452.351,16.640723832484525,0.19390205966170693,0,1059,0
B2BFFF06-E91B-405F-994C-DC504CC9B88E,8559,13,50.166666666666664,8,0.341161350625073,512,21.834326440004673,31,98,259.0,63.69708717159049,542.3265,0.0,24.162682385304677,0.21322584414067064,90.0,2.3622878284095137,-0.027460951969445323,0,1059,0
0A516F19-B818-4F5B-9812-54A6EC55126E,12746,10,70.55555555555556,4,0.1145457398399498,445,12.743213557194414,518,0,85.0,38.23971631946259,69.96094,0.0,8.696043313723028,0.0,49.46045,6.259825644117662,-0.03563351158858063,0,1059,1
9EDE1B26-525D-4FAF-9A20-517D073AF4A8,9709,5,23.75,2,0.07518796992481203,161,6.052631578947368,253,441,538.0,102.42084445699895,223.3398,0.0,26.976368610095637,0.0,137.4512,-5.897970884468094,0.2765141406539993,0,1059,0
EEA9CEA5-E054-4328-A593-401064F6D49D,9919,6,123.0,4,0.1471922572840004,285,10.487448331485028,357,98,251.0,73.205581829099,215.8781,0.0,22.541257785137716,0.0,105.00901999999999,-6.521633675858254,0.12409321532316268,0,1059,0
0FF7E89D-2290-45E9-9563-C220858C2851,12746,4,19.0,1,0.02863643495998745,10,0.2863643495998745,706,438,377.0,122.81161155156188,299.762,0.0,32.3488146677471,0.0,164.5203,-7.693601461052623,-0.02604306372740217,0,1059,1
0AA4184A-5FD1-4EBE-8948-77CB8090CFF3,12746,6,179.0,0,0.0,0,0.0,-1,81,311.0,115.78081836329036,188.9098,0.0,25.99209474849724,0.0,142.87186,-29.850134752835146,1.0775728203166182,0,1059,0
B94308CB-123F-4045-9FE2-F77909423414,12746,3,72.0,3,0.08590930487996234,186,5.326376902557666,768,341,301.0,24.12753025537308,121.0,-24.6,27.222973896552496,0.0,72.0,-14.379922230681723,0.048410126078657696,0,1059,0
9E3EA23E-4B8C-4DA8-9E92-E98097922E74,8526,8,121.14285714285714,3,0.12843068261787474,253,10.83098756744077,526,85,693.0,177.0979020757517,319.0918,0.0,34.31458026640692,0.0,217.453,2.1703358007914915,0.7600818497058126,0,1059,0
0A50ADC8-70FA-41B2-96B3-B4CB799000D9,3164,3,234.0,1,0.11536030341340077,92890,10715.818584070797,568,433,188.0,40.141470897056216,550.6155,0.0,16.927953681358844,0.4614412136536031,61.0,0.08622972022773467,0.03438530362683946,0,1059,0
F7581B81-A4E0-4431-ACE4-5424BF6B6594,6307,3,179.5,2,0.11574441097193594,39,2.2570160139527506,478,236,188.0,20.53095011392962,88.0,-4.0,13.846277602437896,0.0,41.0,-7.639823570719743,0.09857429815294191,0,1059,0
B9A7AC63-0F8C-4A5C-A032-1EFCCDC25ADA,634,14,57.38461538461539,1,0.5757097791798107,22,12.665615141955836,607,10,301.0,43.77724058330586,209.8981,0.0,43.50221979441418,0.0,100.92049999999999,23.02488866592254,0.03354814629314764,0,1059,0
B2E1EA37-EEC2-4D09-8861-23CFEE530360,2849,7,108.83333333333333,3,0.38434538434538434,121,15.501930501930502,327,370,888.0,88.89819534103373,467.1713,0.0,61.51692617303062,0.0,177.81196,-36.847014141188055,0.04058720731692762,0,1059,0
92ECC55D-ED45-4166-A5B8-EACD1562041F,4830,8,146.42857142857142,4,0.3022774327122153,571,43.15010351966873,108,22,259.0,96.89111260968198,235.5005,-4.737869,25.2337309628192,0.0,129.26366,15.21038659942296,0.06346545127131134,0,1059,0
5CB4CBE4-6402-4AE7-B3DF-98CC6BB720D3,12746,5,30.75,1,0.02863643495998745,85,2.434096971598933,808,449,259.0,96.23618233995022,224.8,0.0,26.442928988654447,0.0,127.1,-4.803558883160093,-0.09264040370791275,0,1059,0
45FDF356-DD1F-44C2-A584-E941A7EDE373,4081,2,1.0,3,0.26831658907130607,484,43.288409703504044,34,476,301.0,75.7537855370255,235.8924,-28.62403,27.19433059181409,0.0,113.4,-4.798878124448336,-0.014094115472886528,0,1059,0
1B3CD8C5-7527-4D02-B0D9-AABD1549A928,3787,1,0.0,2,0.19276472141536835,280,26.98706099815157,416,474,301.0,49.63355516689013,539.7876,0.0,12.657715673115318,0.4819118035384209,65.18128399999999,6.80556735548641,-0.0649519645973089,0,1059,0
71265105-B927-491F-9FBC-F2FA23EE7DA2,12746,6,84.0,1,0.02863643495998745,45,1.2886395731994351,779,205,887.0,179.12678692206163,518.0,0.0,85.35699084369816,0.0,279.0,41.357858139666774,0.01116032843539481,0,1059,0
9F243EB4-BCBA-4017-9DC7-9F43C953F9E3,12746,6,87.8,0,0.0,0,0.0,-1,28,470.0,149.2000213211896,262.3901,-14.27516,29.973609912620667,0.0,187.5916,-7.181562490171075,-0.44386157899653433,0,1059,0
6C0CB2E3-7484-4778-9DF5-1570E497B587,12746,3,168.5,1,0.02863643495998745,7,0.20045504471991213,466,130,988.0,188.52065540722452,489.95,0.0,61.88336828402628,0.0,270.19,62.025459561911276,0.3745697588405992,0,1059,0
1C456EB6-0CF3-4CFD-8D17-BC62269BB4BC,1351,3,3.0,0,0.0,0,0.0,-1,468,452.0,0.5151094678202757,234.013,0.0,7.157581415909101,0.0,0.2821024,-0.4866752021837016,-4.887604484381071e-05,0,1059,0
C1D7B3B2-D959-41C9-97B4-D1F5AA6E8617,2269,4,158.0,2,0.32172763331864257,184,29.598942265315117,40,229,452.0,63.12979112136953,184.0,0.0,30.340054573200646,0.0,106.0,-14.717445442357182,-0.07902633155447158,0,1059,0
11F11A16-C2CE-47F1-9C82-BDB79130A408,5079,9,104.875,2,0.14372908052766292,19,1.3654262650127977,172,173,870.0,201.13552621113965,431.7801,0.05103945,48.584452182390464,0.0,259.84674,5.052969923119633,0.1959963336978414,0,1059,0
825FD6F8-C5E0-4948-9D32-0296BE1A1638,12746,8,47.42857142857143,3,0.08590930487996234,155,4.4386474187980545,453,456,269.0,155.083942410383,274.8,0.0,32.35230980509302,0.02863643495998745,195.9,-27.81114148445708,0.07881405683359705,1,1059,0
7E4E7B1A-B727-4786-AD49-75E4949A0932,8729,2,0.0,0,0.0,0,0.0,-1,459,432.0,105.0616702399417,193.1,-55.00813,22.021064131216075,0.0,135.34,7.9324076921570565,0.030778454015704514,0,1059,0
99D6BD31-288A-4FAE-8C4A-84337D45A57F,12746,19,37.333333333333336,7,0.20045504471991213,107,3.064098540718657,415,147,302.0,74.82922211369782,247.6685,0.0,35.470706490769786,0.0,111.676,-6.835145169253366,-0.02479538317723079,0,1059,0
EC697299-CD8A-436D-B3EF-9E16C125A226,12746,9,100.625,0,0.0,0,0.0,-1,25,256.0,120.14846368636194,226.0,0.0,33.10292553561695,0.0,163.2,-10.017753809818728,0.20762491254054397,0,1059,0
B9AF7179-5388-49FB-A4F6-BACF792F555B,12746,7,146.33333333333334,3,0.08590930487996234,74,2.119096187039071,831,71,266.0,112.36240059888893,538.0,0.0,29.675220162039217,0.14318217479993725,148.2,-29.898164487546353,0.0049438831055756425,0,1059,0
59C704E4-CEE2-4F85-B5CB-B668829E57E1,4193,1,0.0,3,0.26114953493918436,326,28.378249463391366,234,455,452.0,207.42299361720902,433.9721,0.09083761,41.93068702428972,0.0,261.56462,13.49646979559958,0.19407667223013722,0,1059,0
1DB47FC0-1369-4CD2-A113-85AD76DD1CDA,4430,2,134.0,7,0.5767494356659142,462,38.06546275395034,352,320,1665.0,133.45768483789053,788.5336,-9.271603,138.32488634214684,0.0,342.6950999999999,172.37388103910794,0.26200485068474455,0,1059,0
FD4C51BB-D7BE-4399-A257-91CC3787DE7E,7031,13,78.25,2,0.10382591381026882,34,1.76504053477457,87,88,485.0,82.8029373825737,524.1211,0.0,60.23692419057941,0.25956478452567205,155.5939,-50.053411849394685,0.5423109608313478,0,1059,0
A1CC1BDB-781D-462B-A8B9-24B955DD0178,12746,7,125.16666666666667,1,0.02863643495998745,17,0.4868193943197866,1043,202,276.0,81.30586216887673,161.5831,0.0,23.895020361603468,0.0,107.6172,18.492965198407234,-0.023407757994912536,0,1059,0
7ACED623-4DAA-4992-A633-5FA69828C5D0,1728,5,141.75,2,0.4224537037037037,180,38.020833333333336,1048,388,473.0,52.923823122819286,156.22,-133.8345,25.06382722594159,0.0,86.446718,6.176101745629786,-0.17383924350643593,0,1059,0
373DDDA5-15BC-4199-A764-F67130D6A47E,12746,14,63.69230769230769,1,0.02863643495998745,351,10.051388670955594,304,140,452.0,232.19610750228188,408.1055,0.0,46.89963759428017,0.0,295.3125,7.946404264693456,0.008559834758746535,0,1059,0
1DA594CC-4FA6-41AD-A042-958720AEB69E,12746,8,92.42857142857143,1,0.02863643495998745,35,1.0022752235995607,739,377,259.0,90.65619012443612,176.7,0.0,21.731490914785567,0.0,115.8,-5.345845634466997,0.10655953082391564,0,1059,0
40022EE1-B7D0-4DB3-B86C-62880F6F7616,6858,2,75.0,0,0.0,0,0.0,-1,373,489.0,139.01598930388016,335.0,0.0,39.52171974794178,0.0,190.0,-7.049476958201154,0.014812642621507478,0,1059,0
49D2D922-82B3-4127-A08E-B7B2B5C2588D,12746,8,69.14285714285714,3,0.08590930487996234,569,16.294131492232857,86,126,377.0,157.11891037786486,306.502,0.0,41.581827904466714,0.0,211.55589999999998,33.56290079036046,-0.04122695774854949,0,1059,0
C947BAAB-68EA-467B-A2EB-3B6CFA782789,2760,6,12.2,5,0.6612318840579711,686,90.72101449275362,367,384,1247.0,211.88078346310584,1102.826,-3.9,159.12475667617673,0.0,461.17472,124.43994036173984,-2.178181672327934,0,1059,0
A001F69E-136B-4677-A604-BFCD09CEAF73,4039,1,0.0,6,0.5422134191631591,161,14.549393414211437,8,448,313.0,53.10938556803929,184.0,0.0,27.654029416011426,0.0,90.0,-18.28068186433559,0.2223566695476572,0,1059,0
F9D5C172-6871-4FEE-8882-253AFB1C2501,6590,4,334.3333333333333,0,0.0,0,0.0,-1,11,377.0,64.60899857484488,212.1169,-7.54834,30.030282591301294,0.0,106.40002,2.170095249653585,-0.009403706274587718,0,1059,0
56C7011C-9798-4256-BB1E-023A5ECD44EC,4106,2,1.0,0,0.0,0,0.0,-1,444,301.0,28.0732639926041,101.4189,-64.39418,14.055066160745032,0.0,47.125166,-1.8413360583448402,0.07244734858004884,0,1059,0
D24AD388-D1CE-4809-88E3-EB3D3A6F5014,9422,11,100.3,1,0.038739121205688815,78,3.0216514540437274,1016,36,181.0,33.19957602344257,148.6832,0.007047985,14.851433745869622,0.0,54.433346,-1.0928344399519005,-0.0705864708278212,0,1059,0
CF40FE82-D363-4D1F-938B-EE8102B0A334,671,1,0.0,0,0.0,0,0.0,-1,439,452.0,78.21609166178922,259.6419,0.0,50.6727077612811,0.0,145.60410000000002,24.045322664213856,-0.24121876028275777,0,795,0
0E41E983-C12B-4075-BE2D-46C19AFCC1C7,2426,4,96.0,4,0.6018136850783182,319,47.99464138499588,242,213,1494.0,624.5215000755154,28313600.0,-73.248,72553.36956703788,0.15045342126957956,613.31,-202.73510115576227,1.9740074351882841,1,1059,0
A3F0913E-39A4-45EC-B7E3-40BB476D203B,5230,12,77.27272727272727,4,0.27915869980879543,646,45.08413001912046,82,84,496.0,176.44203714774076,965.02,0.0,44.035174317494565,0.3489483747609943,224.3652,-17.983666004222243,0.14046808249174156,0,1059,0
CE6A579A-7416-4E20-A2F8-3B21E0A04A9A,6030,3,24.0,2,0.12106135986733002,26,1.5737976782752903,58,386,1386.0,333.82754423759087,879.0,0.0,136.18125412219987,0.0,514.5,-17.90208518666492,-1.7246331938617567,0,1059,0
85B01A8D-4AB0-41E9-ABFF-75BB9ACE6BCE,12746,4,174.66666666666666,4,0.1145457398399498,201,5.7559234269574775,397,315,266.0,154.81594784847033,247.5,0.0,23.10023455103778,0.0,182.6,-2.4991037126678464,0.24684596978122395,0,1059,0
1BEDC70D-3287-4694-9165-AF42FCD0354B,12746,4,138.33333333333334,8,0.2290914796798996,1160,33.21826455358544,83,15,142.0,17.493926056785213,69.97994,0.0,3.4981963834636667,0.0,21.57758,0.22632392169472482,0.011526795329145332,0,1059,0
A90EFE72-06AE-4E04-AAE6-B22F1EE6B388,5333,4,135.0,0,0.0,0,0.0,-1,427,511.0,106.16571905001386,345.482,0.01381847,51.117777805388656,0.0,176.32295999999997,-24.638633427791632,0.10953501154844845,0,1059,0
28CE465F-2312-4D3B-AD39-FCA36090BE92,3992,3,29.0,1,0.09143286573146292,33,3.0172845691382766,821,420,188.0,29.27952755862286,101.0,0.0,14.829177635665815,0.0,49.0,-5.641024472203107,0.0265433432568069,0,1059,0
7E0B653C-DBF7-4B6E-B89E-0FD5F9E0F5AF,9149,6,205.6,1,0.03989507049950815,304,12.128101431850476,1040,0,630.0,113.52177936171834,800.4243,0.0,147.1005812312775,0.03989507049950815,326.14304,158.02557948087423,-0.1056663497553811,0,1059,1
5EE63FB1-43A9-46FA-B067-920C8406EC5C,12746,7,61.0,1,0.02863643495998745,6,0.1718186097599247,61,56,800.0,6.326988868780657,561.5845,0.0,47.60596638835984,0.0,0.0,0.5820919877008244,-0.0061815898682124615,0,1059,0
88466642-3067-427F-8CA7-378290AF3079,12746,4,167.33333333333334,2,0.0572728699199749,47,1.34591244311941,852,423,269.0,66.61914805599953,124.6,-18.6,18.52861576999827,0.0,89.7,-1.8631604016785417,0.1855668738252458,0,1059,0
BF6065CE-C857-4CB9-849E-4FD99ABA2556,12746,8,73.42857142857143,0,0.0,0,0.0,-1,197,489.0,124.6226204469193,313.0,0.0,56.33276817602173,0.0,200.0,-8.170459953092134,0.10729216684262202,0,1059,0
2624BF05-3ED5-44F7-93E5-8DFF1CBBDBE9,763,6,144.0,0,0.0,0,0.0,-1,11,99999.0,107.36788955213652,207.0947,0.0,73.37333211118121,0.0,186.7816,12.962622593905166,-0.448360773083865,0,732,0
0D06F5FE-373C-4A1A-BA06-F2C4FDA5507A,12746,2,0.0,0,0.0,0,0.0,-1,417,295.0,88.09606368238917,184.99,0.0,20.446579518902233,0.0,114.42,3.8552457311910757,-0.10379731093925898,0,1059,0
C42E7BCE-B693-4075-A043-8BAD0FAEF6E9,3789,2,398.0,2,0.19266297176035893,852,82.0744259699129,863,417,739.0,100.1788132007985,590.0,0.0,169.86229249799248,0.0,507.0,-72.71083480573677,0.14818387500969893,0,1059,0
B04BFC21-3290-4756-A2E7-64B78912DBB3,6452,6,186.0,2,0.11314321140731556,166,9.390886546807192,126,10,472.0,52.37327814547532,250.3052,-310.3609,34.2321472743357,0.0,101.9165,-15.29892480674075,0.07228229361131785,0,1059,0
B4E33BDE-C3C8-4319-90A5-089A5546D686,12746,2,0.0,1,0.02863643495998745,4,0.1145457398399498,414,415,295.0,90.50614255268013,191.36,-12.30672,21.090332438446225,0.0,117.61,4.2646413979371545,-0.10585758987172986,0,1059,0
7B71FC6C-41CF-41A9-8C0D-127B28D9F211,2958,2,0.0,1,0.12339418526031101,305,37.63522650439486,831,410,602.0,80.27328176082476,271.2956,0.04452702,41.80266754251616,0.0,148.52808,48.31209614349622,0.09122956127516098,0,1059,0
8EF70AD9-6B4D-4180-A78E-52B4A563C1CB,1394,8,78.57142857142857,2,0.5236728837876614,46,12.044476327116213,721,168,1247.0,125.00495410288904,492.4829,0.05251756,55.734313924182445,0.0,198.29818,-3.814449393784102,-0.47669058370332157,0,1059,0
43858604-7112-4C41-812A-B7FAA0363D05,15888,3,9.0,0,0.0,0,0.0,-1,387,99999.0,53.65133955681895,80.93739,0.0,15.715867373107779,0.0,58.74228,5.090940443181061,-5.501720571101963e-14,0,431,0
47ED5567-2313-4A87-B35C-774542F6E400,12746,9,37.75,1,0.02863643495998745,6,0.1718186097599247,405,100,627.0,24.770468768529156,483.424,0.0,78.90978917314878,0.0,0.0,243.3057104598659,-0.09212852391496226,0,1059,1
8E59FCAD-16EF-45D4-AF77-804198137915,8848,2,308.0,1,0.04125226039783002,147,6.0640822784810124,423,98,314.0,43.506566759187585,142.2363,0.0,18.95269397620194,0.0,68.06641,-5.598480672659811,0.1801556152585417,0,1059,0
E4018002-6340-496F-A54A-E19B68740521,5015,4,98.66666666666667,2,0.14556331006979062,11,0.8005982053838484,640,405,775.0,157.6639396467854,540.5,0.0,47.23745043321614,0.0,226.8,-23.282735386754553,-0.12822755708022668,0,1059,0
A6B9150B-39CC-43C1-BD6B-14A8BBC14DB4,6460,9,122.0,3,0.16950464396284828,118,6.667182662538699,306,33,472.0,142.68247022043906,604.0,0.0,34.4463390837414,0.5085139318885449,189.651,-1.0539183114884736,0.019542697675154663,0,1059,0
C30593A4-376B-47C3-AE95-23F4D64D848F,12746,16,49.333333333333336,0,0.0,0,0.0,-1,6,470.0,85.10650691207128,355.79,0.0,51.01922891667451,0.0,156.0059,-23.027411128521898,-0.22728872423829247,0,1059,0
71E2AD5C-CA5C-430F-BC2A-90756CDB3232,6445,6,65.2,3,0.16989914662529093,44,2.491854150504267,570,357,269.0,102.27245818871341,239.526,0.0,48.34760141382837,0.0,163.15069999999997,18.970571925484137,0.2693544642353067,0,1059,0
29754746-2F17-4BD7-8EC4-762BF963B1D6,12746,4,28.0,4,0.1145457398399498,220,6.300015691197239,716,399,138.0,36.81522854872708,89.61,0.0,14.048766912366602,0.0,56.5,4.551076235223547,-0.09811983589656684,0,1059,0
76635ABF-250D-4129-9630-39E925152686,2737,2,0.0,1,0.13335769090244792,118,15.736207526488856,947,399,452.0,152.93238852451623,352.3737,-3.672785,61.5804803417099,0.0,231.85693999999998,9.399755647860303,-0.11125939684876612,0,1059,0
5385F0C2-D3E5-405C-89B5-D1756B5597EA,3038,2,34.0,2,0.2402896642527979,122026,14660.79328505596,422,399,188.0,37.68734834057589,86.0,-47.407,15.345736722282771,0.0,55.0,-4.463042785020335,0.01122000658514319,0,1059,0
8CD521A3-0C86-4E2F-982F-98BEE1A214AA,8006,4,121.0,0,0.0,0,0.0,-1,30,920.0,103.337600927328,394.4092,0.0,41.6936091211258,0.0,152.71,-6.893351036895908,-0.06967584229658713,0,1059,0
D8AE955C-E591-4791-9CBF-FE419A630610,12746,10,79.55555555555556,0,0.0,0,0.0,-1,126,452.0,244.07207896077793,403.7842,0.0,42.81541481380954,0.0,290.387,-8.704504261703846,0.004734416497237296,0,1059,0
CE5B2C9F-07AD-4F89-8889-80F2C0E4C5B9,5784,3,250.0,1,0.06310511756569848,3,0.18931535269709543,837,129,961.0,192.19537628464676,445.0473,-30.34,58.309446416387956,0.0,268.73722,6.913415386649547,-0.18182590550637248,0,1059,0
28DA31FA-71CF-4651-BD2D-702C8645BA99,12746,5,143.0,3,0.08590930487996234,803,22.99505727286992,258,88,450.0,143.1845638826689,306.24,0.0,49.879397428861566,0.0,202.21,-12.23302067279235,0.3105299476843281,0,1059,0
8EE5AAC7-E730-4E0F-814D-0FD7021F3306,1347,3,113.0,0,0.0,0,0.0,-1,162,887.0,97.49168543037817,237.58,0.0,31.364669282666977,0.0,136.54398,-4.439179398742368,-0.15415192969706318,0,1059,0
98DA4ABA-30CE-4BBD-9C92-A86A1AE277DF,510,6,18.6,0,0.0,0,0.0,-1,330,226.0,22.73911630017994,70.25793,0.0,10.329167410415522,0.0,35.048732,0.6544993549126517,-0.03261979294028212,0,522,0
ED2FF8D8-C022-4CA5-BBD1-CF2B7470FD98,6076,3,207.0,1,0.06007241606319948,30,1.8021724818959843,958,384,653.0,141.63233073058763,312.0,0.0,74.240403164486,0.0,226.5,-13.804321471328365,0.030646444691266195,0,1059,0
D63D69CD-8056-448A-834D-A586FBAD43F9,4058,3,186.5,0,0.0,0,0.0,-1,382,1454.0,261.057805193096,690.0878,0.0,118.44965084765522,0.0,409.2721,-26.497568947416994,-0.3108342712330841,0,1059,0
3253AA9C-A677-4F6D-8C47-F84B5CF9A766,6739,8,134.0,1,0.054162338625908885,3,0.16248701587772665,742,77,472.0,171.54711151194786,875.9766,0.0,37.824267385678645,0.2708116931295444,217.1631,10.895702564441024,-0.734073396227103,0,1059,0
705149D9-EC34-47C5-AE18-70CA66BB30E4,10109,7,129.33333333333334,5,0.18053219903056683,444,16.031259273914333,330,187,276.0,114.89577629738584,222.8,0.0,30.31709044816809,0.0,152.82,4.544790060638874,-0.036911181307364746,0,1059,0
3E5F5EA7-229F-43C5-ACB6-31BB16E119AB,5823,3,88.5,5,0.313412330413876,177,11.094796496651211,162,249,188.0,22.604197212500083,82.0,-146.6096,9.528100310705547,0.0,34.0,1.4988892072530042,0.0971154417783453,0,1059,0
8822DF66-4505-49AB-A848-E43FE989B197,2297,4,284.3333333333333,2,0.31780583369612536,435,69.12276882890727,786,9,800.0,185.51979150869082,339.13,0.0,40.347784345326204,0.0,237.12,35.469224695012855,-0.020144653775486257,0,1059,0
0D0A767F-EBB4-4406-B84D-335B96C1D7AE,12746,5,137.5,0,0.0,0,0.0,-1,230,693.0,158.38643718400553,356.0,0.0,43.156862097205355,0.0,208.1,-5.70127514696847,0.3484381302217065,0,1059,0
E515D8AF-829D-4C8C-8EA3-8FB73BDB2737,3591,3,154.0,4,0.4065719855193539,213,21.649958228905597,388,176,150.0,20.298505453518686,84.0,0.0,13.048684035154897,0.0,39.0,-7.9565301448767105,0.09426300915064242,0,1059,0
C1BD0250-66A2-4DA0-88F3-7804E8371109,12746,4,53.0,4,0.1145457398399498,221,6.328652126157226,210,372,100.0,34.257015363977224,72.12,-20.2006,13.95548555605793,0.0,49.8,3.250534155698702,-0.01799039256536209,0,1059,0
295C66AE-7C82-4E81-A5DE-E9DD0818BFDF,3905,2,7.0,2,0.18693982074263765,16,1.4955185659411012,802,364,452.0,75.11681099692684,214.0244,0.0,35.04479545285559,0.0,121.68625999999998,-5.146776670769441,0.0640122108955991,0,1059,0
D43B94DD-D497-4DC6-8FDA-B97D71C6C380,2765,9,111.625,3,0.3960216998191682,269,35.50994575045208,596,102,473.0,103.0835567891547,263.855,-44.05509,32.474909502363296,0.0,145.8435,14.86739170621567,0.19031428842484915,0,1059,0
66E888E2-5EF7-46A2-8D90-4C7EFDF1C081,12746,7,134.5,2,0.0572728699199749,204,5.84183273183744,830,165,452.0,95.93666752060254,305.7543,-30.05048,62.91270539273542,0.0,156.11562,43.27913894236043,-0.0471121285688239,0,1059,0
D4C6545C-E04F-44FA-A5E1-F4FF96372DE4,6482,5,150.0,1,0.056309780931811174,79,4.448472693613083,466,364,266.0,59.6496301354377,251.3341,0.0,39.580950012649446,0.0,117.8537,38.70970905838946,-0.2825457377792345,0,1059,0
3A171E90-2058-4BBA-BA24-0F764AB7ADBD,8300,8,76.14285714285714,4,0.17590361445783131,346,15.21566265060241,231,77,450.0,46.37795985511113,460.9563,0.0,35.58091225367398,0.04397590361445783,102.93723999999995,-12.986944135449093,-0.10699824740990725,0,1059,1
E946F0DA-6E00-490B-A0FD-2C018F732C83,5597,5,121.5,0,0.0,0,0.0,-1,361,858.0,211.3152680128967,841.4727,0.0,71.3574145125557,0.0,294.6445,55.50912728802922,0.5103854177067936,0,1059,0
C2127EBF-00FE-4E9F-B978-E53A692AA9AD,3934,7,53.333333333333336,0,0.0,0,0.0,-1,39,529.0,91.39467037694618,1199.524,0.0,58.56585654300211,0.09278088459583121,160.4004,-10.090229481807285,-0.8347042694088312,0,1059,0
2DA285B5-C033-4B53-A60D-0A7E6ECE1674,3843,4,104.33333333333333,2,0.18995576372625553,324,30.772833723653395,645,358,301.0,78.16965047055888,522.0,-126.4236,27.17523528489226,0.18995576372625553,97.5,-1.4051828779662827,0.13241218051604547,0,1059,0
ABEF99A0-CDEA-4A8F-B398-A42175A5A6E4,5243,1,0.0,1,0.06961663169940874,143,9.95517833301545,831,357,376.0,60.70801948589117,207.48,-181.4281,15.999816084206858,0.0,80.98438,-10.183726310775427,-0.014410750324877113,0,1059,0
2B237092-E2D5-4546-9B3B-00032C042A74,8456,5,67.75,2,0.08632923368022705,94,4.057473982970672,357,357,271.0,73.35086842720858,162.3771,0.0,25.574396732101214,0.0,108.01983999999999,-17.864130300125254,-0.06329528422199078,0,1059,0
A3757C7A-557A-4C32-8414-0181B78DD544,12746,2,243.0,2,0.0572728699199749,23,0.6586380040797113,20,357,301.0,37.93632352072075,128.0,0.0,14.185101325707441,0.0,56.0,-4.387480928128156,-0.05665051240897548,0,1059,0
044D2030-8A75-4C9B-B2C2-D203522170BC,12746,10,68.55555555555556,1,0.02863643495998745,6,0.1718186097599247,358,356,452.0,228.21851594771715,370.1843,0.0,46.64030790152562,0.0,291.3574,5.466270086233436,-0.02730425014770765,0,1059,0
09B31A71-CAC2-4E04-B4CF-2E157DE15EF8,453,5,1.0,2,1.611479028697572,170,136.97571743929362,83,354,452.0,67.50999388362209,147.046,0.0,27.90642900528791,0.0,113.13,-9.189725905998628,0.013374630555042928,0,599,0
AE400705-ECD5-40E8-BD0C-EACA2712A65D,4733,8,104.57142857142857,2,0.1542362138178745,63,4.858440735263047,153,9,126.0,46.321638747890496,143.7,0.0,14.362849686278297,0.3855905345446862,64.5,-4.574069303446052,0.06849122319624115,0,1059,0
9D94996F-3AF4-449E-9E14-D8A0FF6B4B2B,4703,5,91.75,0,0.0,0,0.0,-1,350,870.0,323.9259174819256,574.03,0.05112257,63.9783977376982,0.0,401.29438,36.11037559677817,0.5606330799123767,0,1059,0
93ED9622-C4B5-4DF9-809F-49D53655E66A,12746,14,44.07692307692308,1,0.02863643495998745,693,19.845049427271302,758,182,452.0,228.29887796128477,388.0826,0.0,46.580633158139946,0.0,293.541,12.321520122820175,0.008239837751228007,0,1059,0
90406650-B2C8-4D79-80EB-FBE0051A221C,525,1,0.0,0,0.0,0,0.0,-1,348,416.0,32.775490701141784,152.6105,-320.1438,29.446598288954707,0.0,70.67807,6.8838923103551295,-0.029907821960855563,0,795,0
4BBBCD2F-5319-4621-AD46-0CDF609BF552,12746,6,89.8,0,0.0,0,0.0,-1,282,1245.0,593.6924124843223,1138.26,0.0,136.81779510317315,0.0,753.72,104.90941313296162,1.285958205859267,0,1059,0
0F4626AA-2E91-4390-B948-4686E8B3F4C6,525,1,0.0,0,0.0,0,0.0,-1,346,416.0,32.357108160330725,529.4462,0.0,29.5621223940346,3.4761904761904763,70.39926800000002,7.095539587354459,-0.028981775765909993,0,795,0
8E8B43CF-CAAB-4851-BF3C-B0EA1DB9267E,9628,12,39.90909090909091,3,0.11373078520980473,927,35.14281262982966,480,346,472.0,116.6668736578303,798.7671,0.0,35.72301926969286,0.03791026173660158,159.1797,-30.25829658221302,0.05593368678795482,0,1059,0
7F009C31-F8C1-482C-8931-B8E8A5A7A4D9,6718,3,301.0,3,0.16299493896993153,315,17.114468591842808,27,343,271.0,90.97587391659235,196.3328,0.0,15.40446982019873,0.0,108.5829,3.541631750228646,0.019267639647349837,0,1059,0
781BF431-2FF4-4439-AEEA-8D061FE10A3F,8711,4,103.33333333333333,1,0.041901044656181836,205,8.589714154517278,75,26,1023.0,134.7759177474112,494.345,0.0,79.37646195090052,0.0,246.89539999999997,-17.438106481979105,0.10315211571605434,0,1059,0
093C4FA8-F9CF-4F3E-B5D6-F4B3FDE93482,4200,4,186.33333333333334,8,0.6952380952380952,945,82.125,10,329,756.0,246.69285391234968,420.0,-26.54484,39.21726085478798,0.0,292.5,17.8030951617244,0.8358923769736276,0,1059,0
C20FA49F-6282-409C-B929-B381EFEFBFF9,9611,7,47.666666666666664,7,0.26584122359796064,2420,91.90510872958069,677,319,141.0,38.52307163172168,120.0,0.0,17.718705672484734,0.0,58.39,-5.766154965055009,-0.0008290472532358207,0,1059,0
CFFEEEAF-0A23-4D7D-9526-D5875D45E1DD,732,8,117.0,2,0.9972677595628414,11593,5780.66256830601,568,126,226.0,45.5995227878939,416.0,-8.7,18.94665038834344,0.4986338797814207,66.0,-8.57297957801736,0.029211082300935932,0,1059,0
2947A2FD-92C9-4582-8F94-09CAA38BD4C3,12746,7,19.333333333333332,1,0.02863643495998745,7,0.20045504471991213,289,246,297.0,37.319565516294894,199.05,-37.58214,19.714252651698363,0.0,65.13,-3.055699775554153,-0.04102568904257774,0,1059,0
4542F5A7-6E08-48C7-A40D-DF73520189BD,748,8,135.42857142857142,3,1.463903743315508,2703,1318.9772727272727,32,29,226.0,47.058467492901855,361.0,-31.0,19.311463293581305,0.9759358288770054,69.0,-0.4014458879635825,0.009469676183116438,0,1059,0
221573AA-43DA-4D40-ABBF-84545988447F,8634,11,64.4,0,0.0,0,0.0,-1,149,403.0,93.13405826362066,305.9064,0.0,32.330587548687156,0.0,136.7166,-8.115079701352144,0.058285234194526726,0,1059,0
97DA23A0-9719-48C1-A30A-B077EBEAFBA2,9044,3,30.5,0,0.0,0,0.0,-1,308,452.0,113.98919264283884,300.61,-46.17,46.24414397115843,0.0,175.04,22.413268776914236,-0.17833754052868758,0,1059,0
D8C2BE43-382E-481B-B564-0245CF70823B,4376,3,125.5,0,0.0,0,0.0,-1,56,99.9995,24.24885694184665,119.8853,0.0,12.883982059978674,0.08340950639853748,42.22412,-6.52343463227875,-0.018272651916578075,0,1059,0
D46170DF-C4CF-4244-A0F1-56C7ED6C1D0C,10006,12,57.72727272727273,6,0.21886867879272434,1362,49.683190085948425,137,35,259.0,90.98244173107356,156.75,-121.8648,17.00113809606042,0.0,112.5,9.657662435593096,0.0636887184287907,0,1059,0
65086A22-90E5-418C-8FE5-AFD21B477971,12746,8,78.85714285714286,1,0.02863643495998745,324,9.278204927035933,305,304,555.0,75.84861781258414,344.4,-21.24427,51.23296304207012,0.0,144.0,-4.578061744991544,0.13341023102605895,0,1059,0
70C65F87-2E0A-4FD2-A063-F87E064F9BE1,4985,12,83.63636363636364,1,0.0732196589769308,4,0.2928786359077232,282,30,452.0,127.62892883502859,321.0,0.0,38.167238398845626,0.0,177.0,17.3736174612677,0.2760195017216214,0,1059,0
393BC993-536C-417C-BA81-60FF9F395097,3661,3,0.0,1,0.09969953564599836,192,19.142310844031684,831,300,451.0,142.99179159461295,328.3166,0.0,101.77357556128273,0.0,288.07066,9.307107661066055,-0.6213948235931444,0,1059,0
6ABFCF04-1648-438A-9F7D-D0D42C6A2645,3992,3,115.5,5,0.4571643286573146,247,22.583917835671343,22,301,99.0,14.037723716174064,155.4983,0.0,6.367010909119487,0.6400300601202404,25.3,-5.866597141019742,0.08439670204037124,0,1059,0
B3ED7F8B-BF7D-4EA9-8CF8-764506F8FA14,12746,9,62.125,5,0.14318217479993725,1146,32.817354464145616,61,11,800.0,292.82986257132916,638.9465,0.0,86.25545256405248,0.0,399.6277,-5.81302260990941,0.0267417330840482,0,1059,0
5CCFA156-830E-46F9-8D51-5815272EFE68,1981,4,153.0,1,0.18425037859666837,92,16.95103483089349,955,294,276.0,115.29423828002393,928.006,0.0,23.050414154284336,0.9212518929833419,144.07752,-2.9142009567214586,0.1312750593436419,0,1059,0
C850A04F-46E0-4B44-9B44-2EF8428B8E9C,12746,6,153.0,2,0.0572728699199749,207,5.927742036717402,104,215,1370.0,252.19643965473088,842.9,0.0,132.8446641324514,0.0,438.25399999999996,-60.5822590991753,-0.49217704746377383,0,1059,0
96D134A8-2554-40C7-A6FA-2CE6F76BC128,12746,4,88.0,0,0.0,0,0.0,-1,280,540.0,104.22252457498014,228.0,0.0,39.22420401201789,0.0,157.0,-8.304314698436926,-0.20225016348622366,0,1059,0
20B1E304-E6E1-4BB6-BB65-333FA534C91C,5112,14,57.69230769230769,1,0.07140062597809077,12,0.8568075117370892,420,279,489.0,160.33438908114283,432.0,0.0,72.19902000277952,0.0,251.0,-43.546348957686035,-0.041074401046424076,0,1059,0
B952BE16-2028-45C6-8A6C-F90063BF8DA3,4324,9,49.125,1,0.08441258094357076,321,27.096438482886217,831,274,452.0,131.4052068375767,266.0443,-1.68,42.28581620887979,0.0,189.01171999999997,-28.521303865354497,0.20054976342863443,0,1059,1
52717067-F22C-49F8-971A-C341FB9C58D2,4324,16,49.4,4,0.33765032377428306,327,27.602913968547643,204,239,301.0,14.038742204607024,102.9604,0.01752469,3.453969748796031,0.0,18.181678,-0.8686026744372697,0.009227974738010182,0,1059,0
674D8274-555B-4237-BBE7-4A4DD6B87DED,7007,15,71.07142857142857,3,0.156272299129442,153,7.969887255601542,240,12,472.0,158.63846039176033,482.9102,0.0,40.25867721321314,0.10418153275296133,198.8525,-0.8685143655257548,-0.5653101354558392,0,1059,0
40BD559B-B854-4802-AAB1-3084DCB120F9,12746,14,61.46153846153846,2,0.0572728699199749,531,15.205946963753336,293,71,100.0,25.758080599992123,235.4852,0.0,9.624893299657613,0.14318217479993725,36.5,-10.545966396828543,-0.4302795614199969,0,1059,0
E10E0B59-BAC2-49E7-A361-9292C7DF3965,364,1,0.0,0,0.0,0,0.0,-1,271,473.0,73.51327174628976,750.047,0.0,41.52801097807186,4.010989010989011,128.2768,5.2775334922904875,0.10750735719411852,0,409,0
0F938D37-20F0-41B2-8539-C48E24236A39,12746,9,91.0,0,0.0,0,0.0,-1,270,800.0,287.0389026105314,456.4819,0.0,67.94736068121735,0.0,370.5322,-0.031170411457310365,-0.07263522377619187,0,1059,0
DD62E7B5-6E77-446E-BD93-B8D728F05646,10268,8,94.57142857142857,5,0.17773665757693805,59,2.097292559407869,554,64,407.0,174.19361559095654,347.0,-16.82,51.225472911408666,0.0,239.0,-19.388291516882475,-0.2909759663974773,0,1059,0
EB075F9B-63E3-4157-9EB2-E559CBF7AE9E,3238,2,780.0,0,0.0,0,0.0,-1,260,226.0,36.266837789456744,113.1586,-32.85494,17.32757739268155,0.0,60.223382,-10.400496834286994,0.08730959871341167,0,1059,0
0E8744D7-AFE5-4969-BC9E-C8CF208F4C3E,5984,6,121.0,1,0.060995989304812835,42,2.561831550802139,197,224,489.0,97.03412804734809,244.2205,-0.4180517,30.057866867931985,0.0,135.89242,-7.461010259539449,0.10173588739856758,0,1059,0
B0812993-F37E-4499-A0CF-346635825E82,1089,4,239.0,5,1.6758494031221305,140,46.92378328741965,516,248,887.0,188.22027528381938,637.2681,0.0,77.51870508002548,0.0,280.9753,-22.348121412677415,0.04588372914621946,0,1059,0
F885761E-B4E9-4892-966C-BF14A6414F79,6977,8,89.85714285714286,3,0.1569442453776695,69,3.6097176436863982,232,242,490.0,87.01493418978572,251.4025,-23.54589,37.32508277595331,0.0,134.85898,-3.6741851151715395,0.04680938852553946,0,1059,0
E46E07CE-14C5-488C-A7DA-B4961E2EE29C,12746,7,144.5,2,0.0572728699199749,47,1.34591244311941,352,172,403.0,43.594733778983105,197.3,0.0,26.708241631851745,0.0,80.5,8.22397764076998,0.24378868790381736,0,1059,0
853B2A98-BB89-4CF7-ACA6-783BAAA2BFD0,2642,2,1.0,1,0.1381529144587434,277,38.268357305071916,831,238,301.0,103.1883437443117,592.7252,0.0,19.45826337805198,0.6907645722937169,129.8382,13.289928298898175,0.1266789387154641,0,1059,0
938B7EB9-30F7-4CC5-916A-3522AEB20D24,12746,6,203.6,0,0.0,0,0.0,-1,29,693.0,140.6663656625777,339.4254,-0.214293,51.251107396810006,0.0,222.36661999999995,-42.64422980532463,0.07507852862655812,0,1059,0
62350768-56A6-45AA-84FE-ACDA16D3E757,12746,8,93.57142857142857,1,0.02863643495998745,22,0.6300015691197238,839,181,452.0,169.6148403179523,326.0,0.0,52.538386561159044,0.0,233.0,-17.25835883647079,-0.2899537208527527,0,1059,0
65A025C1-444F-4856-870C-D631C3C1A59A,3795,4,186.66666666666666,1,0.09617918313570488,55,5.2898550724637685,658,238,452.0,106.10274098396665,297.67,-0.5719568,42.85305724479675,0.0,159.49501999999998,-16.2420471916827,0.15780840765930176,0,1059,0
6596D8C1-F67C-49FC-BD69-46FCC509FF94,2748,7,37.5,4,0.5312954876273653,112,14.87627365356623,213,86,1181.0,313.7424201229889,674.7599,-4.882999e-06,89.3289995769236,0.0,429.28,-3.624194126009172,-0.006134880945568167,0,1059,0
E10F250B-888B-4DD7-BDEC-6862BD43F761,12746,6,113.6,0,0.0,0,0.0,-1,152,706.0,214.47706905530978,668.6909,-0.04,87.57206473847323,0.0,308.58378,17.34885370086306,-0.778043748858142,0,1059,1
CEE998A4-39A9-42D6-81E7-4FA37CF7086C,996,4,223.0,4,1.465863453815261,272,99.67871485943776,354,176,301.0,120.42072642243808,244.0679,0.0,22.393696290378045,0.0,144.92606,0.9803044402162584,0.47953844654909067,0,1004,0
0352433F-3BB4-44E3-8CF2-999700F5D7CF,2730,4,254.33333333333334,5,0.6684981684981686,527,70.45970695970696,412,16,166.0,41.69078209834063,106.7666,-10.78819,10.679573927287512,0.0,56.15134,1.916335783603813,0.019522593570607906,0,1059,0
819430A9-5491-4BF8-9511-91228BB1B29F,8417,5,202.25,2,0.08672923844600214,428,18.560057027444458,2,85,284.0,32.82943871893202,243.4866,0.0,54.74190031933609,0.0,125.5096,34.919441567333415,0.8978172451508375,0,1059,0
D6471B2A-9253-4B30-95B0-32699A51325F,12746,3,94.5,4,0.1145457398399498,6284,179.95135728856113,167,229,1370.0,434.8578113693224,871.63,0.0,125.51956651199141,0.0,610.088,-16.019844548334845,1.9760121271255722,0,1059,0
DB06597D-4FC8-4EA8-976B-6780A98A79E6,889,2,0.0,0,0.0,0,0.0,-1,227,250.0,23.036307144877107,82.2095,-6.962652,13.002974484569565,0.0,38.31498,0.42950113066301654,0.0003295627607544688,0,1059,0
86C3E933-98B8-4ADA-827E-279C1C5EF633,2269,3,237.5,2,0.32172763331864257,268,43.1115028646981,40,228,452.0,63.397235483323094,231.0,0.0,30.419938403012846,0.0,106.0,-14.900476224063837,-0.08115325165892068,0,1059,0
50268015-DCBB-415F-B4B4-946B81D7272D,3245,3,0.5,0,0.0,0,0.0,-1,227,417.0,38.70489338453052,284.6,0.0,27.603166884323922,0.0,76.0,8.714242417938614,0.24364934171110397,0,1059,0
1ED97052-3D8C-4DFA-8C03-0BD915897D56,889,2,0.0,0,0.0,0,0.0,-1,227,250.0,23.048742089922317,168.0,0.0,13.1110689912531,0.0,38.352005999999996,0.4521061596918834,-0.0001895689468630706,0,1059,0
983FA7B4-487F-44D5-9898-82D148985D61,12746,6,165.8,2,0.0572728699199749,67,1.9186411423191592,49,70,399.0,153.85693849097166,334.9197,0.0,43.05750740079522,0.0,195.9961,8.332141046420332,1.0370140115709052,0,1059,0
B91B5C6C-6661-443C-9A47-A42052D4C8DF,12746,9,95.75,2,0.0572728699199749,130,3.7227365447983685,85,127,251.0,107.67462954815576,199.7,0.0,27.085892713497984,0.0,143.3,-13.82376535062491,0.11002784980304238,0,1059,0
3F087177-A702-4FFD-8DDA-90CAFEBE3427,12746,13,16.25,6,0.1718186097599247,41,1.1740938333594855,80,72,236.0,102.15327791108501,226.7761,0.0,22.74756186140239,0.0,130.0049,-0.4917168377825476,-0.15178347685195817,0,1059,0
E5BDAC79-F720-49E4-911E-AD54290DBA2E,342,5,32.25,11,11.739766081871345,1196,1276.4327485380115,79,160,151.0,21.88510927256164,72.591,0.0,14.31573487862055,0.0,36.722,8.953261483611204,0.013507350301562835,0,466,0
C02A2364-7C86-49B5-94A7-1314E72DF8B5,12746,8,139.57142857142858,1,0.02863643495998745,33,0.9450023536795858,48,48,377.0,141.59936240132123,354.35,0.0,32.742538231109876,0.0,168.2281,-47.72886602091998,0.5269134922160331,0,1059,0
58B83194-807D-4677-9C88-F8300C24D2CF,4892,8,119.14285714285714,6,0.4476696647587899,460,34.32134096484056,227,8,301.0,67.47512439300098,179.6577,0.01739342,11.463946108774621,0.0,82.004152,11.21169310092958,0.03822137739826372,0,1059,0
E4E31BBF-8D77-4DDB-A964-B07912693386,12746,8,38.0,4,0.1145457398399498,385,11.025027459595167,175,42,800.0,293.6023545068522,535.5622,0.0,67.93924690960532,0.0,378.16311999999994,-6.82648755407439,-0.00885826165695706,0,1059,0
324AFB1D-3068-4650-930D-2DC56B95C98B,8491,7,92.66666666666667,1,0.04298669179130844,58,2.4932281238958898,421,214,256.0,77.46264537291928,534.6613,0.0,48.47856199776954,0.2579201507478507,146.52965999999998,34.396897802767455,0.0661855015300966,0,1059,0
0959092E-7BF9-4CAB-8090-CDF2B9569A6E,1759,1,0.0,0,0.0,0,0.0,-1,214,99999.0,66.62084430449873,302.715,-4.726318,81.94137830575913,0.0,215.0218,10.406114025115471,-0.33429504522102294,0,1059,0
23F740A0-66FE-4729-B02B-EDE286F0663D,12746,19,48.388888888888886,2,0.0572728699199749,58,1.660913227679272,206,89,281.0,80.45945271717218,183.2,-1.996812,24.794685293614773,0.0,111.31,11.195876758136464,0.22495386776137305,0,1059,0
14A135B0-F3E4-4A4E-8FDF-BBD69D993931,12746,14,51.23076923076923,2,0.0572728699199749,27,0.7731837439196612,293,132,887.0,247.52979903463856,593.2,0.0,105.26212049464772,0.0,356.3,51.41112689128735,0.25913462110063623,0,1059,0
864540A9-190E-422C-ACFE-F9A9823DBA84,2606,3,341.0,1,0.14006139677666923,308,43.138910207214124,831,212,602.0,77.83610794999014,242.8182,0.01071729,42.393912036445464,0.0,146.97963999999996,48.45541427531849,0.09131281426707552,0,1059,0
7A158859-C4BD-4450-B4B5-75650AFC04FB,4425,9,123.0,1,0.08248587570621468,449,37.0361581920904,831,3,1665.0,135.60802222657054,1553.569,-24.5,138.6845973822532,0.0,344.19689999999986,169.57773420610306,0.1727273023518516,0,1059,0
9E62F979-A179-4F88-86E7-38ACA676731D,3710,3,175.0,2,0.1967654986522911,198,19.47978436657682,800,210,301.0,99.39329416791976,232.2697,0.0,37.11674475114195,0.0,146.1348,7.566823410012333,0.2841065791346229,0,1059,0
0E07EAFD-5109-44B6-8A6B-C76AF6595D2E,2170,4,41.333333333333336,3,0.5046082949308756,248,41.714285714285715,231,176,301.0,90.0372581035085,189.6746,0.0,36.07407149036721,0.0,130.2226,8.210164593327917,-0.04343719013999753,0,1059,0
B8E56FCB-06BD-4FED-A6CC-EE00F46BDF56,10317,8,17.571428571428573,5,0.1768925075118736,3677,130.08675002423183,176,138,407.0,177.86956536014236,354.0,0.0,52.89360016140401,0.0,243.0,-19.953593137920137,-0.15396591028628784,0,1059,0
18218745-2D63-4B41-8766-EA8B62385C69,12746,6,138.8,0,0.0,0,0.0,-1,150,489.0,80.67641881644526,234.3736,0.0,25.626713962039485,0.0,111.0,-0.9910021497785948,0.5466851760390552,0,1059,0
5C9BE7A7-AA37-485B-909B-00F453F9CE90,4257,1,0.0,2,0.17148226450552034,790,67.73549447968053,768,202,312.0,25.474519758384368,188.0,-8.292095,27.82172734014023,0.0,74.0,-17.91280885945844,0.09093588966319222,0,1059,0
8705BB84-E115-4C31-BD92-8B4A77C586DC,12746,6,132.2,3,0.08590930487996234,1264,36.19645378942413,547,192,200.0,42.798498886969995,106.0,0.0,20.002402692583463,0.0,70.0,-5.271801356105797,0.1492178961279788,0,1059,0
02DE9555-030F-4CEB-9826-8027C8D8866F,12746,5,139.5,4,0.1145457398399498,458,13.115487211674251,831,112,259.0,113.25220974743085,954.9747,0.0,34.860482482542224,0.14318217479993725,155.0403,15.257019088062961,-0.11311761921763606,0,1059,0
39A3D048-F051-4059-A42B-7CF3509A5139,6729,5,199.25,2,0.10848565908753159,33,1.7900133749442713,28,192,223.0,32.351534871755774,145.1878,-2.8,16.897933531901586,0.0,54.505345999999996,-11.313936890775835,-0.0491139155720468,0,1059,0
B86D9233-90F3-44E4-A9E8-78D2E0B1DC5A,5156,5,140.25,4,0.2831652443754849,226,15.998836307214896,309,189,490.0,127.94551980530184,280.41,-81.1172,33.58907308278007,0.0,173.89,-5.846917953450003,0.03964897586796137,0,1059,0
822231DC-09F1-428B-A704-46FC74A68F2A,6930,5,167.0,0,0.0,0,0.0,-1,166,1270.0,323.3117456356025,719.12,-5.19811,111.66914501461325,0.0,459.7379999999999,42.08640251254565,-0.9846306654232009,0,1059,0
38238D1F-2E54-4556-A09D-2389F9AEE16E,4843,5,173.0,0,0.0,0,0.0,-1,189,497.0,73.48316459276892,201.0,0.0,37.221339800731315,0.0,126.0,-11.363257185361505,-0.06960735893326384,0,1059,0
13833E7F-3713-4F53-85C4-5A6652F8065A,12746,5,159.0,1,0.02863643495998745,45,1.2886395731994351,832,158,452.0,57.053547716587765,205.2612,0.0,30.326820008247218,0.0,98.07129,-12.200258035630974,0.14483869645775616,0,1059,0
7A3ED9C6-E64E-4BA4-9BDC-8A012AB76DF8,4365,3,283.5,5,0.41809851088201605,230,19.23253150057274,331,182,452.0,165.42080775460107,355.5764,0.0,60.87277521791112,0.0,246.6795,-61.60647122759491,0.044052562951773976,0,1059,0
0DF7E048-E83E-4498-A720-482CCA458E66,12746,10,102.11111111111111,0,0.0,0,0.0,-1,8,266.0,120.72612201159654,194.0,-2.344,22.820574543590876,0.0,148.0,6.587535791644186,0.11754165656756936,0,1059,0
0C85AD71-ABBB-43F0-A0A1-43436145C921,12746,11,90.1,2,0.0572728699199749,37,1.0595480935195356,739,60,259.0,86.7762517009331,170.1,0.0,20.97006358485857,0.0,110.6,-4.890931585963983,0.11221057749520454,0,1059,0
D06E1410-9C36-4BC3-85D0-4F18DDA1A6C2,3122,10,103.0,2,0.2338244714926329,470,54.948750800768735,589,42,831.0,221.91724248918158,994.752,-48.74616,60.650624513973824,0.5845611787315823,296.23176,-9.535006741496375,0.2775864428385431,0,1059,0
6443015B-EBB4-426A-BAFF-AFD88D559560,4002,1,0.0,0,0.0,0,0.0,-1,179,250.0,21.638005544045125,100.7812,0.0,14.704303664616809,0.0,44.83548,6.072096393840674,0.01568349187740035,0,1059,0
4D2A2F97-7674-4BC5-832B-0C7D8D9BD081,8701,4,103.66666666666667,3,0.12584760372370993,290,12.165268359958626,439,123,314.0,63.136830614563294,236.0238,0.0,21.678567579673675,0.0,93.0,-11.25411456518058,0.089052375007385,0,1059,0
4E406B15-0671-40D0-BD75-9BEC1D8FB8BB,5306,3,431.5,0,0.0,0,0.0,-1,175,768.0,88.8572313033089,257.9,-6.858307,29.03490469708656,0.0,130.9,10.45284585718494,-0.2700674523147513,0,1059,0
792BCFB4-4F15-47BF-9D97-B18346DF05BB,2716,5,212.75,10,1.3438880706921943,344,46.22974963181149,16,157,301.0,80.2231979192643,187.521,-21.52786,24.07426568068285,0.0,109.01632,-14.241943840174784,-0.02411933304695484,0,1059,0
560FFDCD-48C9-499F-9FFD-8CC02E008B48,12746,8,123.85714285714286,2,0.0572728699199749,108,3.0927349756786446,58,52,800.0,294.3268190052992,841.8126,-63.92524,68.50497760856076,0.0572728699199749,378.97554,-5.701522819188142,-0.16211981218309282,0,1059,0
742017CE-7333-4270-958F-EB2F9006419C,10032,3,127.5,4,0.14553429027113238,102,3.711124401913876,177,107,491.0,66.60583981140873,288.1,-53.75211,29.001692564949863,0.0,107.4,30.32003981822089,0.2793789128057981,0,1059,1
9EB2677B-75FA-4C84-A833-11CE4A5BC09D,5306,3,280.0,1,0.0687900490011308,89,6.122314361100641,737,172,768.0,88.2512488564618,262.8,0.0,29.96218973714412,0.0,132.1,10.454129229957971,-0.2777332878317123,0,1059,0
17A853F8-A8CE-4A1D-AE94-32AF6BC42736,6419,2,63.0,1,0.05686243963234149,323,18.366568001246304,831,109,676.0,96.99041982280575,216.8579,0.0,24.772449643251676,0.0,131.4392,33.89196821268807,0.055666168655814266,0,1059,0
0EC82B9E-A2C8-4F31-A054-D53BAC6B8620,2760,7,45.833333333333336,4,0.5289855072463768,549,72.60326086956522,367,170,1247.0,213.23242244598688,1120.567,-27.28765,160.02314977658227,0.0,463.89146,124.82832199606557,-2.1896157972181287,0,1059,0
50000832-22FC-46AE-B154-E74A23D7E98F,12746,13,49.166666666666664,4,0.1145457398399498,267,7.645928134316649,235,145,256.0,99.8383847166355,191.0078,0.0,27.013643187144343,0.0,131.85492,8.76532619848794,0.05011369501025653,0,1059,0
1FBF8807-07B1-4E64-B30B-C2D1E1877D3D,12746,5,31.0,0,0.0,0,0.0,-1,38,490.0,44.89984332943718,199.9512,0.0,35.21183225116296,0.0,91.55273,15.602894611149239,-0.04972906986750937,0,1059,0
76D18AE2-B110-46B9-BE7B-1E7B80244F9F,12746,7,56.333333333333336,0,0.0,0,0.0,-1,30,452.0,145.55614770531957,345.5612,0.0,19.492701732808385,0.0,165.1245,19.732361785421176,-0.21762770842781787,0,1059,0
BB3CE716-58DB-4B32-970C-02A89E44791D,9093,3,283.0,1,0.04014076762344661,83,3.3316837127460683,831,161,264.0,83.29991857480283,168.5,0.0,27.74488469112908,0.0,121.2,11.662357659765078,0.0027495564151955097,0,1059,0
48EE7266-1BDE-47A4-82BF-CDD1F395B94F,7661,5,165.25,1,0.04764391071661663,322,15.341339250750556,831,130,103.0,10.37436378359793,35.45337,0.0,2.3638887702976352,0.0,13.456176,-0.33666378359793114,-1.11735371645282e-14,0,1059,0
197B52E6-8B04-4F65-A492-9B84CD190EC9,12746,6,8.6,1,0.02863643495998745,5,0.14318217479993725,76,140,1083.0,292.58067217281973,867.1875,0.0,131.26595656011335,0.0,445.5872,69.38048056714945,-3.154340236420269,0,1059,0
254F228D-C6F6-48B2-B7FC-DD75BF4E652C,5789,3,204.5,7,0.441354292623942,3276,206.55380894800484,136,160,538.0,78.81024542600485,261.5904,0.0,39.4533242020162,0.0,130.7952,22.22532556164947,0.6841582522761606,0,1059,0
32A76D07-F177-4B55-BD4B-878270ADF332,1347,4,76.33333333333333,0,0.0,0,0.0,-1,158,887.0,97.66529782481759,285.0,0.0,31.42533483526729,0.0,136.75884000000002,-4.636194887317586,-0.15402235015592308,0,1059,0
5BFA5E09-A362-42B7-BA96-472D41DC178D,12746,24,33.34782608695652,1,0.02863643495998745,28,0.8018201788796485,739,52,251.0,70.89669420997852,235.7483,0.0,29.40785367266217,0.0,105.50922,-2.0617684707732735,-0.0026323309086661926,0,1059,0
CAFFBD2A-7BF0-4CC7-8871-DB1A6403BF51,9107,5,156.0,3,0.12023718019106182,692,27.734709564071593,127,159,129.0,21.03853324862923,183.0408,0.0,4.434176840903572,0.12023718019106182,26.85059,3.6653108276825,-0.012870904096838241,0,1059,0
4841D8B3-A9B2-4003-A5B5-DA09D70BE96C,12746,7,146.5,2,0.0572728699199749,446,12.771849992154403,546,159,377.0,162.2498951698989,605.0,0.0,42.88444123459671,0.0572728699199749,218.28912,34.73990376837273,-0.062152905523511125,0,1059,0
E1A8FA71-2D4E-4C7C-8B97-8BBD0C91DA38,2571,2,1.0,0,0.0,0,0.0,-1,158,301.0,70.75756890880378,122.4362,0.0,12.611958129748107,0.0,87.85104799999999,-5.223093355563037,0.10754731624325889,0,1059,0
30D3BFE8-F44A-4B29-9DC6-326B60A5615F,12746,15,35.285714285714285,4,0.1145457398399498,462,13.230032951514202,518,70,85.0,38.382539163704045,71.30127,0.0,8.8681050645874,0.0,50.05371,6.638551890308307,-0.02543877199464353,0,1059,1
92905D91-5F31-4F9F-86E5-BF755E08C9DE,4816,5,14.25,1,0.07578903654485049,434,32.89244186046511,831,155,693.0,58.833220175720854,168.75,-1.288032,32.013717171144755,0.0,101.25,-18.93651935164678,0.04654402441313024,0,1059,0
D931B089-7749-4B86-B7B9-766ADA0C110B,342,13,11.5,2,2.134502923976608,1385,1478.1432748538011,49,71,804.0,169.49947529884005,598.769,0.0,145.41198241279258,0.0,347.37971999999996,91.13287363140685,-0.1362972648332543,0,544,0
39A868D5-CF3F-49E1-9798-927E95D83E24,10032,6,101.4,3,0.10915071770334929,169,6.148823763955343,416,2,157.0,40.27787706532475,70.92947,-58.54089,9.522420613506785,0.0,52.41439,4.433870679208425,0.011014251492620865,0,1059,0
C129B3A2-C318-4389-9EC5-F6DAFD5593FE,12746,9,46.875,3,0.08590930487996234,68,1.9472775772791464,736,82,1245.0,583.7724524089383,1092.41,-136.64,150.76792223053275,0.0,751.7839999999999,84.29127598612354,2.937724964901396,0,1059,0
A1583F11-F115-4E6B-8407-9F2EE54C0B9F,12746,9,71.875,2,0.0572728699199749,48,1.3745488780793975,655,29,489.0,152.3585462883897,320.0,0.0,53.83697468681797,0.0,221.0,-10.377373448883532,-0.0006194180352848548,0,1059,0
28FD5180-AB14-4ED6-8F46-FBD6DF6BC65F,9210,4,7.0,2,0.07926167209554831,5932,235.0901194353963,756,147,346.0,71.90947881477081,887.392,0.0,40.59019280780022,0.1981541802388708,128.6,14.786045877976093,-0.5764782688748685,0,1059,0
CEC5D20A-7411-4E20-BCF4-9E248A60837E,5825,4,187.66666666666666,4,0.2506437768240343,403,25.25236051502146,457,91,160.0,35.9605470740779,86.31833,0.0,16.865164307498485,0.0,60.12107,9.240908926925187,-0.060457797599943124,0,1059,0
6FDCC79E-AE91-4A12-B0E5-DBC66A0B3E0B,12746,8,26.571428571428573,3,0.08590930487996234,523,14.976855484073436,10,26,489.0,127.13592642817247,534.0536,0.0,49.2501041888552,0.02863643495998745,188.17182,-18.628813620379262,0.12003711299275666,0,1059,0
B3AE58AF-D117-41E1-B509-AB12BD5D8F84,1704,10,56.888888888888886,1,0.21420187793427228,4,0.8568075117370891,615,141,1663.0,273.3749343076195,893.6599,0.09155414,91.9150692546752,0.0,377.6608,31.652122876022474,-0.26623788518161157,0,1059,0
8A9CF1CD-0742-4354-A6DB-E3BCD6310CD5,4831,9,105.375,3,0.22666114676050508,356,26.89712274891327,316,126,251.0,99.21943767373446,241.5,0.0,17.992012878833595,0.0,121.5,-8.157747858919649,0.044273384231161624,1,1059,0
991CF82D-9B61-487D-94EE-5A0FB7E9A4BC,1081,6,198.6,2,0.6753006475485661,439,148.22849213691026,150,21,888.0,116.99887685186522,413.2542,-40.0093,70.62703270545096,0.0,216.25819999999996,18.59148013501749,0.09567385949041288,0,1059,0
79BE139F-AB21-4F01-AFBF-B966A7F65F35,12746,5,43.5,3,0.08590930487996234,113,3.2359171504785817,188,108,452.0,126.6750310050234,2175.495,0.0,46.5871449245373,0.02863643495998745,186.19518,-16.820864100239433,0.24997343874268568,0,1059,0
CE8A429F-C0C8-442C-8ED8-62FA0BE76EEF,12746,8,101.85714285714286,1,0.02863643495998745,25,0.7159108739996862,61,82,803.0,249.835441873508,801.5453,-586.98,122.4364537942708,0.0,392.395,87.98864806483368,1.2737158245949602,0,1059,0
6A3BC26D-9625-4E3A-ACD7-46E7225FD9CB,7550,8,109.71428571428571,2,0.09668874172185431,561,27.121192052980135,713,116,208.0,42.99108397990635,118.5336,0.0,18.306078706913848,0.0,67.0,-3.276373717714989,-0.11778279614931716,0,1059,0
7C97E11E-49F1-4C09-8FFE-9E5694BC59D7,8715,8,65.71428571428571,1,0.04188181296615032,11,0.46069994262765346,53,23,415.0,177.78187670187154,877.0,-6.2784,85.55628328725611,59.63970166379805,241.0,-19.955238931809845,-0.7689129549866346,11,1059,0
A183AE88-0CCD-43E3-9CFD-1C22EA5B9BFC,177,5,7.5,2,4.124293785310734,96,197.96610169491524,64,126,555.0,32.024949797612415,799.0777,0.0,30.206702065936994,4.124293785310734,74.903536,-1.4016574517173552,0.0217349701653209,0,213,0
F758E62E-6DE1-47DD-B4A9-8A8D43EA40F1,4340,7,88.33333333333333,5,0.42050691244239635,1028,86.45622119815668,186,108,452.0,131.59493103146033,2256.745,0.0,47.43032603416078,0.33640552995391704,192.0,-16.777959918034412,0.2650573879335952,0,1059,0
DC1037C6-DB13-4BB4-B5DF-ED9615D88208,7307,6,186.2,1,0.04995210072533187,16,0.7992336116053099,890,33,414.0,40.22318770123517,226.7578,-12.7,36.11213471276727,0.0,83.49609,-39.276306472840105,-0.011027089061064943,0,1059,0
BFF392BC-577A-430C-96D3-5D0E2112E162,9281,9,68.875,0,0.0,0,0.0,-1,15,452.0,1.7573853765607044,128.9625,0.0,7.861807330343399,0.0,0.0,10.188997276788061,-0.38138370805912175,0,1059,0
054F99E1-BBE0-4652-BF4E-1D72094A40F4,5463,2,124.0,1,0.06681310635182135,41,2.739337360424675,161,5,490.0,141.0342467360313,349.63,0.0,46.08994858430658,0.0,200.7,-3.9246388401979573,0.11960394792268512,0,1059,0
0D2A5155-DBEC-439D-A275-E3705BD72AA8,12746,5,175.75,14,0.40091008943982426,3255,93.21159579475915,99,129,376.0,145.3616116564326,338.0,0.0,47.98179756973489,0.0,211.0,-8.560531409519001,0.01723349476145296,0,1059,1
15238378-C75A-4456-A293-8EACB714B279,9766,4,227.0,2,0.07474912963342208,11,0.41112021298382145,252,126,151.0,21.1006908122017,43.0,0.0,5.496733902800985,0.0,28.0,-1.4543945159054061,0.0335755900362467,0,1059,0
E6946B30-E217-4772-A8F2-EDDF48594007,343,6,76.6,5,5.320699708454811,145,154.3002915451895,317,99,226.0,45.63411897800017,127.0,-89.3,16.354597414152934,0.0,66.0,-4.876094286642143,0.028389307321854004,0,1059,0
A9CF3A2C-161B-4512-8A8C-CF3B45C25843,12746,10,75.0,3,0.08590930487996234,297,8.505021183116272,13,6,741.0,245.54973755748688,396.7578,0.0,48.541148359091025,0.0,291.72763999999995,-42.28927067716282,-2.6089197788724574,0,1059,1
452330AD-2F39-4C09-B014-3E21FDCF4046,284,7,33.166666666666664,0,0.0,0,0.0,-1,74,472.0,50.27061315751649,999.1739,0.0,70.83465306743078,3.8556338028169015,151.23854999999998,-18.87090660811063,0.013463094787913072,0,382,0
6D8E26F6-EF80-49A0-A334-86A9CC07606B,12746,4,23.666666666666668,1,0.02863643495998745,16,0.4581829593597992,1043,122,276.0,55.45707424822249,138.1836,0.0,17.67733549927565,0.0,75.97656,-9.158147496756449,-0.08158890452558469,0,1059,0
373BE085-2525-463A-856A-036D6A1FCD2B,9608,4,35.333333333333336,1,0.03798917568692756,91,3.457014987510408,448,123,271.0,25.924450989198032,77.65625,-53.40542,17.253724588701683,0.0,46.61719,6.509052651234068,0.047047802099452286,0,1059,0
99CD5C44-DBCF-4F5D-8CA3-FDD9508FC4FE,2905,11,52.6,1,0.12564543889845095,75,9.423407917383821,218,17,452.0,153.36032455667913,353.7225,0.0,61.763480966692036,0.0,232.40669999999997,9.552634528351746,-0.11264575635931642,0,1059,0
98BAFF66-96A5-46FD-AEEB-947E869F99D9,5114,2,0.0,1,0.07137270238560814,7,0.49960891669925694,79,119,1039.0,161.36253531191767,628.5,0.0,79.7781276447881,0.0,270.5,-62.147998274880635,0.09910943509248984,0,1059,0
0E1EFDA6-4CFD-43ED-941E-2236A69EE917,6474,16,45.733333333333334,3,0.1691380908248378,305,17.195705900525176,689,42,259.0,90.51892307317107,183.75,-8.205465,16.68321938050495,0.0,111.75,10.879282945347455,0.011183522314041584,0,1059,0
6CD33829-8A6C-4778-8BD6-E3606033983A,6636,3,232.5,2,0.11000602772754671,1454,79.97438215792646,53,117,377.0,177.71829195331185,378.556,-7.799988,53.39641494481425,0.055003013863773355,243.3072,-9.81611434065752,-0.44450336604102847,1,1059,0
2BD05842-C822-4B32-90E6-AE4E4ED497B5,12746,11,86.5,4,0.1145457398399498,125,3.579554369998431,116,100,377.0,127.68688488234714,284.9854,0.0,28.00058735890674,0.0,151.6663,-11.168268838211333,-0.004237635061368996,0,1059,0
92D1B331-43BB-4AB4-8533-685FDCE75A8A,7058,2,1.0,0,0.0,0,0.0,-1,112,497.0,90.25186936508041,313.53,0.06,54.900624399049285,0.0,172.75,-16.70091103174707,-0.21150824290158216,0,1059,0
76E43C8C-544B-439F-AF27-2FC492938676,5332,8,40.0,7,0.47918229557389347,97,6.640097524381095,232,33,301.0,98.77825225232138,240.8846,0.008972168,17.37331048602495,0.0,125.0022,14.195248454053925,0.0356938225835728,0,1059,0
E1CB2A4B-6019-49F5-8AC3-700EE7461768,12746,7,124.66666666666667,6,0.1718186097599247,274,7.846383179036561,140,110,693.0,226.66670234491454,394.6,0.0,27.289593756379514,0.0,258.0,-15.756355122692298,0.18263056595901547,0,1059,0
1AC1C574-BD15-4F62-9C7C-BAFE4220F780,12746,11,51.1,0,0.0,0,0.0,-1,73,706.0,222.0067086454037,1998.465,0.0,87.2180754506565,0.1145457398399498,316.4749,-10.663368353104374,0.8163004909592771,0,1059,1
DF7F18E3-8854-40DA-BBC7-FD0BBFB79A1C,4797,3,426.0,3,0.22826766729205755,426,32.41400875547217,83,107,259.0,66.37475193268808,233.1762,0.01313791,20.335389445561027,0.0,93.92430999999999,-15.175310063109379,0.025187576694949972,0,1059,1
D575E2B8-849E-44B4-ADE1-B032BB48C657,8071,4,249.0,2,0.0904472803865692,619,27.993433279643167,454,98,375.0,138.34571630106834,403.34,0.0,46.196816333337296,0.1356709205798538,194.53,-20.14591550316804,0.15438912742656524,0,1059,0
274A3B8D-5C78-41A0-87DE-1A828ED02C48,704,4,234.66666666666666,4,2.0738636363636362,32852,17032.642045454544,103,104,497.0,42.54100457307584,255.0,0.0,34.4902734230633,0.0,92.0,28.17874851334392,-0.018224243505213008,0,1059,0
66D9C403-3113-485F-BFE7-C5B5AFCB1D83,8332,12,77.18181818181819,1,0.043807009121459434,528,23.130100816130582,1055,101,739.0,88.27807862148443,443.7591,-50.1,57.3475002874907,0.0,171.34305999999998,-35.29169297179307,0.028988219082782055,0,1059,0
BBB6A57C-8FCC-4797-A32B-C607596EE51F,10064,8,131.42857142857142,3,0.10880365659777425,38935,1412.0901232114468,155,100,489.0,121.122274676105,350.0,-307.0938,40.39317014854703,0.0,171.0,8.111675941178945,0.08689447256850971,0,1059,0
8CA5C88C-E442-4CAB-9163-07A7295021A4,4136,2,433.0,1,0.0882495164410058,25,2.206237911025145,172,95,452.0,144.43672151464014,431.1371,0.0,34.15970244162992,0.0,186.0,-11.466814107232722,-0.02978739945044865,0,1059,0
20EE3B08-3F70-4CDC-B7CD-B4B6D7EFC497,4019,5,256.0,1,0.0908186115949241,13,1.1806419507340133,53,4,452.0,183.16479224549695,387.2,0.0,52.36627994093844,0.0,249.2,-39.23648077250314,1.1162500834572866,0,1059,0
80F74B56-E49B-456A-AA72-EE7EF373FAB1,5656,4,32.333333333333336,8,0.5162659123055163,598,38.59087694483734,27,91,402.0,118.19013756919502,265.0,0.0,25.78816387243801,0.0,150.0,9.836096998706225,-0.0021470414730067142,0,1059,1
8D4FE0DC-9C23-4AAF-B28D-2C90851B134F,6976,4,233.66666666666666,5,0.2616112385321101,300,15.696674311926605,90,91,734.0,151.76226219207484,355.0,0.0,45.5663226842605,0.0,208.0,3.2508031466597345,-0.14110339305108133,0,1059,0
DB3C99CD-9393-4AAD-B2A4-05740DFA76D1,-21,11,87.6,1,0.0,652,0.0,283,0,452.0,85.64645045210688,201.0,0.0,23.920106123299487,0.0,118.0,-17.203935020008117,0.2976152176994329,0,1059,0
FF0AA7C0-6553-4E3E-B265-B1FD2B36C206,12746,7,32.5,1,0.02863643495998745,168,4.810921073277892,831,24,251.0,98.59213507869524,208.2036,-11.07723,32.24189292515447,0.0,139.40565999999998,-10.805693113511438,0.01585036008392549,0,1059,0
14D19538-77CD-4509-8593-134C1D663F49,5950,8,105.0,0,0.0,0,0.0,-1,86,489.0,104.62262985033523,295.1255,0.0,41.79130403180096,0.0,160.82798,-15.489168833282775,0.21034045689120603,0,1059,0
F3C72DA8-746F-4BFA-AF0B-CDB4AFEFD28D,12746,3,341.5,0,0.0,0,0.0,-1,85,312.0,55.2451128461392,136.0,-1.9,20.141065852012126,0.0,82.0,-21.139171488114506,0.067606826174213,0,1059,0
BF1E6491-B741-4888-90A8-7135C7A10D42,4526,4,303.3333333333333,4,0.3225806451612903,670,54.03225806451613,45,84,225.0,29.666944022748563,69.58008,-0.202634,6.231717971101911,0.0,37.35352,4.480191420847117,0.06109331271295924,0,1059,0
377D8035-8E88-4BC1-88E2-385158BC0C17,2457,2,47.0,0,0.0,0,0.0,-1,31,302.0,47.971839165892945,1041.261,0.0,21.588420845679398,0.14855514855514856,72.134004,-10.960100526321959,-0.08204968605706113,0,1059,0
0B604511-D550-455C-A815-9F752D51C59E,812,4,44.0,4,1.7980295566502462,231,103.83620689655172,234,43,451.0,196.95736173376744,298.0,0.0,37.029543553569866,0.0,244.0,13.658379006973291,0.1720509619384105,0,515,0
E4F52558-59FE-4BF5-8B4B-4149F3599B93,12746,6,35.2,3,0.08590930487996234,939,26.889612427428215,48,74,1039.0,134.29257536250634,492.7368,0.0,78.97584342626017,0.0,245.5444,-17.22896801142609,0.053987246064219105,0,1059,0
E7C975C1-526E-4E0E-94D3-6A9ACC47F556,12746,2,0.0,5,0.14318217479993725,260,7.445473089596737,81,76,450.0,101.96447651736523,363.0,-10.35292,44.20109893812646,0.0,160.5,-21.54237003588375,-0.6883316355929889,0,1059,0
7C9FD8ED-0444-44C5-BE90-4A54401B42F9,3736,6,42.4,4,0.39079229122055675,383,37.41836188436831,227,0,301.0,67.22260830812874,161.3619,0.0,11.248062850738833,0.0,81.73477399999999,8.894105416408308,0.06559472792415878,0,1059,0
2189AC8E-3FEC-4A31-A660-EB794CA97567,7035,9,123.875,3,0.15565031982942432,371,19.248756218905474,367,29,763.0,220.83895937277936,462.7991,0.0,90.16398572722183,0.0,319.9768,-117.9477658492494,0.4951890737357781,0,1059,1
B0F7390C-6116-4937-8C35-D8F887A7EF90,12746,1,0.0,2,0.0572728699199749,279,7.989565353836499,416,72,261.0,49.154011777708526,125.9868,-106.941,11.477680293505417,0.0,64.04896,5.471168285277585,-0.037884616280556345,0,1059,0
F84DCB9B-F130-4277-A5D2-0A9807D3463D,12746,4,262.0,2,0.0572728699199749,40,1.145457398399498,655,71,452.0,150.30993420318214,318.0,0.0,53.12089094191567,0.0,218.0,-15.294116301947582,0.13424914141193786,0,1059,0
FFFDB39B-D066-4224-9848-6D9ACF52BE69,2150,3,84.5,2,0.33953488372093027,257,43.63023255813954,830,70,301.2,44.45987330107626,319.9724,0.01071342,13.117246796626565,0.8488372093023256,61.554876,6.5116730582254405,0.0029369006301146546,0,1059,0
877E4C2A-402B-4EB8-B31A-4B22E138185C,1965,7,150.0,2,0.37150127226463103,37,6.872773536895675,839,70,301.0,74.73735105729968,262.2364,0.0,41.735782204231015,0.0,132.84931999999998,56.32531007387318,0.3089356892585068,0,1059,0
41A1D1DA-43DD-449B-A2DE-37FC4BF6B391,12746,5,68.5,7,0.20045504471991213,856,24.512788325749256,457,70,264.0,112.39812224809735,265.7938,0.0,23.139567308708827,0.02863643495998745,142.63309999999998,-1.172932033359686,-0.08080819898975648,0,1059,0
EB21CB81-C854-433D-A187-77C1504AF8F9,5028,5,174.25,0,0.0,0,0.0,-1,65,259.0,130.44668059682704,243.8835,0.0,36.56495911343132,0.0,179.95984,-13.721898854851716,0.18939880720266003,0,1059,0
D25583F6-FEC0-4046-B2BD-EDC9B903B6C2,4440,8,116.85714285714286,4,0.3288288288288288,735,60.42229729729729,198,47,181.0,57.93351552207438,182.2769,0.0,25.81880544975666,0.3288288288288288,88.56354,-36.68543957840154,0.733164086433521,0,1059,0
42918901-CC0A-4828-BAFD-BB861E440C5D,12746,4,301.3333333333333,2,0.0572728699199749,182,5.211831162717716,831,60,266.0,113.35068784597506,268.4,-39.4,23.269261301166317,0.02863643495998745,142.8,3.695376968839753,0.18493912142778063,0,1059,0
123DA990-7674-4A6B-9D4F-61A9223F8AF1,12746,7,99.66666666666667,4,0.1145457398399498,39,1.1168209634395105,473,29,266.0,119.70495430765595,194.4,-3.04,21.82646337208233,0.0,146.4,2.570166649905758,0.15453864036072607,0,1059,0
7EE736BE-2EFD-402E-BB49-4A8EFD89B1AE,4431,3,59.0,3,0.24712254570074474,78,6.425186188219363,190,63,193.0,24.454137248944427,534.52,0.0,10.046630112084037,0.16474836380049648,35.644518,1.6426326384012562,0.10005024118201832,0,1059,0
4129116B-40CE-4E4F-AD47-C6FC5815983B,387,4,93.0,6,5.658914728682171,781,736.6020671834625,258,63,226.0,50.82734362185046,109.2983,0.0,15.090255523851644,0.0,70.500204,1.3698353326248522,0.00837960636710656,0,375,0
69B934B9-23D6-4AE0-9FFF-FCEEC30B599D,12746,8,99.0,7,0.20045504471991213,962,27.548250431507924,134,63,256.0,4.444280453271375,445.0,0.0,18.530707849457173,0.1718186097599247,0.0,-4.444280453271375,0.0,0,1059,0
9D5E0888-AED0-4421-A5AB-7A8439AAAEA3,5080,2,1.0,4,0.2874015748031496,330,23.71062992125984,161,63,391.0,146.23369865950477,278.5,-604.0,43.710737774205384,0.0,212.0,-16.127217178023272,0.2456481824458234,0,1059,0
4DE3157C-A45C-4533-ADE6-753F54E1D0D1,8981,6,179.8,0,0.0,0,0.0,-1,33,820.0,123.41152822854217,436.0,0.0,73.36466007862897,0.0,228.0,-42.06168254952982,-0.03378469221174009,0,1059,0
511322E9-E726-47A3-B34A-2FE59DE46B4A,12746,4,296.3333333333333,2,0.0572728699199749,71,2.033186882159109,831,59,266.0,116.52759152680794,283.4,-6.466375,24.088643706804802,0.02863643495998745,147.0,3.4532495225747937,0.1985971118975653,0,1059,0
D980B5F9-43F2-4558-84B7-2BEBFA474220,9588,4,250.33333333333334,3,0.11420525657071338,344,13.095536086775136,27,59,271.0,96.05338787891348,209.0926,0.0,16.42588379138789,0.0,115.09796,-0.1941166805801373,-0.028508249394442287,0,1059,1
F2678BD3-6AE1-4216-A103-B84BBD8D527F,12746,12,28.727272727272727,0,0.0,0,0.0,-1,38,788.0,85.49377727580159,452.01,0.0,64.31275886860743,0.0,173.27,-11.709652275801588,-0.09348978954886132,0,1059,0
7408DC56-68AB-4F1B-AAE4-7BCED4AFE0EB,3646,5,240.0,2,0.20021941854086672,577,57.763302249040045,831,59,151.0,39.43285539803135,276.0,0.0,13.94054956851858,0.5005485463521667,57.5,4.4014424414748206,0.02338708939828404,0,1059,0
26C1600C-6E36-4699-9514-8F4F8B7B5F1C,7644,4,321.3333333333333,3,0.14324960753532182,798,38.104395604395606,196,56,228.0,51.32585076052454,209.0,0.0,18.592557080686515,0.0,75.2,-1.4879803899998407,0.04151086324632764,0,1059,0
87B0FC7B-CFC3-4BED-B4D6-B9A86E4C0C34,4742,7,145.16666666666666,2,0.1539434837621257,61,4.695276254744833,40,56,226.0,22.502623917143293,205.8016,0.0,12.907904645671628,0.0,39.6,4.808024240572756,0.14112622497665714,0,1059,0
84A3DB08-E6EA-4D2B-A671-02A8B2D6C633,12746,5,135.75,2,0.0572728699199749,97,2.7777341911187827,754,48,473.0,98.50929994794696,248.0164,0.0,34.179933983831475,0.0,141.037,-21.200843115925352,-0.31806902447310725,0,1059,0
1EC7AB52-FDE2-44DF-B256-0AF19450EE57,2651,2,0.0,1,0.13768389287061486,61,8.398717465107508,613,47,803.0,131.04062673885497,382.8577,0.0,41.252631908010954,0.0,180.4509,3.8034155057437715,0.12587005373821997,0,1059,0
AA75FA33-9E52-47D9-8FEE-A5BC69C0712E,6776,7,152.83333333333334,4,0.2154663518299882,106,5.709858323494687,28,26,223.0,33.041970589674484,148.5255,0.0,17.233684881897464,0.0,55.63267999999999,-11.867216000094391,-0.04569850528738097,0,1059,1
D9EEC8F0-5C25-4E15-857F-5A3C7DB717F9,5467,2,0.0,2,0.1335284433875983,155,10.34845436253887,230,42,804.0,138.90599573391032,446.7563,0.0,43.834333410623124,0.0,187.79741999999993,1.686936955904514,0.16185702558030324,0,1059,0
F1ACDD45-7F87-4CDC-A972-21CBC8A9065D,2262,4,263.3333333333333,9,1.4522546419098143,588,94.88063660477454,406,35,208.0,39.489631747782745,464.8922,0.0,21.759491431217317,8.874889478337755,70.70235,16.817023974208,-0.19220390813967206,0,1059,0
D30FEB9F-EE6F-4D1D-A866-3F9C49A8C632,2127,6,148.6,2,0.3432063939821345,52,8.923366243535495,647,1,452.4,131.86895371391822,399.3103,-35.19893,43.712859764592814,0.0,189.17505999999997,-23.895112703719136,-0.04779618841151282,0,1059,0
B69589E2-6807-418A-B60E-EB9DF2CF9414,4550,3,153.5,0,0.0,0,0.0,-1,42,301.0,101.30906930629075,209.3423,0.6445879,26.286041396846407,0.0,132.73984000000002,-15.381631367178102,0.24519495379328046,0,1059,1
807F912E-403C-4C70-8A4E-842A99653258,4899,2,1.0,4,0.2980200040824658,335,24.959175341906512,457,42,264.0,110.90555261720306,524.5007,0.0,22.554728257743857,0.3725250051030823,140.42976,-0.9137413888080061,-0.1152380247756882,0,1059,0
11ED973B-5F01-4B0B-813A-97DA58168C83,7235,2,697.0,0,0.0,0,0.0,-1,40,450.0,111.91461845068851,208.03,0.0,24.51137378110589,0.0,143.27,21.729707938200377,0.014540329052841042,0,1059,0
5274FE5A-D854-4898-BCA6-251B934FF370,1911,1,0.0,1,0.19099947671376244,235,44.88487702773417,41,37,708.0,103.61181466132369,238.0501,0.0,33.6481825412485,0.0,146.7053,2.9079529382133558,-0.01852858090572232,0,1059,0
75C1D0C1-B81B-4D77-92A1-CB0AB19F2E10,12746,8,29.714285714285715,1,0.02863643495998745,28,0.8018201788796485,296,32,306.0,103.65259040043469,464.0,0.0,39.054049595490305,0.14318217479993725,154.9805,-26.64817030028037,-0.001822394527405897,0,1059,0
C9DA295C-FDC8-494F-8CD0-864EBF9A2BFE,12746,2,1.0,5,0.14318217479993725,72,2.0618233171190963,12,31,792.0,222.1119066630769,597.37,0.01,56.52602293187406,0.0,300.65,-41.61088737295344,0.23852281088641009,0,1059,0
A3568790-8909-4A14-BC34-BE2796EBAAC2,1280,3,3.5,0,0.0,0,0.0,-1,22,452.0,43.0289185222455,513.7,0.0,26.493298823799826,1.42578125,81.137846,-8.293506620594265,0.35377827533213246,0,1059,0
8E9F1020-6887-47D2-897C-C8C8FB015B90,12746,5,242.0,1,0.02863643495998745,121,3.4650086301584815,85,3,151.0,8.688840807160165,119.0,0.0,2.7031031397947793,0.0,11.0,-0.6180074738268324,-0.04637037951645665,0,1059,0
59210FF9-D5FE-4EEF-B238-D10ACCA19706,3440,4,235.33333333333334,4,0.42441860465116277,527,55.917151162790695,97,28,301.0,56.679254142953766,148.7008,0.0,17.292129677661887,0.0,79.191018,6.685281638219081,-0.2092553329818512,0,1059,0
D85F6C68-413B-4541-B487-97D96FBD9BF0,4840,4,208.33333333333334,1,0.07541322314049587,329,24.81095041322314,831,25,675.0,96.23185874121886,352.6052,0.0,25.42298562787065,0.0,131.096,32.45447344705276,-0.003205433368671629,0,1059,0
607B267C-54D0-4206-9517-FE3935888926,6369,7,129.33333333333334,0,0.0,0,0.0,-1,24,489.0,78.23595346884501,229.0,0.0,26.37072323245716,0.0,109.0,-33.586725073783285,-0.7782571465156497,0,1059,0
45D920F7-00C9-4288-B627-F1B234B33629,6445,7,110.16666666666667,0,0.0,0,0.0,-1,24,181.0,60.4111875022162,185.2539,-127.0965,23.742309758609093,0.3964313421256788,89.25781,-13.004783917339658,-0.49611808602462903,0,1059,1
86A0511C-438D-4C45-93B4-5CA8959ACC25,2527,2,0.0,5,0.7222002374356945,65,9.388603086664029,436,21,452.0,79.35080889077531,202.2754,0.0,29.404213349181692,0.0,115.25291999999999,-11.244612848452789,-0.006857748170376548,0,1059,0
222B2D58-B4E6-4608-A993-EE22E726CC11,12746,4,287.0,3,0.08590930487996234,383,10.967754589675193,20,21,78.0,12.622923493399961,187.4019,-96.26875,2.552218397617846,0.14318217479993725,15.612557999999996,1.875548156306829,0.002129851088300763,0,1059,0
068B377A-FD3C-4F29-9C9A-92AC88378806,4199,6,110.2,1,0.08692545844248631,364,31.640866873065015,831,17,832.0,194.11034679132166,390.0,0.0,44.78610132095983,0.0,250.0,-9.218448643173502,0.013451877917997929,0,1059,0
0F0728DC-114B-4FA9-947E-6DE866090D6D,3525,3,118.5,2,0.20709219858156028,94,9.733333333333333,7,17,451.0,180.58410429156496,366.5321,-15.44369,59.63390500080388,0.0,252.63063999999997,57.97956398432083,-0.05447501011810164,0,1059,0
F23D9E97-D7AD-48C5-848E-EB3BE56A2D84,9807,4,323.6666666666667,10,0.37218313449576834,1361,50.65412460487407,33,13,450.0,96.99421585558845,344.45,0.0,47.44902157211637,0.0,153.58,3.6087671691029186,0.1621118004965434,0,1059,1
F230D24D-7437-46E8-97E4-1683B8C7725F,6995,10,77.44444444444444,1,0.05218012866333095,403,21.028591851322375,459,11,452.0,111.65923594673215,251.2848,0.0,24.841333116407842,0.0,141.7236,-5.440039286238331,0.34148308122621873,0,1059,0
DD781548-7E94-4620-ABAF-F126BA57E2A3,12746,3,56.0,0,0.0,0,0.0,-1,11,1370.0,316.34671587200484,850.39,0.0,128.90869863661928,0.0,492.09399999999994,-70.52090260039989,-0.0092105278203191,0,1059,0
B9DAFA34-ACAD-45A2-9EA9-FA166E912DA2,13,1,0.0,0,0.0,0,0.0,-1,9,1039.0,10.740366282361263,348.2782,0.0,37.433312326039925,0.0,39.06599,2.1472445245060214,0.7184037801615488,0,109,0
0D36B8DE-6935-4684-825C-8EEF2AFB468D,9825,7,164.83333333333334,2,0.0743002544529262,1637,60.8147582697201,271,5,150.999,54.52386692759842,259.5215,0.0,23.357899209793008,0.9287531806615776,82.97424,-11.308733025900885,-0.46800559797237845,1,1059,0
7338441F-16FE-4E26-83E1-567455692E6F,3645,2,355.0,2,0.20027434842249656,36,3.6049382716049383,498,3,250.0,62.59412790717526,538.7697,0.0,21.466665846957433,0.20027434842249656,91.0,-13.944745191125882,-0.11291986207721467,0,1059,0
183F635A-7D31-489D-8B9B-0140D4625984,4987,7,166.5,1,0.07319029476639262,5,0.36595147383196314,650,3,682.0,181.653088323133,302.3207,0.006910498,40.066933919637826,0.0,232.3234,5.600762468502808,-0.14985076887734644,0,1059,0
AEBA6A3D-153A-425E-B838-E54D62817C3C,1996,6,73.4,0,0.0,0,0.0,-1,0,415.68,92.00372106009048,223.68,0.0,29.819360608538517,0.0,129.3496,-5.686377652297281,-0.07456567911782261,0,1059,0
C54CE7F4-0609-4E82-ACE8-41E113F04B46,337,5,155.25,11,11.913946587537092,733,793.9020771513353,6,1,226.0,46.96702691435251,125.2441,0.0,20.714820814472613,0.0,73.97461,-16.043492963735225,-0.004764134118096235,0,1059,0
6D91627C-0809-4F4A-B786-CFFA4028E126,4354,4,217.33333333333334,2,0.16766192007349565,19,1.5927882406982086,690,0,452.0,132.4030883176502,324.0,0.0,40.55933301004594,0.0,185.0,3.5337943983991806,0.5381772098063146,0,1059,0
6C890ABD-5E44-4EA7-B7D1-7B01729CB2A5,2912,3,67.5,0,0.0,0,0.0,-1,252,452.0,135.08453310223462,260.9429,0.0,29.776375749570025,0.0,172.2858,-7.209353651617334,0.06193568761563377,0,1059,0
5F0C3A57-9E28-444B-AD0F-C50B861004C1,4987,7,84.0,3,0.21957088429917787,65,4.7573691598155206,242,210,682.0,181.9945858158838,302.9641,0.01949582,39.992218268224825,0.0,232.5913,6.4648772759371695,-0.09237715751220003,0,1059,0
3287E045-CC5A-44F5-89DA-DCD69DA1E5F1,6657,8,53.142857142857146,6,0.32897701667417756,219,12.007661108607481,311,358,251.0,100.7055908763322,237.9,-86.18622,37.73108770061945,0.0,147.6,7.864827773359167,0.287720007146423,0,1059,0
168B55CD-3653-4846-B11A-2C029F97E6BE,1441,2,1.0,2,0.5065926439972241,292,73.96252602359473,69,70,90.0,3.29836137659091,7.507507,-131.248,0.9113040053433361,0.0,4.204204,0.45696812111742346,-0.001063780476576801,0,1059,0
31233CF7-B98C-421C-BC39-314064817E1E,3994,4,126.0,1,0.0913870806209314,83,7.585127691537306,59,46,554.0,69.46116394794039,189.7942,0.0,24.981845503132092,0.0,100.8969,19.421546079837384,0.10183283962232137,0,1059,0
81737197-5406-4565-9D1C-43D983177299,7973,3,136.5,1,0.045779505832183626,65,2.9756678790919353,314,696,693.0,140.79734845725505,394.656,0.0,55.714959476469,0.0,220.992,28.277507098300504,0.4359756869845303,0,1059,0
2E270BD4-33B3-4CB2-B24B-C8E7FFF4B72D,4598,1,0.0,8,0.6350587211831231,1478,117.327098738582,27,665,402.0,120.61467077248878,390.8688,0.0,24.561019356707817,0.0,151.1647,6.867746046955645,0.016252661325235247,0,1059,0
C3F611C1-25DF-46AE-B06C-114862138B82,989,4,60.0,0,0.0,0,0.0,-1,784,802.0,108.65187340068424,524.6429,0.0,69.14097524553245,0.0,189.3425,35.104386988204666,-1.1186639191248597,0,1059,0
C4B816A6-01D9-49D2-9464-EE4D11138AFE,12746,11,91.9,2,0.0572728699199749,79,2.2622783618390083,353,31,266.0,116.38801342202551,276.2,0.0,24.473819888724737,0.02863643495998745,147.1,2.2656825656288078,0.18639980130137768,0,1059,0
ED424732-3580-4C2C-9F42-057AED83126A,370,2,143.0,1,0.9864864864864864,84,82.86486486486486,59,60,803.0,11.541055804406168,999.9147,0.0,55.30511575223494,8.878378378378377,3.790701,-7.906607963511107,-0.036196538003096426,0,459,0
5B6A4864-6D93-42FC-94D0-4E97AB2041BB,8049,5,67.0,1,0.045347248105354704,1,0.045347248105354704,654,339,150.0,24.802059137221168,347.0,0.0,24.324064041043048,0.045347248105354704,55.0,24.584051973889945,0.9170836134319199,0,1059,0
9E5EC2AA-D247-40C5-AC4F-1F8592D6DFE7,989,4,271.0,0,0.0,0,0.0,-1,150,802.0,92.24632237132519,288.6543,-121.6507,63.72622233966257,0.0,174.4423,-77.90144812996716,-0.6540588888866358,0,1059,0
7EEC2A6F-8B55-4FA9-A5BF-C96FB85F3618,6556,0,0.0,2,0.1113483831604637,9,0.5010677242220867,1040,0,489.0,94.02540597687262,205.0,-187.8,20.76113759460145,0.0,121.0,9.028837850287871,0.1543985197074208,0,1059,0
F8D8B824-1D6B-4827-9884-6254A2C7CF5B,12746,4,83.66666666666667,1,0.02863643495998745,22,0.6300015691197238,296,290,276.0,95.78405634185451,200.8789,0.0,34.010439136293314,0.0,141.1377,-22.574298576885383,-0.01081736012100353,0,1059,0
A119817A-A6B1-4E40-AA55-7B3AC6AA0B59,1139,1,0.0,0,0.0,0,0.0,-1,955,453.0,7.177361537563943,82.88313,0.0,3.7639011024107845,0.0,11.48899,-0.23161999489419038,0.023078089009211263,0,1059,0
870FB91B-E5D8-4EA0-B4EA-4A3A8FC2E635,7173,2,19.0,5,0.25442632092569356,110546,5625.162414610344,36,928,798.0,157.80901182978852,377.578,0.0,70.19275742933715,0.0,243.9843,-12.835307000313236,0.11386239362698966,0,1059,0
9E31BE67-A0C8-4797-AAE7-CEAD8350BE84,1067,7,162.33333333333334,1,0.3420805998125586,230,78.67853795688848,1013,77,753.0,203.1487898378785,461.1739,0.0,58.61254473131041,0.0,271.2545,-4.067664236026644,-0.03553457748575436,0,1059,0
29A38419-1EBD-47A7-9E93-FAF29C4D415A,12746,6,175.2,1,0.02863643495998745,30,0.8590930487996234,352,173,403.0,44.221017160361676,241.4,0.0,27.232525806076755,0.0,81.6,8.35261709889759,0.2350053561710459,0,1059,0
C92771E1-8125-4EDF-A205-E93AE3DADC26,12746,6,158.6,0,0.0,0,0.0,-1,250,739.0,175.8832977495781,430.0,0.0,56.25062512050191,0.0,249.0,9.693708423261398,-0.18395709575503422,0,1059,0
A1478965-DF45-4C9E-A2C1-51B8554473DF,1432,5,173.25,2,0.5097765363128491,156,39.762569832402235,347,348,416.0,59.390368315211404,213.4098,-0.03,35.41279172179792,0.0,107.92451999999999,25.842826478700644,0.09634884244203061,0,1059,0
420071ED-4053-473C-BE00-F2AD57C552C9,7125,6,185.0,3,0.15368421052631578,385,19.72280701754386,703,105,264.0,77.95021374118605,169.0,0.0,25.49997099238523,0.0,112.3,9.084076382270752,-0.0008639383921130698,0,1059,0
144C568D-B7F1-4C0C-9A19-274906B7F19E,12746,2,6.0,0,0.0,0,0.0,-1,1023,262.0,3.6521369638248826,185.7422,0.0,20.81769515035837,0.0,0.0,-3.6521369638248826,0.0,0,1059,0
4003EE70-B45C-44C7-891F-BB1F6EF6F1CB,12746,5,233.25,2,0.0572728699199749,143,4.095010199278205,398,93,440.0,135.4602846077472,325.1953,0.0,65.00263386766106,0.0,214.7827,-11.76003629987683,0.3459628662013659,0,1059,0
4A54D358-17CE-4805-8FA5-0AA098671906,8758,5,117.25,3,0.125028545329984,3773,157.2442338433432,412,552,1330.0,244.5892291298732,908.0792,0.0,125.77626082248874,0.0,449.35184,-104.88104198944112,-0.15641774104613468,0,1059,0
18971934-C7F4-4707-BE7F-465705C731B3,4424,2,847.0,3,0.24751356238698008,309,25.493896925858948,303,174,326.0,61.84562811021296,370.4519,0.0,14.655668942054715,0.41252260397830015,80.0,7.960697122040145,-0.009925923487995194,0,1059,0
0942C5EB-FC42-41D6-BEFF-7265CCA5583F,12746,4,177.33333333333334,3,0.08590930487996234,2842,81.38474815628433,463,488,276.0,110.97113105517874,217.43,0.0,30.08373913084438,0.0,147.91,5.178500117660761,-0.03668703383602042,0,1059,0
80904C47-EAC6-45D1-96FB-37B55200D33C,3297,2,1.0,0,0.0,0,0.0,-1,1018,301.0,77.81612545099713,180.0,-6.953444,28.024472634545848,0.0,116.25,-3.991472673219363,0.013408862776769677,0,1059,0
FF9BC881-886E-4CB1-84B1-BB30CDDB0ADD,2804,3,143.5,1,0.13017118402282454,18,2.343081312410842,105,728,451.0,100.45646232560891,232.4771,0.0,37.53563166040518,0.0,140.909,-15.298258617429894,0.15799094950466527,0,1059,0
612A09FC-6A8A-4303-A78E-87F7616EC271,12746,8,143.28571428571428,1,0.02863643495998745,5,0.14318217479993725,880,36,693.0,138.10919241178826,337.7295,-9.0,46.35737205713661,0.0,210.23234,-44.02663872320801,0.027940362409990982,0,1059,0
B958F294-B632-4375-82AE-0CBE6CBAF442,1036,3,110.5,8,2.8185328185328187,651,229.35810810810813,458,791,301.0,33.623427494993,68.54248,0.0,12.75632288008477,0.0,46.00525,-1.8960510814127538,-0.00401845514081156,0,1059,0
CAE06DB1-C28C-4DD7-8229-3FC558CC8FCD,3283,3,184.0,1,0.11117879987816022,37,4.113615595491928,364,644,451.0,180.62195238975752,2099712.0,0.0,5380.919543995279,0.11117879987816022,287.92704,11.72964078832888,-0.7198436688100381,1,1059,0
A67F23BF-12EA-4930-833E-716FD347EA9B,8057,3,471.0,0,0.0,0,0.0,-1,68,1245.0,309.43958302415837,832.57,0.0,126.36215326959965,0.0,481.974,-86.14762854884972,0.8546395765593506,0,1059,0
C182103F-59D6-42A0-96E7-3C5AB13F279B,5825,4,303.0,6,0.3759656652360515,292,18.29699570815451,457,92,160.0,39.12292027481597,894.3032,0.0,17.554147172094076,0.3133047210300429,63.56312,11.163726790924777,-0.03803942564084555,0,1059,0
040F8C6B-6154-4F65-90DE-0A928E5DF927,2376,6,187.4,8,1.228956228956229,127,19.509680134680135,233,54,151.0,25.553751413543967,80.31917,0.0,9.78813072345203,0.0,38.731122,-0.9276182020802324,0.0696039064436118,0,1059,0
0A766EC1-AA11-4B41-841B-B550585BD4FA,12746,15,64.92857142857143,0,0.0,0,0.0,-1,79,301.0,124.38236582919097,353.9307,0.0,40.22081169794863,0.14318217479993725,166.6016,-71.22576194099653,0.04187019581281979,0,1059,0
AF6F4292-7FD7-4D2E-8B50-818B9A886964,9352,7,149.0,3,0.11708725406330198,72,2.810094097519247,357,91,251.0,70.8083326849567,212.4987,0.0,22.079946978389373,0.0,102.02958,-6.503715992904233,0.1164968166369432,0,1059,0
AD25229F-6579-44E2-BF43-AC29981611E0,2898,4,169.33333333333334,2,0.25189786059351277,204,25.693581780538302,831,476,831.0,169.4417436619895,609.7018,-13.30965,31.745330384050142,0.0,207.13951999999998,0.9403058897080143,0.6367314266649162,0,1059,0
C1EC1AEA-C136-48C4-93D2-98466AFE7BC7,3262,3,172.0,3,0.33568362967504595,36,4.028203556100552,459,639,472.0,94.15581272113573,353.5162,-0.0778222,47.594724263334754,0.0,158.9637,8.37884910833958,-0.4688808419702091,0,1059,0
F0BE2E77-EABB-44C4-9A60-79EDF3CD87B7,12746,4,142.0,3,0.08590930487996234,199,5.698650557037502,464,555,251.0,84.00204344382647,179.1,0.0,37.24091195097167,0.0,126.4,0.016959979013037696,-0.02150719756219321,0,1059,0
50CFD97F-A9A9-448D-BFDE-393B797DF7C3,12746,5,177.75,6,0.1718186097599247,233,6.6722893456770755,354,267,266.0,122.35396517293003,248.4488,0.0,29.060636729454774,0.0,150.72,2.831442736020591,0.4997796298341722,0,1059,0
78151CF6-B676-4D65-A75E-25D3A6BC8D2B,12746,4,153.66666666666666,4,0.1145457398399498,121,3.4650086301584815,53,518,160.0,61.65650020684629,136.6894,0.0,14.046064343443858,0.0,79.5,1.8955831264870469,-0.04354978666782535,0,1059,0
D8DDFCFE-66F5-44DA-9087-612B676696F1,12746,4,130.33333333333334,2,0.0572728699199749,170,4.868193943197866,831,584,269.0,94.81638614123332,186.72,0.0,26.982613893879932,0.0,125.76,-0.13433518058516825,0.14300539798057438,0,1059,0
56C72817-7EEB-4404-A234-6C6D0755A29D,6232,4,307.0,0,0.0,0,0.0,-1,50,145.0,44.63746360359059,239.5976,0.0,22.57426191688248,0.2928433889602054,74.0,-14.277509899886887,0.04136638954051892,0,1059,0
5779EC43-21C7-4667-BC05-73CC8E6FED7A,2443,2,794.0,2,0.29881293491608674,99,14.791240278346296,93,172,250.0,50.848999750147414,135.0,-4.577637,15.27334642541951,0.0,70.0,-4.850851601999267,0.0017980043260493123,0,1059,0
0418827B-4B88-4512-9481-DB3A730A5550,12746,5,136.0,1,0.02863643495998745,85,2.434096971598933,955,420,266.0,105.9527639627808,927.1177,0.0,35.56728316795949,0.14318217479993725,140.0,6.620191284132787,0.1401207910897879,0,1059,0
84793B37-3551-41B0-B566-499DDB1E68FE,7343,2,66.0,1,0.049707204139997276,6,0.2982432248399836,151,963,678.0,70.37698688003572,163.0,0.0,14.37088235699863,0.0,90.0,10.475327934779102,0.06274940207516838,0,1059,0
F880248A-50DD-45A4-AC83-91D3571C3492,12746,4,84.33333333333333,6,0.1718186097599247,79334,2271.842931115644,564,704,99999.0,11.391157579086197,109.5947,0.0,14.634677563729397,0.0,30.79834,-11.391157579086197,0.0,0,1059,0
80C35AF4-575C-4DF8-85E1-1CFE30E08EE3,7342,3,16.5,6,0.2982838463633887,244,12.130209752111142,38,953,126.0,43.287709730489134,111.0351,0.0,17.85568558649519,0.0,67.3828,2.8949204030756803,-0.1176317855339869,0,1059,0
87192324-493C-4DB8-9CA3-A519F745E6ED,12746,13,55.916666666666664,2,0.0572728699199749,190,5.440922642397616,800,274,264.0,105.20447114613197,232.1,0.0,40.11912690762925,0.0,155.3,9.814327084577911,0.30508981444601674,0,1059,0
3E2ECBE0-F314-49FB-B271-F42762483208,6425,5,117.0,2,0.11361867704280156,74264,4218.888715953307,36,584,739.0,177.08581678211934,408.3658,0.0,69.50649531757286,0.0,264.0657399999999,-20.267718002798375,0.11619162099214726,0,1059,0
3D9B1E81-7F71-4E0D-BBE5-F1D7A487CD05,1029,6,16.8,6,2.128279883381924,729,258.5860058309038,815,862,416.0,40.33295831821364,100.8622,-1.989993,10.805439740476862,0.0,50.29179,9.534806159409811,0.24030193275743547,0,1059,0
7E47271A-9402-41EB-AB36-67F25E9ADADF,1337,4,151.33333333333334,4,1.0919970082273747,158,43.1338818249813,62,481,452.0,122.05414006789812,411.0,0.0,39.48115686623664,0.0,173.0,18.495410743830263,0.061577724707538084,0,1059,0
0DB51A8A-4907-4EAA-9E2E-1EA4B14D04FB,1183,11,89.0,7,2.1597633136094676,859,265.03381234150464,435,91,151.0,48.67597853112216,225.4,0.0,18.881898937149973,0.6170752324598479,72.5,1.5694381398654897,0.11619556366316555,0,1059,0
0D0B09B9-5288-48F2-8CC9-56475F27ABF0,2338,2,116.0,1,0.1561163387510693,35,5.4640718562874255,809,923,678.0,109.99333510501356,329.0127,0.0,60.09632392562914,0.0,195.32247999999998,49.82821792739384,0.025409985932036486,0,1059,0
6B14C01A-EAA3-49A8-9309-76CD84D81B27,2186,2,1.0,2,0.33394327538883806,213,35.56495882891126,113,921,602.0,123.11889203506537,322.0629,0.0,46.46532333835499,0.0,180.81413999999998,20.074484545181562,-0.24456987890723741,0,1059,0
7D79BF7B-842E-4995-BE09-FD1FD3655FB3,941,6,164.6,1,0.38788522848034,49,19.00637619553666,295,92,603.0,108.21353816363728,305.4399,0.0,49.39448788850759,0.0,165.4776,-0.10914450283480903,-0.008388721356994457,0,963,0
9C5EBED9-6596-468C-AF05-09865B4D5E6E,2442,3,105.5,1,0.14946764946764945,456,68.15724815724815,831,707,301.0,30.775573647753255,176.1974,0.0,21.175189044039726,0.0,61.32093199999998,7.766814775086253,-0.011379411371926355,0,1059,0
DF69803E-1C67-4624-ADAB-3F63B21E25AC,12746,6,168.2,0,0.0,0,0.0,-1,74,800.0,271.6078303168912,616.2964,0.0,69.99022655005714,0.0,361.9263,9.766020454713725,-0.038640580421728625,0,1059,1
78761FDA-39E5-4EA9-A4D9-7FDC815F320C,5172,5,92.25,0,0.0,0,0.0,-1,564,400.0,92.09094796108664,273.0,-105.7181,47.70633559569228,0.0,157.0,-25.792336849975527,0.19136907620048207,0,1059,0
DDB78145-F203-4785-B820-79E009E09EB1,12746,2,1.0,1,0.02863643495998745,81,2.3195512317589833,37,914,489.0,107.56989762750595,225.0,-21.6,28.519154834681657,0.0,145.0,-3.160406886765216,-0.08150851957042564,0,1059,0
7F340B6C-D32A-4F8B-90CD-C862EEA99414,996,2,0.0,0,0.0,0,0.0,-1,904,1454.0,267.36387754161547,614.7714,0.0,112.63928290043704,0.0,402.70018,-52.28794017224817,-1.786858582581183,0,1059,0
3B353B6F-8AC4-452E-9DC5-A5FBCC9DCFED,4149,4,27.666666666666668,0,0.0,0,0.0,-1,815,452.0,139.6814720888848,360.0,0.0,50.67762444231533,0.0,202.0,-35.01935789135392,-0.17696223356346977,0,1059,0
EC3B46F5-6D6B-45FC-A05A-70A2224997C2,4149,4,25.666666666666668,0,0.0,0,0.0,-1,821,452.0,140.86525888617544,363.0,0.0,51.03457784527894,0.0,204.0,-35.40684839234828,-0.18209764122696417,0,1059,0
95A3ABCE-D88C-4314-A9E9-B8513A60052C,12746,4,296.0,3,0.08590930487996234,177,5.068648987917778,462,56,120.0,44.04420344481144,115.0,0.0,15.148424338854856,0.0,64.0,-18.21310776579909,-0.001922219478422875,0,1059,0
089F8EF0-AC2D-4868-B833-05A867DBEF61,12746,12,69.27272727272727,3,0.08590930487996234,869,24.885061980229093,460,269,706.0,283.28372489275506,800.0214,0.0,85.70182070226906,0.08590930487996234,352.075,-18.14341703010075,-0.011928705859005826,7,1059,0
38E168C4-670A-4DE6-BE88-9E9A6C7679F7,6739,10,85.88888888888889,4,0.21664935450363554,71,3.8455260424395306,453,173,188.0,41.623009167722785,106.7106,0.0,20.82997670872135,0.0,70.1442,-4.368072792568462,0.14938253598749568,0,1059,0
0E5946F9-90B0-4BC0-9696-BA28B2584FDD,7351,3,0.5,0,0.0,0,0.0,-1,878,2144.0,302.57174652032023,1136.965,0.0,162.38728780580962,0.0,523.184,-63.4953950164622,-0.44553270952828955,0,1059,0
20EC2CBC-C6A7-403B-ADC6-1A560025E4E4,12746,4,205.66666666666666,2,0.0572728699199749,120,3.436372195198494,566,258,452.0,137.76591938248504,349.4885,0.0,69.22073092367874,0.0,209.63162,19.53578370933596,0.08472056612655551,0,1059,0
783B3D90-1BE7-4FFC-B3A8-DDA22416F1C5,4847,3,69.5,0,0.0,0,0.0,-1,875,251.0,51.287931703472516,121.6339,-48.79591,17.523070928481523,0.0,72.497522,-9.924171670339796,0.09617402530209361,0,1059,0
BF613F99-2DCD-4D53-813D-35CBDD081C47,4363,4,277.3333333333333,0,0.0,0,0.0,-1,40,451.0,88.20467623557494,240.0,0.0,19.4372240020641,0.0,114.0,7.635292900227526,0.01644990465206221,0,1059,0
327067B8-5F05-47D8-B046-55DD26FB513A,12746,5,191.5,1,0.02863643495998745,152,4.352738113918092,602,102,412.0,89.49777893057188,317.3,-9.3,39.90306200433703,0.0,138.01,6.857105328687382,0.4007522476482408,0,1059,0
E1B23343-11EE-4D06-B68E-1C6E37035CB4,4672,7,69.5,0,0.0,0,0.0,-1,448,628.0,150.22597444997382,308.1528,-144.9404,30.30766189267327,0.0,188.24533999999997,-25.82151804873925,0.5284106860688277,0,1059,0
C97B79D4-FD5E-452D-83B2-30FAA1368686,12746,7,69.83333333333333,1,0.02863643495998745,162,4.6391024635179665,831,445,693.0,225.70220701701393,362.8,-25.1,27.212919007895398,0.0,256.7,-15.389953930594203,0.1817187535724909,0,1059,0
B603BEBA-4D07-4357-90B6-856CED27A507,12746,1,0.0,1,0.02863643495998745,42,1.202730268319473,601,863,450.0,148.66610564263524,335.33,0.0,54.844163305829156,0.0,214.83,-36.627803173499444,-0.28290301386100114,0,1059,1
B5C30833-D82F-4AFF-ABA3-B71921FC635D,12746,8,77.42857142857143,3,0.08590930487996234,34,0.9736387886395732,333,316,683.0,117.65531739413082,459.55,0.0,69.0825104101989,0.0,201.98399999999995,46.02147967377043,0.8396516116528967,0,1059,0
FE5E6CA4-8A0C-4EF9-8E1C-50B67AD61764,4025,1,0.0,2,0.1813664596273292,504,45.70434782608696,238,859,138.0,13.156753334165098,82.0,0.0,3.580696586789638,0.0,17.5,1.4193462028719388,0.002420780686215913,0,1059,0
101E536C-C816-4B20-9C6A-6C97C7CBD9F1,7550,3,377.0,3,0.14503311258278148,80,3.8675496688741724,59,103,208.0,43.603720350719364,213.0,0.0,18.534837953946194,0.048344370860927154,68.0,-14.099769202802694,0.45329404985531163,0,1059,0
CD1ECB28-EEF7-4014-B417-A5A5D5041015,3570,2,768.0,3,0.3067226890756303,381,38.95378151260505,234,79,452.0,205.20998771442868,360.6054,-9.461337,43.34399649363202,0.0,260.53612,13.720019354298188,0.2543783212181006,0,1059,0
0103621A-B5FB-4EAF-B661-5933B9E2990B,12746,13,68.5,3,0.08590930487996234,939,26.889612427428215,33,22,800.0,349.39917718603687,790.2831,-16.18726,94.82956861759307,0.0,461.9751,25.18637762877796,-0.5888775723230038,0,1059,0
19BC1D55-5791-4C12-B27E-D8D1D52D5867,913,1,0.0,0,0.0,0,0.0,-1,846,602.0,101.79081348746777,297.9818,-4.394419,57.81110711887413,0.0,171.97541999999999,34.291897492624855,-0.45369140314548584,0,1059,0
4A7D9253-FDDD-405A-B7B0-ACECFA3C0672,12746,8,107.71428571428571,2,0.0572728699199749,68,1.9472775772791464,285,82,800.0,327.9821315454701,685.1807,-0.7576736,93.2344458677618,0.0,435.6079,34.70755100391261,0.26315604706537066,0,1059,0
510E2E04-AAB2-41AA-BAC8-1BFCCA3C09DF,12746,15,67.78571428571429,4,0.1145457398399498,201,5.7559234269574775,311,0,264.0,99.74853545174571,244.6,0.0,39.94739390282594,0.0,148.8,10.953901713377732,0.27484761040791206,0,1059,0
91DD3FA9-4DBB-436F-895C-F1C6C1DBDAD9,12746,6,108.0,2,0.0572728699199749,284,8.132747528636436,254,288,1370.0,248.6324958604477,851.17,0.0,142.12063393468082,0.0,448.82,-163.92915172464524,-3.2166953041758286,0,1059,0
4E1662A1-23AE-4383-BA23-9721548AB53D,3801,4,9.0,0,0.0,0,0.0,-1,801,887.0,255.5157053324298,737.0,0.0,69.00566974025215,0.0,344.0,62.41515886510106,-0.04297226909617385,0,1059,0
39D80A8A-0BD1-44F7-BB17-EBA6C2EF8815,12746,3,172.5,2,0.0572728699199749,21617,619.0338145300486,83,509,455.0,105.26597285894395,343.9453,0.0,59.59302396963788,0.0,186.6211,-29.872159066505688,0.6144355072705133,0,1059,0
EB2E1E6A-7867-4982-9FB9-70632A10CDB9,5896,4,189.66666666666666,1,0.06190637720488467,46,2.847693351424695,832,252,452.0,57.766716844771516,237.6709,-45.50362,33.33676079637859,0.0,101.2756,-10.548772701455157,0.1324266528901533,0,1059,0
1C285E62-A053-48E3-9F57-B8FB2791E2DC,1282,5,171.0,3,0.8541341653666147,725,206.4157566302652,444,136,452.0,102.66249901619969,391.1461,-17.72805,27.963716234656495,0.0,143.284,13.445858431331189,0.009811620069588077,0,1059,0
7A2E33FB-CCD9-484B-A45A-D606B7718AA8,12746,1,0.0,2,0.0572728699199749,8,0.2290914796798996,152,819,151.0,52.72195377018393,288.0,0.0,14.613291940753324,0.0572728699199749,70.0,1.976040056976565,-0.038036588879337106,0,1059,0
B162CAC1-5ECC-41A5-82DA-750E8A7DFE7B,6664,3,47.5,1,0.0547719087635054,169,9.256452581032413,831,719,271.0,128.07774887735,223.5446,-3.0,21.03308107878054,0.0,153.5569,-22.90816040744258,0.27785721798235524,0,1059,0
4B563A1D-CE3A-4E0C-BB18-464300998D19,12746,5,228.25,0,0.0,0,0.0,-1,40,452.0,118.07154593593017,259.7622,0.0,36.353098950745,0.0,163.12584,-37.0983017827666,-0.2950416438973117,0,1059,0
3AA438F5-B9FA-4DB5-ABE5-0FCDF077797C,12746,6,137.6,2,0.0572728699199749,46,1.3172760081594226,655,121,489.0,163.55477005384571,339.0,0.0,56.52057678665079,0.0,235.0,-9.956776226685207,-0.0025828520212039874,0,1059,0
DB5A98A6-9ECB-42CB-9D8D-32C1F7C7D8A8,7030,3,187.0,1,0.051920341394025606,11,0.5711237553342816,972,433,377.0,118.46407862787021,384.2925,0.0,20.687007014225415,0.051920341394025606,146.62356,4.722054760247076,0.2619722172289278,0,1059,0
30B9750D-9A0B-4170-A5BF-C90D2A092FE6,6606,6,192.8,1,0.055252800484408116,158,8.729942476536483,831,77,152.0,28.16139792491546,121.8745,0.0,13.629381012217197,0.0,47.30936,3.9882866950691103,0.1540647676236081,0,1059,0
5F2943CA-E070-4A84-AE21-4DF654FBACE4,3318,2,13.0,1,0.11000602772754671,53,5.830319469559975,134,1036,301.0,99.01992456263501,192.8708,0.0,25.823875650414998,0.0,129.9396,-14.525140436400449,0.2396294427560078,0,1059,1
BA499951-FC9B-497B-A257-37CB581DB410,12746,4,225.0,0,0.0,0,0.0,-1,356,988.0,187.07062703973418,494.08,0.0,61.283623439843794,0.0,267.91,59.64049101582137,0.3798397030038065,0,1059,0
A0146C0A-219D-4E78-9BC2-9B62DC02D44F,12746,2,6.0,1,0.02863643495998745,5,0.14318217479993725,611,1016,309.0,61.66836399259293,165.7471,0.0,20.941108840998897,0.0,91.04004,-1.6523048961423115,0.0075614899672671616,0,1059,0
C58977FC-E817-45E6-A8A8-F3AF3EC2D644,12746,3,498.0,1,0.02863643495998745,79,2.2622783618390083,188,19,489.0,122.69688725629895,280.0,0.0,36.11623316565838,0.0,169.0,-1.8403286143236386,-0.02810617908944017,0,1059,0
81149ADE-1FBF-4DEA-B7BD-33428148236F,5669,5,248.0,0,0.0,0,0.0,-1,21,145.0,44.35331522388648,595.0482,0.0,22.68301985866135,0.3219262656553184,73.0,-14.123608433763025,0.030363659436665427,0,1059,1
3A89B0FC-9977-4FF6-A6B2-91AE0D168FD1,12746,6,153.2,5,0.14318217479993725,89,2.548642711438883,240,247,188.0,22.896296700965937,83.0,-144.4463,9.5558406709403,0.0,34.0,-1.2771608984968026,0.03669074371319635,0,1059,0
D6F046AA-8A21-41ED-92BD-CE6AFBBDC257,12746,5,125.0,6,0.1718186097599247,45,1.2886395731994351,456,513,472.0,134.07523608998142,799.0488,0.0,40.45949100411195,0.02863643495998745,176.4221,3.9305640219013185,0.025276036942583242,0,1059,0
A96BEA97-ED58-4E41-A8CA-51A4EF1D2650,12746,7,147.5,2,0.0572728699199749,495,14.175035305193788,168,152,432.0,113.52303184119458,207.31,0.0,23.55874813392978,0.0,142.69,-9.244599742429145,-0.06873391090817298,0,1059,0
0959DAA1-AD8D-4913-9DBB-B8276F0346CB,6207,11,96.0,7,0.411632028355083,440,25.874013210890933,270,35,259.0,112.51764914782615,331.374,0.0,34.637922796571274,0.29402287739648786,154.29163999999997,15.438579840754102,-0.11908530295659846,0,1059,0
E08256B1-31CF-4C4F-8B11-25AB5404E475,3262,3,73.0,2,0.22378908645003065,81,9.063458001226241,409,851,472.0,93.92506771547144,570.307,-9.3125,47.71248122902681,0.4475781729000613,158.9637,8.432076836843379,-0.4715515099792936,0,1059,0
3CF93F4B-5D55-4CE2-BC88-3C72DE853BE3,12746,2,117.0,1,0.02863643495998745,26,0.7445473089596737,965,881,527.0,182.48453749295737,308.9905,0.0,39.82539848427769,0.0,240.3564,26.028190786363638,-0.3847290170199225,0,1059,0
4F299892-5A7B-46C9-9776-EF49E2EC385B,4605,2,1.0,0,0.0,0,0.0,-1,989,250.0,18.8364863711282,373.0,0.0,17.849514270161688,0.15852334419109662,45.0,-13.08810674149857,0.0028798136944147086,0,1059,0
03305618-8601-4B76-8E80-AD1AE27609A4,2585,4,192.0,1,0.14119922630560927,125,17.64990328820116,448,406,803.0,244.75017647730925,949.585,-24.46836,57.59308845929322,0.28239845261121854,310.3638,-10.793195559099388,-0.08018328072647098,0,1059,1
32BA210A-70F5-4937-B0AD-C2E9FDA1C70D,12746,6,196.0,3,0.08590930487996234,17,0.4868193943197866,491,0,479.0,117.65805496423593,301.8219,0.0,41.81376714342235,0.0,168.69988,-36.007897938572356,0.3942896527552553,0,1059,0
2877D2BE-ADF5-4E02-B930-7FEAE4EAC2E3,10455,6,167.6,2,0.06982305117168819,508,17.7350549976088,578,141,479.0,56.68348392720324,222.0,-5.15977,28.269880118644892,0.0,97.0,-6.987804914857563,0.1523934139102277,0,1059,0
F4B22715-8AD5-43E3-9B1D-CEB6AA6B186B,1179,4,300.0,0,0.0,0,0.0,-1,71,603.0,124.84153780031781,490.9829,0.0,65.09599749016576,0.0,189.7543,-18.334848469067808,0.009817194408844168,0,1059,0
E4731289-4021-456C-B1C0-35471BE3887E,2219,4,40.333333333333336,2,0.32897701667417756,452,74.34880576836413,830,847,301.0,53.139937229348796,200.7087,-222.5,17.221337625036096,0.0,78.18890599999999,-12.467559658669785,0.02214820042159628,0,1059,0
FE508FA3-95CA-46C7-8F8F-C489B7E9A41B,3581,2,1.0,3,0.3057805082379224,329,33.53392907009216,688,963,301.0,84.47162960609243,266.1736,0.0,43.96598695594278,0.0,143.7867,30.05584805370694,-0.11902015311898533,0,1059,0
458C9317-2ED9-4E0D-A157-FEEB84349913,9451,11,92.6,4,0.15448100730081474,1011,39.04507459528092,284,26,739.0,91.71034589194088,377.7464,0.0,63.25304580460613,0.0,183.79379999999998,-40.15512148121557,0.058450958755549495,0,1059,0
8066BFEF-9678-40A1-8F55-0CDD267C2FEC,12746,5,44.75,1,0.02863643495998745,282,8.07547465871646,831,772,107.0,43.362478114105606,99.2,-2.117635,9.453173503826424,0.0,55.3,3.72846324391908,0.1363647203815345,0,1059,0
45B4C5AF-AD77-4D6E-A306-29B600B035B0,6540,2,32.0,0,0.0,0,0.0,-1,919,251.0,61.64815033769111,124.5935,0.0,21.7293648320877,0.0,88.288488,4.740963168234806,0.16402240764837134,0,1059,0
F1CEC826-C74D-4DF2-8C04-3FC8C9379645,12746,3,265.0,0,0.0,0,0.0,-1,420,678.0,49.43381502689002,539.6312,0.0,27.48680461650999,0.0,85.0,-8.384277989852983,0.17805741906862266,0,1059,0
48C35BFD-4DA0-43C5-92DE-4AEC3E5D6D0A,12746,2,231.0,0,0.0,0,0.0,-1,720,151.0,32.36059282801552,150.0,0.0,11.870380744548356,0.0,49.0,-5.883895297151323,0.08044957539337437,0,1059,0
3BB36FED-8F33-4EB6-A9E1-EEC15C9BE2E4,5565,3,190.0,1,0.06558849955076371,45,2.9514824797843664,23,567,266.0,99.49087947755748,1322.0,0.0,40.10158876509623,0.3935309973045822,146.69452,4.599071914572136,0.2755314836420354,0,1059,0
59714C45-7F19-4ADF-AB64-383589441535,3952,1,0.0,0,0.0,0,0.0,-1,947,887.0,151.63088566494187,545.627,0.0,84.35365100391508,0.0,264.1332,42.563266576493334,-1.0872030763423643,0,1059,0
D3BA5D04-B303-4EC7-BAC7-84B8E1F6765C,85,11,94.3,2,8.588235294117647,226,970.4705882352941,831,73,346.0,59.67325414345281,479.1862,-0.001,46.69502126552331,4.294117647058823,127.08451999999986,-22.105718763668854,0.6862343792325676,0,1059,0
FEB0DC7B-70AE-4770-A41D-63203CDEC0D7,4571,4,95.0,2,0.15970247210676,16,1.27761977685408,933,760,753.0,190.76384570917148,568.3344,-30.0859,74.41200713216517,0.0,263.3458,18.83813647292729,-0.09902909377836401,0,1059,0
385D0432-7208-4080-8224-C6B79E54406D,4835,6,182.4,1,0.07549120992761117,290,21.89245087900724,942,29,206.0,41.07043919638442,219.1518,0.0,19.556258002602693,0.37745604963805585,67.219202,-12.145982541677633,0.09212255761219969,0,1059,0
B9E051C8-32D0-4223-A2D5-FA7E228CE28A,12746,12,77.18181818181819,2,0.0572728699199749,262,7.502745959516711,491,77,256.0,122.1744636550067,230.2,0.0,33.55485535878966,0.0,166.3,-10.693730630315343,0.15405699949229146,0,1059,0
08F51991-D070-4C61-972E-E73585D7A7C8,12746,6,179.0,4,0.1145457398399498,436,12.485485642554528,22,30,301.0,114.50760319863154,223.91,0.0,38.50292854412286,0.0,154.6,-17.45623282826118,0.9444271606462094,0,1059,0
CBDE2D9A-4FBA-476B-8A6F-3BD26AC07A7D,12746,4,336.3333333333333,2,0.0572728699199749,126,3.6081908049584186,416,28,78.0,12.13474228689514,294.0802,0.0,2.7414092722243524,0.14318217479993725,14.98937,1.9551306119011542,0.008715085508119905,0,1059,0
67013822-50EA-4C0C-A499-E18A86BF8D0A,1243,2,920.0,5,1.4682220434432824,229,67.24456958970234,22,3,99.0,9.779048997859306,143.6828,0.0,6.618655797653246,1.4682220434432824,22.196,-3.9836596576664043,0.08950670876819894,0,1059,0
CEA0063D-D90E-4C37-A135-A4E0ABFEC701,12235,4,206.0,8,0.2386595831630568,367,10.948508377605231,258,299,148.0,54.156549291791166,123.6762,0.0,17.148676168270544,0.0,75.68355,3.350600653424891,0.006549422657863121,0,1059,0
BCB99DFB-301D-47A7-BAE5-4346EE59A479,5173,2,542.0,1,0.07055867001739803,3,0.21167601005219408,37,375,400.0,133.96661299440527,4310.928,-5.565529,31.376682563372793,0.07055867001739803,170.8706,-7.491957735917609,0.06231898601953099,0,1059,0
9E00283D-2CBB-4BEF-9B06-1E66D4686550,12746,4,139.33333333333334,2,0.0572728699199749,46,1.3172760081594226,831,490,259.0,92.88868058445568,584.0,0.0,39.12436483642303,0.14318217479993725,141.9,-12.910169778977291,0.13969757921426965,0,1059,1
E019CCCA-A54F-4A7E-821E-C3590B3DA268,12746,14,63.84615384615385,1,0.02863643495998745,15,0.4295465243998117,993,67,887.0,93.89878577948217,455.0,0.0,64.44417292727336,0.0,180.0,41.77513397360424,-0.729498612083038,0,1059,0
71A4FDF8-3D80-481F-AFF5-B7489AA6400B,5201,5,183.75,0,0.0,0,0.0,-1,168,256.0,104.50709523166785,243.4782,-16.89596,43.00433704597248,0.0,159.1007,6.499853461233386,-0.06680848233674762,0,1059,0
DD28E303-2043-4765-9DBC-00AB4836A5FF,7142,3,59.5,2,0.10221226547185662,114,5.826099131895828,401,780,271.0,69.72568039297511,128.7,0.0,19.041090330840607,0.0,93.4,-1.6979489114936257,0.186788903979858,0,1059,0
C3066597-CB16-4B8F-BBAB-4EF7BDCFF6FC,5275,8,125.42857142857143,5,0.3459715639810427,2133,147.5914691943128,365,20,489.0,73.14839658670799,348.0,0.0,42.59491602162773,0.0,126.0,10.103455265143864,-1.3045186191255023,0,1059,1
4A139140-8535-4803-9239-67A5E2757A68,4763,5,110.25,2,0.15326474910770524,240,18.39176989292463,130,477,232.0,71.59554344214543,198.6288,-8.400001,27.096592209275293,0.0,108.19954,-7.258806482886172,-0.18905281242364264,0,1059,0
0BF3CDD0-DF96-496B-9134-F2849E801EBF,5442,7,71.0,2,0.13414185961043734,430,28.84049981624403,2,463,284.0,122.1611492899591,250.3086,0.0,29.155750161493966,0.0,158.12276,0.8024791853495543,-0.023918858594916367,0,1059,0
81E7573E-370D-41FF-94AD-2CF63FD8095E,3360,3,69.0,0,0.0,0,0.0,-1,751,450.0,108.42483552171886,192.98,0.0,22.303623476703454,0.0,139.16,7.430642101737931,0.03207653036714884,0,1059,0
B67A6759-A83E-488C-8696-4C5E87CD94E1,2038,4,163.33333333333334,2,0.35819430814524045,531,95.10058881256134,272,385,1039.0,51.95894828675657,417.5107,0.0,35.526859932831826,0.0,107.77634,13.404301376900825,-0.15266071506268528,0,1059,1
702BC098-B23F-4DB2-8277-D6F642CA8B28,12746,4,166.33333333333334,4,0.1145457398399498,407,11.65502902871489,136,450,314.0,34.561719756807875,109.9,-57.49477,17.047668292206318,0.0,58.2,-8.696087040758485,-0.2805343938209455,0,1059,0
AE54E534-A74D-46DC-8F22-8C0F7C94B5F6,3350,4,269.3333333333333,1,0.10895522388059702,360,39.223880597014926,831,147,301.0,66.84751201892414,264.1913,0.0,43.35263041499057,0.0,136.33852,6.226158401060431,0.1698016696135271,0,1059,0
D929BBFD-057B-4A77-B3AE-032C4BCE5DCA,12746,6,135.0,0,0.0,0,0.0,-1,182,452.0,169.19869243730588,339.0,-214.6522,55.086935405625205,0.0,235.0,-17.056099844713287,-0.1480227325734492,0,1059,0
582A4AA7-2C97-4452-8B75-B9B6B7DD2790,12746,12,58.18181818181818,1,0.02863643495998745,71,2.033186882159109,570,243,251.0,105.33320684432682,239.5,-127.6779,47.60854421305772,0.0,165.5,19.06460951369786,0.27098372341338955,0,1059,0
52732ACA-3F3D-41EB-A1C3-5E7DB087D478,12746,7,103.83333333333333,0,0.0,0,0.0,-1,228,203.0,46.09608174039806,115.0,0.0,21.62458518680413,0.0,76.0,-5.702871863854853,0.16298674276199193,0,1059,0
30A963E2-56DC-4C6F-85FE-19F9FD54A91D,3586,5,171.0,0,0.0,0,0.0,-1,158,452.0,41.18319652068135,185.661,-10.81999,30.15185209355282,0.0,82.86966999999999,8.63277739706556,-0.15801024961763432,0,1059,0
68EEE1C6-80EB-449A-855A-A3EB182BEC07,2390,5,201.25,15,2.290794979079498,740,113.01255230125523,99,245,452.0,116.95405117736247,430.0,0.0,41.69441417859247,0.0,175.0,-10.95605599294889,-0.06641411495885628,0,1059,0
FCEE839F-3F98-48A6-98A7-8D6BB1B743CA,12746,7,84.83333333333333,1,0.02863643495998745,187,5.3550133375176525,831,428,269.0,67.13888071424348,533.8332,0.0,23.470728476359092,0.1718186097599247,89.5,10.385131925417,0.1291503061265448,0,1059,0
3332C3FD-EFD6-4F55-B9DF-F37C156D5C58,12746,5,84.0,1,0.02863643495998745,404,11.569119723834929,865,536,753.0,163.2044923073408,415.7583,-40.73291,84.44986198226403,0.0,248.9596,33.313154667967865,-0.0846960754679028,0,1059,0
DEDF2C8D-203D-46B8-AA25-2DC6F0A3ED75,5216,2,1.0,0,0.0,0,0.0,-1,821,490.0,104.20694575774031,295.363,0.0,42.213132444614146,0.0,161.21734,-14.597368269545868,0.13413970612190237,0,1059,0
F88C8391-493F-46C4-ACA6-90849D55A536,12746,1,0.0,3,0.08590930487996234,2325,66.57971128197082,586,1051,339.0,76.99990276497667,179.3701,-30.61992,20.18164517250747,0.0,103.3447,-1.2502979918285178,0.027698448880218152,0,1059,0
703A4E81-90DE-4C1A-A628-96004C4CDBC5,3360,4,165.33333333333334,1,0.10863095238095238,266,28.895833333333336,831,546,301.0,81.59933349530819,127.6,0.0,10.884133645954277,0.0,95.7,-0.3553751619748624,0.10416990780747286,0,1059,0
134082F5-20EE-4BF6-BF65-99DD9D94FF79,4826,3,175.0,1,0.07563199336924989,16,1.2101118939079982,105,679,377.0,105.30148623673921,233.6672,0.0,39.35469301303185,0.0,147.72636,-16.080094246770074,0.16663708013532885,0,1059,0
891C53D5-3FCA-44CD-AA86-AB4177A748C4,2427,4,339.6666666666667,8,1.2031314379892872,177,26.61928306551298,52,8,159.0,26.374177269330907,72.52126,0.0,9.711935194075146,0.0,39.498914,0.6848132957377651,0.0444773838953103,0,1059,0
5F9C4547-A81F-43B4-83D1-13C75F9A5B82,1077,2,573.0,2,0.6778087279480037,10029,3398.8718662952647,422,454,301.0,72.3054930139145,170.9804,0.0,21.816805422890535,0.0,100.65406,-1.6692677137601777,0.2243555043277518,0,1059,0
596E0C13-45F2-4528-82B0-67DE8C99E9D5,9705,2,796.0,3,0.11282843894899536,309,11.621329211746522,162,218,271.0,50.14278738225851,234.7766,-82.45698,15.765857822359855,0.0,77.05469,-3.369387382258516,-4.663708555906961e-14,0,1059,0
AFFD3861-8CE7-4386-B3CA-B427D9CB71FD,8458,4,326.6666666666667,0,0.0,0,0.0,-1,31,251.0,71.2922100897634,122.0282,0.0,13.25831915879494,0.0,89.16072799999999,-7.449040724022666,0.06409929223080646,0,1059,0
7D4391B2-5728-488A-9F43-F11A6A98C583,2686,3,422.0,0,0.0,0,0.0,-1,165,452.0,66.775565528246,319.56,-266.6347,37.62315098374255,0.0,119.65,-10.907457503554653,-0.27209935725953527,0,1059,0
ECF72A82-D21D-4399-8DA5-9C3CF153E3C1,1089,2,937.0,9,3.0165289256198347,765330,256515.564738292,135,56,451.0,36.51135755892492,540.1393,0.0,40.85383435056437,1.6758494031221305,100.0507,30.386832292926933,0.07006860213417507,0,1059,0
CCB80281-C883-469C-AD11-C4D27D11A485,12746,6,174.2,0,0.0,0,0.0,-1,114,1083.0,268.73969885629765,2000.527,-98.87186,123.97811512870614,0.1145457398399498,422.1497,-60.91582970668347,4.451157971400157,0,1059,0
A72CBAE4-05E9-4164-B9DA-AA5FF0A39B10,8294,2,35.0,0,0.0,0,0.0,-1,986,825.0,298.6696277859568,2176.88,0.0,113.7988401758461,0.1760308656860381,452.27,115.62701759212962,-1.0718765091316642,0,1059,0
D26CB470-C959-4C4A-82B4-09BA54EE72E6,12746,8,104.28571428571429,4,0.1145457398399498,254,7.273654479836812,397,259,266.0,148.1292789272886,235.5,-26.8,22.40143709812157,0.0,175.0,-1.4132681248194672,0.21542870518980964,0,1059,0
3E4F934A-22F9-4600-8BB4-8AA3E9C087FB,12746,6,178.2,3,0.08590930487996234,17,0.4868193943197866,332,89,489.0,55.811270757937315,251.0,-5.003362,24.160098520405498,0.0,89.0,-3.5729991529990457,-0.011324329021009815,0,1059,0
02BA5F51-59B4-4241-A510-5A266306282B,12746,3,305.0,5,0.14318217479993725,571,16.351404362152834,685,368,104.0,15.409088721020177,62.5,-125.2329,7.126779746582844,0.0,24.4751,1.8946087262792037,0.02531182123963227,0,1059,0
85FB3038-427D-4E5A-9C5C-56E9B64A6AC4,1986,2,335.0,1,0.1837865055387714,87,15.989425981873111,549,637,1662.0,328.953492151267,727.0,0.0,122.91061240682154,0.0,477.0,-33.777334743859626,-0.8205025883399821,0,1059,0
A0FE2471-47AB-42E3-A823-0B978173C4D6,3031,5,200.75,2,0.24084460574067965,615,74.059716265259,46,216,451.0,71.92938791083152,226.9861,0.0,60.86164894783235,0.0,183.67238,-32.47062117865559,-0.1812973161564185,0,1059,0
E84D8F35-5DED-432C-872B-BB6B793DA00D,7973,2,12.0,1,0.045779505832183626,87,3.982817007399975,314,956,693.0,141.12342650779843,395.52,0.0,55.809439606507325,0.0,221.616,28.162817936646036,0.43267870107406586,0,1059,0
3D628AD5-874B-4E64-A57D-D1C6EDB91862,12746,6,189.6,2,0.0572728699199749,21,0.6013651341597365,396,18,377.0,128.58045993227128,309.1003,0.0,33.54566580783317,0.0,172.5403,-8.56138832077437,-0.02293768393932013,0,1059,0
F1B45926-7AE0-4CA1-B40A-C46260188C67,1541,2,0.0,0,0.0,0,0.0,-1,966,452.0,94.82913857663492,353.0,-10.97358,42.7404402556288,0.0,153.0,-14.965326848239854,-0.05992492214410368,0,1059,0
B0DFA93B-E5B3-4A08-B1BB-431B7C523AF7,12746,5,224.75,3,0.08590930487996234,291,8.333202573356347,83,58,259.0,64.72591859810751,233.2703,0.0,20.139762348712853,0.0,91.613,-14.090241977737143,0.024178296303108082,0,1059,1
65E5D0F8-52B5-4A98-A61C-E26A92BA8A86,12746,14,57.15384615384615,4,0.1145457398399498,130,3.7227365447983685,277,208,276.0,59.709153285940346,267.5386,0.0,35.78056268490476,0.0,104.0428,-2.031584799597752,-0.1797814815450525,0,1059,0
BF8835C5-990C-426F-B526-B722CDC26D5F,2471,3,430.0,2,0.2954269526507487,134,19.793605827600164,403,92,452.0,110.4818567588697,187.4053,0.01310423,19.35043933878101,0.0,134.87234,-2.973354970289435,0.1792539669654181,0,1059,0
8D099868-8322-4ED7-B0AC-732C59DF4466,12746,9,110.125,3,0.08590930487996234,530,15.177310528793347,509,70,100.0,25.388441563304813,71.3,0.0,7.524981768318674,0.0,34.1,2.3093285014328444,0.12335125398223748,0,1059,0
D5FE6817-1890-46E9-A1C2-E36AEC24D09E,6350,5,131.5,1,0.05748031496062992,1,0.05748031496062992,967,421,775.0,163.66777936028683,457.2,0.0,49.2003823625669,0.0,229.2,-23.02537149917572,-0.1306347795419685,0,1059,0
D232FB56-3008-4BE3-AE13-006A8B011A04,12746,5,193.5,0,0.0,0,0.0,-1,144,452.0,144.00592826662816,305.7999,0.0,35.81525820603003,0.0,186.9324,-7.867484570640499,0.0036810283024025408,0,1059,0
A6575B86-32B9-4A08-A709-A89581E4E58C,8738,12,81.54545454545455,1,0.04177157244220645,19,0.7936598764019227,1046,17,470.0,141.78895557651015,349.1821,0.0,64.95358032291769,0.0,221.7407,-11.339434392868156,0.33808604352035,0,1059,0
FAD5955E-330A-4F2B-BA3C-AF46A7EB9141,2943,3,146.5,1,0.12402310567448183,23,2.852531430513082,831,621,301.0,0.6026008535065106,5.451586,0.0,0.3746263069308394,0.0,1.1558377999999998,-0.30293637240558463,-0.0002709719122699889,0,1059,0
FCF47850-2BD4-43B9-A61B-74F4F893419D,1374,3,163.5,1,0.26564774381368267,48,12.751091703056769,731,582,887.0,84.583470129952,295.5011,0.0,51.7810953353412,0.0,155.3729,-16.226681884581637,-0.4499978563701026,0,1059,0
621D22C0-464B-4623-A92C-4F152A8DB7B9,1624,4,151.33333333333334,0,0.0,0,0.0,-1,455,887.0,84.34424212073257,296.2057,0.0,51.733842807218494,0.0,155.12923999999998,-16.243093943263432,-0.44917923769289636,0,1059,0
60DE7DBA-7A39-48ED-8C19-37BA7939D964,5103,2,511.0,3,0.21457965902410348,441,31.54320987654321,97,399,129.0,7.138508211469134,933.0,0.0,13.209638627134137,0.35763276504017244,28.0,12.869439319395063,0.10367403611784262,0,1059,0
47A5FFAD-993D-4B88-8A5D-8860C7C5D531,3423,3,72.5,1,0.10663160969909437,8,0.8530528775927549,737,763,734.0,157.50232115498284,394.5086,0.0,47.44969982148047,0.0,216.32699999999997,3.888985991622093,-0.1628304777477627,0,1059,0
BD438B48-65EE-42A9-8504-2CA87CE3D9BA,8294,3,224.0,1,0.044007716421509524,5,0.22003858210754762,535,535,825.0,287.38030004662244,702.64,0.0,111.07033039595278,0.0,463.75,128.8458874533776,-0.9543318945416461,0,1059,0
A8A5245D-E7DA-429A-B6C0-0C8B76505476,12746,3,234.0,3,0.08590930487996234,167,4.782284638317904,397,427,266.0,150.17435992566664,237.6,0.0,22.00106727316863,0.0,176.9,-1.1256407898641783,0.2163023784370742,0,1059,0
D61AD443-F61E-4E59-A4AC-C0A5AF47F6E9,4725,7,89.33333333333333,4,0.308994708994709,684,52.83809523809524,614,352,1524.0,430.7904001359275,804.0,0.0,54.71446196598741,0.0,498.0,-7.975585166791632,0.3573129815519557,0,1059,0
B974679A-1ECF-4E81-BA23-1882B09D8C39,9556,4,161.0,4,0.1527835914608623,59339,2266.506383424027,369,402,395.0,149.0723344643171,589.0604,0.0,61.20916531577962,0.03819589786521557,209.9262,11.1029591606829,0.06903900460833008,0,1059,0
8ECEA5F6-88CB-472C-986C-087ECC5B0128,12746,2,114.0,2,0.0572728699199749,767120,21967.58198650557,486,884,555.0,77.50814152593458,272.2656,0.0,76.84814036490381,0.0,168.9453,-77.50814152593458,0.0,0,1059,0
015D38B7-1E72-4215-89EE-60DA1BE3D511,4767,3,218.0,3,0.22970421648835745,32,2.450178309209146,383,429,225.999,37.451793680826334,111.6028,0.0,15.239485748024645,0.0,57.09229,1.4135501321366206,0.07491329598255123,0,1059,1
0B5AD3F1-F959-45DA-9F0A-ABB53C99CAF5,12746,2,34.0,1,0.02863643495998745,5,0.14318217479993725,555,832,412.0,88.4732097010316,282.23,-6.86,35.1975905651682,0.0,136.32,5.269115916252346,0.3903126254726624,0,1059,0
2890FA10-3AB3-494A-9979-3EBA965EFC67,5092,6,140.4,0,0.0,0,0.0,-1,150,188.0,39.71169284752478,99.82724,0.0,18.80320765639118,0.0,65.633798,-4.865984395333427,0.14084763938103453,0,1059,0
62DD5160-6FC9-4DDE-ADEE-2D5C01D717D4,10014,10,71.44444444444444,1,0.036448971439984025,24,0.8747753145596165,1038,228,479.0,59.18227425847249,232.0,0.0,19.918388120116,0.0,86.0,-13.237752653534216,0.05243359948411819,0,1059,1
C383D645-F93C-45E1-A259-52EE6554D9C3,12746,4,222.33333333333334,0,0.0,0,0.0,-1,179,489.0,80.07928269386093,234.9138,0.0,26.06565027976659,0.0,111.0,0.3627697752748702,0.5695941542851133,0,1059,0
54742AD1-B566-4347-81B8-8A0D98593C11,12746,6,78.0,1,0.02863643495998745,329,9.42138710183587,831,456,693.0,242.89320362210825,394.6,0.0,31.07108974181323,0.0,277.6,-17.84019436284899,0.21103955449440778,0,1059,0
951EF7D8-8780-48A6-98B0-90BC0148854F,8211,6,161.0,7,0.3111679454390452,441,19.603580562659847,74,35,245.0,86.55397281154663,227.1,-31.51968,33.77001104456143,0.0,133.45,4.9948466328978185,0.2296131175315776,0,1059,0
353B1324-0EB2-4EDB-BB3A-B5C518F87B68,4324,3,184.0,2,0.16882516188714153,309,26.08348751156337,274,470,452.0,131.22453358168795,266.0704,-62.73737,41.314705141291405,0.0,188.0674,-28.812993219805236,0.2128190129867647,0,1059,0
E982614A-95D5-40B5-9990-9989ECF9F50C,8457,4,160.0,2,0.08631902565921722,70,3.0211658980726024,422,356,269.0,75.79481120289321,479.926,0.0,18.7162339336962,0.21579756414804302,100.642,0.6447210771993781,0.17328575107974242,0,1059,0
DD549033-7750-4EC7-B238-D207A907376E,12746,14,61.38461538461539,8,0.2290914796798996,409,11.712301898634866,289,30,159.0,40.26227782428917,135.6324,-25.27,13.444456851453946,0.0,55.802006,2.0573487574418436,-0.009984720603879834,0,1059,0
C87E7066-6AF7-4E62-80CE-BBDC10C985C2,2163,2,195.0,0,0.0,0,0.0,-1,638,250.0,58.98333431845134,237.9838,-72.89876,23.100763312992893,0.0,89.60001,-6.905675541290847,-0.058452484188776944,0,1059,0
D89AE226-4A70-4E95-8F42-9ABB15BED2BD,9176,7,159.83333333333334,2,0.07955536181342633,168,6.682650392327812,679,91,693.0,232.62582486165593,433.0719,0.0,63.51366179989208,0.0,310.6018,-9.981935563816421,0.294392036039911,0,1059,0
43310AF9-A91A-4A1E-B1EA-3AB22FD0600A,1228,3,196.0,2,0.5944625407166124,166,49.340390879478825,421,658,226.0,35.9259158536973,162.3192,-53.42881,21.804034814342494,0.0,65.06697399999999,14.749177592676155,-0.3092826510649507,0,1059,0
71325C08-995D-45AA-B1B6-858700B36BD8,9737,2,17.0,3,0.1124576358221218,2772,103.91085549964055,674,1033,1270.0,322.9311604857277,719.64,0.0,112.29624081768632,0.0,459.66,41.89593750809945,-0.9856609543706224,0,1059,0
DCB79EDB-51DA-42CC-8D88-BAFDB7C9D1F2,10045,5,209.0,1,0.03633648581383773,29,1.0537580886012943,856,211,407.0,47.58437448603389,189.8231,0.0,33.28592740573803,0.0,93.64765,-18.228098468271543,0.07610208378052799,0,1059,0
70D97D06-EEDB-4620-AACA-3C3774C72A47,2142,3,174.5,4,0.6816059757236228,420,71.5686274509804,416,666,451.8,57.49297298580313,205.4536,0.0,22.435364384038788,0.0,88.632848,17.459800131017865,-0.23185758583967003,0,1059,0
D0F53A9B-B47B-4FCD-BEE4-D44CEA55CEDA,1816,3,328.0,0,0.0,0,0.0,-1,355,753.0,0.4765025772652951,239.9767,0.0,9.542103889021988,0.0,0.0,-0.4765025772652951,0.0,0,1059,0
1C0E435A-C134-4347-89B4-E66983185C67,12746,2,183.0,0,0.0,0,0.0,-1,808,518.0,73.96278276666425,207.0313,0.0,34.642893292133216,0.0,122.0703,40.1943943668234,0.3616108136297337,0,1059,0
B6565142-0266-48A2-8635-79C0D8A9A75A,4605,2,0.0,0,0.0,0,0.0,-1,991,250.0,18.93055809097953,105.0,0.0,17.836578480947864,0.0,45.0,-13.318752535423975,0.008858603942868812,0,1059,0
7DEE2F6C-25B1-4C45-9165-277335D80FDB,5904,5,241.75,1,0.06182249322493225,22,1.3600948509485096,485,23,377.0,43.16547935752887,177.0,0.0,30.585466049814972,0.0,87.0,-14.517794172343688,0.12182162406879346,0,1059,0
7C2EE4F9-48BD-4695-AE5C-745084D36E91,12746,2,63.0,3,0.08590930487996234,182,5.211831162717716,962,987,101.0,0.7500636389251872,86.70906,0.0,5.737754742971497,0.0,0.0,-0.7500636389251872,0.0,0,1059,0
A467E6AC-6954-4289-B08E-5203E6AED0A9,1542,1,0.0,1,0.23670557717250323,112,26.51102464332036,122,987,301.0,45.95502011845672,112.9607,0.02827294,15.28377351781288,0.0,65.503662,-5.668693103418143,0.09467657480278142,0,1059,0
4641D0B3-55D2-4610-8CA9-64F5108FBD2A,525,9,110.125,1,0.6952380952380952,63,43.800000000000004,15,138,678.0,143.0941331326049,383.0,0.0,60.40252303897258,0.0,218.5547,-28.64266708322218,-0.04007084779567787,0,1059,0
EABA266E-5971-4319-B289-76B58959B272,4600,1,0.0,0,0.0,0,0.0,-1,980,99999.0,198.60120962826764,646.422,-17.73434,134.8494067066742,0.0,394.1593999999999,66.3162513285225,0.1296792427503325,0,1059,0
645D282B-61B4-4513-B5F7-D2A9D16695E7,6858,3,126.0,0,0.0,0,0.0,-1,720,489.0,127.54667925200444,251.0,0.0,30.006717116221925,0.0,168.0,-0.449302708794562,0.013195387633469693,0,1059,0
EDAE9693-FF75-41C4-A9F9-1EC775DCAC2C,12746,7,90.5,7,0.20045504471991213,313,8.963204142476071,401,421,269.0,65.61032786780225,116.8,0.0,18.422873897726475,0.0,88.4,-1.508313978913364,0.18358873180496937,0,1059,1
54DF2AC2-08E8-4796-9F51-0AE512D10818,12746,5,137.75,5,0.14318217479993725,413,11.826847638474817,83,408,259.0,64.47544648220138,233.9981,0.0,19.627106820593816,0.0,90.8,-13.192206116614962,0.07594544562057613,0,1059,1
886124C7-24B2-407F-AFE9-3E8C5C2B6FBA,3333,3,94.5,0,0.0,0,0.0,-1,764,452.0,70.90752644959584,237.7979,-3.7,35.18261256675048,0.0,118.91011999999999,-3.934637687558805,0.008019396203056266,0,1059,1
E7B3BDAE-CD94-4E23-9BDA-CB3572944E67,3388,2,20.0,1,0.1077331759149941,62,6.679456906729634,116,931,451.0,134.346684234531,270.0,0.04254523,19.028198473324647,0.0,158.60778,-0.7177629606112532,0.18305985504428343,0,1059,0
2D0CC930-23BF-467A-994D-7E1B7264918D,12746,4,275.6666666666667,0,0.0,0,0.0,-1,138,265.0,56.84543394072178,160.4732,-3.172758,27.11515617401786,0.0,90.53163,-4.310829022357588,0.0022991160891552924,0,1059,0
3BCC6676-AA3F-4F9F-A889-E02D04919D2C,12746,4,251.66666666666666,2,0.0572728699199749,20,0.572728699199749,187,189,226.0,36.93684879599768,170.0,-0.5851979,19.197573283278828,0.0,58.0,-11.242481512047068,-0.07660942366001251,0,1059,0
9E962D84-5185-4D44-BE32-7738296BE4CD,12746,4,248.66666666666666,3,0.08590930487996234,280,8.018201788796485,209,198,452.0,146.95583024440697,949.8596,-165.315,36.603174324323675,0.02863643495998745,190.6555,-7.93680049749338,0.002733370533723335,0,1059,0
B372A68C-1DA1-4CC9-8D63-0DF99DDCEBE9,7230,6,183.4,1,0.050484094052558784,375,18.931535269709546,189,23,377.0,106.51352330777415,246.0,-29.4,37.29176373652283,0.0,152.4,-39.27069071055193,-1.39620937266388,0,1059,0
2FC0AB13-853C-4DE0-9B92-83F046AB2B4A,4482,5,205.5,1,0.08143685854529228,8,0.6514948683623383,936,111,792.0,118.67054443209204,436.0,-35.98437,76.4000912643708,0.0,228.0,-41.542380851845124,-0.21654119392891494,0,1059,0
7385215F-E55C-47DD-BD9F-64A206D48BEE,7013,6,156.8,0,0.0,0,0.0,-1,148,400.0,90.93072102871552,271.0,0.0,47.81243724266476,0.0,156.0,-26.20518090525873,0.20212663428950176,0,1059,0
6865C41D-68D9-4AF3-9CFC-4C8AE008CBC1,12746,3,214.0,2,0.0572728699199749,46,1.3172760081594226,238,503,407.0,105.94240119895987,271.02,0.0,25.34907007380772,0.0,134.31,2.79995759733643,0.015357506985212854,0,1059,0
ED71725D-711F-4F01-89D3-49238120657A,-15,7,136.33333333333334,2,0.0,1188,0.0,440,110,452.0,91.97191723144914,451.0,0.0,39.82278305132912,0.0,135.16298,-91.96423367451087,-0.0002161032900586902,0,1059,1
D9737CB8-54FC-46DE-B36C-566B76A43BB9,6601,4,268.3333333333333,9,0.49765187092864716,251,13.878957733676716,110,110,235.999,63.37741312840689,169.0796,-54.6628,28.322018652542884,0.0,90.36255,10.60908961079064,-0.04019276138236632,0,1059,0
914F6355-1212-4395-BE0E-55712F524310,5103,2,608.0,4,0.28610621203213793,464,33.188320595728,97,301,258.0,53.38371499996716,109.0,0.0,13.143779087625731,0.0,71.0,5.869680061761237,-0.1632161949578323,0,1059,0
3F471218-FD78-4A69-953A-233ABD829ADD,8300,10,92.0,2,0.08795180722891566,236,10.378313253012047,231,77,450.0,48.90170156913854,224.0,-0.2520762,35.48527959506344,0.0,105.0,2.16241880123183,0.31849994055046865,0,1059,0
7ABA0B82-836C-4A75-9624-9AE7E4F89BB3,4986,2,751.0,0,0.0,0,0.0,-1,157,682.0,181.55577735023212,301.5269,0.1995625,39.38338416741209,0.0,231.99983999999998,6.382911213039506,-0.08173043967380673,0,1059,0
1664D711-FBFE-4BAB-8601-ECE56ED1692B,1072,2,219.0,4,1.3619402985074627,238,81.03544776119404,830,686,602.0,15.818806017256888,235.7021,0.0,19.607116035388646,0.0,45.0,-14.400750461701332,0.04366862850008973,0,1059,0
D3F9E81D-17B1-4532-B2B4-E50459C020DD,5472,1,0.0,6,0.40021929824561403,111,7.40405701754386,40,904,979.0,279.3880783961537,563.3571,0.0,96.88599259809573,0.0,411.92232,24.62516797923621,-0.28536801820983154,0,1059,0
17B966C6-8880-4C40-86FC-17FBAEF9AC4E,12746,3,233.5,0,0.0,0,0.0,-1,435,301.0,48.56405082252589,185.0,0.0,27.878947696970872,0.0,88.0,-9.079251439809845,0.04098591275553966,0,1059,1
7B2D3C96-43B6-4FA0-AB85-1112EC3265F7,10283,5,192.0,0,0.0,0,0.0,-1,116,452.0,104.13085975821969,229.0,-2.952,29.99105199578552,0.0,144.0,0.980251352891429,0.4418677660249823,0,1059,0
A0DA4AB1-4E3D-4A00-B35F-D803557F15D7,12746,4,274.3333333333333,2,0.0572728699199749,7,0.20045504471991213,482,59,120.0,59.07846889425887,139.6385,-4.1,14.694814553776244,0.25772791463988703,78.0,-6.443669511542822,0.13067885610016283,1,1059,0
575027EE-0D74-43BC-94A0-E3B64141152E,2097,4,197.0,1,0.17405817835002385,492,85.63662374821173,831,287,1039.0,51.66953862837865,537.9292,0.0,35.462046731122,0.0,106.97031999999997,13.207719666528753,-0.1577341866007262,0,1059,0
2A44B059-4961-4BFB-AE93-36214ECB6718,12746,3,402.0,3,0.08590930487996234,217,6.214106386317276,428,70,452.0,135.39285777197134,350.6214,0.0,66.14204510652922,0.0,196.9927,22.568757118460752,0.09324028974755465,0,1059,0
CAC86566-186F-445F-8D6B-5F9C9B7998E7,2335,2,1.0,0,0.0,0,0.0,-1,858,1039.0,288.37408147563474,497.5063,-11.95917,63.51197781897478,0.0,374.0587,-41.361850943227324,0.3145623358791475,0,1059,1
C51C6412-E1C8-4148-B4A4-D305B89E7C77,964,2,257.0,20,7.572614107883818,23412,8864.502074688797,18,582,301.0,48.75270392489181,137.5312,0.0,27.267341069968783,0.0,79.87404,24.862068413071164,0.021393205070971644,0,1059,1
BF7DF309-F8B5-42A8-80DF-F33F7B3F23CC,12746,5,189.0,2,0.0572728699199749,11,0.3150007845598619,494,95,452.0,84.10471537294714,258.75,0.0,35.60596030421858,0.0,131.57,6.7092838554479215,0.36994637255163726,0,1059,0
8882E55D-02C6-4912-AA59-6B172B7CE495,849,1,0.0,0,0.0,0,0.0,-1,836,301.0,60.666600174243676,244.6236,0.0,36.84191217845581,0.0,103.35508,23.016499526990906,0.050624618242913345,0,991,0
9504E535-EA35-4A77-B780-C91CFFF034B3,849,3,405.5,1,0.4299175500588928,71,30.52414605418139,748,24,301.0,56.49845400477059,243.6725,0.0,38.46225367942576,0.0,102.13848,26.534457587443896,0.03957686164265348,0,1059,0
25AA28D4-530C-487E-B23A-4B36DA7B0D2F,12746,5,70.5,1,0.02863643495998745,198,5.670014122077514,835,552,138.0,41.06882593013849,969.3001,0.0,14.384757452148998,0.40091008943982426,58.14877,-6.1258420199533035,-0.03331417707104946,0,1059,0
BFB1CBA4-5945-4727-B97F-86C77ADF2661,12746,4,167.66666666666666,6,0.1718186097599247,567,16.236858622312884,56,315,226.0,37.80869224819322,101.2207,0.0,16.0253467248392,0.0,56.87256,-21.68280550205124,-0.5558299764512896,0,1059,0
8CF2A5DF-7CF3-4B04-A284-8BC476C4F5D1,2832,4,116.66666666666667,1,0.12888418079096045,353,45.49611581920904,831,518,151.0,10.883940216926591,29.4,-1.9725520000000002e-33,4.144292718593846,0.0,15.68,1.6416091657894576,-0.0012687345945888236,0,1059,0
7838F992-B6AE-49F6-9D65-1643965275CA,12746,4,251.33333333333334,2,0.0572728699199749,242,6.930017260316963,831,56,324.0,69.95171494215677,519.9437,-9.187823,27.382630959586503,0.0572728699199749,98.78931,-38.357304648312166,-0.3393164285377656,0,1059,0
D09194E5-090B-4E02-B4F1-DF1660B32E3C,7819,8,124.14285714285714,3,0.14004348382146056,137,6.395319094513365,31,153,1082.0,322.75497293202966,616.7908,0.0,93.53573116197926,0.0,444.7632,5.122488765501203,-0.7432262721395725,0,1059,0
6939EDE7-AB90-483E-9569-5D300FB6F6C9,3478,2,264.0,2,0.2098907418056354,41,4.302760207015526,679,758,250.0,39.453842494844736,238.0,0.0,17.398261297365273,0.0,62.622924,7.04000719589601,-0.13842894676531267,0,1059,0
8EC1309B-7A39-4510-B425-A85B6984B741,2471,2,14.0,2,0.2954269526507487,148,21.861594496155405,403,1015,452.0,110.80653392987773,492.4323,0.03612974,19.554686340275165,0.7385673816268717,135.41284000000002,-3.0156327037974933,0.1806889747824544,0,1059,0
9BDE514B-020F-404D-8A35-FB43737D32D8,3101,4,140.0,0,0.0,0,0.0,-1,589,301.0,72.80597072645004,873.3192,-1.257899,41.63563052237953,0.5885198323121574,130.3751,55.47831942787097,0.3124107459035905,0,1059,0
B15C85AF-347A-4C23-A1B0-16BF49F6793A,3563,2,251.0,1,0.10244176255964076,61,6.248947516138086,564,745,452.0,121.0880673353221,1224.082,0.01196694,26.879015814561097,0.409767050238563,154.7761,-9.410964801371478,0.4692748243083552,0,1059,0
46935390-998D-4ADB-9EE1-8F805F665B29,10105,3,492.0,3,0.10836219693221179,45,1.6254329539831767,349,8,800.0,298.0380543494192,599.6461,-117.326,68.47909677585722,0.0,383.76452,-8.506576509913032,-0.2744216255782062,0,1059,0
D94FC0EA-7ECE-4263-83D7-C903DE84DEFF,10121,6,174.4,5,0.1803181503803972,266,9.59292560023713,101,115,497.0,89.842284173961,316.43,0.0,55.61618760583308,0.0,172.56,-16.41751951346717,-0.20092111223158654,0,1059,0
6C12752C-D69D-4470-A654-CD97E112AACD,12746,3,340.5,0,0.0,0,0.0,-1,297,188.0,28.81533352315037,237.84,0.0,14.787089966246292,0.14318217479993725,48.0,-5.606845868829385,0.025674980450239533,0,1059,0
0499D104-91A5-4C2C-ADB9-93B751EA04E4,9737,5,221.25,0,0.0,0,0.0,-1,92,151.0,22.489721461864768,80.0,0.0,9.786764387289972,0.0,33.0,-2.534397387790694,-0.06514641725318054,0,1059,0
FF463EF6-C8E2-43F3-86C4-604A6B5F27BF,12746,12,88.54545454545455,2,0.0572728699199749,81,2.3195512317589833,831,51,266.0,116.2916932502446,276.3,0.0,24.599956298169005,0.02863643495998745,147.0,4.022103046051683,0.18545246783999864,0,1059,0
5857F116-46F2-4144-9266-187B3561C77B,4685,2,404.0,1,0.07790821771611527,216,16.828175026680896,831,561,86.0,28.885913258584125,73.5,-12.30628,8.41621223582731,0.0,40.0,-2.1353731351273346,0.06057926675901829,0,1059,0
2073F33A-AC6F-4451-B6CD-5BC5966B1EA1,1804,3,116.0,2,0.40465631929046564,314,63.53104212860311,831,729,1247.0,538.865801580286,727.0559,0.0,73.41241480849578,0.0,632.34888,44.7062327947142,0.14055804252754864,0,1059,0
57C3CF66-E30C-416B-821B-51ACB8B43448,6933,4,272.6666666666667,0,0.0,0,0.0,-1,136,1126.0,231.76783129938863,810.0585,0.0,132.9685533129816,0.0,421.3867,100.75836739042612,-0.9067894155020477,0,1059,0
08B439BD-C31C-45E1-BF75-FB72C43AC8EE,3301,2,1.0,2,0.22114510754316874,44,4.865192365949713,716,951,151.0,35.656006684746565,87.27,0.0,13.94324610133821,0.0,55.23,4.870928500438623,-0.08422552624242292,0,1059,0
573F935A-5A4F-4D09-9A77-9626B32FBB6D,12746,4,278.0,1,0.02863643495998745,24,0.6872744390396988,939,114,221.0,64.04151968474658,321.387,0.0,27.312312089201356,0.0572728699199749,95.06953,-10.74280528767867,0.0024470115438978896,0,1059,0
FE9D18AC-FF6F-406E-88E0-9D258741BB1D,4732,3,159.0,3,0.23140321217244295,154,11.878698224852071,646,630,693.0,163.96893133878797,315.3061,-13.21866,30.705580167665733,0.0,202.007,1.3843494413046358,0.6838361333376639,0,1059,0
AD1F929A-DE63-4ECA-BBF6-054FAC6D4E8B,6195,4,145.66666666666666,0,0.0,0,0.0,-1,510,400.0,147.3959048020777,298.4,0.0,38.23015359211336,0.0,197.2,-9.42800356750979,0.2754620826529723,0,1059,0
AD28BEBD-7B0A-48DA-A06A-D0474308F9C0,3903,6,104.4,2,0.1870356136305406,110,10.286958749679734,337,416,920.0,162.47774425449117,437.0584,0.0,71.69456770539551,0.0,267.38964,14.36170402714464,0.35627750248814916,0,1059,0
6DD6EFA3-E5E9-4C15-ABB8-FD90FAD164AC,9328,5,227.0,1,0.0391295025728988,62,2.4260291595197256,831,1,693.0,231.3342825077594,431.4423,0.0,63.207730589330275,0.0,308.8165,-13.32059801380339,0.11225094234389617,0,1059,0
7911DB3D-781F-44BF-A4E1-F04D901D3E41,12746,10,108.22222222222223,8,0.2290914796798996,309,8.848658402636122,36,14,266.0,118.66952835777184,262.8241,0.0,24.367774541634308,0.0,144.19629999999998,-0.34050895653726343,0.4548599565800486,0,1059,0
D59DDC65-B0C8-40A6-9851-50D0726C9E1F,10029,7,147.33333333333334,1,0.03639445607737561,32,1.1646225944760196,351,23,266.0,118.9772707797317,251.76,0.0,44.77458470351389,0.0,169.44,-93.73012994716997,1.1247939363118904,0,1059,0
BA516C92-B8BA-4932-89EC-F76BA19FF692,1082,3,250.0,9,3.036044362292052,259,87.37060998151571,425,393,180.0,34.11658108833519,91.4921,0.0,13.283760430964936,0.0,52.809926,3.6489059996277717,0.09277855729819358,0,1059,0
9FC14863-3CC6-4419-8EAC-8A14391D1053,12746,5,162.25,2,0.0572728699199749,205,5.870469166797427,85,238,251.0,108.03350253751142,200.1,0.0,27.100194053371837,0.0,143.7,-13.898772599239805,0.10997041815853446,0,1059,0
391BDC4B-A13E-4AF6-9809-DE1B069E15B8,2163,3,86.5,0,0.0,0,0.0,-1,715,250.0,57.460896215152964,148.8,0.0,22.393741074486538,0.0,87.2,-6.7078055744893845,-0.05827760726426578,0,1059,0
81921EC1-9D95-4D11-ABCA-9F41056FDFAE,4077,3,128.0,1,0.08952661270542064,6,0.5371596762325239,794,627,624.0,57.34507967865401,283.4639,-0.01787822,44.75111899954023,0.0,112.47811999999999,-31.556510901647837,0.0817268952894064,0,1059,0
CEDB03AA-14E6-4AF4-A22B-70BD5C240A69,5815,2,350.0,2,0.12553740326741186,601,37.72398968185726,281,532,188.0,48.96187461831936,101.0,0.0,12.176086118502251,0.0,66.0,-6.331936346714421,-0.00838032130170768,0,1059,0
EDE16837-3A93-434E-8EC3-6C82B254D307,5320,1,0.0,0,0.0,0,0.0,-1,882,416.0,159.28456535681966,299.8828,0.0,37.29528565787191,0.0,203.9063,-0.6259998210171887,0.05426526843810951,0,1059,0
C13B1F0E-8DF7-4DBF-8B0F-5711BF854F0F,12746,6,111.8,1,0.02863643495998745,11,0.3150007845598619,858,297,555.0,77.07239555983111,344.4,-21.29142,52.56250525391495,0.0,147.0,-6.147487719553325,0.13497441517750636,0,1059,0
55AE5DBD-8F36-4635-B56A-191A5A142912,12746,2,306.0,0,0.0,0,0.0,-1,551,266.0,51.56660106561295,138.9395,0.0,12.965570864768141,0.0,67.092514,-9.711459712989502,0.02523008218489,0,1059,1
7AFA9DF1-8E26-45B1-B1FA-1ABD84FC5533,12746,5,200.5,1,0.02863643495998745,98,2.80637062607877,253,52,450.0,120.60102349948455,254.8828,0.0,49.59990825901405,0.0,166.7969,29.144322536780876,-0.050466640509606385,0,1059,0
0AF08811-0440-44C2-983C-AC2BBB85C7EC,12746,2,312.0,2,0.0572728699199749,69,1.9759140122391339,688,534,527.0,72.87539683869275,196.875,-42.45663,31.42177075137737,0.0,116.2109,36.29115432334429,0.3469713363285817,0,1059,1
4838A492-89EE-487C-BCEC-C7FE34C6DF3B,4401,2,0.0,0,0.0,0,0.0,-1,843,554.0,121.11925794148549,343.1349,0.0,50.57202845276926,0.0,186.85242,-23.579198431917575,0.43519836936673995,0,1059,0
CFE21D01-E519-4F8F-994D-1EE5E98268D4,12746,6,142.8,3,0.08590930487996234,599,17.153224541032483,203,123,693.0,248.13037619757432,406.3,0.0,32.47135542540004,0.0,284.6,-18.79685767905582,0.20610277674862956,0,1059,0
C35E8565-17DA-4303-A1D7-9A9FD54D7440,3992,1,0.0,1,0.09143286573146292,2,0.18286573146292584,1001,837,887.0,70.12961491775398,217.0,0.0,28.758152046489208,0.0,110.0,-24.387871090593492,0.061045888152588795,0,1059,0
E6464C40-4171-4D14-B258-96BD51732EE0,4510,3,54.5,2,0.16186252771618626,338,27.354767184035474,831,802,624.0,105.95065118816372,539.7876,0.07529975,63.67676725360778,0.0,198.358,-67.52110762629643,0.01314450269576785,0,1059,0
79EF276C-3569-474F-AC05-EE8F1FBBC038,5572,5,197.25,5,0.3275305096913137,760,49.784637473079684,344,35,138.0,29.61532734975513,546.779,0.0,6.306472893763758,0.3275305096913137,36.67049,1.636097908084377,0.029986619342962158,0,1059,0
226FA0AE-EA74-4C4D-9121-0A1FC45E49F7,12746,10,85.0,1,0.02863643495998745,22,0.6300015691197238,445,49,437.0,161.91974860434576,533.7,0.0,36.128427442169865,0.14318217479993725,208.7472,-18.961260647555633,0.0659958789595462,0,1059,0
54545F03-85D8-41FE-BD75-1BF99660F253,6741,2,4.0,1,0.05414626909954013,20,1.0829253819908025,811,808,803.0,261.863286697007,541.9922,0.0,53.978702280615735,0.0,302.399,-5.16087928959962,0.3571333452229858,0,1059,0
45BD2F42-F612-46C5-91AE-7340948897A0,3229,6,153.0,0,0.0,0,0.0,-1,45,84.0,23.573789295107265,90.51721,0.0,15.88583679962043,2.938990399504491,46.735747999999994,5.12058318506249,-0.1312866687888759,0,1059,0
B70327BD-54B3-4AF3-AD2F-374725749C99,2619,3,294.0,1,0.13936617029400533,86,11.98549064528446,211,211,250.0,36.34444955362572,138.3914,-231.9782,11.256404575502147,0.0,49.745308,1.7362969980718077,0.06208822128300046,0,1059,0
CAE19294-B1D9-46C0-ADD6-2B699443BDB5,12746,6,147.8,18,0.5154558292797741,1469,42.06692295622156,24,56,376.0,124.35295406485778,329.0,0.0,46.321197398671046,0.0,186.0,-12.138833694487417,-0.05721551128865356,0,1059,0
48820C0E-3CCF-4017-8A83-4D510210E544,12746,8,122.0,4,0.1145457398399498,482,13.80276165071395,249,37,461.0,125.95993664797388,800.3197,0.0,73.85659795905119,0.1718186097599247,196.62408,29.44772348937181,0.11318850927512339,0,1059,0
7DCBA3BF-C461-43D2-9388-494393ACD18C,3101,12,32.27272727272727,7,0.8239277652370204,223,26.24798452112222,88,419,717.0,164.0904644492572,368.4234,0.007983411,45.08226325297898,0.0,223.46294,-2.7099992854840593,-0.0302574233204468,0,1059,0
6D874067-376B-4E91-8E62-6A1F26BA7EFE,4925,8,37.42857142857143,3,0.22233502538071065,20,1.482233502538071,539,543,920.0,174.2885673645511,446.5204,0.03689134,70.34203918530679,0.0,275.26236,20.981699290541457,0.32018104107885825,0,1059,0
4B87FBD1-5119-4F64-A8B0-56EA6844A1B4,5103,5,124.75,1,0.07152655300803448,3801,271.87242798353907,140,303,395.0,116.38490109924027,204.8257,0.0,22.05717697690208,0.0,144.8767,5.366049064339961,0.2711297422188708,0,1059,0
BC1A0767-7D63-4966-A45F-C69C2B6720A7,1712,4,152.33333333333334,1,0.21320093457943923,369,78.67114485981308,831,339,451.0,63.41510867956162,318.2505,-7.956126,35.46867941133558,0.0,113.28671999999999,27.87781784204332,0.05909608699168015,0,1059,0
434A719B-8929-42EE-85B0-BCD8390A2FD4,4141,2,0.0,0,0.0,0,0.0,-1,793,452.0,117.77473877619232,542.7101,0.0,29.874911341730858,0.44071480318763584,156.0,8.204736532449658,-0.09894442843893356,0,1059,0
60D4B1B4-1E0D-4236-AC69-F3AE586A8F1D,6217,3,292.0,2,0.1174199774811002,385,22.60334566511179,115,206,84.0,18.764513818467105,66.12852,0.0,8.3003988968929,0.0,26.991929999999996,5.941885159318385,0.09522316672082036,0,1059,0
9F376D6D-F527-405E-BA33-CC75D29896CA,12746,1,0.0,1,0.02863643495998745,35,1.0022752235995607,816,791,313.0,36.35471172037009,144.0,0.0,26.724986531058217,0.0,81.0,-17.916208633950337,0.09263597929326894,0,1059,0
A813927B-ADCC-4F53-9034-AF9AC78B3F6B,819,4,114.0,1,0.4456654456654457,13,5.7936507936507935,666,446,753.0,137.72723574595304,402.6877,-1.182,51.959279138626535,0.0,187.8943,28.234509780281513,0.08648361186207747,0,886,0
4EBE1ECE-606C-46A0-B2F9-989FA0DA81E7,4394,3,373.0,1,0.08306781975421029,71,5.89781520254893,40,41,451.0,89.19061586346832,290.6211,0.0,19.65393761722177,0.0,116.0,7.4773625315934,0.008522599955090714,0,1059,0
EF9F8FC6-EF23-4520-80A2-DF7A9EA82C2E,2886,3,101.5,1,0.12647262647262647,17,2.15003465003465,458,582,301.0,39.412456490932904,106.5778,0.0,17.374257134892122,0.0,60.42564,0.5872328606103068,0.14513349094375166,0,1059,0
20A69E41-B138-45F4-B805-694EF0C43A87,3890,4,236.0,4,0.37532133676092544,345,32.37146529562982,234,134,452.0,28.162443891602795,122.3371,0.0005835696,21.839172542201233,0.0,55.73638,15.936501952147214,0.12263261892679617,0,1059,0
9664692D-2042-40DC-A05E-28893CF7D0BF,4108,4,108.66666666666667,3,0.2665530671859786,305,27.09956183057449,257,451,734.0,144.96062947452003,347.4693,-13.0108,69.38337265256389,0.0,229.26373999999998,60.02203589507869,0.010794924101661647,0,1059,0
B5436533-5880-4038-9A64-C2BA7CAEA666,4466,6,117.0,1,0.08172861621137484,11,0.8990147783251232,243,184,314.0,29.01363501667903,159.0,-4.015089,19.603963215826774,0.0,58.0,-9.569036251246931,0.030860805860788744,0,1059,0
943FD77E-B890-494F-9B86-8E962BC85129,925,2,0.0,4,1.5783783783783785,660,260.43243243243245,234,762,151.0,8.260456417028374,24.73297,0.0,3.6776502785604217,0.0,12.03461,2.2668272321228606,0.0024545116319122855,0,1059,0
72A308E8-6508-453F-80F6-000D170432F1,12746,5,174.5,2,0.0572728699199749,15,0.4295465243998117,427,62,472.0,139.24259025384555,389.5379,-32.87768,86.51249942891748,0.0,237.99233999999998,-9.347546552379498,0.8292274058913016,0,1059,0
CCA0AF18-F42A-4AE2-A993-8AEB1B02DAE5,12746,4,136.66666666666666,1,0.02863643495998745,40,1.145457398399498,225,344,264.0,99.30120036514604,204.5,0.0,33.215349936209,0.0,141.5,-3.1947806118281505,0.1656985315909761,0,1059,0
C852126A-A2BE-436B-B7D3-A12C44115ABD,5275,3,0.5,3,0.2075829383886256,17,1.176303317535545,65,750,489.0,97.22515739097888,542.9,0.0,20.795076496426603,0.3459715639810427,124.0,9.032172855934704,0.15672551023665224,0,1059,0
10C57184-042F-41C2-8FD4-8127F55287E7,5079,9,86.125,2,0.14372908052766292,17,1.221697184485135,321,51,870.0,201.16304273604115,433.2058,-19.4625,48.453458755060616,0.0,260.17828,4.525627824545239,0.1931373267475318,0,1059,0
8A5D8DB0-38BE-402C-BBB2-249372283E4D,7276,3,359.5,0,0.0,0,0.0,-1,21,450.0,110.44375114093785,204.21,0.0,24.221748541040228,0.0,141.34,21.012606112148575,-0.010069565630086385,0,1059,0
A72BD56D-7FA5-4317-AB3A-A394D5404236,8197,6,126.2,1,0.04452848603147493,376,16.742710747834575,448,200,803.0,76.3326004014788,463.7369,0.0,55.52643167559179,0.0,124.89528,32.66256797506442,-0.025871964501896147,0,1059,1
B9EA2DFA-D4D1-4A7B-AE67-B016338A08AA,12746,4,51.0,0,0.0,0,0.0,-1,586,452.0,110.85372209669899,318.6141,0.0,72.26929796001345,0.0,188.2387,29.004810748208428,-0.025751289041877852,0,1059,0
6BA3AF5F-A1DB-4453-B0FF-436B72B71550,12746,2,0.0,0,0.0,0,0.0,-1,738,392.0,112.69632977851917,185.6867,0.0,18.13898261605481,0.0,136.36388,4.425223200647508,-0.25202394512766374,0,1059,0
49C016C3-520D-4853-8EF2-81B177ED8825,1499,3,108.5,2,0.4869913275517011,454,110.54703135423615,830,511,301.0,97.05626879503832,224.8,0.0,23.38306951531357,0.0,130.58898,-10.697575619883992,-0.23673178385829596,0,1059,0
3D5714B3-E512-47CC-A8C0-C849047C9878,8372,2,91.0,3,0.1307931199235547,184,8.021978021978022,317,624,100.0,38.1398728127483,57.9,0.0,6.2546420099290545,0.0,46.3,-0.12305182509398094,-0.018848977697329634,0,1059,0
8F6E3CDE-8753-48A8-82A2-F3C9DA2C96BF,12746,4,51.0,5,0.14318217479993725,330,9.450023536795857,419,560,264.0,88.66059855457128,241.8,-794.5035,35.96528492778292,0.0,139.8,13.775928783391663,-0.4659181162101641,0,1059,0
67E58C5A-8E95-41B8-92F3-E6B672032201,1697,4,110.66666666666667,2,0.4301708898055392,449,96.57336476134356,713,376,831.0,349.6754199455633,18909180.0,0.0,68525.55218926066,0.4301708898055392,126.08418,-258.58594331130405,0.33975144829258386,1,1059,0
EC098375-B938-4880-A7C8-4EB8C297FC03,12746,4,94.66666666666667,1,0.02863643495998745,165,4.725011768397929,831,420,269.0,87.40995935680655,183.3543,0.0,20.633218653093945,0.0,116.25941999999999,-3.7502937426090455,0.15501365468294634,0,1059,0
DBBA78B9-5F4F-4381-9883-AA275249DB94,8383,12,49.45454545454545,7,0.3047834903972325,931,40.53620422283193,118,137,301.0,64.28380101124849,542.6331,0.0,15.888895631107278,0.21770249314088036,85.5,-2.017828789026261,-0.018020743301701798,0,1059,0
31301640-2226-41DC-B1A9-EBC5A4DE58B5,9450,3,216.5,2,0.07724867724867725,41,1.5835978835978837,161,252,188.0,21.4187225436183,69.0,-53.0,8.303811386785098,0.0,32.0,-6.440790444852869,0.0036106423746731444,0,1059,0
CE399C1D-9475-42B2-A10B-6D1B2FEAF527,2941,6,122.0,17,2.109826589595376,1382,171.51649098945938,223,342,188.0,-19.598645977660603,0.0,-61.5,9.666884609664004,0.0,0.0,19.598645977660603,0.0,0,1059,0
0362A7F3-A940-436C-88B4-9AE1E666EBC0,12746,3,114.5,0,0.0,0,0.0,-1,585,119.0,15.142115400527294,149.76,0.0,21.408922217688662,0.0572728699199749,49.74,-15.142115400527294,0.0,0,1059,0
40A5B8E3-4F46-4245-9A30-23AF39FB3B4F,8694,5,161.0,0,0.0,0,0.0,-1,31,693.0,179.37472601443326,369.0,0.0,80.92149059944126,0.0,267.0,19.841709170751926,0.2695725466791015,0,1059,0
5EB18AA2-19DE-47F3-8B9F-24DD3BE012E5,5980,3,243.0,1,0.061036789297658864,329,20.081103678929765,831,178,133.0,43.00194827875787,99.94489,0.0,13.649137360213873,0.0,60.74838,3.8368814088964456,0.01989757217656113,0,1059,0
7557F0E7-2BAE-4289-8899-242ED9B3EE10,10507,6,126.4,0,0.0,0,0.0,-1,205,407.0,46.19288585394214,398.3401,0.0,32.71411589891365,0.0,91.73647,-16.661803935469912,0.07478882628183166,0,1059,0
0546D5F3-6EF7-482D-9386-567CB1639566,5537,1,0.0,6,0.39552104027451684,281,18.523568719523208,572,658,188.0,28.88857566200004,319.0,0.0,12.149460099133437,0.461441213653603,46.0,1.5665940910863796,0.0036693487535887745,0,1059,0
C1509DEB-8344-42FD-91B5-65E8E93FC165,12746,5,156.5,3,0.08590930487996234,68,1.9472775772791464,122,28,489.0,121.89658812623138,303.9775,0.0,42.72774263972737,0.0,173.83738,-37.09040802865421,-1.5608896284928062,0,1059,0
254BFB28-EF86-46B8-81C3-3DCB0782773E,820,3,39.5,2,0.8902439024390244,1194,531.4756097560976,563,653,450.0,77.61960851211433,270.45,0.0,41.60906443718569,0.0,128.64,17.144511086651107,0.39143946383405204,0,942,0
0C8A89C0-AFD8-4542-A1C7-AC4198C5ED37,2863,3,230.0,1,0.12748864827104436,182,23.202933985330073,390,184,777.0,218.05003186214185,748.2,0.0,43.524969996208384,0.0,271.6618,25.682489179524794,-0.5613780741052067,0,1059,0
1D0139A9-546B-4410-98A5-EF44AE53DBA1,5085,1,0.0,0,0.0,0,0.0,-1,644,489.0,116.0299959944053,227.0,0.0,29.044566158480663,0.0,154.0,11.211207709298407,-0.024522117499772695,0,1059,0
92AAE5D8-79F8-4413-94A3-33A7894130B8,12746,5,134.75,4,0.1145457398399498,1130,32.35917150478582,181,82,663.0,172.13140843921016,694.3537,-1.411111,82.55398760110626,0.0572728699199749,235.5103,-109.55690866837682,0.7738811638559424,0,1059,0
462C0070-90D1-47B8-B17B-FE1F0836461E,12746,2,342.0,4,0.1145457398399498,1302,37.28463831790366,369,621,1370.0,438.1917684372271,807.96,0.0,122.64600876680176,0.0,612.5179999999999,-18.099884949572754,1.9853935745379185,0,1059,0
AC52B34B-D800-4D88-A136-D15385665CA3,12746,3,227.5,4,0.1145457398399498,91,2.605915581358858,364,420,104.0,17.9322115491145,352.9,0.0,7.375928901746899,0.0572728699199749,26.0,-17.9322115491145,0.0,0,1059,0
5FB23539-F40F-467E-81AF-3F9848C0F79B,4123,2,126.0,0,0.0,0,0.0,-1,610,1247.0,295.82536709610144,686.6897,-3.53,114.6588285035146,0.0,460.03479999999985,186.55045560451583,0.21905885698005256,0,1059,0
0C817BA4-271B-4C0C-A9A6-EF78579AD9BD,12746,4,19.666666666666668,2,0.0572728699199749,713,20.417778126471053,609,552,452.0,116.3657392292185,464.44,0.0,43.577948670697914,0.1145457398399498,174.72,19.596789320164206,-0.17313299481432232,0,1059,0
7AB02050-BE16-4E86-99CF-7FBFB7D8400E,2912,2,0.0,2,0.2506868131868132,284,35.597527472527474,802,605,151.0,35.71280290766776,234.2568,-35.45,10.928300588059091,0.3760302197802198,50.0,-6.696522043470228,-0.023503873363453675,0,1059,0
B52D06BF-8FE9-476B-AC66-5502470254A9,12746,4,9.0,0,0.0,0,0.0,-1,575,282.0,30.92924806450978,97.0,-44.7,11.059398275600996,0.0,44.0,-1.9881215212999024,-0.049634785730322165,0,1059,0
2162DBD3-BC3F-4F28-9CB6-9FC2E4B5DE8E,746,1,0.0,0,0.0,0,0.0,-1,595,678.0,44.69009062645786,162.9295,0.0,30.042877777864415,0.0,86.88354,-3.966813608865266,0.014803465933227004,0,795,0
5F318A4F-B8BB-4B45-B26A-D75B9C8E4051,7724,5,19.5,2,0.09451061626100467,279,13.18423096841015,610,594,251.0,60.46529734553835,514.0,0.0,40.26085567446062,0.23627654065251166,119.6,39.49320574095855,-0.2881591577344331,0,1059,0
2392ED53-E2AE-4D43-BE95-A9067BBB0D6B,6498,1,0.0,0,0.0,0,0.0,-1,585,269.0,90.86165942704235,187.9434,0.0,17.974855814732702,0.0,117.39407999999999,-3.358855197104077,0.30443597935380107,0,1059,1
6545E4B5-126B-4F8B-99D1-D6A633A02B45,12746,5,35.75,4,0.1145457398399498,340,9.736387886395732,57,438,488.0,147.87781800153658,536.87,0.0,40.59573216038458,0.14318217479993725,203.03,-38.974314143511876,-0.2550101344245775,0,1059,1
E88FEECA-C31D-40F6-9CFA-EAC22B9C9885,12746,3,41.5,1,0.02863643495998745,4,0.1145457398399498,630,581,188.0,30.007707782016848,138.785,0.0,15.151998710761562,0.0,50.0,-5.619667658560058,0.012672517869123944,0,1059,0
1FCA5E9B-62A4-4670-B189-9121A55174CF,3420,5,52.25,2,0.2134502923976608,417,44.50438596491228,97,371,416.0,33.28131056991076,192.8626,0.0,15.90561146769811,0.0,48.077622,1.7432033915089988,-0.038760231225427204,0,1059,0
B2F5EE12-7D0C-449F-9C00-3B0C09AE260F,2228,4,188.33333333333334,6,0.9829443447037701,323,52.91517055655296,33,21,489.0,88.5541030449763,311.1475,0.0,52.9398437347585,0.0,160.46925999999996,28.00982629959546,-0.06539414419842964,0,1059,0
6B97EC58-3A8F-4853-B9E5-0FC6D32CB782,12746,3,0.5,0,0.0,0,0.0,-1,577,523.0,80.34125936414138,321.6244,0.0,48.93101160898549,0.0,157.3028,4.806320801753685,0.19193017501181597,0,1059,0
954A1AEE-2A12-4D99-A1B2-A583D6155930,2832,4,11.666666666666666,1,0.12888418079096045,123,15.852754237288135,1,539,151.0,18.304668621071396,41.92131,0.0,3.8248315761500824,0.0,23.129,2.8002502730644068,0.0008611049953377972,0,1059,0
D3573AEA-0C75-456D-962E-55892348EF0E,7861,3,302.5,1,0.0464317516855362,132,6.128991222490778,685,102,955.0,150.6889421869234,1201.875,0.0,64.64590223698475,0.0464317516855362,229.7598,-25.158693021799948,0.3773555547037238,0,1059,0
E92FEBC9-D26C-4814-8C7B-F0EB7E2E0D38,9740,3,216.0,2,0.07494866529774127,70,2.623203285420945,537,140,141.0,39.286435401577286,114.5508,0.0,17.4062118841977,0.0,59.37,-4.520543426268645,-0.003833174420286416,0,1059,0
4870D3E9-B523-4119-BD26-273283DF0939,7486,8,101.71428571428571,2,0.09751536200908363,159,7.7524712797221484,37,81,1382.0,275.75398650291885,867.24,-70.27345,132.3520186311247,0.0,461.75,-60.17339159551145,-0.7402790805222964,0,1059,0
508E3286-B2CC-4151-8711-C32B9E97B6C5,6741,2,7.0,4,0.21658507639816052,693,37.52336448598131,256,560,803.0,241.18596802889806,401.5503,0.0,53.78173312669042,0.0,307.9834,3.4507518013488436,0.007420365053981453,0,1059,0
0C337E90-C8DF-451D-A9F3-1447F9B49CE6,12746,1,0.0,1,0.02863643495998745,44,1.2600031382394477,791,558,792.0,218.82009468963207,449.67,0.0,57.46673853245155,0.0,296.39,-38.501411047656745,0.2691432104099012,0,1059,0
72E185DB-B9FE-4BEB-98BF-8950E5072BB4,12746,3,149.0,1,0.02863643495998745,181,5.183194727757728,597,256,266.0,93.0426299714355,160.8,0.0,18.475026598806846,0.0,120.2,-2.9426068232873632,0.2900844468680798,0,1059,0
0C530106-0EB3-4B06-97F8-B0FBA94809EE,12746,2,45.0,1,0.02863643495998745,114,3.264553585438569,831,509,395.0,66.64392103324643,365.0,-29.58497,66.79032585625383,0.0,147.0,-66.64392103324643,0.0,0,1059,0
4E2C99F6-2E9A-4949-B7B2-C7C9CCF45E6D,4324,2,75.0,4,0.33765032377428306,609,51.4072617946346,274,477,452.0,133.00542354206053,267.6082,0.06163254,40.11492062194425,0.0,188.01068,-27.50009925888152,0.20254754018033758,0,1059,0
9D4BD847-8AA1-4705-A90E-3D053ECC8A01,2180,2,244.0,1,0.16743119266055045,42,7.032110091743119,791,308,497.0,75.6455396718039,235.7,0.0,26.475530934819812,0.0,110.0,-2.732499548347107,-0.056867160097568356,0,1059,0
E0D4FC66-F84A-4835-94CD-B0FA8144AF12,5045,4,241.66666666666666,7,0.5064420218037661,376,27.203171456888008,53,71,264.0,85.75871081354283,209.0,0.0,36.0637529614009,0.0,137.0,17.16227750667322,-0.2157807503347391,0,1059,0
FED49662-EC92-43C7-B43C-5500FD9ACAE1,12746,6,70.6,1,0.02863643495998745,202,5.784559861917464,596,221,266.0,93.16859487415209,161.4,0.0,18.55153103787185,0.0,120.3,-2.8517430223002407,0.29050136505185337,0,1059,0
952239C5-D3DA-4BC9-BD6F-215E81E4EBB5,10276,1,0.0,5,0.1775982872713118,991,35.199980537174,141,549,188.0,37.126410588448536,129.6142,-19.60703,13.349716637222171,0.0,54.050382,-2.499115404497914,0.02291313526106472,0,1059,0
E4620871-1E6B-4F9B-A1AD-BA312DA2991A,8389,1,0.0,0,0.0,0,0.0,-1,549,251.0,52.41875619839514,117.9296,0.0,13.31120029505882,0.0,68.518072,-10.243352064444515,0.004737444500651491,0,1059,1
E020129A-E1B9-4C74-A2BA-9A2EAC5E43D8,3199,5,107.0,0,0.0,0,0.0,-1,187,887.0,157.57612751324805,2048.0,0.0,47.885015357131856,0.114098155673648,221.46923999999999,-23.08236584966778,-0.12526961815943927,0,1059,0
184A220E-3158-4A4A-B9FB-6B022D7A2CBD,8991,3,203.0,11,0.446557668779891,951,38.606940273606945,15,140,251.0,83.06353922326264,151.4,0.0,24.95294048774684,0.0,112.8,-14.629102494790416,-0.03174954726659105,0,1059,0
FC159190-9B7E-4A2F-9810-EEC819F428E7,685,12,41.0,12,6.394160583941606,4518,2407.401459854015,122,92,301.0,55.08343316176471,200.1293,0.0,18.54396903452934,0.0,72.058381,9.929553359068628,-0.01740836152103295,0,732,0
B0D8707A-E15A-4F2A-84EF-950F34F3804D,6189,3,235.0,0,0.0,0,0.0,-1,73,400.0,149.26664521594097,301.2,0.0,38.84564380577953,0.0,200.0,-10.688219290015041,0.3159055530402647,0,1059,0
0FBE9D7E-E88D-4F40-823B-DCC3D84E8186,1987,5,119.5,2,0.36738802214393557,287,52.72018117765475,549,492,1662.0,345.48580665322714,945.0,-29.97876,120.75221492108028,0.0,490.0,-47.25941776433825,-0.754153119041074,0,1059,0
93CC4229-77D3-4EE6-A427-EB8D046F43DA,4489,4,155.0,2,0.16261973713521943,97,7.887057251058143,337,70,804.0,188.52426854032188,1674.656,0.0,33.33577209132299,0.4065493428380486,232.5,-6.218712984766341,-0.09939241470160702,0,1059,0
70B7AC8B-8E82-463C-9CBC-C4ABAB197FFA,5474,12,51.18181818181818,3,0.20003653635367188,251,16.736390208257216,728,1,535.0,174.50065449797683,376.5974,0.0,36.51201364656033,0.0,218.7666,24.366295733350313,0.06025031428575055,0,1059,0
59DCC837-2368-4FBA-98B4-D225B684101E,707,3,157.0,1,0.5162659123055163,51,26.32956152758133,46,216,542.0,45.974512436243835,186.0661,-13.67728,32.38419568813821,0.0,90.93584,0.9321262019506094,-0.21615264220685365,0,759,0
209EB4C0-E63E-478E-A305-E8F3B77F307B,1732,4,52.666666666666664,2,0.42147806004618943,143,30.135681293302543,407,369,472.0,43.729421709837354,251.8151,0.0,27.782643477288744,0.0,83.572856,5.0844749862274625,0.08532838473509659,0,1059,0
561A0161-97F0-46AA-AC51-EDD6468D88CD,12746,4,107.66666666666667,2,0.0572728699199749,20,0.572728699199749,499,199,306.0,60.58292770102043,150.0977,0.0,19.07099902597561,0.0,82.03125,-6.136478265063637,-0.07869626096654432,0,1059,0
90E5D015-459C-4F18-AA9F-F1DA845ABA9C,12746,1,0.0,3,0.08590930487996234,194,5.5554683822375655,204,521,792.0,217.19313782529036,440.72,0.0,70.55626252795707,0.0,303.18,-117.30007918331505,-2.8549268268146877,0,1059,0
4E122FE7-704A-452D-9967-877E01CD93E6,12746,4,153.33333333333334,0,0.0,0,0.0,-1,53,432.0,113.99225401774282,205.7,0.0,23.166363316631188,0.0,143.44399999999993,-9.642370530088485,-0.05842442196806601,0,1059,0
BD1E5AE5-A8F9-4859-95B6-CF29DB31498B,5096,2,17.0,2,0.14324960753532182,31,2.2203689167974883,20,514,313.0,40.496793801422974,171.0,0.0,15.384342342129449,0.0,60.0,-5.544093184139022,-0.07661765512892878,0,1059,0
56A6E8B4-5CB0-4FC6-941E-80CF6B752D5B,1716,2,1.0,2,0.42540792540792544,433,92.10081585081585,830,511,831.0,37.559539367059564,482.3438,0.0,22.057159920660204,0.0,66.527182,0.530551673411118,-0.21378221805185793,0,1059,0
388C3696-9A66-4D81-B6DF-71463D42FC58,12746,4,167.33333333333334,2,0.0572728699199749,194,5.5554683822375655,525,257,798.0,205.82516564119064,556.0,0.0,74.96608289008852,0.0,300.0,-71.77709465353632,-3.015166652947829,0,1059,0
8279B13B-B969-4823-9B7F-4062A583A5B6,8456,3,225.0,1,0.04316461684011352,101,4.359626300851466,32,503,251.0,125.16483777177305,203.04,0.0,22.572003023783356,0.0,152.88,7.154699709708439,0.1529514856839823,0,1059,0
4F43BEE4-EE32-4363-BECE-ADB0CDC9381E,6525,4,65.0,1,0.055938697318007664,21,1.174712643678161,353,470,269.0,58.69484761674405,205.6556,0.0,22.128142304502386,0.0,86.657946,0.6161353226078035,-0.030727282681276828,0,1059,0
C8CE04A2-2920-4BDB-BB04-646C1768EDC8,1275,1,0.0,1,0.28627450980392155,70,20.03921568627451,831,495,1039.0,245.67448227488882,653.0061,-46.3125,45.52405398636127,0.0,302.02906,33.24840443035811,-0.36425879052883753,0,1059,0
DDBD0F06-A031-441A-B893-77B34ABBEA40,4077,3,79.0,2,0.1790532254108413,106,9.48982094677459,466,431,624.0,148.21361865710796,473.9,-6.620637,85.25176243717735,0.0,266.7,-15.845061558111041,-0.4728538788410993,0,1059,0
CA49E920-2F97-4BE1-B8D7-661D1DF2BD22,8383,3,66.5,3,0.1306214958845282,294,12.800906596683765,34,358,301.0,57.96874520024033,213.8,0.0,23.804268665625607,0.0,88.4,-4.496090874082917,0.027819746806198056,0,1059,0
6834BFCB-B69B-4C1D-91F8-7927ED064E29,12746,5,69.0,5,0.14318217479993725,358,10.251843715675507,210,248,100.0,23.623577999566617,52.0,0.0,7.446365263184338,0.0,32.2,3.3055277659426423,-0.015277217508875788,0,1059,0
3F8B8808-332F-42CC-95C5-5E25C2CC3B0C,4830,3,58.5,1,0.07556935817805382,13,0.9824016563146998,105,490,377.0,105.26542497913806,233.38,0.0,39.339458490543215,0.0,147.65524000000002,-16.1083683126257,0.16623228355756056,0,1059,0
5C5A7F54-7A76-4786-A969-B33B6066F4C0,10278,4,65.33333333333333,1,0.03551274567036388,449,15.945222805993383,419,490,489.0,110.73009771024448,286.0,-30.7,50.23476472587112,0.0,178.0,-6.855406352219788,0.09164483040877787,0,1059,0
DB74109B-2CDA-4D4C-86CD-252E49F1C0E1,9021,5,145.0,1,0.04046114621438865,144,5.826405054871965,831,447,811.0,434.2008441844675,939.3906,0.0,34.11388714403983,0.12138343864316595,473.1488,17.916301293927518,0.20768960924487495,0,1059,0
8851D927-6303-4FAE-992B-A1231C700070,5191,2,44.0,1,0.07031400500866886,100,7.0314005008668845,133,444,400.0,138.10656547136003,3052.211,0.0,33.993579365862125,0.07031400500866886,177.46872,-11.018924425835351,0.0625421305618393,0,1059,0
A71477A6-16AD-4759-8D98-7AB56DC5AB7D,12746,6,91.2,0,0.0,0,0.0,-1,29,269.0,120.22038134285918,195.36,-2.8,22.38400708144216,0.0,147.12,5.279489584609934,0.21909166517574546,0,1059,0
E808587E-D5AA-4244-A5AF-DB648578235D,9709,4,82.33333333333333,2,0.07518796992481203,143,5.37593984962406,157,231,538.0,94.4830044663169,238.8672,0.0,25.711319106019246,0.0,128.3203,-4.93968625489714,0.2576248803600959,0,1059,1
D84B2D7C-8B4D-46BC-8D7F-CB05FA4D42A5,12746,3,154.5,0,0.0,0,0.0,-1,171,452.0,43.62412749079043,351.9877,0.0,34.64800718808017,0.0,89.35845,15.968574681277474,-0.06366131812175324,0,1059,0
46FFA32E-6E7B-4C98-BCA8-18F18C7FFDCE,1853,2,0.0,2,0.3939557474365893,342,67.36643281165676,34,469,301.0,74.69172754742691,237.13,0.0,27.34511863404122,0.0,112.75457999999999,-5.188847689479374,-0.016998147505190016,0,1059,0
046598F9-2198-432A-A014-F6A1E74A2D50,12746,10,67.22222222222223,1,0.02863643495998745,136,3.894555154558293,448,119,800.0,222.35028547770378,544.3234,-20.1731,58.18188799371506,0.0,295.24703999999997,2.3223287205986765,-0.1123464612591555,0,1059,1
3CE7605A-49CF-4E96-823B-2EBF42078853,4211,6,124.0,1,0.08667774875326525,110,9.534552362859179,351,113,554.0,215.33604365441568,358.0,0.0,42.90253390561975,0.0,273.0,9.0152680739794,0.08970889181542603,0,1059,0
A873313E-28D4-427B-A9D7-CDAAFE189971,4401,2,1.0,1,0.08293569643262895,2,0.1658713928652579,101,458,554.0,122.07623787205738,345.5042,0.0,50.90050605576508,0.0,188.22707999999997,-23.83681337900181,0.436256925400523,0,1059,0
3CC4911B-5570-49E4-AEBF-9FBC2337558A,557,1,0.0,1,0.6552962298025135,22,14.416517055655296,427,457,1039.0,49.27674130618137,528.8867,-60.60374,45.1137465794523,0.0,110.532,30.650749125917393,0.10379929415147034,0,795,0
9F8173AB-DFC6-4848-ABCA-5223A11E46C2,518,2,76.0,3,2.113899613899614,255,179.68146718146718,157,379,452.0,19.380864164332376,99.71751,0.0,25.000779222681967,0.0,58.463277000000005,26.294706203723177,-0.05710794775594207,0,592,0
7EDB4110-47B4-4ECA-96CF-ECBE373A28CA,627,3,180.0,0,0.0,0,0.0,-1,109,1247.0,267.05042005147504,630.3384,0.0,155.73945547806966,0.0,465.51718,21.638286601302752,-1.9674162739962304,0,658,1
7D54DBF2-7A13-4C9B-BC1B-04FB690E46EA,6271,4,27.666666666666668,9,0.5238398979429117,1351,78.63418912454154,210,357,136.0,44.83064455606059,104.2,-0.4879012,18.106319215460577,0.0,65.0,4.088109641315953,-0.023035551684869773,0,1059,0
0F17F090-0884-4740-829A-4C37996ECB61,1712,3,178.0,1,0.21320093457943923,361,76.96553738317756,831,441,451.0,62.46436610784828,324.3729,0.0,34.46324356989441,0.0,112.72865999999999,28.612316480886307,0.0580421711052861,0,1059,0
EE138E80-2ED9-43EB-B510-7187B7935211,4137,2,0.0,1,0.08822818467488519,235,20.73362339859802,819,441,452.0,141.76051816964022,377.0,0.0,67.35956093118632,0.0,228.0,-11.714453354825395,0.18857237747675587,0,1059,0
C478FDFE-420B-4816-85D1-60C7F6D63E6C,1768,3,61.5,4,0.82579185520362,197,40.67024886877828,978,441,1247.0,295.32534707915977,686.0895,0.0,115.10752856983117,0.0,460.1822799999999,187.51599136991427,0.22819540331293872,0,1059,0
1A4B99DC-E3DB-470A-9044-B8C7FF877052,469,2,131.0,2,1.5565031982942432,264,205.45842217484008,444,304,887.0,106.58891376062104,555.55,0.0,66.96433514384606,0.0,194.8395,-32.269784172195116,0.1650789146494353,0,544,0
41ED13D4-3691-4CE6-9987-E93FB75246C9,2760,4,97.33333333333333,1,0.1322463768115942,500,66.1231884057971,831,357,1247.0,319.9639487660758,782.1739,-15.3,187.64057549753795,0.0,580.9784599999999,-30.930647420165315,-1.9772887627284477,0,1059,1
2BFC78EB-D465-421A-804C-F758F59776B7,12746,7,60.666666666666664,0,0.0,0,0.0,-1,64,499.0,70.32243464937913,191.3086,-16.47943,24.226397520497667,0.0,101.0742,19.250659947071497,0.31096288687496276,0,1059,0
EEBB029A-143F-46FC-B3BE-BABBF68CF3C0,6915,7,82.0,0,0.0,0,0.0,-1,69,407.0,140.3694192869122,312.7041,0.0,47.180601078551746,0.0,199.30133999999995,-52.43581716731343,0.7143442151402455,0,1059,0
3A2DF9C0-4CA5-4BB0-8F69-41E306415434,4809,3,123.5,1,0.07589935537533792,292,22.16261176959867,726,175,554.0,211.51754049918904,387.4,0.0,41.581582671669125,0.0,267.3,8.598562895872703,0.08801922848250114,0,1059,0
2F0B4580-9C56-40B9-A79E-011AA226D402,2821,15,39.642857142857146,6,0.7763204537398086,467,60.4236086494151,258,231,160.0,50.49388362285684,152.757,-14.57095,20.580625985966474,0.0,79.38183,13.712787271433285,-0.1818709101747376,0,1059,0
0B12EC05-9178-47BE-B0DB-5F6AD150B22C,12746,3,210.0,2,0.0572728699199749,164,4.696375333437942,776,114,450.0,148.31173173021992,414.75,0.0,40.04920687357691,0.0,201.76,-17.943303489479177,0.28333184881066825,0,1059,0
A805F55E-8340-4A1B-B342-62A243DE1527,1336,1,0.0,0,0.0,0,0.0,-1,411,887.0,91.99879777912759,208.9132,-208.88,26.784086476771883,0.0,129.31124,7.606639544946489,0.04550433148572913,0,1059,0
870EFCB6-0506-4C36-900B-58B90AE08897,2756,2,0.0,6,0.7946298984034833,517,68.47060957910014,394,406,301.0,50.22233274271606,144.8135,0.0,12.270054102206752,0.0,66.57715,12.550764090617271,-0.14686362824292337,0,1059,0
E1656FE3-DAA7-41A4-B529-23A70618047A,2835,3,129.5,1,0.12874779541446207,9,1.1587301587301586,434,147,748.0,94.20846182347147,404.8377,0.0,36.74204476390714,0.0,139.46937999999997,31.185059841652006,-0.22986220776354804,0,1059,1
AFA767E0-ADC2-47E6-8265-041F5856400B,6076,2,1.0,0,0.0,0,0.0,-1,392,653.0,123.98177425080934,397.7569,0.0,82.38386634357272,0.0,226.1755,-0.30979619834019445,0.059079606073784936,0,1059,0
25DA5517-8E5A-4428-AE69-F814D532E82C,12746,3,283.5,2,0.0572728699199749,432,12.370939902714579,2,393,284.0,92.22240228986827,368.901,0.0,50.30508856156388,0.02863643495998745,144.33803999999998,1.370265061211981,-0.4212745494283656,0,1059,0
410F273B-56EE-477A-8190-71177633F867,12746,3,39.5,3,0.08590930487996234,58,1.660913227679272,388,311,295.0,89.27334138829974,187.58,0.0,20.421478333085993,0.0,115.76,4.151948735157049,-0.10252793554769235,0,1059,0
587FA9B5-D4C9-4DB1-A1E7-DB3CB5771DAB,4002,2,1.0,0,0.0,0,0.0,-1,388,301.0,37.25537297011564,532.4835,-27.9,20.937313415597906,0.09120439780109946,64.5,-7.991484081226748,0.050176119136766444,0,1059,0
9D1143F3-C71B-4BE6-A967-39B81623748A,12746,2,0.0,0,0.0,0,0.0,-1,388,239.0,51.63475340186621,536.0,0.0,30.92836991598332,0.1718186097599247,93.0,29.04395030183749,0.12058667508098433,0,1059,0
5686885C-CDF1-4BBC-8012-0BFB570FFC5C,5131,7,68.33333333333333,3,0.21340869226271683,298,21.198596764763206,689,98,259.0,90.78487314543591,185.0,0.0,16.688617640272767,0.0,112.5,12.055599207959148,0.04264743727610381,0,1059,0
F46EF20A-0F69-4085-B391-71F3B111B8EB,4425,3,193.0,4,0.32994350282485874,346,28.54011299435028,106,366,1665.0,129.7840641327845,696.2038,-15.60709,133.6470928896118,0.0,327.58613999999966,176.3050584119609,0.26085648206847944,0,1059,0
216DB755-ABE2-42E4-AA82-E1E20F31103F,1877,4,52.666666666666664,1,0.19445924347362814,18,3.5002663825253064,802,364,452.0,74.40249854812953,238.3347,0.0,35.281729744274344,0.0,121.27503999999999,-5.109129500367189,0.06545501308837193,0,1059,0
EE323BF7-DFDE-4CF6-9557-60ACB23A6E6C,4115,1,0.0,0,0.0,0,0.0,-1,361,452.0,99.30519262970576,849.87,0.0,22.69086082278058,0.08869987849331713,126.0,1.965640703627571,0.01544154971111918,0,1059,0
3E2A058E-FC59-4E75-A86D-E8B1D3EB2EFE,12746,9,77.0,1,0.02863643495998745,175,5.011376117997804,417,66,693.0,188.92169875374785,459.5814,0.0,102.17383806705611,0.0,317.29822,-171.69539221130958,-1.0207184509365088,0,1059,0
48A0384D-7E79-4BFA-B8D2-6081AD2F90F9,8552,4,34.666666666666664,2,0.0853601496725912,1321,56.38037885874649,142,351,406.0,92.5503443698674,323.72,-28.68541,31.7624829905584,0.0,134.2568,-9.871535096950737,0.05893311641513088,0,1059,0
8049872E-28FB-42EE-B30F-D5C6EB0017E0,8477,3,87.0,6,0.25834611301167865,116,4.994691518225787,84,175,77.0,30.88709610276511,114.7132,0.006320088,17.372914226728067,1.2486728795564468,56.711937999999996,8.070403274912362,-0.12279749162410648,0,1059,0
BA6B93E6-32D4-4904-BE4D-AB3B5635BEC5,12746,6,83.4,2,0.0572728699199749,163,4.667738898477954,716,211,920.0,176.09561006682912,535.4004,0.0,105.35440110026799,0.0,303.4058,19.46426557476039,3.422196992575118,0,1059,0
C6C80C9C-0461-4D1D-B482-AF468A879CAC,4526,2,1.0,4,0.3225806451612903,659,53.14516129032258,234,343,901.0,148.6422134267666,489.2578,1.831055,65.02392162843027,0.0,228.1494,19.309554467369196,0.4227686820156982,0,1059,0
AE983F2F-0D33-4E8A-B78D-FC2DE082B356,522,5,84.25,0,0.0,0,0.0,-1,8,1246.0,210.01835945468767,629.2313,0.0,130.24731225092546,0.0,377.73011,30.052404570003688,-1.752098748359734,0,578,0
91FC46BC-EAEC-420E-90E7-8B9EB6FDFB6A,1917,6,63.6,5,0.9520083463745435,241,45.886802295253,413,184,554.0,97.45879691862076,321.0908,-26.95652,57.378794841485174,0.0,180.7124,35.01629139820024,-0.3792442643957264,0,1059,0
39792953-EFB1-4EE9-86F6-C318FBFA1550,384,6,64.0,2,1.901041666666667,97,92.20052083333334,268,16,602.0,178.04726469432995,360.0257,0.0,56.581258009577795,0.0,248.00543000000005,-25.66874415112008,-0.10154227124763121,0,402,0
142AECE8-7660-4809-94E9-B4F2F2C010E9,496,5,82.0,3,2.2076612903225805,51,37.53024193548387,322,133,226.0,25.376978537087634,108.1698,0.0,12.99994646165666,0.0,41.175756,0.3371314922333539,0.16374471239360197,0,522,0
2330284F-71E7-4FEA-AAEA-073E1C52A071,4526,3,154.0,4,0.3225806451612903,547,44.11290322580645,234,14,901.0,149.27086724667893,488.5254,-151.0,64.54602749831355,0.0,228.5156,18.92764133125317,0.4077612049960162,0,1059,0
6F0E2563-148C-4B04-A3E1-F7FDA69F387A,5288,7,46.833333333333336,7,0.4831694402420575,141,9.732413010590015,232,32,301.0,99.12235120298841,240.9741,0.008972168,17.414848735495475,0.0,125.3135,14.17649959248412,0.035497516825151045,0,1059,0
D698C919-8F96-4908-9794-7E94FBC4C880,12746,2,420.0,4,0.1145457398399498,1981,56.728777655735136,731,311,726.0,235.91158972860455,521.68,0.0,72.5365070422686,0.0,332.86,-20.838652228604587,-0.5866714083359678,0,1059,0
7C0FE479-4111-4BB5-8D55-607B41C9B0F3,5605,3,214.5,2,0.1302408563782337,10,0.6512042818911685,303,304,450.0,117.02328205296577,218.38,0.0,26.09633399431511,0.0,149.95,23.259164706293504,0.02047793337527054,0,1059,0
58682C71-82CE-4105-A731-736CAC1F991D,1841,2,297.0,0,0.0,0,0.0,-1,301,452.0,144.50934859022766,307.5027,0.0,35.91796614683477,0.0,187.5778,-7.889402226030143,0.002578649435326063,0,1059,0
61D3E1D8-1995-428B-80E4-318ED8513EE0,365,1,0.0,1,1.0,10,10.0,233,291,402.0,20.94771113158931,161.8541,0.0,28.223176084036254,0.0,64.95321000000008,18.20184453993847,-0.21361825397155948,0,795,0
BB5BDBB3-30F0-45A0-90C5-6AD5CACD8AA3,6566,2,247.0,0,0.0,0,0.0,-1,288,188.0,34.84320132401321,119.6,0.0,6.647349821017995,0.0,44.0,-1.7263803363588863,0.011074183826962295,0,1059,0
9FE556DC-9229-4044-A12D-D158ECD9C8EC,1049,2,10.0,1,0.34795042897998096,4,1.3918017159199239,306,269,250.0,27.11321650005582,84.55215,0.0,9.345823410966547,0.0,38.943688,-3.0781435429570543,0.008436744554060141,0,1059,0
6036494F-799D-432A-951B-0FD9BCAE3383,6977,2,0.0,0,0.0,0,0.0,-1,273,768.0,97.49023204639268,282.7339,0.0,36.820216594737694,0.0,146.3098,4.217073370582625,-0.01760685388855354,0,1059,0
283B275A-3D7F-4D6F-9327-8752BC9AE288,12746,7,63.0,3,0.08590930487996234,258,7.3882002196767615,108,108,706.0,250.13019188624114,493.9087,-0.9,68.18169774583754,0.0,338.635,-24.971037102290467,-1.5249633592970953,0,1059,0
51EDDA54-2C7E-4CBF-A0A9-01946FB3154F,6977,1,0.0,0,0.0,0,0.0,-1,271,768.0,98.62210546087978,286.2928,0.0,37.11599775580291,0.0,147.8916,4.277385186342443,-0.016642859173156412,0,1059,0
51D47ABB-49D8-4264-BF61-141D4150B9FF,5773,6,158.4,2,0.12645071886367573,66,4.172873722501299,199,8,953.0,138.88790898800949,750.6409,0.0,92.13456341608213,0.0,254.2510799999999,-17.398362564321218,-0.0728034717618923,0,1059,0
FF43FC19-CB5F-4E57-B4F2-97863D71913A,4460,2,132.0,1,0.08183856502242152,296,24.22421524663677,831,126,490.0,88.10553119970844,258.0,0.0,27.779731818981173,0.0,122.0,2.221783713871801,-0.0037872767535086106,0,1059,0
844C1E94-D91C-4693-A425-0673A5E23C9F,3921,3,19.0,1,0.09308849783218567,47,4.375159398112727,247,209,511.0,161.05597415862485,294.4316,0.1511501,35.86448704460061,0.0,206.63454,0.42316394399858837,0.28528113167534913,0,1059,0
5C17EFDE-AC38-42A1-8921-47450C93FC46,4768,3,283.0,0,0.0,0,0.0,-1,238,250.0,34.91801007308569,142.5,0.0,11.906867918550118,0.0,50.0,1.8439498034575195,0.06606382589525402,0,1059,0
F867B201-9236-4A2E-9E95-E4D3B5D842B9,12746,6,145.4,2,0.0572728699199749,46,1.3172760081594226,8,50,499.0,71.2186398051114,191.1,0.0,24.549174721201013,0.0,102.6,21.747749083777492,0.12302324704001733,0,1059,0
7814E77A-3787-4332-A9BD-C92B5DC2C0B1,5156,8,123.14285714285714,5,0.3539565554693561,109,7.716252909231963,150,33,490.0,106.36419460748456,266.83,-14.72,43.5085731521431,0.0,149.1,13.267063108564827,0.039339660131682046,0,1059,0
18D3BF84-9B53-48D3-B063-F7DFA6FA89ED,12746,3,227.0,3,0.08590930487996234,290,8.30456613839636,453,224,269.0,154.49675606913263,254.4,0.0,31.730477353120616,0.0,194.3,-27.813661933330167,0.07786584877865255,1,1059,0
725409A2-0E3D-4446-987F-EB1FF410D697,12746,7,83.33333333333333,2,0.0572728699199749,112,3.207280715518594,30,217,803.0,297.1771793501087,799.1638,0.0,131.81431388808258,0.0,437.1643,79.04488705344073,0.3827255039444715,0,1059,0
39A2C8C4-7F28-47CA-9AA4-8961A6AAA602,4073,1,0.0,1,0.08961453474097716,8,0.7169162779278173,794,208,624.0,62.816524817883334,276.754,-6.019614,36.328311720757505,0.0,110.32883999999996,-22.11819909951914,0.10536757896318986,0,1059,0
9683C647-7AFE-4F37-B4CB-37BD2E7380EC,6188,1,0.0,2,0.11797026502908857,158,9.319650937297997,230,207,269.0,74.20209741514378,171.7468,0.0,20.408475715542092,0.0,101.4068,22.643594806306822,0.7012219530239735,0,1059,0
93132377-10BF-46AB-B748-AE3094FFF34C,4802,2,0.0,5,0.3800499791753436,140,10.641399416909621,233,203,294.0,86.07404448377076,536.6702,0.0,33.55560187340521,0.3800499791753436,132.53,4.918882213760114,0.22774701323429555,0,1059,0
E4DDABB0-5441-4865-8C23-A2516C0A5149,1917,4,6.333333333333333,5,0.9520083463745435,150,28.560250391236305,421,184,554.0,104.91379493967311,310.8095,0.0,58.60349838568949,0.0,190.5982,35.3633860715923,-0.38832889877080423,0,1059,0
F28238AC-EDF1-4E47-991A-034656708A18,9342,15,42.285714285714285,0,0.0,0,0.0,-1,197,693.0,177.08699374043746,384.6,0.0,43.90734147187551,0.0,229.5,-4.440550839202899,0.3699730362228853,0,1059,0
2246E459-92C8-4031-A2E2-7B0A5D166EAA,12746,5,47.5,1,0.02863643495998745,4,0.1145457398399498,112,3,630.0,37.56665627597891,587.9417,0.0,102.50648528199677,0.0,232.76105999999987,227.96327112371245,0.0219094160513368,0,1059,1
36D8819D-C1FE-41D7-8634-80B330BC8E60,12746,10,78.88888888888889,0,0.0,0,0.0,-1,12,529.0,71.2006216806622,283.2687,-14.1602,54.408887340794024,0.0,142.0898,10.304977462084722,-0.7994055148802105,0,1059,0
4020B8F4-3A21-4DF9-8501-1C464D81E73B,3601,5,117.5,1,0.1013607331296862,173,17.53540683143571,181,75,120.0,30.941458793705962,90.5029,-2.0,8.27978693352305,0.0,43.34321,-2.008301626807814,-0.026965187743084824,0,1059,0
AF87F62F-3C03-4D0D-9722-8060B5CB41B3,12746,3,212.0,7,0.20045504471991213,407,11.65502902871489,84,2,77.0,28.982671583222093,80.10583,0.002974187,16.38837282387461,0.0572728699199749,53.332972,7.675455522057227,-0.11084287673677008,0,1059,0
6B7D69EB-3F90-4DB5-B105-55BDEBD0EB6A,8910,3,81.0,5,0.2048260381593715,99,4.055555555555555,167,6,440.0,272.41079455173457,413.97,-15.57002,83.64928743751915,0.0,343.22,9.903166868018559,-1.2520742592824416,1,1059,0
BD959831-3BDF-418D-AD85-DA021C5F8822,5463,6,61.2,0,0.0,0,0.0,-1,50,490.0,141.2917998930966,802.0,0.0,46.487855076049506,0.06681310635182135,201.26,-4.269297700966973,0.13704894457979475,0,1059,1
62A73906-3EF3-45D1-9D3C-8606A3D65A90,6356,5,105.0,3,0.17227816236626808,378,21.707048458149778,464,87,269.0,93.60503267573725,533.0723,0.0,33.302130430756705,0.28713027061044677,134.4,-8.831480044564415,-0.0007942448691321234,0,1059,0
5C4DB19D-9BCD-473F-B857-7118091B3580,12746,1,0.0,2,0.0572728699199749,44,1.2600031382394477,802,138,188.0,34.3995345139769,81.0,0.0,10.478514271485324,0.0,48.0,-6.373762909038632,-0.03164565355579256,0,1059,0
543FA16C-1207-4E8C-A1C0-499F0B8A249B,5036,3,38.5,1,0.07247815726767276,58,4.20373312152502,903,59,133.0,37.51132529582696,83.71803,0.0,13.81166095922081,0.0,54.68754,0.5573517521205673,0.09561580059301023,0,1059,0
59F7DD56-C665-42DE-B997-94823778B39B,4921,7,74.5,3,0.2225157488315383,29,2.150985572038204,972,21,1734.0,461.47802372691046,1165.093,-82.24992,202.8035903110426,0.0,751.14424,-102.84086130329933,1.3505102933664155,0,1059,0
702910A0-BA44-4766-AA67-D86F6A3B3F99,7448,4,86.33333333333333,1,0.04900644468313641,249,12.202604726100967,831,126,693.0,52.12258407664475,265.1713,0.0,27.37757722211889,0.0,87.35054,-15.47497743544104,0.03836484858266756,0,1059,0
76DEF8EC-BC05-45F4-9A17-EE19804E89BC,2714,3,2.0,0,0.0,0,0.0,-1,124,472.0,73.67240234330835,380.5664,0.0,59.96971976059605,0.0,155.4565,35.88305831741697,0.009332315373821135,0,1059,0
2868313B-49FA-4E25-9459-4D66A1A117E6,4859,2,439.0,1,0.07511833710640049,30,2.2535501131920146,762,117,251.0,96.1377770319791,232.5,0.0,13.229857925684762,0.0,112.23064,-0.40978726268896537,0.09773212906534282,0,1059,0
104A009D-8BA7-4B68-BC2F-F007BF0D7B6D,7434,5,105.0,1,0.049098735539413504,158,7.757600215227334,40,113,820.0,228.384822450636,652.0,0.0,91.5269489816154,0.0,335.0,-4.642924302487842,3.777523116708458,0,1059,1
0AC983BF-C77D-463D-A8D8-993E4D5E7C21,3646,3,373.0,2,0.20021941854086672,712,71.27811300054854,363,112,602.0,153.86978043092057,319.9472,0.0,30.765119208191695,0.0,194.35082,23.172435348400427,0.12811696652633708,0,1059,0
51649634-A16E-4323-809B-7E15C362D5BD,12746,11,93.4,0,0.0,0,0.0,-1,102,188.0,0.0,0.0,0.0,0.0,0.0,0.0,0.0,0.0,0,1059,0
7D009E15-757B-4BA5-9B51-239AB1A261F2,12746,1,0.0,0,0.0,0,0.0,-1,92,251.0,83.49276645944828,231.5428,0.0,30.030853069005595,0.0,124.7,-4.492133743398895,0.012641329747995441,0,1059,0
DFFDD77E-1474-4BCF-8ADD-E88ABCAE0D13,2259,3,0.5,0,0.0,0,0.0,-1,88,452.0,92.7861025563574,375.0,-16.6,23.190194981206073,0.0,123.0,7.903943739938896,-0.031297359527792425,0,1059,0
E22F25BB-34C0-4A1C-A7F8-E2B037338F14,1745,2,241.0,4,0.836676217765043,289,60.449856733524356,413,90,1246.0,369.1856515786969,830.7,0.0,117.81752041659051,0.0,534.7,-7.878452504622771,-4.20162663543335,0,1059,0
B661AA1C-BEA1-47C2-96FF-01C42B0F6063,6153,4,178.33333333333334,3,0.1779619697708435,674,39.982122541849506,127,88,129.0,36.207600752164005,147.53,0.0,8.536213144847663,0.29660328295140587,47.491249999999994,6.8090481418792095,-0.0056709311375391005,0,1059,0
B49E420D-017F-45B2-AD09-690BB04224C5,2428,3,325.5,3,0.4509884678747941,360,54.11861614497529,357,77,251.0,71.2666491337757,171.8945,-34.22894,26.41390372726778,0.0,105.95287999999998,1.0906628763708994,0.12646489034910516,0,1059,0
0D73717F-9B64-45D8-9390-42A477B75B22,2967,4,88.0,2,0.24603977081226827,78,9.595551061678464,754,74,473.0,102.72141126018634,360.5347,-43.45978,32.33471330664177,0.0,144.7449,13.912145292282787,0.23771514548882358,0,1059,0
195D4A28-7382-4A32-9F2B-BDDC68B010A1,10299,4,59.333333333333336,1,0.03544033401301097,27,0.9568890183512961,296,58,318.0,104.12193662945623,206.9336,0.0,39.29473557004696,0.0,155.7617,-26.44250550144696,0.0075727303928512365,0,1059,0
5CB79D86-032A-42DA-AF90-0E1332BA04C4,4803,2,1.0,1,0.07599417031022278,834,63.37913803872579,486,63,450.0,109.62041503345657,201.0,-10.85,23.123844681119724,0.0,141.0,6.90898311469158,0.056210814778123536,0,1059,0
789538B1-103F-4BBB-9681-2AAC7E5B54E7,4493,2,6.0,4,0.32494992210104606,535,43.46205208101491,234,63,208.0,33.42111447036799,237.2923,0.0,7.9762913632708505,0.4061874026263076,43.943884,-3.188030473405025,-0.28384740934212377,0,1059,0
34BDDE82-82B6-484F-A68B-5DD3017F0D80,4762,3,32.0,0,0.0,0,0.0,-1,59,400.0,143.50198846126065,303.6,0.0,38.58331908386442,0.0,193.6,-7.898130436569289,0.28499419224126576,0,1059,0
1A9B0851-50C5-42E5-83C2-55BC5588285B,3066,2,728.0,1,0.11904761904761904,4,0.47619047619047616,94,57,250.0,65.17657231404651,159.0,0.0,18.81218488182431,0.0,91.0,-6.320708116515647,-0.08566329633751397,0,1059,0
D984B4DF-76DD-41F3-992B-70589E5FBDE1,2548,2,1.0,6,0.859497645211931,276,39.53689167974882,262,52,301.0,104.46154664018991,539.4805,0.0,21.105472944857837,0.28649921507064363,128.94474,-5.075027204935282,0.049761047274062886,0,1059,1
9175FD58-1638-47AA-8B16-4041EF9F43BE,3502,1,0.0,2,0.20845231296402056,11672,1216.5276984580241,51,52,452.0,115.00652015399062,242.4871,0.0003521013,21.446557982058646,0.0,139.90348,-5.517897099045385,-0.009133242528734471,0,1059,0
5739BAFF-F3B3-4D68-8255-E61A5CD65DBD,6188,3,232.0,2,0.11797026502908857,387,22.827246283128638,831,38,259.0,50.790886183745066,115.963,0.0,13.744167173353752,0.0,68.742176,7.986391438168518,-0.10591367828110065,0,1059,0
E80093A2-E813-4D0B-B4C0-B12BF07A58A2,12746,8,66.71428571428571,1,0.02863643495998745,17,0.4868193943197866,779,37,887.0,206.67780572209054,552.0,0.0,92.14882466520304,0.0,314.0,-129.85458041344856,3.386566414235028,0,1059,0
1EFF23EC-E7A0-4535-8747-37BC6B2B0CF9,12746,7,98.0,2,0.0572728699199749,15,0.4295465243998117,426,6,399.0,159.37618731562205,346.0003,0.0,41.64649602451098,0.0,200.6287,3.470466216785354,-0.42940865504103937,0,1059,0
62F835CA-317D-46C9-90DA-C87C8CD69E20,10150,5,253.25,2,0.07192118226600985,75,2.6970443349753697,831,28,188.0,42.425833417937135,138.1113,0.0,10.604713443320312,0.0,57.679056,3.000722045703455,0.004814136136454535,0,1059,0
30C3AEA4-3841-4F2F-9493-E2E62AE7FEA4,6232,3,3.5,3,0.17570603337612323,106,6.208279845956354,464,35,158.0,27.46629062231182,137.0,0.0,14.844655837542469,0.0,49.0,9.220746414725216,-0.05487051442111381,0,1059,0
B844FC6F-EF8F-42FF-92AB-06DE9BF9C2DC,4842,3,241.0,0,0.0,0,0.0,-1,35,314.0,86.14624708740733,459.9609,0.0,29.786611256392316,0.37691036761668734,123.0,-6.20704955654314,0.0028043013997292067,0,1059,0
50B491E2-4948-470F-83CB-A07016264463,4286,3,307.0,2,0.17032197853476436,4615,393.0179654689687,83,29,542.0,114.77493051012199,411.9742,-1.84794,73.83065919549355,0.0,213.81557999999998,-73.20701482900333,0.9709893923064075,0,1059,0
749B5EBB-7FE5-4728-B3D8-CAA50CE673F8,6004,6,107.0,1,0.06079280479680214,121,7.355929380413059,831,10,269.0,89.69280035761423,169.5257,0.0,19.97479074569733,0.0,116.23421999999997,-8.812195675746949,0.1027276676171561,0,1059,0
B55107E0-4499-4EE7-8DBA-C4114403A0E5,12746,4,157.0,1,0.02863643495998745,41,1.1740938333594855,776,4,739.0,176.48061380354196,606.76,0.0,104.69495164494181,0.0,309.95399999999995,-61.55893633440614,0.5382815356719003,0,1059,0
F21D382B-46AC-4A96-9C63-95FD7C9CE1AE,4921,4,114.33333333333333,0,0.0,0,0.0,-1,2,1734.0,467.1582846557488,1171.826,-91.81165,201.8672237348404,0.0,756.8171,-101.98425085096477,1.254671939398376,0,1059,0
1F3135EA-5ADD-41B0-BBB6-8DA2CA41D6A9,10271,3,269.5,2,0.07107389738097557,9,0.31983253821439006,413,0,146.0,34.51728875120487,1146.798,0.003754629,10.403224844180384,0.17768474345243893,43.644822,4.412649697094508,-0.041278976786243156,0,1059,0
6AB8C606-0992-47F0-AA31-A4206C93525B,728,1,0.0,1,0.5013736263736264,60943,30555.21291208791,639,591,497.0,55.64539597290832,494.0,0.0,25.73922500797692,0.0,88.0,-2.553034861797208,-0.030682514530880986,0,759,0
A9308171-2840-4077-9F49-45BCBB738070,8743,2,770.0,2,0.08349536772274962,349,14.56994166761981,246,3,346.0,76.15360746327657,184.4,-31.48009,29.344647974312647,0.0,112.7,0.5700576601802112,-0.1106351550032096,0,1059,0
BBC31DC0-B7CC-4E6A-8F9C-43891A705AAB,12746,2,181.0,1,0.02863643495998745,4104,117.52392907578849,444,273,314.0,80.34324663300217,190.0,-1.46,28.73206678417846,0.0,115.0,-5.082135521891061,0.00502691233020932,0,1059,0
625C3816-E8C2-4A8C-ACFC-C7DD02C07D20,925,2,7.0,4,1.5783783783783785,703,277.40000000000003,234,756,151.0,14.261687540216828,500.0,0.0,53.51197292607151,717.372972972973,12.22687,-3.698067860124235,0.002659555105558638,14,1059,0
A9693C1B-395A-4C3D-8F96-0D0006596C22,12746,7,33.833333333333336,1,0.02863643495998745,323,9.249568492075946,831,557,84.0,11.405545545128554,188.5983,0.0,2.4592796012002647,0.1145457398399498,14.364865999999997,-0.6441045130297862,-0.009644718225626195,0,1059,0
72E1682D-34E5-4D99-BC5B-72D1DA524E78,3478,1,0.0,4,0.4197814836112708,136,14.272570442783207,423,759,250.0,39.244607091436436,125.6862,0.0,17.29192474531205,0.0,62.32157,6.954319553470974,-0.1344504945437291,0,1059,0
E5E993A9-BBB8-42BD-BB85-83857243B3E8,6255,4,227.0,2,0.11670663469224621,168,9.80335731414868,470,77,269.0,61.691871524342986,413.3616,0.0,14.341672975879053,0.2917665867306155,86.194862,19.650288231058255,-0.19392574480682812,0,1059,0
4E42BD1F-F152-41F6-8C37-B03B91B72C24,12746,3,93.0,0,0.0,0,0.0,-1,571,489.0,107.47230962990932,239.0,0.0,24.374438745121527,0.0,139.0,13.54065333305364,-0.1658173391320722,0,1059,0
CB739177-12CB-41DD-8CF4-5B37A7E1C906,4724,6,70.8,1,0.07726502963590177,319,24.647544453852667,831,400,1524.0,433.1019204585421,810.0,0.0,55.88157956313676,0.0,504.0,-7.5634942779865355,0.3634704671526266,0,1059,0
39A56711-63D6-48D1-AB88-F8538F388120,4141,2,42.0,1,0.08814296063752716,190,16.74716252113016,210,756,151.0,29.695126965269523,139.0,0.0,7.813273182882448,0.0,40.0,-0.0948183232942128,-0.0029746470757995025,0,1059,0
E0FE1F49-6C09-4610-A5D1-DB7EF44A313D,8248,5,153.25,5,0.22126576139670223,72,3.1862269641125125,534,140,708.0,172.23755835486762,681.6454,0.0,104.21127393463945,0.0,304.0494,8.60699488587315,-0.2234342265622173,0,1059,0
C6047CE0-9451-4ECC-AAF2-DFCA6190BDC9,12746,5,152.25,0,0.0,0,0.0,-1,137,452.0,130.02305922895584,797.7214,-44.0297,43.97434577989673,0.0572728699199749,184.0931,-22.186014793770667,0.12885028029970907,0,1059,1
75ADE5F4-067C-4930-BB4B-A03E975DEC67,6367,1,0.0,1,0.057326841526621646,110,6.30595256792838,831,743,269.0,71.03572902480185,142.8666,0.0,13.09727489471781,0.0,88.8,4.725582703593204,0.0770910903494474,0,1059,0
79940172-DE11-4491-B298-EC92A07E899B,9521,5,184.75,1,0.038336309211217307,55,2.108497006616952,429,36,489.0,155.72491414237592,276.0,0.0,28.397345024017834,0.0,190.0,-4.5103308090425855,0.025032983038453697,0,1059,0
B05F4C1F-99C0-406E-8224-06E97829F2B2,6287,5,207.5,2,0.11611261332909179,13,0.7547319866390966,972,116,312.0,36.48747432801225,91.40901,-341.95,11.293147864085542,0.0,51.91563,-0.554421517827052,0.08242362932320546,0,1059,1
8F12CE1C-05AF-490C-8BB8-1CA1FFF9A086,5284,5,157.75,3,0.20722937168811506,227,15.680355791067374,453,86,301.0,75.69170344760919,504.4127,0.01555736,18.12460634527751,0.34538228614685845,99.105542,-21.15613774584684,0.04648364232810294,0,1059,0
84BD511D-6277-47EE-B645-4874358E846D,3941,3,80.0,2,0.18523217457498098,233,21.579548337985283,831,553,301.0,85.80938052334567,158.909,-8.317545,19.386386839580208,0.0,110.148,16.057937543783964,0.17512004920980187,0,1059,0
0AAAA21C-8D90-42CB-9758-50887F2ADCA0,6571,2,0.0,1,0.055547100897884644,186,10.331760767006545,831,707,269.0,92.45894633845765,158.2944,0.0,21.424690569314155,0.0,122.16308,-4.845430091544074,0.1801382710701963,0,1059,0
AFC46547-FE9B-467E-96B1-2F633B2D3EA5,5619,6,130.0,1,0.06495817761167468,143,9.28901939846948,685,56,451.0,83.0314421763173,206.1064,0.0,28.47488253630101,0.0,117.6106,-21.442387704789517,-0.2239017000540892,0,1059,0
2703E2CA-ABC0-4280-99F0-BADFE8890649,8818,3,272.0,6,0.2483556361986845,173,7.160920843728737,8,142,314.0,50.61943567080578,176.0,0.0,26.302645735806678,0.0,86.0,-17.25925048562059,0.2122578004600237,0,1059,1
7F6B8819-A0B9-42EF-A026-381CFD1D6188,746,1,0.0,0,0.0,0,0.0,-1,679,678.0,44.822328666345854,162.7922,0.0,30.16030692840596,0.0,87.10098,-3.3725655043859817,0.016123175172536173,0,795,0
08239E64-D3DE-44B3-A081-FAA5940F7543,8372,5,147.25,4,0.17439082656473961,44,1.9182990922121357,93,175,314.0,41.90603943212487,1000.83,0.0,13.390570529184037,0.2179885332059245,57.0,-5.891764740766845,-0.023975582262135288,0,1059,0
5ACB72DB-4E4E-42E7-9253-6DCD965927CD,4438,2,1.0,4,0.32897701667417756,38,3.1252816584046865,101,658,301.0,43.563633387347096,103.4156,-45.3,13.310002701549937,0.0,60.660563999999994,1.2050277125757418,-0.02911757344595395,0,1059,0
D7EC6434-BF8F-4699-8A20-1FA3E017D34B,12746,3,0.5,1,0.02863643495998745,5,0.14318217479993725,877,633,489.0,109.59455491335439,221.0,0.0,29.001872195440534,0.0,146.0,0.09788335825055583,-0.047152483388546704,0,1059,0
26F11D4C-5846-41DE-B0C2-EEC7F41FBFD0,9338,4,93.0,2,0.0781751981152281,143,5.589526665238809,317,435,100.0,44.96426115597524,96.4273,0.0,7.705726121669858,0.0,54.0,2.056780510691425,-0.016058949893266117,0,1059,0
174492BE-3335-447B-B0B4-1436DF5F9F12,4248,2,238.0,1,0.08592278719397364,17,1.460687382297552,245,371,188.0,21.238196027704273,138.5683,0.0,7.045522829567847,0.0,29.747504,-3.082341676161061,0.0031442769226024273,0,1059,0
50F4C3E1-66C7-47EA-8E7E-AA173597A0BD,12746,3,104.5,2,0.0572728699199749,11,0.3150007845598619,188,609,313.0,48.24879231241012,188.0,-25.09178,28.849483740122388,0.0,88.0,-8.268082435866908,0.006766153114427182,0,1059,0
022B9D83-1EE0-48A0-AF7C-E057A504F1D9,3941,3,31.5,2,0.18523217457498098,773,71.59223547323015,301,546,301.0,85.38491315591315,171.4468,0.0004522573,19.33503718195472,0.0,109.76948,16.039833954426356,0.17507831195257526,0,1059,0
C934F421-91CC-4E16-9087-2EE88663A6A3,6590,3,297.0,1,0.055386949924127474,4,0.2215477996965099,738,10,377.0,64.4121686903347,208.0107,-1.749512,29.76719845253943,0.0,106.0859,2.3434465206066477,-0.008501073212339012,0,1059,0
06A8DAD9-0ABC-4738-A1ED-648A8800DFC0,7975,5,117.25,0,0.0,0,0.0,-1,481,489.0,108.07657692383461,201.0,0.0,26.615616300100974,0.0,143.0,9.33306813789379,-0.12837278722122034,0,1059,0
CFC05757-D065-4373-91F8-A452AB1F1396,8599,4,234.33333333333334,2,0.08489359227817188,98,4.159786021630422,226,225,761.0,111.23099096370666,386.7279,0.0,71.23971535680495,0.0,209.08263999999994,-51.563372557842456,0.0483675984231596,0,1059,0
03492447-A122-438A-B6A8-A9FA08AFB3C7,337,7,73.0,3,3.249258160237389,30601,33143.51632047478,468,399,150.6,41.18821853428724,165.0057,0.0,30.162003061420236,1.083086053412463,75.58594,-41.187359520977054,-9.478782960174672e-06,0,1059,0
65B7D5D1-9325-4311-B19C-75F2BCAE89AF,5137,2,1.0,4,0.28421257543313216,130,9.236908701576796,142,595,133.0,40.76070149430483,81.29862,0.0,11.948565254451792,0.0,55.784858,1.7437252673463988,0.1158161492340368,0,1059,0
CA28800D-A383-4B2B-9631-772BCCC7F6DB,12746,9,37.75,1,0.02863643495998745,24,0.6872744390396988,591,286,496.0,141.32931659454084,320.6305,-40.9519,71.25839471912835,0.0,208.75322,30.553184781230755,-0.6180572157635703,0,1059,0
6BF8DCB5-9A56-49C5-8472-B5BEF5B15078,3234,3,0.5,0,0.0,0,0.0,-1,590,452.0,95.29680143413424,246.0,0.0,42.62622349857477,0.0,153.0,-15.06940945882559,-0.05750692815307481,0,1059,0
270C0041-C543-4B27-BB02-7B5DB2AACFE6,5138,2,2.0,1,0.07103931490852472,17,1.2076683534449202,781,587,188.0,18.031797855371764,97.0,0.0,8.74744968454441,0.0,30.0,-2.4534027936433684,0.006806167199409726,0,1059,0
BBF323B9-A2C3-4D77-AF75-A57446178B99,5637,2,202.0,0,0.0,0,0.0,-1,586,251.0,50.02568031734685,235.5896,0.0,12.81201885564083,0.0,65.387058,-9.797445810248085,0.005019506147038272,0,1059,1
2AA63D69-C695-4A9C-A97C-C9BC8EF077C1,9555,4,97.66666666666667,10,0.3819989534275249,2340,89.38775510204083,108,514,259.0,94.44735209204391,229.9768,-2.178168e-05,23.985272728183553,0.0,125.2002,14.944783295301775,0.06253622478073421,0,1059,0
D382CDA4-884A-4B9B-A22D-ABB67EFB11E4,12746,3,202.5,1,0.02863643495998745,12,0.3436372195198494,43,174,433.0,35.194921813779246,376.5,0.0,36.12694474851823,0.0,85.54971,31.443494060294825,-0.04694780280871237,0,1059,1
F059AF20-A1E6-4084-961A-8C9AF508F85C,1755,3,0.5,0,0.0,0,0.0,-1,563,629.0,81.27908843651133,782.7759,0.0,40.09463098295722,0.41595441595441596,137.64108,-10.042090964211937,0.03674839185300731,0,1059,0
5BD94305-EA73-4031-BD99-1BDB7D4E8EE2,12746,3,76.0,1,0.02863643495998745,118,3.379099325278519,831,555,346.0,71.34508403907294,414.9719,0.0,40.46601237102881,0.20045504471991213,126.8235,15.46231625662152,-0.5371805087539442,0,1059,0
AFA3066C-0692-4489-9DD1-346974AFC63B,5040,4,22.0,1,0.07242063492063491,1951,141.29265873015873,356,479,176.0,35.86567960495643,154.35,0.0,14.81519701445971,0.0,56.48,5.036164530846037,-0.08379085781056311,0,1059,1
720C8CBB-10A6-4A55-B307-BD54DC897475,5088,2,14.0,0,0.0,0,0.0,-1,532,489.0,110.28910215579793,226.0,0.0,28.00122303548165,0.0,148.0,12.246931794819346,-0.02199225555979082,0,1059,0
B9DA195A-C798-40F8-BC58-AB1D1ABDA256,12746,1,0.0,0,0.0,0,0.0,-1,543,188.0,36.11438468155522,234.5,0.0,7.4854741194806,0.14318217479993725,46.0,-2.647332212419421,0.013989552894016695,0,1059,0
851C0F1D-CE35-437C-BAD1-873DC0DCD321,6419,1,0.0,1,0.05686243963234149,357,20.29989094874591,831,540,676.0,97.60304011468814,217.8497,0.0,25.076003136646072,0.0,132.3853,34.198831065867395,0.05640795193381242,0,1059,0
6F6D633F-3DF8-4747-B5D0-7FA33C5B1654,717,4,97.66666666666667,5,2.5453277545327753,1395,710.1464435146444,304,243,1188.0,206.6619077747378,1072.52,0.0,85.42492808288232,0.0,316.85,-48.5924239784415,0.3359504334095651,0,732,0
D7A38D08-22DE-44EE-9374-6818BDDDF83C,6304,3,19.5,4,0.2315989847715736,50,2.89498730964467,93,500,314.0,42.68854202919488,840.0,0.0,13.272720593026925,0.289498730964467,58.0,-6.453896967466484,-0.023345760564899096,0,1059,0
EB3F0C5A-EF42-4536-8273-A67A4ABA5E44,2947,2,285.0,1,0.12385476756023074,424,52.514421445537835,831,234,542.0,120.32372541917564,408.2005,0.0,68.0833928733487,0.0,212.1035,-2.992837791089215,-0.2898294091681535,0,1059,0
B8FA83EE-4339-4D27-8FC3-4871FECC6BCB,1755,5,61.25,0,0.0,0,0.0,-1,366,629.0,81.49421777832646,225.6234,0.0,40.12623483539795,0.0,138.07994,-9.985496729946831,0.03721784732190466,0,1059,0
E37643E2-E950-46D4-A7B3-2D4BE8BE1CA3,2770,3,222.0,3,0.3953068592057762,528,69.5740072202166,83,514,301.0,63.708422167010625,237.4877,0.008464055,19.31206154018403,0.0,89.84591399999996,-14.318951172211634,0.02683264829849066,0,1059,1
FCFE37C8-7C41-4533-8EC3-C1D377BA22B5,12746,5,55.25,4,0.1145457398399498,165,4.725011768397929,583,506,99999.0,17.51631214764097,239.342,0.0,19.836866793979645,0.0,44.48242,-17.51631214764097,0.0,0,1059,0
6AAB6026-ABA0-4B4E-8E70-853E097CA073,1282,4,207.0,3,0.8541341653666147,245,69.75429017160687,444,138,452.0,102.86078008392049,199.3295,0.0,27.677480988893215,0.0,143.33,13.453330278733844,0.009695092877150901,0,1059,0
57806FEE-DB0D-4805-A542-4467F5D4B48C,2821,2,0.0,4,0.5175469691598724,413,53.436724565756826,457,494,181.0,36.94198278716765,87.78651,-373.2394,16.49303782101078,0.0,60.67864399999999,9.252081572631731,-0.07075227984752468,0,1059,0
9CAF453B-F121-408C-9BA8-1B544FF2CDDF,12746,3,175.0,1,0.02863643495998745,8,0.2290914796798996,163,222,266.0,88.59725858247913,154.0,1.3,17.7352459431183,0.0,114.6,-2.797042533096402,0.2767556808567352,0,1059,0
34BE3784-CDAE-409E-92F5-606D4F251F34,659,3,205.5,5,2.769347496206373,152,84.18816388467374,106,112,416.0,20.176128263164774,399.9599,0.0,24.95064060716633,0.0,49.869234000000084,42.97176235033831,-0.022493076620003872,0,745,0
6567AD54-68F7-4EF8-9098-EACE464D8897,3783,2,1.0,3,0.28945281522601113,413,39.848004229447525,831,474,301.0,49.2752207702249,113.5633,-0.02,13.642422497948964,0.0,67.13331199999999,8.336668917815224,-0.1000425905810291,0,1059,0
415E2AC6-9736-4B8F-AEBF-1E2F89FC80E3,2080,1,0.0,0,0.0,0,0.0,-1,471,931.1,82.46813540558286,246.0,0.0,41.97176442321854,0.0,140.0,-4.143750938761869,-0.028338916071682655,0,1059,0
51F67213-28DB-4C56-8826-D9B8552B56A5,2886,4,58.0,1,0.12647262647262647,239,30.226957726957725,831,287,301.0,127.21994504606434,224.2425,0.0,21.175075974059855,0.0,152.93002,-23.065215053780392,0.27826068586990926,0,1059,0
DA0A2BEA-7166-4832-A6D4-0D9A8B23CD53,505,6,68.8,4,2.891089108910891,13233,9564.445544554455,339,112,226.0,32.05461997920693,93.27705,0.0,13.459646221274669,0.0,46.92836000000002,0.02074475150293864,0.03584791597896637,0,522,0
AD3296B7-7646-4DAD-9915-2E176E681BC1,478,5,94.0,3,2.290794979079498,287,219.15271966527197,300,77,226.0,23.64782737247584,82.65611,0.0,12.7171303700441,0.0,38.38421400000002,-2.167824786056091,0.04246947389593528,0,522,0
284D8099-54AD-4BA2-9F1D-CBDBFC7678E7,1815,2,1.0,1,0.20110192837465565,27,5.429752066115703,449,450,753.0,252.5107319406713,668.7936,-156.5964,106.27213455747,0.0,393.3174,-46.582313090362646,-1.1363080569334367,0,1059,0
91432895-B2E5-42C5-8793-8D9B2956CDA6,3890,3,325.0,3,0.28149100257069404,369,34.62339331619537,234,133,452.0,28.125930575621627,121.8503,-0.6455656,21.815802141840084,0.0,55.697008,15.874646981245657,0.12029902749381291,0,1059,0
2FDF257B-B499-4681-AC67-D61934D29759,4198,3,46.0,5,0.434730824202001,466,40.51691281562649,234,350,452.0,197.5320406206702,536.0,-35.34,41.04830230548693,0.1738923296808004,252.0,15.469039626243386,-0.02597702962891413,0,1059,0
2189B5AA-6168-4CC0-B28E-DCBA48BC1489,8991,2,329.0,1,0.04059615170726282,11,0.446557668779891,188,441,301.0,47.05182847603538,181.0,-25.56258,29.035921841051504,0.0,88.0,-8.1382482291218,0.008952637042486764,0,1059,0
D6254F08-DE85-4CE6-9C7C-DA0882B4B70B,1697,2,170.0,3,0.6452563347083088,493,106.03712433706542,107,435,602.0,81.05023365927492,966.9294,0.0,13.90911379287304,0.4301708898055392,99.237464,4.471885408626321,-0.02414348040232533,0,1059,0
0EBC3A03-57B6-4B5A-B505-78FD4F82CE62,12746,4,128.66666666666666,0,0.0,0,0.0,-1,228,314.0,27.24071533930999,144.0,0.0,19.715029534886458,0.0,56.0,-8.797351141779124,0.027528318539538583,0,1059,0
EEC3CB4D-F102-4DB2-A192-4C69F0BD3C01,1836,1,0.0,9,1.7892156862745097,935,185.87962962962962,263,433,452.0,86.56591219362124,189.0,0.0,24.62990308523318,0.0,118.0,13.57035458261332,-0.308037104284817,0,1059,0
25288F52-2B7B-430A-B67C-336DE7F68A2C,10115,4,125.66666666666667,3,0.10825506673257537,20,0.7217004448838359,141,406,188.0,38.208869565438086,136.0799,-723.0,13.473246392505425,0.0,54.669532,-2.1771862696047535,0.02510870154828251,0,1059,0
E4B22469-BD58-4ECA-86AE-79D306D83E7E,5558,2,0.0,0,0.0,0,0.0,-1,424,511.0,162.72707772913586,296.243,-3.383485,36.03871500936847,0.0,208.24742,0.5967596396912995,0.30601859799777953,0,1059,0
63641D07-2034-4A57-8871-AAEB24E848FA,12746,2,329.0,1,0.02863643495998745,560,16.03640357759297,281,91,188.0,51.04437164268782,120.0,-66.7,12.960382608629883,0.0,68.0,-6.137272877255725,-0.025669492804368622,0,1059,0
A9499AB9-2DA8-46C7-98EE-CB387B56CF5A,504,2,1.0,0,0.0,0,0.0,-1,400,678.0,83.20027655061563,300.0,0.0,70.17023241340729,0.0,114.41276,10.615321786575734,-0.05255295637959694,0,675,0
27FF59CA-C2BB-451E-9481-9E3A649EF76D,8715,8,69.42857142857143,3,0.12564543889845095,20,0.8376362593230063,53,40,415.0,178.55993723141174,361.0,-1.0,52.567108687335896,0.0,244.0,-18.123150584806808,-0.5209483748086826,0,1059,0
B1B22AA8-821E-4D5A-AE1C-317C4CB08AA1,3905,3,3.0,2,0.18693982074263765,81,7.571062740076825,339,364,452.0,75.71289704853336,216.3182,0.0,35.446434647845884,0.0,122.81864,-5.210631668440769,0.06479582385050235,0,1059,0
9AE14878-F871-4485-A8E4-6331F02F5038,2457,2,284.0,0,0.0,0,0.0,-1,80,302.0,47.712584527251174,147.4399,0.0,21.228950169508874,0.0,71.678982,-10.775683260855345,-0.07005168170921161,0,1059,0
43D48296-363B-493B-97E8-135A4D2D738D,6175,2,4.0,2,0.11821862348178139,54,3.1919028340080975,723,364,1247.0,191.98077279898013,588.363,0.0,95.7479342487105,0.0,329.13584,-57.20098196441222,-0.14897150406122484,0,1059,0
5DED95B0-E8F9-4EDA-8695-40B4917BA061,12746,1,0.0,0,0.0,0,0.0,-1,357,573.0,79.84918856000185,312.1284,0.0,48.41806383384727,0.0,156.0642,4.4466276953993855,0.19176532358297207,0,1059,0
D60B02FE-1AD7-4AFC-8112-59F271ABC336,5243,2,199.0,3,0.2088498950982262,12,0.8353995803929049,237,157,148.0,49.65017849443051,181.5361,0.01731228,9.42419871092516,0.2088498950982262,61.197506000000004,-0.49657382699223973,-0.04969078443674206,0,1059,0
816653E7-90DE-4268-BEA5-5A35ED0BA3A9,203,4,107.0,6,10.788177339901477,510,916.9950738916256,198,22,226.0,34.92611647744062,237.0,0.0,18.125020171800585,8.990147783251231,54.0,-1.0192491934900048,-0.005104025188328342,0,1059,0
AB7E6766-7227-46CA-98D5-764CA6CF4552,5034,5,111.5,3,0.21752085816448152,682,49.4497417560588,343,342,487.0,100.42064037948215,327.0,-1.26853,31.836839217181694,0.0,141.0,18.115007768666004,-0.09032082150071186,0,1059,0
0EBC7B84-5B08-4F34-AC76-BFE03BE79CE2,513,1,0.0,5,3.557504873294347,688,489.51267056530213,292,339,452.0,60.92209636685154,150.46,0.0,28.493395462914926,0.0,94.53261800000001,-0.38886366993796173,0.17967871249760675,0,592,0
BE7CE2C8-18C7-47F9-B010-505AAB63A382,9191,7,95.33333333333333,0,0.0,0,0.0,-1,9,452.0,134.2934135894528,294.0,0.0,40.097251452172635,0.0,186.0,-26.59503395982317,0.09549630041193194,0,1059,0
A44CC9FB-6BF6-42FA-A9DA-43CBD87F6A08,489,6,28.6,0,0.0,0,0.0,-1,309,226.0,17.21580297706098,65.4575,0.0,10.612877634678815,0.0,30.570274000000012,-0.08897817744678704,0.008426756061374196,0,522,0
52CEF3D7-B755-440E-914B-E90185699A93,3757,1,0.0,0,0.0,0,0.0,-1,301,90.0,16.85325517043937,44.06598,0.0,6.669112677828373,0.0,25.531608,0.8201181913430382,-0.003204878865749587,0,1059,0
7788101C-D03E-4DE9-B82A-77ACA3BFE323,365,2,0.0,1,1.0,8,8.0,233,292,402.0,20.96576690926112,162.0124,-21.7793,28.26738367332692,0.0,65.02559600000008,18.206545679087647,-0.21426659852038404,0,795,0
F3B79ACA-9389-4CCD-8FEE-3534CBF7C147,388,3,55.5,0,0.0,0,0.0,-1,207,887.0,79.68601121800413,235.4648,0.0,49.468795182816805,0.0,147.46702,-5.607191779886833,0.07690029635705008,0,438,0
EA9B4423-F67A-4115-A93E-97EE9843D486,12746,5,31.25,1,0.02863643495998745,52,1.4890946179193474,225,274,264.0,106.70912881602501,214.1,0.0,36.537058185958465,0.0,153.9,-2.895787766256504,0.18846696320827253,0,1059,0
8BBD03B9-5906-43F7-8551-542DE32729E9,1551,2,1.0,1,0.23533204384268214,10,2.353320438426821,949,271,452.0,108.10396414564211,253.4523,0.0,44.66497683813136,0.0,164.44078,-19.126850342864344,0.19135181649544383,0,1059,0
7F1776E8-6AE9-49D6-9A08-03CFAE0C5F35,5984,5,7.75,2,0.12199197860962567,16,0.9759358288770054,197,225,489.0,97.67911198598698,234.4173,0.0,30.109390775571867,0.0,136.77912,-7.658128263764752,0.10217297404220926,0,1059,0
68393A79-FE6B-4B86-AB40-6CE88137A76E,9834,3,146.0,3,0.11134838316046371,210,7.794386821232459,511,245,141.0,40.15090412632726,124.8,-2.296912,18.07515847070023,0.0,60.57,-4.671372490524796,0.00869318628725345,0,1059,0
97DE8F48-CDF0-4327-9EAC-AB2B73FB697F,1246,1,0.0,0,0.0,0,0.0,-1,245,753.0,176.46662941682482,494.0,-14.515,56.281586688876835,0.0,261.5,-8.623056885960608,0.09183765828412967,0,1059,0
66C36BAE-71F9-4D8B-8D0F-1886931FC598,6145,5,68.25,6,0.3563873067534581,251,14.90886899918633,11,196,734.0,153.5614256852354,355.6895,-0.7,47.78884389314466,0.0,218.60235999999998,42.80160702286645,0.01992884819088721,0,1059,1
9BC821B2-CCB1-455D-934C-E0800CBD0CD5,6930,2,1.0,0,0.0,0,0.0,-1,241,801.0,238.32431466113323,427.07,0.43,48.41334941464856,0.0,302.6,7.93559043145936,0.4854434469502516,0,1059,0
DF4F2003-6EAF-45F7-8020-9013817C6D00,12746,5,139.75,0,0.0,0,0.0,-1,22,250.0,55.9215882939974,297.46,0.0,26.74468727697841,0.14318217479993725,88.64746,-13.180924713750485,0.03994931930321192,0,1059,0
DC78C785-DE0F-48D9-8170-6F5F1EDAC962,5537,2,229.0,2,0.1318403467581723,179,11.79971103485642,768,235,314.0,25.69082456151871,207.0,-26.6,28.283542134796235,0.0,76.0,-16.30309308003723,0.054672673352441845,0,1059,0
FDD9C72D-F18E-4907-8818-5B7D2032B7C5,6040,2,1.0,2,0.12086092715231789,45,2.7193708609271527,491,232,400.0,128.15739629690322,276.1907,0.0,35.086024631139274,0.0,172.16466,-13.488186445051369,-0.0005017885919821734,0,1059,0
CAAC2AF6-6F91-488C-8E1A-9807951C955C,6137,2,0.0,1,0.05947531367117484,6,0.35685188202704904,667,227,325.0,85.447801837583,180.4,-71.23009,19.958330946636895,0.0,111.07,3.2494381315528074,-0.10564534201762416,0,1059,0
7D6A66AC-8CED-4DCB-8189-AF743326D9B9,6961,7,81.83333333333333,1,0.05243499497198678,181,9.490734089929607,831,215,748.0,225.16691046596227,992.0,0.0,61.714409171949384,0.2621749748599339,301.1719,-8.755230006857317,0.2882627565901264,0,1059,0
BB67EE48-B027-4D81-83A2-3809F056824F,4921,4,69.0,2,0.14834383255435887,86,6.378784799837431,84,14,1734.0,460.42942661461586,1025.763,-146.1375,200.11979089079486,0.0,747.5123,-98.92283777973933,1.302514820664588,0,1059,0
25A7D8AB-326A-4464-90E9-F1A74466E9A5,902,3,76.0,16,6.47450110864745,1133,458.4756097560976,79,211,60.0,4.925451187747952,24.281,-0.498,5.647327571063216,0.0,12.338,1.4862750468199497,0.002257812006963468,0,1004,0
B34F4910-E39E-4D7A-8DB1-1F921964B5C5,4581,4,11.666666666666666,2,0.1593538528705523,70,5.57738485046933,421,210,226.0,36.965741267324205,163.4039,0.0,21.96349329330319,0.0,66.51208999999999,15.024944775808507,-0.31368613794307604,0,1059,0
FBB8FC67-8C01-467D-A12B-01B71AC82D42,5924,2,622.0,7,0.43129642133693447,394,24.27582714382174,262,194,269.0,104.32681665739034,224.9494,0.0,21.08187314336582,0.0,128.64898,-4.147461591803918,0.040477014298080705,0,1059,1
125918EE-4CCE-4177-A086-BEEED0C2412B,12746,3,220.0,6,0.1718186097599247,425,12.170484857994666,73,189,259.0,115.91721930658558,385.3159,-152.0502,35.47698509431458,0.14318217479993725,159.0236,15.63330118114591,-0.13004029178164025,0,1059,0
49D98260-F113-459B-BD5D-136417B81C53,2493,1,0.0,1,0.14640994785399117,8,1.1712795828319293,717,178,472.0,119.0240446125408,457.0977,0.0,20.25968893051832,0.0,144.24338,-4.822829652664282,-0.27104567601636664,0,1059,0
B7C053D0-9734-48F1-B3A8-9114744DF765,6175,3,90.5,0,0.0,0,0.0,-1,161,1247.0,190.37262961045082,585.1356,0.0,95.03683108197883,0.0,326.66994,-55.209057592703886,-0.1848294425683795,0,1059,0
5E0193DC-45E4-4A39-A181-2527641BCA71,342,5,32.5,12,12.807017543859649,604,644.6198830409356,79,160,151.0,21.99666950911725,73.885,0.0,14.38322125642988,0.0,36.918,9.015927327302503,0.013211386693801635,0,466,0
98B781DF-4CCB-40B5-87E9-FA0B8D3C4B20,2756,4,83.33333333333333,10,1.3243831640058057,1028,136.14658925979683,155,155,301.0,49.680388260291416,96.93604,0.0,12.210499807962117,0.0,65.79986599999992,12.685991657918457,-0.1477717536916544,0,1059,0
41BEAA45-C12F-40F6-A19D-77FF8F50DC5D,1974,1,0.0,0,0.0,0,0.0,-1,153,265.0,59.55264073389061,174.7969,-3.227356,24.967797553824393,0.0,89.648242,-10.869524667146784,-0.0005395518659037105,0,1059,0
B730A01E-E8E9-4C5B-BD25-C42FD456A1E5,172,2,7.0,1,2.1220930232558137,505,1071.656976744186,11,144,803.0,73.0691183040268,810.0,0.0,62.9453323744573,4.2441860465116275,148.49192000000002,57.26400399767073,0.004096905398002592,0,283,0
7FBD9408-D2B6-41D7-8358-F38BB3ACA907,2832,2,309.0,0,0.0,0,0.0,-1,138,151.0,18.16754686845233,72.27811,-2.599853,3.775702916394475,0.0,22.98444,2.786112099217423,0.002106479148011458,0,1059,0
B2E793B5-BA4A-4229-BCF3-2023FC784814,3646,2,1.0,2,0.20021941854086672,283,28.331047723532638,566,126,602.0,153.17892000034146,405.4499,0.0,30.84143487451179,0.0,193.38736,22.74026829672644,0.11568011116410679,0,1059,0
2B187E80-8A1A-4948-8BD0-A7153C49F0CB,1049,2,0.0,0,0.0,0,0.0,-1,126,250.0,27.21048781034494,94.83833,-6.040794,9.410583940287491,0.0,39.106148,-3.0397166159776603,0.00823108027617726,0,1059,0
8EF84F38-2FDA-4126-939B-EB8D49676A85,6040,2,364.0,2,0.12086092715231789,111,6.707781456953643,490,121,400.0,129.7612228582573,278.1186,-58.86918,35.51809822860054,0.0,174.22892,-13.775657761035092,0.0005779834409156591,0,1059,0
74F518BC-6301-4C64-A447-7F5D7D314F82,2343,2,1.0,8,1.2462654716175843,526,81.94195475885617,234,119,452.0,193.4933586586511,346.9695,-36.44,39.694670589581946,0.0,245.82806,14.9794866577069,-0.025854182300944172,0,1059,0
B3A5AEE1-A2D9-40D9-B866-178D0D703D27,495,4,30.333333333333332,1,0.7373737373737373,8,5.898989898989899,18,115,417.0,65.57984606415444,282.0468,0.0,61.253490871290744,0.0,170.84948000000003,7.555243472573963,0.19819529685551593,0,564,0
BD647A47-459B-4481-92BC-9F34D9044F0F,3997,1,0.0,0,0.0,0,0.0,-1,113,831.0,174.77848294470311,360.0,0.0,78.44577468442786,0.0,258.0,19.77429476131539,0.27979620287981083,0,1059,0
E1C5CFB5-EFDF-4355-AF99-B7199F65F0AD,4809,3,326.5,0,0.0,0,0.0,-1,98,554.0,212.13989191460865,520.58,0.0,41.64279998893629,0.0,268.0,8.569382776749393,0.08814890269925359,0,1059,0
CF125889-D248-461C-837E-0415B1E65984,3003,3,367.5,1,0.12154512154512154,7,0.8508158508158508,793,57,250.0,65.36498899103404,152.0,-1.470137,19.319517010139375,0.0,92.0,-6.063291460169843,-0.08621057469377995,0,1059,0
E647C5AD-F118-4F53-B710-2FC7C9BC8096,12746,1,0.0,0,0.0,0,0.0,-1,91,282.0,32.54947303448752,123.0,0.0,11.541023665056514,0.0,45.0,-3.591988466586283,-0.048447282014727984,0,1059,0
3713DA25-75F6-46FF-BCB7-9797A7F289C6,2863,3,0.5,1,0.12748864827104436,7,0.8924205378973106,1001,87,887.0,66.81071938009153,206.4528,-88.0,27.177930156328834,0.0,104.36207999999999,-23.71489750979832,0.11352123537407288,0,1059,0
67D91F7D-F058-4F09-85E7-9BFD07230C81,4108,2,812.0,4,0.35540408958130476,375,33.319133398247324,75,70,158.0,61.85140896975447,107.5,-27.07218,13.833632479326639,0.0,80.0,1.9416080055541656,-0.035837043210703065,0,1059,0
20641858-E610-4DD7-A517-032F5CF38EC3,5259,3,1.5,7,0.48583380870888004,127,8.814413386575394,179,65,251.0,52.098762075244586,118.2549,0.008972168,23.475700318731587,0.0,83.33778,0.24493813956250676,-0.0716927600321169,0,1059,0
999B1355-80ED-477C-B0DB-57F491662D00,3036,4,148.33333333333334,5,0.6011198945981555,482,57.947957839262195,46,68,1246.0,285.3385672857952,827.0507,-10.67349,156.6219684988227,0.0,510.0619199999999,-33.948832663125444,-1.2344842061508043,0,1059,0
CB2189DE-A08B-4576-B7CD-5F712979C65C,2175,2,438.0,2,0.33563218390804594,67,11.24367816091954,179,63,603.0,209.19674052604617,381.4936,0.0,35.13243535650721,0.0,251.4115,-41.81172401138568,-0.30885423724768596,0,1059,0
3F112FC8-560C-4F3B-88D4-6D4AD1717952,3660,2,321.0,2,0.19945355191256833,42,4.188524590163935,253,42,904.0,131.70715662545064,409.9875,-3.17,60.704065408963054,0.0,216.9934,5.971512409271554,-0.014060410630962637,0,1059,0
C0961F9E-19D6-4D8E-AECE-8E15D1E4D786,12746,2,67.0,3,0.08590930487996234,61939,1773.7121449866627,205,34,726.0,228.73354344100287,611.9,0.0,86.8484994846842,0.0,334.3,-17.18692229902757,-0.7372604671132315,0,1059,0
770C8A25-EB48-4D4C-88EF-91A1E00D3A27,12746,2,54.0,4,0.1145457398399498,219,6.2713792562372515,416,31,261.0,49.3504252119879,542.9186,0.0,11.759680658592387,0.14318217479993725,64.171812,5.312516463166432,-0.03434549705530328,0,1059,0
AA0510DC-5FB2-440A-B2E6-1959058E011B,2185,3,250.5,1,0.16704805491990846,8,1.3363844393592677,743,28,151.0,34.60083613488571,87.15195,0.0,7.959509239831989,0.0,43.739048,3.980477572893612,-0.046701993288008135,0,1059,0
3690E5CA-2090-4DA5-A805-327DE86B80CA,4466,2,0.0,6,0.49037169726824903,841,68.73376623376623,83,21,142.0,17.471992885617286,70.505,0.0,3.548633459252015,0.0,21.6106,0.021597849567896787,0.013694852572203355,0,1059,0
01F7288F-0F48-4BC6-A531-FA1A7629A20A,3709,4,33.666666666666664,1,0.0984092747371259,108,10.628201671609599,125,18,831.0,113.41972918085509,412.4885,-2.475639,58.81572534093514,0.0,181.9459599999999,-34.97215623800942,0.6409972402663665,0,1059,0
3EB5027B-DB08-4931-8549-C2DAAF253F64,12746,5,124.25,2,0.0572728699199749,162,4.6391024635179665,234,17,751.0,139.2376550464616,416.0889,-0.3444895,59.53332210343929,0.0,223.5352,2.510891307705066,-0.12133636524013561,0,1059,0
803A4BE4-7A83-4CC2-B52F-2328EDDD7381,172,3,69.5,0,0.0,0,0.0,-1,12,803.0,72.46035655928873,805.0,0.0,62.23577378530389,4.2441860465116275,147.09928,56.22742790838103,-0.0174186502112268,0,283,0
63EFD9D9-EEBA-49B7-9A49-02D344868BE3,13,1,0.0,0,0.0,0,0.0,-1,10,1039.0,10.544886147643238,422.9305,0.0,39.334276820781916,0.0,35.56232,2.0985185191777482,0.6995298816553898,0,109,0
4F727414-F7E6-4B01-869D-C6717BCED803,4365,1,0.0,5,0.41809851088201605,270,22.577319587628867,331,729,452.0,166.15519412195454,354.092,-0.4808291,60.96081240147365,0.0,247.64481999999995,-61.648592121954536,0.043719626039694155,0,1059,0
FD954650-C53A-46A6-BFD1-D91E4B9651E9,12746,0,0.0,1,0.02863643495998745,12,0.3436372195198494,62,0,489.0,104.49698570035525,186.0,0.0,24.010673214682168,0.0,135.0,13.334032818163266,-0.16124910254135966,0,1059,0
8A0188AC-39B0-4F80-9F94-B06A743028BB,4411,3,98.5,1,0.08274767626388574,15,1.2412151439582861,774,142,451.0,129.38403652758421,278.9171,0.0,35.635268884865766,0.0,173.88992,-14.140608636380506,0.0003544764207317138,0,1059,0
9809289C-CDFF-429C-AF50-CDE2FD3210F2,9422,5,238.0,4,0.15495648482275526,159,6.159520271704522,183,34,266.0,114.57801092397906,233.0409,0.0,35.532736409820366,0.0,145.39032,-44.522491841417335,-1.7428156183966659,0,1059,0
A84C30F4-9736-4403-AA25-3BED51DC5A2B,8245,2,108.0,1,0.04426925409338993,185,8.189812007277137,333,15,375.0,122.3595655571388,230.78,-18.7,33.123265791600915,0.0,157.6,-9.985371884299298,0.17169426895400003,0,1059,0
C13CA763-0AA5-493F-BB21-60C6094CEAC1,12746,3,346.0,1,0.02863643495998745,118,3.379099325278519,889,350,326.0,100.73360135006367,264.1347,0.0,52.542992254044044,0.0,152.5391,-51.57587018355132,0.04198831765142493,0,1059,0
E5881D0A-9BDC-49AC-A85E-FF64CD676A2F,2824,3,291.5,0,0.0,0,0.0,-1,451,452.0,69.74952180251762,262.1021,0.0,40.588022998164845,0.0,126.03482,-10.398589735387993,-0.12128885228692542,0,1059,0
D8094B5F-F4A1-4926-8E0B-288E2BADD0DD,3889,5,145.5,4,0.37541784520442273,352,33.0367703779892,234,450,452.0,28.500479530446853,171.2718,-3.533,21.58932066872932,0.0,55.84073,15.697798785062403,0.12129417460056519,0,1059,0
21DB4D85-15F5-41AC-932D-D07DA4E0A08E,6006,4,149.66666666666666,2,0.12154512154512154,14,0.8508158508158508,155,572,489.0,122.21868884868701,388.0,-307.6875,37.00580997623197,0.0,170.0,2.53995312662164,0.07250689385508942,0,1059,0
CD2CC60C-A7FC-4B36-917D-175D718DDD25,12746,5,242.5,5,0.14318217479993725,220,6.300015691197239,554,45,739.0,269.74104911712755,585.0,0.0,92.26083246214625,0.0,392.0,-108.7835645492263,-0.14246597659535298,0,1059,0
5F483BB0-26D4-4780-B11A-39CEC912ABA2,12746,1,0.0,5,0.14318217479993725,1036,29.667346618546997,240,960,264.0,111.41026171222755,707.68,0.0,23.076048236153767,0.14318217479993725,141.46574,-1.3486636713324884,-0.1793505927007413,0,1059,0
E3D46CDE-05B2-4898-8487-DF6FECFD428C,5085,3,432.0,1,0.07177974434611603,48,3.4454277286135695,1012,91,452.0,126.98334652990734,291.0,-13.8214,37.42683752500308,0.0,177.0,16.59836643305563,0.2773056687381368,0,1059,0
8E608B9D-7222-4821-B0AA-9FD27A832275,6913,1,0.0,0,0.0,0,0.0,-1,937,600.0,182.9165430255373,474.6093,-11.4,50.671873260403316,0.0,251.4648,-0.6979515178212523,-0.1862500412478432,0,1059,0
D39AC5D9-A1B3-41E7-8AE8-2D9B3351878B,8990,1,0.0,1,0.040600667408231365,73,2.9638487208008897,314,936,271.0,21.998675495702845,159.9827,0.0,11.009898209785199,0.0,37.12412,-1.6993953311195114,0.02394679928092836,0,1059,0
2913AA43-DAB3-4727-97D2-C38B86F71128,1075,2,12.0,5,1.6976744186046513,136,46.17674418604651,624,909,624.0,27.27695915173324,473.1488,0.0,29.439276696402644,0.0,68.0,27.04588181200133,0.0799801541690739,0,1059,0
C505FE32-41AA-4382-8989-6883FD0BA9F6,3652,1,0.0,1,0.09994523548740417,5,0.4997261774370208,784,915,1039.0,227.76186753754428,470.1715,0.0,42.07319797422289,0.0,281.9601,-11.76657854063069,0.34694993840098165,0,1059,0
8C4FBEC2-F1A5-4336-883A-E15C18D81F97,1386,1,0.0,1,0.26334776334776333,375,98.75541125541125,831,911,624.0,106.49521057030474,264.0076,0.0,62.933948584084106,0.0,197.8912,-66.7767545504745,0.022653059592538393,0,1059,0
8BB51D34-33B4-430E-B693-6CCC2F22F5B9,1116,2,227.0,3,0.9811827956989247,452,147.831541218638,831,679,602.0,17.61797726240585,138.0,-4.628,18.61715654474158,0.0,43.0,-11.92044639820832,0.035010495122851155,0,1059,0
5B838E1C-3993-4E59-A9EC-FF210637E797,925,1,0.0,0,0.0,0,0.0,-1,888,482.0,90.21553902019609,252.4308,0.0,67.04470026468938,0.0,189.32933999999997,-39.92648918802017,0.6408378912847401,0,1059,0
7EBA0E3D-E744-4672-BD7B-86F0F3BF8B56,12746,2,882.0,1,0.02863643495998745,58,1.660913227679272,189,4,452.0,105.19725612823156,232.0,0.0,30.53707533287918,0.0,146.0,0.6780525137437508,0.42717688054758374,0,1059,0
7EE4A26C-1EB5-4987-A73A-90C17F51FB24,5306,3,344.5,1,0.0687900490011308,69,4.7465133810780245,867,174,768.0,87.8741228600603,259.3,0.0,29.273383892751447,0.0,130.2,10.387682695495258,-0.27181441010103286,0,1059,0
94B0146D-48B4-491F-933B-B7D9DF0E074E,3586,2,0.0,0,0.0,0,0.0,-1,844,452.0,41.36560045156842,188.7297,-1.55999,30.462675578896395,0.0,83.43727799999999,8.82870011077727,-0.1620598969757906,0,1059,0
3748EB92-5990-48E4-B964-9F2F1ECE202A,12746,3,51.0,1,0.02863643495998745,337,9.65047858151577,831,739,269.0,39.41891364046768,515.1967,-1.818,51.305267225542025,0.14318217479993725,114.6,-38.82625931948002,0.000622824948667077,0,1059,0
0929FEE4-99CA-4E47-9961-7725857D46B1,964,2,256.0,27,10.223029045643154,24396,9237.074688796682,18,583,301.0,49.27929404863843,138.3514,0.0,27.2442588728227,0.0,80.30891,24.680454292410964,0.02131197150990144,0,1059,1
A2377B8D-B5A5-4125-8875-F7B199E6A415,3010,1,0.0,1,0.1212624584717608,5,0.606312292358804,500,840,451.0,59.785988298410246,238.4,0.0,61.74971332409869,0.0,170.0,-43.056590150262096,-0.09315433318244368,0,1059,0
BA7B92C9-C317-4FDE-98AB-7CA26DEF0FB2,6275,1,0.0,0,0.0,0,0.0,-1,826,312.0,55.210254322822074,129.0,0.0,20.077671967351474,0.0,82.0,-20.57553210059985,0.06039577359799246,0,1059,0
6085C67E-1F01-449C-B43B-43ED266AB867,12746,5,193.0,2,0.0572728699199749,356,10.194570845755532,78,52,314.0,34.4668561030751,109.1,-32.26303,19.730425682416342,0.0,60.0,-1.0576817203590565,0.3219522929213751,0,1059,0
8ABC2B43-ED95-4E5B-9E70-40FFCFC10E0B,8887,1,0.0,1,0.04107122763587263,1801,73.96928097220659,291,791,314.0,48.63788895900504,237.111,0.0,27.789389380407847,0.0,88.0,-9.047842662708746,0.03968431173483667,0,1059,1
33C64837-862E-4D62-8B39-E659102BE80F,3066,2,758.0,1,0.11904761904761904,4,0.47619047619047616,94,28,250.0,65.93182280825022,222.0,-18.8,19.012816581451474,0.0,92.0,-4.292933919361332,-0.12772644542313813,0,1059,0
CDE3BF80-45A8-4454-A382-5832C64A3A3B,12746,6,150.8,2,0.0572728699199749,28,0.8018201788796485,478,20,188.0,19.432704889386486,90.0,-15.67459,14.17951985029557,0.0,40.0,-6.93910921037414,0.07587316449675116,0,1059,0
50407294-CFB1-4B51-9BAC-CA1E4E222106,1921,2,1.0,1,0.19000520562207185,235,44.65122332118688,831,721,602.0,51.535963308395154,205.364,-2.102661,11.31704545759612,0.0,63.079423999999996,5.136332742530769,0.14713067690565038,0,1059,0
FF43581C-077D-46BB-8122-361C7B35518C,1254,2,587.0,1,0.29106858054226475,2,0.5821371610845295,259,132,452.0,100.36671806220492,174.8959,-9.599999,19.659859745322898,0.0,129.21631999999997,-13.71755241019875,-0.07797194684709055,0,1059,0
C8D30CC8-EE14-4099-A3EA-204972D0D165,1697,4,109.33333333333333,4,0.8603417796110784,442,95.06776664702417,713,381,831.0,235.90695062158952,20482050.0,0.0,52485.56635412977,0.2150854449027696,126.08474,-144.43929182837962,0.3389594817077739,1,1059,0
13510E1A-9690-4369-9442-4DA1C4ADBEEB,5823,1,0.0,0,0.0,0,0.0,-1,706,209.0,53.51306896517758,113.21,0.0,13.209173802950271,0.0,71.7,2.25308612741501,0.03908414218942843,0,1059,0
7A0D8C02-A584-4215-9DBC-2D8329900CC6,12746,6,131.4,3,0.08590930487996234,59,1.6895496626392594,231,97,789.0,168.4450307972892,584.03,0.0,98.55560743019032,0.0,294.2,10.134610406414481,-0.24930112028023627,0,1059,1
9DA0A802-E704-4C2F-AC5C-FBA1233EAD9A,9293,3,305.5,1,0.03927687506725493,846,33.228236306897664,239,61,820.0,223.97636029214576,946.0,0.0,88.32392767705014,0.03927687506725493,323.0,-139.49688498350378,-4.000431580488018,0,1059,0
C8DCBAAC-E4EA-4EE4-8FD3-2B32C4D6C764,4658,5,90.0,2,0.15671962215543153,23,1.8022756547874625,386,305,150.0,45.75996872484191,101.558,0.0,15.541632922362949,0.0,65.2732,3.155917324540809,-0.060266918275282,0,1059,0
E46BEB47-635B-4F8C-B788-9549B07FB1BD,2955,7,69.5,7,0.8646362098138747,533,65.83587140439931,288,247,450.0,103.15091774741116,363.6,-19.8818,49.36418200422369,0.0,166.83,-0.35143549432473264,0.13537914888889016,0,1059,0
8361C020-2620-4529-B0A0-03C216F6FA9E,3495,3,283.5,1,0.10443490701001432,198,20.678111587982833,702,99,831.0,170.46424524016493,347.9429,0.0,75.31936284358385,0.0,252.1961,18.20337044833815,0.2595065320111554,0,1059,0
78B3EBC8-F56B-4BB3-A5F7-2706B151DA0D,3625,1,0.0,1,0.1006896551724138,15,1.5103448275862068,364,623,451.0,162.97972539882252,408.9703,0.0,89.20360219883513,0.0,280.9678,25.122591345158952,-0.7203364328670928,0,1059,0
307666EB-D13B-45F5-AE71-0625CA7FFA8D,12746,5,88.75,3,0.08590930487996234,322,9.220932057115958,360,280,301.0,50.10937703197253,252.7,0.0,17.821089854652552,0.0,73.7,1.550105993027465,0.00825628333922832,0,1059,0
C2BB26A4-687B-4185-8F3F-1387DB51C500,4437,1,0.0,0,0.0,0,0.0,-1,588,538.0,87.48532558590031,281.0,0.0,26.737297220046774,0.0,120.0,0.7442268832354841,0.3196381697785488,0,1059,0
37269223-9280-4724-8C43-59E4154D0EB4,3861,2,197.0,3,0.2836052836052836,67,6.333851333851333,386,562,150.0,45.46729455120266,100.6699,0.0,15.225264013768085,0.0,64.743864,2.9804773618374583,-0.05956413467814108,0,1059,0
3AF39594-F1F2-41DD-8019-F6DC70309A84,2162,2,1.0,3,0.5064754856614246,350,59.088806660499536,650,553,831.0,180.32934833379736,449.3375,0.0,68.25844474259566,0.0,271.55905999999993,-23.08232700200722,0.42935374320776204,0,1059,0
26245C96-2CD6-40BA-8241-3769DFA5D8BD,707,1,0.0,1,0.5162659123055163,4,2.0650636492220653,97,528,602.5,62.66875467093121,273.6766,-124.1082,62.49484383904078,0.0,162.73884,117.79090034604408,-0.07400141743854798,0,1059,0
BEDECAEF-22CF-4F6B-A9D9-03809C319826,664,4,179.0,7,3.84789156626506,960,527.710843373494,33,34,452.0,98.70822013336766,299.0,-0.2568916,48.621501921242285,0.0,143.0,28.459218371261983,0.2576610900624458,0,795,0
1EAE67FA-5497-4F17-BD60-E50D2108D271,3472,4,129.33333333333334,0,0.0,0,0.0,-1,521,452.0,46.36101702706075,166.0,-22.6,13.75739706416499,0.0,64.0,7.0703101334330825,-0.09124045949894177,0,1059,0
47385182-ECF8-458B-B139-DD5CC20E28E6,8831,3,10.0,3,0.12399501755180613,203,8.390329521005548,77,514,271.0,80.84123326622101,255.6026,0.0,42.34349848695801,0.0,137.91353999999998,28.951426399288252,-0.1109784946784098,0,1059,0
E7E3043D-F19C-4229-92BD-9AAE6F2042B6,8383,2,1.0,3,0.1306214958845282,303,13.19277108433735,34,483,301.0,57.2207394785241,240.4425,0.0,23.51239166281873,0.0,87.3,-4.422722498894473,0.02734919833204843,0,1059,0
6A97A554-D7C2-4618-A10A-D667E7BD57BA,3828,4,46.666666666666664,3,0.28605015673981193,624,59.49843260188088,340,335,371.0,68.58763669574554,150.0,-2.972473,28.362697007284083,0.0,105.0,1.8836596005507573,-0.08109197294597692,0,1059,0
552C4C96-F16B-47E5-9B2D-3230736F71DF,2366,2,0.0,0,0.0,0,0.0,-1,473,452.0,109.19022884422176,281.0,-13.6,42.50472764966445,0.0,164.0,-6.787065263974853,0.03666096180131121,0,1059,0
D67E77B7-40F0-4C8E-A09B-FD42FCDD03F1,1712,3,121.5,3,0.6396028037383177,383,81.65595794392523,831,469,831.0,27.564010972446106,86.12652,0.0778044,15.559187937936922,0.0,50.3567,13.185114741674262,0.023362245666950724,0,1059,0
5583101A-4AF5-483C-B8D1-A32F4E33B8D5,12746,3,99.0,3,0.08590930487996234,241,6.901380825356975,470,262,269.0,53.55777854342787,143.9,0.0,21.899714764628644,0.0,78.6,28.54705941953509,-0.20730685201199672,0,1059,0
FAF71C56-C66C-4B45-A802-D78BB4F6E1EB,12746,1,0.0,1,0.02863643495998745,214,6.128197081437314,831,457,264.0,73.39085455164263,156.0,-496.0,18.306466249905487,0.0,98.25,6.909434800209212,0.05649595800571513,0,1059,1
32C858E9-875B-43D7-992D-62985F5ADA2F,4106,2,0.0,0,0.0,0,0.0,-1,441,301.0,27.956735968861423,101.1027,-34.14572,14.003195933157807,0.0,46.92621799999999,-1.8993977319015478,0.07142664001194741,0,1059,0
CD150240-E82B-43BB-80F7-CB70234FFF5F,5124,3,129.0,0,0.0,0,0.0,-1,245,188.0,24.687072487408646,98.0,0.0,9.939036481276492,0.0,38.0,-4.668862610865435,-0.009554334554354685,0,1059,0
95BA4402-942E-49AD-8E3B-7C16BF60F656,12746,5,115.0,6,0.1718186097599247,1253,35.88145300486428,177,70,225.999,30.321585654455074,111.5699,0.0,33.84453990744153,0.0,74.34261,29.46368336714986,-0.2604051208769038,0,1059,0
97C338DC-7669-4BA4-8B57-DF87ED9B047E,2958,2,0.0,1,0.12339418526031101,307,37.882014874915484,831,408,602.0,80.63427279725124,239.6476,0.03456794,41.70636352589991,0.0,148.62149999999997,48.31972689179196,0.08971614083173864,0,1059,0
0EC04EA5-F77E-4D6D-8583-EE00C9E5B9D0,2814,2,0.0,0,0.0,0,0.0,-1,399,748.0,94.6961350220636,405.0395,0.0,36.93998096482304,0.0,140.22432,31.44976455741171,-0.2301756329583624,0,1059,1
EE6A50AE-34AB-4577-A6B8-DE0A643921BD,5108,2,90.0,0,0.0,0,0.0,-1,399,188.0,18.633967199806943,100.0,0.0,9.079743538084735,0.0,32.0,-6.448473372646449,-0.08422404686451183,0,1059,0
DB233991-1F7F-4264-B67A-2B8477FECCE1,12746,3,156.0,0,0.0,0,0.0,-1,72,266.0,119.10284277029557,258.9601,-31.4528,61.98266600890076,0.0,185.52,6.215955526000727,-1.3405385116774327,0,1059,0
5F90C0FB-7BDD-44DB-A6D2-AF1B38DFFC84,12746,1,0.0,4,0.1145457398399498,14,0.40091008943982426,111,364,488.0,56.76673356996199,203.3936,-37.1265,58.12250372998553,0.0,160.1807,-40.527355276736685,-0.0874904748934105,0,1059,0
8E086990-00A0-45D9-A1AC-9A79E3A11D21,406,3,56.5,1,0.8990147783251231,34,30.566502463054185,367,231,1246.0,238.32842259305863,1003.679,0.0,195.84856706078136,0.0,538.03026,99.66708616697224,-2.196966409880127,0,459,0
2F6DA7D1-915A-4335-B0EF-1B35C34A0E1F,2412,2,61.0,0,0.0,0,0.0,-1,253,301.0,48.803104847984415,108.6,-6.236812,12.557350209756345,0.0,66.60001,-1.90307775539182,0.08523454772304229,0,1059,0
41E5118C-A42B-4BDE-AB32-9C3566EDAA39,12746,5,43.5,0,0.0,0,0.0,-1,307,432.0,115.88698700020356,211.23,0.0,23.532432282715142,0.0,145.57,-9.738579592796157,-0.06932558546333213,0,1059,0
1F9A92EA-F9E2-498F-AAD3-AD6DBB1E865E,5642,2,1.0,1,0.06469337114498405,27,1.7467210209145694,906,304,131.0,28.466232180028495,232.6,0.0,17.66549741762883,0.06469337114498405,49.5,0.38909189404557765,-0.012104375025752326,0,1059,0
857F915F-1C2B-47F1-A172-492B94761B5B,420,3,79.0,0,0.0,0,0.0,-1,260,603.0,81.085507369255,314.9013,-14.18723,86.27242034116736,0.0,203.46118,83.05892998722649,-0.15530807346602743,0,795,0
F6E0DA25-85FB-4E53-BC0D-EE9B432BC47F,388,3,35.5,0,0.0,0,0.0,-1,209,887.0,79.86917165687271,235.3271,0.0,49.450259219821874,0.0,147.66316,-5.821359597536286,0.07591911097345286,0,438,0
D4F6F205-A6A6-4F9D-8BCA-2F2E629CAB34,3117,3,360.0,2,0.23419955085017646,46,5.386589669554059,53,274,451.0,104.57252804166372,275.1525,-28.45106,60.93801838295121,0.0,191.58092,-12.289769329936092,-0.26394242271132823,0,1059,0
42D1D8CB-80FB-4477-992F-5B36682F7037,3215,4,123.0,1,0.1135303265940902,6,0.6811819595645412,260,260,1040.0,161.30762918934641,531.1835,-1.288677,77.81053191763759,0.0,268.70949999999993,-60.13929512985567,0.10392176430328492,0,1059,0
E4EFA749-DE05-4CE0-B294-FACEAF47AD4B,2730,4,242.0,2,0.2673992673992674,86,11.498168498168498,413,239,361.0,70.81071457798105,225.7917,-31.30568,33.67356611525275,0.0,115.0707,5.021944141154762,0.02298317376600635,0,1059,0
ABFFDC0D-9FB7-4D3B-BD20-B94AB1BC7402,2674,1,0.0,1,0.13649962602842183,203,27.709424083769633,831,238,301.0,88.05486768730097,1047.416,0.0,18.14741977914466,0.13649962602842183,113.69484,-0.44692321585036154,0.0954519010079312,0,1059,0
C23B93D1-6D8D-440E-911A-D6D9192CC4D2,4507,3,249.5,2,0.16197026847126691,24,1.943643221655203,234,234,803.0,91.08817125434213,284.79,0.0,51.20950140227451,0.0,165.9,23.229492325904772,0.1286038971431217,0,1059,0
4F62C8AA-4BDA-4961-B66F-9BFCA812D0F7,889,1,0.0,0,0.0,0,0.0,-1,227,250.0,23.09148389763407,82.53806,0.0,13.106227422646322,0.0,38.415684,0.4489228117023458,-0.00018227145666141283,0,1059,0
3851D4EC-7685-4C83-A34B-CDA4C8243E2D,7207,3,93.5,0,0.0,0,0.0,-1,39,798.0,115.97448614697741,380.9532,0.0,63.69219565589989,0.0,207.46892,-44.38313521476445,-0.027045887874575646,0,1059,0
98A71AE0-3C28-4381-A1BF-3523AFCFD83D,5723,1,0.0,6,0.38266643368862485,411,26.212650707670804,161,224,391.0,147.94243364333067,283.3233,0.0,44.43403240149133,0.0,215.03603999999999,-15.342973803824492,0.21646559888040154,0,1059,0
8F9C870E-251F-4857-81C1-D587DEF9AE60,1183,3,93.5,2,0.6170752324598479,135,41.65257819103973,211,24,452.0,105.09918778781051,240.1837,-0.3500977,29.54708839384554,0.0,145.9152,-13.586916918211756,-0.057107526461403935,0,1059,0
06B483A0-1832-4A94-BA54-4BA71368635F,387,1,0.0,0,0.0,0,0.0,-1,212,678.0,30.8972515006833,124.4909,0.0,16.016700746319785,0.0,50.311997000000005,3.236956803329047,-0.060657243710964155,0,438,0
E49AEB5A-C1B2-4A2F-9519-C650809EBE04,4354,2,558.0,2,0.16766192007349565,327,27.41272393201654,115,205,126.0,52.02464048827821,134.4155,0.006354059,23.188301777754166,4.359209921910887,79.405824,16.868914860757286,0.26793984552068334,0,1059,0
000D19AE-90F4-4E04-AE7D-E5CF952562D1,12746,3,100.5,2,0.0572728699199749,7,0.20045504471991213,823,1,156.0,31.477385897395774,61.54682,0.0,9.413217616387172,0.0,43.949878,-0.5346605210686128,0.0072516338115637576,0,1059,0
EF58576A-4576-43DD-887F-CC0B3A5E04FD,4438,2,1.0,8,0.6579540333483551,116,9.540333483551148,101,196,301.0,43.35338439433345,101.9544,0.0,13.23875065913912,0.0,60.366125999999994,1.4570009232591374,-0.028534710573823344,0,1059,0
FE858CB0-C9EA-45C7-AE2C-E2BFBE6BB351,2493,1,0.0,0,0.0,0,0.0,-1,179,472.0,119.8759031083415,457.1287,0.0,20.419863610505505,0.0,145.29314,-4.943042014205702,-0.2712543263641471,0,1059,0
50B4237B-C3AC-48AE-8E9A-D392D1A2B753,8512,7,107.0,5,0.2144031954887218,248,10.634398496240602,235,110,251.0,93.39342298869899,186.9,-36.933,23.17746999413269,0.0,121.9,7.901623307597319,0.04056925180511106,0,1059,0
D8706D99-4904-41E9-9C7E-17063B75A4E5,12746,3,153.5,5,0.14318217479993725,3072,87.97112819708144,831,168,171.0,19.102121841927413,86.30524,0.0,4.876128792046304,0.0,25.25715,4.809816598736166,0.10961305244901871,0,1059,0
1D499149-57AC-4248-B6E0-06E8AAB47AD4,6685,2,1.0,9,0.49139865370231856,610,33.305908750934925,16,154,271.0,87.61462736957192,156.9,-21.76611,25.856769939250935,0.0,118.5,-15.978601135004013,-0.03068588143033554,0,1059,0
BE12FD01-7810-404E-A4AC-D3C4E35D4411,12746,3,116.0,5,0.14318217479993725,148,4.238192374078142,375,143,199.0,62.08708065363425,239.5522,0.0,20.594554613733482,0.14318217479993725,88.0,1.094940951304018,0.334762579285004,0,1059,0
662BF047-B6C0-4A85-8580-647D11D6390E,7927,6,111.8,5,0.23022581052100416,778,35.82313611706825,241,119,157.0,40.37838557846275,451.8761,-18.30736,10.573038411455098,0.8748580799798158,53.03157199999999,4.411857843219359,0.02793072156223487,0,1059,0
45F6B4E0-1554-446A-8FC5-19241EF68471,2344,2,0.0,8,1.2457337883959043,797,124.10622866894198,234,112,452.0,195.11754010854506,326.8742,0.0,40.01486590424934,0.0,247.83221999999998,15.049347622936438,-0.026487266089291063,0,1059,0
16D976FF-3466-4459-A793-C8E92BE70270,7046,2,1.0,1,0.051802441101334085,28,1.4504683508373544,140,98,377.0,119.45057327518845,211.5007,0.0,20.82823881081044,0.0,147.89738,4.733065085922647,0.2641078108132985,0,1059,0
917651D5-EB52-470C-9071-6CC2D91D9F57,2259,3,0.5,0,0.0,0,0.0,-1,86,452.0,92.35245293426227,182.0,0.0,22.983912567937914,0.0,122.0,7.790602621293274,-0.02944785135806502,0,1059,0
5FF4882C-FDA4-4E16-9B33-337133325796,2463,1,0.0,2,0.2963865205034511,525,77.8014616321559,598,85,1039.0,172.89585037179143,492.4461,0.0,110.92519816137974,0.0,329.02907999999996,21.54336851871784,-1.0500880601403155,0,1059,0
8855687A-DBD5-4C17-AA82-2D9C378569D9,3556,3,23.5,0,0.0,0,0.0,-1,22,630.0,161.33367941399203,531.78,0.3159409,37.48976038513903,0.0,209.97959999999998,0.9262174119493238,-0.024454121029213138,0,1059,1
06B0E02E-A74C-4F9F-945B-0397916C946A,4172,1,0.0,2,0.17497603068072867,1959,171.3890220517737,359,68,452.0,116.6190082328334,304.6803,0.0,82.41352366983594,0.0,231.72704,17.282617304898068,-0.876203023809974,0,1059,0
B4F2A313-F31F-44D8-A8CB-AD58324CC2F6,5463,2,90.0,1,0.06681310635182135,38,2.538898041369211,161,41,490.0,143.74742402450636,702.0,0.0,47.04217341563498,0.06681310635182135,204.62,-4.202566103981667,0.1271513267325956,0,1059,0
753CCF25-D9A0-46CF-99E4-DE76429A20A6,5315,7,45.833333333333336,6,0.4120413922859831,135,9.270931326434619,232,38,301.0,99.35144292974097,240.25,-31.86622,17.388974661832297,0.0,125.5332,14.096069637984641,0.04001311365957931,0,1059,1
672B6ADA-B729-4284-A6B4-39D5B4F69203,59,2,1.0,0,0.0,0,0.0,-1,35,416.0,41.65410680920841,175.299,0.0,45.81192756029186,0.0,110.1556,8.327607310390356,0.8835220689208221,0,109,1
BF5709D0-85AF-4054-9BA6-4847386CD54A,1089,2,1.0,16,5.362718089990818,419566,140625.88613406796,135,26,451.0,65.00917009973996,354.92,0.0,50.42921549610056,0.0,134.4,0.31580214100078763,0.05740289281592455,0,1059,0
09B55CF9-E0DB-4D5A-8A18-E83FD35C5802,1280,3,0.5,1,0.28515625,11,3.13671875,23,23,452.0,43.524604137207376,513.7,0.0,26.76866106645164,1.42578125,82.070732,-8.09256055302528,0.3801044461542288,0,1059,0
237221B0-4D26-443E-A990-4A458A0E1B0E,1645,2,618.0,2,0.44376899696048633,17,3.772036474164134,830,4,452.0,40.74500219063347,84.46326,-224.1681,11.063701095863713,0.0,55.602968,3.675630257668999,-0.31975671268463673,0,1059,0
C1D9855E-7BD2-4741-9672-99A92F1509BB,12746,4,154.33333333333334,2,0.0572728699199749,32,0.9163659187195984,4,4,301.0,111.54309886182013,218.77,-26.85544,30.368121941086844,0.0,148.2,4.4303918789206165,-0.09801658412344287,0,1059,0
52BDF23D-D520-45A5-BAF7-3AE0588B443A,3667,0,0.0,2,0.19907281156258522,699,69.57594764112353,391,0,312.0,39.65139867693894,112.2864,0.0,19.701198408596365,0.0,64.534308,17.432962387875875,0.010713717572531138,0,1059,0
EAB87D4F-8510-48D3-9851-A3E73A5F1D61,12746,3,49.0,1,0.02863643495998745,34,0.9736387886395732,463,495,269.0,104.76243154571306,211.27,0.0,25.050486684658882,0.0,137.59,2.986412590089415,-0.03659106062487088,0,1059,0
30B29AA4-275A-4F18-9FC0-A0EBB7060768,1033,3,88.0,0,0.0,0,0.0,-1,19,415.0,80.27372172901102,1024.0,0.0,47.993877018716454,1.766698935140368,147.87489999999997,8.866216779939606,-0.568298496916969,0,1059,0
1CE56AEA-BF03-4F9A-95FC-818D504DE34A,2471,2,356.0,0,0.0,0,0.0,-1,645,602.0,189.93232101129271,351.7194,0.005063998,36.785712265829765,0.0,236.4996,-17.96340015095322,0.2843672217230364,0,1059,0
BF3AEF5D-C6F4-4B6E-AB23-E20259719D21,2009,4,206.0,2,0.3633648581383773,1683,305.7715281234445,550,353,1662.0,343.74103501940414,940.0,-23.0,120.79393790404795,0.0,487.0,-46.5943529206387,-0.7517155181484224,0,1059,0
7FD4D90D-20B0-48CB-BA23-936982304829,5058,4,288.6666666666667,1,0.07216291024120206,164,11.834717279557138,15,69,682.0,161.89322831303983,324.1945,0.08881455,37.893715849626,0.0,211.8766,2.517806545679292,-0.025441760711666296,0,1059,1
5B3AB9AD-02B9-4E85-92E0-C124E60EB941,952,4,278.3333333333333,2,0.7668067226890757,79,30.28886554621849,88,87,302.0,48.82905443818035,205.927,-445.4993,34.21257917344773,0.0,97.104,25.18946508342458,0.027843585113317446,0,963,0
1ACDD6C6-89CD-4DE8-8308-D72D65051964,1431,2,322.0,3,0.7651991614255764,516,131.61425576519915,97,588,151.0,8.316873329522545,26.46654,-2.454,5.650556900788418,0.0,16.17138,6.651504198718198,0.04601894366347147,0,1059,0
233D30A4-11C2-4F96-BAE3-0183124C3A60,945,2,196.0,1,0.3862433862433862,9,3.476190476190476,777,714,452.0,113.07936963525702,241.0,0.0,40.99172557336749,0.0,167.0,-7.700280129084177,-0.012944156343134821,0,953,0
91149E01-0E5E-4D04-96C3-98C024D00242,1631,1,0.0,1,0.22378908645003065,91,20.36480686695279,831,896,250.0,41.13285794898447,235.9262,-0.1003746,9.028130264971724,0.0,51.19566,1.0896756104291114,-0.0028006580631103435,0,1059,0
336DA11F-9E69-4F24-A98B-05D713991A6B,1068,1,0.0,0,0.0,0,0.0,-1,891,250.0,39.08854145438547,724.9043,-1.598337,18.517345630236008,0.34176029962546817,63.686608,3.2049371449972455,0.16566068001190135,0,1059,0
0426A25C-3A1D-4759-AB6B-27D5F04588AC,909,3,101.0,3,1.2046204620462047,34,13.652365236523652,93,675,250.0,43.742113987845315,300.0,-2.883911,21.42248994817279,0.40154015401540155,66.0,3.649629839315182,6.613756609351369e-05,0,1059,0
B6EBB536-F394-4378-99FB-5EE0CD3D886A,12746,2,757.0,1,0.02863643495998745,707,20.245959516711125,952,96,472.0,143.30717113143604,265.1184,0.0,42.380078204287365,0.0,187.9211,-69.89854924563356,2.221906674436287,0,1059,0
1D2EA738-97F5-413A-BA15-7C99BC5120C3,12746,3,144.5,4,0.1145457398399498,223,6.385924996077201,191,535,128.0,16.2206783192262,311.5034,0.0,6.403622086682972,0.14318217479993725,24.0,5.352238347440469,0.0013419009205328015,0,1059,0
9B56DC62-22B0-46D6-9480-9DD877B4CE56,12746,3,338.0,0,0.0,0,0.0,-1,135,452.0,2.078619707158195,214.4088,0.0,8.500913426935663,0.0,0.0,13.6755935501952,-0.1853231421892884,0,1059,0
8E599CFF-1A47-4F5D-8C3D-4D9DE9F29F6C,1433,1,0.0,1,0.25471039776692256,507,129.13817166782974,831,799,209.0,28.198133903063955,246.1852,0.0,7.766068974724971,1.2735519888346127,38.788957999999994,8.867966446473083,0.012043321094132448,0,1059,0
51C9901A-7D43-453E-AF50-3B8251DA3D54,895,1,0.0,0,0.0,0,0.0,-1,781,831.0,116.3601077593553,233.7652,0.0,28.588056509454763,0.0,152.341,-25.491695741608382,0.07554818136718441,0,886,0
F240884B-62D1-45A4-93F4-EDD499BEF2A2,943,2,668.0,1,0.3870625662778367,87,33.67444326617179,404,104,1663.0,513.1100931212658,1261.672,-4.021505,275.2278553135847,0.0,846.2896999999999,190.21697869455215,-2.4753652899448397,0,1059,0
19F215C0-9EEA-489E-94E9-E5C8410E8D75,874,1,0.0,0,0.0,0,0.0,-1,760,887.0,31.645934730581214,99.308,0.0,12.116630606713574,0.0,47.336,-2.536282878729363,0.024133095535315174,0,886,1
A237E64F-3AAA-48A5-A4E6-A71866DDF30E,776,1,0.0,2,0.9407216494845361,28,13.170103092783505,718,756,661.0,154.12252867916604,478.5409,0.0,49.6047100064346,0.0,208.65192,5.348612256019123,-0.1816784623251835,0,795,0
88FBCAD3-5D91-4ACF-BEF1-4552774DC1B7,30,3,295.5,1,12.166666666666668,24,292.0,351,160,602.0,103.16931109438102,262.08,0.0,45.88244851568903,0.0,153.48,-48.30645919700447,2.2644700183819455,0,1059,0
E4F0D14F-8944-4C02-BC15-E8EC2E96B87F,1433,1,0.0,3,0.7641311933007676,622,158.4298674110258,831,743,1040.0,193.62254397512595,375.7616,0.0,32.18193642504962,0.0,234.95907999999997,32.13941667302217,0.11965493119842806,0,1059,0
B9F60663-A5FA-4DFD-8B23-69C9C962CFBD,4074,1,0.0,1,0.0895925380461463,11,0.9855179185076093,43,726,451.0,52.69645483130537,865.83,0.0,29.423318819805196,0.0895925380461463,93.94531,12.884225083818087,-0.04519210192051277,0,1059,0
329ECA34-1A6C-404D-A263-A4FE82BE2DDA,1254,1,0.0,2,0.5821371610845295,74,21.539074960127593,162,718,452.0,99.84383142849488,173.6115,-5.0,19.439187433419917,0.0,128.22652,-13.525821678494893,-0.07686238188079436,0,1059,0
30A862C5-7497-4067-8931-549953D91397,783,4,214.0,3,1.3984674329501916,192,89.50191570881226,154,71,452.0,134.2033614586815,543.8719,0.0,29.056012880932496,0.4661558109833972,163.58298000000002,4.548549805207358,-0.029988662976360665,0,795,0
758E6981-F6AE-4472-A222-EF7502F0AF06,12746,4,189.33333333333334,3,0.08590930487996234,2259,64.68970657461165,376,140,281.0,80.95278825999594,180.65,-16.19285,25.330665236388178,0.0,110.53,14.546472542473182,0.15393665084387015,0,1059,0
9F783F39-6CA6-4323-87AC-FC4F7CA6184B,843,2,7.0,3,1.298932384341637,290,125.56346381969156,724,708,832.0,182.5538877807559,661.2498,-4.788715,144.0999628132973,0.0,389.0746,68.5366543579787,-2.4051688975484056,0,984,0
AFF3BDD3-24C5-4873-9A1F-5E095330A78F,3807,1,0.0,1,0.09587601786183346,28,2.684528500131337,255,690,630.0,167.9494736950626,302.0,0.0,33.37277676539569,0.0,211.0,-11.200862583951505,0.19224412707544666,0,1059,0
EABD1DC0-2B36-4163-8546-FDA15DE785C8,5381,3,0.5,2,0.13566251626091805,38,2.577587808957443,367,669,225.999,66.6482190165606,174.679,-189.028,15.1608568307419,0.0,84.63135,-3.032323938628508,-0.27300658708844333,0,1059,0
F2B54665-CE9B-4376-9E79-3189E65F7032,6590,2,0.0,0,0.0,0,0.0,-1,662,377.0,59.682590500662556,201.9065,0.0,27.78285390870453,0.0,97.402468,-28.68409729302367,-0.030798940238937856,0,1059,0
49903CB2-EDF7-4F70-98B8-E9C744BCE113,12746,2,1.0,1,0.02863643495998745,3,0.08590930487996234,171,655,452.0,103.2661060760275,227.0,0.0,29.46725550627459,0.0,143.0,0.9457766400218901,0.4224838000118076,0,1059,0
A7D4AA4D-5547-40F0-9CEE-A67E752A87A0,12746,3,313.5,1,0.02863643495998745,9,0.25772791463988703,774,16,313.0,49.87977371719189,175.5,0.0,17.666305753177536,0.0,73.3,1.6478574558790982,0.006754817684061328,0,1059,0
DCE85A26-44E7-4A58-88F2-42C2F116CDFF,1386,1,0.0,0,0.0,0,0.0,-1,624,452.0,56.369815971396115,263.7538,0.0,30.018784520729234,0.0,96.10696999999996,9.301329527446477,0.5604706067507372,0,1059,0
13DF5815-4243-46F0-8103-8D9B28746CC4,3066,3,67.0,1,0.11904761904761904,7,0.8333333333333333,664,602,554.0,73.36169642215029,320.0,-26.9935,48.85716954569736,0.0,145.0,10.746251108713906,0.5076899640101302,0,1059,0
15E070C7-6367-4FE4-9C7E-EA228076BB92,2154,1,0.0,0,0.0,0,0.0,-1,594,0.0,127.65008027214657,1338.5,0.0,39.59763110706691,0.0,171.532,13.751753258717628,-0.01243486910606135,0,725,0
67DB43A7-C55F-4065-8527-A93E6160DE6B,2212,4,174.0,4,0.6600361663652803,61,10.065551537070524,141,35,188.0,38.269340306132776,142.0074,0.009983522,13.206709905665342,0.0,55.059712,-3.0190522976673435,0.026417509295358164,0,1059,0
A68AACA3-3F7D-43AF-9946-EE67D1A379A2,3668,1,0.0,1,0.0995092693565976,198,19.702835332606323,831,542,301.0,90.38118440497219,162.0,-35.88287,21.710524090977906,0.0,121.5,-4.1384760716388485,0.1648021532149992,0,1059,0
763B8726-F3DA-4386-A9DC-DD1ABFD5005B,1712,2,0.0,1,0.21320093457943923,353,75.25992990654206,831,532,831.0,27.32011334370629,136.8802,0.0,15.282044101085662,0.0,49.426117999999995,12.785249605599269,0.02703127034969715,0,1059,0
8DDC5086-1AC5-4E69-9E58-5B0798DF3901,3653,2,15.0,3,0.2997536271557624,148,14.787845606350945,464,521,301.0,81.66051195299617,256.2762,-3.605957,42.48591628544074,0.0,138.91278,28.665233083218396,-0.1148842959384563,0,1059,0
A3CB7B3F-267E-40FA-BC84-02F007DABDD2,12746,3,78.5,0,0.0,0,0.0,-1,363,424.0,149.54018951059516,305.83,-122.23,42.30924450782494,0.0,206.12,-40.751208029113656,-0.26257409236634294,0,1059,0
AB491B85-112D-44AC-A2B8-8AC3F712907A,3732,1,0.0,3,0.2934083601286174,203,19.853965702036444,765,477,831.0,219.8529149908847,721.7,0.0,143.35336997174014,0.0,406.4,24.949723898081345,-1.9063270842722093,0,1059,0
135779A2-0D81-4211-ADD9-341969F51C72,8729,4,69.0,4,0.16725856340932524,985,41.18742123954634,410,457,432.0,108.06836632995595,309.34,0.0,22.873419611161356,0.0,139.62,7.667260213253911,0.03444762270594122,0,1059,0
7BA18F7B-A213-4052-9481-787037F7ECE4,12746,6,121.8,2,0.0572728699199749,327,9.364114231915895,470,138,269.0,52.90008644008352,189.4,0.0,22.64254673862128,0.0,77.4,-46.43557255119463,0.3764580389440041,0,1059,0
E4ADD619-7565-47CB-86F1-6ACA2B1B7CC4,12746,7,31.0,4,0.1145457398399498,183,5.2404675976777035,330,271,289.0,36.65401608443269,200.44,0.0,19.534339741467466,0.0,63.79,-3.18477380048207,-0.034106364297408515,0,1059,0
82A393EE-D05A-402D-8465-3B3BE32802E7,7803,2,141.0,1,0.04677688068691529,187,8.747276688453159,581,441,678.0,116.95631568199451,406.3499,0.0,58.713590251665465,0.0,200.63194,41.78183868528944,0.018184766774893932,0,1059,0
71631192-5D15-4D93-9FAB-AC9917F9BC53,4658,2,1.0,3,0.23507943323314728,65,5.093387720051525,386,437,150.0,45.672438873968225,99.9804,0.0,15.475903753868273,0.0,65.076,3.10423553961202,-0.060676799079040035,0,1059,0
213BC80D-6102-4D6D-8B7A-6B9D2B84DE55,671,1,0.0,3,1.6318926974664678,144,78.33084947839046,58,438,452.0,77.90664077592547,225.9679,0.0,50.40975521409143,0.0,144.99854000000002,23.733649857407855,-0.23935991812728832,0,795,0
5DF86EBE-48A5-457C-8F61-0851605E4394,8701,2,238.0,4,0.16779680496494656,55,2.307206068268015,193,194,314.0,64.78023498230314,185.0,0.0,22.034143997035308,0.0,95.0,-11.545975723043881,0.09125360698389902,0,1059,1
E2BF7BB2-56C6-46BA-AF3A-50184DECF8B7,3444,2,272.0,4,0.4239256678281068,488,51.71893147502903,518,148,100.0,38.106310263003415,70.01427,-0.22,8.596078068574718,0.0,49.40771999999999,6.716831796410169,-0.03996176430850958,0,1059,0
DFA17F76-9611-49C6-8262-CC3BE7A37BF1,3850,2,7.0,2,0.1896103896103896,162,15.358441558441557,659,419,831.0,115.56480964770466,246.3542,0.0,33.404159597829604,0.0,158.05715999999998,-4.923220734124413,0.43732915033740183,0,1059,0
8F662221-D026-4BB2-8615-77455C45AD9F,483,2,256.0,0,0.0,0,0.0,-1,136,452.0,18.534035387846632,141.3391,-11.1,22.48200355325438,0.0,51.477523999999995,15.806891095486701,0.2251367687545781,0,1059,0
AC0839C9-0CE9-4AAC-9784-E5A103ADB818,4217,2,1.0,1,0.08655442257529049,3345,289.5245435143467,58,390,259.0,36.76674466566418,228.8226,0.0,20.542879695657877,0.0,63.75,-8.31738123973825,0.06518916087031608,0,1059,0
A834C603-B611-4CB0-8CB0-33298C75F137,2611,2,0.0,0,0.0,0,0.0,-1,372,452.0,153.849905081701,354.5573,0.0,61.85759123461533,0.0,233.1006,9.47162110525889,-0.1118676282130102,0,1059,0
4B5682E6-FE5B-4FB3-B395-BD970311A60B,4824,4,0.0,1,0.07566334991708126,14,1.0592868988391377,238,367,452.0,104.05634851123209,270.0,-27.47813,24.159371272739467,0.0,132.0,1.8603181554345838,0.01779917959683233,0,1059,0
A5194BF0-97F6-4E87-8875-7A1A3CF7F22E,3905,3,3.0,1,0.09346991037131883,18,1.6824583866837388,802,364,452.0,76.63385133274016,218.3913,0.0,35.75854987261916,0.0,124.14464,-5.252986082200039,0.06539521481777744,0,1059,0
08EB17B0-6627-4B7C-9618-BF11DE6D95C7,2412,3,32.0,0,0.0,0,0.0,-1,250,301.0,48.63780138516157,151.2,0.0,12.508454004335618,0.0,66.3,-2.0712464306862657,0.08436417352903956,0,1059,0
713C5599-A6BC-4392-A658-4006DB5B9B50,9701,2,0.0,1,0.03762498711473044,8,0.3009998969178435,312,312,295.0,85.95911891625681,234.5654,0.0,19.786060682578547,0.0,111.11,2.4183849417678687,-0.108768110946575,0,1059,0
A1FC7D15-7B15-4289-9817-CB7434B9ED25,2783,2,1.0,2,0.26230686309737694,72,9.44304707150557,582,305,452.0,73.98300955932022,205.8768,0.0,30.423493355590594,0.0,114.04708,-10.302718845431322,0.10216686670410935,0,1059,0
8FA4B4A4-0EB6-4083-8003-B209A1BDDEA2,2808,3,47.0,0,0.0,0,0.0,-1,190,150.0,48.080758649466475,120.0192,-35.70796,14.047234579674083,0.0,66.5332,-2.6968035542504296,0.12474350966862181,0,1059,0
0169A51B-10B3-4672-BA04-98689DC352F2,3549,2,344.0,0,0.0,0,0.0,-1,271,624.0,123.40235330100406,335.4211,-7.736378,73.3847952935081,0.0,220.63223999999994,-19.453985030170728,-0.5346868506761342,0,1059,0
9D6EEFAA-F031-4CFD-AD6C-BF47868D8F23,9713,3,126.5,1,0.037578503037166686,50,1.8789251518583343,463,270,301.0,105.26803955288368,234.0829,0.0,25.144845947319787,0.0,137.81,2.4485785026718645,-0.0334432068660644,0,1059,0
99260EB7-3218-433D-897E-9FA6F7362196,1889,1,0.0,2,0.3864478560084701,307,59.31974589730016,257,247,734.0,161.76277902159723,99999.0,0.05578987,445.78748174922157,0.5796717840127051,226.83798,41.52372299923613,0.023920892555697668,1,1059,0
83636987-57D4-4726-A764-982C4DF82A4A,1697,3,164.0,4,0.8603417796110784,475,102.16558632881556,107,233,602.0,81.22158077275144,180.4356,-150.9444,13.69937431669167,0.0,99.52793199999999,4.337045224162139,-0.02582653207994916,0,1059,0
755EAB3D-8720-49E6-9610-D737FDFF7467,387,1,0.0,0,0.0,0,0.0,-1,213,678.0,30.91805764862546,80.31113,0.0,16.012068138843464,0.0,50.345755,3.2605580982881186,-0.06042469824124552,0,438,0
AFF299B1-0349-45C4-9D74-9ABA3BCA105B,4453,7,19.666666666666668,3,0.24590163934426232,112,9.18032786885246,94,94,256.0,77.33578046714428,270.0,0.0,47.13865116180661,0.0819672131147541,144.0,36.87347879211498,-0.3285101498585914,0,1059,0
9DFB9A62-BA5C-47A6-93DD-FA0CE49F59FF,12746,1,0.0,2,0.0572728699199749,10,0.2863643495998745,556,170,77.0,21.342910205963605,82.43401,0.0,14.360347731014924,0.1718186097599247,42.280628,4.824938107832693,-0.12020805941335568,0,1059,0
92318A20-6162-48D2-8FF9-E096F80EC4CA,4432,4,22.666666666666668,1,0.08235559566787004,5,0.4117779783393502,409,84,301.0,61.960107701626534,174.1286,0.0,33.07383124116073,0.0,105.02439999999999,13.829945139206792,-0.2251742276982311,0,1059,0
9F234378-BB89-424B-9F5F-F8F3CA3AA034,2544,1,0.0,0,0.0,0,0.0,-1,140,250.0,62.06422604555871,152.0,0.0,19.57276697025421,0.0,91.0,-1.3987167862994525,-0.0056543903454623025,0,1059,0
472BAB2C-F259-4641-8F8E-46C47F0CB1CF,1425,3,220.0,3,0.7684210526315789,680,174.17543859649123,127,39,302.0,71.27098605686632,225.0,0.0,16.4950328214586,0.0,93.565146,13.868395522608992,-0.060927654456168163,0,1059,0
83150C52-35D0-44C9-9112-C284CF0A5784,3927,3,13.0,1,0.09294626941685766,67,6.227400050929463,545,96,831.0,107.7649690770716,227.9445,0.0,22.1022886003114,0.0,132.24014,9.090251886662955,0.4060737131166341,0,1059,0
34C2D473-F269-45FE-8525-7DA4878EE20B,147,1,0.0,0,0.0,0,0.0,-1,116,678.0,25.334743333333332,600.23,0.0,32.82049047929851,0.0,72.61276,22.12262936828704,0.032591066784433506,0,304,0
BAE54530-1896-49C6-897D-732E3D6A4D95,3724,2,677.0,2,0.19602577873254565,261,25.581364124597208,457,116,80.0,22.26396706528463,129.6846,0.0,4.010202781139587,0.49006444683136413,27.192386,1.0049835019993267,0.0015785707270451158,0,1059,0
FF9ABA08-F1C2-4CDE-88E4-71135C87F91B,10092,2,521.0,1,0.03616726119698771,109,3.9422314704716603,619,109,416.0,150.86891791148295,281.0807,0.0,41.87924125000124,0.0,198.1768,-1.4327037158039388,0.3419647062304068,0,1059,0
4C0BDC14-DD24-425C-BBFD-65BCEB0AC073,3502,2,0.0,1,0.10422615648201028,208,21.67904054825814,831,98,452.0,114.20917955620749,242.8603,0.02987746,19.598452748192898,0.0,138.22806,9.7346991490394,-0.07980605011490528,0,1059,0
F32771BC-4602-4639-A49B-CF672F1FC57A,4489,2,196.0,0,0.0,0,0.0,-1,77,804.0,187.79605047075586,397.5,-29.99943,31.79879762329994,0.0,232.5,-6.043735655941049,-0.09543016284607699,0,1059,0
75328D3F-EE47-4DFD-A2DE-AF4860737775,1441,2,1.0,2,0.5065926439972241,348,88.14712005551701,831,63,90.0,2.056108770348329,323.1117,-33.58037,2.1117204146618893,1.2664816099930605,4.0,0.49062062780259685,0.011092873319906054,0,1059,0
E81CD061-8C64-41ED-AF9E-C14F199512D7,5467,2,0.0,2,0.1335284433875983,30,2.0029266508139747,613,44,804.0,136.0665642944703,439.765,0.0,43.229353167561825,0.0,184.18298,1.8201579956531475,0.17342615723350768,0,1059,0
575C9142-8228-4CC8-907A-34C0AA53DFF2,664,2,538.0,7,3.84789156626506,960,527.710843373494,33,35,452.0,99.77444835985006,292.0,-704.6049,49.41451576959967,0.0,145.0,28.432187742001815,0.2506858299926264,0,795,0
36C742A4-0795-4B0F-A7E1-87D9DCA1F8C9,8486,1,0.0,0,0.0,0,0.0,-1,33,251.0,71.73979903113266,361.3678,0.0,13.278348833574107,0.08602403959462644,89.661946,-7.34576833900303,0.06921502118396933,0,1059,0
1CAC6153-2470-47FA-A448-30C82F04D4C4,1183,3,95.5,0,0.0,0,0.0,-1,23,452.0,104.67492875386604,238.2195,0.0,29.284994210986707,0.0,145.09944,-13.32294056559445,-0.056953989064811875,0,1059,0
976E238F-CDA8-440B-BC0F-90D22D4ECBA1,10164,3,101.5,1,0.03591105863833136,7,0.2513774104683196,897,8,156.0,26.858355736662617,239.01,0.0,6.454630241691425,0.1795552931916568,35.344558,-0.07187948543576184,0.0006470614012614463,0,1059,0
3DEE382B-B84C-4B12-88B7-0C7584E1BD7A,12746,4,240.33333333333334,2,0.0572728699199749,411,11.769574768554842,351,6,538.0,83.50380400598215,164.428,0.0,25.280549117712187,0.0,115.08484,-5.6054982366920285,-0.37045450992187,0,1059,0
E345B333-A917-4E07-B06F-69340FD89087,2359,0,0.0,1,0.15472657905892329,366,56.62992793556592,831,0,416.0,60.177146798341944,114.4351,-29.88103,15.853232207599545,0.0,80.315124,-10.170348220039486,-0.014543928302708304,0,1059,0
FB16BEB4-78CA-4B11-85AA-16C4F7B384FD,5136,0,0.0,0,0.0,0,0.0,-1,0,753.0,195.36445702949038,498.7553,-8.3,57.558063758069444,0.0,270.52038000000005,-26.916087326558312,0.5606257183515818,0,1059,0
21E6288E-F54E-4B81-A4F3-0B50E6D52145,12746,3,76.5,1,0.02863643495998745,239556,6860.029813274753,306,630,678.0,108.79248176305266,544.0449,0.0,75.63410590842582,0.0,209.34179999999998,102.18586969836709,-1.7830156967678308,0,1059,0
442DE724-EAD0-4E68-B96E-5F5071214095,4060,1,0.0,1,0.08990147783251232,304,27.330049261083744,831,771,504.0,16.375597392049222,202.6,0.0,31.652065929652927,0.0,66.2,-16.375597392049222,0.0,0,1059,0
B8A60FBD-CDC6-4EAB-88E6-E4A10168F69E,1336,1,0.0,0,0.0,0,0.0,-1,764,887.0,92.27455434180003,209.3543,-18.56,26.881972689808237,0.0,129.73418,7.860873503107371,0.04678324821356107,0,1059,0
E554C17B-1BE0-4A75-A4EC-344359693CE6,8212,1,0.0,4,0.17778860204578667,83,3.6891134924500735,659,739,489.0,107.15825399324282,348.2184,0.0,43.16028107004748,0.0,165.07399999999996,-9.098914798335414,-0.23878290473594224,0,1059,0
D930D9DF-F1CB-48D3-B922-F791DC37BDC9,722,2,85.0,1,0.5055401662049861,12,6.066481994459833,331,630,542.4,158.54069973962115,322.3049,0.0,76.19871114111903,0.0,250.64276,-30.022511555207558,0.05680711648945225,0,795,0
E8C1B437-90CA-425C-AE12-9D21EF47DB8E,12746,3,21.0,1,0.02863643495998745,126,3.6081908049584186,831,714,269.0,106.73951325418452,218.28,-35.37552,27.480889194950166,0.0,146.58,-15.67266172023389,-0.24518269044541918,0,1059,0
D3FB5DCE-F33B-4FD3-91AF-CEA0446341CF,12746,2,334.0,8,0.2290914796798996,719,20.589596736230977,354,372,138.0,27.7296480130543,193.259,0.0,5.975726604047656,0.14318217479993725,35.2,-1.514030730646894,0.1830191198513128,0,1059,0
90A13DCB-D4A2-4B76-BAA5-79CC692D6B82,6584,1,0.0,2,0.11087484811664641,387,21.454283110571083,238,666,138.0,15.542010102719207,62.94376,0.0,3.220949276265876,0.0,19.70357,1.8655297094721526,-0.0019119251112562343,0,1059,0
5CD63272-9719-4D60-84D8-2041F64F5A46,2819,3,182.0,1,0.12947853848882582,66,8.545583540262506,903,273,301.0,74.89128575220471,151.326,0.0,27.419799188367538,0.0,108.98631999999999,1.1272830032736891,0.1912726464204467,0,1059,0
E22D3F3A-FA23-47A2-8C2F-C52A5BAF8653,12746,1,0.0,2,0.0572728699199749,20,0.572728699199749,245,616,188.0,33.068713795973395,138.4107,0.0,10.125576605592045,0.0,46.254625999999995,-1.6888920413437667,0.022703424786066746,0,1059,0
5AAAA079-9B8F-4E03-8799-8BFD262DA47A,2154,1,0.0,0,0.0,0,0.0,-1,595,0.0,74.67441214010935,173.9432,-679.58,25.465330566038503,0.0,104.6888,20.76864994708201,0.2514769542495299,0,725,0
B2E9766F-804A-44A5-ACA7-AF88F98CCCC9,1435,1,0.0,2,0.5087108013937282,432,109.88153310104529,457,533,301.0,38.93263287284536,419.0932,-56.45736,22.68455185818568,1.2717770034843205,68.72066999999998,9.403641407247235,-0.025011587352510085,0,1059,0
30CB4D98-4210-4B66-AAF8-8AD83F64C821,3532,1,0.0,1,0.10334088335220837,134,13.847678369195922,903,476,831.0,206.66202264041314,715.0,0.0,132.6264130449794,0.0,381.6,16.26431995217945,-1.8347534789391644,0,1059,0
90390E04-CE6D-4CFB-9991-61729D467616,4198,1,0.0,6,0.5216769890424011,364,31.64840400190567,234,476,452.0,198.06613643974862,538.0,0.0,40.812007816395216,0.1738923296808004,252.0,15.279388251609419,-0.02606460331199625,0,1059,0
2504F7E4-B16E-4820-A3C8-990EA331CE7D,2366,1,0.0,1,0.15426880811496196,2,0.30853761622992393,131,471,452.0,109.95458968920525,283.0,-17.1,42.69812296764436,0.0,165.0,-6.812923022538584,0.03595688539498791,0,1059,0
1571A9B6-264E-4927-A936-09BC7C62B46C,4077,2,432.0,1,0.08952661270542064,196,17.547216090262445,466,36,624.0,141.86464373859883,497.7,0.0,82.25411942578461,0.0,254.8,-6.697290343537105,-0.30704534281795703,0,1059,0
542358FF-AC42-4DFB-8750-AB5B18AD23A6,6173,1,0.0,0,0.0,0,0.0,-1,468,380.0,78.3173941308188,184.1,0.0,20.746497745726536,0.0,106.4,-8.848227464152117,-0.021927832882957448,0,1059,0
55FC5510-5348-4FD2-B755-C17BB5DDE25F,12746,2,115.0,5,0.14318217479993725,126,3.6081908049584186,208,453,84.0,24.933662928549385,120.2,-164.3568,14.682619913754646,0.0572728699199749,38.8,12.084986762808636,0.02170690368720675,0,1059,0
00B6496F-EAFA-4096-B929-2089B745186C,595,2,264.0,2,1.2268907563025209,29,17.789915966386555,32,183,151.0,29.74522380927096,107.0,0.0,20.490818231485317,0.0,56.0,10.953078659864843,-0.39819182066378966,0,655,0
FD7E9A32-A7EB-4B3A-B2CB-B5EB87374171,1545,1,0.0,1,0.23624595469255666,39,9.21359223300971,738,409,1247.0,121.07007522437657,478.5198,0.009231586,55.150572218454535,0.0,194.6185,-2.6944979119645183,-0.4222113115638039,0,1059,0
9C75526F-F996-4B7C-B82F-8AB30EBC0F6F,12746,2,364.0,1,0.02863643495998745,26,0.7445473089596737,253,42,375.0,70.88314643810043,273.6572,-234.05,34.13215029166777,0.0,114.5508,14.30951515889032,-0.07203053878762532,0,1059,0
6FEFA82C-5808-4D65-B94C-14C208CA49EE,12746,1,0.0,2,0.0572728699199749,250,7.159108739996862,435,405,1370.0,435.4007879622029,871.06,0.0,120.9370562567146,0.0,607.85,-18.495544906647353,1.965113991553283,0,1059,0
A80E1052-90E2-4B3A-804C-17865D1BA07E,509,2,1.0,0,0.0,0,0.0,-1,402,678.0,83.98866688372573,300.0,0.0,69.80898729078199,0.0,114.68602,10.205653637107602,-0.05210117530236985,0,675,0
56C99268-1D8D-4C94-A10D-F12C55F78A8C,562,1,0.0,3,1.9483985765124556,7958,5168.451957295374,386,391,301.0,27.764896653243465,1391.821,0.0,28.162088836470573,3.2473309608540926,64.98528,27.85849924760529,-0.1270410772112943,0,886,0
8525D1B3-BF24-4075-AC3E-8D9DDC54BF57,6030,2,0.0,1,0.06053067993366501,20,1.2106135986733002,64,378,1386.0,332.329394043024,1002.0,0.0,136.3976447995691,0.0,513.0,-17.566083857838862,-1.7169925813890308,0,1059,0
1FACDCB4-5269-425C-BB15-58C8C0541010,5243,2,199.0,0,0.0,0,0.0,-1,156,148.0,49.2946227742546,93.78883,0.0138089,9.365240057017118,0.0,60.80995,-0.5559259447792968,-0.04941279284541562,0,1059,0
75360B96-86FA-4D7B-BFB7-431A3C4D9D0D,525,1,0.0,0,0.0,0,0.0,-1,344,603.0,94.30296882111992,506.0982,-0.6175378,105.55067387577796,0.0,261.524,68.13215539369489,1.2254067436656666,0,795,0
11922B9E-E038-4CE8-ABE1-37C22C1B28DF,4843,2,0.0,0,0.0,0,0.0,-1,273,497.0,73.04565721302541,201.0,0.0,36.96956904007763,0.0,126.0,-11.224129435247633,-0.0696281090944641,0,1059,0
218C0101-E229-4D72-80D3-15A4C3F9552B,1551,2,0.0,1,0.23533204384268214,10,2.353320438426821,949,268,452.0,108.37348505917186,261.7181,-30.61999,44.81402236411808,0.0,164.90375999999998,-19.15961664196506,0.19264299735710438,0,1059,0
A48A293C-6D20-4654-AC4F-CB3318781CF8,2737,1,0.0,0,0.0,0,0.0,-1,242,151.0,35.57981638718998,233.75,0.0,6.658848122232513,0.6667884545122397,44.0,-2.505665152622079,0.02136837881216877,0,1059,0
F9BCC417-ED7C-4E4C-AC1A-C1735F2A828E,6232,3,69.0,4,0.2342747111681643,322,18.859114249037226,417,98,158.0,27.248799963227327,81.0,0.0,14.68186020739418,0.0,48.0,9.353977814550447,-0.05145079639465397,0,1059,0
AE68AC8E-69DC-4AD3-8551-EBB9F9D71F93,12746,1,0.0,6,0.1718186097599247,397,11.368664679115017,227,221,200.0,29.040833611026226,116.8477,0.03515625,11.312781390995593,0.0,43.61719,-3.6492667425848673,-0.04630107271585084,0,1059,0
1B81C6A7-3250-408D-B086-33D52FB8FBA9,2643,2,0.0,1,0.13810064320847523,273,37.701475595913735,831,210,301.0,105.63123823019038,226.605,0.0,19.581797027664372,0.0,132.71625999999998,13.407968700365174,0.12555982253742212,0,1059,0
CA7373A4-A59E-4483-870E-E081AA484ECB,388,1,0.0,0,0.0,0,0.0,-1,208,887.0,80.21776346057524,236.6321,0.0,49.729166826972914,0.0,148.43841,-5.890123447998079,0.07730292262223705,0,438,0
2585C2EA-7C0D-4139-B72C-17F06D171433,2665,1,0.0,1,0.13696060037523453,454,62.18011257035647,831,192,1039.0,177.1829215441121,534.4375,0.1717913,113.48176711547748,0.0,337.2458,24.632819094082322,-1.2751382926010202,0,1059,0
BB0BB08A-AC4C-4A36-88A5-19B50961CE00,2544,1,0.0,0,0.0,0,0.0,-1,189,250.0,68.80663451056229,153.0,0.0,19.394429404978386,0.0,96.0,-7.3300141401919205,-0.005801184874279365,0,1059,0
E7CE180B-AFE6-4AFA-9BFD-1BA15069FE42,335,2,15.0,1,1.0895522388059702,3,3.2686567164179103,2,169,451.0,37.58914020791789,131.158,0.0,33.48856862220978,0.0,80.37045200000001,33.70451996739075,0.27604220157261106,0,550,1
2736960A-0787-412A-B145-142AD19DDEBC,5816,2,0.0,0,0.0,0,0.0,-1,168,209.0,53.625645984227155,167.61,-18.3,13.340785742871507,0.0,71.89,2.403150312069144,0.039707371280351435,0,1059,0
2B419C55-B2F6-4719-A5FA-17C2C73242FB,3997,1,0.0,1,0.09131848886664999,221,20.18138603952965,831,153,416.0,68.25198478478136,246.0,0.0,43.926193180448074,0.0,126.0,14.699867145002614,-0.6338443679279018,0,1059,0
8ED1FE13-8DE2-430D-80C1-1C4495111195,12746,1,0.0,2,0.0572728699199749,29,0.830456613839636,20,102,313.0,37.11562510260232,167.0,0.0,14.117353446092068,0.0,55.0,-5.693865843343062,-0.07079794944966632,0,1059,0
9A7C329D-C7F7-4E67-832D-F4A87B19C8AC,1254,1,0.0,1,0.29106858054226475,52,15.135566188197767,831,92,624.0,246.7068449510398,574.6124,-5.16,52.92037467642887,0.0,308.16396,-8.266111021255853,0.03641076022680216,0,1059,0
C217F203-006F-4BDA-97DF-1589479D3ABF,2464,1,0.0,1,0.1481331168831169,41,6.073457792207792,791,70,497.0,76.20413823898298,241.4,0.0,26.601738454803815,0.0,110.0,-2.7569931772545857,-0.06329433674946523,0,1059,0
5EC7437A-A15B-4E3F-A4C6-D452BC4F5234,338,1,0.0,0,0.0,0,0.0,-1,43,301.0,79.01963543038202,204.708,0.0,51.354589112116756,0.0,136.7249,36.66099014292044,0.14611299904813158,0,424,0
1BE54786-C0DB-4CC4-A60E-96CC5B590B71,6759,2,21.0,0,0.0,0,0.0,-1,0,734.0,122.22577479141358,618.18,0.0,56.051550710510384,0.0,198.0,9.298530764141958,-0.19080596369935898,0,1059,0
7A839D99-FC0A-4EE0-846C-9F9063724C66,1624,0,0.0,2,0.44950738916256155,288,64.72906403940887,75,0,301.0,124.42112069986274,219.8574,0.0,20.437362999096134,0.0,149.4939,-22.88309779477015,0.27194630386973156,0,1059,0
3EFAEA8A-BCCD-489D-BCC0-821E6C29F878,13,1,0.0,0,0.0,0,0.0,-1,7,1039.0,11.494351318243199,422.0871,0.0,42.384403065498695,0.0,36.21793,2.297983353824705,0.774134176592008,0,109,1
7B1D74D4-00DA-4932-BBF7-2D1DA8F93BE4,3941,1,0.0,1,0.09261608728749049,40,3.7046434914996196,831,764,567.0,67.728110463664,239.8,-122.4365,29.875092420203064,0.0,107.4,27.678525338805144,0.2708533746735173,0,1059,0
908B1A97-D6B7-4453-8242-B47FA006277F,5775,1,0.0,1,0.0632034632034632,110,6.9523809523809526,831,728,266.0,93.39167277298783,319.469,0.0,18.95682636393639,0.18961038961038962,120.35428,-0.34986702144462356,0.09953051314396798,0,1059,0
51670481-C0B0-43A4-BFC6-48F3FC483BF8,6590,1,0.0,0,0.0,0,0.0,-1,712,377.0,59.53367042637913,179.4144,-14.53967,27.579880300044753,0.0,96.76460399999999,-28.6986192526137,-0.030642896364123165,0,1059,0
CB3A882A-FF9C-4B39-B3B7-338BB9DF45CA,3648,2,681.0,1,0.10005482456140351,279,27.91529605263158,880,14,1039.0,229.4754200287615,410.5554,0.0,42.442410327497015,0.0,283.65522,-11.871255136786203,0.3348959121837488,0,1059,0
64C02E7F-3A0F-493B-9E0C-DB50E342A769,3482,2,62.0,0,0.0,0,0.0,-1,616,301.0,1034.5482559558857,142608400.0,-0.56,365437.7380610703,0.2096496266513498,129.90394,-942.1313853308085,-0.10022699840862011,1,1059,0
D9479808-04FE-44E0-BD50-049346B3FE38,3031,1,0.0,1,0.12042230287033982,29,3.492246783239855,745,651,250.0,62.09231648138055,211.0,0.0,20.234743780442496,0.0,88.0,-7.406976975207712,-0.06539764854377052,0,1059,0
734B1ECC-26C4-47AD-80EC-DCFF57342D09,6590,2,1.0,0,0.0,0,0.0,-1,620,377.0,60.642496008436716,205.1851,-14.82,28.19753337014779,0.0,98.94938199999999,-29.12267350442437,-0.030978546204867213,0,1059,0
162459D6-0522-437D-BAFD-0B5F027A8B79,1254,2,433.0,7,2.0374800637958534,457,133.018341307815,90,91,451.0,21.399831448560942,74.90896,0.0,6.029317281615017,0.0,29.018541999999997,-1.3884280149961299,0.08772556995483709,0,1059,0
C7E215A2-2BF2-4BD2-889F-D3F55755D736,8813,1,0.0,1,0.04141608986724157,36,1.4909792352206968,816,511,313.0,34.49857742624124,189.0,-61.58681,25.705628630007322,0.0,77.0,-16.85050643858692,0.08747839239410964,0,1059,0
300E0CEF-4D09-4BCE-BECA-E7231710793F,1816,3,20.5,0,0.0,0,0.0,-1,410,753.0,253.1310667964961,599.15,0.0,106.229480495127,0.0,394.12366,-46.491311981681264,-1.136372677479864,0,1059,0
595403C8-1F79-45B3-9ECA-FF1E3DC7CD24,513,2,72.0,5,3.557504873294347,210,149.41520467836256,292,340,452.0,60.84307512289093,144.7471,0.0,28.93778540020123,0.0,95.02760400000001,0.10537402525721973,0.1814383293993262,0,592,0
B98E9270-B97C-45C2-9351-B30785B414C4,406,1,0.0,0,0.0,0,0.0,-1,388,271.0,31.810408832912625,3996.304,0.0,24.029371601497665,0.8990147783251231,55.17349600000001,10.777630741933063,-0.05545467354170231,0,472,0
8A85296D-C193-437F-A2B8-920D5EB795AC,1743,1,0.0,0,0.0,0,0.0,-1,242,99999.0,92.5972223653805,308.1649,0.0,85.7582610984544,0.0,217.7467,-4.614135506738535,-0.5338931823633867,0,1059,0
159FC4C3-805D-4FC4-9FE2-91FF028BA0C4,4752,2,1.0,0,0.0,0,0.0,-1,238,188.0,55.17549955019142,349.94,0.01,13.909569895459487,0.15361952861952863,74.16,2.3160822399320296,0.04430121231239423,0,1059,0
71795A45-8FB3-43AF-85B9-014106A6EBDC,6705,2,6.0,0,0.0,0,0.0,-1,231,920.0,186.98165809229613,621.5515,0.0,96.0728315346473,0.0,324.0051,14.78732338918536,1.0098970837733388,0,1059,0
91E99317-F64C-499F-AD57-260034B07F09,3514,2,149.0,1,0.10387023335230505,278,28.875924871940807,831,219,301.0,107.45725336235529,181.7191,-69.07047,20.207414888707817,0.0,135.44482,13.992399331317557,0.1311812667091989,0,1059,0
F9AB7870-787C-455A-A54F-6B624F62A429,387,1,0.0,0,0.0,0,0.0,-1,212,678.0,30.64010828293342,79.72689,0.0,15.881762364669452,0.0,49.91026,3.1789031503999183,-0.06024480947285567,0,438,0
0147A16F-CD50-442E-AEDF-88FCD75E7F17,4743,1,0.0,1,0.07695551338815096,101,7.772506852203247,1052,201,128.0,14.879128512611056,697.3709,0.0,7.721402801675604,0.3847775669407548,24.0,5.978510376277834,-0.003892798836641043,0,1059,0
111998E7-9D92-4538-BDCD-0CF26438B2BD,1033,3,88.0,0,0.0,0,0.0,-1,20,415.0,80.47371297702496,310.6207,0.0,47.87823031669273,0.0,148.36924,8.446978523005896,-0.5602998001653108,0,1059,0
53349B7E-CBF8-4090-A4CB-C5DE42EDEEDD,4486,1,0.0,2,0.16272848863129738,266,21.64288898796255,598,175,326.0,61.206496880823714,769.1667,0.0,14.892556031533967,0.4068212215782434,78.74999,7.890916346028142,-0.009973511254316024,0,1059,0
2E9AD20F-FC82-4CCD-B899-1668319A610F,5844,2,1.0,2,0.12491444216290212,10,0.6245722108145106,556,171,77.0,21.27954662779679,80.53368,0.0,14.110943202896593,0.18737166324435317,41.853033999999994,4.778634531007221,-0.11933960827349654,0,1059,0
999FFCB6-B610-4C8A-98E9-7D40808E8F06,350,1,0.0,1,1.042857142857143,108,112.62857142857143,335,170,451.0,42.52549611419307,199.8729,0.0,36.547982329710294,0.0,85.76883500000001,29.405275165127925,0.2788112174113288,0,550,1
5BF57D13-AAC5-4B0D-8BCB-F2CA28DF0CB1,2136,2,0.0,4,0.6835205992509363,418,71.42790262172285,68,77,301.2,44.19276358361029,92.33346,0.0,12.90861629038967,0.0,61.16093,6.43138462799233,0.00879734581781661,0,1059,0
12D8F1DE-4A7E-4B0A-B3AC-C2F179F7F302,12746,1,0.0,2,0.0572728699199749,535,15.320492703593285,431,47,1370.0,425.05670754897665,849.27,-4.344956,117.52441128223876,0.0,593.1,-20.101324061322373,1.9274253903085132,0,1059,0
11F09D04-EA56-4B69-B391-867753EBA81D,1280,3,0.5,2,0.5703125,7,1.99609375,26,31,452.0,43.0022055457938,513.7,0.0,26.467238585369362,1.42578125,81.05211999999999,-7.659365360299965,0.3879790249271562,0,1059,0
A693AD9B-DF6E-4CB9-ADB9-720C564849BD,3759,2,0.0,1,0.0971002926310189,322,31.266294227188084,831,4,126.0,12.701432948058596,71.8894,0.0,4.762726926869311,0.0,19.35484,-0.8433947597869906,0.0679715666564833,0,1059,0
48E8BEE5-9E91-4DEA-9EE5-0C9076F210E8,2765,1,0.0,5,0.6600361663652803,198,26.1374321880651,389,3,453.0,108.05985709254234,248.739,0.0,20.376010245630805,0.0,132.43001999999998,12.359313748507049,0.3521721593577076,0,1059,0
5B4324E3-C3D5-4E29-A3DB-4F517115E5BF,12746,1,0.0,0,0.0,0,0.0,-1,805,434.0,16.19542487339694,40.40527,0.0,8.20730135127444,0.0,26.85547,1.8695213742110823,0.11635606309871326,0,1059,0
1F170920-B265-4766-B927-DAA65F95640A,7507,1,0.0,8,0.3889702943919009,472,22.94924736912215,261,794,263.0,104.96782391143037,227.0,0.0,21.251852922143538,0.0,129.4,-4.300239034887156,0.04182936965231068,0,1059,1
8D8BC86A-CDC2-4AAF-B02D-7F7A2E57C62A,4298,1,0.0,7,0.5944625407166123,260,22.08003722661703,262,786,263.0,106.13720973593556,231.8511,0.0,21.189773830908926,0.0,130.75354,-4.459782556151609,0.04141544900080871,0,1059,1
C11B57EB-0777-4FED-9325-E09683E78ACE,12746,1,0.0,1,0.02863643495998745,109,3.121371410638632,314,775,271.0,31.727061048874813,159.2473,0.0,20.546001578446358,0.0,53.2878,-20.901496736220494,0.12441259190594574,0,1059,0
9E1F64C4-AEE8-4475-B918-BD14FB11C39A,12746,1,0.0,0,0.0,0,0.0,-1,770,479.0,120.08226213524465,325.0,0.0,30.93448903115009,0.0,161.0,0.06357119808868106,-0.048583615718568576,0,1059,0
0FD2461E-3677-456B-A2E9-02C8FD481D42,8486,1,0.0,1,0.04301201979731322,124,5.33349045486684,831,735,251.0,69.10111763880043,520.4246,0.0,13.892477144796128,0.08602403959462644,88.0,4.087400879718089,0.11576444051156631,0,1059,0
216F6E5D-E258-4CEA-A712-898B2A85FF8D,12746,1,0.0,0,0.0,0,0.0,-1,707,151.0,24.352078382921718,117.2801,0.0,7.856542753821834,0.0,35.0,-1.5316308520575213,-0.048383716782617256,0,1059,0
0FE81E09-8393-4AAA-8E75-909048EBD2B7,4143,1,0.0,0,0.0,0,0.0,-1,705,188.0,55.21120706297977,109.73,0.0,13.587661165082991,0.0,73.9,2.3029403135634468,0.04359319566196186,0,1059,0
98A6B2E8-599B-4D17-B4E7-A425AAA0622D,605,2,18.0,0,0.0,0,0.0,-1,571,301.0,67.41179063617797,255.1001,0.0,37.862276580951004,0.0,111.57828,10.837575224994865,0.14593045326491985,0,655,1
C11B0376-0E4D-4DBF-9760-495F7B34A162,749,1,0.0,2,0.9746328437917222,808,393.7516688918558,702,582,416.0,74.99682573286836,227.9,-102.0024,33.00722820742038,0.0,120.3,8.799794637502004,0.07480053550270462,0,759,0
7D6DCE0E-F19E-4098-8F2A-6011DE6DD9A0,8327,1,0.0,0,0.0,0,0.0,-1,569,377.0,116.81713140384275,301.68,-10.11829,45.895674844263674,0.0,177.84,20.63027600356466,-0.1725932694023999,0,1059,0
A7A859FB-3644-4B4C-AD52-F0FE7FCDAF51,6291,1,0.0,0,0.0,0,0.0,-1,547,269.0,94.89859861337474,2049.0,0.0,28.4533447001119,0.3481163567000477,125.50413999999999,-5.37531579076672,-0.09577084262303524,0,1059,0
26CAD814-DEA7-4F53-9C05-9773CBB71794,9044,1,0.0,1,0.04035824856258293,25,1.0089562140645731,492,510,407.0,118.84568480448101,308.21,-281.16,47.38582740012241,0.0,181.5,21.946692510333804,-0.17796553243898944,0,1059,0
690D4FD0-C958-4078-B99D-B805ABC80E41,12746,1,0.0,0,0.0,0,0.0,-1,455,314.0,43.7639509610144,209.0,-9.84,19.110130280837716,0.0,69.0,-5.665031207927981,0.18203310422408764,0,1059,0
9C6ABA26-3BA6-453C-89DA-225A58494EF5,518,1,0.0,3,2.113899613899614,256,180.3861003861004,157,386,452.0,19.2017710289397,98.68127,0.0,24.72280441153451,0.0,57.775627,25.98215910686277,-0.05799743137589022,0,592,0
90C243BA-1C52-45AB-926F-F3E63FF62CA0,4148,1,0.0,4,0.351976856316297,125,10.999276759884282,685,368,200.0,26.42538439342163,71.99097,-119.6059,12.627175262510649,0.0,44.98291,0.5774517075814565,-0.15795901309990082,0,1059,0
1C1B9269-2936-4198-8FEF-0FE212124956,386,1,0.0,0,0.0,0,0.0,-1,343,226.0,19.610374054250755,101.0,0.0,14.733870973931092,0.0,36.0,-1.8757289925223617,0.003128701302841331,0,459,0
0A7E9711-8C7E-416A-869D-15FA72B625AD,8717,1,0.0,2,0.08374440747963749,7,0.29310542617873125,621,338,739.0,118.53086324551671,404.425,0.0,73.71821625092885,0.0,220.44253999999998,-60.55342587128832,-0.007373832218139879,0,1059,0
5836278A-6DCF-42EB-A8D2-0BAED33170E4,756,1,0.0,0,0.0,0,0.0,-1,288,301.0,1.5619360518985252,66.71906,-44.4,9.087153202544656,0.0,0.0,3.2065613624533262,-0.04249809134015848,0,886,1
7F2D0DE9-09B2-4EE4-8837-EDF731C415C9,328,1,0.0,0,0.0,0,0.0,-1,204,99999.0,22.474791265253693,122.0,0.0,31.956231588948985,0.0,73.0,-22.474791265253693,0.0,0,347,0
6E3DB6AC-1E72-4DB6-B940-27E796AEE9EB,193,1,0.0,0,0.0,0,0.0,-1,28,887.0,77.80820880404153,600.23,0.0,71.12232368623675,0.0,173.233,66.94411895521773,-0.40353659118083424,0,312,0
13A0A4DE-FF1C-416E-B3D0-1D93EFC3779F,5808,1,0.0,0,0.0,0,0.0,-1,4,961.0,288.93439292743307,594.0699,-17.97813,72.38957452972794,0.0,376.7261,-13.917605010766408,-0.7284082907586437,0,1059,0
3996F15A-47A7-465D-BFB8-20FCC40CC39E,1139,0,0.0,0,0.0,0,0.0,-1,0,453.0,7.129393919769908,55.69553,0.0,3.730228837427942,0.0,11.412935999999998,-0.23110641143657507,0.023216222686265782,0,1059,0
