Período (dias),Total Equipamentos,Falhas,% Falhas
30,1559,50,3.207184092366902
35,1559,70,4.490057729313662
40,1559,79,5.067350865939705
45,1559,97,6.221937139191789
50,1559,107,6.8633739576651696
55,1559,114,7.312379730596537
60,1559,121,7.761385503527903
65,1559,125,8.017960230917256
70,1559,132,8.46696600384862
75,1559,146,9.364977549711353
80,1559,155,9.942270686337395
85,1559,169,10.840282232200128
90,1559,180,11.545862732520847
